11.800000504 12.008651
10.1 10.100627
12.699997654 12.120146
11.200000128 11.2146
11.1 10.915692
12.599996932 12.327919
11.800000504 11.732229
11.800000504 12.076589
11.300000237 11.429758
11.1 11.04158
12.351811973 12.38583
11.300000237 12.003582
11.200000128 11.23181
12.499996913 12.528814
12.599996932 12.384851
11.200000128 11.283665
11.900000875 12.1732025
13.685026652 13.9965105
11.200000128 11.210495
11.200000128 11.220642
11.665431096 10.86663
12.799991797 11.923311
11.699999383 11.789334
10.798970004 10.479535
11.200000128 11.510693
11.200000128 11.173525
13.972057163 12.644846
11.599999679 12.823187
9.401029995999998 9.445728
12.1 12.204696
11.900000875 11.8812
11.500000186 11.438021
12.499996913 12.623005
11.900000875 11.9533615
11.1 11.073212
11.1 11.163437
11.500000186 11.916196
14.1 13.342629
11.300000237 11.824865
11.300000237 11.523782
13.1 13.42773
11.400000202 11.77341
11.500000186 11.578899
12.599996932 12.465043
12.543697499 12.483624
11.300000237 11.580595
11.1 11.201184
12.899998135 11.879687
12.199999035 11.890791
11.699999383 11.827354
11.300000237 11.279624
11.900000875 11.9282465
11.1 11.186893
11.599999679 11.627186
11.1 11.213371
11.999998417 12.104607
11.599999679 11.603378
11.900000875 11.9641905
13.608638306 13.848339
13.344125144 12.426853
11.200000128 11.141827
11.1 11.099171
10.622878745 10.710864
12.699997654 12.010691
11.900000875 11.800592
11.999998417 11.668608
13.99997427 13.274167
12.499996913 12.262373
11.999998417 11.970748
10.900000053 10.630462
11.999998417 12.131895
11.699999383 11.957109
11.200000128 11.189375
11.800000504 11.812033
11.300000237 11.293461
11.699999383 11.774939
11.900000875 11.9260645
12.087162775 12.17775
11.1 11.117645
13.299970641 12.806837
11.500000186 11.43045
11.900000875 11.58274
12.299998172 12.151068
13.200015437 11.141036
13.091399828 12.589916
11.800000504 11.831496
12.199999035 11.161171
12.293820026 12.696661
11.700000091 11.854946
11.1 10.9838505
11.800000504 11.67012
12.599997284 12.458882
11.200000128 11.585923
11.200000128 11.236927
11.200000128 11.27624
11.200000128 11.322709
11.400000202 11.389655
11.200000128 11.135981
12.199999035 12.188215
11.200000128 11.32345
12.899998135 12.283338
11.200000128 11.295847
11.900000875 11.890324
11.900000875 11.862892
14.200179498 11.712127
11.800000504 11.797337
11.599999679 11.84462
11.699999383 11.754431
11.300000237 11.4345875
11.200000128 11.517353
11.300000237 11.243552
11.200000128 11.361094
11.400000202 11.418589
11.900000875 12.37822
14.401029996 14.151158
11.300000237 11.404261
10.1 10.340651
11.900000875 11.865824
11.400000202 11.342161
13.699980365 12.216354
10.58148606 11.2465515
11.500000186 11.636089
11.599999679 11.617634
11.400000202 11.669563
15.268920322 14.1434555
12.199999035 12.590112
11.500000186 11.726135
11.900000875 11.92327
11.699999383 11.762048
11.200000128 11.249018
11.800000504 12.06079
12.1 11.839465
12.299998172 12.491056
10.702059991 10.667555
11.900000875 12.037571
11.900000875 11.943178
11.300000237 11.517822
11.300000237 11.460868
11.699999383 11.723539
13.167756326 12.988825
11.699999383 11.702086
11.900000875 11.534316
11.999998417 11.938591
10.869551079 10.160321
12.399997603 12.238253
11.699999383 11.759116
13.399988938 12.46237
11.900000875 11.7241335
11.200000128 11.254368
11.200000128 11.287797
11.1 11.099085
11.500000186 11.505133
11.1 11.1667
10.1 10.429047
11.200000128 11.264305
13.000008766 13.176089
14.1 13.637125
11.699999383 12.006251
11.300000237 11.38031
10.1 10.987216
12.685026652 12.262779
12.1 11.883334
11.1 11.235653
11.500000186 11.542255
11.078810700999998 11.093147
11.999998417 12.169807
10.497940009 10.490864
11.500000186 11.526164
12.901632346 12.445219
11.400000202 11.517387
11.200000128 11.202907
10.401029995999998 10.229227
11.543697499 11.91114
12.499996913 12.343136
11.699999383 12.019756
11.699999383 11.710093
12.299998172 12.289046
11.500000186 11.532972
11.1 11.324544
11.200000128 11.178629
14.1 14.006582
11.999998417 11.834457
11.900000875 11.989294
12.738272164 12.650698
11.699999383 11.925383
10.798970004 10.956689
13.1 12.648411
11.500000186 11.28451
11.999998417 12.175664
11.400000202 11.514615
11.1 11.436197
11.1 11.144842
11.800000504 11.439781
12.19511456 11.52561
11.200000128 11.177803
11.999998417 11.929868
11.900000875 12.020207
9.702059991 10.49478
11.800000504 11.731325
11.999998417 11.874242
11.500000186 11.863416
11.400000202 11.3594885
12.899998135 12.360738
12.199999035 12.061054
11.400000202 11.584497
11.300000237 11.358088
11.300000237 11.360134
12.599996932 11.546612
13.1 12.484764
11.300000237 11.478962
12.1 12.246362
12.461727836 12.212424
12.899998135 12.047194
13.899970733 13.250777
9.798970004 10.121436
11.999998417 12.1547165
10.895880017 10.983036
12.499996913 12.098808
11.699999383 11.747068
11.900000875 11.85008
10.1 10.154459
13.399988938 13.415463
11.200000128 11.668986
11.900000875 11.920179
11.1 11.320041
11.1 11.20606
11.900000875 11.904111
12.1 11.917879
11.400000202 11.4156685
12.199999035 11.490641
11.500000186 11.475084
10.1 9.948148
11.800000504 11.947748
11.699999383 11.730648
11.622878745 11.6551285
10.992790029999998 11.557464
12.599996932 11.789928
11.500000186 11.524181
11.1 11.631303
11.200000128 11.22013
11.900000875 11.910191
10.400000029 10.278477
12.1 12.522503
11.500000186 11.564911
11.599999679 11.697107
11.800000504 11.659248
12.699997654 12.41486
11.800000504 11.792121
11.555931956 11.509029
12.199999035 12.734858
11.900000875 11.823857
11.1 11.155108
11.500000186 11.774986
11.599999679 11.63474
11.900000875 12.451803
11.300000237 11.3557
12.685026652 12.700289
11.300000237 11.285134
11.900000875 11.819301
10.497940009 10.519869
11.1 11.111931
11.900000875 11.857425
12.1 12.101891
11.1 11.304675
11.500000186 11.504051
10.798970004 10.762056
11.800000504 11.85011
12.599996932 12.044201
11.300000237 11.399898
11.699999383 11.73571
11.400000202 11.720526
11.200000119 11.213901
11.300000237 11.264653
11.300000237 11.408155
10.702059991 10.708037
11.861953897 10.903835
11.900000875 11.911829
11.1 11.185612
12.299998172 12.214287
11.200000128 11.498787
10.702059991 10.772078
11.200000128 11.31346
12.1 11.911578
11.500000186 11.605882
12.399997603 12.158194
14.299970641 12.016899
11.300000237 11.316645
11.200000128 11.330078
12.799991797 13.204863
11.200000128 11.252486
12.1 11.976667
11.800000504 11.776878
11.300000237 11.392258
12.199999035 11.970181
13.899970733 13.646685
11.699999383 11.678682
14.738272164 14.324535
11.900000875 11.499702
11.900000875 11.703993
11.300000237 11.574679
11.300000237 11.337386
11.200000128 11.433359
11.200000128 11.195543
11.599999679 11.677512
11.900000875 12.180377
11.400000202 11.556309
11.500000186 11.092453
12.1 11.949781
11.200000128 11.211465
11.300000237 11.414786
11.1 11.22232
11.999998417 11.559937
10.531798276 10.940277
11.1 11.161757
11.99279003 11.224314
11.900000875 12.200529
14.299970641 13.499559
11.500000186 11.508362
11.900000875 11.93225
11.300000237 11.143549
11.500000186 11.40395
13.864471553 13.523958
14.118106086 12.930481
11.599999679 11.767471
11.900000875 11.940851
11.500000186 11.476238
11.200000128 11.268572
11.300000237 11.442357
10.622878745 10.755121
11.800000504 11.94945
12.798970004 12.5105
11.999998417 11.744662
11.1 11.099899
11.200000128 11.104879
11.900000875 11.924484
11.1 11.129013
11.300000237 11.38108
11.1 11.280567
12.499996913 12.317976
11.999998417 12.044073
12.299998172 12.7555275
11.1 11.131943
11.900000875 11.885492
11.999998417 12.036141
14.1 12.893979
13.600038134 12.51971
10.1 10.837006
12.799991797 11.795043
11.300000237 11.470981
11.699999383 12.116655
10.622878745 11.320675
11.1 11.081694
10.1 11.058957
12.299998172 12.3423195
11.1 11.178276
13.1 12.978958
11.900000875 11.855692
11.1 11.107132
11.500000186 11.64132
13.200015437 12.970009
11.999998417 12.792957
11.300000237 11.170408
11.500000186 11.55457
11.300000237 11.828972
12.199999035 12.411725
11.900000875 12.047773
10.1 10.955296
12.299998172 13.378507
11.400000202 11.410792
10.622878745 10.674238
11.999998417 12.119871
11.200000128 11.336765
11.400000202 11.675782
14.299970641 14.05582
11.200000128 11.139672
11.800000504 11.790653
10.622878745 11.447369
11.500000186 11.690232
12.199999035 11.968454
10.224938737 10.32741
11.699999383 12.391911
12.399997603 12.745026
11.999998417 11.916034
10.401029995999998 10.54668
11.800000504 11.965693
11.200000128 11.407982
11.200000128 11.21893
12.300659451 12.495873
11.699999383 11.8584795
12.299998172 11.148132
11.1 11.097883
11.300000237 11.011438
14.497940009 13.886394
11.1 11.45322
11.400000202 11.392441
11.699999383 11.51822
10.1 10.590601
11.300000237 11.465796
11.1 11.265814
11.699999383 11.657407
12.699997654 12.63842
11.1 11.500243
11.900000875 12.014078
13.923908741 12.506179
13.200015437 11.742233
13.8000571 12.83123
11.400000202 11.651543
12.1 12.080232
10.520216403 10.569428
11.108773924 11.144499
11.500000186 11.45883
11.200000128 11.3071165
13.1 12.664906
12.199999035 12.494003
11.999998417 11.762902
13.99997427 13.054592
11.999998417 12.375585
12.499996913 12.106007
11.900000875 12.425859
11.999998417 12.13231
11.1 11.344896
11.200000128 11.2065525
11.300000237 11.414917
12.599996932 11.936719
11.200000128 11.299822
11.900000875 11.94407
11.999998417 11.954313
11.500000186 11.584335
13.699980365 13.479885
12.499996913 12.488098
11.500000186 11.51057
11.699999383 11.692643
11.599999679 11.55433
12.448721986 11.728683
11.300000237 11.38628
11.196910013 11.935216
11.699999383 11.300524
11.500000186 11.589314
11.900000875 12.48658
11.200000128 11.204508
11.800000504 12.060525
11.1 11.132671
11.699999383 11.575848
11.599999679 11.527541
12.799991797 12.391894
11.800000504 11.802433
11.200000128 11.7853565
11.900000875 11.8626375
11.200000128 11.24465
11.999998417 11.739346
11.599999679 12.889072
11.599999679 11.502392
11.500000186 11.523819
11.699999383 11.736053
11.1 11.208387
11.1 11.906169
11.900000875 11.459309
11.1 11.193447
11.900000875 11.882954
11.200000128 11.388604
11.599999679 11.633801
11.300000237 11.119903
11.800000504 12.353252
11.900000875 11.794027
11.300000237 11.442954
13.020818754 12.418044
10.1 10.188351
9.702059991 9.651734
11.1 11.048491
11.1 11.093206
12.199999035 11.984673
11.699999383 11.490266
11.300000237 11.346668
11.800000504 11.835373
11.500000186 11.791951
12.399997603 11.667975
11.200000128 11.361294
11.999998417 11.930875
11.200000128 11.22278
12.953871964 12.681697
11.599999679 11.5723915
12.113436073 11.750612
11.300000237 11.600193
14.1 12.567128
10.1 10.846871
11.200000128 11.441317
11.500000186 11.314656
12.1 12.254521
11.599999679 11.553106
11.200000128 11.269559
11.699999383 11.835711
11.999998417 11.747541
11.1 11.203317
11.999998417 11.840042
11.1 11.257526
11.400000202 11.459433
11.640607512 11.983009
11.900000875 11.845152
11.300000237 11.660162
11.699999383 11.705103
11.200000128 11.277503
11.1 11.111372
12.699997654 12.490494
11.500000186 11.692592
10.622878745 10.560147
11.999998417 11.914199
11.1 11.660355
11.500000186 11.246233
11.543697499 11.373902
11.500000186 11.534719
11.800000504 11.496431
11.300000237 11.3277
10.652841969 11.097946
11.200000128 11.396713
13.699980365 13.079806
10.401029995999998 11.488456
10.798970004 10.991951
12.399997603 11.619335
11.500000186 11.613976
11.200000128 11.224249
11.500000186 11.430337
10.1 10.809513
11.800000504 11.759187
11.699999383 11.91841
11.500000186 11.465242
11.699999383 11.981369
11.200000128 11.126771
11.1 10.768381
11.500000186 11.530934
10.702059991 10.728159
11.1 11.106155
11.1 11.191271
11.300000237 11.479832
11.200000128 11.221189
11.599999679 11.439396
11.699999383 11.709375
11.800000504 11.572272
11.1 11.112617
11.800000504 11.753355
10.702059991 10.660965
11.900000875 12.608585
10.798970004 11.242395
11.400000202 11.369574
12.1 12.122076
11.200000128 11.28578
11.500000186 11.477335
11.1 11.199978
11.500000186 11.563968
11.999998417 12.070641
12.777780705 11.960284
11.699999383 11.750788
11.1 11.273388
11.800000504 12.387505
11.699999383 11.770831
11.200000128 11.225529
12.1 12.442631
11.999998417 11.991853
12.499996913 12.104603
12.599996932 12.022067
11.400000202 11.508852
12.1 11.803133
12.299998172 11.83182
11.800000504 11.977242
11.500000186 11.521501
13.117728767 13.218478
11.800000504 11.828149
12.1 12.043957
11.200000128 11.223152
13.399988938 11.750459
11.200000128 11.379304
11.500000186 11.57316
11.200000128 11.276002
9.798970004 10.21842
11.300000237 11.417549
11.300000237 11.630608
11.699999383 11.639795
11.699999383 11.9176855
11.900000875 12.223706
11.200000128 11.19474
11.699999383 11.860451
11.179354999 11.414444
11.800000504 12.118168
11.900000875 11.818056
12.079303657 11.708787
11.300000237 11.757448
11.400000202 11.395982
11.235985523 11.433528
11.1 11.115072
11.300000237 11.178963
11.1 11.073408
11.200000128 11.413131
11.821246399 11.623419
11.900000875 11.820978
12.299998172 12.695738
11.999998417 11.644933
11.900000875 11.992079
11.1 11.483892
11.1 11.250856
11.145275209 11.012362
11.400000202 11.4290695
11.200000128 11.151018
14.1 13.867583
10.700000074999998 11.168829
11.699999383 11.657067
12.199999035 12.063999
11.400000202 11.350844
11.800000504 11.693554
11.599999679 11.529186
11.800000504 11.786965
12.699997654 12.669476
11.300000237 11.266428
11.699999383 11.56737
14.351262014 13.973472
10.499999968 10.642843
12.058607315 12.057678
11.200000128 11.31799
11.300000237 11.307041
11.699999383 12.004925
11.300000237 11.654211
11.200000128 11.196979
11.400000202 11.4091
11.1 11.224087
11.800000504 11.852907
12.799991797 12.239553
11.699999383 11.699179
11.300000237 11.340011
13.103601187 12.515898
11.500000186 11.4681
11.1 11.119322
10.1 10.096701
11.1 11.27008
12.599996932 11.91792
12.499996913 12.03539
11.999998417 12.024012
11.699999383 11.703391
11.500000186 11.474142
11.1 11.192846
11.300000237 11.320044
11.800000504 11.744099
11.800000504 11.380884
11.1 11.216011
12.599996932 12.211617
11.999998417 12.038939
12.1 11.804036
11.900000875 12.075655
10.497940009 10.774039
11.900000875 11.938982
11.599999679 11.3321
11.900000875 11.944437
10.437242168 11.282579
11.200000128 11.260646
12.1 12.329504
11.699999383 11.887307
11.500000186 11.830173
10.1 10.137137
11.300000237 11.321513
11.800000504 12.098632
10.300000031 10.675599
11.1 11.0812025
11.1 11.168486
10.900000053 12.457901
11.900000875 11.89983
14.700326279 14.676632
12.199999035 12.075307
15.1 15.315514
11.300000237 11.379188
11.900000875 12.209209
11.500000186 11.654964
11.953871964 12.832389
9.401029995999998 9.488964
11.200000128 11.296735
11.200000128 11.187384
14.58148606 13.001503
11.1 11.402523
11.900000875 11.805415
11.500000186 11.782068
11.200000128 11.299526
11.599999679 11.653428
11.800000504 11.79294
11.108773924 11.170555
11.599999679 11.448459
11.699999383 11.732447
11.300000237 11.798571
14.299970641 13.958624
13.200015437 11.723417
11.200000128 11.5737295
11.200000128 11.304476
12.508935393 12.09212
11.599999679 11.735586
11.599999679 11.71186
13.953871964 13.990052
14.1 14.020343
12.799998457 12.539352
13.299970641 15.096534
11.500000186 11.741145
11.300000237 11.508629
11.058607315 11.215165
11.300000237 11.53307
11.699999383 12.027693
11.1 11.633523
10.769951675 10.903251
11.1 11.115933
11.699999383 11.695879
11.900000875 11.898527
11.599999679 11.970905
11.800000504 11.824268
12.299998172 12.038274
11.200000128 11.581356
11.800000504 11.863619
12.299998172 11.785263
13.000008766 11.970653
11.500000186 11.910055
11.300000237 11.433104
11.200000128 11.251902
13.899970733 13.362734
11.200000128 11.190561
11.999998417 11.946889
11.1 11.155689
11.300000237 11.316931
11.699999383 11.736857
11.300000237 11.423954
10.702059991 10.915741
12.799991797 12.413544
14.700326279 14.906823
11.500000186 11.790457
11.699999383 12.122522
12.799991797 12.31389
12.1 12.062015
11.1 11.041262
11.900000875 11.429107
11.699999383 11.790057
11.900000875 11.940395
12.499996913 12.295472
12.074694135 12.102626
11.1 11.09737
12.199999035 11.6656885
12.499996913 11.941519
12.499996913 12.059054
11.900000875 11.998297
11.500000186 11.612547
11.1 11.123833
11.900000875 12.202592
11.200000128 11.199476
11.300000237 11.710506
11.200000128 11.495266
11.500000186 11.778033
11.500000186 11.638623
12.199999035 14.362499
11.200000128 11.456972
11.599999679 11.567534
11.800000504 12.568151
13.600038134 12.613848
11.1 11.510876
12.399997603 12.438096
10.738272164 10.194523
11.300000237 11.306582
11.300000237 11.516272
11.1 11.068354
11.599999679 11.3098755
11.200000128 11.439542
11.391998429 11.4155655
12.1 11.767119
11.999998417 12.441472
13.600038134 13.316225
11.200000128 11.19164
11.1 11.31007
10.401029995999998 10.194523
12.499996913 12.314391
11.1 11.389219
11.900000875 11.946838
11.1 11.195221
11.500000186 11.723492
11.300000237 11.393466
11.599999679 11.593277
11.200000128 11.323308
11.900000875 11.935308
11.757577319 12.189369
11.300000237 11.186994
11.599999679 11.962244
11.999998417 11.770147
11.300000237 11.437709
10.401029995999998 10.513966
11.1 11.760624
12.299998172 11.3656025
11.800000504 11.854167
11.300000237 11.8604765
11.200000128 11.184326
12.1 12.03685
11.1 11.035049
11.200000128 11.17388
11.999998417 12.020804
13.500007822 13.012283
11.200000128 11.485602
12.799991797 12.942557
11.200000128 11.3527355
11.900000875 11.930403
11.1 11.109392
11.1 11.111203
11.500000186 11.437851
11.599999679 11.45193
12.199999035 12.4036875
11.400000202 11.319788
10.401029995999998 10.71062
12.1 11.982394
11.200000128 11.217826
11.200000128 11.1708145
11.200000128 11.23909
11.500000186 11.677823
11.599999679 11.600979
10.497940009 10.583193
12.199999035 12.257745
11.200000128 11.21521
12.1 12.102008
11.500000186 11.8083515
11.1 11.197149
11.800000504 11.980278
11.450000252 11.554198
11.200000128 11.205981
11.500000186 11.322567
13.186186148 12.616142
11.900000875 11.657246
11.800000504 11.83442
11.1 11.213673
13.035542011 12.865622
10.499999968 10.273075
11.200000128 11.254957
11.200000128 11.272381
11.900000875 11.791084
11.699999383 11.64755
10.200000019 10.448471
11.500000186 11.485932
11.999998417 11.907225
11.500000186 11.579732
11.380575548 11.424357
11.300000237 11.66486
11.1 11.218625
13.200015437 12.951091
11.200000128 11.213095
11.500000186 11.709273
11.800000504 12.069597
11.200000128 11.868682
10.200000019 10.285619
11.300000237 11.4014
12.953871964 13.0262165
11.300000237 11.539532
11.599999679 11.953775
11.500000186 11.557253
11.400000202 11.414213
11.900000875 11.840501
11.1 11.291268
11.699999383 11.835943
10.1 10.109562
11.500000186 11.413286
12.1 11.969038
11.800000504 11.989795
11.900000875 11.505652
13.1 12.492744
12.599996932 11.408865
13.299970641 12.598296
11.599999679 12.498072
14.600312917 13.734621
11.1 11.190858
11.900000875 11.89741
14.200179498 13.817065
11.999998417 11.965164
11.1 11.152591
10.1 10.223316
10.200000019 10.598429
11.999998417 11.9860325
11.400000202 11.367539
11.400000202 11.345313
11.500000186 11.645315
13.699980365 12.847435
11.200000128 11.328812
11.500000186 11.218594
11.500000186 11.730146
10.622878745 11.606443
11.999998417 12.284985
11.800000504 11.743438
11.500000186 11.529427
11.374088368 11.439711
11.900000875 11.850457
11.1 11.447906
11.200000128 11.152813
11.200000128 11.310264
11.500000186 11.361395
11.699999383 11.914892
11.999998417 11.580128
11.1 11.0646305
11.200000128 11.361286
11.300000237 11.358801
11.400000202 11.635286
11.200000128 11.108296
11.400000202 11.394407
11.200000128 11.361481
11.200000128 11.264534
11.800000504 11.539047
11.200000128 11.172666
11.200000128 11.709421
11.900000875 11.89498
11.300000237 11.415354
11.1 11.058664
11.900000875 11.378406
13.899970733 13.122258
11.500000186 11.686655
11.699999383 12.076055
14.200179498 13.660759
11.200000128 11.303515
11.699999383 11.696933
12.499996913 12.545275
12.1 11.867216
11.900000875 11.967529
13.202372909 12.523749
11.300000237 11.243275
10.1 10.153404
14.600312917 13.719651
11.200000128 11.2329445
12.499996913 12.399259
11.599999679 11.365404
11.300000237 11.518778
11.103488328 10.998534
11.1 11.314047
11.300000237 11.44721
11.1 11.147459
11.699999383 12.031751
12.599996932 12.95237
13.446787486 11.456821
11.900000875 11.96077
11.599999679 11.560959
13.1 12.519633
11.200000128 11.329781
12.899998135 12.623292
11.500000186 11.440524
10.622878745 10.53005
12.399997603 12.921711
9.401029995999998 9.564426
11.1 11.102745
11.273925197 11.725695
11.923908741 12.288114
11.300000237 11.250994
9.893174124 9.977158
11.300000237 11.440343
11.497940009 11.968473
11.699999383 11.75564
11.900000875 11.862625
14.500116928 13.345861
11.1 11.230269
11.043335081 11.066079
12.399997603 11.952448
11.300000237 11.486797
11.599999679 11.517239
12.499996913 12.357954
13.000008766 13.208866
12.499996913 12.350016
11.500000186 11.519031
11.999998417 11.8090725
11.400000202 11.470921
11.1 11.552478
11.953871964 11.848878
11.200000128 11.22777
11.500000186 11.369808
11.1 11.152589
11.1 11.075474
11.200000128 11.202925
11.699999383 11.685529
11.300000237 11.777982
11.999998417 12.013572
12.699997654 12.032358
14.953871964 14.686722
11.200000128 11.306937
11.900000875 11.609098
11.900000875 11.85285
11.900000875 11.959627
11.1 11.107723
10.1 10.233905
12.699997654 12.448392
11.300000237 11.589112
11.1 11.091272
11.200000128 11.260697
11.999998417 11.94231
9.47675071 10.128809
11.1 11.474456
11.300000237 11.3051
12.899998135 12.49258
11.699999383 11.620548
11.599999679 11.651667
11.400000202 11.372406
11.699999383 11.708832
11.699999383 11.762844
11.900000875 11.951677
11.500000186 11.424526
11.800000504 12.013758
13.500007822 12.942675
11.500000186 11.533119
11.900000875 11.86088
11.800000504 11.773021
11.200000128 11.323214
11.400000202 11.454824
11.1 11.183306
11.300000237 11.787465
11.200000128 11.186588
10.401029995999998 10.63446
11.599999679 11.935153
11.200000128 11.218724
11.1 11.364098
11.900000875 12.002123
11.213943352 11.215722
12.199999035 12.291569
11.200000128 11.144917
11.300000237 11.361167
11.599999679 12.023099
11.400000202 11.608931
11.699999383 11.622309
11.200000128 11.492348
11.900000875 11.85062
11.699999383 11.494683
11.699999383 11.894619
11.300000237 11.314766
11.599999679 11.526873
12.699997654 11.961636
11.200000128 11.312222
13.000008766 13.417375
11.300000237 11.625214
11.1 11.657332
11.999998417 11.947328
11.1 11.71522
11.999998417 11.645095
11.800000504 11.842854
11.599999679 11.4798
11.1 11.361153
11.900000875 11.9764185
11.400000202 11.447678
11.300000237 11.287202
11.500000186 11.455926
11.900000875 11.913736
11.300000237 11.335976
12.699997654 11.607369
11.699999383 11.97208
11.1 11.229467
12.499996913 12.248401
11.900000875 11.910667
11.800000504 12.201457
11.400000202 11.496339
11.699999383 11.731796
11.500000186 11.693715
11.200000128 11.373419
12.854487332 12.111412
11.800000504 11.814512
11.800000504 11.847436
11.1 11.585265
11.953871964 12.269667
12.1 12.66991
11.900000875 11.834732
11.800000504 11.870286
11.900000875 11.567774
13.000008766 12.939628
11.400000202 11.5029335
11.599999679 11.649841
11.1 11.26414
11.1 11.304498
11.400000202 11.366194
11.500000186 11.537671
11.699999383 11.301928
11.213943352 11.095856
11.401029996 11.061428
11.1 11.125574
11.500000186 12.1643095
11.699999383 11.74812
12.499996913 12.364103
11.999998417 12.473109
10.401029995999998 10.700807
11.300000237 11.387307
11.900000875 11.474776
10.702059991 10.697432
11.400000202 11.648511
11.200000128 11.253929
11.999998417 11.545401
11.1 11.237637
12.899998135 12.444741
11.699999383 11.723058
11.800000504 11.758852
11.1 10.709466
11.999998417 11.7677765
11.999998417 12.141614
11.300000237 11.710826
11.1 11.036062
11.800000504 11.820331
11.300000237 11.295563
12.699997654 11.66396
11.900000875 11.94563
11.699999383 11.5363865
11.800000504 11.824364
11.900000875 11.998631
12.058607315 12.475259
11.1 11.115545
11.300000237 11.424168
11.900000875 11.964559
10.895880017 10.962107
11.300000237 11.272743
11.300000237 11.382374
11.500000186 11.46859
12.199999035 11.929434
11.637602002 12.047459
11.400000202 11.592299
12.799991797 12.076136
11.900000875 11.911034
12.1 12.156172
11.900000875 12.037214
11.200000128 11.693254
11.1 11.272607
11.999998417 12.086536
11.200000128 11.262697
11.200000128 11.631029
11.900000875 11.777047
11.150000064 11.202141
11.699999383 11.72052
11.300000237 11.351492
11.900000875 11.921921
11.500000186 11.769201
11.1 11.114757
11.500000186 11.789145
11.200000128 11.289113
11.599999679 11.649039
11.999998417 12.184689
11.699999383 11.386656
11.699999383 11.703431
11.500000186 11.543597
11.400000202 11.26083
10.555931955999998 10.512736
11.800000504 11.549762
11.200000128 11.20236
11.401029996 11.404741
13.699980365 13.112938
11.400000202 11.384759
11.1 11.11042
13.99997427 13.510831
12.699997654 12.225622
11.200000128 11.499611
10.401029995999998 10.722074
10.622878745 10.793169
12.599996932 11.82557
13.99997427 13.876267
11.1 10.945934
10.806416487 10.585176
11.300000237 11.417679
12.199999035 12.405732
13.314670165 13.3243065
10.800000069 10.6462
12.1 11.490095
12.299998172 12.148495
11.200000128 11.108629
12.799991797 12.009205
11.800000504 11.740351
11.400000202 11.348967
15.500116928 15.301647
13.399988938 12.820809
11.599999679 11.777989
13.293820026 13.22422
11.200000128 11.208865
11.200000128 11.278508
11.1 11.066349
11.800000504 11.856743
12.299998172 12.396296
11.200000128 11.299674
11.200000128 11.486717
11.999998417 11.926885
11.200000128 11.316124
11.900000875 11.948643
11.200000128 11.2499485
11.200000128 11.3945465
11.500000186 11.617445
11.1 11.084676
11.699999383 11.796291
11.900000875 11.975498
11.599999679 11.335112
12.399997603 12.0916395
11.599999679 12.216318
11.200000128 11.195829
11.500000186 11.654221
12.499996913 12.121192
11.200000128 11.734004
11.500000186 11.387704
13.699980365 12.352494
11.900000875 11.814316
13.299970641 12.50362
11.800000504 11.948936
11.300000237 11.323157
11.999998417 12.21969
11.599999679 11.537342
11.699999383 11.793707
11.300000237 11.516881
11.200000128 11.18756
11.999998417 12.326651
11.599999679 11.637581
12.499996913 12.457493
12.199999035 12.143643
11.200000128 11.253506
12.399997603 11.880718
11.200000128 11.248319
11.300000237 11.2377205
11.200000128 11.402185
11.300000237 11.379289
11.200000128 11.209719
11.200000128 11.280308
11.200000128 11.467779
11.900000875 11.729631
12.299998172 12.571869
13.196910013 11.825094
11.200000128 12.866349
11.999998417 11.900133
11.043335081 11.1108465
10.497940009 10.869529
11.200000128 11.212427
11.1 11.10998
11.800000504 11.708403
11.400000202 11.77257
11.400000202 11.360842
12.555931956 12.7787
12.499996913 11.912359
11.200000128 11.196859
11.200000128 11.651051
11.699999383 11.601603
11.200000128 11.31608
11.400000202 11.287164
13.600038134 13.081596
12.399997603 11.832478
12.799991797 12.382732
12.799991797 11.778649
12.499996913 11.652211
11.400000202 11.398005
11.300000237 11.294101
11.25490196 11.126047
11.219186408 11.385241
11.500000186 11.681784
11.800000504 11.851373
11.900000875 11.938475
11.400000202 11.6022415
11.699999383 11.976675
12.449997552 12.227403
11.800000504 11.706334
11.200000128 11.16697
11.200000128 11.205238
11.200000128 11.222987
11.200000128 11.1664095
10.622878745 10.615959
11.900000875 12.066948
11.999998417 12.289718
11.999998417 11.943785
11.1 11.2735615
11.999998417 11.968179
11.900000875 11.987642
10.622878745 11.018023
11.300000237 11.479751
11.599999679 11.485259
13.1 13.209172
11.200000128 11.279449
12.599996932 11.582556
11.1 11.136804
14.1 13.303812
11.1 11.438673
11.300000237 11.474937
11.900000875 11.885473
11.599999679 11.343489
11.599999679 11.532043
11.200000128 11.211792
9.47675071 10.171186
12.066576245 11.675402
12.499996913 12.006744
11.699999383 11.683486
12.727087997 12.159054
11.400000202 12.040904
11.36760624 11.49046
11.800000504 11.722195
11.300000237 11.730082
11.300000237 11.526268
11.500000186 11.772902
11.300000237 11.571827
11.500000186 11.606076
11.800000504 11.776672
10.078810700999998 10.032045
11.400000202 11.40181
11.900000875 11.837725
11.200000128 11.69628
10.401029995999998 10.521538
11.300000237 11.381346
11.1 11.004241
11.1 11.241293
11.1 11.067659
11.500000186 11.244619
11.500000186 11.609514
12.608864383 12.594916
12.805533774 12.462469
11.500000186 11.542821
11.400000202 11.404137
11.800000504 11.844595
10.1 10.042522
11.599999679 11.4855385
11.1 11.065266
12.699997654 12.551861
11.300000237 11.47864
13.399988938 12.286882
11.699999383 11.679044
13.000008766 12.480732
11.300000237 11.40473
11.999998417 12.354381
11.900000875 12.114792
11.200000128 11.210538
10.798970004 10.085633
11.637602002 11.641291
11.200000128 11.499826
11.200000128 11.353489
11.900000875 11.95667
11.800000504 11.799219
11.462984467 11.549967
12.599996932 12.6724415
11.800000504 11.758226
12.299998172 12.169093
13.23667714 13.063349
11.1 11.087555
13.000008766 12.951636
11.400000202 11.618596
11.300000237 11.352425
11.500000186 11.542048
13.300002188 12.2810955
11.699999383 11.804106
11.400000202 11.616269
11.300000237 11.519779
11.400000202 12.065684
11.300000237 11.42902
11.1 11.414776
11.800000504 11.814814
11.200000128 11.161474
11.699999383 12.209969
11.500000186 12.064901
11.1 11.28197
11.1 11.453537
11.200000128 11.70311
12.1 12.434952
14.700326279 14.599052
11.1 11.145109
11.800000504 11.82373
11.900000875 11.681085
10.300000031 10.619225
12.299998172 11.701863
12.899998135 12.642181
11.1 11.400346
10.40980392 10.938602
13.200015437 12.361696
11.900000875 11.826904
11.400000202 11.57198
11.699999383 11.810893
13.500007822 12.682747
11.599999679 11.53504
11.500000186 11.677125
12.599996932 12.3355055
11.200000128 11.334312
11.599999679 11.517208
11.200000128 11.454336
12.199999035 11.908628
11.900000875 11.648919
11.1 11.467407
11.200000128 11.746453
12.69345982 13.390278
10.1 10.136124
11.699999383 11.702752
12.953871964 12.84259
13.02328963 11.923336
11.599999679 11.356479
11.900000875 12.183092
10.165501549 10.17413
11.101722275 11.221423
11.800000504 11.939853
11.699999383 12.074073
11.999998417 11.882553
12.299998172 12.113743
11.900000875 11.924827
13.1 12.3888855
12.199999035 12.070882
11.449999958 11.473747
11.900000875 11.883087
11.400000202 11.480489
11.699999383 11.883869
12.499996913 11.508184
13.000008766 11.667279
11.699999383 11.358502
10.800000069 10.891646
11.599999679 11.709776
12.1 11.831412
11.699999383 11.715592
11.200000128 11.300768
11.200000128 11.188668
14.1 13.726324
12.199999035 11.931684
10.622878745 10.718388
11.699999383 11.6616
11.900000875 11.5333395
10.401029995999998 11.205677
11.1 11.653906
11.300000237 11.083426
11.1 11.191849
11.200000128 11.342009
10.702059991 11.587682
10.800000069 10.803005
12.869551079 14.104688
11.999998417 12.39652
11.999998417 11.822898
13.399988938 13.25592
10.122276395 10.102554
11.1 11.100209
12.399997603 12.259167
11.1 11.272303
11.500000186 11.452275
11.230181792 11.7613125
11.599999679 11.572337
11.1 11.137978
11.200000128 11.524109
11.500000186 11.605434
11.900000875 11.967652
11.1 11.178065
11.1 11.248698
11.300000237 11.523267
12.399997603 11.616466
11.999998417 11.300213
11.1 11.263634
12.499996913 12.6986265
11.400000202 11.856848
11.800000504 11.868837
11.699999383 11.799434
11.500000186 12.039376
11.800000504 12.440126
11.1 11.362505
11.900000875 11.891624
10.1 10.9613285
11.800000504 11.782497
11.699999383 11.7339115
11.500000186 11.404311
11.900000875 11.26165
12.399997603 12.587658
11.599999679 12.141444
11.300000237 11.534101
12.499996913 11.70559
11.400000202 11.448882
11.798970004 11.709335
11.999998417 11.792803
9.798970004 10.139779
11.800000504 11.691154
11.500000186 11.624842
11.500000186 11.530379
11.500000186 11.644075
12.1 12.938581
10.401029995999998 10.922231
11.699999383 11.602331
11.900000875 11.928144
13.299970641 13.014448
11.300000237 11.437977
11.400000202 11.437532
11.200000128 11.20652
11.699999383 11.645316
11.699999383 11.773624
11.200000128 11.34285
12.799991797 12.76379
11.300000237 11.564563
11.1 11.0744915
11.699999383 11.708616
11.999998417 11.817253
11.699999383 12.321229
13.899970733 12.015058
12.399997603 12.807993
10.887812396 11.481596
11.900000875 11.938432
10.608638306 10.578459
12.299998172 11.833006
13.23667714 12.607125
9.798970004 10.21842
11.500000186 11.493536
11.427902142 11.283989
11.500000186 11.527727
10.400000029 10.620458
11.699999383 11.771574
11.200000128 11.379101
11.200000128 11.347525
11.500000186 11.592721
11.900000875 11.855379
12.245693958 11.944092
11.900000875 11.934424
11.200000128 11.256282
11.900000875 11.836838
11.1 11.651485
11.25490196 11.428871
12.199999035 12.194204
11.500000186 11.409727
11.699999383 11.8692665
11.61880084 11.64798
11.999998417 11.973575
11.500000186 11.4844265
11.200000128 11.667473
11.400000202 11.495632
12.199999035 12.087978
11.200000128 11.295107
11.400000202 11.313558
12.947711656 13.0030365
11.300000237 11.38877
11.599999679 11.599838
12.599996932 11.787544
11.699999383 11.678694
11.500000186 11.625299
11.213943352 11.317123
10.401029995999998 10.589407
11.800000504 12.090979
11.200000128 11.489156
11.900000875 11.702127
11.900000875 11.8886795
11.800000504 12.015081
11.1 11.781633
11.200000128 11.2443495
11.699999383 11.801653
11.400000202 11.390281
11.800000504 11.421216
11.599999679 11.569321
9.798970004 10.479535
11.1 11.118238
11.599999679 11.37885
12.599996932 11.489466
12.899998135 12.933755
11.800000504 11.675316
12.622878745 12.8424835
11.599999679 12.75093
11.699999383 12.04415
12.765546249 12.008659
11.300000237 11.454598
11.500000186 11.741089
11.900000875 11.789309
11.900000875 11.861228
11.800000504 11.730258
10.401029995999998 10.405754
11.800000504 11.903424
14.1 12.022284
11.900000875 11.632989
11.999998417 11.892856
11.200000128 11.306273
11.699999383 11.625313
11.699999383 11.628131
11.599999679 11.342588
11.800000504 11.905239
11.500000186 11.528363
11.200000128 11.146584
11.487216143 12.178573
11.1 11.212168
11.200000128 11.20196
11.900000875 11.751175
11.300000237 11.761032
11.599999679 11.745014
11.1 12.060451
11.200000128 11.17838
11.671865206 12.687568
11.599999679 11.815498
14.200179498 14.615538
11.900000875 12.403148
11.200000128 11.5252285
11.999998417 11.941161
14.901342913 13.244911
11.900000875 11.936995
11.500000186 11.617367
11.500000186 11.392583
11.599999679 11.7489805
10.1 10.20487
13.200015437 12.976307
11.599999679 11.609549
13.000008766 12.737608
11.200000128 11.440648
11.508935393 11.6102495
11.800000504 11.819093
11.200000128 11.189522
11.699999383 11.603747
11.200000128 11.434585
11.300000237 11.589365
11.300000237 11.4199
11.400000202 11.403553
11.1 11.178326
11.599999679 11.522179
11.900000875 11.950892
13.699980365 13.303551
11.999998417 12.116339
11.999998417 11.693423
14.1 12.8998375
11.200000128 11.166122
11.400000202 11.481334
11.200000128 11.709319
11.900000875 12.077818
14.600312917 13.184403
11.900000875 11.19753
11.800000504 11.774727
11.1 10.950294
13.000008766 12.971074
11.599999679 11.784318
11.200000128 11.270152
12.199999035 11.845856
11.800000504 11.734261
11.999998417 12.015993
10.700000074999998 10.832226
11.300000237 11.483939
11.699999383 11.7755165
11.1 11.596002
13.953871964 12.715804
11.900000875 11.957923
11.200000128 11.181624
13.200015437 13.354902
10.58148606 10.925283
11.599999679 11.865478
12.499996913 12.362526
11.200000128 11.2173
11.300000237 11.559713
10.400000029 10.254022
11.900000875 11.892162
12.299998172 11.85767
11.200000128 11.198471
11.1 11.887653
11.699999383 11.938601
10.1 11.616339
11.200000128 11.245273
12.300659451 12.550635
11.1 11.125952
11.900000875 12.6142845
11.699999383 12.047535
12.399997603 11.782027
11.400000202 11.462557
11.300000237 11.263317
11.300000237 11.3577175
12.399997603 12.465623
11.200000128 11.285211
11.300000237 11.32531
12.499996913 12.106463
11.500000186 11.706305
12.738272164 11.306361
11.300000237 11.245102
11.500000186 11.474075
11.200000128 11.159655
11.300000237 11.278635
11.400000202 11.409021
11.200000128 11.189674
11.400000202 11.41179
11.1 11.085705
11.999998417 11.766393
11.999998417 12.352666
11.1 10.993875
11.800000504 11.5222025
11.300000237 11.303568
11.699999383 11.8629265
15.500116928 15.08395
11.200000128 11.202899
10.401029995999998 11.223504
11.599999679 11.689313
11.599999679 11.623043
11.1 11.3377075
11.200000128 11.21618
11.500000186 11.897478
11.999998417 12.281932
11.200000128 11.208302
11.300000237 11.380039
11.800000504 11.689155
10.020818754 10.234181
11.500000186 11.4927225
10.1 10.687445
10.702059991 11.371744
11.599999679 11.550167
11.500000186 11.407519
11.1 11.190611
12.699997654 11.505111
11.999998417 12.158804
11.1 11.2375965
11.300000237 11.386506
11.1 11.109678
11.500000186 11.747906
13.000008766 12.12516
11.800000504 11.797818
11.1 11.099092
11.1 11.094214
11.500000186 11.521634
11.1 11.160063
10.401029995999998 10.718835
11.900000875 11.448364
11.300000237 11.397227
11.1 11.300526
11.500000186 11.48518
11.900000875 11.860572
14.200179498 13.903053
11.400000202 11.35747
9.668636236 9.676951
11.500000186 11.961374
11.1 11.083469
10.300000031 10.329331
11.699999383 11.789727
11.500000186 11.539795
11.500000186 11.596985
12.599996932 12.85433
11.1 11.137793
11.800000504 11.773694
11.800000504 12.124743
11.300000237 11.651253
11.200000128 11.335739
11.200000128 11.566576
11.1 11.191149
11.986056648 11.853035
11.599999679 11.530649
14.1 12.841341
11.307608311 11.258918
11.999998417 11.963498
11.500000186 11.482239
11.999998417 12.113436
11.1 11.336799
11.000000142 10.669461
11.200000128 11.156605
13.078810701 12.667477
11.300000237 11.309993
11.699999383 11.725105
11.200000128 11.384211
11.699999383 11.443723
11.300000237 11.529332
10.499999968 10.409298
12.199999035 11.506811
14.600312917 14.168405
12.499996913 12.222734
12.399997603 12.699591
11.300000237 11.395622
11.200000128 11.364767
11.500000186 11.816197
11.200000128 11.291489
11.999998417 11.994593
11.900000875 11.887047
11.900000875 11.964434
14.711014834 14.162176
11.200000128 11.314603
11.200000128 11.404633
10.1 10.417983
11.200000128 11.217713
12.799991797 12.153705
12.485102784 11.799871
11.300000237 11.486266
11.400000202 11.6028385
11.200000128 11.206027
11.800000504 11.800726
11.400000202 11.43189
14.064680371 13.910237
11.1 11.119521
12.59757288 12.121918
11.200000128 10.179646
12.549999209 13.536357
11.200000128 11.190868
11.1 11.121359
11.800000504 11.802683
13.99997427 11.9358425
12.1 11.90801
11.300000237 11.303657
11.293820026 10.834341
11.702059991 11.580273
11.699999383 11.717045
11.800000504 11.696645
11.900000875 11.70511
12.899998135 12.323885
11.800000504 11.978808
11.900000875 12.0090885
11.900000875 11.714021
11.200000128 11.508895
13.1 12.213552
11.500000186 11.562508
11.300000237 11.364854
11.900000875 11.873238
11.200000128 11.390671
11.300000237 11.269575
11.400000202 11.425652
11.200000128 11.205265
10.1 10.279844
11.900000875 11.945305
11.200000128 11.196796
12.299998172 12.559952
11.1 11.157295
11.1 10.924058
11.200000128 11.18676
11.1 11.303304
12.69345982 13.437156
11.599999679 12.250668
11.900000875 11.95561
11.699999383 11.57906
13.1 13.392648
11.999998417 11.744958
11.699999383 11.750219
13.186186148 12.871529
11.1 11.370668
11.500000186 11.495722
11.300000237 11.268164
11.400000202 11.772711
11.1 11.080656
11.200000128 11.452697
12.499996913 11.704296
13.1 12.924088
11.599999679 11.67116
14.555931956 14.284523
13.299970641 13.4282
11.200000128 11.174633
11.1 11.52698
11.900000875 12.095013
10.1 10.136698
11.1 11.143325
12.699997654 12.667792
11.200000128 11.228025
11.900000875 11.887075
11.699999383 11.712325
11.699999383 11.726083
11.500000186 11.823399
13.000008766 12.237252
11.699999383 12.07843
11.400000202 11.79048
11.900000875 11.993179
11.599999679 11.649761
11.300000237 11.193096
11.200000128 11.55516
11.900000875 11.769452
11.1 10.796821
12.599996932 12.464017
11.900000875 11.881799
11.900000875 11.948954
12.117728767 11.146917
11.300000237 11.561913
11.500000186 11.542698
10.844727495 10.580417
11.1 11.10253
13.200015437 12.745792
11.1 11.214415
11.1 11.486228
12.399997603 11.798353
11.699999383 11.65967
10.1 11.149698
11.699999383 11.647026
11.1 11.430563
11.300000237 11.254576
11.1 11.586086
11.800000504 11.821838
11.1 11.108069
12.1 12.6078
11.200000128 11.433085
11.900000875 12.004881
11.599999679 11.597305
10.702059991 11.145685
11.200000128 11.322547
13.418758763 12.9400015
11.800000504 11.963494
14.359637311 14.435984
11.200000128 11.360544
11.200000128 11.272768
11.500000186 11.602339
11.200000128 11.276899
12.199999035 12.195847
11.200000128 11.290701
14.466531544 14.445368
11.1 11.061251
12.1 12.432278
11.699999383 11.559882
11.200000128 11.549798
11.900000875 11.497795
11.599999679 11.453949
11.599999679 11.547172
11.500000186 11.640892
12.499996913 12.267996
10.622878745 10.605796
10.608638306 10.5753145
11.300000237 11.77067
11.699999383 11.436223
11.1 11.132703
11.999998417 11.916829
11.900000875 11.833664
12.399997603 11.5576725
11.300000237 11.5327835
11.1 11.0455
11.200000128 11.374369
11.900000875 11.877815
11.200000128 11.255053
11.200000128 11.214294
12.499996913 12.25047
11.200000128 11.264589
11.800000504 11.643784
11.599999679 11.730883
11.200000128 11.245279
11.200000128 11.528471
11.999998417 11.673803
10.200000019 10.442586
11.999998417 11.885792
11.699999383 11.746544
10.401029995999998 10.96274
11.200000128 11.144564
11.500000186 11.598396
11.200000128 11.333002
10.622878745 10.909375
11.200000128 11.234868
14.436260443 13.390718
11.900000875 11.808004
11.599999679 11.712624
14.293820026 14.6409855
11.800000504 11.668765
11.200000128 11.218533
12.953871964 12.930389
11.599999679 11.7015
11.1 11.092445
11.200000128 11.214193
11.300000237 11.462412
11.599999679 11.428421
11.999998417 11.919741
11.900000875 11.749623
11.999998417 12.012665
11.200000128 11.16282
14.1 14.274638
10.200000019 11.084053
11.300000237 11.373912
11.400000202 11.873837
12.399997603 12.282932
12.299998172 12.282309
12.699997654 11.809776
11.200000128 11.212204
11.300000237 11.475524
11.500000186 11.490138
11.200000128 11.16262
11.400000202 11.870901
11.900000875 11.9268875
15.108773924 13.239282
11.599999679 11.775665
13.299970641 13.040036
12.599996932 12.321562
12.499996913 12.198156
11.200000128 11.227269
12.401029996 12.354228
11.1 11.699544
11.900000875 11.902429
11.267491087 11.638241
13.399988938 13.325633
11.200000128 11.571129
10.700000074999998 10.908831
11.500000186 11.319458
11.1 11.103883
12.199999035 12.053164
11.699999383 11.409824
10.702059991 10.78816
11.699999383 11.271088
12.199999035 12.338148
11.300000237 11.367434
11.699999383 11.731219
11.200000128 11.161799
12.1 11.552368
11.699999383 11.636816
11.999998417 12.239408
11.400000202 11.522223
10.450573462 10.490421
12.699997654 12.36977
11.300000237 11.234224
11.300000237 11.246121
11.500000186 11.585368
12.499996913 12.469364
11.500000186 11.988213
11.400000202 11.877861
13.293820026 13.199526
15.1 14.080093
11.400000202 11.3681555
11.500000186 11.553366
11.300000237 11.492351
12.1 12.355719
11.900000875 11.809361
11.999998417 12.1273365
11.261150909 11.854811
11.200000128 11.181259
12.429754147 11.713373
11.699999383 11.573221
13.899970733 13.507965
11.999998417 12.01309
11.599999679 11.617808
13.000008766 13.254418
11.1 11.251979
12.404043831 12.9234085
11.200000128 11.174616
11.800000504 11.851061
10.1 10.042223
11.500000186 11.294033
11.300000237 11.384527
11.500000186 11.36409
11.400000202 11.591578
12.499996913 13.886649
11.500000186 11.597333
11.200000128 11.510053
11.900000875 11.7928505
11.900000875 12.2239895
11.136212173 11.216362
13.699980365 12.725715
11.1 11.32975
11.400000202 11.388957
11.699999383 11.984915
12.199999035 12.054429
14.600312917 13.81305
11.300000237 11.456793
11.800000504 11.613335
11.500000186 12.044355
11.699999383 11.918905
11.400000202 11.490363
11.300000237 11.718412
11.500000186 11.735235
11.300000237 11.263872
15.1 14.296558
11.200000128 11.230169
12.499996913 12.524949
12.599996932 12.2961
11.800000504 12.192107
11.1 11.060435
11.343922179 11.531823
11.599999679 11.646284
11.1 11.136156
12.531798276 12.625928
11.200000128 11.3559265
11.500000186 11.537016
11.300000237 11.471026
11.500000186 12.029877
12.699997654 12.157249
12.267491087 12.348859
13.1 12.632933
11.900000875 11.921566
10.622878745 10.548582
11.200000128 11.216806
11.1 11.149309
11.800000504 11.516368
11.800000504 11.585943
11.400000202 11.373003
12.599996932 12.037543
11.699999383 11.34265
11.699999383 12.112642
11.230575519 11.249567
11.200000128 11.232941
11.500000186 11.626332
11.699999383 11.327974
12.299998172 12.40271
11.900000875 11.848467
12.287652535 12.648111
11.400000202 11.544828
11.1 11.098698
11.200000128 11.228184
14.600312917 13.19986
11.200000128 11.27493
11.200000128 11.402132
11.300000237 11.346768
11.699999383 11.323806
10.622878745 11.114468
12.699997654 11.794083
11.800000504 11.4372225
12.599996932 12.121157
11.900000875 12.065863
11.1 11.151761
14.401029996 13.738794
11.800000504 11.903376
11.400000202 11.47311
10.800000069 10.762535
11.200000128 11.171385
11.500000186 12.715738
11.200000128 11.274584
13.399988938 12.42326
9.798970004 9.803543
11.900000875 11.920832
11.200000128 11.295265
12.599996932 12.139833
11.999998417 11.70434
11.800000504 11.238794
11.1 11.229376
10.923908741 10.734692
11.1 11.342658
11.895880017 11.533179
11.300000237 11.593701
11.300000237 11.711004
13.719788758 13.745442
11.1 10.948214
11.800000504 11.789414
13.000008766 11.906271
11.900000875 12.119636
11.1 11.105221
11.200000128 11.249586
11.300000237 11.216009
11.300000237 11.644969
12.799991797 12.478444
12.199999035 12.791352
10.300000031 10.343455
11.800000504 11.83053
11.400000202 11.472071
11.500000186 11.499928
10.418758763 10.448463
11.200000128 11.42495
11.300000237 11.297884
11.400000202 11.379091
11.599999679 11.868646
11.900000875 11.674617
11.500000186 11.468499
11.1 11.743667
10.622878745 10.62092
11.300000237 11.434086
12.446787486 12.428422
11.999998417 12.578304
11.058607315 11.173227
11.844727495 11.732708
11.1 11.320419
11.699999383 11.686197
11.1 11.127551
11.900000875 11.94706
11.900000875 12.007548
12.599996932 12.185537
11.300000237 11.307825
11.200000128 11.625967
11.900000875 11.9468
11.399999692 11.567796
11.200000128 11.319887
12.1 12.2722
11.1 11.154626
10.69345982 11.478177
11.800000504 12.465139
11.800000504 11.565319
12.699997654 12.4237
11.599999679 11.713703
11.200000128 11.136417
11.699999383 11.896489
13.1 12.7954235
12.499996913 12.559427
10.401029995999998 11.100956
12.899998135 12.5798645
10.210698297 10.853249
11.599999679 11.313965
11.900000875 11.893125
11.200000128 11.17689
12.399997603 11.7834
11.200000128 11.167546
11.605161193 11.398055
11.900000875 11.909109
11.900000875 11.379023
11.900000875 11.944836
12.584126156 12.258269
13.99997427 13.159481
11.699999383 11.956697
11.400000202 11.589241
11.1 11.280415
13.399988938 12.316584
12.899998135 12.474898
11.800000504 11.776161
11.599999679 11.569288
11.200000128 11.216658
11.400000202 11.446569
11.900000875 11.747692
11.1 11.088559
11.1 11.373297
11.800000504 12.212044
12.314670165 11.540709
13.500007822 12.391361
11.1 11.189671
11.800000504 11.975823
11.699999383 12.315176
11.200000128 11.177867
11.200000128 11.23347
11.599999679 11.922668
11.400000202 11.699449
11.900000875 11.8771305
11.999998417 12.128067
10.599999953 10.7138195
13.401029996 12.554335
14.870303756 13.4827
11.460513511 11.306155
11.200000128 11.383824
11.300000237 11.415486
11.699999383 11.734212
11.200000128 11.23319
13.500007822 12.793821
11.1 11.243389
14.869551079 14.717172
12.299998172 11.44211
11.300000237 11.259594
11.200000128 11.245375
11.300000237 11.70012
11.300000237 11.260072
11.999998417 11.966394
11.300000237 11.367678
11.200000128 11.180596
13.000008766 12.915987
11.699999383 11.938425
11.999998417 11.400848
11.800000504 11.977797
12.399997603 11.965497
12.699997654 12.047483
11.1 11.111872
12.50560745 12.580501
12.499996913 12.605499
12.399997603 11.817156
11.500000186 11.609115
12.1 11.885241
12.520216403 12.747957
14.200179498 13.628351
10.200000019 10.943085
11.800000504 11.615847
10.1 10.082719
11.200000128 11.244508
11.1 11.065688
13.600038134 11.777151
11.400000202 11.49141
12.199999035 11.964692
11.900000875 11.954026
10.1 10.869634
11.900000875 11.85678
11.1 11.085777
11.999998417 11.462485
11.400000202 11.40757
11.500000186 11.490692
15.200179498 14.455571
11.300000237 11.584788
12.299998172 12.2393675
11.1 11.112947
11.200000128 11.199531
11.599999679 11.861
11.900000875 11.8727
11.200000128 11.50445
11.800000504 11.614107
11.900000875 11.900575
10.300000031 10.238489
11.300000237 11.3884735
11.900000875 12.001647
13.200015437 12.678097
12.899998135 12.801818
11.999998417 12.042184
11.1 11.311151
11.300000237 11.403017
12.359637311 12.308962
12.299998172 12.222612
11.400000202 11.396294
11.400000202 11.50244
10.1 10.592335
11.800000504 11.776564
11.800000504 11.921192
11.300000237 11.417434
11.800000504 11.843849
12.299998172 12.139876
11.1 11.679137
11.599999679 11.435302
11.999998417 12.26516
11.400000202 11.44322
11.300000237 11.321423
11.800000504 11.990366
12.399997603 12.430126
11.300000237 11.498257
11.900000875 12.015034
11.1 10.971435
11.200000128 11.371838
11.900000875 11.728914
11.1 11.168496
11.200000128 11.622011
11.200000128 11.286412
11.300000237 11.470683
11.800000504 11.857901
11.200000128 11.221705
11.200000128 11.096163
13.699980365 12.496563
11.599999679 11.773198
11.300000237 11.410139
11.1 11.166667
11.500000186 11.540699
11.300000237 11.463844
11.500000186 11.547698
11.999998417 11.838524
9.947711656 9.967446
11.800000504 11.886092
11.800000504 11.816385
11.1 11.269639
11.500000186 11.543041
11.1 11.137159
12.799991797 12.71268
11.699999383 11.611613
11.699999383 12.147735
11.900000875 11.936793
11.599999679 11.683804
11.800000504 12.04204
10.622878745 11.179394
11.400000202 11.475084
11.699999383 11.666429
11.699999383 12.113785
11.800000504 12.077097
10.800000069 10.916243
14.400162274 13.52845
11.200000128 11.154574
11.200000128 11.164139
11.300000237 11.720964
14.500116928 14.413652
11.1 11.162247
12.599996932 11.778444
13.99997427 13.355438
11.300000237 11.401682
11.800000504 11.89836
11.300000237 11.2896805
11.1 11.115643
11.300000237 11.36934
11.1 11.080884
11.500000186 12.321295
11.800000504 11.79974
11.599999679 11.641342
11.1 11.117645
11.200000128 11.537508
11.900000875 12.226145
11.1 11.164722
10.622878745 11.080843
11.200000128 11.223524
11.1 11.097971
11.699999383 11.955968
11.1 11.383051
11.900000875 11.872033
12.699997654 12.183059
11.500000186 11.490718
11.800000504 11.786992
11.1 11.248111
11.400000202 11.38418
12.499996913 12.047751
11.1 11.311701
11.381498311 11.831469
12.499996913 12.10702
13.249993039 12.7519245
11.800000504 11.80234
11.900000875 11.986041
12.799991797 12.391933
11.599999679 11.686836
11.500000186 11.599209
9.798970004 10.312621
11.300000237 11.349983
11.300000237 11.303133
12.899998135 13.545367
11.1 11.245857
10.1 9.986629
11.456547324 11.749831
11.1 11.279367
10.1 10.173639
11.900000875 12.022333
11.200000128 11.106094
11.699999383 12.345463
12.199999035 11.744695
11.300000237 11.450914
11.300000237 11.469143
11.200000128 11.132979
11.500000186 11.532233
11.200000128 11.214966
11.200000128 11.511217
11.900000875 11.900339
11.500000186 11.654226
11.800000504 11.350866
13.899970733 13.810169
10.300000031 10.624718
12.599996932 12.120653
11.400000202 11.345365
14.200179498 14.248337
11.200000128 11.190117
11.900000875 11.866449
11.200000128 11.373139
15.200179498 14.994352
12.399997603 12.687733
11.200000128 11.24868
11.1 11.166443
11.599999679 11.623561
11.999998417 11.930727
11.1 11.209955
11.699999383 11.555709
11.200000128 11.151904
11.020818754 11.034031
11.599999679 11.821077
11.200000128 11.1914215
11.500000186 11.591528
13.122276395 13.070375
11.900000875 11.767519
11.200000128 11.286408
11.300000237 11.549315
11.213943352 11.514777
11.999998417 11.9831
13.000008766 11.80672
11.900000875 11.848078
11.200000128 11.244484
11.900000875 11.591888
11.500000186 11.243133
11.400000202 11.404763
11.900000875 11.975775
11.200000128 11.335468
11.200000128 11.231552
14.32184875 13.160946
11.900000875 11.864561
11.699999383 11.691978
12.1 11.484145
11.900000875 11.903315
12.821246399 12.692332
11.200000128 11.253527
11.685026652 11.961877
11.1 11.107365
13.500007822 13.165791
13.1 13.2725315
11.200000128 11.18811
11.699999383 11.857789
11.200000128 11.2497015
12.299998172 11.742172
12.499996913 11.898686
11.599999679 11.848963
11.999998417 11.259267
12.899998135 11.980209
12.359637311 12.211476
11.200000128 11.3306265
11.900000875 11.6821165
14.798970004 13.795998
10.401029995999998 10.613659
11.200000128 11.284387
11.699999383 11.928637
12.555931956 12.603988
11.200000128 11.205207
11.200000128 11.146947
11.300000237 11.461876
13.699980365 11.712183
11.999998417 12.158161
11.1 11.203112
11.1 11.481008
12.299998172 12.032887
11.699999383 11.700506
12.899998135 12.23707
11.599999679 11.678794
10.1 10.523213
11.400000202 11.348698
11.300000237 11.2861185
11.900000875 11.909113
11.1 11.099535
9.497940009 10.117507
11.900000875 11.79976
13.899970733 12.576072
11.900000875 11.273914
11.200000128 11.2905245
11.500000186 11.649101
12.699997654 11.840165
12.499996913 12.07897
11.800000504 11.729855
12.1 11.771198
11.300000237 11.360478
11.1 11.281022
11.400000202 11.367737
11.1 11.109125
11.400000202 11.466462
13.399988938 12.4133415
11.1 11.094414
12.399997603 12.718606
11.900000875 11.874039
14.25490196 14.626298
11.999998417 11.868592
12.899998135 12.582457
11.1 11.101414
11.300000237 11.297955
12.453596274 11.766758
11.599999679 12.035922
9.798970004 9.813244
11.500000186 11.534169
15.600312917 15.226798
13.500007822 13.102191
11.800000504 12.237246
11.1 11.079055
10.401029995999998 11.216946
11.1 11.122698
12.599996932 12.279445
13.200015437 12.152272
11.1 11.228256
13.000008766 13.455507
11.200000128 11.430166
10.401029995999998 10.628029
11.800000504 11.773216
11.200000128 11.14319
12.1 11.84949
10.1 10.152823
11.800000504 11.775639
11.500000186 11.65149
10.702059991 10.78427
11.999998417 11.7788725
12.120451625 11.897371
11.200000128 11.344259
11.200000128 11.58124
11.1 11.309454
11.900000875 12.245804
11.400000202 11.38119
11.500000186 11.464097
11.599999679 11.992866
11.200000128 11.215512
11.1 11.6778145
11.699999383 11.71105
11.699999383 11.730439
11.500000186 11.506979
11.1 11.292137
13.392429824 12.357191
11.1 11.067234
12.399997603 12.571866
11.200000128 11.391351
11.1 11.48057
11.200000128 11.543598
11.699999383 11.869378
10.690574131 10.761912
11.900000875 11.842746
11.349999839 11.517513
12.899998135 12.889304
12.1 12.22329
11.745891561 11.800226
10.800000069 10.992055
11.1 11.130417
12.637602002 11.678837
11.900000875 11.810784
11.500000186 11.491158
12.499996913 11.891241
11.300000237 11.31097
11.900000875 11.810814
12.799991797 12.204506
11.900000875 11.84536
12.899998135 13.106589
11.400000202 11.671298
12.699997654 12.307289
12.899998135 12.7888365
14.1 14.029367
11.800000504 11.830143
11.599999679 11.560328
14.401029996 14.016053
11.900000875 11.822703
11.800000504 11.7889595
13.000008766 13.121969
11.1 11.220636
11.900000875 11.949823
11.555931956 11.279753
11.200000128 11.321886
11.599999679 11.654744
11.200000128 11.288811
11.400000202 11.536444
11.200000128 11.885517
11.300000237 11.351095
11.500000186 11.469707
12.499996913 12.179061
11.900000875 11.787575
11.500000186 11.913027
11.900000875 11.969456
11.497940009 11.457243
11.1 11.114064
11.1 11.066483
11.900000875 12.077335
10.497940009 10.507017
11.200000128 11.192624
10.1 9.876869
13.000008766 11.881722
11.200000128 11.19792
11.500000186 12.020993
11.300000237 11.416635
11.200000128 11.205841
11.999998417 11.968096
11.300000237 11.269899
12.599996932 12.950582
11.800000504 11.657688
11.300000237 11.332116
11.900000875 11.9241295
14.700326279 13.92465
11.300000237 11.297726
11.699999383 11.744921
12.199999035 11.755754
11.400000202 11.269645
11.200000128 11.191558
11.699999383 11.996403
11.900000875 12.179901
11.999998417 12.439959
11.1 11.096827
11.200000128 11.170936
13.51195437 12.45399
11.800000504 12.200825
11.500000186 11.489192
11.999998417 11.888328
11.1 11.606196
11.400000202 11.399181
11.999998417 12.010094
11.200000128 11.217985
12.499996913 12.407635
10.400000029 11.087257
11.599999679 11.684429
11.699999383 11.789169
12.499996913 12.616399
12.199999035 12.209982
11.637602002 11.87849
12.601689446 12.593429
11.800000504 11.762062
11.300000237 11.811714
14.1 12.470742
11.1 11.032345
11.1 11.161178
11.900000875 11.958331
11.800000504 11.732187
11.500000186 11.582637
11.500000186 11.526069
11.300000237 11.430614
11.1 11.412529
10.719788758 10.585154
11.1 11.079372
11.200000128 11.331602
11.500000186 11.609499
11.500000186 11.619551
11.400000202 11.550388
11.900000875 11.896221
12.639102157 12.941254
12.1 12.183628
11.1 11.03208
11.400000202 11.32931
11.900000875 12.1461315
11.800000504 12.063471
13.1 13.020469
11.1 11.496294
13.1 12.710684
11.500000186 11.927657
11.1 11.020824
11.300000237 11.355473
11.800000504 12.295832
11.800000504 11.598262
11.300000237 11.648966
11.800000504 11.801114
12.199999035 12.086874
11.999998417 11.84215
11.300000237 11.21607
11.500000186 11.498404
11.200000128 11.266115
11.500000186 11.715096
10.401029995999998 10.470786
10.186186148 10.341115
10.800000069 10.942402
11.561329795 12.08605
11.1 11.3527565
11.200000128 11.291674
11.999998417 12.011698
11.500000186 11.682018
11.1 11.120213
11.1 11.406058
11.500000186 11.546875
11.300000237 11.308215
10.738272164 10.085633
11.699999383 11.613919
11.500000186 11.675724
11.400000202 11.488209
13.1 11.928075
11.900000875 11.793801
11.1 11.445347
11.599999679 11.616567
11.800000504 11.756406
13.699980365 14.210832
12.1 12.731376
11.300000237 11.419617
13.12842544 13.083425
14.497940009 13.307829
11.999998417 11.760108
11.599999679 12.501515
11.500000186 11.644184
10.599999953 10.441367
15.1 13.066779
12.499996913 11.836281
11.500000186 11.491384
11.1 11.14555
11.800000504 11.676348
11.900000875 11.846799
11.1 11.272953
11.1 11.01633
11.1 11.110699
11.200000128 11.257751
11.200000128 11.333229
11.200000128 11.632
12.399997603 11.967134
10.401029995999998 10.875511
11.500000186 11.500875
11.200000128 11.215971
13.200015437 12.755503
11.1 11.139729
11.800000504 11.801754
11.200000128 11.255809
12.399997603 12.715816
10.499999968 10.727084
11.900000875 11.728199
11.800000504 11.826403
13.497940009 11.208712
13.299970641 11.913266
13.840981594 15.48896
11.200000128 11.295816
11.500000186 11.470787
12.199999035 11.942364
11.900000875 11.987432
13.600038134 12.706434
11.300000237 11.375927
11.900000875 11.886718
11.660667306 11.7730465
11.702059991 11.456497
10.900000053 11.039748
11.1 11.2814
14.200179498 13.130782
11.200000128 11.229792
11.400000202 11.639741
11.500000186 11.739076
10.200000019 10.438374
11.599999679 11.827013
11.500000186 11.67033
11.900000875 11.741481
11.900000875 11.916029
11.997941935 11.836756
11.500000186 11.824548
10.401029995999998 10.619375
11.300000237 11.365515
11.200000128 11.198075
11.999998417 11.773797
11.900000875 11.828863
11.599999679 11.688683
12.399997603 12.434406
11.200000128 11.215995
11.1 11.060167
11.400000202 11.427971
9.1 9.599437
11.400000202 11.336007
11.400000202 11.381992
14.200179498 13.38485
12.499996913 12.124869
10.702059991 11.241892
11.699999383 11.592741
11.849999187 11.943421
11.1 11.193238
11.500000186 11.673374
11.500000186 11.74482
11.999998417 11.992892
11.1 11.215639
10.1 10.092889
11.300000237 11.428082
11.1 10.982158
11.900000875 11.960954
11.500000186 11.717268
11.200000128 11.3031
11.900000875 11.926768
11.599999679 11.622192
11.300000237 11.271377
11.599999679 11.455352
11.200000128 11.235951
11.200000128 11.330269
11.400000202 11.662314
12.268770306 13.063819
11.200000128 11.502881
11.200000128 11.291425
11.300000237 11.261547
11.500000186 11.470335
14.1 13.416336
11.200000128 11.303549
11.699999383 11.7679
10.702059991 10.703135
11.500000186 11.5311165
11.622878745 11.6675
11.1 11.094179
11.900000875 11.949772
11.599999679 11.65714
13.399988938 13.031151
11.500000186 11.6003475
11.900000875 11.948299
12.1 12.139046
13.99997427 12.254145
9.798970004 10.37865
11.200000128 11.42403
13.1 12.997507
9.667030709 9.719699
11.999998417 11.807124
12.399997603 12.56033
11.699999383 11.809208
11.599999679 11.87933
11.500000186 11.915838
11.500000186 11.884658
11.400000202 11.414601
11.699999383 12.616474
11.400000202 11.67341
11.200000128 11.526468
10.702059991 10.873279
10.200000019 10.448763
12.199999035 11.935505
11.900000875 11.894779
12.499996913 12.191587
11.800000504 11.689089
11.300000237 11.8891535
11.500000186 11.523429
12.29859629 12.205076
11.699999383 11.725345
11.699999383 11.393246
10.622878745 10.583788
11.599999679 11.616474
11.599999679 11.705219
11.900000875 11.950552
11.1 11.315565
11.300000237 11.248256
11.900000875 11.790148
11.200000128 11.185856
11.800000504 11.815467
11.699999383 11.735793
12.799991797 11.61743
11.900000875 11.598448
11.300000237 11.287844
11.1 11.573361
10.300000031 10.584998
12.1 11.932899
12.1 12.242325
11.400000202 11.552982
11.200000128 11.930172
11.300000237 11.497637
11.200000128 11.224758
10.1 10.69813
11.699999383 11.787393
12.199999035 11.937914
12.399997603 12.087467
12.761543506 12.488775
11.300000237 11.279986
11.900000875 11.966049
11.300000237 11.193127
11.500000186 11.411587
11.800000504 11.785063
11.200000128 11.223457
11.300000237 11.31926
13.844727495 13.128312
11.900000875 11.980969
11.798970004 12.268682
12.702059991 12.82643
11.300000237 11.321534
12.599996932 11.785799
11.999998417 12.25115
11.1 11.316953
10.497940009 10.822641
11.1 11.060292
12.199999035 12.767947
10.497940009 10.58185
11.300000237 11.881097
11.1 11.109997
11.800000504 12.185939
11.200000128 11.319134
11.599999679 11.60607
11.999998417 12.032461
11.999998417 11.790028
11.300000237 11.491795
12.986056648 12.793964
9.702059991 9.664371
11.699999383 11.764866
11.300000237 11.242967
13.145757491 11.966925
11.200000128 11.218896
11.200000128 11.204107
11.400000202 11.255024
11.200000128 11.204485
11.900000875 11.965588
11.1 11.235645
11.200000128 11.349855
11.1 11.157711
11.699999383 11.68543
11.800000504 11.829014
13.500007822 12.681986
13.437242168 13.447093
11.999998417 11.841406
11.500000186 12.290104
11.500000186 11.557508
11.500000186 11.557785
12.399997603 12.540865
11.1 11.180292
11.800000504 11.886353
10.800000069 10.722891
11.500000186 11.567989
11.1 11.616708
11.300000237 11.310522
11.900000875 11.499154
12.199999035 12.056969
12.899998135 12.766946
11.200000128 11.142235
13.600038134 13.828664
12.899998135 13.210777
11.300000237 11.298571
11.599999679 11.537349
11.1 11.148659
11.1 11.226182
11.200000128 11.487142
11.800000504 11.465563
11.900000875 12.15093
11.200000128 11.335259
11.200000128 11.34616
12.499996913 12.170222
12.399997603 12.239339
11.599999679 12.969186
11.200000128 11.417866
11.400000202 11.652365
11.1 11.086389
13.899970733 13.870368
12.399997603 12.060692
9.798970004 9.841305
12.1 11.928919
11.800000504 11.845396
11.200000128 11.061598
12.299998172 12.406388
12.199999035 11.59993
11.300000237 11.626169
11.200000128 11.455699
11.400000202 11.330464
12.299998172 12.370302
11.923908741 11.852743
11.699999383 12.134726
11.800000504 11.736938
11.497940009 11.404753
11.999998417 11.923387
11.938631998 11.973839
10.702059991 10.7374
13.500007822 12.580235
11.400000202 11.739422
12.622878745 11.898639
11.500000186 11.556352
11.500000186 11.560502
11.599999679 11.689244
11.1 11.238748
11.200000128 11.298088
11.200000128 11.265597
11.599999679 11.587009
10.427902142 10.323105
13.899970733 13.640663
10.599999953 10.500156
11.401029996 11.6448765
11.1 11.502033
11.999998417 12.108657
14.200179498 11.835709
14.200179498 14.2235775
13.600038134 13.246471
11.1 11.081398
11.800000504 11.536996
11.999998417 11.685541
14.798970004 14.503971
11.200000128 11.240929
11.500000186 12.03121
11.400000202 11.310862
13.99997427 12.861888
11.500000186 11.550317
11.300000237 11.511858
11.800000504 11.796228
11.738272164 11.466864
11.200000128 11.575081
12.699997654 12.962281
11.300000237 11.378516
11.200000128 11.193866
12.699997654 11.992403
11.1 11.506591
11.200000128 11.504592
11.500000186 11.617011
12.299998172 12.943036
11.1 11.126822
11.300000237 11.402799
11.1 10.503516
11.200000128 11.213777
11.999998417 11.966432
11.900000875 11.936653
14.901342913 12.853778
11.900000875 11.902508
11.800000504 11.728757
11.1 10.884731
10.702059991 10.691117
11.400000202 11.393962
12.599996932 12.600033
11.400000202 11.631052
10.599999953 10.7434025
12.399997603 11.891781
11.999998417 12.281142
15.26256943 15.144676
11.699999383 11.853789
11.400000202 11.372457
11.300000237 12.151092
11.500000186 11.535349
13.165501549 12.556713
11.999998417 11.852457
11.900000875 11.986946
11.200000128 11.322315
11.900000875 11.956219
11.1 11.185054
11.200000128 11.368067
13.699980365 12.9196205
11.900000875 11.964442
11.999998417 12.065098
13.8000571 12.755632
11.800000504 11.73346
11.400000202 11.532201
11.300000237 11.808185
11.999998417 11.877722
11.900000875 11.948156
10.900000053 10.383098
11.900000875 12.048298
11.1 11.391829
10.200000019 10.342472
11.1 11.190375
11.699999383 11.812044
11.900000875 11.8326435
11.1 11.093551
11.816698771 11.791475
11.200000128 11.236175
11.1 11.15413
11.200000128 11.112087
12.799991797 12.23266
13.99997427 13.650328
11.1 11.147319
10.200000019 10.381102
11.500000186 11.462936
11.200000128 11.404641
13.600038134 13.499808
14.1 12.731699
11.599999679 11.345108
11.300000237 11.264086
9.798970004 9.860996
11.1 11.409191
11.500000186 11.681255
11.800000504 13.000299
11.800000504 11.848696
10.32184875 10.306309
11.300000237 11.250151
11.1 12.171482
11.1 11.048222
12.499996913 12.170242
11.200000128 11.158496
11.999998417 11.9155245
13.899970733 12.2840605
11.1 11.155926
11.200000128 11.305431
11.999998417 11.977076
11.699999383 11.947467
12.199999035 12.008533
12.399997603 11.850337
11.400000202 11.569568
12.199999035 12.026296
11.800000504 11.86913
12.499996913 12.290014
11.800000504 11.870424
11.900000875 12.128227
11.599999679 11.552234
11.200000128 12.0111475
11.699999383 11.878633
12.199999035 11.679738
11.1 11.133396
9.798970004 9.83717
11.699999383 11.772665
10.1 10.469475
11.200000128 11.280799
12.1 11.460289
11.1 11.163127
11.200000128 11.167217
11.200000128 11.341654
12.499996913 12.521413
11.699999383 11.812069
11.999998417 12.142103
11.1 11.307032
11.300000237 11.408608
11.699999383 11.23556
11.500000186 11.323495
11.200000128 11.198288
12.399997603 12.120984
10.1 10.279018
11.1 11.108877
11.599999679 11.535429
12.599996932 12.188101
10.599999953 10.604666
11.999998417 11.880287
11.599999679 11.536858
11.900000875 12.329787
11.800000504 11.978379
11.599999679 11.442015
11.500000186 11.575134
11.400000202 11.563113
11.900000875 11.711829
13.500007822 13.76346
11.900000875 11.8484
11.999998417 11.898693
11.200000128 11.622362
11.798970004 11.444594
11.1 11.184542
11.400000202 11.378415
11.200000128 11.276961
10.599999953 10.552687
11.1 11.116127
11.300000237 11.381929
11.900000875 11.886271
12.199999035 11.960712
12.899998135 12.273541
14.180398976 13.697665
11.900000875 12.003744
11.800000504 12.080374
11.900000875 11.630501
11.900000875 11.642697
11.1 11.633219
11.599999679 11.830559
11.1 11.254239
11.500000186 11.6252165
12.76756154 12.698578
12.399997603 11.870905
12.199999035 11.811195
11.300000237 11.439986
11.900000875 11.865933
12.299998172 11.688638
11.351037139 11.550861
13.99997427 13.9583645
11.200000128 11.30884
11.1 11.1023655
11.599999679 11.400859
11.300000237 11.463988
12.01721463 12.335684
11.900000875 11.744811
11.500000186 11.413186
12.1 12.373589
11.200000128 11.149361
12.986056648 13.321098
11.1 11.060841
11.300000237 11.258585
11.500000186 11.458078
11.1 11.096764
11.699999383 11.706152
11.200000128 11.730768
11.400000202 11.433044
11.200000128 11.32449
11.200000128 11.41603
11.1 11.136284
11.500000186 11.535431
12.1 11.774376
11.200000128 11.210014
12.899998135 12.716488
10.599999953 10.399431
12.399997603 12.055426
11.200000128 11.204824
15.1 14.698495
10.900000053 10.324368
11.900000875 12.007599
11.300000237 11.349153
11.699999383 11.69624
11.400000202 11.417748
11.699999383 11.293779
11.300000237 11.375644
12.699997654 12.5877
14.298970004 14.242125
12.1 11.837579
11.1 11.058917
11.699999383 11.687149
11.999998417 12.768814
11.599999679 11.578518
11.900000875 11.97511
11.900000875 11.773188
11.900000875 12.111734
12.1 13.343641
14.1 13.805122
11.1 11.083702
11.900000875 11.941572
11.800000504 11.407892
13.364454549 12.58987
11.599999679 11.632238
11.200000128 11.169773
11.200000128 11.211439
11.1 11.19105
11.500000186 11.497074
11.599999679 11.561368
11.400000202 11.359781
13.8000571 13.694145
11.400000202 11.833784
11.200000128 11.225704
11.900000875 11.9390955
11.200000128 11.318194
11.900000875 11.71731
12.1 11.26565
11.999998417 11.893452
11.900000875 11.901885
11.267491087 11.616718
12.757577319 13.134798
11.900000875 11.843647
11.900000875 12.06213
11.200000128 11.461634
11.1 11.0587635
11.900000875 11.876865
11.200000128 11.951243
11.999998417 12.046099
11.300000237 10.964186
11.383996656 11.993282
11.900000875 12.015873
11.401029996 11.058899
11.500000186 11.560245
11.1 11.066693
11.500000186 11.54552
11.300000237 11.690867
11.950048038 12.632383
11.599999679 11.543137
11.300000237 11.56043
11.500000186 11.472791
11.200000128 11.3811035
12.300659451 12.55465
11.300000237 11.252672
12.699997654 12.103911
12.699997654 12.441957
11.699999383 11.89273
11.699999383 11.715055
11.200000128 11.189001
10.1 10.4514885
11.400000202 11.407978
11.596209317 12.016827
11.400000202 11.472815
11.800000504 11.810559
11.1 11.1367035
14.113488861 13.054958
12.794648631 11.82661
11.200000128 11.302698
11.900000875 12.043536
11.777780705 11.651211
11.699999383 11.43379
11.999998417 12.243655
11.900000875 11.886498
11.1 11.222317
11.900000875 11.850146
11.400000202 11.343721
14.400162274 14.463791
11.200000128 11.809916
13.000008766 13.260049
11.900000875 11.924671
13.427902142 12.701697
11.900000875 11.953695
11.400000202 11.314775
12.899998135 12.51774
13.1 12.260214
11.200000128 11.399259
14.1 13.786582
11.300000237 11.361981
11.900000875 11.93486
11.500000186 11.690414
10.702059991 10.679875
11.300000237 11.430979
12.599996932 12.988893
11.900000875 11.716244
10.400000029 10.841698
10.800000069 10.718185
11.900000875 11.905323
11.200000128 11.280998
11.1 11.387978
13.200015437 12.410552
11.200000128 11.206642
11.999998417 11.662508
11.300000237 11.936398
11.200000128 11.22344
11.1 11.314329
11.300000237 11.367238
11.500000186 11.857098
11.699999383 11.800535
11.900000875 12.057238
11.800000504 11.595623
11.200000128 11.325588
12.299998172 12.121936
12.499996913 12.744085
11.800000504 11.983497
11.200000128 11.130932
11.200000128 11.271271
11.900000875 11.885679
10.622878745 10.569331
11.900000875 12.016449
11.200000128 11.2057705
11.800000504 11.840689
11.800000504 11.553627
11.300000237 11.234103
11.699999383 11.444294
11.800000504 12.120753
11.200000128 11.342343
11.500000186 11.568582
10.1 10.301138
13.000008766 12.73362
11.200000128 11.497658
13.99997427 13.364791
11.900000875 11.928054
12.199999035 11.663198
11.300000237 11.677074
11.800000504 11.86227
11.200000128 11.220499
11.300000237 11.496529
13.1 12.651327
11.300000237 11.526566
12.1 11.535407
11.499027104 12.004671
11.200000128 11.197462
11.599999679 11.598966
11.1 11.140133
12.199999035 11.992661
11.200000128 11.35171
11.999998417 11.926563
11.200000128 11.28853
11.1 11.16634
11.500000186 12.755896
14.200179498 13.141495
11.1 11.1722145
11.599999679 11.55367
11.999998417 11.948057
14.1 13.506811
12.299998172 12.467396
11.699999383 11.6000805
12.699997654 12.334508
11.800000504 11.809986
13.000008766 12.446964
11.549999932 11.687794
11.1 11.1952095
11.1 10.940393
11.400000202 11.440504
12.1 11.805948
11.900000875 11.816139
11.599999679 11.630825
11.200000128 11.221178
11.1 11.34153
11.1 11.476686
11.599999679 12.053195
12.599996932 11.537424
10.555931955999998 10.416215
11.1 11.383816
11.500000186 11.54434
11.500000186 11.611222
12.399997603 12.664326
11.999998417 11.989123
13.500007822 13.346444
11.599999679 11.53243
14.700326279 12.696975
13.99997427 14.015283
11.699999383 11.602819
11.200000128 11.32929
11.900000875 11.802929
14.329147988 14.511459
11.300000237 11.436554
11.699999383 11.770337
10.900000053 10.938289
11.900000875 11.945423
11.1 11.097721
11.1 11.083886
11.250000101 11.344331
14.400162274 13.5004835
11.200000128 11.227061
11.200000128 11.356484
11.699999383 11.789587
11.599999679 11.625208
11.175549184 11.360135
12.599996932 12.442063
12.199999035 12.110882
11.200000128 11.388089
11.599999679 11.855116
11.599999679 11.631489
11.800000504 11.44134
11.599999679 11.6204605
11.300000237 11.7949295
10.702059991 11.794756
11.400000202 11.6381445
11.1 11.206586
11.500000186 11.501231
12.1 12.332966
11.699999383 13.021357
11.1 11.069833
11.200000128 11.304003
12.287086643 12.334531
12.799991797 13.147169
11.200000128 11.266617
11.400000202 11.309452
12.1 12.351131
11.999998417 11.9716835
11.1 11.177959
11.900000875 11.935989
11.200000128 11.457864
11.300000237 11.336165
11.999998417 11.9628525
11.200000128 11.408976
11.900000875 11.888536
11.1 11.363264
13.307608311 13.068171
11.1 11.271412
11.200000128 11.211164
11.300000237 11.347621
11.400000202 11.343512
12.899998135 12.096465
11.1 11.121412
11.351811973 11.348976
11.500000186 11.418204
11.900000875 11.929682
11.200000128 11.341742
12.401029996 12.166491
11.800000504 11.845283
12.799991797 12.282818
11.500000186 11.562151
11.1 11.898261
11.200000128 11.382374
11.200000128 11.3039875
11.699999383 11.677908
11.500000186 11.346126
12.020818754 11.383945
12.199999035 12.258675
14.1 12.1910305
11.200000128 11.240664
11.800000504 11.838541
11.400000202 11.403298
10.622878745 11.792205
11.200000128 11.21364
11.800000504 11.898821
11.200000128 11.246269
11.999998417 12.111992
11.1 11.654601
11.400000202 11.414682
11.500000186 11.402179
11.400000202 11.353522
13.000008766 12.512131
11.900000875 11.895887
11.200000128 11.421077
11.1 11.029577
12.799991797 11.55856
11.300000237 11.112921
12.599996932 13.158032
11.900000875 11.878972
14.798970004 13.1541195
11.900000875 11.867164
10.1 10.309313
12.699997654 13.332133
11.999998417 12.573658
11.622878745 11.135244
11.900000875 11.794983
11.200000128 11.202726
11.200000128 11.179493
11.200000128 11.2250805
12.799991797 12.870976
11.900000875 11.873843
11.300000237 11.283219
11.200000128 11.31846
11.200000128 11.233122
11.500000186 11.521367
10.652841969 10.893715
11.500000186 11.438359
11.500000186 11.5025215
11.300000237 11.449509
11.300000237 11.332484
11.900000875 12.069184
11.1 11.059746
11.599999679 11.736387
11.1 10.932634
11.200000128 11.318691
11.300000237 11.337522
14.299970641 13.794564
11.1 11.296806
11.999998417 11.928345
11.200000128 11.180248
13.1 12.876885
11.999998417 12.245728
11.999998417 11.976375
10.622878745 13.133293
10.702059991 10.894704
11.500000186 11.602932
11.1 11.1088505
11.300000237 11.286563
11.800000504 11.590947
11.900000875 11.62194
12.810108202 12.337359
11.800000504 11.646901
11.900000875 11.840422
11.300000237 11.454776
11.1 11.299231
11.800000504 11.797828
13.699980365 13.305937
12.499996913 12.005112
11.175720714 11.560558
11.999998417 11.57801
11.800000504 11.717331
11.200000128 11.205156
11.1 11.252439
11.300000237 11.649485
12.599996932 12.818783
11.1 11.203713
11.500000186 11.460255
10.1 10.786986
10.400000029 10.324778
11.300000237 11.378882
14.500116928 13.933836
11.699999383 11.680141
11.400000202 11.674248
11.500000186 11.539093
11.999998417 11.9370575
11.200000128 11.293662
11.1 11.200336
12.358698968 12.748529
11.200000128 11.440096
11.200000128 11.2950735
11.300000237 12.00281
11.200000128 11.224232
11.200000128 11.185715
13.200015437 13.193806
14.401029996 12.742433
11.800000504 11.773095
12.699997654 11.895321
11.1 11.127152
11.800000504 11.653612
11.400000202 11.433872
11.300000237 11.662851
10.598940738 10.951405
11.300000237 11.341583
12.299998172 12.434046
12.299998172 11.996925
11.999998417 11.865418
13.699980365 12.902676
10.224938737 10.267705
10.622878745 10.750359
11.800000504 11.86098
11.800000504 12.116295
11.401029996 11.086901
11.80333481 12.222971
11.1 12.158071
12.1 12.122016
11.200000128 11.607184
11.900000875 11.889426
11.1 11.0810375
11.900000875 11.900705
11.599999679 11.377984
11.699999383 11.940207
11.699999383 11.706554
11.599999679 11.558431
12.668636236 12.786494
12.299998172 11.961167
11.599999679 11.92326
11.599999679 11.627086
11.800000504 11.387428
11.1 11.081512
11.300000237 11.494546
12.821246399 11.800464
11.900000875 11.232733
12.299998172 12.884938
11.500000186 11.515207
11.900000875 11.853678
11.200000128 11.301378
11.200000128 11.225186
11.300000237 11.419574
11.900000875 11.846195
11.400000202 11.3785715
11.200000128 11.1728115
15.1 14.540885
11.999998417 12.002172
11.200000128 11.564513
11.300000237 11.490223
11.200000128 11.3061075
11.800000504 11.8407
13.600038134 12.76861
13.500007822 13.383687
11.200000128 11.211788
11.1 11.070687
11.200000128 11.39566
11.300000237 11.417203
11.222634556 11.14361
11.1 11.222676
11.1 11.659345
13.000008766 12.93596
12.196367484 12.368802
13.307608311 13.0963125
11.1 11.456177
12.1 11.637645
11.599999679 11.56334
11.699999383 12.025912
11.300000237 11.252108
11.1 11.210638
11.300000237 11.43585
12.499996913 12.631481
11.300000237 11.434485
11.599999679 11.643732
11.599999679 11.603897
11.1 11.115378
11.900000875 11.875996
10.702059991 10.803428
11.1 11.234867
11.500000186 11.790242
11.200000128 11.206923
11.200000128 11.237673
11.900000875 11.899518
13.1 13.128138
11.900000875 12.33649
11.392207325 11.192558
11.500000186 11.396351
10.702059991 10.862957
12.699997654 12.211699
11.699999383 11.717918
11.900000875 12.260844
13.000008766 12.942537
11.599999679 11.711756
11.200000128 11.094398
11.300000237 11.422537
11.400000202 11.398134
11.200000128 11.589671
11.400000202 11.448527
11.953871964 12.066578
12.299998172 11.859765
15.200179498 15.025951
11.1 11.208641
11.1 11.283209
11.622878745 13.039692
11.400000202 11.809797
11.300000237 11.624104
11.300000237 11.791386
11.699999383 11.632132
11.200000128 11.265834
11.400000202 11.626921
11.800000504 11.700111
11.800000504 11.676825
10.800000069 10.908188
11.800000504 11.815356
11.800000504 11.871598
12.299998172 12.107425
13.000008766 12.600534
11.200000128 11.393247
11.800000504 11.790375
11.1 11.269669
10.622878745 10.914682
13.000008766 12.82974
11.200000128 11.198738
11.900000875 12.523678
12.415513708 12.832049
11.800000504 11.609507
11.900000875 11.870466
11.300000237 11.317273
12.196910013 11.888765
11.300000237 11.702898
11.900000875 11.922291
13.500007822 12.959621
13.399988938 11.977224
10.622878745 10.585407
12.1 11.509167
13.899970733 12.448116
11.800000504 11.713184
11.1 11.306526
11.599999679 11.548084
11.599999679 11.476123
11.999998417 11.533415
11.900000875 11.78354
13.299970641 12.371868
11.200000128 11.189018
12.1 11.9749775
13.399988938 13.390018
12.299998172 12.811323
11.500000186 11.739527
11.1 11.147179
12.699997654 12.783196
11.200000128 11.30257
11.300000237 12.324955
11.1 11.227598
11.1 11.2085
11.500000186 12.050482
11.800000504 11.978518
11.599999679 11.389675
11.794648631 11.802696
11.500000186 11.191788
11.699999383 11.668222
11.1 11.085209
11.699999383 11.739622
13.99997427 12.705671
11.400000202 11.322381
13.699980365 13.322716
10.1 9.99515
13.8000571 13.483463
10.1 10.038201
12.799991797 12.187292
11.699999383 11.704963
11.300000237 11.478407
12.899998135 12.075742
11.999998417 12.42345
11.900000875 11.980076
11.900000875 11.95972
12.399997603 12.941011
11.699999383 11.867551
11.800000504 11.805939
11.1 11.358846
11.1 11.23649
11.800000504 11.792519
11.200000128 11.312271
11.800000504 11.807308
11.800000504 11.936797
11.400000202 11.564827
11.599999679 12.043485
11.599999679 11.039084
12.299998172 13.546513
12.499996913 11.473215
13.99997427 12.962362
11.1 11.271925
11.500000186 11.354275
11.800000504 11.888808
11.599999679 11.627234
11.200000128 11.32246
11.999998417 11.98117
11.800000504 11.816184
11.800000504 11.994446
11.699999383 11.652225
11.300000237 11.42519
10.516801225999998 10.53982
11.500000186 12.123121
11.599999679 11.991875
11.1 11.311869
11.200000128 11.34665
13.600038134 12.430358
11.900000875 11.748677
11.599999679 11.67896
11.900000875 11.916664
9.978480976 10.006899
11.599999679 11.6237335
11.1 11.268039
11.300000237 11.47659
11.1 11.140102
13.500007822 12.9471245
11.599999679 11.648699
9.798970004 9.807513
11.900000875 11.883045
12.1 11.751732
11.800000504 11.8924885
11.300000237 11.380526
11.599999679 11.902533
11.900000875 11.944652
11.699999383 11.732273
12.299998172 13.195492
11.400000202 11.407614
13.555931956 12.139355
12.899998135 12.608719
11.200000128 11.255361
11.800000504 11.834061
10.499999968 11.312602
11.200000128 11.423484
12.299998172 12.181103
11.1 11.138128
11.900000875 11.859414
12.1 12.063902
11.520216403 11.460262
11.1 11.146379
13.299970641 12.361856
11.500000186 11.8166275
11.800000504 11.843582
11.300000237 11.398091
11.1 11.655164
11.900000875 12.247218
11.1 11.221034
10.1 10.972427
11.200000128 11.268326
11.300000237 11.340258
11.900000875 12.1817045
12.499996913 11.871427
11.200000128 11.247239
11.200000128 11.53465
11.300000237 11.654478
11.999998417 12.358358
11.900000875 11.94002
14.200179498 13.091726
11.999998417 11.991781
13.32184875 13.162924
11.500000186 11.489419
12.1 11.405035
11.200000128 11.404194
11.800000504 11.950736
11.900000875 12.068577
11.200000128 11.264364
11.200000128 11.18708
13.699980365 12.948075
12.031814138 11.82927
11.400000202 11.896197
11.200000128 11.44856
11.1 12.002248
11.900000875 11.79822
11.497940009 11.634329
11.200000128 11.184771
11.999998417 11.853218
11.599999679 11.34991
11.200000128 11.204253
11.800000504 12.352367
11.800000504 11.780676
11.699999383 11.729475
11.622878745 11.392826
12.799991797 12.609489
11.999998417 11.859322
12.199999035 11.819921
11.699999383 11.993952
12.299998172 12.071949
11.86700389 11.871012
10.300000031 10.318366
12.1 12.335875
11.200000128 11.317089
11.1 11.655149
13.8000571 12.934196
11.900000875 11.865029
12.699997654 12.028494
11.200000128 11.214138
11.500000186 11.419909
11.1 11.394609
11.900000875 11.934327
11.200000128 11.286857
11.900000875 11.934143
9.798970004 11.330183
12.299998172 11.933526
11.200000128 11.13751
11.200000128 11.1762905
11.1 11.135651
11.999998417 12.125961
12.599996932 11.57876
11.800000504 11.7201
11.200000128 11.226928
11.500000186 11.556183
11.900000875 12.068085
11.599999679 11.958435
11.900000875 11.931455
11.900000875 11.878815
11.500000186 11.676324
11.300000237 11.270672
12.899998135 13.509376
11.1 11.30815
11.1 11.254842
11.200000128 11.230508
11.200000128 11.414867
11.599999679 11.813848
12.1 12.287652
11.300000237 11.569338
9.798970004 9.884861
13.32184875 12.857288
11.800000504 11.620838
11.900000875 11.9775
11.900000875 12.015998
14.200179498 12.968115
11.1 11.121833
11.200000128 11.415129
11.1 11.154519
11.900000875 11.776221
11.200000128 11.186372
11.1 11.212817
9.1 9.868159
11.1 11.093544
11.800000504 11.70113
12.199999035 11.74109
11.500000186 11.725662
11.900000875 11.837614
11.999998417 11.806303
11.1 11.623416
11.300000237 11.295412
11.300000237 11.311768
11.699999383 11.882044
10.401029995999998 10.339698
11.599999679 11.645731
11.1 11.295976
11.200000128 11.326633
13.1 13.084175
11.400000202 11.787984
13.299970641 12.818171
11.798970004 11.059549
11.200000128 11.821521
13.046921557 12.7770815
11.400000202 11.334308
11.900000875 12.306118
13.1 12.348117
11.1 11.059315
12.899998135 12.959166
11.200000128 11.16941
11.500000186 11.551093
11.599999679 11.893644
11.500000186 11.556719
11.900000875 11.95277
11.200000128 11.479854
11.599999679 12.472609
11.300000237 11.290741
11.300000237 11.293566
11.800000504 11.862356
11.599999679 11.825288
11.800000504 11.728118
11.300000237 11.451685
12.1 11.693178
11.200000128 11.206696
11.900000875 11.920301
11.200000128 11.212848
11.300000237 11.290361
10.622878745 10.295641
11.500000186 11.407843
10.1 10.481136
11.1 11.166882
12.199999035 11.726697
11.1 11.673463
11.500000186 11.947735
11.500000186 11.464511
11.300000237 11.465862
11.999998417 11.807576
11.999998417 11.985871
11.900000875 11.913235
11.300000237 11.347593
11.1 11.153487
11.900000875 11.878946
9.497940009 9.674432
12.622878745 12.649818
13.8000571 12.491907
11.999998417 12.609247
11.900000875 11.363913
11.400000202 11.392868
11.900000875 11.350452
12.675118363 12.547553
11.800000504 11.649813
11.800000504 11.835665
13.000008766 12.825375
11.1 11.112066
10.581675161 11.175541
12.299998172 12.286423
11.400000202 11.459225
12.199999035 11.9688015
11.1 11.0956
11.900000875 11.533354
11.699999383 11.778633
10.900000053 10.853886
12.699997654 11.977747
11.1 11.221776
11.1 11.196283
11.599999679 11.56566
11.900000875 11.902273
11.1 11.14803
11.200000128 11.203612
13.1 13.072191
11.800000504 11.876649
11.900000875 12.0078535
12.599996932 12.115592
11.1 11.386235
12.299998172 12.609076
12.1 12.248352
11.699999383 11.661423
11.200000128 11.304486
11.1 11.233151
14.200179498 14.330575
12.466531544 12.723723
11.102176919 13.435899
11.300000237 11.293532
11.999998417 11.682223
11.800000504 11.583586
11.300000237 11.505168
11.300000237 11.251984
11.699999383 12.209787
11.800000504 11.761226
11.200000128 11.209693
10.700000074999998 10.656902
11.599999679 11.606874
13.399988938 13.012674
11.999998417 11.9726715
11.250000101 11.278929
12.299998172 12.3736725
11.900000875 11.824882
11.200000128 11.172462
12.1 12.038763
11.500000186 11.471998
11.900000875 11.730853
11.200000128 12.3704815
11.668636236 11.645971
11.500000186 11.612764
11.200000128 11.256733
12.1 12.54148
12.899998135 12.205347
11.800000504 11.767578
11.118531356 11.403472
11.006578315 11.666301
11.500000186 11.497869
11.999998417 11.746998
14.1 12.234037
13.200015437 13.676422
10.401029995999998 10.526825
11.300000237 11.418743
11.800000504 11.943449
11.200000128 11.246991
12.418758763 12.123437
12.799991797 12.298963
10.794648631 11.629993
11.1 11.214506
11.900000875 11.861671
12.798970004 12.606504
10.702059991 10.753455
11.400000202 11.595131
11.200000128 11.422792
11.999998417 11.659305
11.1 11.154222
12.699997654 12.109796
10.702059991 10.7271
14.500116928 13.611904
11.200000128 11.207985
11.900000875 11.622831
11.500000186 11.950768
11.500000186 11.650406
13.219186408 12.816952
12.37083521 13.304736
11.200000128 11.299488
11.400000202 11.457352
11.900000875 12.189264
13.32184875 13.62426
11.599999679 11.602018
12.1 11.816742
11.200000128 11.3745165
11.400000202 11.4795065
10.1 11.631616
12.899998135 12.370495
11.200000128 11.166781
11.1 11.453206
11.699999383 11.790843
11.800000504 11.725046
11.400000202 11.3378315
12.799991797 12.169817
11.400000202 11.979249
11.400000202 11.991751
11.599999679 11.813883
11.200000128 11.420317
10.200000019 10.568112
11.900000875 11.973169
11.900000875 11.964699
11.699999383 11.589657
10.1 11.038157
11.1 11.335125
11.200000128 11.235088
10.401029995999998 11.316845
11.500000186 11.858004
11.200000128 11.195698
11.800000504 12.014191
11.300000237 11.318092
11.599999679 11.3057995
11.300000237 11.206251
14.1 14.053806
11.800000504 11.817805
11.900000875 12.116377
10.200000019 11.195231
12.499996913 12.620598
14.757577319 14.655658
11.594850022 12.144943
11.599999679 11.638636
11.300000237 11.267125
10.293820026 10.388214
11.300000237 11.262091
11.1 11.13033
11.1 11.188797
11.999998417 11.904026
11.1 11.084845
11.1 11.144337
11.900000875 11.888103
11.599999679 11.601705
11.200000128 11.226339
14.314670165 12.529828
11.200000128 11.365231
11.400000202 11.448872
11.1 11.2878685
12.599996932 13.019285
11.1 11.045376
9.622878745 10.237397
11.900000875 11.949162
13.1 11.771547
11.900000875 12.106567
11.800000504 11.992437
11.200000128 11.391125
11.699999383 12.134742
11.699999383 11.787897
11.300000237 11.346331
11.1 11.274195
11.699999383 11.948656
9.798970004 9.99136
11.900000875 12.006048
11.800000504 11.77217
11.200000128 11.250175
11.1 11.221266
14.299970641 13.298255
11.599999679 11.49773
11.500000186 11.505159
11.599999679 11.633379
11.1 11.1290245
12.010094889 12.151383
11.1 11.264544
11.599999679 11.66304
11.300000237 11.35647
11.800000504 11.77939
11.1 11.162213
12.099998305 11.36654
10.700000074999998 11.399308
12.799991797 12.338668
11.196910013 11.001111
11.200000128 11.300894
11.699999383 11.803541
13.399988938 12.0324
13.399988938 13.221855
11.800000504 12.36165
11.200000128 11.329312
11.400000202 11.656704
11.400000202 11.493818
11.900000875 11.982916
11.200000128 11.15453
11.200000128 11.548035
12.299998172 12.084376
12.199999035 12.368113
11.300000237 11.463535
12.499996913 12.354408
11.300000237 11.27427
11.999998417 11.613987
11.1 11.238314
12.1 12.020059
11.200000128 11.188965
11.999998417 11.703602
11.999998417 11.83255
11.300000237 11.387969
11.200000128 11.50576
11.800000504 11.745972
13.299970641 12.758591
11.699999383 12.151865
11.500000186 11.495865
11.200000128 11.51029
12.1 10.909453
11.140958608 11.534664
11.699999383 11.64209
13.550022978 12.035122
14.798970004 14.744963
11.500000186 11.708521
11.300000237 11.368297
11.800000504 11.824194
11.1 11.170524
9.798970004 9.992532
12.499996913 12.256943
11.500000186 11.549721
11.699999383 12.674809
11.599999679 11.821811
11.1 11.106025
10.702059991 10.736868
11.900000875 11.589104
11.456547324 10.963251
11.300000237 11.767813
12.058607315 12.609591
11.900000875 11.968651
11.300000237 11.96966
11.200000128 11.266187
13.899970733 13.372732
11.200000128 11.265291
11.200000128 11.328764
11.300000237 11.3052
10.622878745 10.56845
11.200000128 11.486797
11.1 11.237127
11.200000128 11.141846
10.702059991 10.818175
11.900000875 11.91976
11.900000875 12.0378
10.895880017 10.96236
11.1 11.329841
11.400000202 11.843819
11.800000504 11.876314
11.900000875 12.026987
11.200000128 11.351705
11.404664894 11.2300005
11.200000128 11.245969
11.800000504 11.316359
13.699980365 13.085843
11.200000128 11.552683
13.23667714 13.559296
11.200000128 11.289461
12.299998172 12.254188
11.699999383 12.642047
12.799991797 12.419264
11.200000128 11.267272
11.389741106 11.531924
12.622878745 12.072746
11.999998417 11.940684
11.1 11.174541
14.719788758 14.677021
11.300000237 11.50613
13.000008766 12.578026
11.300000237 11.324509
12.685026652 12.721926
12.499996913 12.361973
11.900000875 12.154636
11.300000237 11.218187
11.400000202 11.384262
11.800000504 11.633928
11.800000504 12.009882
11.200000128 11.447773
11.900000875 11.869028
11.900000875 11.960376
13.699980365 13.02051
11.699999383 11.659809
10.622878745 11.189187
11.400000202 11.376524
11.699999383 11.717556
11.699999383 11.8375435
11.699999383 11.865277
10.400000029 10.157993
13.699980365 13.813336
12.1 11.894524
11.699999383 11.797027
11.900000875 11.880511
11.500000186 11.508663
11.999998417 11.954456
13.533230546 12.590918
10.622878745 10.650996
11.300000237 11.5413265
11.1 11.094686
12.799991797 11.88282
9.798970004 9.821924
11.1 11.112995
11.300000237 11.379103
11.900000875 11.889036
11.699999383 11.700331
11.900000875 12.048413
11.900000875 11.984983
11.1 11.100965
11.999998417 11.854365
11.1 11.181158
11.200000128 11.372897
11.300000237 11.407661
13.299970641 13.004457
11.200000128 11.131182
11.300000237 11.311604
11.300000237 11.484777
11.900000875 12.008342
11.699999383 11.573071
12.399997603 11.68498
11.400000202 11.929911
11.699999383 11.863265
11.400000202 11.370652
13.000008766 13.120264
12.499996913 12.664533
13.000008766 13.469319
11.200000128 11.382272
12.1 11.778803
12.599996932 12.578949
11.900000875 11.754391
11.1 11.517565
11.119999812 11.081391
11.800000504 11.991176
11.300000237 11.264927
11.200000128 11.530698
11.622878745 11.727398
11.900000875 11.58559
11.300000237 11.279585
11.1 11.02164
11.200000128 11.089752
12.115922966 11.789477
12.429754147 11.832308
14.200179498 12.838562
11.599999679 11.799695
11.500000186 11.5111
11.200000128 11.342425
11.200000128 11.386915
13.500007822 13.05685
11.800000504 11.795694
11.500000186 11.953791
11.500000186 11.541819
11.400000202 11.6612215
11.800000504 11.982555
11.300000237 12.219267
11.300000237 11.485725
11.800000504 11.841276
9.798970004 10.232227
11.300000237 11.274034
11.800000504 11.795652
11.800000504 12.626846
11.900000875 11.926674
11.900000875 11.811213
11.200000128 11.193582
11.242667504 11.159571
11.200000128 11.289496
11.400000202 11.527975
10.400000029 10.406733
12.599996932 12.231944
10.400000029 10.4865
12.1 12.157253
11.200000128 11.192404
13.399988938 12.458052
11.699999383 12.224261
11.196910013 11.36945
12.899998135 12.230109
11.500000437 11.751412
11.200000128 11.282132
10.702059991 10.707724
11.900000875 11.947621
12.199999035 11.879766
11.200000128 11.22196
11.200000128 11.351582
11.400000202 11.380757
11.599999679 11.639936
11.500000186 11.306243
13.000008766 12.653547
11.599999679 11.692321
11.900000875 11.671223
11.200000128 11.162118
13.299970641 13.083408
11.300000237 11.349375
11.599999679 11.657644
11.200000128 11.295014
11.699999383 11.812791
13.1 13.066693
11.800000504 11.51468
11.300000237 11.645291
11.058607315 11.14868
11.400000202 11.629169
11.200000128 11.336247
12.599996932 12.073946
11.599999679 12.138721
11.500000186 11.545788
11.200000128 11.37732
11.200000128 11.265573
11.300000237 11.656851
11.699999383 12.102318
11.1 11.176819
11.1 11.244165
11.500000186 11.554301
11.200000128 11.30099
11.200000128 11.206827
12.199999035 11.947146
11.200000128 11.192073
11.800000504 11.934098
11.800000504 11.70368
12.1 12.708234
11.699999383 11.967391
11.500000186 11.510947
11.400000202 11.280463
11.800000504 11.794937
11.699999383 11.466604
13.500007822 14.891508
11.500000186 11.700507
11.599999679 11.780899
11.200000128 11.332244
12.738272164 11.623668
11.1 11.245628
11.699999383 11.678267
11.900000875 11.693214
11.999998417 11.979664
11.900000875 12.30729
13.699980365 13.06875
11.300000237 11.5096655
11.699999383 11.759431
12.1 12.05402
11.800000504 12.236605
12.1 12.267424
11.800000504 11.992965
11.1 11.269262
11.213943352 11.178113
11.900000875 11.896149
11.900000875 12.173874
13.261150909 12.8366165
11.500000186 11.752296
11.900000875 11.858294
10.700000074999998 10.878782
11.800000504 11.996694
14.200179498 13.741044
12.699997654 12.533709
10.400000029 10.678822
11.500000186 11.699794
11.500000186 11.508559
11.300000237 11.371209
13.600038134 11.329468
11.923908741 12.383673
11.300000237 11.444233
11.1 11.114886
11.798970004 11.045783
12.899998135 12.238085
11.300000237 11.117324
11.200000128 11.228336
11.200000128 11.158943
13.850844723 13.667325
9.798970004 9.916377
11.699999383 11.956933
11.400000202 11.397543
11.900000875 11.840901
11.520216403 11.35649
11.900000875 11.9424715
11.500000186 11.552871
11.900000875 11.965594
11.200000128 11.380127
11.900000875 11.879792
11.500000186 11.463013
12.399997603 11.900877
11.900000875 12.75784
11.400000202 11.4958
11.699999383 11.9551325
12.299998172 12.132204
11.500000186 11.215908
11.400000202 11.465658
12.799991797 11.972235
11.400000202 11.517931
11.599999679 12.485201
11.200000128 11.238193
11.1 11.118149
12.499996913 12.889887
11.900000875 11.445954
11.900000875 12.065602
11.400000202 11.995816
11.900000875 12.282118
12.699997654 12.126544
11.401029996 11.047069
11.200000128 11.2407465
10.618987579 10.892738
11.1 11.34503
11.400000202 11.330747
13.32184875 12.486271
11.800000504 11.743511
12.299998172 12.116652
11.800000504 11.758536
11.200000128 11.20316
11.1 11.077957
11.599999679 11.837544
12.299998172 12.157588
14.1 14.573024
11.999998417 12.030979
11.599999679 11.434917
11.599999679 11.399753
11.699999383 11.69335
11.400000202 11.600952
11.999998417 12.086665
12.1 11.60941
12.799991797 12.110507
11.800000504 11.817199
10.401029995999998 10.902391
11.599999679 11.567357
11.500000186 11.571363
11.800000504 11.991445
11.1 11.106509
12.899998135 11.870331
12.1 12.001418
11.300000237 11.286091
11.599999679 11.56066
11.900000875 11.826447
11.500000186 11.46877
11.300000237 11.37941
11.999998417 12.275974
11.699999383 11.930691
11.1 10.9938545
11.200000128 11.383006
13.719788758 13.530845
11.999998417 11.928214
12.199999035 12.673227
11.800000504 11.761858
11.400000202 11.395
11.800000504 12.157753
11.300000237 11.605209
11.200000128 11.058151
11.500000186 11.582564
11.1 11.638655
11.900000875 11.690912
13.1 12.29056
10.401029995999998 10.673095
10.1 10.133677
11.500000186 11.600021
11.1 11.088736
11.800000504 11.804127
11.999998417 12.030809
11.999998417 12.034051
10.1 10.420872
10.900000053 10.770624
12.1 11.507408
11.1 11.306044
11.599999679 11.511665
11.800000504 11.579539
11.200000128 11.332462
11.200000128 11.314394
11.599999679 11.667545
11.400000202 11.487074
11.200000128 11.243382
11.599999679 11.487918
11.1 12.189986
11.300000237 11.599511
11.900000875 11.94699
11.599999679 11.517155
11.999998417 11.929096
11.999998417 11.978113
11.1 11.158883
11.599999679 11.543404
13.000008766 11.776343
13.699980365 13.161694
14.400162274 12.768562
11.500000186 11.867973
11.500000186 11.722501
11.800000504 11.843284
11.500000186 11.624045
11.599999679 11.469325
11.500000186 11.731068
12.199999035 11.810578
10.497940009 10.994768
11.400000202 11.55983
11.900000875 11.621775
11.500000186 11.6343355
11.900000875 11.803668
11.900000875 11.5159445
11.999998417 12.574738
12.1 11.894993
11.400000202 11.215145
10.702059991 11.480633
11.51601664 11.312954
11.300000237 11.842021
11.200000128 11.151115
11.200000128 11.2029505
13.200015437 12.331323
11.900000875 11.798558
11.900000875 11.5801525
11.599999679 12.086572
11.599999679 11.477279
11.1 11.019719
11.300000237 11.458798
11.599999679 11.4206295
11.500000186 11.7343855
12.799991797 11.958708
14.299970641 13.186935
11.400000202 11.585699
11.500000186 11.47635
12.1 12.376627
11.1 11.115206
11.500000186 11.762524
11.300000237 11.542566
11.300000237 11.518889
11.200000128 11.244402
11.528291168 11.444587
11.1 11.16699
12.199999035 12.142675
11.200000128 11.188146
11.1 11.11323
11.300000237 11.450991
11.300000237 11.515093
11.300000237 11.552246
11.900000875 11.846687
10.622878745 10.633937
11.400000202 11.450192
12.899998135 12.615977
11.500000186 11.366973
11.1 11.017059
11.500000186 11.920722
13.1 12.527682
11.900000875 11.833625
11.699999383 11.746595
11.500000186 11.387607
11.200000128 11.211825
11.900000875 11.953654
11.200000128 11.234202
11.599999679 11.237146
11.200000128 11.246323
11.900000875 11.904758
11.1 11.228831
11.599999679 11.802201
11.500000186 11.492216
10.702059991 10.7440815
11.200000128 11.27614
11.300000237 11.462517
13.399988938 12.584673
13.1 13.066685
12.399997603 11.921776
11.900000875 12.026968
12.699997654 12.676412
11.500000186 11.755066
11.32184875 10.999832
11.1 11.159803
11.900000875 11.745722
12.399997603 12.039889
9.986056648 10.058753
11.599999679 12.14074
10.401029995999998 11.122161
11.300000237 11.41778
11.200000128 11.193476
11.200000128 11.505457
11.800000504 11.819127
11.1 11.756746
11.900000875 12.247433
11.900000875 11.969017
11.699999383 11.741136
11.999998417 11.737744
11.200000128 11.576197
11.800000504 11.777959
13.200015437 13.10938
11.1 11.422564
13.738272164 13.655909
11.200000128 11.224588
11.400000202 11.627053
10.564010047 11.011443
11.1 11.272238
11.900000875 11.8906765
12.437242168 12.344011
11.200000128 11.176893
11.500000186 11.530723
11.500000186 11.427996
11.900000875 11.725575
11.599999679 11.711323
11.1 11.2841015
11.500000186 11.515358
11.699999383 11.382212
11.200000128 11.17667
11.900000875 11.914996
11.599999679 11.818104
11.200000128 11.163104
11.400000202 11.431858
12.499996913 11.80128
10.700000074999998 10.520827
11.800000504 11.796748
13.399988938 12.066993
13.200015437 12.228555
11.900000875 12.016457
11.699999383 11.480843
11.900000875 11.884988
11.200000128 11.304271
11.699999383 11.819673
11.200000128 11.22438
12.814442691 12.349689
11.999998417 11.763292
11.500000186 12.259304
11.1 11.14983
11.903271277 11.6259775
11.500000186 11.508789
11.400000202 11.310801
11.1 11.53157
11.300000237 11.242384
11.500000186 11.711385
11.204387081 11.345784
10.1 11.304908
14.1 14.15276
11.400000202 11.731356
12.699997654 13.105118
13.000008766 12.355809
11.500000186 11.966852
11.500000186 11.5478525
11.200000128 11.2057495
11.400000202 12.08482
11.500000186 11.558537
11.900000875 11.848827
11.300000237 11.480289
11.900000875 11.7954855
11.200000128 11.341017
11.1 11.145533
11.599999679 11.39273
11.108773924 11.14954
11.200000128 11.277001
11.800000504 11.876665
11.999998417 12.5279255
10.1 10.249055
11.900000875 12.085527
12.899998135 12.54337
11.500000186 11.751984
11.200000128 11.512062
11.300000237 11.2061405
12.299998172 12.358628
11.300000237 11.675709
10.200000019 10.25836
11.800000504 12.315376
11.900000875 11.934202
11.200000128 11.313446
11.800000504 11.795242
11.599999679 11.900579
11.200000128 11.474018
11.200000128 11.351087
12.199999035 12.1266575
13.000008766 13.078449
11.200000128 11.313148
11.200000128 11.242128
11.699999383 11.4183235
11.900000875 11.906508
11.200000128 12.186426
11.1 11.128187
11.900000875 11.833036
11.200000128 11.21272
11.200000128 11.356732
13.299970641 13.430018
11.699999383 11.968019
11.699999383 11.615292
12.499996913 12.465623
11.699999383 11.566257
11.200000128 11.536655
11.699999383 11.721829
14.700326279 13.877679
10.622878745 10.693554
11.300000237 11.268728
13.1 11.823812
11.900000875 11.839277
13.8000571 12.808319
12.199999035 11.842586
11.500000186 11.92568
11.300000237 11.349375
11.500000186 11.621927
11.200000128 11.789018
11.999998417 11.631043
11.200000128 11.657555
11.599999679 11.934256
11.800000504 11.7731905
11.401029996 11.812903
11.1 11.098994
13.200015437 13.01205
13.899970733 12.646359
11.500000186 12.02177
11.32184875 11.342373
12.399997603 11.743668
13.138838257 12.275112
9.668636236 9.738037
12.668636236 12.312929
11.200000128 11.232046
13.200015437 12.772429
11.800000504 11.824066
11.1 11.122061
11.500000186 11.550133
11.200000128 11.348875
10.622878745 11.262747
12.599996932 13.5970335
14.844727495 14.850938
11.500000186 11.701631
12.199999035 11.982174
13.299970641 12.347435
11.1 11.108356
11.290440285 11.312433
11.599999679 11.859926
12.199999035 11.490178
11.900000875 12.359181
11.699999383 11.8315525
13.299970641 12.829447
11.500000186 11.5401535
12.499996913 12.0745945
11.1 11.069379
11.200000128 11.19152
11.400000202 11.393522
11.500000186 11.7977085
12.899998135 12.649063
11.999998417 11.947318
14.500116928 13.200992
12.199999035 11.866058
12.1 11.202453
11.699999383 11.718569
11.500000186 11.927096
11.1 11.127739
12.599996932 12.861276
11.1 11.407329
13.8000571 13.120998
11.200000128 11.190577
11.900000875 12.073795
11.599999679 11.6194515
11.699999383 11.425275
12.799991797 11.883079
14.1 12.420845
11.300000237 11.37206
11.1 12.613603
11.699999383 11.645488
11.200000128 11.259014
12.499996913 12.412092
14.256437269 12.965393
11.800000504 12.227756
11.599999679 11.842317
11.800000504 11.988985
12.599996932 12.23409
10.497940009 10.590429
12.299998172 11.477331
11.200000128 11.287006
11.200000128 11.531692
11.200000128 11.310405
13.000008766 12.081273
12.399997603 11.793172
11.200000128 11.329323
10.300000031 10.447343
11.200000128 11.160946
12.798970004 12.24832
11.699999383 11.921877
11.900000875 11.888783
12.499996913 12.144624
11.400000202 11.484522
11.300000237 11.54819
11.400000202 11.409508
12.699997654 11.53425
11.300000237 11.38853
11.500000186 11.543856
11.900000875 11.884107
11.1 11.096155
11.900000875 11.967001
11.699999383 12.052753
11.599999679 11.529262
14.700326279 13.35117
11.200000128 11.336759
11.900000875 11.788228
11.699999383 11.661436
12.149998157 11.676743
10.900000053 10.757493
11.500000186 11.565029
11.497940009 11.666055
14.1 14.033965
11.699999383 12.169031
10.401029995999998 10.430471
11.500000186 11.546083
11.300000237 11.82606
11.900000875 11.835486
12.799991797 12.764315
12.379840697 11.357714
11.900000875 11.822517
11.800000504 11.7051325
11.1 11.089508
11.200000128 11.21374
11.200000128 11.156458
11.200000128 11.611092
10.499999968 10.312933
11.900000875 11.89328
13.000008766 13.144511
13.8000571 13.504072
10.738272164 10.763237
13.600038134 13.131052
11.599999679 11.675436
11.200000128 11.203533
11.500000186 11.599888
11.400000202 11.294985
11.699999383 14.437709
11.500000186 11.638556
11.1 11.167486
12.899998135 12.440573
11.400000202 11.523189
13.8000571 12.947932
11.1 11.098657
12.699997654 12.527446
11.900000875 11.73639
13.600038134 12.977197
11.300000237 11.392587
11.400000202 11.373833
13.699980365 12.746311
12.299998172 12.226743
12.020818754 11.908873
11.1 11.264961
13.500007822 12.5107565
14.1 14.225764
11.200000128 11.188543
11.500000186 11.501841
11.200000128 11.347043
11.200000128 11.3578
11.200007783 11.620135
13.1 13.129077
11.800000504 11.710899
11.200000128 11.240461
14.151198144 13.066503
11.699999383 11.687781
11.1 11.270327
11.800000504 11.786356
11.200000128 11.224705
13.000008766 12.65958
10.555931955999998 11.664818
11.200000128 11.204147
11.200000128 11.646591
11.500000186 11.460689
11.800000504 12.168626
11.400000202 11.398575
11.599999679 11.855095
11.200000128 11.349889
11.200000128 11.215906
11.400000202 11.414516
11.999998417 11.931038
10.499999968 10.615757
11.800000504 11.784373
10.622878745 10.839776
11.300000237 11.455057
11.900000875 11.8812685
10.196910013 10.150661
11.200000128 11.796218
10.637602002 10.765537
11.200000128 11.212587
11.999998417 11.942989
11.800000504 11.753802
12.199999035 12.108453
11.500000186 11.769704
11.999998417 11.9274845
11.1 11.548627
11.300000237 11.443115
11.10656377 11.780339
11.1 11.355386
11.300000237 11.507195
11.300000237 11.443991
12.149999517 11.598672
11.1 11.093449
11.999998417 11.938908
11.400000202 11.599444
11.300000237 11.587843
10.622878745 10.592597
11.500000186 11.608257
11.300000237 11.594808
11.800000504 11.890678
11.900000875 11.920118
12.986056648 12.957033
10.200000019 10.442041
11.900000875 11.89171
11.200000128 11.243462
11.1 11.333753
10.400000029 10.762312
11.699999383 11.734943
11.699999383 11.710563
11.200000128 11.172408
11.200000128 11.226117
11.300000237 11.677803
11.300000237 11.3936825
11.599999679 11.746585
11.1 11.120098
11.500000186 11.544826
13.200015437 11.98443
11.881983864 11.810153
11.800000504 11.77173
11.699999383 11.6428
11.699999383 11.486726
13.399988938 13.600384
11.599999679 11.556065
11.200000128 11.355583
11.800000504 11.827793
11.400000202 11.43116
11.999998417 11.587675
12.799991797 11.754745
10.702059991 10.678354
10.1 11.077242
12.799991797 12.630442
11.900000875 11.646586
11.800000504 12.004515
13.899970733 12.317305
10.702059991 10.857872
11.999998417 11.971331
11.300000237 11.307842
13.500007822 12.3947115
11.400000202 11.421156
11.200000128 11.629916
11.900000875 12.010719
11.300000237 11.292157
11.1 11.105229
11.1 11.108658
11.900000875 11.954974
12.599996932 12.313308
11.300000237 11.422017
11.800000504 11.79042
10.700000074999998 10.572468
11.900000875 11.937681
11.300000237 11.568618
11.599999679 11.379549
10.400000029 10.813582
11.500000186 11.477785
11.200000128 11.264876
11.900000875 11.924756
11.599999679 11.801634
12.599996932 12.128025
11.655955204 11.246022
11.599999679 11.563673
11.1 11.245873
11.500000186 11.642163
11.500000186 12.353005
11.1 11.13852
11.200000128 11.236799
11.400000202 11.639575
11.200000128 11.40934
14.500116928 12.928913
11.900000875 11.864514
13.437242168 12.339558
11.599999679 11.424916
13.1 13.6491585
11.200000128 11.357809
12.199999035 12.373006
12.499996913 12.323084
13.000008766 12.831955
11.300000237 11.285597
12.136212173 12.209055
11.500000186 11.489462
11.500000186 11.90131
11.500000186 11.522033
13.500007822 14.025017
11.900000875 12.139662
12.1 11.127613
11.400000202 11.2141905
11.599999679 11.518531
11.200000128 11.258219
11.300000237 11.422192
14.901342913 12.898808
11.1 11.691817
9.893174124 10.061468
11.699999383 11.560049
11.900000875 11.915531
11.599999679 11.368578
11.200000128 11.405614
11.800000504 11.982537
11.800000504 11.881077
12.199999035 12.3798685
11.1 11.152844
11.699999383 11.867918
11.699999383 11.668385
11.900000875 12.454651
11.200000128 11.29203
13.299970641 13.514318
11.1 11.327866
11.200000128 11.334829
11.599999679 11.674999
11.800000504 11.656829
11.999998417 11.428619
11.300000237 11.4423275
9.622878745 10.187767
11.699999383 11.717179
11.500000186 11.512536
10.336572006 10.62582
12.299998172 12.085389
10.775511767 11.266608
11.599999679 11.407502
11.900000875 11.872306
10.700000074999998 10.408005
12.199999035 11.692686
11.1 11.428833
11.500000186 11.624559
14.901342913 14.500889
12.599996932 12.493017
11.300000237 11.31925
11.200000128 11.445773
11.800000504 11.820137
11.800000504 11.8684845
11.500000186 11.440331
11.800000504 11.7146015
12.199999035 11.776767
12.172629637 12.051369
11.900000875 11.814606
11.599999679 11.731157
12.899998135 13.229126
12.299998172 12.268207
11.400000202 11.539985
11.1 11.125968
11.400000202 12.137778
11.699999383 11.645718
11.599999679 11.526155
11.800000504 11.912514
13.108773924 12.246487
11.500000186 11.458155
15.299970641 15.475675
12.769586227 12.770123
12.399997603 11.989124
13.399988938 12.489136
12.196910013 12.376385
11.500000186 11.329987
14.1 13.758888
13.899970733 13.537589
12.020818754 11.301952
11.900000875 11.874224
11.900000875 12.0366
11.800000504 11.765152
10.224938737 10.236454
11.200000128 11.340181
11.699999383 11.646251
11.699999383 11.892297
12.199998718 12.219021
10.1 10.193136
10.200000019 10.31659
14.622878745 13.099831
11.699999383 11.594611
11.300000237 11.556607
12.399997603 11.946173
12.1 11.754661
10.1 10.677382
11.900000875 11.820953
11.900000875 12.006704
12.399997603 12.306059
11.599999679 11.578616
11.800000504 11.675839
13.000008766 12.367279
12.895880017 12.655019
11.500000186 11.7163105
13.8000571 13.184622
11.900000875 11.824989
11.900000875 11.906223
11.999998417 11.27554
11.500000186 11.47419
11.200000128 11.229859
11.1 11.217165
11.900000875 11.959603
11.800000504 11.799107
11.699999383 11.634222
11.699999383 11.393917
12.699997654 12.618467
11.599999679 11.266111
11.1 11.236733
11.000000142 10.568895
11.543697499 11.135455
11.300000237 11.432905
11.800000504 11.752975
11.500000186 11.579086
12.923908741 12.716257
11.999998417 12.335415
12.399997603 12.027206
11.900000875 11.90394
11.188309841 12.090945
12.599996932 12.205202
11.599999679 12.229234
12.1 11.474855
11.400000202 11.378626
11.500000186 11.2841015
12.199999035 11.892421
13.8000571 12.433744
12.599996932 11.846619
12.199999035 12.640921
11.900000875 11.9212265
11.300000237 11.357708
11.300000237 11.382647
11.307608311 11.415431
11.200000128 11.191614
11.400000202 11.286243
10.300000031 10.484955
10.200000019 10.354198
11.200000128 11.309601
10.200000019 10.644712
11.200000128 11.368064
11.1 11.215783
13.1 12.504565
13.000008766 12.629101
11.900000875 11.809475
11.1 11.076478
11.800000504 11.912358
11.599999679 11.641464
11.200000128 11.247378
12.1 11.893189
12.199999035 11.882196
11.300000237 11.218389
14.299970641 13.533554
11.1 11.150246
11.1 11.091681
11.500000186 11.613327
11.1 11.116452
11.200000128 11.193977
12.799991797 11.657019
13.899970733 13.4334345
11.599999679 11.644466
11.884775977 11.810366
11.599999679 11.809088
11.300000237 11.319787
11.1 11.30995
11.599999679 11.826187
11.500000186 11.217166
14.155517328 14.1296425
11.200000128 11.181771
11.800000504 11.782573
11.1 11.194731
11.800000504 11.8912735
11.200000128 11.210399
11.999998417 11.519723
11.400000202 11.344831
11.500000186 11.447789
11.92693642 11.882187
11.300000237 11.293257
11.699999383 11.237471
11.702059991 11.404982
11.1 11.368644
11.1 11.164675
10.900000053 10.832462
11.401029996 11.487192
11.599999679 11.692226
14.1 12.74255
11.1 11.084093
12.599996932 11.766154
11.900000875 12.007141
11.900000875 11.989289
11.900000875 11.997649
11.200000128 11.21316
13.200015437 12.546568
11.000000142 10.711779
11.500000186 11.505355
12.65129368 12.570912
11.500000186 11.457898
10.800000069 11.699522
11.400000202 11.493935
11.1 11.036251
11.599999679 11.657326
12.299998172 13.014594
11.800000504 11.822262
12.317527376 12.054246
13.986056648 12.581446
11.1 11.133547
12.299998172 11.837208
11.200000128 11.333874
11.699999383 11.747311
11.200000128 11.164926
12.199999035 12.167366
11.800000504 11.601748
11.800000504 11.755035
11.400000202 11.449694
11.1 11.134412
11.500000186 11.454863
11.900000875 12.161742
11.999998417 11.910153
11.699999383 11.526517
11.1 11.104275
11.300000237 11.323648
11.200000128 11.398365
11.300000237 11.581362
11.400000202 11.371926
10.499999968 10.661703
11.599999679 11.863736
10.1 10.156879
10.1 10.338031
11.500000186 11.703747
13.399988938 12.095024
11.500000186 11.526543
11.699999383 11.582319
13.000008766 13.319393
11.200000128 11.213514
11.1 11.336073
12.199999035 11.616299
11.800000504 11.775736
11.599999679 11.673562
12.199999035 12.27964
11.200000128 11.173813
11.599999679 11.881568
11.1 11.091822
11.500000186 11.455791
11.1 11.192183
11.1 11.207734
11.699999383 11.774005
11.1 11.252727
11.800000504 11.846309
11.1 11.549586
11.200000128 11.302505
10.702059991 10.746508
11.963279433 11.395119
13.500007822 12.921989
11.900000875 11.968118
11.200000128 11.136199
11.900000875 12.000873
11.1 11.206315
12.299998172 12.256132
12.199999035 11.982676
11.1 11.142673
11.900000875 11.757373
12.399997603 12.460056
11.500000186 11.598719
11.999998417 11.965817
12.399997603 12.290831
11.200000128 11.267038
10.622878745 10.931746
11.200000128 11.210589
11.1 11.193519
10.400000029 10.622636
11.800000504 11.810648
10.200000019 10.267363
11.900000875 11.851934
14.299970641 13.352403
11.699999383 11.751982
11.999998417 12.193226
11.200000128 11.39741
11.699999383 12.176702
11.300000237 11.347492
11.200000128 11.237715
11.400000202 11.696369
11.800000504 11.914042
11.800000504 11.822415
10.798970004 10.950102
11.300000237 11.608261
12.299998172 12.145067
11.300000237 11.45177
13.899970733 12.373236
11.800000504 11.801456
10.599999953 10.639318
11.300000237 11.324206
11.400000202 11.425793
11.401029996 11.5450735
11.500000186 11.564314
10.300000031 10.325118
13.798970004 13.855448
11.599999679 11.793303
11.1 11.414307
11.200000128 11.69636
12.340955533 12.184976
11.200000128 11.176821
11.800000504 12.029301
11.900000875 11.97876
13.777780705 13.874971
11.599999679 11.602465
11.900000875 11.791272
12.42027199 12.2979
13.600038134 12.013368
12.299998172 12.675962
11.200000128 11.577501
11.400000202 11.497213
12.872113295 12.055811
11.1 11.122299
13.99997427 12.78046
10.895880017 10.98061
11.300000237 11.678236
11.200000128 11.295072
11.699999383 12.006474
11.200000128 11.646951
11.800000504 11.849632
13.500007822 13.026731
11.1 11.2476
11.200000128 11.236094
12.199999035 11.79681
11.900000875 11.867746
11.1 10.817276
11.599999679 11.529559
10.401029995999998 10.458269
11.200000128 11.16597
13.600038134 11.288569
11.900000875 11.818711
11.200000128 11.16701
11.800000504 12.09315
11.200000128 11.581255
11.200000128 11.356966
11.200000128 11.250975
11.968060705 12.230323
11.699999383 11.7166
11.400000202 11.844278
11.1 11.255859
14.600312917 14.31344
13.58148606 13.46255
11.1 11.181124
10.555931955999998 10.492366
11.200000128 11.4091
11.200000128 11.201817
10.759555885 10.815941
11.200000128 11.223146
12.577555766 12.089063
11.800000504 11.451755
11.1 11.028557
11.599999679 11.640063
12.899998135 12.42465
13.399988938 13.330223
11.401029996 11.380597
11.1 11.138245
11.500000186 11.337635
11.200000128 11.303515
11.999998417 12.260181
11.300000237 11.34763
11.1 11.235288
14.200179498 13.854189
13.1 12.451833
11.622878745 11.537865
11.900000875 11.973006
11.900000875 11.884469
11.900000875 11.8806505
15.1 14.54715
11.200000128 11.374195
11.200000128 11.212536
11.200000128 11.236063
11.1 11.331956
11.599999679 11.643342
11.999998417 12.116721
11.400000202 11.5647545
11.500000186 11.933099
11.1 11.18709
11.699999383 11.895733
11.900000875 11.86205
13.1 13.011981
11.400000202 11.364286
11.200000128 11.260401
11.699999383 11.710379
11.500000186 11.52647
11.1 11.299072
12.299998172 12.032247
13.32184875 11.620901
11.1 11.137311
11.900000875 11.971664
11.699999383 11.641324
11.1 11.431339
11.699999383 11.564175
11.900000875 11.92912
13.600038134 12.065866
11.800000504 11.779571
11.900000875 11.961728
10.200000019 10.334121
12.299998172 12.934949
11.400000202 11.395085
12.299998172 12.182504
11.500000186 11.378502
10.400000029 10.943663
12.199999035 12.4127
11.800000504 12.040441
11.900000875 11.996339
11.400000202 11.609695
11.300000237 11.490859
11.300000237 11.595862
11.800000504 11.995159
12.399997603 12.497778
10.700000074999998 11.279169
11.200000128 11.133249
11.800000504 11.70706
11.1 11.217405
11.500000186 11.650952
11.800000504 11.752222
12.1 12.185282
11.300000237 11.40396
11.599999679 11.589255
11.200000128 11.218138
11.800000504 12.429177
11.800000504 12.611102
11.719788758 11.488474
13.299970641 11.388595
11.300000237 11.307222
11.1 11.127255
12.699997654 12.942243
11.449999756 11.501055
11.668636236 11.940401
13.401029996 13.120344
11.900000875 12.000219
11.1 11.202042
11.1 11.267677
12.899998135 11.671537
11.200000128 11.260247
11.400000202 11.60613
11.433578867 11.737734
11.1 11.222918
11.200000128 11.282883
11.300000237 11.2777
11.999998417 12.062298
11.999998417 11.982008
11.25490196 13.502296
11.400000202 11.638115
11.900000875 11.796972
11.300000237 11.375603
11.650000064 11.42919
10.800000069 11.197145
12.799991797 12.7007065
11.200000128 11.352741
11.500000186 11.748962
11.999998417 11.589451
11.400000202 11.453928
11.900000875 11.899558
11.200000128 11.21472
15.219186408 14.747003
11.500000186 11.698137
10.622878745 10.728096
11.200000128 11.265579
11.200000128 11.5492
11.300000237 11.341443
11.800000504 11.912327
11.699999383 11.854944
11.300000237 11.3127575
10.401029995999998 10.360363
11.599999679 11.806452
11.300000237 11.338054
11.200000128 10.976834
11.400000202 11.390961
12.1 11.963843
11.999998417 12.205305
11.300000237 11.435931
11.900000875 11.914202
11.1 11.137111
11.200000128 11.1700535
11.1 11.187188
14.500116928 13.799995
11.400000202 11.452048
11.500000186 11.495027
11.200000128 11.208271
11.300000237 11.413281
10.499999968 10.627437
11.500000186 11.7189455
11.900000875 11.925586
10.702059991 10.662596
12.399997603 12.130747
10.662249437 11.024164
12.175720714 11.524359
11.800000504 11.751602
14.299970641 14.022097
11.599999679 11.52833
11.200000128 11.4135065
11.500000186 11.913672
11.900000875 11.910445
12.599996932 11.792802
11.300000237 11.595572
11.92693642 11.897123
11.800000504 11.87131
13.299970641 13.254155
11.599999679 11.703438
11.500000186 11.383376
13.99997427 13.603796
13.048454074 12.637732
11.1 11.089414
11.300000237 11.406273
11.1 11.027714
11.300000237 11.293322
11.1 11.315987
12.1 12.296996
12.628708289 12.90691
11.699999383 11.748639
11.699999383 11.573378
11.497940009 11.479662
11.750000101 11.45953
11.900000875 11.813811
11.800000504 11.793946
11.599999679 11.595991
13.299970641 13.616246
11.599999679 11.85574
12.199999035 12.064028
11.200000128 11.278391
11.800000504 11.826038
11.999998417 11.955474
11.699999383 11.665082
11.200000128 11.209047
11.800000504 11.910739
11.400000202 11.430712
11.599999679 11.404327
11.1 11.167832
11.800000504 11.789484
11.800000504 11.415368
11.699999383 11.868388
14.500116928 13.344654
11.200000128 11.3489485
11.800000504 11.900498
11.900000875 11.944657
12.112837225 11.354562
12.199999035 12.056542
11.1 11.931497
11.800000504 11.686584
11.497940009 12.286484
11.300000237 11.334035
11.500000186 11.591178
11.300000237 11.318993
11.300000237 11.211204
11.300000237 11.312183
11.699999383 11.770173
11.900000875 11.762718
11.500000186 11.448086
11.300000237 11.307302
11.900000875 11.875531
11.500000186 11.71114
12.899998135 12.093328
11.500000186 11.570894
14.500116928 13.713642
11.599999679 11.864997
11.1 11.05271
13.600038134 12.843749
11.1 11.888252
11.599999679 11.682804
11.200000128 11.260517
11.500000186 11.519535
11.400000202 11.376485
11.999998417 11.730576
11.1 11.165543
13.738272164 13.901768
11.699999383 11.587718
11.300000237 11.501548
11.300000237 11.686582
11.599999679 12.307217
13.200015437 12.405825
11.1 11.193231
11.200000128 11.248586
12.685026652 11.766529
11.900000875 11.895217
11.699999383 10.670109
11.500000186 11.4700165
11.200000128 11.3502035
11.900000875 11.883423
11.800000504 11.955022
11.400000202 11.252198
12.199999035 12.109283
11.900000875 11.804279
11.599999679 11.862277
11.900000875 11.746556
11.798970004 11.6895
11.400000202 11.537896
11.150000064 11.3714695
11.400000202 11.263702
12.028117993 11.336546
12.299998172 11.928147
12.299998172 12.40769
11.999998417 11.803777
11.300000237 11.320708
10.622878745 10.944429
11.200000128 11.265994
11.999998417 11.700529
14.500116928 13.335588
11.300000237 11.303845
11.800000504 12.273612
11.300000237 11.4516
11.699999383 11.681967
11.900000875 11.936829
11.200000128 11.765929
11.900000875 11.87576
11.300000237 10.992423
12.399997603 11.951396
12.299998172 12.382372
11.500000186 11.476346
11.900000875 11.719635
10.300000031 11.256105
10.497940009 11.139089
11.900000875 12.146949
11.1 11.282321
11.900000875 11.887175
11.599999679 11.755621
11.344125144 11.626944
11.200000128 11.381769
11.400000202 11.758184
11.500000186 11.59443
11.999998417 11.928864
11.400000202 11.684536
11.400000202 11.545439
12.69345982 13.557972
11.300000237 11.544249
11.200000128 11.743471
11.400000202 11.315965
11.1 11.399075
11.999998417 11.663806
11.1 10.97771
11.200000128 11.172861
11.599999679 11.60676
11.1 11.095557
11.500000186 11.579775
13.000008766 12.103479
11.500000186 12.017217
11.1 11.372747
11.200000128 11.226549
13.600038134 13.537748
11.800000504 12.178246
11.800000504 11.428825
10.702059991 10.795528
13.1 12.204271
13.399988938 13.031409
11.200000128 11.390274
11.300000237 11.718973
11.599999679 11.7106
14.901342913 14.22592
11.699999383 11.586758
11.599999679 12.326547
11.1 11.145167
11.200000128 11.140974
12.299998172 12.267942
11.200000128 11.223825
11.200000128 11.317247
11.900000875 11.8872
11.1 11.101469
11.1 11.1125
11.200000128 11.486769
12.699997654 12.729934
11.999998417 12.244386
11.900000875 11.774103
14.10002863 13.507629
11.200000128 11.482075
11.599999679 11.502102
11.900000875 11.867147
11.500000186 11.545915
11.200000128 11.463386
12.699997654 12.406195
11.719788758 11.203371
11.900000875 12.030064
11.599999679 11.7779665
11.699999383 11.908852
13.000008766 11.463148
13.600038134 12.493861
11.999998417 11.98096
10.300000031 10.460373
12.199999035 12.578136
11.200000128 11.222341
9.890484985 9.991888
11.599999679 11.725404
11.300000237 11.296578
11.400000202 11.904496
11.500000186 12.443906
12.899998135 12.802659
11.999998417 11.958837
11.293820026 11.72249
11.300000237 11.77983
12.299998172 11.789372
11.175305061 11.217831
12.599996932 11.787183
11.300000237 11.284321
11.200000128 11.198514
10.1 10.332865
13.99997427 13.947955
13.1 13.081026
11.500000186 11.486324
11.599999679 11.644401
11.900000875 11.947293
11.999998417 11.908742
11.200000128 11.277688
11.1 11.15837
11.200000119 11.4519415
11.300000237 11.30982
11.1 11.219851
11.356133347 11.235481
11.1 11.17521
11.699999383 11.683382
12.499996913 12.223258
11.1 11.107954
13.299970641 13.045667
13.798970004 13.476452
11.599999679 11.642607
11.400000202 11.395378
11.900000875 11.87175
12.299998172 12.094694
11.900000875 12.066228
13.000008766 12.934712
11.999998417 11.975326
11.699999383 11.843068
11.300000237 11.402979
12.1 11.266895
11.1 11.165763
10.622878745 10.554735
11.200000128 11.22095
13.1 12.448279
12.199999035 12.265109
11.1 11.316645
14.497940009 14.887962
11.200000128 11.29741
11.200000128 11.297644
11.800000504 11.853107
11.900000875 11.877879
11.900000875 11.849852
11.699999383 11.878746
11.800000504 12.442243
11.699999383 11.800943
13.000008766 12.243096
12.499996913 12.570589
11.32184875 11.081075
11.300000237 11.34709
12.899998135 12.081675
11.599999679 12.301823
11.500000186 11.541345
10.401029995999998 11.223244
11.800000504 11.755496
11.999998417 11.856783
12.799991797 12.797649
11.699999383 12.699778
11.900000875 11.90414
11.400000202 11.432888
11.200000128 11.122225
11.200000128 11.222493
11.1 11.16266
11.699999383 11.736652
11.900000875 11.978252
11.400000202 11.558351
11.699999383 11.704933
11.900000875 11.891329
11.999998417 11.671989
12.899998135 11.678053
11.800000504 12.587875
10.200000019 10.213416
11.300000237 11.29599
13.1 13.382278
12.199999035 12.037863
12.469550165 11.866032
10.499999968 11.358032
11.599999679 11.4370575
10.499999968 10.477032
11.1 11.108779
11.900000875 11.930928
11.500000186 11.648214
13.600038134 12.838411
11.300000237 11.277655
11.900000875 11.544924
11.300000237 11.429229
11.1 11.0750675
11.500000186 11.537623
12.899998135 12.308893
11.200000128 11.330412
11.599999679 11.560294
11.999998417 12.14969
12.799991797 12.638189
12.699997654 12.30496
11.1 11.47122
11.1 11.137545
11.1 11.111256
11.1 10.830776
11.300000237 11.359703
13.000008766 13.06653
11.1 11.144882
11.800000504 12.037969
11.400000202 11.536268
11.200000128 11.296017
11.999998417 11.234987
11.699999383 11.648088
13.500007822 12.476931
11.300000237 11.546953
11.999998417 12.199482
11.800000504 11.839083
10.145757491 10.087469
11.900000875 11.662447
11.900000875 11.848879
11.500000186 11.222241
10.700000074999998 10.648322
11.800000504 11.934301
11.900000875 11.752803
11.200000128 11.239993
11.800000504 12.057224
11.800000504 11.828787
11.400000202 11.4648285
11.999998417 12.110857
12.686700236 12.774539
11.900000875 11.659819
11.1 11.438608
11.599999679 11.549468
11.1 11.281799
12.599996932 12.054593
11.200000128 11.354864
11.699999383 11.7009
12.899998135 13.602586
12.199999035 11.755488
11.200000128 11.3772955
12.499996913 12.362128
11.800000504 11.620748
11.1 11.135204
12.699997654 11.685469
11.900000875 11.955467
15.299970641 14.716344
12.299998172 12.195324
11.1 11.169673
11.999998417 11.912652
11.800000504 11.696462
12.199999035 12.001723
10.200000019 10.20974
10.300000031 10.517926
11.1 11.149686
13.816269724 13.186343
10.499999968 10.665314
11.599999679 11.43614
11.900000875 11.710263
11.300000237 11.477629
11.200000128 11.168427
11.798970004 11.974016
12.199999035 11.896226
12.923908741 11.053292
11.400000202 11.363041
11.1 11.244463
11.1 11.108303
10.401029995999998 10.808514
11.200000128 11.511584
11.300000237 11.3188505
11.200000128 11.221573
11.800000504 11.503479
13.8000571 13.097391
12.199999035 11.352713
11.900000875 11.938848
10.200000019 10.416955
11.800000504 11.897814
15.200179498 14.473112
11.1 11.629933
11.1 11.151591
11.300000237 11.43018
11.400000202 11.354477
11.200000128 11.39411
11.300000237 11.492982
11.699999383 11.773396
11.400000202 11.411715
10.224938737 10.258905
11.400000202 11.5701275
11.800000504 11.813077
11.400000202 11.305439
11.400000202 11.500471
11.900000875 11.789618
11.200000128 11.338702
14.299970641 14.572458
14.299970641 13.359491
11.400000202 11.376989
11.300000237 11.450894
11.599999679 11.702677
11.1 11.8293
11.800000504 11.779991
11.400000202 11.436815
11.900000875 12.646597
11.200000128 11.296348
10.1 10.363042
11.300000237 11.305841
11.1 11.004866
11.900000875 11.4171915
12.399997603 12.697968
11.200000128 11.711128
11.800000504 11.966863
11.200000128 11.284985
10.1 10.4506855
11.900000875 11.9636135
10.499999968 10.748219
13.657520231 11.73906
11.300000237 11.318187
11.200000128 11.19876
11.1 11.149569
11.200000128 11.262464
11.200000128 11.735251
11.800000504 11.865285
11.400000202 11.551548
11.200000128 11.24917
11.1 11.237852
11.200000128 11.21875
11.1 11.343051
11.1 11.001681
14.834260541 14.503385
11.500000186 11.4618435
11.400000202 11.699265
11.400000202 11.99592
11.699999383 11.786102
11.900000875 12.111371
11.200000128 11.222973
11.599999679 11.637809
11.500000186 11.476502
12.950002713 12.31854
12.699997654 12.357038
11.699999383 11.737925
11.699999383 11.700565
12.799991797 11.802801
14.108773924 14.260177
11.200000128 11.21838
10.1 10.336878
11.200000128 11.342814
11.200000128 11.609499
11.300000237 11.39541
10.401029995999998 11.168509
12.899998135 11.930229
11.923908741 11.823916
11.200000128 11.405896
11.400000202 11.528591
11.702059991 12.199609
11.1 11.218665
13.8000571 13.030057
11.200000128 11.302983
11.400000202 11.333778
11.200000128 11.229981
12.199999035 12.027489
12.399997603 12.036986
13.1 13.233202
10.622878745 10.775149
11.1 11.125114
12.899998135 12.273808
11.800000504 11.796722
11.900000875 11.977701
11.200000128 12.387973
11.900000875 11.793858
11.300000237 11.2231045
11.999998417 11.970961
11.500000186 11.467443
11.200000128 11.36753
12.199999035 12.5107
11.599999679 11.49182
11.400000202 11.740133
11.487216143 11.533369
13.487216143 13.46711
11.1 11.352854
11.699999383 11.941753
11.699999383 11.722785
11.599999679 11.879093
11.1 11.160941
12.399997603 12.494159
11.900000875 11.93763
11.599999679 11.758113
11.400000202 11.400704
12.499996913 12.687994
12.499996913 11.905742
10.401029995999998 10.874562
11.200000128 11.545246
11.900000875 11.867347
11.200000128 11.357629
11.1 10.868347
12.1 11.226477
11.900000875 12.052077
11.699999383 11.736587
11.500000186 11.36863
11.999998417 12.5332985
11.800000504 11.893236
12.307608311 11.86565
12.699997654 12.831105
13.953871964 13.878227
11.500000186 11.513552
11.300000237 11.345255
11.200000128 11.349764
12.199999035 12.020145
12.003089987 11.852234
11.300000237 11.255684
11.599999679 11.709163
13.200015437 12.050864
11.200000128 11.199062
12.668636236 12.674891
10.622878745 10.6575985
11.300000237 11.273793
11.200000128 11.247389
13.668636236 11.856174
11.800000504 11.812372
10.844727495 10.785435
11.686700236 12.611182
11.500000186 11.838164
11.1 11.3807335
11.900000875 11.804546
11.200000128 11.368004
12.1 12.179555
12.39309154 12.276347
10.401029995999998 10.912016
11.900000875 12.208854
12.599996932 12.108585
11.300000237 11.315372
11.1 10.731897
11.1 11.238823
11.1 10.971745
11.500000186 11.499464
10.300000031 10.278001
12.699997654 11.908694
11.300000237 11.501277
11.300000237 11.384303
10.1 10.080107
11.200000128 11.237395
10.700000074999998 10.720811
11.1 11.174368
11.300000237 11.722257
13.1 12.622755
10.800000069 10.826559
11.699999383 11.676666
11.300000237 11.286705
11.200000128 11.64797
10.224938737 10.217511
11.1 11.199323
11.1 11.793989
13.000008766 12.126318
13.180921908 13.012129
11.1 11.093963
11.300000237 11.439317
11.900000875 11.845487
11.699999383 11.753231
12.193092591 11.74662
11.200000128 11.066135
11.200000128 11.539221
11.500000186 11.649983
11.300000237 11.351114
12.799991797 12.1404
11.599999679 12.427454
11.1 11.109099
12.299998172 12.057568
11.1 11.435303
11.200000128 11.606721
11.800000504 11.47757
11.200000128 11.304356
11.400000202 11.450533
11.699999383 11.796756
14.500116928 13.23138
11.900000875 11.892714
11.500000186 11.697899
11.497940009 11.576144
13.899970733 13.3408165
11.200000128 11.521261
11.200000128 11.26949
11.1 10.776242
11.280072626 11.259228
12.499996913 12.939224
11.200000128 11.2980795
11.500000186 11.6034775
11.497940009 11.802841
11.1 11.14626
11.200000128 11.448248
12.1 11.835789
11.732644079 11.021773
13.299970641 13.314976
11.900000875 11.786837
11.668636236 12.210184
11.599999679 11.558582
11.200000128 11.390194
10.401029995999998 10.485281
11.999998417 11.844532
11.1 11.148944
11.200000128 11.635157
11.200000128 11.194962
11.200000128 11.570222
11.599999679 12.027247
11.1 11.591828
11.900000875 11.903376
11.699999383 12.16457
11.400000202 11.48592
11.800000504 11.824301
11.200000128 11.218675
11.400000202 11.368336
11.500000186 11.52956
11.500000186 11.877702
12.1 12.229411
12.599996932 12.629305
12.1 11.745679
11.400000202 11.695157
11.1 11.433907
13.399988938 13.490984
11.999998417 11.905484
11.599999679 11.504016
11.300000237 11.533388
10.702059991 10.935195
11.200000128 11.203537
11.400000202 11.939983
11.1 11.291466
11.900000875 11.867011
14.145757491 14.331305
11.599999679 11.743383
11.200000128 11.184012
11.800000504 11.826781
12.299998172 12.101973
11.800000504 11.75874
11.200000128 11.309202
11.699999383 11.381508
11.999998417 11.721071
11.900000875 11.846853
11.999998417 12.533971
12.1 12.35049
11.599999679 11.727205
12.599996932 12.754107
12.499996913 12.366846
12.199998519 12.366045
11.599999679 11.263298
11.599999679 11.589335
10.935647144 11.05005
11.699999383 11.643521
11.999998417 11.839544
10.200000019 10.501135
11.500000186 11.563405
11.175305061 11.231067
11.1 11.139902
10.401029995999998 10.488157
10.400000029 10.562163
11.200000128 11.574638
9.986056648 10.03134
11.300000237 11.403824
12.699997654 12.908042
11.400000202 11.461716
11.200000128 11.422202
11.400000202 11.4251795
11.200000128 11.16915
11.079303657 12.259051
11.1 11.611038
11.1 11.129623
11.200000128 11.16773
11.999998417 11.955305
11.1 11.207048
11.900000875 11.881053
12.599996932 12.869643
11.200000128 11.692056
11.900000875 11.832234
11.400000202 11.575188
11.599999679 11.522561
10.798970004 10.916566
11.213943352 11.39924
11.200000128 11.564903
12.299998172 12.029118
11.400000202 11.441633
12.577344908 12.201288
11.1 11.3696575
11.699999383 11.812237
11.1 11.080348
11.200000128 11.374694
11.800000504 11.770205
13.500007822 12.508652
11.800000504 11.751007
11.200000128 11.280998
13.899970733 13.076038
12.599996932 12.5198345
12.699997654 13.607285
11.400000202 11.338732
11.300000237 11.493004
11.599999679 11.814427
12.293820026 12.897557
11.300000237 11.404697
11.1 11.107004
11.999998417 12.095396
11.1 11.554222
11.900000875 11.607697
11.900000875 11.946426
12.799991797 12.52511
11.200000128 11.421729
12.299998172 12.027323
12.299998172 12.373419
11.900000875 11.629742
11.200000128 11.262466
11.200000128 11.627834
11.800000504 11.859431
11.300000237 11.268452
12.699997654 12.554879
11.699999383 11.492542
11.699999383 12.088627
11.1 11.236628
11.1 11.189138
11.699999383 11.750284
11.300000237 11.606842
11.500000186 11.504052
11.999998417 12.176664
11.599999679 11.587433
11.900000875 11.672471
12.899998135 11.9153
11.1 11.1313715
13.699980365 13.491428
12.519075024 12.5301285
12.499996913 12.192917
11.200000128 11.176671
11.900000875 11.917088
11.300000237 11.634299
11.599999679 11.699381
11.200000128 11.316943
11.1 11.136691
12.699997654 12.343252
12.899998135 11.817499
11.500000186 11.532944
12.699997654 12.792408
11.599999679 11.648769
11.400000202 11.47561
11.200000128 11.205959
11.599999679 11.702846
11.900000875 11.927736
11.200000128 11.287741
12.599996932 12.963141
11.900000875 11.691975
11.200000128 11.2314005
14.400162274 14.429091
11.1 11.264617
11.900000875 11.883111
10.1 10.193326
11.300000237 12.423304
11.300000237 11.43473
11.200000128 11.22217
10.300000031 10.565651
11.200000128 11.200239
11.200000128 11.1960745
11.200000128 11.1721945
12.699997654 12.11811
11.500000186 11.475243
11.200000128 11.306492
11.300000237 11.276213
11.500000186 11.605933
11.599999679 11.532018
11.1 11.228083
12.399997603 12.170733
11.999998417 11.912424
11.200000128 11.248672
11.500000186 11.510811
11.500000186 11.549074
11.400000202 11.618075
11.599999679 11.776377
11.1 11.105539
9.401029995999998 9.680197
11.900000875 11.89798
11.1 11.236637
11.652841969 11.647749
11.900000875 12.218334
11.500000186 11.564531
11.900000875 12.421042
11.1 11.217274
11.699999383 11.788664
11.200000128 11.956794
11.200000128 11.2297945
11.200000128 11.211515
11.900000875 12.315027
11.900000875 11.96547
11.800000504 11.8127985
11.400000202 11.139256
12.986056648 12.969249
11.1 11.242726
11.900000875 12.069575
11.200000128 11.149935
11.953871964 12.037027
11.300000237 11.180027
11.800000504 12.119284
10.499999968 10.533596
11.300000237 11.314101
11.599999679 11.407324
12.500000437 12.074604
11.699999383 11.701493
13.1 12.894634
11.400000202 11.40304
14.500116928 13.808224
12.520216403 12.235394
11.800000504 11.333734
11.900000875 11.882528
11.200000128 11.168198
11.900000875 11.930038
11.1 11.229139
11.599999679 11.711441
11.200000128 11.340147
11.699999383 11.6872225
11.1 11.155575
13.899970733 14.011891
11.599999679 11.614307
11.200000128 11.230187
10.702059991 10.717962
11.900000875 12.045684
11.300000237 11.402491
11.900000875 11.935003
11.300000237 11.668205
11.1 11.167766
11.500000186 11.705152
11.400000202 11.250049
11.200000128 11.497367
11.300000237 11.585073
12.199999035 12.039299
11.900000875 11.812864
11.800000504 11.949343
11.1 11.106428
11.200000128 11.2298355
11.300000237 11.205662
12.299998172 11.50139
12.1 12.126917
11.900000875 11.976553
11.400000202 12.053737
11.1 11.604721
14.798970004 13.369823
11.1 11.193689
10.800000069 10.785586
12.499996913 12.514273
11.200000128 11.21818
10.401029995999998 10.4587755
11.400000202 11.508297
11.999998417 12.218688
13.600038134 12.644323
11.498558602 11.804497
12.299998172 12.43224
11.200000128 11.244438
11.1 11.0686455
11.1 11.160976
11.300000237 11.458153
11.999998417 11.924867
11.999998417 11.902069
12.199999035 11.753519
11.699999383 11.499754
11.200000128 11.3597975
11.300000237 11.444051
11.500000186 11.586792
11.900000875 12.069965
11.200000128 11.26832
11.200000128 11.161082
11.1 11.136376
13.1 12.702359
10.738272164 10.790741
9.497940009 9.608037
11.500000186 11.774185
11.200000128 11.356391
10.900000053 11.533924
11.1 11.188697
11.699999383 12.273748
11.300000237 12.512148
11.300000237 11.457279
10.622878745 10.652275
12.499996913 12.928379
10.900000053 10.934483
11.900000875 12.025483
11.400000202 11.505065
11.900000875 11.944583
11.1 11.075667
11.800000504 11.623529
11.599999679 11.47015
11.599999679 11.595788
11.300000237 11.432463
11.900000875 11.982045
11.500000186 11.396387
11.400000202 11.503097
11.999998417 11.652072
11.300000237 11.564036
11.599999679 11.670172
11.1 11.262564
11.500000186 11.669902
11.800000504 11.787286
11.1 11.624171
11.900000875 11.774147
12.399997603 11.345324
11.699999383 11.465199
11.900000875 12.378187
11.1 11.093325
11.200000128 11.241244
12.199999035 12.050474
12.316096421 11.891514
11.400000202 11.856403
12.299998172 12.403745
11.400000202 11.429738
11.200000128 11.21032
12.299998172 11.302669
11.300000237 11.429899
11.200000128 11.91811
11.329147988 11.424939
11.200000128 11.264755
11.200000128 11.314257
11.1 11.196288
11.1 11.265312
11.699999383 11.727397
12.520216403 12.293826
11.200000128 11.571251
11.999998417 12.144011
11.200000128 11.276085
11.900000875 11.803517
11.599999679 12.0851345
11.900000875 12.059771
13.600038134 12.899176
13.399988938 12.564523
13.357274869 12.781628
11.699999383 11.835893
11.500000186 11.254059
11.818966633 11.438681
11.900000875 11.922046
12.299998172 11.770121
11.1 11.359624
13.200015437 13.20524
12.299998172 12.2174835
10.499999968 10.459709
13.1 12.870342
12.199999035 11.645728
12.599996932 11.962853
11.400000202 11.436445
11.599999679 11.687986
11.999998417 11.826725
11.900000875 11.88196
13.000008766 12.701473
11.300000237 11.260092
11.699999383 11.866917
11.531798276 11.443731
10.800000069 10.75851
13.699980365 13.192678
13.299970641 12.507139
11.1 11.225723
11.200000128 11.251733
11.200000128 11.176226
11.900000875 11.974007
11.900000875 11.835932
10.497940009 10.782243
11.200000128 11.2351675
10.1 10.229947
11.400000202 11.456705
11.699999383 11.846697
11.599999679 11.573568
12.799991797 11.8723545
11.599999679 11.688987
14.1 14.215797
11.800000504 11.847904
11.900000875 11.859518
10.622878745 10.658741
11.200000128 11.198053
11.1 11.119437
12.599996932 12.5901785
11.900000875 11.881588
11.900000875 12.2305975
11.800000504 11.780008
10.1 11.022682
11.500000186 11.295172
11.500000186 11.742966
10.1 11.320985
10.400000029 10.697596
11.300000237 10.69578
11.900000875 11.382938
12.1 11.645212
10.1 11.31782
12.999629455 12.846538
11.200000128 11.259183
11.200000128 11.204788
11.599999679 11.6424
13.1 13.436888
11.999998417 11.89141
12.430683119 11.88811
11.400000202 11.78329
11.1 11.153192
12.499996913 12.232384
11.38180185 11.548154
11.500000186 11.72601
11.900000875 11.855667
11.900000875 11.874971
10.1 10.111901
11.200000128 11.216684
11.500000186 11.894686
11.999998417 11.893511
11.900000875 11.777421
12.788246139 12.322049
11.1 11.264487
11.568521083 11.46236
11.500000186 11.36824
11.200000128 11.369926
13.200015437 12.2811985
11.200000128 11.777024
11.300000237 11.303687
12.799991797 12.974124
11.200000128 11.275787
11.699999383 11.659452
11.800000504 11.398659
11.500000186 11.444176
11.300000237 11.266949
11.999998417 11.815038
12.199999035 11.954587
11.699999383 12.225804
11.200000128 11.15947
11.300000237 11.2819605
11.699999383 11.689022
11.599999679 11.55202
11.400000202 11.317619
11.1 11.467371
11.1 11.125109
10.497940009 10.818303
9.964231485 10.684143
12.199999035 11.964926
11.599999679 11.691454
14.018398722 12.108193
11.699999383 11.624839
11.200000128 11.225843
11.200000128 11.176637
11.900000875 11.2977085
11.300000237 11.406188
11.300000237 11.365031
13.200015437 12.511887
11.1 10.932055
12.847146969 11.746885
11.599999679 11.545696
11.699999383 11.769993
11.480906669 11.173545
10.702059991 11.288514
11.000000142 10.792862
11.200000128 11.571005
11.599999679 11.265909
12.299998172 12.233292
11.300000237 11.346163
11.200000128 11.208303
11.999998417 11.952807
11.900000875 11.807287
11.800000504 11.801639
11.200000128 11.211853
12.399997603 12.058638
11.1 10.92394
11.500000186 11.454184
11.200000128 11.288683
11.1 11.2640705
13.299970641 13.269172
11.200000128 11.235069
11.200000128 11.240502
11.999998417 11.972846
11.798970004 11.04413
11.200000128 11.207954
12.699997654 12.429162
11.900000875 12.035644
11.1 11.155271
13.8000571 13.181275
12.799991797 12.060314
11.400000202 11.395176
11.500000186 11.437411
11.1 11.221826
11.200000128 11.344672
11.1 11.338739
14.400162274 12.7691345
12.299998172 12.73336
12.799991797 12.434414
11.900000875 11.880634
11.900000875 11.833014
12.499996913 12.476734
11.900000875 12.03652
11.1 11.18373
11.599999679 11.261247
11.500000186 11.469949
12.299998172 12.525669
11.175305061 11.335013
11.599999679 11.655268
11.336572006 11.31568
11.900000875 11.949943
11.1 11.060853
11.300000237 11.354493
11.500000186 11.615043
13.1 13.208655
11.599999679 11.6099415
11.400000202 11.475143
11.300000237 11.406421
12.723423043 12.903124
10.200000019 10.661806
10.702059991 10.693284
12.899998135 12.609549
11.1 11.375473
12.299998172 11.774605
11.200000128 11.199786
11.500000186 11.59968
11.300000237 11.636399
11.200000128 11.236505
11.599999679 10.900812
11.300000237 11.38626
11.500000186 11.387843
11.599999679 11.580835
12.299998172 12.085564
12.199999035 11.771403
13.466531544 13.642047
13.520216403 13.312
11.1 11.283394
11.900000875 11.915322
11.599999679 11.327916
10.401029995999998 10.477314
13.600038134 13.341629
11.999998417 11.961884
11.200000128 11.298891
14.500116928 13.115277
11.200000128 11.323397
11.699999383 11.965337
11.699999383 11.757581
11.500000186 11.602638
12.899998135 12.754984
11.900000875 12.377216
13.399988938 12.191167
12.1 11.706876
11.800000504 11.791412
11.500000186 11.540294
11.900000875 11.651714
11.599999679 11.770386
12.1 11.785984
11.300000237 11.397216
11.400000202 11.360603
12.299998172 11.685135
11.800000504 11.915327
10.401029995999998 11.949963
11.200000128 11.123333
11.300000237 11.796446
11.200000128 11.468918
10.702059991 10.836987
12.099998726 12.249304
12.308309351 12.108474
9.890484985 9.916279
14.299970641 14.611307
12.899998135 12.716691
10.668636236 10.705934
13.000008766 12.550225
12.1 12.100589
11.200000128 11.723751
12.299998172 12.395208
11.200000128 11.160007
12.399997603 11.661196
11.200000128 11.446287
11.500000186 11.751022
11.200000128 11.275907
11.200000128 11.145653
11.200000128 11.369959
11.1 11.405661
12.499996913 12.360258
13.1 12.90719
11.900000875 12.166758
11.800000504 11.749831
13.1 12.706718
10.400000029 10.350487
11.300000237 11.31603
11.200000128 11.233556
11.900000875 11.834529
11.300000237 11.361742
11.900000875 11.961857
11.900000875 11.842673
11.400000202 11.5093355
13.1 12.685274
11.1 11.603777
10.702059991 10.797132
10.003089987 11.599659
11.800000504 11.9177685
11.400000202 11.460127
11.213943352 11.656725
11.599999679 11.723896
11.800000504 11.757236
9.798970004 10.37865
11.200000128 11.236366
11.1 11.076263
12.986056648 11.567466
11.400000202 11.410894
12.799991797 12.109275
11.200000128 11.394231
11.999998417 11.71726
12.1 11.606106
11.300000237 11.252436
11.699999383 11.614164
11.500000186 11.43034
11.500000186 11.502394
13.000008766 12.630926
11.699999383 11.933559
11.500000186 11.669439
11.300000237 11.428106
11.1 11.097168
11.699999383 11.510513
13.500007822 13.901388
10.975821945 11.249035
12.699997654 12.13542
11.900000875 11.839313
12.189909454 12.372871
11.999998417 11.978029
11.058607315 10.647297
11.500000186 11.856015
11.900000875 11.902046
11.500000186 11.656481
11.300000237 11.311113
11.599999679 11.792025
13.1 12.2044935
10.622878745 11.163007
11.1 11.290922
12.499996913 12.303741
11.1 11.055256
11.300000237 11.3262615
11.300000237 11.456977
11.200000128 11.196643
11.200000128 11.258501
12.668636236 12.4400015
11.900000875 11.46982
13.299970641 12.996051
10.702059991 10.9912615
12.299998172 11.944865
10.1 10.549976
11.200000128 11.254572
11.300000237 11.38236
11.1 11.194868
13.8000571 13.487751
12.199999035 11.776174
11.699999383 11.604358
13.652841969 13.275621
11.200000128 11.223719
11.1 11.124169
11.999998417 11.725025
11.300000237 11.590452
11.1 11.03746
11.01721463 11.621649
11.200000128 11.225765
11.900000875 11.9184885
12.599996932 12.129389
12.699997654 11.771185
11.500000186 11.214872
13.8000571 14.464608
11.200000128 11.151629
11.300000237 11.651192
12.799991797 12.530856
11.200000128 11.207291
12.499996913 12.197857
11.500000186 11.654533
10.599999953 10.840752
11.999998417 11.840162
12.199999035 12.213499
14.1 14.633697
11.800000504 11.7163105
11.200000128 11.243748
11.599999679 11.782269
12.1 11.972282
11.699999383 12.306755
12.899998135 13.306207
13.600038134 12.830846
11.900000875 11.667441
11.999998417 11.980038
11.599999679 11.487367
14.1 14.776407
11.400000202 11.518637
11.200000128 11.340201
12.399997603 12.121688
12.1 11.655266
11.1 11.397465
12.568521083 12.641035
11.999998417 12.135737
11.400000202 11.3539505
11.000000142 10.798392
11.1 11.177432
11.900000875 12.03013
10.196910013 10.141218
11.900000875 11.811394
11.300000237 11.415573
11.300000237 11.194203
11.900000875 11.939877
10.1 10.259726
9.702059991 9.875391
11.200000128 11.359983
11.999998417 11.935726
11.1 11.139011
11.200000128 11.426626
11.1 11.241841
11.699999383 12.473061
11.999998417 11.983737
12.399997603 11.955221
11.435792102 11.488249
11.999998417 11.904755
11.400000202 11.45978
11.900000875 11.916502
13.401029996 13.090179
11.800000504 12.520807
11.699999383 11.826331
11.800000504 11.8118305
11.200000119 11.311502
11.582672118 11.851063
11.300000237 11.393631
11.1 11.316257
11.500000186 11.472602
11.800000504 11.773843
11.500000186 11.418346
11.300000237 11.321239
11.1 11.080316
11.921120994 11.876723
12.199999035 12.153553
11.599999679 11.546575
11.699999383 11.714273
11.25490196 11.583801
11.400000202 11.444582
11.300000237 11.347515
11.800000504 12.06838
11.200000128 11.219323
11.500000186 11.550825
11.1 11.187793
11.400000202 11.270983
11.300000237 11.266022
12.399997603 12.579933
11.599999679 11.417967
11.800000504 11.847217
12.599996932 11.944956
10.1 10.567887
11.599999679 11.523705
11.999998417 11.803201
11.400000202 11.840921
11.900000875 12.084092
11.900000875 12.315646
12.02226882 12.096892
11.1 11.080805
11.300000237 11.51473
11.200000128 11.395115
11.1 11.144702
11.1 11.565582
11.800000504 11.8871975
10.900000053 11.761344
11.200000128 11.217218
12.199999035 12.032318
11.999998417 11.891082
11.400000202 12.026984
11.200000128 11.2841625
11.1 11.680548
13.543697499 13.391041
11.900000875 11.950687
12.699997654 12.34606
12.499996913 12.316971
11.400000202 11.422052
11.500000186 11.572884
15.400162274 13.397539
11.1 11.684319
11.200000128 11.241785
11.200000128 11.295042
11.1 11.321813
11.1 11.217681
11.200000128 11.147803
11.999998417 11.528667
10.401029995999998 10.7894745
11.187860421 11.200039
11.500000186 11.4147415
10.798970004 10.859692
13.99997427 13.530691
10.401029995999998 10.648933
11.1 11.151249
11.400000202 11.415989
11.900000875 11.871359
11.999998417 11.432957
11.200000128 11.258337
11.200000128 11.182335
11.200000128 11.391451
11.500000186 12.169842
11.200000128 11.229238
11.900000875 11.572348
11.599999679 11.464592
11.028117993 11.038589
11.400000202 11.398196
12.199999035 12.10549
11.699999383 12.054138
11.1 11.11269
11.1 11.12266
12.798970004 13.297876
14.496617845 15.002382
13.1 12.341242
11.400000202 11.4374485
11.300000237 11.329053
11.800000504 11.678834
11.300000237 11.286563
11.999998417 14.186372
11.300000237 11.470601
11.1 11.123116
11.999998417 12.211433
11.599999679 11.55505
11.300000237 11.39007
11.699999383 11.531665
11.400000202 11.6366825
11.999998417 11.846339
11.300000237 11.442887
12.499996913 12.503115
10.800000069 10.827749
11.500000186 11.504252
12.199999035 12.432295
11.200000128 11.215536
12.599996932 12.287704
11.800000504 11.9761505
11.300000237 11.25397
11.1 12.048356
12.399997603 12.028872
12.899998135 12.532655
11.300000237 11.297712
12.399997603 12.270241
10.401029995999998 10.768037
11.500000186 11.890096
11.400000202 11.459084
11.300000237 11.369629
11.300000237 11.760345
12.1 11.836266
12.1 11.656519
11.1 11.1410885
12.1 12.060946
11.500000186 11.495447
11.800000504 11.882516
10.200000019 10.440689
11.500000186 11.541064
10.122276395 10.096031
13.299970641 13.39575
11.800000504 12.33575
10.1 11.4269495
11.200000128 11.494385
11.999998417 11.828501
11.435792102 11.258829
11.300000237 11.545872
11.400000202 11.787981
10.1 10.997896
11.900000875 11.810566
12.799991797 12.493692
11.800000504 11.78098
11.200000128 11.267834
11.999998417 11.779455
11.500000186 11.422651
11.200000128 11.21225
11.300000237 11.294713
10.702059991 10.984587
12.499996913 11.955617
12.799991797 13.057766
11.599999679 11.550295
12.399997603 11.792753
11.900000875 11.897441
11.300000237 11.267539
14.594850022 14.691151
14.186186148 14.141051
11.1 11.168707
11.599999679 11.747362
10.400000029 10.349823
12.1 11.854672
11.200000128 11.199202
11.200000128 11.5300455
13.150609993 12.054508
11.900000875 11.9704685
11.999998417 11.942925
11.300000237 11.312826
11.900000875 11.984234
11.999998417 11.553297
11.400000202 11.46686
12.1 12.28439
11.300000237 11.327075
14.798970004 14.3018465
11.900000875 12.052368
11.966461092 12.457588
11.699999383 11.383502
11.699999383 11.87671
10.762940274 11.68242
11.699999383 11.944662
11.200000128 11.304785
11.900000875 12.621878
11.699999383 11.660084
11.599999679 11.4336815
11.900000875 12.0330105
11.1 11.207249
11.1 11.116844
11.500000186 11.546246
13.399988938 12.955048
11.1 10.837151
11.267491087 10.963861
11.500000186 11.379276
12.899998135 13.149351
11.900000875 11.619686
11.1 11.720857
12.491108306 12.065931
12.299998172 12.235292
10.702059991 10.7048235
11.684317809 11.543563
11.300000237 11.332695
11.300000237 11.373124
11.300000237 11.4382925
11.900000875 11.903238
11.900000875 11.856151
11.1 11.0513525
13.32184875 13.112921
11.400000202 11.38922
11.300000237 11.290998
11.900000875 11.912221
13.399988938 12.965624
11.800000504 11.553364
11.200000128 11.2524805
11.1 11.032234
13.622878745 13.193736
11.900000875 12.04618
11.200000128 11.40539
11.900000875 11.461475
11.900000875 12.143916
11.500000186 11.781279
11.1 11.096823
11.500000186 11.503659
11.300000237 11.888266
11.401029996 11.10144
10.499999968 10.679842
11.500000186 11.446804
11.699999383 11.8581505
11.200000128 11.447527
11.699999383 11.770213
12.699997654 12.113867
11.599999679 11.870446
11.543697499 11.4246645
12.36760624 11.980466
11.900000875 12.029241
11.200000128 11.474215
11.300000237 11.346823
11.800000504 11.987371
11.400000202 11.362207
12.043095149 12.268233
11.441299925 11.837565
10.800000069 10.898187
11.200000128 11.280395
11.200000128 11.468371
13.399988938 12.7855
14.798970004 14.606527
12.799991797 12.290159
11.1 11.1470785
11.900000875 12.004723
11.300000237 11.382854
11.400000202 11.519744
12.299998172 11.743638
12.228427064 11.573481
10.499999968 10.875793
12.299998172 12.125066
11.32184875 11.77293
10.685026652 11.176554
11.200000128 11.272163
11.900000875 11.865542
13.1 12.833319
12.906875402 12.076206
11.800000504 11.901509
12.622878745 12.518402
11.599999679 11.596865
11.200000128 11.383273
11.1 11.972826
14.401029996 12.968992
13.314670165 12.7386675
11.500000186 11.563732
11.599999679 11.868427
12.299998172 11.772799
11.200000128 11.528093
10.401029995999998 10.662315
12.299998172 12.905374
11.200000128 11.339859
11.999998417 13.222092
11.699999383 11.734363
12.699997654 12.759241
11.1 11.126923
11.1 11.537502
14.999629455 13.678181
11.200000128 11.454254
11.999998417 11.8971405
11.300000237 11.39743
11.599999679 11.93001
11.599999679 11.719296
11.200000128 11.253227
11.1 11.170113
11.999998417 11.916502
11.800000504 11.818331
12.1 11.889567
13.399988938 12.840672
11.599999679 11.7296295
11.400000202 11.487207
11.999998417 11.974369
11.699999383 11.761583
11.1 11.443583
13.600038134 12.934
11.999998417 12.073735
11.900000875 11.721102
12.399997603 12.086092
11.800000504 11.959521
12.719788758 12.372422
11.900000875 11.840704
11.1 11.131651
10.1 10.090031
11.1 11.167486
11.900000875 11.8984165
12.299998172 11.736196
11.900000875 11.85204
12.1 11.471734
11.200000128 11.396372
12.899998135 13.08234
11.500000186 11.771027
12.199999035 12.486773
11.1 11.187794
11.200000128 11.271531
11.200000128 11.269379
12.499996913 12.568272
11.900000875 11.890092
11.1 11.253447
11.200000128 11.327078
11.599999679 11.594015
11.599999679 11.65497
11.1 12.366168
12.199999035 11.637503
10.499999968 10.642609
11.200000128 11.402667
11.300000237 11.632486
13.317430424 13.379175
12.399997603 11.530187
12.499996913 12.249011
11.400000202 11.440384
11.200000128 11.273453
11.1 12.280725
11.699999383 11.654471
11.1 11.083786
11.800000504 11.362797
11.699999383 11.771097
10.800000069 10.829084
11.622878745 13.981176
11.699999383 12.061517
10.200000019 10.327703
11.1 11.080574
11.699999383 11.836061
12.299998172 12.239379
10.622878745 10.6887665
11.500000186 11.568867
11.900000875 11.388252
11.500000186 11.469469
11.200000128 11.267164
11.1 11.498875
11.599999679 11.875379
11.1 11.301245
11.900000875 11.95942
11.800000504 11.297217
11.1 11.099743
11.500000186 11.659836
11.200000128 11.316866
11.900000875 11.897461
11.800000504 11.804169
10.1 10.737074
11.599999679 11.713342
11.1 11.105959
11.300000237 11.424305
11.800000504 11.7798195
11.800000504 11.657305
11.500000186 11.530611
13.488122273 12.606466
11.900000875 11.973261
11.800000504 11.805791
12.199999035 11.903795
10.700000074999998 10.863649
11.300000237 11.319937
11.500000186 12.066668
10.401029995999998 10.705845
11.999998417 11.953684
11.900000875 11.863199
11.200000128 11.171288
11.400000202 11.478454
11.1 11.131486
11.000000142 10.97244
11.599999679 11.91602
14.180921908 14.370969
11.401029996 11.602561
12.199999035 11.689397
10.1 10.629587
11.300000237 11.436029
13.299970641 12.437451
11.500000186 11.439604
11.1 11.349623
10.702059991 10.758339
11.300000237 11.290927
11.200000128 11.279309
11.900000875 12.346945
11.1 11.208768
11.200000128 11.360598
12.1 12.127609
11.200000128 11.241215
11.599999679 11.549368
12.299998172 12.815604
13.600038134 13.175165
11.900000875 11.573808
11.000000142 10.971054
13.699980365 12.478622
11.999998417 11.736665
13.1 12.562796
11.900000875 12.194828
12.499996913 12.306406
13.892513326 13.7927685
13.117728767 13.024288
11.699999383 11.647499
11.300000237 11.419719
11.800000504 12.109613
11.1 11.203518
14.1 14.155952
11.500000186 11.711765
12.399997603 12.846791
11.400000202 11.474636
11.599999679 12.623442
11.900000875 11.67116
11.900000875 11.89188
11.568521083 12.005987
11.1 11.190672
13.600038134 11.940841
11.200000128 11.322916
11.900000875 11.87607
11.200000128 11.208318
11.599999679 11.5577965
11.900000875 11.694537
11.800000504 11.943418
11.923908741 12.135527
11.500000186 11.229176
10.400000029 10.708499
11.300000237 11.772334
11.1 11.159727
11.999998417 11.767254
13.694212497 13.32727
12.599996932 12.312443
11.800000504 11.839058
11.300000237 11.570069
11.699999383 11.712696
11.699999383 11.670858
11.300000237 11.404964
11.1 11.478459
11.1 11.118671
12.299998172 12.020938
11.699999383 12.034653
11.599999679 11.698693
11.800000504 12.702418
11.599999679 11.553402
10.599999953 10.837655
10.497940009 10.820127
11.800000504 11.836859
11.900000875 11.836878
11.599999679 11.303109
11.400000202 11.296094
11.699999383 11.785546
11.300000237 11.8045635
12.399997603 11.898665
10.599999953 10.733835
11.500000186 11.583273
11.392429824 11.855963
13.155517328 12.938839
10.700000074999998 10.779633
10.1 10.2451
13.500007822 13.26719
11.200000128 11.539873
11.200000128 11.257243
11.800000504 11.717896
11.900000875 12.034054
12.299998172 12.172861
11.500000186 11.509012
10.844727495 10.78925
10.637602002 12.042168
11.599999679 11.868922
11.500000186 11.516876
11.400000202 11.350929
11.400000202 11.766611
11.200000128 12.103156
11.599999679 11.679066
13.99997427 12.9818535
11.300000237 11.336052
12.1 12.076475
11.1 11.031399
11.599999679 11.611557
13.899970733 12.960878
11.200000128 11.297366
11.1 11.117349
11.900000875 11.976997
11.200000128 11.350687
11.200000128 11.252348
11.400000202 11.427215
12.299998172 11.224058
11.500000186 11.659837
11.200000128 11.789181
11.1 11.443175
11.699999383 13.108843
11.800000504 11.843854
11.1 11.422498
11.500000186 11.207566
11.200000128 11.20728
12.499996913 12.3269415
11.599999679 11.55757
11.900000875 11.910635
11.300000237 11.421663
11.699999383 11.589858
11.800000504 11.425935
10.400000029 10.704352
11.1 11.055166
11.200000128 11.2242775
11.699999383 11.72872
11.300000237 11.410784
11.800000504 11.832529
11.1 11.299726
11.400000202 11.46934
11.900000875 11.845407
11.400000202 11.29164
10.1 11.822052
11.300000237 11.38535
11.699999383 11.689479
11.500000186 11.495145
11.200000128 11.341312
11.599999679 11.490836
11.200000128 11.330973
11.200000128 11.695611
11.594850022 11.490335
13.160480747 13.507859
13.600038134 12.466129
12.757577319 12.299313
12.399997603 12.059259
11.800000504 11.812083
13.1 12.685122
10.757577319 10.809336
11.1 11.302997
11.900000875 11.908249
10.702059991 11.526915
11.900000875 11.895252
13.200015437 12.585384
11.699999383 11.505927
11.200000128 11.29114
11.500000186 11.240116
11.800000504 11.828203
11.200000128 11.272799
11.1 11.099815
11.999998417 12.039999
11.453596274 11.250139
12.399997603 12.518494
12.1 12.387066
10.1 11.1131115
14.1 11.164156
10.622878745 10.95364
11.400000202 11.505745
12.599996932 11.626225
12.274369912 12.252196
13.399988938 12.021567
9.798970004 9.830006
11.599999679 11.595698
11.1 11.749907
12.699997654 12.848551
11.1 11.1144495
10.497940009 10.803437
11.1 11.29198
11.200000128 11.223023
11.800000504 11.754161
11.200000128 11.350945
15.1 14.997981
11.400000202 11.626753
12.199999035 13.09948
11.300000237 11.251634
11.351811973 11.294607
11.200000128 11.135255
11.900000875 11.928506
11.500000186 12.017629
11.599999679 11.654721
13.1 12.889304
11.200000128 11.406597
11.900000875 11.9150915
11.200000128 11.365453
12.399997603 12.619981
11.900000875 11.943521
12.499996913 12.244492
13.401029996 13.163498
12.299998172 12.491828
11.599999679 11.362535
11.300000237 11.380054
11.200000128 11.170348
12.199999035 12.293967
12.418758763 11.566667
11.300000237 11.398778
11.400000202 11.440631
12.104364805 11.839882
11.300000237 11.435265
11.400000202 11.462502
11.1 11.09174
13.986056648 14.358299
11.800000504 11.833992
11.900000875 11.924157
10.702059991 10.714834
12.399997603 12.155296
11.300000237 11.403944
11.599999679 12.4853945
11.599999679 11.540463
11.400000202 11.375989
11.200000128 11.297021
11.599999679 11.5821905
11.800000504 11.825403
12.344125144 12.017864
11.1 11.5019455
13.399988938 12.901928
12.899998135 12.379148
11.200000128 11.221302
11.699999383 11.682869
11.400000202 11.304703
11.699999383 11.792736
12.799991797 12.101903
11.800000504 11.8483095
11.400000202 11.734552
10.594850022 11.195774
11.300000237 11.306924
11.200000128 11.693684
14.600312917 13.278618
12.899998135 12.692883
10.953871964 10.999591
11.599999679 11.83892
11.400000202 11.680059
11.500000186 11.305842
13.299970641 13.357572
11.599999679 11.23057
13.200015437 12.633184
11.699999383 11.385645
11.200000128 11.481473
13.196910013 13.168291
12.299998172 11.82304
12.1 12.102313
11.900000875 11.914466
12.399997603 11.4877825
10.844727495 11.601496
11.200000128 11.387799
11.800000504 11.863747
11.500000186 11.5337925
11.500000186 11.52712
13.003089987 13.014947
11.599999679 11.296123
11.200000128 11.204118
10.798970004 10.98622
11.196910013 11.385079
11.200000128 11.580763
11.900000875 11.945802
12.799991797 12.060216
11.699999383 11.9802685
11.1 11.159714
11.800000504 12.010343
11.599999679 11.557983
11.999998417 11.637598
11.999998417 11.914358
11.500000186 11.490881
11.900000875 11.904319
11.200000128 11.16684
11.800000504 11.681423
11.900000875 11.815822
11.300000237 11.377071
12.1 11.453785
11.1 11.1245775
11.1 11.229498
11.300000237 11.488054
11.500000186 11.535608
12.299998172 11.868135
11.200000128 11.1844845
11.437242168 11.313217
11.1 11.479429
10.800000069 11.148085
11.622878745 11.304852
11.599999679 11.759641
11.1 11.164696
11.800000504 11.905382
11.1 11.100896
11.300000237 11.439299
11.1 11.1426525
14.600312917 14.326262
11.1 11.10265
11.999998417 12.454091
12.199999035 12.363543
11.1 11.038394
12.299998172 11.919451
11.200000128 11.264652
13.000008766 13.138382
12.199999035 13.6132345
11.599999679 11.607461
11.699999383 11.920815
11.1 11.165739
11.500000186 11.548668
11.200000128 11.428387
11.500000186 11.476538
11.200000128 11.375652
11.200000128 11.117048
11.400000202 11.424755
11.400000202 11.487818
10.1 10.199514
11.699999383 11.9448
15.1 14.919676
11.599999679 11.543191
11.1 11.182481
11.1 11.166746
12.399997603 12.288564
11.999998417 12.005333
11.300000237 11.34356
11.747817482 11.647221
11.400000202 11.644228
11.800000504 11.839704
13.299970641 12.906529
11.900000875 12.651139
11.699999383 11.76561
11.999998417 11.800173
12.196910013 12.38665
11.1 11.164382
11.193093138 11.209963
12.299998172 11.643191
11.218615343 11.251346
11.1 11.094166
11.200000128 11.506738
11.1 11.134975
13.000008766 12.695066
12.1 11.698281
11.200000128 11.333105
11.1 11.156866
11.900000875 11.90551
11.1 11.296782
11.900000875 11.918182
12.1 11.696117
11.300000237 11.376653
10.300000031 10.7679825
11.1 11.141144
11.699999383 11.659175
11.200000128 11.257647
11.800000504 11.7218895
11.400000202 11.40168
11.200000128 11.136913
11.800000504 11.776857
11.200000128 11.250708
11.200000128 11.287744
11.699999383 11.814649
13.300659451 13.306614
11.300000237 11.352188
11.798970004 11.699293
11.300000237 11.348926
10.798970004 10.815554
11.999998417 12.096541
11.497940009 11.411867
11.200000128 11.528275
11.900000875 11.9878435
11.900000875 11.892981
11.800000504 11.840264
11.1 11.101313
11.800000504 11.969526
11.1 11.096422
12.199999035 12.6002655
11.200000128 11.023536
11.200000128 11.19616
12.58148606 12.215591
11.543697499 11.451854
11.900000875 11.915783
11.900000875 11.844823
11.500000186 11.350221
11.1 11.130407
11.1 11.227219
12.899998135 12.39851
11.200000128 11.151459
11.800000504 11.80274
11.1 11.369659
11.200000128 11.335746
9.798970004 10.29983
13.1 12.621415
12.58148606 12.424225
11.400000202 11.366214
11.900000875 11.948256
11.900000875 11.835437
11.200000128 11.479675
11.300000237 11.383893
11.900000875 11.957443
11.1 11.175545
11.200000128 11.251926
11.1 11.11887
11.500000186 11.517374
11.1 11.093611
12.299998172 11.3908825
11.500000186 11.367314
13.1 13.052336
11.699999383 11.778099
11.200000128 11.228434
11.1 11.139344
11.599999679 11.867981
11.200000128 11.199985
12.531798276 12.585422
11.900000875 11.7703705
11.1 11.25812
11.300000237 11.492399
12.499996913 12.025438
11.900000875 11.872889
11.500000186 11.411547
11.200000128 11.253362
11.923908741 11.712042
11.800000504 11.761444
11.300000237 11.264412
11.1 11.210334
11.800000504 11.966201
11.500000186 11.633461
11.900000875 11.850307
11.300000237 11.433697
12.199999035 12.201562
10.499999968 10.675856
10.599999953 10.611383
14.299970641 13.466022
11.699999383 11.877
11.1 11.413733
11.800000504 11.82764
14.949485002 14.281857
11.699999383 11.780846
11.800000504 12.042705
11.200000128 11.320806
11.400000202 11.329101
11.1 11.108779
11.1 10.685809
11.300000237 11.626916
12.599996932 12.564541
11.500000186 11.462612
11.699999383 11.686699
11.300000237 11.385003
11.300000237 11.317083
12.466531544 12.920814
14.200179498 12.06666
11.300000237 11.378959
11.200000128 11.688515
11.1 11.843193
10.1 10.099492
11.200000128 11.4576845
11.300000237 11.349704
11.900000875 11.964556
11.300000237 11.486386
11.300000237 11.2703085
11.599999679 11.790417
11.400000202 11.520102
11.340545713 11.204914
11.652841969 11.909866
13.1 11.897793
11.800000504 11.813135
11.200000128 11.189968
12.020818754 13.0603895
11.900000875 11.879671
11.900000875 11.913811
12.1 12.179085
11.599999679 11.523304
11.900000875 11.729602
12.399997603 12.036442
14.441477877 12.93548
11.300000237 11.371796
11.999998417 11.954137
11.999998417 11.976914
11.999998417 12.026127
11.900000875 12.063043
11.1 11.453165
11.599999679 11.605434
11.599999679 11.585512
11.200000128 11.27636
11.800000504 12.480661
11.800000504 11.792763
13.699980365 12.593698
11.300000237 11.280006
11.699999383 11.414253
11.300000237 11.560001
11.200000128 11.511364
11.200000128 11.191909
9.798970004 10.254647
11.300000237 11.2888775
11.200000128 11.195426
10.622878745 11.083733
12.799991797 12.367265
11.31705413 11.4368305
11.800000504 12.188414
11.699999383 12.22477
12.499996913 12.582376
11.500000186 11.555149
11.200000128 11.279267
11.1 11.846288
11.1 10.946787
11.400000202 11.467401
11.200000128 11.192039
11.999998417 12.203483
12.699997654 11.976676
12.199999035 11.921989
11.599999679 11.8187895
13.899970733 12.938696
14.869551079 14.828402
13.299970641 13.168137
11.599999679 11.42897
11.400000202 11.673691
11.800000504 11.988415
12.599996932 12.079406
12.1 11.635433
10.401029995999998 10.782856
12.299998172 12.157061
10.272630727 11.771806
11.200000128 11.469617
11.900000875 11.888813
11.400000202 11.358614
11.999998417 12.0225315
11.1 11.091486
11.1 11.051447
11.699999383 11.583758
10.1 10.363399
11.200000128 11.586146
12.599996932 12.978713
13.869551079 13.12385
11.300000237 11.244774
11.300000237 11.756634
11.599999679 11.651621
11.999998417 11.856747
11.800000504 11.809429
12.799991797 12.27387
13.200015437 12.642549
11.800000504 11.833536
11.1 11.440449
11.500000186 11.67503
11.400000202 11.372978
11.200000128 11.228542
13.899970733 13.401176
11.699999383 11.603527
11.200000128 11.630782
11.300000237 11.950268
11.200000128 11.335863
11.500000186 11.478139
11.500000186 11.418528
11.300000237 11.624628
11.599999679 11.540676
11.200000128 11.379874
11.800000504 11.732596
11.200000128 11.687529
11.500000186 11.451375
11.300000237 11.390554
11.1 11.144215
11.401029996 12.284821
11.900000875 11.827224
11.800000504 11.798034
12.199999035 12.491574
11.699999383 11.695433
11.200000128 11.138941
11.1 11.181878
11.800000504 11.811152
11.300000237 11.31493
10.622878745 10.659193
13.399988938 12.957874
11.200000128 11.268079
11.1 11.225515
11.800000504 11.670397
11.800000504 11.817195
11.1 11.368042
10.401029995999998 10.614462
11.200000128 11.803756
11.196910013 11.354777
14.1 13.877018
10.020818754 10.254647
13.699980365 13.517337
11.500000186 11.50906
11.200000128 11.441172
11.200000128 11.431738
11.999998417 11.706728
11.701029687 11.74884
11.900000875 11.909791
11.1 11.151815
11.1 11.097703
12.191514981 12.133192
11.599999679 11.55314
11.800000504 12.645806
11.500000186 11.551849
11.800000504 11.535888
11.800000504 11.782221
13.299970641 12.8314
11.400000202 11.580977
11.500000186 11.863744
11.900000875 11.838983
11.1 11.61011
11.999998417 11.834117
12.399997603 12.038618
11.200000128 11.319065
11.300000237 11.309444
12.779853714 11.498539
11.900000875 11.857567
11.300000237 11.321402
11.500000186 12.041126
11.800000504 11.864764
11.400000202 11.479551
11.200000128 11.359747
11.1 11.21711
11.300000237 11.351584
11.800000504 12.112795
11.500000186 11.475751
11.641513236 11.512623
11.200000128 11.279063
11.1 11.09064
11.1 11.226873
11.400000202 11.606325
12.399997603 12.348479
12.499996913 12.241534
14.298970004 13.851391
10.599999953 10.763799
11.500000186 11.604977
10.98941029 11.035772
11.699999383 11.720923
11.300000237 11.394572
11.300000237 11.405805
11.200000128 10.9999075
11.999998417 12.008381
11.203952763 11.319366
11.1 11.216125
11.900000875 11.907627
11.599999679 11.281762
11.1 11.089676
11.900000875 11.876064
11.599999679 11.698353
11.200000128 11.23476
11.200000128 11.19334
12.599996932 12.166661
11.200000128 11.348322
11.900000875 11.878853
11.175305061 11.265558
12.299998172 12.118281
11.900000875 11.863797
11.200000128 11.307673
11.500000186 11.942011
11.900000875 11.8018
12.1 11.990362
11.599999679 12.080597
11.500000186 11.656606
11.500000186 11.549879
11.738272164 11.831225
10.401029995999998 11.502848
11.500000186 11.751489
11.699999383 11.741221
11.699999383 11.37385
11.200000128 11.301272
15.500116928 14.256282
10.608638306 10.644584
11.200000128 11.204943
11.200000128 11.108431
11.699999383 12.362646
11.200000128 11.347784
11.1 11.073729
11.200000128 11.176988
13.8000571 12.746093
11.500000186 12.047933
11.800000504 12.027572
11.800000504 11.795975
11.800000504 11.7134905
11.200000128 11.556587
11.400000202 11.437494
13.8000571 12.960857
10.1 11.434849
11.200000128 11.251903
11.497940009 11.709593
11.400000202 11.4119425
11.599999679 11.668192
11.200000128 11.691886
11.869551079 11.684837
11.200000128 12.091016
11.200000128 11.389681
11.200000128 11.220722
11.200000128 11.286837
11.200000128 11.340094
11.999998417 12.011251
11.300000237 11.4179535
13.8000571 13.731468
11.999998417 11.916315
13.062573502 13.172648
11.900000875 11.921806
10.401029995999998 10.454682
11.400000202 11.696899
12.699997654 12.256455
11.200000128 11.213111
11.500000186 11.452004
9.798970004 9.83771
11.200000128 11.243376
10.497940009 10.577936
11.900000875 11.729279
11.196910013 11.0877
11.200000128 11.230341
11.599999679 11.292634
11.400000202 11.450897
11.599999679 11.48023
11.900000875 11.843442
12.1 11.671522
11.200000128 11.239468
11.287086643 10.945577
12.199999035 11.904437
11.999998417 12.1596
11.999998417 11.671048
11.599999679 11.6114235
13.899970733 13.787005
11.500000186 11.563777
10.300000031 10.760215
12.1 11.931852
10.499999968 10.606157
11.800000504 11.700727
11.200000128 11.3217325
10.923908741 10.969124
12.699997654 12.123131
11.900000875 11.885623
10.1 10.149165
11.599999679 11.539705
11.999998417 11.819757
11.900000875 11.841439
11.547423468 10.544625
12.499996913 12.970593
13.1 13.65496
10.401029995999998 10.652462
11.999998417 11.676065
11.800000504 11.368877
11.200000128 11.153034
12.1 11.4213085
12.499996913 12.36458
14.446787486 14.48977
13.000008766 12.753616
11.900000875 11.794079
11.699999383 12.322283
11.1 11.5154705
11.900000875 11.850517
11.200000128 11.16627
11.500000186 11.561999
11.200000128 11.515682
11.200000128 11.236468
11.1 11.635509
11.1 11.064788
10.1 10.157454
11.699999383 11.750553
12.923908741 13.07382
11.599999679 11.656466
11.200000128 11.249936
11.200000128 11.379953
12.499996913 11.20386
11.599999679 11.37251
11.599999679 11.641935
12.199999035 12.047402
11.1 11.514063
10.1 10.223913
11.300000237 11.568726
14.200179498 14.034998
11.300000237 11.501244
11.200000128 11.310604
9.798970004 9.838651
11.699999383 13.118295
11.800000504 11.71637
11.800000504 11.954864
13.427902142 13.901053
11.200000128 11.434078
11.999998417 11.998554
11.800000504 11.744146
11.900000875 11.85863
12.399997603 11.854955
11.1 11.062818
11.200000128 11.281185
11.300000237 11.778154
10.800000069 11.348082
10.497940009 10.827641
11.400000202 11.377162
11.300000237 11.358946
11.800000504 11.89102
11.800000504 11.809895
11.800000504 11.810973
11.800000504 11.741027
13.99997427 13.174891
10.702059991 10.805345
11.900000875 11.700479
12.299998172 12.3734455
11.1 11.046225
12.536518915 12.255405
11.500000186 11.6923895
11.800000504 11.771363
11.400000202 11.284492
11.800000504 11.817057
11.900000875 11.82684
11.1 11.350162
13.062573502 12.867861
11.900000875 12.475083
11.999998417 11.79731
11.900000875 11.88581
11.800000504 11.784102
11.300000237 11.336082
10.400000029 11.322824
11.300000237 11.749323
11.200000128 11.306051
11.200000128 11.244549
11.200000128 11.236527
10.777780705 9.976569
11.300000237 11.751364
11.699999383 11.9501705
11.500000186 11.561412
12.799991797 12.184949
11.900000875 11.918804
11.300000237 11.505379
11.155517328 11.340241
11.699999383 11.750622
11.300000237 11.441833
11.400000202 11.594012
11.699999383 11.655757
11.699999383 12.021201
11.200000128 11.265287
11.200000128 11.333707
11.1 11.105635
11.900000875 11.7112665
11.900000875 12.43938
10.798970004 10.835308
12.499996913 12.389441
10.196910013 10.121554
10.700000074999998 11.387878
11.699999383 11.600929
11.1 11.280574
11.400000202 11.365968
11.200000128 11.268381
12.399997603 12.097623
11.800000504 11.757758
12.1 12.009636
11.900000875 11.528774
12.399997603 11.432798
11.900000875 12.002352
11.500000186 11.487375
11.1 11.004677
11.900000875 11.917557
11.300000237 11.79069
11.200000128 11.221941
10.700000074999998 10.691069
13.600038134 13.517838
11.543697499 11.575573
11.900000875 11.311075
11.301349355 11.2899065
11.200000128 11.366428
11.020818754 11.535006
11.500000186 11.666143
11.200000128 11.242668
10.1 10.875115
13.844727495 13.034111
11.500000186 11.558506
11.200000128 11.492455
11.207893421 11.286581
13.520216403 13.582237
11.300000237 11.335625
10.300000031 10.6355715
11.1 11.189792
11.699999383 11.887788
12.299998172 11.594166
11.400000202 11.432795
11.1 12.74055
12.1 12.264521
10.1 11.3937235
11.200000128 11.190069
12.899998135 12.431454
12.399997603 11.697178
11.800000504 11.732365
11.300000237 11.365463
10.497940009 10.546006
11.200000128 11.218964
11.200000128 11.590124
11.599999679 12.200939
11.200000128 11.21892
11.500000186 11.727048
12.299998172 12.608825
11.1 11.215466
11.19420412 11.133909
12.199999035 12.240269
12.199999035 11.721072
11.599999679 11.45118
11.699999383 11.719847
11.25490196 11.365154
11.400000202 11.582033
11.699999383 11.949781
11.1 11.434245
13.608638306 12.59488
10.300000031 10.42984
11.900000875 11.474174
11.200000128 11.263031
12.699997654 13.017127
11.200000128 11.21298
12.299998172 11.743082
11.400000202 11.565964
11.699999383 11.723288
11.300000237 11.487467
11.599999679 11.588432
13.8000571 12.962891
11.800000504 11.525696
11.800000504 12.604182
10.844727495 10.794567
11.300000237 11.351135
11.200000128 11.322378
11.500000186 11.581768
11.500000186 11.556327
11.500000186 11.497225
10.622878745 10.951267
12.299998172 12.202105
11.999998417 11.6288185
11.900000875 11.883903
11.999998417 11.952511
12.499996913 12.45369
14.600312917 12.808576
12.299998172 11.965679
11.999998417 12.134649
11.599999679 11.845293
11.999998417 12.136696
11.599999679 11.541134
11.1 11.201736
11.1 11.11285
11.200000128 11.385431
11.699999383 11.831887
11.900000875 11.849583
10.702059991 10.683325
11.300000237 11.301784
12.798970004 13.543119
13.600038134 13.417702
11.800000504 11.477895
11.999998417 11.243833
12.199999035 12.143175
11.599999679 11.709505
10.1 10.125781
11.200000128 11.67505
11.900000875 12.791528
11.599999679 11.579287
11.200000128 11.621159
11.200000128 11.174713
12.699997654 11.882085
12.299998172 12.851147
11.200000128 11.526869
11.1 11.398406
11.200000128 11.399381
11.699999383 11.557012
12.293820026 12.6975975
12.1 11.876086
11.400000202 11.3302
11.599999679 11.371014
11.200000128 11.265487
11.200000128 11.519813
13.1 12.154551
11.699999383 12.839116
10.400000029 10.434428
11.900000875 11.885983
11.500000186 11.532043
11.300000237 11.273934
12.799991797 12.368396
11.800000504 11.890247
11.300000237 11.388069
11.300000237 11.17213
11.999998417 11.811966
11.999998417 11.835726
11.999998417 11.978392
11.300000237 11.28406
11.300000237 11.187959
14.200179498 14.138656
11.300000237 11.726181
10.702059991 10.776264
11.599999679 11.624201
13.200015437 12.724667
11.500000186 11.585148
11.200000128 11.6504545
11.200000128 11.176587
11.800000504 11.835083
11.500000186 11.4958725
12.607239611 11.974909
11.200000128 11.259562
12.699997654 11.956383
11.800000504 11.84173
12.499996913 11.949626
11.599999679 11.640646
11.999998417 11.478083
13.049981219 12.345455
13.399988938 12.316824
10.622878745 11.232049
10.1 10.60238
11.400000202 11.405315
11.300000237 11.418697
12.299998172 12.070425
11.200000128 11.365642
11.800000504 11.793674
11.242667504 12.013358
11.400000202 11.341958
11.200000128 11.299757
11.300000237 12.064817
11.200000128 11.294964
11.200000128 11.176743
11.999998417 12.211565
11.200000128 11.150892
11.599999679 11.648529
11.599999679 11.395744
11.599999679 11.53146
11.699999383 12.573848
12.199999035 11.89355
11.200000128 11.287226
11.200000128 11.39475
11.1 11.463575
11.1 11.135083
11.200000128 11.250807
11.200000128 11.338792
11.200000128 11.213883
11.900000875 11.856371
11.300000237 11.3586855
11.800000504 11.793036
11.400000202 11.798511
11.300000237 11.315559
11.800000504 11.714035
11.999998417 11.9532795
10.800000069 10.951349
14.798970004 13.945569
11.1 11.237433
12.078810701 12.251515
11.200000128 11.36797
11.900000875 12.10058
12.199999035 12.019741
11.1 11.125202
11.200000128 11.421462
13.600038134 12.285179
12.511168274 11.219521
10.702059991 11.4209385
11.1 11.164492
13.200015437 13.45017
13.600038134 14.012528
11.800000504 11.794303
11.599999679 10.488632
11.200000128 11.108188
16.518217880999998 13.537258
11.1 11.293305
13.200015437 13.455289
11.1 11.350096
12.1 12.349614
9.497940009 10.153916
11.999998417 11.953306
11.699999383 11.874239
12.1 11.753168
11.200000128 11.250744
11.999998417 12.527834
11.500000186 11.575718
12.829721275 12.155268
12.399997603 11.635824
11.400000202 11.4930315
12.1 11.664059
11.000000142 10.790419
11.800000504 11.832951
12.399997603 12.030706
11.500000186 11.471915
12.699997654 12.215263
9.497940009 10.691317
11.400000202 11.361231
11.668636236 12.540363
11.200000128 11.177246
11.1 11.123587
11.999998417 11.947868
11.900000875 12.029209
11.300000237 11.358065
11.800000504 11.715061
12.799991797 12.577991
11.200000128 11.217185
11.200000128 11.404724
11.699999383 11.903307
11.599999679 11.390095
11.800000504 11.740492
11.500000186 11.541484
11.500000186 11.541917
11.1 10.741169
11.500000186 11.525352
12.399997603 12.423231
10.200000019 10.4908905
10.798970004 10.856596
14.400162274 14.027454
11.1 11.010132
11.699999383 11.972894
11.986056648 12.204142
11.300000237 11.4464
11.500000186 11.485594
11.900000875 11.897072
11.200000128 11.269488
11.800000504 11.913421
14.702059991 14.511704
12.699997654 11.659187
11.599999679 11.195835
11.200000128 11.309891
11.900000875 12.523736
10.702059991 10.753396
11.599999679 11.811947
11.800000504 11.789735
11.1 11.311544
12.680044252 12.262781
13.899970733 13.877958
12.299998172 12.022869
11.1 11.052052
11.637602002 11.260047
12.299998172 12.431889
11.1 11.065534
11.900000875 11.979856
11.800000504 11.792879
11.900000875 11.888854
11.599999679 12.419246
11.400000202 11.440577
11.1 11.390109
11.400000202 11.394181
14.1 13.816277
11.200000128 11.15219
11.1 11.143646
11.200000128 11.2200985
11.1 11.143888
10.1 10.062436
11.300000237 11.332016
10.499999968 10.695632
11.895880017 11.876596
11.999998417 12.339098
11.500000186 12.2806
11.699999383 11.8872
15.600312917 15.025644
11.1 11.251425
11.300000237 11.338028
10.499999968 11.065249
11.900000875 11.903906
11.400000202 11.504642
11.500000186 11.477527
11.118106086 11.162042
11.999998417 11.825162
11.300000237 11.466839
11.500000186 11.455616
11.300000237 11.197718
11.500000186 11.659246
11.599999679 11.681023
11.500000186 11.575389
12.399997603 12.25094
11.200000128 11.170096
11.599999679 11.673014
12.877283529 11.359856
11.400000202 11.36546
11.500000186 11.796065
14.500116928 13.963949
11.300000237 11.302687
11.300000237 11.656902
11.200000128 11.229942
11.1 11.174452
11.900000875 12.059191
11.800000504 11.928659
13.155517328 13.16159
11.400000202 11.360989
11.200000128 11.35044
11.300000237 11.284875
11.1 11.327583
12.1 12.469641
11.200000128 11.2305565
11.900000875 12.291362
11.400000202 11.5024185
12.599996932 12.783426
11.800000504 11.737547
11.400000202 11.295639
10.1 10.108975
10.622878745 10.594872
11.599999679 11.838109
12.599996932 13.043711
11.800000504 11.658263
11.900000875 11.88723
11.500000186 11.498901
11.200000128 11.2705765
11.200000128 11.541006
11.400000202 11.511473
11.200000128 11.216724
11.800000504 11.722089
10.800000069 10.87968
11.900000875 11.849562
11.900000875 11.896435
11.500000186 11.467899
14.175720714 12.100619
11.900000875 12.006642
13.1 12.935806
11.200000128 11.141535
12.499996913 12.938302
12.899998135 12.660496
11.599999679 11.937193
11.699999383 11.382784
12.199999035 12.548891
11.200000128 11.869126
11.500000186 11.398159
11.699999383 11.696813
11.599999679 11.33806
11.900000875 11.805568
14.400162274 13.981764
10.622878745 10.662127
11.900000875 11.837305
14.1 14.322338
11.800000504 11.515619
11.900000875 12.002252
11.699999383 11.574443
12.904100348 12.548473
11.999998417 11.881985
12.599996932 12.759406
13.000008766 12.328391
11.699999383 11.733837
13.1 13.017007
11.1 11.373598
11.599999679 11.538064
11.1 11.392817
15.108773924 13.034358
11.400000202 11.45197
11.500000186 11.74076
11.300000237 11.7805605
12.299998172 12.59967
11.300000237 11.515179
14.200179498 13.452631
11.300000237 11.196279
11.200000128 11.226958
11.300000237 11.458824
11.200000128 11.196348
13.399988938 12.312382
11.1 11.134357
11.200000128 11.221071
11.400000202 11.438959
11.699999383 11.698106
12.699997654 13.16566
11.200000128 11.239119
11.900000875 11.903844
13.200015437 12.563071
11.500000186 11.402876
12.899998135 11.793984
12.299998172 11.654326
11.200000128 11.174815
11.599999679 11.792345
11.599999679 11.541006
12.1 11.810087
11.300000237 11.349365
10.300000031 10.730727
11.400000202 11.493649
11.800000504 11.955372
12.199999035 12.048866
11.999998417 11.797028
11.800000504 11.851954
11.300000237 11.393467
13.299970641 13.489833
11.300000237 11.241902
11.400000202 12.216662
13.543697499 13.429474
13.500007822 12.919684
11.300000237 11.769524
11.500000186 12.297645
11.800000504 11.862711
11.900000875 11.933739
11.400000202 11.355979
11.200000128 11.147484
12.058607315 10.778357
10.200000019 10.395813
11.1 11.11143
11.699999383 11.689408
11.1 11.262222
11.1 11.681874
11.800000504 11.970629
11.200000128 11.267971
12.274369912 12.243722
11.300000237 11.318804
11.1 11.298802
11.599999679 11.647995
11.599999679 11.889671
11.1 11.251872
15.192754053 12.928248
11.200000128 11.256966
11.1 11.147117
11.200000128 11.23478
11.200000128 11.794265
11.800000504 11.770122
11.400000202 11.415036
11.900000875 11.816066
11.900000875 11.916164
11.200000128 11.214804
9.798970004 10.29983
11.500000186 11.540937
12.299998172 11.992724
11.699999383 11.702519
11.200000128 11.243147
11.300000237 11.295778
11.900000875 11.96817
11.699999383 11.760834
11.200000128 11.194895
11.699999383 11.459347
11.200000128 11.35544
11.699999383 12.017187
11.300000237 11.344923
11.900000875 11.842318
11.900000875 11.888928
11.400000202 11.427992
11.449999756 11.453181
11.300000237 11.359877
10.798970004 10.98966
11.200000128 12.014713
11.800000504 11.863758
11.699999383 12.745072
11.500000186 10.9967375
11.200000128 11.330862
11.999998417 11.875915
10.401029995999998 10.882296
11.500000186 11.564015
12.399997603 12.4877205
11.1 11.073064
11.200000128 11.214579
11.200000128 11.307297
11.200000128 11.284063
11.800000504 11.823459
13.437242168 13.471146
11.999998417 11.849914
11.200000128 11.289158
11.200000128 11.349468
11.500000186 11.708536
13.020818754 11.1082
11.500000186 11.4803295
10.702059991 10.922067
11.300000237 11.335531
11.800000504 12.040235
12.199999035 11.6726055
10.1 10.586103
11.1 11.1668
11.699999383 12.468065
14.500116928 14.57331
12.599996932 12.986317
11.599999679 11.516529
13.200015437 13.014383
11.200000128 11.2671995
11.400000202 11.5582695
11.300000237 11.498449
11.1 11.015079
12.399997603 12.704537
12.399997603 12.307818
11.599999679 11.942504
11.200000128 11.209246
12.399997603 13.253077
11.800000504 11.796759
11.400000202 11.472125
11.999998417 11.850031
11.500000186 11.438477
11.200000128 11.268768
11.900000875 11.862475
11.500000186 11.473579
11.200000128 11.2646475
11.599999679 11.699694
12.399997603 11.779992
11.200000128 11.217541
12.058607315 11.428215
13.000008766 12.721922
11.300000237 11.550255
11.999998417 11.974613
15.058607315 12.992165
13.699980365 12.48449
11.599999679 11.865055
11.900000875 12.592793
11.500000186 11.375635
12.359637311 12.313633
11.200000128 11.332684
14.298970004 14.148685
11.300000237 11.617001
11.500000186 11.627062
12.399997603 11.986069
11.300000237 11.316389
11.200000128 11.158651
11.1 11.167134
12.399997603 11.910005
11.500000186 11.425806
12.299998172 11.824533
12.1 12.035609
11.1 11.4802265
13.899970733 13.961758
11.200000128 11.235857
11.200000128 11.384352
11.900000875 11.885703
11.200000128 11.303972
11.599999679 11.691294
11.300000237 11.291668
11.800000504 11.563692
11.200000128 11.302286
11.1 11.160188
10.200000019 10.712283
11.599999679 11.679749
12.399997603 11.593771
11.200000128 11.265642
11.200000128 11.3810005
11.500000186 11.520102
11.699999383 11.77669
10.300000031 10.535433
11.800000504 11.831789
12.449998344 12.75728
11.1 11.402066
11.200000128 11.166304
11.599999679 11.706351
10.844727495 10.576309
11.599999679 11.489101
11.1 11.231527
11.413951172 11.479981
11.999998417 11.934217
11.1 11.127795
11.400000202 11.445612
11.500000186 11.693044
11.200000128 11.226817
11.599999679 12.256243
11.699999383 11.499991
10.401029995999998 10.636486
11.1 11.3323345
12.599996932 12.223398
11.500000186 11.541281
11.500000186 11.47332
11.500000186 11.483868
11.200000128 11.206158
11.1 11.31765
11.500000186 11.833879
12.29074 11.770183
11.200000128 11.363963
12.599996932 12.323176
11.900000875 11.82496
11.200000128 11.254826
11.200000128 11.229583
11.300000237 11.361721
11.800000504 11.649532
11.999998417 11.865449
11.1 11.471674
11.699999383 11.397199
11.999998417 11.982641
11.800000504 11.931606
11.1 11.259964
11.999998417 11.925079
11.300000237 11.408659
11.1 11.118473
11.300000237 11.301916
11.699999383 11.84416
12.399997603 12.26424
9.798970004 10.22819
12.399997603 12.523293
11.200000128 11.243519
11.800000504 11.887091
11.900000875 11.896862
12.344125144 12.467911
11.200000128 11.226256
11.1 11.1651745
11.200000128 11.196783
12.699997654 12.172401
11.300000237 11.420727
11.800000504 11.767445
11.200000128 11.263104
11.400000202 11.481734
13.699980365 13.995214
10.401029995999998 10.797794
11.800000504 13.079598
11.900000875 11.841018
12.499996913 12.214723
11.800000504 11.855477
11.300000237 11.360319
12.799991797 13.448766
11.900000875 11.896854
11.599999679 11.679148
11.200000128 11.199825
11.200000128 11.212296
12.1 12.010141
11.1 11.109037
12.622878745 12.325689
10.224938737 10.211842
11.1 11.248042
11.200000128 11.318457
11.500000186 11.469641
11.900000875 11.549297
11.800000504 11.783987
11.200000128 11.192195
10.702059991 10.732996
11.900000875 11.867939
11.800000504 11.938213
11.200000128 11.297155
11.800000504 12.173282
11.200000128 11.2930975
11.500000186 11.467936
12.622878745 12.679488
13.500007822 12.446867
11.1 11.097021
11.200000128 11.258274
11.200000128 11.232137
11.200000128 11.384321
13.99997427 12.909989
11.900000875 11.851467
11.1 11.292747
11.300000237 11.280432
11.699999383 11.729816
11.800000504 11.816542
11.900000875 11.899155
11.180921908 11.09472
10.622878745 10.557933
11.599999679 11.871225
11.599999679 11.658567
11.900000875 11.899574
10.1 10.130612
11.800000504 12.29496
11.300000237 11.423934
15.299970641 15.354509
12.899998135 12.420179
11.500000186 11.452157
11.300000237 11.288828
11.300000237 11.398849
11.500000186 12.2770605
12.799991797 11.8343935
11.699999383 11.614477
11.400000202 11.334542
12.299998172 13.147082
11.699999383 11.8536625
11.900000875 11.957359
11.699999383 11.657254
11.599999679 11.908699
11.800000504 11.704475
11.900000875 11.958638
11.1 11.154932
11.800000504 11.687784
11.300000237 11.342691
11.999998417 12.471108
11.999998417 11.871274
11.300000237 11.333254
11.900000875 11.890292
10.307608311 11.154689
11.599999679 11.596732
11.1 11.102391
11.1 11.134092
11.200000128 11.204067
11.300000237 11.309825
11.1 11.296031
14.1 12.636804
11.200000128 11.469787
11.200000128 11.151857
11.200000128 11.169596
12.1 11.891092
11.200000128 11.349031
14.400162274 13.661446
11.1 11.07925
11.800000504 11.812329
12.399997603 12.412432
14.798970004 12.292127
11.200000128 11.129369
12.499996913 12.540218
11.500000186 11.2981415
11.900000875 11.939781
11.999998417 12.699223
12.986056648 13.11175
11.800000504 11.709328
11.300000237 11.591319
11.900000875 11.933328
11.500000186 11.897456
11.213943352 11.508157
11.200000128 11.255823
11.1 11.3865795
10.401029995999998 11.097145
11.798970004 11.869251
11.900000875 11.864787
11.1 11.483486
11.500000186 11.618227
11.300000237 11.377845
12.399997603 11.833062
11.150000064 11.404234
11.699999383 11.387991
14.1 13.959056
10.702059991 10.733828
11.400000202 11.40439
12.499996913 12.031012
11.1 11.218161
11.1 11.659556
11.800000504 13.210152
11.1 11.159115
11.1 11.2293
11.1 11.526433
11.999998417 14.4075165
11.500000186 11.734866
11.1 11.287696
11.1 11.103054
11.200000128 11.321304
12.399997603 12.046068
11.1 10.948889
11.900000875 12.116863
11.200000128 11.291284
11.599999679 11.595141
10.401029995999998 10.592609
12.499996913 11.575713
11.497940009 11.657876
11.1 11.441017
13.594850022 13.805826
12.392429824 12.743295
11.800000504 11.787319
11.200000128 11.262896
11.200000128 11.238692
13.122276395 13.143661
11.699999383 12.049907
11.400000202 11.601674
10.224938737 10.26296
11.699999383 11.775007
11.999998417 11.829901
11.800000504 11.827184
11.800000504 11.868712
11.1 11.282167
10.1 10.193441
11.1 11.943255
12.399997603 12.4119625
11.200000128 11.211104
11.800000504 11.769893
11.200000128 12.088961
11.500000186 11.316224
11.800000504 11.463584
14.1 13.131062
11.300000237 11.582659
11.300000237 11.365542
11.900000875 11.935514
11.900000875 11.90121
11.300000237 11.697941
10.800000069 10.966904
11.500000186 11.503903
10.224938737 10.25242
12.799991797 13.127882
11.500000186 11.593393
12.299998172 12.539891
11.500000186 11.534611
11.800000504 11.845987
11.500000186 11.512833
11.1 11.153213
13.500007822 11.902179
12.899998135 11.764888
12.1 11.6244755
11.200000128 11.294062
11.1 11.146189
11.699999383 11.588972
10.401029995999998 11.164937
11.699999383 11.601818
11.200000128 11.512673
12.1 11.258612
11.200000128 11.23032
11.900000875 11.960553
11.900000875 11.766918
12.199999035 11.674052
11.300000237 11.255396
11.200000128 11.241703
12.199999035 11.941542
10.224938737 10.212031
11.699999383 11.560136
11.800000504 11.906518
11.031814138 11.568961
10.923908741 10.905398
11.500000186 11.3899975
11.300000237 11.737104
11.200000128 11.191156
11.599999679 11.633634
11.699999383 11.561487
11.900000875 11.894474
12.399997603 12.198965
11.200000128 11.409269
11.200000128 11.19424
11.200000128 11.169938
11.200000128 11.187852
11.699999383 11.738944
11.400000202 11.589018
11.999998417 11.981833
11.1 11.09537
13.191514981 13.121878
10.300000031 10.546452
13.1 11.617332
13.200015437 13.403202
11.999998417 11.96002
11.1 11.2241955
9.702059991 9.685338
11.200000128 11.270072
9.401029995999998 9.71155
11.500000186 11.472824
11.900000875 11.861259
12.499996913 11.984036
11.900000875 12.027552
11.900000875 11.901576
11.900000875 11.82216
10.400000029 10.510437
11.200000128 11.250978
11.699999383 11.711679
11.1 11.111936
11.1 11.120354
11.300000237 11.317993
11.599999679 11.639009
11.401029996 11.376032
11.200000128 11.172927
11.500000186 11.31546
11.900000875 11.928014
11.800000504 11.803643
12.1 11.850718
11.200000128 11.267502
12.1 11.913933
10.798970004 10.984535
11.999998417 11.732876
10.58148606 10.832062
11.500000186 12.172072
11.300000237 11.302155
11.300000237 11.317961
12.599996932 12.46207
13.1 12.539836
12.934590267 12.077397
11.599999679 11.659315
11.800000504 12.060815
13.000008766 12.81531
11.500000186 11.441076
13.191514981 13.11708
11.1 10.991299
12.599996932 12.160114
11.200000128 11.518858
11.200000128 11.4235735
12.122276395 11.84076
11.900000875 11.950436
11.300000237 11.672321
11.1 11.2528305
11.900000875 11.987956
11.300000237 11.370233
11.300000237 11.305286
12.399997603 12.091762
11.800000504 11.81878
11.300000237 11.413839
11.200000128 11.197365
11.200000128 11.25705
12.299998172 12.869096
11.699999383 11.623136
14.1 13.153994
11.300000237 11.250236
11.699999383 12.357796
11.1 11.249102
11.976935191 11.914714
11.300000237 11.482891
11.400000202 11.332238
12.499996913 11.820454
11.900000875 11.8321295
11.300000237 11.377349
11.500000186 11.527741
11.418758763 12.445645
11.599999679 11.483601
12.199999035 11.734559
11.599999679 11.313759
11.999998417 11.81648
11.435792102 11.408693
11.300000237 11.3139
11.900000875 11.596872
13.1 12.776138
11.200000128 11.2771635
11.400000202 11.437997
12.899998135 13.670734
12.499996913 11.509126
11.500000186 11.450247
11.300000237 12.02253
11.1 11.140472
11.25490196 11.43839
11.900000875 11.803942
11.599999679 11.864582
11.900000875 11.862614
11.900000875 11.893078
11.400000202 11.430711
11.300000237 11.364594
9.798970004 9.809329
12.299998172 12.308381
10.702059991 11.100074
11.800000504 11.917285
12.299998172 12.11417
11.1 11.314554
11.798970004 11.3798485
14.999629455 14.247942
11.287086643 10.806728
11.699999383 11.7975855
11.800000504 13.035075
11.400000202 11.476958
11.200000128 11.347503
15.600312917 14.69845
11.300000237 11.25205
11.900000875 11.898374
11.900000875 11.947048
11.1 11.082688
11.800000504 12.052622
11.400000202 11.790597
12.599996932 11.62084
11.999998417 11.95539
11.599999679 11.660369
11.699999383 11.543721
11.200000128 11.602213
12.699997654 11.566563
11.200000128 11.341312
11.108773924 11.701457
11.1 11.11167
12.399997603 11.815991
11.599999679 12.862654
11.300000237 11.378639
11.800000504 11.753221
11.400000202 11.430868
11.200000128 11.285134
11.599999679 11.318506
14.798970004 13.034191
11.200000128 11.397886
12.599996932 12.857205
11.699999383 11.702479
11.200000128 11.228722
11.900000875 11.981515
10.020818754 10.312621
14.700326279 13.829796
12.199999035 12.311527
11.800000504 11.776253
10.798970004 10.973021
10.622878745 10.755138
11.200000128 11.207412
11.618557371 12.414911
10.1 10.824647
11.1 11.540304
11.800000504 11.766203
11.456547324 11.627822
13.600038134 13.2797985
10.401029995999998 10.907695
11.500000186 11.524151
11.300000237 11.378247
11.200000128 11.217788
12.399997603 11.92057
11.300000237 11.444247
11.1 11.123859
11.900000875 11.736557
12.618578659 12.418151
11.784029655 11.584708
11.599999679 11.342673
11.200000128 11.425984
12.1 11.6182995
11.900000875 11.933489
11.1 11.156609
10.224938737 10.369241
12.020818754 11.687226
11.900000875 12.105067
11.200000128 11.261524
11.900000875 12.023069
11.400000202 11.353149
11.500000186 11.783266
14.1 13.925656
12.499996913 12.27871
10.1 10.624576
11.200000128 11.308359
11.757577319 11.457777
11.200000128 11.395014
11.699999383 11.658324
13.200015437 12.16147
11.500000186 11.469966
14.1 13.04248
11.400000202 11.544183
11.800000504 11.804014
11.1 11.142614
11.200000128 11.209197
11.800000504 11.816041
11.200000128 11.665223
11.500000186 11.439563
11.800000504 12.112866
11.200000128 11.7498
11.999998417 11.781705
12.199999035 12.168676
11.400000202 11.460828
12.1 12.163244
10.58148606 10.8715315
11.500000186 11.459978
11.999998417 11.732068
11.400000202 11.575102
11.800000504 11.8434
11.800000504 12.075032
11.999998417 12.12577
11.699999383 11.758234
12.199999035 11.81521
11.300000237 10.714072
11.599999679 11.244607
11.800000504 11.822794
13.8000571 12.938424
11.300000237 11.4475565
12.899998135 11.470123
10.1 11.158995
10.788375355 11.264038
11.200000128 11.217136
11.1 11.27488
13.899970733 13.645788
11.699999383 11.910314
12.058607315 12.447256
11.400000202 11.918983
11.500000186 11.705129
11.200000128 11.370762
11.1 11.316633
11.200000128 11.167836
11.200000128 11.3643
11.200000128 11.25645
14.1 12.358741
12.499996913 12.20372
12.399997603 12.051765
11.900000875 11.909268
14.200179498 13.164463
11.699999383 11.543613
11.800000504 11.84716
11.699999383 11.7184925
11.1 11.433334
10.599999953 10.6502495
10.900000053 11.378596
11.1 11.191821
11.200000128 11.280529
13.8000571 12.742672
11.400000202 11.4724045
11.900000875 11.859794
11.400000202 11.361618
11.999998417 11.78949
11.699999383 12.060321
11.1 11.359995
11.800000504 11.8690815
12.599996932 12.216521
11.599999679 11.666736
12.1 12.278019
11.300000237 11.666379
11.900000875 11.893014
10.622878745 10.776661
11.297910742 11.299486
11.300000237 11.370417
12.599996932 11.683669
11.300000237 11.370047
11.1 11.103791
11.200000128 11.168462
13.08940535 11.916072
11.923908741 11.662163
11.300000237 11.367907
11.999998417 12.218709
11.200000128 11.205012
10.900000053 10.684618
12.1 11.569015
11.126872146 11.215373
14.700326279 13.192376
10.861685629 11.122469
11.500000186 11.878517
13.299970641 13.316254
11.200000128 11.310261
11.699999383 11.726748
11.1 11.225201
13.399988938 12.926689
11.200000128 11.179318
11.500000186 11.424119
11.1 11.378929
11.599999679 11.698272
11.200000128 11.117443
11.400000202 11.490654
11.699999383 11.662003
12.799991797 12.180417
11.500000186 11.597298
10.702059991 11.654749
11.400000202 11.9192095
11.213943352 11.604096
11.699999383 12.154357
10.401029995999998 11.033909
12.401029996 12.365617
11.800000504 12.478397
11.699999383 11.251627
11.999998417 11.747072
12.1 11.482008
12.877283529 11.685255
12.299998172 11.930558
11.800000504 11.937835
10.1 10.3701935
11.500000186 11.785413
11.300000237 11.830885
11.300000237 11.341698
11.999998417 11.9344845
10.351811973 10.376842
11.300000237 11.465767
13.699980365 12.049555
10.594850022 11.529839
11.1 11.141945
14.1 14.090033
11.699999383 11.823658
10.1 10.126468
11.1 11.245909
11.999998417 11.906383
11.200000128 11.248622
13.798970004 13.629586
10.200000019 10.351478
11.800000504 11.809671
11.622878745 11.442526
10.300000031 10.55517
11.200000128 11.602925
11.200000128 12.078323
11.200000128 11.8254795
11.900000875 12.182484
14.200179498 13.314074
11.400000202 11.685619
11.599999679 11.9115505
11.200000128 11.44173
11.200000128 11.154974
11.300000237 11.724653
11.200000128 11.931883
11.300000237 11.347235
11.300000237 11.411299
11.400000202 11.502857
11.900000875 11.870267
11.999998417 11.935968
11.599999679 11.300788
11.900000875 11.337552
11.1 11.106195
11.200000128 11.180438
13.1 12.613647
10.800000069 10.537576
11.400000202 11.505423
11.200000128 11.3136635
11.1 11.368881
11.300000237 11.286643
11.800000504 11.866394
11.200000128 11.174086
11.300000237 11.314881
11.200000128 11.170837
11.200000128 11.388644
11.800000504 11.846362
11.200000128 11.198833
11.599999679 12.042204
12.665546345 12.666765
14.299970641 12.834647
11.900000875 11.726925
11.400000202 11.703
11.200000128 11.200662
11.599999679 11.594944
11.807743929 11.741802
11.200000128 11.191003
10.400000029 10.284477
11.599999679 12.397919
11.599999679 11.570051
11.900000875 11.916713
11.999998417 11.864
11.900000875 11.93813
11.800000504 11.818228
11.1 11.229727
11.599999679 11.6029625
11.1 11.325348
11.900000875 11.910379
11.500000186 11.690428
12.899998135 12.17821
11.1 11.485054
11.1 11.606331
11.1 11.394079
10.200000019 10.824126
11.599999679 11.776184
11.500000186 11.666127
11.800000504 11.879681
11.500000186 11.852137
11.999998417 11.94769
11.500000186 11.655497
12.899998135 13.513536
11.1 11.217404
14.200179498 13.370256
10.400000029 10.655462
11.500000186 11.671697
12.1 11.964252
11.200000128 11.353077
12.299998172 11.475241
11.1 11.288905
11.200000128 11.41955
11.300000237 11.283445
11.1 11.166487
11.900000875 11.911058
11.1 12.182481
11.699999383 11.568936
11.999998417 12.083186
11.999998417 11.688228
10.738272164 10.66558
11.200000128 11.425858
11.400000202 11.5102415
13.99997427 12.99811
11.500000186 11.477391
12.299998172 12.188583
11.500000186 11.63942
11.200000128 11.29772
11.599999679 11.341429
11.1 11.106062
11.500000186 11.549019
11.200000128 11.25084
11.897940446 11.884363
11.400000202 11.461619
14.999629455 14.368457
12.499996913 12.894318
11.1 11.297872
11.200000128 11.281218
11.999998417 11.557811
11.699999383 11.79237
10.897239313 10.737257
11.599999679 12.156222
12.821246399 12.203142
10.900000053 11.050796
12.847146969 12.324621
11.300000237 11.380696
10.622878745 10.693853
11.1 11.15714
11.500000186 11.34879
10.622878745 10.52962
11.800000504 11.812151
11.900000875 11.976478
11.1 11.26718
13.899970733 13.891752
11.599999679 11.6267805
11.500000186 11.622564
11.699999383 11.493097
9.798970004 9.948963
11.300000237 11.6233835
11.900000875 11.945268
11.699999383 11.589443
11.200000128 11.324627
11.200000128 11.270553
13.078810701 13.154854
10.798970004 11.258062
11.1 11.077921
10.800000069 10.664792
11.400000202 11.54464
14.798970004 11.732878
10.1 10.150343
11.200000128 11.210017
12.1 12.090424
11.300000237 11.387925
12.799991797 11.751335
11.300000237 11.372652
11.999998417 12.0615015
11.1 11.16709
11.400000202 11.564936
11.1 11.102165
11.599999679 11.421194
11.1 11.296272
11.500000186 11.85106
11.1 11.159025
10.499999968 11.00285
11.500000186 12.102036
12.1 11.832123
11.286962717 11.394453
11.999998417 12.306577
11.200000128 11.178176
12.730784143 12.790742
12.199999035 11.976992
12.299998172 12.364946
11.1 11.0757065
11.1 11.194633
12.1 12.079174
11.200000128 12.010514
11.900000875 11.952117
11.300000237 11.672298
11.599999679 11.366448
15.280456064 14.825783
10.637602002 10.821594
13.399988938 12.012653
11.200000128 11.536337
11.500000186 11.725038
12.199999035 12.0896845
11.400000202 11.464554
11.1 11.123829
11.999998417 12.095994
11.300000237 11.35532
11.800000504 11.664106
11.200000128 11.3301325
11.599999679 11.61283
11.300000237 11.631139
11.108773924 11.193286
11.599999679 11.912634
11.400000202 11.467674
11.900000875 11.802957
11.200000128 11.322021
11.900000875 11.982554
11.500000186 11.50706
11.699999383 11.729361
11.200000128 11.308358
11.200000128 11.183029
11.200000128 11.190269
11.400000202 11.415019
11.900000875 11.96936
11.200000128 11.239509
11.300000237 11.353274
11.900000875 11.884165
11.300000237 11.548279
11.200000128 11.260301
13.280456064 13.373873
11.800000504 11.81283
11.500000186 10.910863
11.800000504 11.808966
11.500000186 11.5666
12.199999035 11.599304
11.1 11.248738
11.500000186 11.530552
11.1 11.716824
11.400000202 11.368463
11.200000128 11.196481
12.25490196 12.266057
11.900000875 11.9665
10.800000069 10.967925
11.200000128 11.452184
12.599996932 11.711245
11.900000875 11.906628
11.599999679 11.602667
11.999998417 12.590596
11.200000128 11.239462
11.999998417 11.912596
11.1 11.185954
11.800000504 11.610673
11.200000128 11.347691
11.1 11.128294
11.200000128 11.175117
12.399997603 12.258738
11.699999383 11.901808
11.900000875 11.909323
11.213943352 11.252302
11.000000142 10.925095
11.699999383 11.874904
11.622878745 11.842537
11.200000128 11.223007
11.800000504 11.807025
11.999998417 11.912851
12.599996932 12.75342
11.200000128 11.219437
10.800000069 10.290602
11.300000237 11.315902
11.200000128 11.353102
11.500000186 11.449199
11.1 11.273987
12.599996932 12.700533
11.641513236 11.85414
11.599999679 11.577663
12.699997654 12.067374
11.300000237 11.335766
11.200000128 11.207075
11.1 11.159183
12.1 11.975681
10.900000053 10.722495
11.999998417 11.538916
10.336572006 11.6165905
11.500000186 11.3871975
11.200000128 11.334208
11.900000875 12.1284275
11.1 11.186359
11.798970004 11.730524
12.879891912 12.515488
12.199999035 12.163173
11.900000875 11.776103
13.299970641 12.023458
13.543697499 13.522902
11.911954808 11.890857
12.199999035 12.3468075
11.200000128 11.274605
11.300000237 11.487101
11.200000128 11.914933
13.1 12.046557
12.504503778 12.272371
11.200000128 11.161547
11.200000128 11.300537
11.1 11.113633
11.1 11.185762
11.300000237 11.469911
11.200000128 11.176144
11.300000237 11.385128
11.300000237 11.8069105
11.699999383 11.797379
12.1 11.90269
11.1 11.114272
11.400000202 11.4358425
10.702059991 10.843056
10.738272164 10.788029
11.200000128 11.2244425
11.900000875 11.662502
11.900000875 11.941305
11.699999383 11.881667
11.400000202 11.422007
11.900000875 11.835054
11.400000202 11.422911
13.600038134 12.317663
13.439988779 13.745095
12.199999035 11.938844
11.1 11.116026
10.401029995999998 10.507406
11.200000128 11.27396
11.800000504 12.203726
13.200015437 13.326279
15.175720714 14.568323
11.999998417 12.292005
11.1 11.242554
11.800000504 11.8179035
11.800000504 11.894665
11.300000237 11.509825
11.699999383 11.750734
10.497940009 10.774181
10.627243551 10.808822
11.1 11.31134
10.599999953 10.366808
11.400000202 11.36931
12.199999035 11.972566
11.300000237 11.38126
11.800000504 11.818868
12.299998172 12.116587
13.1 12.175719
11.500000186 11.710916
11.1 11.287182
11.999998417 12.054226
11.1 11.156533
11.599999679 12.311741
11.200000128 11.112239
11.500000186 11.571497
11.699999383 11.807669
11.1 11.123432
10.300000031 10.828075
11.500000186 11.501558
10.300000031 10.350983
11.200000128 11.099019
11.400000202 11.607393
11.699999383 11.513933
11.500000186 11.538058
11.500000186 11.520828
11.900000875 11.775761
11.200000128 11.220257
11.1 11.11376
12.499996913 11.780127
11.599999679 11.560347
11.800000504 11.759092
11.1 11.209121
12.399997603 12.557556
11.699999383 11.7857685
11.800000504 11.805148
11.900000875 11.778837
11.900000875 11.920288
11.1 11.122101
11.800000504 11.7492075
15.684434028 13.734135
11.500000186 11.5430565
11.200000128 11.254385
11.300000237 11.295286
11.1 11.10821
11.300000237 11.267286
12.199999035 12.023382
12.599996932 12.955698
11.200000128 11.238499
11.400000202 11.942423
11.599999679 12.083059
11.1 11.472235
11.599999679 11.715935
11.300000237 11.414655
11.200000128 11.223152
12.499996913 11.577606
11.699999383 11.748707
11.300000237 11.85644
11.900000875 11.765093
12.599996932 11.82527
11.300000237 11.369408
11.699999383 11.621078
11.900000875 11.474458
11.1 11.11314
11.800000504 12.557798
12.899998135 12.663038
11.200000128 11.2567
11.200000128 11.407916
12.499996913 11.829563
11.200000128 11.372108
11.900000875 11.969533
11.500000186 11.297117
11.699999383 11.6783
11.200000128 11.360029
11.200000128 11.218695
11.1 11.120888
11.699999383 11.714166
11.599999679 11.304061
11.300000237 11.285486
11.500000186 11.5165205
11.500000186 11.4875965
11.200000128 11.628036
11.300000237 11.915168
11.1 11.126083
11.1 11.211179
11.900000875 11.955519
11.999998417 11.764285
11.900000875 11.911626
12.599996932 12.376844
13.399988938 13.247899
11.900000875 11.401917
12.199999035 12.049423
11.500000186 11.627714
13.8000571 13.285401
12.199999035 12.332194
11.599999679 11.761054
12.299998319 11.58042
13.8000571 13.158209
12.499996913 12.155565
13.699980365 12.363674
11.900000875 12.096086
11.500000186 11.649981
11.800000504 11.7873745
11.684317809 11.688856
11.900000875 12.30139
10.401029995999998 11.24825
12.399997603 11.850655
11.699999383 11.67784
11.500000186 11.432681
11.200000128 11.205509
12.299998172 11.945892
11.200000128 11.279105
11.300000237 11.313032
13.000008766 12.971657
12.299998172 12.281839
11.200000128 11.219958
12.699997654 12.710352
11.699999383 11.910774
13.299970641 13.115434
14.160928781 13.322789
12.122276395 12.179853
11.699999383 11.952541
12.794648631 12.613159
11.900000875 11.75319
11.500000186 11.469122
11.900000875 12.562674
13.500007822 12.204635
11.900000875 11.896883
11.500000186 11.418152
11.400000202 11.317162
12.499996913 12.424394
11.1 11.192241
11.800000504 11.84954
11.944663963 11.913624
12.899998135 12.312622
11.999998417 12.266443
14.25490196 14.418766
11.699999383 11.842083
11.800000504 11.83877
11.268929859 11.397457
11.200000128 11.460812
13.261150909 11.630702
11.599999679 11.582611
11.300000237 11.452857
10.622878745 10.846694
11.1 11.25824
11.200000128 11.2750025
11.900000875 11.727372
11.200000128 11.132502
11.999998417 11.968602
14.1 14.035642
10.499999968 10.282099
13.299970641 13.085909
11.900000875 11.921499
11.900000875 11.866642
10.622878745 10.557946
11.200000128 11.185837
11.599999679 11.594131
11.200000128 11.200707
10.622878745 10.616927
11.300000237 11.807313
11.500000186 11.901278
11.800000504 11.777893
11.699999383 11.681968
11.200000128 11.340019
12.799991797 12.333879
10.336572006 11.09401
11.800000504 11.794135
11.500000186 11.576502
12.568521083 12.424622
11.1 11.0962925
12.520216403 12.113768
12.399997603 11.719011
11.900000875 11.750357
11.400000202 11.895979
11.400000202 11.372195
13.600038134 12.507963
12.594850022 12.4393635
11.1 11.843119
12.899998135 12.109411
10.200000019 10.294257
10.131517051 11.935654
12.799991797 12.444742
11.699999383 11.819473
11.800000504 11.911047
13.299970641 12.170571
11.200000128 11.194583
11.200000128 11.278986
11.300000237 11.688736
11.145757491 11.079153
11.699999383 11.579808
14.1 14.42332
11.300000237 11.2845545
11.200000128 11.224416
10.895880017 11.209911
12.1 11.7335205
14.600312917 13.045625
11.300000237 11.298194
10.1 10.678462
11.520216403 11.552245
11.400000202 11.543296
11.1 11.530581
11.599999679 11.382551
13.899970733 12.340596
11.900000875 12.104739
12.299998172 11.807998
12.249985385 12.398997
11.900000875 11.863516
13.600038134 13.053534
11.900000875 11.879362
11.599999679 11.7877245
11.1 11.212551
11.1 11.150297
11.900000875 11.845981
11.900000875 11.899485
12.199999035 11.94847
11.500000186 11.512026
11.300000237 11.403263
11.900000875 11.585554
11.1 11.080656
11.500000186 11.69619
11.300000237 11.708191
13.000008766 12.52185
11.400000202 11.263966
10.1 10.833272
11.400000202 11.597603
11.699999383 11.837763
11.200000128 11.407891
11.699999383 11.831783
11.599999679 11.395215
12.699997654 12.9685955
11.500000186 11.519253
11.999998417 12.0131855
11.200000128 11.226318
11.599999679 11.325637
12.299998172 11.45767
11.800000504 11.233102
11.1 11.114294
11.599999679 11.642141
11.200000128 11.9397335
11.900000875 11.726521
12.199999035 11.697281
11.699999383 11.660376
11.500000186 11.368225
11.999998417 11.90215
10.200000019 10.978868
11.200000128 11.46961
12.699997654 11.898006
11.599999679 11.607689
12.1 11.90877
11.200000128 11.311493
13.8000571 13.219393
11.400000202 11.403505
13.500007822 12.486277
12.699997654 12.410006
11.200000128 11.24883
11.1 10.986121
12.499996913 12.0143
12.926813732 12.722702
11.699999383 11.91737
10.401029995999998 10.380495
11.1 11.229185
11.200000128 11.270074
11.1 11.18336
11.1 11.094929
11.599999679 11.594341
11.699999383 11.891759
11.900000875 11.789709
11.200000128 11.239527
11.400000202 11.430034
11.200000128 11.206286
11.200000128 11.239636
11.800000504 11.676578
11.500000186 11.595563
11.500000186 11.552843
11.300000237 11.204744
11.699999383 11.686899
11.300000237 11.485263
11.800000504 11.877487
11.599999679 11.876433
13.104364805 12.25689
11.300000237 11.280596
11.900000875 11.9633465
11.1 11.514347
11.200000128 11.206432
11.800000504 11.815806
11.400000202 11.307952
11.900000875 11.864757
12.299998172 12.258267
11.999998417 11.914213
11.699999383 11.5558815
11.900000875 11.904116
11.200000128 11.525135
12.1 11.924383
15.1 15.147
9.497940009 9.748382
12.199999035 12.003001
11.622878745 11.423988
12.65129368 12.621187
10.702059991 10.885351
14.700326279 14.616997
11.900000875 12.031452
12.699997654 13.300029
12.699997654 12.268405
11.1 11.316549
11.500000186 11.6142435
11.500000186 11.429989
11.999998417 11.923908
11.599999679 11.657607
11.200000128 11.348212
11.200000128 11.29896
12.799991797 12.494911
13.401029996 13.156689
12.199999035 11.767374
12.399997603 12.79088
13.000008766 12.046679
11.1 11.279274
11.200000128 11.11931
11.500000186 11.919314
11.200000128 11.226585
12.299998172 12.071913
11.200000128 11.351054
11.1 11.398296
11.300000237 11.435225
11.800000504 11.817858
11.1 11.155588
11.400000202 11.321329
12.379840697 12.5090065
13.399988938 12.948809
11.200000128 11.364893
12.699997654 12.89751
11.1 11.429432
14.299970641 12.865755
11.500000186 11.626981
11.699999383 11.631681
12.199999035 11.709051
11.800000504 11.373956
11.400000202 11.368421
10.400000029 11.185867
11.300000237 11.390989
11.900000875 11.804217
11.200000128 11.187755
13.1 13.392699
11.900000875 11.829194
12.145757491 12.165031
11.800000504 11.875196
12.199999035 12.011626
12.699997654 12.558458
11.200000128 11.230003
11.699999383 11.715569
11.1 11.433589
11.300000237 11.321426
11.401029996 11.385886
11.1 11.306162
11.200000128 11.216181
11.500000186 11.805111
10.499999968 10.676891
11.699999383 11.539267
10.1 10.691021
11.200000128 11.425013
12.399997603 12.444082
11.900000875 11.9024
12.300659451 11.125877
11.300000237 11.428108
11.1 11.118464
11.900000875 12.256979
11.300000237 11.394291
13.600038134 12.905668
12.599996932 12.336639
11.599999679 11.955166
12.499996913 12.096992
11.200000128 11.256179
11.500000186 11.509288
11.200000128 11.630896
10.599999953 10.679551
10.300000031 10.664476
11.999998417 12.004337
11.1 11.467662
11.800000504 11.8193035
11.200000128 11.253165
12.799991797 13.725542
11.000000142 10.971306
11.500000186 11.536651
12.199999035 11.724142
11.699999383 11.831238
12.599996932 12.626558
12.799991797 12.310106
11.699999383 11.861425
11.200000128 11.251835
11.599999679 11.4603815
11.500000186 11.466356
11.400000202 11.374688
11.200000128 11.31724
11.599999679 11.489469
11.300000237 11.250552
11.900000875 11.897675
11.300000237 11.431904
11.200000128 11.165265
11.900000875 12.271529
11.699999383 11.842077
11.200000128 12.494334
11.699999383 11.680563
11.1 11.255245
11.300000237 11.377045
11.900000875 11.825954
10.200000019 10.289499
11.400000202 12.216458
11.800000504 11.792102
12.299998172 12.192401
11.900000875 11.912372
13.446787486 13.352716
11.1 11.207746
11.1 11.432785
11.699999383 12.023373
11.599999679 11.299895
10.300000031 10.836967
11.200000128 11.238678
13.000008766 11.881047
13.699980365 12.982284
13.8000571 13.062532
12.1 12.186853
11.200000128 11.161335
11.599999679 11.572311
12.799991797 11.941856
11.200000128 11.321917
11.500000186 11.610426
10.869551079 11.1786785
11.200000128 11.218784
10.497940009 10.54314
11.400000202 11.357716
13.1 13.33477
11.900000875 11.921728
11.1 11.280415
11.300000237 11.236353
11.727338612 11.762703
11.1 11.285568
11.500000186 11.569417
11.900000875 11.830083
11.800000504 11.905247
11.699999383 11.826865
11.200000128 11.259438
11.800000504 11.556696
10.622878745 10.744347
11.1 11.108543
11.699999383 11.739478
11.500000186 11.5289755
11.200000128 11.528177
11.900000875 11.982544
12.199999035 12.88271
11.699999383 11.756408
13.923908741 13.23255
11.999998417 11.6610985
11.800000504 11.618438
11.800000504 11.785739
11.900000875 11.832596
12.599996932 12.3920145
12.399997603 12.077063
10.702059991 10.843186
13.798970004 13.86052
11.1 11.240112
11.300000237 11.316153
11.900000875 11.988399
11.400000202 11.476053
11.300000237 11.277939
11.599999679 12.046173
11.900000875 11.902873
11.1 11.774215
11.800000504 11.855324
9.986056648 10.262778
12.799991797 12.22581
11.200000128 11.317255
9.798970004 9.826523
12.699997654 12.621483
10.702059991 12.770691
12.1 11.880026
12.299998172 11.82108
11.300000237 11.295934
14.700326279 14.062437
11.122276395 11.474242
13.160480747 12.1462
11.999998417 11.636226
11.1 11.412181
11.500000186 11.528192
11.200000128 11.21494
11.900000875 11.74181
11.1 11.123066
11.400000202 11.273161
11.400000202 11.522329
15.200179498 13.884425
11.500000186 11.586323
11.300000237 12.147392
11.300000237 11.385684
11.25490196 11.313431
11.400000202 11.336403
11.599999679 11.578774
11.500000186 11.524452
11.999998417 12.000198
11.200000128 11.272814
10.1 10.546221
11.200000128 11.197256
13.000008766 13.219639
14.500116928 14.321732
11.200000128 11.337402
11.1 11.0743885
12.096055505 12.094582
11.599999679 12.476169
11.900000875 12.368064
12.899998135 11.669347
13.63027039 11.779603
11.200000128 11.404161
11.400000202 11.330243
11.999998417 11.967858
12.299998172 12.254982
11.900000875 11.843223
13.500007822 12.208215
11.699999383 11.690619
11.300000237 11.559801
11.1 11.145149
11.599999679 11.562051
11.1 11.605922
11.699999383 11.634809
10.1 10.060001
11.900000875 12.082324
12.532973634 11.864808
14.500116928 13.703271
13.749991046 14.140193
14.1 14.00621
11.1 11.608535
10.499999968 10.923452
11.900000875 11.878867
12.399997603 11.841492
10.020818754 10.479535
11.599999679 11.5443125
10.401029995999998 10.421692
11.200000128 11.243856
11.500000186 11.465991
11.1 11.120856
12.199999035 12.261577
11.699999383 11.704071
12.699997654 12.524649
11.300000237 11.578044
12.020818754 12.072745
11.500000186 11.440183
11.999998417 11.886101
11.500000186 12.092154
11.200000128 11.275769
11.200000128 11.24228
11.1 11.116905
11.900000875 11.94434
11.999998417 12.257752
12.199999035 12.29852
13.738272164 12.606091
11.400000202 11.509632
13.500007822 12.127251
11.699999383 11.758268
11.200000128 10.915342
12.482999659 13.067435
10.300000031 10.144415
13.8000571 12.564371
13.1 11.772451
13.600038134 13.580113
11.699999383 11.732216
14.400162274 14.51893
12.299998172 12.115736
11.599999679 11.363227
11.900000875 11.913588
11.1 11.247549
11.500000186 11.751748
12.728932138 13.23082
11.300000237 11.32202
10.702059991 10.750131
12.923908741 12.859015
11.500000186 11.635639
13.466531544 12.911938
11.578861916 11.460732
11.699999383 11.507259
10.401029995999998 11.274695
12.899998135 13.628565
11.1 11.090857
11.200000128 11.4353695
11.900000875 11.935651
11.800000504 12.361921
11.1 11.286193
11.900000875 11.923614
11.800000504 12.143683
11.200000128 11.4042
11.200000128 11.604175
11.800000504 11.47102
11.900000875 11.904953
11.200000128 11.4718685
12.299998172 12.248536
12.599996932 13.179681
12.1 11.963342
11.400000202 11.4078665
11.500000186 11.562755
11.200000128 11.25178
12.699997654 12.23771
11.200000128 11.188417
12.899998135 12.095552
11.200000128 11.31976
11.500000186 11.461211
11.200000128 11.220049
11.200000128 11.241983
11.200000128 11.17599
11.200000128 11.618109
11.1 11.099632
11.200000128 11.267318
11.200000128 11.401442
12.1 12.102221
11.800000504 11.422102
11.900000875 11.787314
11.300000237 11.440781
11.200000128 11.302403
14.1 14.432777
11.300000237 11.237115
11.500000186 11.69079
11.599999679 11.458113
12.299998172 12.055734
11.1 11.1369095
11.400000202 11.369356
12.456547324 13.137026
12.799991797 13.027254
12.299998172 11.583808
11.900000875 11.859012
13.200015437 12.76237
11.800000504 11.981708
11.200000128 11.605649
11.599999679 11.822709
11.999998417 11.92243
11.800000504 12.008659
12.599996932 12.311644
10.1 10.181381
11.999998417 11.736078
12.699997654 12.513073
11.200000128 11.293337
11.177758728 11.294572
12.1 11.914359
11.500000186 11.501256
11.1 11.155664
11.800000504 11.732174
12.1 12.279804
11.900000875 11.970063
11.500000186 11.805747
11.800000504 11.789307
11.400000202 11.907381
11.500000186 11.480276
11.900000875 12.517771
10.383996656 10.620238
11.1 11.294546
11.1 11.298607
11.200000128 11.255045
13.729818655 13.765587
11.699999383 11.986871
11.300000237 11.472433
11.400000202 11.5512085
12.881362601 12.67568
12.1 11.450398
9.798970004 9.808746
11.200000128 11.208715
13.99997427 14.410189
11.800000504 11.887461
11.1 11.082945
11.599999679 11.623124
11.200000128 11.455938
11.900000875 11.888352
9.401029995999998 9.481274
11.200000128 11.2845745
11.699999383 11.759941
12.199999035 12.3787365
12.199999035 12.214838
11.200000128 11.435255
11.200000128 11.4586315
11.250000101 11.318491
14.145757491 13.2756815
11.699999383 11.737495
11.900000875 11.8287525
11.1 11.256012
11.1 11.158342
11.1 11.384726
11.1 11.108957
11.999998417 12.129305
11.500000186 11.537248
11.800000504 11.29331
11.1 11.173252
14.400162274 13.237278
11.900000875 11.840071
13.99997427 13.774918
11.699999383 11.388622
11.500000186 11.417674
11.500000186 11.765072
11.999998417 11.854251
11.300000237 11.358176
11.500000186 11.513945
13.986056648 12.763884
11.200000128 10.89123
11.400000202 12.24143
13.000008766 12.923234
10.145757491 10.029627
11.400000202 11.408087
11.400000202 11.39085
12.299998172 12.268665
11.400000202 11.5615
12.499996913 11.913079
11.999998417 11.8944435
11.400000202 11.643563
11.300000237 11.512573
11.300000237 11.331781
11.800000504 11.887302
11.500000186 12.022547
11.500000186 11.445843
11.262469487 11.325826
11.999998417 11.890429
11.200000128 11.178788
11.200000128 11.508344
11.300000237 11.361417
11.900000875 11.9334755
11.1 11.346627
10.497940009 10.605091
12.499996913 12.4074
13.99997427 13.237484
11.1 11.169107
10.622878745 10.468965
11.1 11.212615
11.599999679 11.499178
11.900000875 11.891067
12.199999035 12.126033
11.200000128 11.588056
11.1 11.05085
11.900000875 11.776254
11.599999679 11.905588
11.400000202 11.378845
11.200000128 11.361933
11.300000237 11.672877
11.500000186 11.355471
13.200015437 12.721254
11.400000202 11.37785
11.699999383 11.365545
11.400000202 11.510676
11.900000875 11.914829
11.300000237 11.515662
11.1 10.977936
12.399997603 12.226245
11.200000128 11.595141
13.200015437 13.334883
11.1 11.222141
11.599999679 11.754835
12.392429824 12.06942
11.599999679 11.842851
11.300000237 11.242803
11.500000186 11.565577
11.1 11.264244
15.293820026 15.34482
11.699999383 11.679201
11.200000128 11.242409
11.800000504 12.048431
11.900000875 12.188053
13.000008766 11.592913
12.1 12.058687
11.1 11.086801
13.8000571 14.238146
11.900000875 11.76571
11.1 11.126997
11.286962717 11.363911
11.599999679 11.420897
11.200000128 11.214429
11.200000128 11.282253
11.200000128 11.204389
11.200000128 11.395506
11.300000237 11.31465
11.500000186 11.504711
11.300000237 11.665556
13.1 12.608692
11.400000202 11.327024
10.986056648 11.635515
11.1 11.199484
11.800000504 11.82391
12.170581074 12.04237
11.500000186 11.638144
13.1 13.552658
11.900000875 11.851371
13.000008766 13.139214
13.699980365 11.969211
11.1 11.139966
11.999998417 11.539377
11.1 11.921375
12.199999035 11.794713
11.599999679 11.771164
10.300000031 10.612506
11.300000237 11.284371
12.299998172 12.202838
11.900000875 11.73209
11.200000128 11.371427
11.699999383 11.90558
11.1 11.1393175
11.999998417 11.86454
11.200000128 11.224476
11.599999679 11.631936
12.344125144 12.45377
11.300000237 11.324365
11.200000128 11.401414
11.599999679 11.505825
11.900000875 11.862279
11.599999679 11.612278
11.400000202 11.948784
11.599999679 11.969004
15.600312917 14.744934
11.1 11.164501
11.500000186 12.108317
10.854487332 12.023813
12.199999035 12.052355
11.599999679 11.5820875
14.568521083 14.22764
11.300000237 11.296226
10.622878745 11.222809
13.997125221 13.65495
14.58148606 13.148769
10.800000069 11.289022
9.497940009 9.70894
11.500000186 11.818084
11.599999679 11.825128
11.200000128 11.429125
12.699997654 12.232716
11.200000128 11.342516
11.599999679 11.943596
11.400000202 11.272647
11.400000202 11.454216
11.500000186 11.50753
11.1 11.209896
11.500000186 11.4548025
11.800000504 11.92155
12.599996932 11.750109
11.999998417 11.821148
11.800000504 11.848296
11.1 11.089042
11.200000128 11.517413
11.999998417 11.555853
11.200000128 11.670731
11.1 11.1231365
12.299998172 12.113003
11.400000202 12.059179
11.699999383 12.242258
11.800000504 11.825628
11.999998417 12.356801
12.1 11.973138
11.800000504 11.774848
11.200000128 11.419139
12.1 11.747192
12.699997654 12.33589
11.800000504 11.716386
11.900000875 11.870257
11.1 11.356495
11.500000186 11.445851
11.058607315 11.252148
11.900000875 11.859622
11.900000875 11.905261
11.999998417 12.136602
11.116343041 11.316137
11.300000237 11.252401
11.300000237 11.342148
11.584260381 11.3924675
11.400000202 11.381729
11.800000504 12.013129
13.399988938 13.060907
13.821246399 13.945513
11.300000237 11.342684
13.299970641 12.166018
14.299970641 14.749001
11.637602002 11.615971
11.200000128 11.373415
11.1 11.292694
11.999998417 12.1164255
11.800000504 11.892864
12.599996932 12.568094
11.599999679 12.183267
10.900000053 10.723183
11.400000202 11.375945
11.500000186 12.438072
11.200000128 11.269612
11.699999383 11.820655
12.499996913 12.847005
11.300000237 11.427525
10.200000019 10.241034
11.599999679 11.76106
11.200000128 11.224317
11.1 11.136913
12.499996913 13.2299
11.699999383 11.860689
13.600038134 13.222739
11.200000128 11.201751
11.500000186 11.551167
12.299998172 11.762864
11.200000128 11.1656475
11.1 11.059593
11.500000186 11.478538
12.599996932 12.282237
13.1 12.29258
11.400000202 11.457222
11.200000128 11.22739
11.400000202 11.492716
12.401899454 12.354745
9.798970004 9.818228
11.543697499 11.469
11.400000202 11.381789
11.900000875 11.892601
11.599999679 11.795719
10.702059991 10.789723
14.1 13.6419325
11.1 11.106032
11.800000504 11.803598
11.300000237 11.964319
9.941637508 9.958506
11.200000128 11.550089
11.300000237 11.545389
11.900000875 12.182492
11.599999679 11.647686
11.500000186 11.829998
11.800000504 12.302521
11.200000128 11.314665
13.000008766 12.277285
14.500116928 14.141618
11.300000237 11.259133
11.800000504 11.79204
11.699999383 11.75276
11.1 11.195966
13.200015437 12.470807
11.500000186 11.33833
10.1 10.211304
11.821246399 11.836116
11.699999383 12.413288
11.800000504 11.801253
12.899998135 12.066877
11.798970004 13.517094
11.599999679 11.951976
11.200000128 11.148202
11.1 11.239513
11.599999679 11.22514
11.300000237 11.254421
11.400000202 11.978983
11.400000202 11.453297
10.401029995999998 11.004532
10.702059991 11.134048
12.799991797 12.622585
10.401029995999998 11.732775
12.899998135 12.2588215
10.869551079 10.163152
11.900000875 11.917224
11.900000875 11.951305
11.1 11.303106
11.800000504 11.818371
11.400000202 11.407322
11.999998417 12.096377
13.500007822 12.753502
11.1 11.117117
11.108773924 11.219057
11.1 11.231468
10.1 10.094261
11.300000237 11.635204
11.200000128 11.323327
12.299998172 12.184086
10.622878745 10.3629265
12.1 11.856357
11.800000504 11.800133
11.999998417 12.118917
11.400000202 11.683443
12.799991797 12.106402
11.200000128 11.230705
11.800000504 11.719973
11.1 11.623653
11.1 11.5655775
11.200000128 11.225931
10.499999968 10.700746
11.400000202 11.370682
10.844727495 11.616603
11.800000504 11.742862
11.599999679 11.700464
11.699999383 11.671621
11.300000237 11.583236
11.1 11.176161
11.200000128 11.271658
11.200000128 11.375792
11.699999383 11.711126
11.500000186 11.530174
11.200000128 11.252862
11.400000202 11.383629
11.699999383 11.963011
11.1 11.29591
12.199999035 11.4513
11.497940009 11.712635
12.1 11.687226
11.699999383 11.629505
11.900000875 12.252005
11.500000186 11.341497
11.900000875 11.885594
11.300000237 11.604372
9.798970004 10.387956
13.699980365 12.599488
12.1 12.364544
11.1 11.359006
14.700326279 13.924653
11.200000128 11.659148
11.200000128 11.324275
11.699999383 11.307337
11.900000875 11.731597
14.400162274 13.206773
10.1 10.640026
11.900000875 11.925747
11.200000128 11.492105
11.497940009 11.4399
11.400000202 11.358235
11.1 11.040228
11.500000186 11.796048
11.500000186 11.572771
11.900000875 11.761276
11.1 11.578692
11.800000504 11.956749
11.800000504 11.832321
11.400000202 11.424376
13.600038134 13.147537
11.1 11.257893
11.1 11.12909
12.699997654 12.454804
11.1 11.695301
11.900000875 11.884631
11.599999679 11.9953
10.702059991 10.665537
13.403085163 12.389717
11.999998417 11.7006645
11.400000202 11.3186035
10.1 10.696613
11.1 11.124234
11.300000237 11.405962
12.599996932 12.3396225
11.1 11.184721
11.200000128 11.163997
11.500000186 11.477107
11.200000128 11.223772
11.300000237 11.328147
13.1 12.008614
12.799991797 13.371673
11.300000237 11.30125
11.699999383 11.605703
11.1 11.13469
10.702059991 10.781557
11.900000875 11.936785
13.399988938 13.046574
12.199999035 12.436594
11.300000237 11.395689
11.200000128 11.243125
11.900000875 11.394772
11.1 11.193638
13.299970641 13.090445
11.1 11.2073765
12.299998172 11.320058
11.599999679 11.604425
11.200000128 11.044337
11.200000128 11.182531
12.199999035 11.798881
11.400000202 11.417083
11.900000875 11.9252825
11.599999679 11.888509
11.699999383 11.747815
11.300000237 11.690729
12.1 11.707009
11.500000186 11.51173
11.900000875 11.821007
11.800000504 11.872781
11.599999679 11.559977
11.200000128 11.257454
11.699999383 11.6585865
12.599996932 12.543386
14.500116928 14.0054655
11.200000128 11.175377
11.200000128 11.190138
11.900000875 11.95267
11.800000504 11.863892
11.200000128 11.448633
11.1 11.121407
11.900000875 11.618217
11.400000202 11.403948
11.699999383 11.460344
10.300000031 10.621952
11.900000875 11.853635
11.900000875 11.809828
12.799991797 12.111743
11.599999679 11.670293
11.800000504 11.826924
10.1 11.362245
11.599999679 11.69294
11.699999383 11.505453
13.466531544 12.911107
12.299998172 12.332762
10.594850022 10.515165
11.900000875 11.906874
10.932682665 11.396338
14.273925197 13.456839
11.900000875 12.0223
11.500000186 11.546132
11.1 11.120466
10.700000074999998 10.635892
11.300000237 11.485754
14.196910013 12.157738
11.200000128 11.232153
13.200015437 12.131645
11.1 11.356676
11.800000504 11.8655205
12.899998135 11.75304
10.1 11.240143
11.1 11.020797
11.800000504 11.770256
11.200000128 11.332317
11.200000128 11.201408
13.200015437 12.277709
11.1 11.6965275
9.798970004 9.915354
11.1 11.142408
12.349491605 12.068266
11.1 11.043975
11.500000186 11.536703
11.1 11.098693
11.300000237 11.321818
11.1 11.175309
11.1 11.137782
10.702059991 10.708087
12.399997603 12.236287
11.800000504 11.784996
11.200000128 11.2044325
11.599999679 11.4995575
14.600312917 13.123713
11.200000128 11.3003235
13.000008766 14.306011
12.248741651 11.937375
11.400000202 11.450663
11.699999383 11.881487
11.200000128 11.193184
11.1 11.334832
12.399997603 12.13419
13.000008766 12.163044
12.299998172 12.805388
11.400000202 11.399978
10.200000019 10.230994
11.1 11.273205
11.900000875 12.038841
10.300000031 10.6898985
11.200000128 11.244101
11.800000504 11.462721
11.1 11.286862
11.400000202 11.413941
11.400000202 11.375488
12.1 12.43283
11.599999679 11.719953
11.200000128 11.407538
11.1 11.264845
11.699999383 11.662249
11.999998417 11.564312
11.300000237 11.553168
11.1 11.117593
11.800000504 11.812817
11.300000237 11.456227
12.199999035 12.112001
11.200000128 11.382741
11.900000875 11.837307
12.699997654 11.962485
11.200000128 11.248678
14.419664487 14.8526325
12.599996932 12.448577
11.500000186 11.5682335
11.200000128 11.303805
11.1 11.1788845
12.300659451 12.477646
11.200000128 11.193779
11.599999679 11.840842
11.400000202 11.369253
12.146482524 12.370469
12.599996932 12.569304
11.1 11.143986
12.899998135 12.719036
11.1 11.112594
11.1 11.210842
11.900000875 11.795812
11.300000237 11.52205
11.200000128 11.115453
11.999998417 12.127723
11.900000875 12.168701
13.99997427 12.916917
10.800000069 10.717831
11.300000237 11.477465
11.1 11.105484
11.500000186 11.546579
11.300000237 11.386949
13.8000571 13.124778
11.500000186 11.56207
11.1 11.141923
11.599999679 11.590145
11.300000237 11.357961
12.721546376 12.089708
13.1 12.646236
11.500000186 11.756554
11.1 11.082139
11.1 11.103575
11.800000504 11.370504
10.1 10.156306
11.900000875 12.46549
11.300000237 11.452595
11.782456648 11.602594
11.500000186 11.397048
10.300000031 10.815594
11.923908741 11.620053
10.1 10.132446
11.300000237 11.495053
11.400000202 11.660535
10.599999953 10.757758
11.1 11.199839
11.400000202 11.73856
12.199999035 12.730589
11.800000504 11.565683
11.999998417 11.869363
11.599999679 11.830574
10.702059991 11.240482
11.800000504 11.84181
13.200015437 12.537001
11.300000237 11.634421
11.1 11.028198
13.200015437 12.332005
11.300000237 11.408836
11.699999383 11.690708
11.699999383 11.6747055
11.599999679 11.566028
11.200000128 11.220862
11.599999679 11.808811
13.500007822 13.093923
12.499996913 13.0046215
11.800000504 11.859307
12.899998135 13.122406
11.900000875 11.734004
11.1 11.102279
11.500000186 11.608454
11.900000875 11.85294
11.999998417 11.775894
11.200000128 10.713324
11.1 11.138179
14.568521083 13.974468
11.900000875 11.88628
11.800000504 11.75698
12.399997603 11.5537405
11.900000875 12.146447
11.300000237 11.274747
11.999998417 11.892357
11.699999383 11.655231
10.800000069 10.914061
11.699999383 11.648976
11.300000237 11.641491
11.721602099 10.933878
13.248741651 13.983824
13.200015437 13.067223
11.200000128 11.36174
11.800000504 11.720116
12.199999035 11.661428
11.400000202 11.513355
11.1 11.139472
11.200000128 11.414907
11.200000128 11.422081
13.299970641 13.512132
12.1 12.345945
11.800000504 11.827847
11.800000504 11.843811
11.800000504 11.547443
11.699999383 11.825212
12.499996913 12.0679
11.900000875 12.050501
11.999998417 11.937072
13.699980365 12.971441
12.020818754 11.725338
11.699999383 11.819233
12.1 11.72164
11.900000875 12.030163
11.1 11.388176
11.1 11.133046
11.400000202 11.451381
12.601689446 12.58217
11.1 11.090311
11.999998417 11.865747
11.999998417 12.037736
12.799991797 12.332105
11.800000504 11.913018
11.200000128 11.140855
11.500000186 11.558386
11.200000128 11.212985
11.999998417 11.444317
12.199999035 11.624686
11.800000504 11.752956
11.599999679 11.960234
13.104364805 11.6529255
10.622878745 10.831378
13.899970733 13.004498
11.300000237 11.282139
11.400000202 11.408211
11.200000128 11.220316
11.200000128 11.392758
11.900000875 11.80947
11.200000128 11.232267
11.923908741 11.334094
11.200000128 11.170441
11.400000202 12.59314
11.200000128 11.552494
11.900000875 11.888608
11.800000504 11.798565
11.699999383 11.327347
12.559670525 12.228401
13.000008766 11.616001
11.200000128 11.238571
11.1 11.110621
11.500000186 11.496254
11.1 11.062115
9.401029995999998 9.638557
11.400000202 11.996004
11.900000875 11.687944
11.425138859 11.267652
11.1 11.130801
11.242667504 11.209881
10.499999968 10.771194
12.699997654 11.962562
11.1 11.451303
11.300000237 11.3269825
12.1 11.882189
11.999998417 11.802903
11.200000128 11.31971
13.000008766 12.271631
11.999998417 12.450122
11.400000202 11.458093
14.600312917 14.577934
11.738272164 11.990794
11.1 11.188103
11.800000504 11.829924
11.1 11.167501
11.900000875 11.874688
10.719788758 10.469589
11.599999679 11.569069
11.400000202 11.409775
12.799991797 12.222683
11.200000128 11.280634
11.250000101 11.314237
11.300000237 11.751675
12.1 12.176905
12.699997654 12.574167
11.599999679 11.67669
11.701029687 11.579437
13.026316446 13.047981
12.191514981 11.817523
11.1 10.920225
11.999998417 11.78507
11.1 11.096476
11.400000202 11.711688
11.900000875 11.940702
11.1 11.337319
11.500000186 11.647385
11.1 11.511583
11.500000186 11.5234585
11.400000202 10.809231
11.599999679 11.707544
12.199999035 12.225315
11.1 11.221955
11.500000186 12.234631
11.200000128 11.269681
11.200000128 11.298425
11.1 11.15626
11.300000237 11.475917
11.200000128 11.291296
11.300000237 11.450022
11.900000875 11.915338
11.200000128 11.205154
11.599999679 11.814314
11.200000128 11.318734
11.999998417 13.73246
11.500000186 11.414078
11.400000202 11.534384
11.274370944 11.40847
14.427902142 14.37496
11.900000875 12.414883
11.1 11.064932
11.1 11.162992
11.300000237 11.607481
10.622878745 11.49236
11.999998417 11.560358
11.999998417 11.568032
11.200000128 11.347057
11.900000875 12.342243
11.1 11.024328
11.400000202 11.836877
10.1 10.83091
11.200000128 11.364925
11.800000504 11.769528
11.800000504 11.810011
11.599999679 11.542089
11.699999383 11.704422
11.497940009 11.798028
11.200000128 11.346277
11.300000237 11.292405
12.1 11.723364
11.900000875 11.872806
12.199999035 12.34618
13.600038134 13.687459
13.399988938 14.122164
11.900000875 11.764549
11.800000504 11.914163
11.300000237 11.471856
11.999998417 11.668196
12.923908741 12.562923
11.1 10.827166
11.800000504 12.084547
11.200000128 11.634289
11.599999679 11.615623
11.500000186 11.644434
11.900000875 11.853958
11.200000128 11.239264
13.699980365 13.555805
12.599996932 12.4588995
11.200000128 11.142013
11.400000202 11.448622
10.1 10.563707
11.900000875 11.729016
12.191514981 11.904257
11.1 11.142401
11.300000237 11.484664
15.200179498 13.612654
11.500000186 11.736839
11.800000504 11.936305
11.1 10.899922
11.1 11.167237
11.1 11.377179
11.900000875 11.684107
12.199999035 12.038039
11.900000875 11.4645405
11.400000202 11.381213
11.1 11.095544
11.200000128 11.220833
11.900000875 12.029737
11.400000202 11.394294
11.999998417 12.008978
11.200000128 11.238128
11.200000128 11.240744
11.900000875 11.896907
11.599999679 10.648211
11.599999679 11.906169
11.200000128 11.171657
10.702059991 10.675941
11.200000128 11.192501
11.200000128 11.384785
11.999998417 12.051317
11.999998417 12.079868
11.200000128 11.22328
13.200015437 12.734848
11.200000128 11.240059
11.200000128 11.34674
11.798970004 12.464113
12.299998172 11.957474
10.702059991 10.742057
10.400000029 10.561937
11.500000186 11.490808
12.1 11.827029
11.500000186 11.603077
11.599999679 11.564684
11.500000186 11.567276
11.1 11.129516
13.299970641 11.788173
11.800000504 11.434521
11.300000237 11.964862
14.637860357 13.330442
12.299998172 12.158823
11.300000237 11.43734
12.299998172 11.917855
11.1 11.119993
12.699997654 12.514397
11.200000128 11.35157
11.599999679 11.593298
11.1 11.122377
11.800000504 11.768484
11.200000128 11.200756
11.900000875 12.562038
11.900000875 12.107839
11.196910013 10.972035
12.249994469 12.401052
10.1 10.981944
11.699999383 11.96341
11.200000128 11.23654
12.765546249 12.080275
11.200000128 11.248659
11.200000128 11.2383
13.668636236 13.5529
11.500000186 11.666324
11.599999679 11.917276
11.500000186 11.643704
11.200000128 11.328606
11.800000504 11.843552
11.500000186 12.106007
12.599996932 12.77877
12.299998172 11.808741
11.699999383 11.362384
11.1 11.110739
11.1 11.288808
11.300000237 11.758282
11.500000186 11.56438
12.399997603 12.039895
11.800000504 11.86643
11.200000128 11.194561
11.800000504 11.646105
11.200000128 11.152887
12.299998172 12.105919
11.200000128 11.300329
12.798970004 12.913048
11.200000128 11.203247
12.622878745 12.64021
11.300000237 11.242296
11.800000504 12.07017
11.300000237 11.271721
11.300000237 11.381071
11.699999383 12.212924
11.300000237 11.487344
11.699999383 11.986174
11.900000875 11.798252
10.1 10.563294
11.200000128 11.452236
11.500000186 11.58117
12.699997654 11.746955
11.900000875 11.903375
10.200000019 11.14096
11.1 11.167128
11.800000504 11.823662
11.800000504 11.77886
11.800000504 11.733464
11.500000186 11.854686
11.699999383 12.1423645
12.207905397 12.016474
11.200000128 11.243235
11.200000128 11.187783
11.900000875 11.853956
11.1 11.374119
11.900000875 11.783504
13.196910013 11.704004
13.145757491 13.190164
11.699999383 11.470935
11.300000237 11.3165865
10.702059991 10.731579
11.699999383 11.91329
13.500007822 13.413596
11.300000237 11.407862
11.500000186 11.612039
11.400000202 11.519624
14.999629455 13.756282
11.999998417 11.8912325
11.200000128 11.2262125
10.165501549 10.223987
11.599999679 11.724573
11.999998417 11.855743
11.500000186 11.460943
11.285752404 11.513435
11.900000875 11.579735
11.1 11.191805
11.300000237 11.324038
11.800000504 11.793207
11.1 11.138365
11.999998417 12.000399
11.500000186 11.466448
9.895880017 10.199656
11.900000875 11.760351
11.1 11.049469
13.699980365 12.421083
11.300000237 11.377959
11.500000186 11.506168
11.900000875 11.865229
11.180921908 13.095548
12.180398976 12.019993
11.200000128 11.413654
11.200000128 11.201051
12.399997603 12.096603
11.1 11.162029
11.699999383 11.946024
11.500000186 12.078403
10.401029995999998 10.855558
11.1 11.102276
11.400000202 11.704872
10.938631998 11.236824
10.702059991 10.75489
11.400000202 11.391506
11.200000128 11.314091
11.699999383 11.770985
11.900000875 11.813844
11.599999679 11.943516
11.699999383 11.758631
11.200000128 11.190198
12.899998135 13.297339
11.500000186 11.394437
11.500000186 11.585845
11.200000128 11.189465
11.200000128 11.175716
11.400000202 11.544708
11.800000504 11.79147
11.200000128 11.378547
11.699999383 11.347336
12.799991797 12.143608
12.799991797 12.910099
11.300000237 11.316939
11.300000237 11.055791
11.1 11.237971
11.699999383 11.441853
11.497940009 11.729001
11.329147988 10.560298
12.1 11.693521
13.200015437 12.076368
11.900000875 11.943117
11.400000202 11.474421
12.199999035 11.466934
13.699980365 13.326589
11.200000128 11.290904
11.500000186 11.411419
11.500000186 11.610271
11.400000202 11.482087
11.150000064 11.491561
13.1 12.750215
13.000008766 12.390962
11.200000128 11.250404
12.199999035 12.034073
11.800000504 11.603924
10.622878745 10.684654
11.900000875 11.904499
12.599996932 12.672895
10.401029995999998 10.455135
14.700326279 12.336185
10.497940009 10.243788
11.200000128 11.225733
11.999998417 11.995874
11.200000128 11.163994
10.499999968 10.610358
11.500000186 11.546048
11.300000237 11.280726
11.1 11.475664
11.200000128 11.324166
11.900000875 12.025571
11.900000875 11.953869
11.200000128 11.164464
11.200000128 11.443992
11.1 11.309059
11.200000128 11.279586
11.800000504 11.647777
10.401029995999998 12.526213
11.699999383 11.76577
11.900000875 11.861256
11.599999679 11.606548
11.999998417 11.822442
11.1 11.062922
12.449997258 12.052444
11.300000237 11.190636
11.622878745 11.746419
11.293820026 11.879651
11.400000202 11.30631
10.798970004 10.797467
11.400000202 11.393007
10.497940009 10.930498
11.200000128 11.286754
10.599999953 10.657953
11.300000237 11.335454
11.300000237 10.740611
11.300000237 11.26322
12.199999035 11.520151
11.599999679 11.522108
11.200000128 11.23642
12.699997654 12.224834
12.199999035 12.042173
12.199999035 11.864608
11.1 11.210571
11.900000875 12.00844
13.299970641 13.4103775
11.200000128 11.299455
13.8000571 12.511411
11.900000875 11.655924
14.200179498 14.066061
11.699999383 11.928163
11.599999679 11.68852
12.499996913 12.579136
11.699999383 11.7006855
11.500000186 12.207876
11.200000128 11.59687
11.200000128 11.285387
11.300000237 11.586437
11.300000237 11.482535
11.1 11.0896435
10.738272164 10.211931
12.299998172 11.858784
10.1 10.455013
11.900000875 11.587379
11.300000237 11.331585
11.400000202 11.486439
11.599999679 11.566259
11.900000875 11.8893585
11.1 11.221251
11.699999383 11.629061
11.200000128 11.601504
11.400000202 11.615171
14.497940009 14.270631
11.900000875 11.896576
14.145757491 12.386732
11.500000186 12.137825
11.800000504 11.803299
11.200000128 11.745052
11.800000504 11.833735
11.200000128 11.350886
11.622878745 11.677368
11.500000186 11.72377
13.359637311 12.926553
12.299998172 11.383346
11.200000128 11.232616
11.1 11.198839
11.900000875 11.885368
11.300000237 11.615213
11.900000875 11.4316025
13.000008766 11.878977
11.699999383 12.128209
10.599999953 11.34267
13.622878745 13.483053
11.300000237 11.448822
11.599999679 11.606493
11.500000186 11.520271
11.798970004 12.038704
11.300000237 11.443309
11.1 11.069858
11.1 11.5615425
11.800000504 12.068326
13.200015437 12.303701
11.500000186 11.203345
11.699999383 11.665934
11.1 11.130704
11.500000186 11.532935
11.699999383 11.749773
11.999998417 11.913606
11.500000186 11.873493
11.300000237 11.359995
10.200000019 10.446145
11.599999679 11.636491
11.200000128 11.576909
12.399997603 13.073414
11.200000128 11.221561
13.699980365 12.674985
13.000008766 12.262994
11.300000237 11.396412
11.200000128 11.279936
11.300000237 11.312369
11.300000237 11.4484625
10.300000031 10.432589
11.900000875 11.843838
11.900000875 11.923792
10.700000074999998 10.6737175
10.702059991 10.750268
11.400000202 11.411921
11.500000186 11.729573
12.499996913 11.631464
9.456547324 10.897288
11.900000875 11.932644
13.1 12.436747
11.599999679 11.8393135
11.200000128 11.268131
11.699999383 11.325279
11.999998417 13.004572
11.200000128 11.203385
11.300000237 11.591238
12.1 12.307547
13.600038134 13.0777645
9.798970004 9.827681
11.500000186 11.477526
11.599999679 11.599115
11.999998417 11.808594
12.199999035 12.151001
11.699999383 11.996872
11.800000504 11.715764
11.900000875 11.906784
11.400000202 11.535212
11.1 11.165896
11.800000504 11.828377
11.1 11.101209
11.800000504 11.74286
11.500000186 11.63523
11.300000237 11.422322
11.1 11.122351
11.699999383 11.726949
11.512516058 11.458959
13.399988938 12.425817
11.699999383 11.590433
11.500000186 11.335425
11.1 11.259894
11.800000504 11.8757105
12.599996932 12.045202
11.200000128 11.180952
11.599999679 11.310932
11.1 10.979857
11.300000237 11.330814
11.300000237 11.345072
13.699980365 13.296062
11.300000237 11.851634
11.200000128 11.555213
11.500000186 11.4327965
11.400000202 11.511851
12.11610018 11.72389
11.200000128 11.304126
11.300000237 11.258029
11.900000875 11.78887
11.500000186 11.5527935
11.200000128 11.263506
12.199999035 12.015647
11.599999679 11.49933
11.500000186 11.540433
11.900000875 11.779875
12.499996913 12.718539
11.200000128 11.2553215
11.800000504 11.474641
11.25490196 11.097036
12.399997603 11.813093
12.126410377 12.19497
11.699999383 12.079678
13.399988938 13.15366
13.150609993 13.62132
11.200000128 11.222883
12.399997603 12.103841
11.999998417 11.497809
12.599996932 12.209405
12.299998172 12.054962
11.599999679 11.674858
12.199999035 12.096946
11.300000237 11.52268
11.020818754 11.511364
11.599999679 11.855955
11.500000186 11.818185
11.1 11.488343
10.1 11.072984
11.1 11.091723
11.500000186 11.990034
11.999998417 11.938513
11.200000128 11.228204
11.699999383 11.337479
10.599999953 10.703077
11.35000022 11.4989805
12.299998172 11.904022
11.200000128 11.287184
12.399997603 11.600865
11.1 11.237206
11.400000202 11.353679
11.1 11.743009
14.400162274 13.773421
11.1 11.12208
13.299970641 13.0173025
11.500000186 12.161967
11.800000504 11.852174
11.400000202 11.293275
11.500000186 11.575645
11.599999679 11.471745
11.200000128 11.361258
13.000008766 14.295211
12.599996932 12.827707
11.1 11.13121
11.500000186 11.458101
11.400000202 11.447039
11.400000202 11.597787
11.500000186 11.505798
11.500000186 11.485403
14.400162274 13.146938
11.900000875 11.888815
12.986056648 13.043381
11.800000504 11.85347
10.702059991 10.666558
11.300000237 11.290485
11.1 11.147745
11.622878745 11.56585
11.699999383 11.874376
11.599999679 11.581639
13.000008766 12.486744
11.200000128 10.778261
11.300000237 11.372744
11.999998417 11.800928
10.1 10.500483
11.300000237 11.359183
11.200000128 11.134964
11.500000186 11.45194
11.999998417 11.999565
11.699999383 11.318046
11.1 11.774779
12.299998172 11.822701
12.199999035 12.922703
14.500116928 13.737444
11.699999383 11.542122
11.900000875 11.940672
12.599996932 12.411139
11.300000237 11.360203
11.200000128 11.113604
11.25490196 11.370701
11.1 11.377951
12.899998135 12.257645
11.900000875 11.888494
11.200000128 11.542195
14.1 13.215419
11.200000128 11.2697935
11.1 10.938585
11.599999679 11.620723
11.400000202 10.888146
10.1 10.481339
12.299998172 11.956098
10.702059991 10.670951
13.600038134 12.615243
11.200000128 11.16501
11.800000504 11.705956
11.200000128 11.333042
12.899998135 12.098292
14.600312917 12.663948
11.200000128 11.286225
12.599996932 12.254456
11.300000237 11.367599
11.300000237 11.655731
14.202372909 14.989
10.499999968 10.660476
11.1 11.21605
14.200179498 12.802351
11.900000875 11.589434
11.200000128 11.164127
11.400000202 11.652844
11.200000128 11.151968
10.895880017 11.346212
11.1 11.214555
11.200000128 11.204727
11.900000875 11.858909
12.899998135 12.053845
11.456547324 11.277907
11.699999383 11.736748
11.500000186 11.701113
12.719788758 11.336065
11.999998417 12.760658
11.699999383 11.893754
11.400000202 11.380463
11.1 11.198814
11.800000504 11.850913
14.500116928 13.724455
13.399988938 12.562977
11.1 11.280681
12.199999035 11.702238
11.300000237 11.783392
12.19999801 11.87679
13.446787486 13.848362
11.900000875 11.955629
11.800000504 11.52182
11.1 11.172426
12.599996932 11.56305
11.200000128 11.259886
11.200000128 11.486642
11.020818754 10.872215
11.900000875 11.966657
11.500000186 11.52316
12.399997603 12.262499
12.699997654 12.984242
11.900000875 12.060981
12.719036081 12.350306
13.1 12.138085
11.900000875 11.874924
11.500000186 11.293267
11.900000875 11.76056
11.200000128 11.354559
11.200000128 11.268896
11.400000202 11.515956
11.880175785 12.156208
11.699999383 11.46048
12.899998135 12.604562
11.1 11.194962
11.800000504 11.8063
11.200000128 11.23997
11.200000128 11.377792
11.999998417 11.8590145
11.900000875 11.850977
11.599999679 11.76664
12.799991797 12.909206
11.400000202 11.312594
11.200000128 11.219839
11.1 11.006798
11.900000875 11.906935
11.800000504 11.6531315
12.499996913 12.341391
11.200000128 11.273906
11.900000875 11.863986
11.300000237 11.360732
12.1 11.633438
12.799991797 11.709566
10.200000019 10.772332
11.800000504 11.819395
11.900000875 12.011484
11.500000186 11.602089
11.1 11.433239
11.200000128 11.616232
15.299970641 14.250423
11.200000128 11.177305
11.701029687 11.771364
11.200000128 11.546602
11.497940009 11.462469
11.200000128 11.244942
11.200000128 11.271439
11.599999679 11.549131
13.1 12.735878
11.1 11.470516
11.800000504 11.631574
11.699999383 11.4126835
11.900000875 11.977093
10.622878745 10.5917635
11.200000128 11.889169
12.1 11.983705
13.600038134 12.250665
12.499996913 11.921121
9.1 9.612492
11.200000128 11.232819
11.900000875 12.218586
11.166968505 11.383223
11.300000237 12.1075
11.800000504 11.818158
11.400000202 11.370131
11.300000237 11.738927
11.1 11.115216
11.200000128 11.277037
13.020818754 12.037592
11.200000128 11.411302
11.599999679 11.536673
11.599999679 11.669117
13.200015437 12.402614
11.599999679 11.339242
11.500000186 11.627689
11.400000202 11.422465
14.400162274 12.907894
11.900000875 12.336018
12.899998135 12.198942
11.1 10.981499
11.200000128 11.269765
11.800000504 11.827539
11.200000128 11.138998
11.1 10.072136
11.500000186 11.849405
11.200000128 11.348374
12.1 12.338452
11.699999383 12.01174
9.798970004 9.841486
11.200000128 11.426374
11.599999679 11.516055
11.900000875 11.877763
11.1 11.165609
11.200000128 11.189648
11.500000186 11.483929
12.622878745 11.989631
11.900000875 12.042156
11.300000237 11.384908
12.520216403 11.541141
11.200000128 11.436137
11.599999679 11.683377
12.199999035 12.225649
11.1 11.54014
11.1 11.083509
11.200000128 11.427914
14.299970641 13.845563
11.300000237 11.334375
13.500007822 13.063886
11.300000237 11.284221
12.299998172 12.10934
13.32184875 12.326168
11.108773924 11.17662
12.555931956 12.610043
13.200015437 13.030975
11.999998417 11.821061
11.300000237 11.36292
11.400000202 11.396696
11.500000186 11.312753
11.800000504 12.001739
11.1 11.337792
13.000008766 12.047341
11.200000128 11.242091
14.1 13.6633415
11.300000237 11.325335
11.900000875 11.888502
12.899998135 11.666349
11.800000504 11.77809
12.299998172 12.298536
11.200000128 11.164793
11.1 11.294634
11.300000237 11.582374
11.200000128 11.325829
11.200000128 11.173493
11.300000237 11.356228
11.200000128 11.337347
12.199999035 11.861378
10.900000053 10.745516
11.900000875 11.894993
11.300000237 11.487673
12.199999035 12.11622
12.699997654 12.616834
11.300000237 11.348646
12.199999035 11.96896
11.1 11.326649
11.200000128 11.276777
11.300000237 11.550484
11.300000237 11.393724
11.599999679 11.721247
11.900000875 11.924113
14.500116928 13.487115
11.153990115 11.335463
10.622878745 11.434557
11.200000128 11.151787
14.798970004 12.927755
11.200000128 11.221085
13.299970641 13.073317
11.1 11.60172
11.500000186 11.905468
11.1 11.124239
11.200000128 11.203978
11.200000128 11.244366
12.299998172 12.138031
10.702059991 12.599201
10.635290537 11.565067
11.599999679 11.702646
11.599999679 11.738014
11.200000128 11.570718
11.200000128 11.232563
12.899998135 11.83362
11.500000186 11.582233
11.200000128 11.4974785
13.500007822 13.61286
11.400000202 11.406455
11.200000128 11.376223
11.200000128 11.297969
11.999998417 12.247978
11.1 11.315749
11.200000128 11.111642
12.799991797 12.377918
11.699999383 11.731217
12.499996913 12.042037
13.899970733 13.615978
11.1 11.040399
11.699999383 11.451275
11.300000237 11.301516
10.499999968 10.520281
11.500000186 11.438807
11.1 11.20332
13.399988938 12.5275545
11.599999679 12.048003
11.200000128 10.736538
11.500000186 11.614038
11.599999679 11.580854
11.1 11.240011
11.300000237 11.538881
13.399988938 13.572067
11.200000128 11.27726
11.699999383 11.707906
12.699997654 12.19198
11.599999679 11.7551365
11.900000875 12.08486
11.300000237 11.435827
13.594850022 12.72323
11.1 11.264728
11.699999383 11.841651
13.299970641 12.486216
11.500000186 11.623502
11.200000128 11.479149
11.900000875 11.864016
11.300000237 11.68824
11.900000875 11.968489
11.500000186 11.378828
13.798970004 13.583463
11.200000128 11.341059
11.200000128 11.313771
11.200000128 11.196077
12.499996913 11.940887
11.1 11.114157
13.8000571 13.935281
11.1 11.180759
13.399988938 12.959583
11.1 11.129346
9.798970004 10.163152
11.900000875 11.796604
11.500000186 11.391777
14.644068044 14.297321
12.47675071 11.201386
11.25490196 11.211208
11.500000186 11.507477
11.800000504 11.682021
11.999998417 11.884642
11.699999383 11.809189
11.900000875 12.00391
11.200000128 11.493116
10.1 11.051651
11.599999679 11.548595
11.300000237 11.35446
11.200000128 11.310716
11.900000875 12.378667
11.1 11.452276
11.200000128 11.205242
12.399997603 12.198607
11.800000504 11.644338
11.699999383 11.663263
12.499996913 12.756416
13.699980365 11.934231
11.200000128 11.521172
11.900000875 12.042974
11.1 11.35509
11.699999383 11.851465
11.599999679 11.542984
11.300000237 11.324624
12.399997603 11.901717
11.400000202 11.604757
11.1 11.08523
11.500000186 11.4481945
11.091399828 12.017078
11.200000128 11.282694
11.500000186 11.508047
11.1 10.993601
11.1 10.981586
11.999998417 12.559656
13.344125144 13.156168
11.200000128 11.193306
10.446787486 11.195557
11.999998417 13.018477
11.200000128 11.196392
11.500000186 12.078669
12.499996913 11.950549
12.299998172 12.440403
10.702059991 10.611929
11.200000128 11.226184
11.500000186 11.4388485
11.300000237 11.385131
11.900000875 11.8984375
11.200000128 11.292967
11.800000504 12.012152
11.200000128 11.13921
11.999998417 11.829694
11.900000875 11.921081
11.47675071 11.604464
11.200000128 11.246986
10.401029995999998 10.466425
11.900000875 11.872449
11.900000875 11.954884
10.1 10.829378
11.1 11.255831
12.299998172 12.010919
11.800000504 11.996156
11.702059991 11.453651
11.800000504 11.813892
11.300000237 11.308206
11.200000128 11.312341
11.400000202 11.774345
11.900000875 11.883163
11.800000504 11.945564
11.900000875 12.057424
11.1 11.070858
11.599999679 12.563966
12.399997603 11.483484
11.200000128 11.44813
11.800000504 11.665974
11.1 10.8934765
10.798970004 10.899603
14.1 13.978107
10.1 10.326881
11.300000237 11.24853
11.599999679 11.568775
11.900000875 11.920483
11.200000128 11.864953
11.900000875 11.974044
11.699999383 11.803967
11.200000128 11.199282
12.899998135 13.033032
11.900000875 11.808098
11.200000128 11.619095
11.400000202 11.6144
14.1 12.829964
11.900000875 12.01642
12.299998172 11.864907
13.043095149 13.162924
10.702059991 10.694039
12.399997603 11.805851
10.1 10.292895
11.800000504 11.679687
11.699999383 11.642818
12.399997603 12.350405
11.500000186 11.383211
11.999998417 12.156942
11.999998417 11.497749
11.500000186 11.5315895
11.900000875 11.914409
12.399997603 11.749682
9.777780705 11.015191
11.1 11.155851
11.1 11.172076
11.400000202 11.472979
11.500000186 11.381413
12.199999035 11.765636
11.599999679 11.600409
13.8000571 13.21805
11.900000875 11.787682
11.599999679 11.317591
11.200000128 11.266258
12.499996913 11.837558
11.500000186 11.345714
11.300000237 11.3652315
11.300000237 11.322102
11.599999679 11.8359375
11.900000875 12.043884
11.300000237 11.409322
11.359637311 11.007597
11.800000504 11.896139
11.300000237 11.493166
11.1 11.196979
11.300000237 11.457182
12.65129368 12.3829
11.900000875 11.966942
11.200000128 10.735905
11.800000504 11.834251
13.864471553 12.153109
11.900000875 11.9699955
11.800000504 12.926384
11.599999679 12.437228
13.000008766 11.989795
11.200000128 11.182394
11.900000875 11.971316
11.800000504 11.418397
11.599999679 11.941744
10.300000031 10.362046
11.999998417 11.910874
11.200000128 11.417238
11.500000186 11.398575
11.200000128 11.286383
11.200000128 11.339987
11.900000875 11.90172
11.900000875 11.90136
11.400000202 11.479639
9.798970004 9.832569
11.300000237 11.395243
12.299998172 11.885537
11.699999383 11.689363
10.700000074999998 11.068473
11.599999679 11.585514
11.300000237 11.244318
11.401029996 10.931698
11.699999383 11.65692
13.8000571 13.455721
11.900000875 11.839628
11.200000128 11.516867
10.702059991 10.6689625
11.400000202 11.533587
12.199999035 11.694744
11.800000504 11.793709
11.500000186 11.687801
11.900000875 11.894963
11.800000504 11.799405
12.499996913 11.925577
11.1 11.519737
11.200000128 11.254906
11.800000504 11.83948
11.500000186 11.546276
11.1 11.399316
11.900000875 11.899133
11.699999383 11.636131
11.200000128 11.155987
12.299998172 11.81242
11.900000875 11.941281
11.900000875 11.949315
11.900000875 12.781675
11.599999679 11.452904
12.299998172 12.078546
11.900000875 11.9168005
11.500000186 11.471086
11.900000875 11.863283
12.599996932 11.421896
11.400000202 11.5653
11.400000202 11.324836
11.1 11.168885
11.200000128 11.213944
11.900000875 11.7562275
11.800000504 11.880315
11.1 11.153768
11.300000237 11.412827
10.1 11.100572
13.1 13.311223
11.900000875 11.699009
11.40980392 11.443205
11.800000504 11.776527
11.800000504 11.795155
12.499996913 11.956077
12.359637311 11.585188
11.800000504 11.766269
11.400000202 11.301359
11.300000237 11.557748
12.499996913 12.123226
11.200000128 11.2304945
11.900000875 11.824102
11.798970004 11.716612
11.000000142 10.639566
11.483265865 11.556269
11.599999679 11.574035
11.200000128 11.588802
10.622878745 11.045622
14.722107104 11.628466
12.1 12.226674
11.500000186 11.485342
11.300659451 11.148433
12.199999035 11.773393
11.200000128 11.225195
11.300000237 11.296138
11.500000186 11.282221
11.500000186 11.437016
11.1 11.101227
10.622878745 10.847998
10.1 10.348148
10.798970004 11.445508
11.699999383 11.653052
11.900000875 11.38813
13.699980365 11.951245
11.999998417 12.763858
11.900000875 11.89295
11.300000237 11.260942
11.500000186 11.67405
11.549999793 12.674435
11.900000875 11.841873
11.200000128 11.539668
11.200000128 11.477085
11.800000504 11.932075
11.900000875 11.896645
11.900000875 11.984639
11.900000875 12.639528
13.000008766 12.841547
11.1 11.305215
11.400000202 11.444188
11.599999679 11.678242
11.699999383 11.783599
11.800000504 11.716989
11.500000186 11.447861
11.900000875 11.916564
11.200000128 11.242639
11.200000128 11.199931
11.300000237 11.336424
11.900000875 12.191081
11.1 11.124776
11.200000128 11.277819
11.300000237 11.953102
13.600038134 13.463602
11.200000128 11.318878
11.1 11.299094
11.200000128 11.304861
11.800000504 11.570511
11.699999383 11.768155
11.400000202 11.431834
12.699997654 11.985254
11.599999679 11.386739
11.1 11.19309
11.300000237 11.258408
11.400000202 11.379713
12.399997603 12.282918
11.1 11.161175
11.1 11.134361
11.500000186 11.508278
10.401029995999998 10.444702
11.699999383 12.256706
11.300000237 11.81708
13.200015437 13.008091
11.200000128 11.46159
11.1 11.127352
11.200000128 11.31019
11.202372909 12.015383
12.499996913 11.973928
11.1 11.322655
11.200000128 11.402452
13.299970641 12.516679
11.1 11.163644
11.1 11.221296
11.599999679 11.566798
11.200000128 11.191536
12.599996932 12.306393
11.500000186 11.72263
10.418758763 10.495569
10.300000031 10.51059
11.400000202 11.4619465
11.300000237 11.438779
12.299998172 12.048309
11.130118356 10.856114
11.900000875 11.697712
11.1 11.110159
12.1 12.078844
13.299970641 13.661002
11.1 11.095329
11.400000202 12.0648365
13.497940009 12.877301
11.500000186 11.45344
11.699999383 11.670174
11.1 11.075639
11.900000875 11.995274
11.900000875 11.828348
10.300000031 10.60793
11.300000237 11.322573
10.800000069 10.992834
11.400000202 11.356841
11.500000186 11.619266
11.400000202 11.411112
11.300000237 11.715047
11.1 11.293333
10.456547324 10.492323
13.299970641 12.875215
11.200000128 11.278304
13.000008766 12.2375965
11.1 11.1849375
13.200015437 12.244527
14.200179498 12.662485
14.500116928 13.381886
11.900000875 11.448398
11.1 11.18921
11.699999383 11.677122
11.200000128 11.295565
11.500000186 11.40206
11.300000237 11.436777
11.699999383 11.74774
11.1 11.105462
12.799991797 12.476428
11.300000237 11.350675
11.200000128 11.170744
12.299998172 12.031184
11.500000186 11.897096
10.1 10.108373
14.816579984 14.560282
12.217475462 11.417379
11.1 11.160298
11.1 11.32898
11.400000202 11.641081
11.200000128 11.300188
13.1 12.208496
11.1 11.171543
13.1 12.404915
12.63313238 12.7770815
11.500000186 11.509758
11.200000128 11.224786
11.599999679 11.680204
11.800000504 11.684902
12.1 12.017935
11.400000202 11.536744
11.200000128 11.148903
11.300000237 11.491614
11.800000504 11.782303
11.699999383 11.747124
12.499996913 12.264365
11.300000237 11.360516
11.999998417 11.896067
11.699999383 12.103281
10.622878745 10.633379
11.400000202 11.442677
11.900000875 11.846323
11.599999679 11.827034
11.900000875 12.644836
13.899970733 14.2403145
11.500000186 11.341715
11.200000128 11.222991
11.1 11.127078
13.699980365 13.437965
11.800000504 12.2755375
12.299998172 11.971336
12.299998172 12.68342
11.300000237 11.160505
11.1 11.0753
11.200000128 11.0136
11.300000237 11.34902
11.400000202 11.321333
11.300000237 11.680004
11.800000504 11.353341
10.568521083 10.591493
11.1 11.645703
10.1 10.222327
12.899998135 12.254347
11.615700161 11.567302
12.652841969 12.724138
11.200000128 11.381838
11.500000186 11.553719
11.599999679 12.336572
11.400000202 11.411817
11.200000128 11.532926
12.299998172 12.64416
11.599999679 11.6035185
11.300000237 11.360913
11.178996038 11.21451
11.999998417 11.925321
11.300000237 11.710027
10.207905397 10.525536
11.900000875 12.022737
11.900000875 11.590281
12.499996913 12.451829
11.300000237 11.594977
11.186186148 11.331994
12.199999035 12.201314
12.499996913 12.260138
11.900000875 11.983628
11.699999383 11.863022
12.1 12.376609
11.900000875 12.293961
11.500000186 11.502403
13.399988938 13.326934
11.300000237 11.721034
11.699999383 11.726707
10.869551079 10.085633
11.1 11.116485
11.400000202 11.598516
11.200000128 11.63288
11.300000237 11.216983
11.599999679 11.831001
10.1 10.132998
11.1 11.169147
11.699999383 11.79199
11.900000875 11.751427
11.300000237 11.260108
13.699980365 13.447548
11.599999679 11.494273
11.300000237 11.572684
11.1 11.140541
11.400000202 11.529363
11.900000875 11.918967
11.400000202 11.305314
10.702059991 10.734373
11.300000237 11.350866
11.400000202 11.363581
11.200000128 11.28757
12.1 12.014582
13.000008766 11.035204
11.200000128 11.159531
11.900000875 12.069578
11.599999679 11.546406
11.800000504 11.873774
11.200000128 11.317313
11.699999383 11.509344
11.999998417 13.105847
11.599999679 11.590223
11.599999679 11.641729
11.000000142 11.515019
11.500000186 11.453474
11.900000875 11.871716
11.200000128 11.261331
11.200000128 11.315167
11.200000128 11.241419
14.999629455 14.402075
10.1 11.612661
11.800000504 11.6904745
13.699980365 12.66484
11.1 11.158557
11.500000186 11.707764
11.300000237 11.397039
11.800000504 11.791441
11.200000128 11.197428
12.199999035 11.86542
11.999998417 12.255152
10.702059991 10.728508
13.986056648 12.524018
11.599999679 11.887492
11.699999383 11.809007
11.500000186 11.496345
10.351811973 10.459884
11.200000128 11.317059
11.200000128 11.212322
9.798970004 9.818276
11.1 11.202856
11.699999383 11.521302
12.799991797 12.054144
12.499996913 12.103823
11.900000875 11.91609
13.213509275 12.595465
11.300000237 11.620568
13.299970641 12.98958
11.200000128 11.500438
11.500000186 11.461918
11.1 11.331366
11.900000875 11.960899
11.500000186 11.512732
11.800000504 11.77496
12.1 11.320669
11.300000237 11.439594
11.999998417 11.625284
11.200000128 11.224858
11.900000875 12.102526
12.299998172 12.148201
11.900000875 11.910063
11.699999383 11.710708
11.1 11.06274
11.800000504 11.404566
11.699999383 11.608554
11.800000504 11.7392
13.231403679 13.929193
11.145757491 10.7443695
12.299998172 12.259051
13.200015437 12.876569
9.923908741 10.250118
11.200000128 11.30902
12.699997654 12.129792
11.300000237 11.45989
11.1 12.15551
11.250000101 11.256159
11.699999383 12.174992
11.900000875 11.867458
14.1 14.206994
11.400000202 11.785578
12.1 11.909336
11.200000128 11.247513
11.500000186 11.469094
11.200000128 12.240316
13.1 11.726787
11.599999679 11.583801
11.300000237 11.474112
11.300000237 11.36641
11.500000186 11.455248
11.200000128 11.2740345
11.800000504 13.003187
11.200000128 11.376054
10.895880017 10.87841
11.798970004 12.018312
11.999998417 12.048776
11.400000202 11.446927
11.300000237 11.381616
11.1 11.278543
12.626186843 12.742348
11.200000128 11.416803
11.800000504 11.787741
10.599999953 10.4015465
12.359637311 12.410476
11.999998417 11.795031
11.500000186 11.487948
11.200000128 11.237866
11.300000237 11.32427
11.599999679 11.999812
13.000008766 12.747507
11.798970004 11.04733
11.800000504 11.810019
11.400000202 11.538275
12.299998172 11.448532
11.1 11.571709
12.299998172 11.675056
11.1 11.054063
11.599999679 11.786547
11.800000504 11.833826
11.200000128 11.150767
11.449999958 11.492385
12.08940535 13.194717
12.599996932 12.289799
11.599999679 11.591345
11.599999679 11.784368
11.1 11.408306
11.200000128 11.261117
12.499996913 12.461582
11.1 10.971724
13.000008766 12.387872
11.400000202 11.672608
11.699999383 12.023604
11.699999383 12.315476
11.300000237 11.633655
10.200000019 10.465492
11.699999383 11.712675
11.400000202 11.351672
11.1 11.1582985
11.500000186 11.622434
11.1 11.786114
11.200000128 11.111031
12.199999035 11.913223
11.300000237 11.296602
11.500000186 11.332257
11.200000128 11.229967
11.500000186 11.535896
11.599999679 11.877056
11.200000128 11.230532
11.400000202 11.613276
11.1 11.099493
11.671865206 11.836867
13.899970733 12.570843
11.699999383 11.684236
11.543697499 11.919728
11.1 11.805153
11.699999383 11.490443
11.1 11.078929
11.800000504 11.856312
11.200000128 11.377178
12.344125144 12.409029
11.400000202 11.352537
11.800000504 12.526064
11.800000504 11.811657
13.196910013 12.186007
11.900000875 11.926512
12.1 12.156902
11.999998417 11.73539
11.300000237 11.339648
11.1 10.996086
11.900000875 11.965378
11.599999679 11.629616
13.200015437 12.880952
11.500000186 11.586806
11.999998417 11.979896
13.437242168 13.514189
11.500000186 11.475342
12.699997654 12.5292225
11.200000128 11.249121
11.500000186 11.509407
11.500000186 11.501647
11.800000504 11.743584
11.23667714 11.688908
11.800000504 11.862364
11.500000186 11.50217
11.200000128 11.223084
11.000000142 11.246352
12.299998172 12.238993
11.999998417 11.761013
11.418758763 11.269533
10.869551079 11.084609
11.900000875 11.854433
11.200000128 11.280418
11.800000504 11.834488
12.00501862 11.580313
12.1 12.109837
11.699999383 11.681186
11.200000128 11.22582
11.1 11.45265
10.300000031 10.962449
11.200000128 11.272143
11.599999679 11.2423725
11.900000875 11.8819895
11.599999679 11.512638
13.1 13.222111
11.999998417 11.970789
11.900000875 11.5644865
11.500000186 11.541261
11.599999679 12.03607
11.999998417 11.959242
12.199999035 11.875586
11.300000237 11.3103895
12.1 11.793643
11.999998417 12.634838
12.924482069 11.477375
11.1 11.140538
11.900000875 12.007581
11.900000875 11.911845
12.499996913 12.105988
11.800000504 11.8636265
11.1 11.25503
11.300000237 11.935796
13.000008766 13.072006
10.200000019 10.53941
11.1 11.133711
11.200000128 11.241057
12.199999035 11.970816
11.699999383 11.788255
11.200000128 11.155948
10.622878745 10.619083
10.609058795 11.638761
11.900000875 11.920079
13.000008766 12.891049
11.400000202 11.418501
12.478272118 12.221703
13.600038134 13.501371
11.699999383 11.712451
11.200000128 11.229702
11.699999383 11.574119
11.800000504 11.702677
11.200000128 11.33418
12.199999035 12.062222
14.287086643 13.745599
9.1 9.346892
11.200000128 11.266251
11.200000128 11.190178
11.200000128 11.441694
12.299998172 12.400039
11.300000093 11.422953
11.900000875 11.904314
11.900000875 12.03643
11.182750839 11.266821
10.401029995999998 11.301664
11.200000128 11.123833
12.199999035 11.579889
11.1 11.440993
11.900000875 11.936611
11.300000237 11.379917
11.747817482 11.63924
11.300000237 11.3192005
11.200000128 11.294256
11.699999383 12.153858
12.899998135 13.362713
11.699999383 11.649937
11.800000504 12.266064
11.500000186 11.347763
10.1 10.397197
13.1 13.885351
11.1 11.186705
11.800000504 11.830833
11.999998417 11.827814
11.400000202 11.225589
13.798970004 13.746014
11.999998417 12.055118
11.200000128 11.327866
11.500000186 11.6351795
11.500000186 11.56577
11.594850022 11.629185
11.300000237 11.374313
13.1 12.873969
11.200000128 11.302616
13.000008766 13.15391
12.499996913 12.487547
11.800000504 11.667156
11.800000504 11.836805
11.300000237 11.481221
11.699999383 11.718397
11.200000128 11.319568
11.400000202 11.453704
11.500000186 11.441782
11.1 11.359259
11.200000128 11.2342615
11.999998417 11.876606
11.699999383 12.063291
11.699999383 11.717674
11.500000186 11.446602
11.699999383 11.684065
11.500000186 11.673607
11.1 11.254857
11.800000504 11.626395
11.500000186 11.48288
11.599999679 11.616192
11.500000186 11.946352
13.336572006 12.911107
11.900000875 11.811269
10.446787486 10.327182
11.200000128 11.432999
13.200015437 13.145254
11.599999679 11.498947
11.300000237 11.596896
11.1 11.246166
12.899998135 12.4419
11.1 11.898448
11.400000202 11.399298
12.599996932 12.863299
13.393030526 13.380208
11.900000875 11.868762
10.1 10.867656
11.500000186 11.832073
12.199999035 11.800872
11.300000237 11.573803
11.300000237 11.229237
11.900000875 11.9244
11.500000186 11.5288925
11.500000186 11.521532
11.599999679 11.538288
11.900000875 11.859575
12.1 12.475542
11.300000237 11.341166
11.400000202 11.360347
11.699999383 11.8464775
11.200000128 11.238223
11.200000128 11.107697
11.200000128 11.2389555
11.599999679 11.8964
11.300000237 11.381483
11.200000128 11.271592
11.1 11.329145
11.699999383 11.715337
11.300000237 11.570125
11.300000237 11.486241
12.199999035 12.036194
11.200000128 11.243366
11.699999383 11.417421
11.500000186 11.461808
11.200000128 11.297465
13.200015437 12.637555
12.1 11.771847
11.800000504 11.796006
11.599999679 11.529826
10.250514998 11.105136
11.300000237 11.285652
12.199999035 12.415245
11.300000237 11.286838
11.500000186 11.455156
11.500000186 11.521889
11.1 11.689853
12.299998172 11.476053
11.500000186 11.530616
13.777780705 13.384916
11.300000237 11.713547
12.245086978 12.463025
11.999998417 11.885135
12.1 11.284115
12.1 11.830739
12.499996913 11.77819
11.300000237 11.207952
10.497940009 11.325211
11.999998417 11.937537
13.000008766 12.605726
10.401029995999998 10.433636
11.500000186 11.596927
11.599999679 11.675346
10.900000053 10.892046
11.300000237 11.314789
12.300659451 12.423297
10.599999953 10.712419
11.1 11.2773485
11.500000186 11.903006
11.500000186 11.592945
11.500000186 11.656795
11.200000128 11.472507
10.400000029 10.490185
13.299970641 12.052835
12.499996913 12.08391
11.400000202 11.250484
11.1 11.07563
11.400000202 11.178456
11.800000504 11.905449
11.200000128 11.1897
11.200000128 11.285381
11.400000202 11.394605
11.400000202 11.440708
11.300000237 11.294567
11.986056648 12.00021
11.200000128 11.270816
11.400000202 11.3702135
11.800000504 11.81671
12.499996913 11.420011
11.800000504 11.822564
11.500000186 11.495853
12.699997654 12.55061
10.900000053 10.659862
11.800000504 13.008025
12.1 11.876368
13.953871964 12.421024
11.900000875 11.847777
11.884098187 11.934576
11.1 11.144139
11.599999679 11.6685915
11.599999679 11.87771
11.200000128 11.455397
15.1 14.429415
11.200000128 11.439718
12.158985756 11.390285
11.200000128 11.562708
11.200000128 11.39286
11.200000128 11.376401
11.500000186 11.493308
11.1 11.391369
14.213509275 14.177159
12.699997654 12.971957
10.400000029 10.62613
13.000008766 12.423723
11.599999679 11.592408
11.200000128 11.264263
11.999998417 11.941448
13.000008766 11.79915
12.668636236 12.033949
11.800000504 11.520884
11.445823458 10.949297
11.699999383 11.493124
11.1 11.091398
11.25490196 11.310162
11.200000128 11.54348
10.1 10.29983
10.401029995999998 11.025365
13.299970641 13.109443
11.800000504 11.782963
11.200000128 11.182527
11.500000186 11.675839
11.200000128 11.1881485
11.400000202 11.98753
12.499996913 13.10088
11.300000237 11.324594
12.03930216 11.916072
11.1 10.536167
11.1 11.12838
11.599999679 11.737363
13.600038134 13.400661
10.1 10.393227
11.900000875 11.916072
11.400000202 11.661577
10.594850022 10.805056
13.000008766 12.893788
15.999629455 15.437195
12.599996932 12.400547
11.200000128 11.178803
11.699999383 11.734386
11.200000128 11.662868
11.1 11.332381
11.318286122 11.430476
11.699999383 11.641764
14.805466677 13.346523
11.900000875 11.728658
10.200000019 10.528928
11.900000875 11.89492
11.543697499 11.358938
12.399997603 12.063128
11.1 11.210666
12.799991797 12.490428
11.200000128 11.2115345
11.400000202 11.45471
11.400000202 11.678652
11.500000186 11.584207
11.200000128 11.229151
11.900000875 11.859972
11.200000128 11.103109
11.1 11.145887
11.800000504 11.835854
11.200000128 11.215431
12.499996913 12.058852
11.300000237 11.433792
12.719788758 12.474459
11.200000128 11.257287
11.1 11.513126
11.177758728 11.274906
12.199999035 12.108236
11.599999679 11.80396
11.900000875 11.726917
12.499996913 11.666039
11.500000186 11.924058
11.599999679 11.569519
12.399997603 12.3154335
13.600038134 13.607607
13.399988938 12.43767
11.200000128 11.3722515
13.299970641 13.748223
11.300000237 11.7249565
13.500007822 13.741044
11.800000504 11.910417
11.300000237 11.349228
12.901632346 12.508959
11.200000128 11.557474
11.500000186 11.347962
12.1 12.465183
12.499996913 12.504491
11.900000875 11.997254
10.300000031 10.652362
11.500000186 11.5234
11.300000237 11.382112
10.401029995999998 10.593904
11.200000128 11.185067
11.800000504 11.812881
11.999998417 11.785151
11.400000202 11.243668
13.1 12.553436
14.600312917 13.947588
12.299998172 12.121292
11.200000128 11.567289
11.999998417 11.796539
11.500000186 11.29759
13.344125144 13.034316
15.359637311 14.241943
11.500000186 11.593695
11.200000128 11.200818
9.798970004 10.479535
11.900000875 12.135727
11.400000202 11.419336
11.719788758 11.979764
11.200000128 11.597907
11.599999679 11.613881
11.1 11.1728325
12.699997654 13.068371
9.798970004 9.83796
10.1 10.726055
11.1 11.077101
11.500000186 11.673317
12.199999035 11.790096
11.200000128 11.235284
11.200000128 11.397184
11.986056648 11.319809
11.300000237 11.473482
11.200000128 11.1792555
11.508935393 11.446547
10.798970004 10.707388
10.1 11.058215
9.798970004 9.907543
11.1 11.6117
11.1 10.986547
12.299998172 12.2544
11.800000504 11.811692
11.699999383 11.571081
9.702059991 9.739157
11.300000237 11.298213
11.900000875 11.846556
12.799991797 12.648533
11.599999679 11.214173
11.599999679 11.641712
14.999629455 12.982353
12.899998135 12.639648
11.300000237 11.626598
15.600312917 14.911137
12.199999035 12.462109
11.699999383 11.695501
11.1 11.139927
11.900000875 11.896703
13.399988938 12.453043
11.599999679 11.712428
11.200000128 11.276821
12.899998135 12.64783
11.500000186 11.590879
11.400000202 11.650078
11.900000875 12.080903
11.800000504 11.850639
11.150609993 11.953557
10.401029995999998 10.443127
11.200000128 11.156305
11.500000186 12.282592
11.200000128 11.201445
12.399997603 12.277773
12.699997654 12.041661
11.400000202 11.579514
14.901342913 13.739681
11.196910013 11.196156
12.314128683 12.14551
13.399988938 13.592903
13.299970641 12.621931
10.702059991 10.745996
11.200000128 11.224599
11.1 11.4022
11.200000128 11.269416
11.300000237 11.322842
12.299998172 11.927662
14.600312917 14.2629595
11.999998417 11.890053
11.599999679 11.186211
11.1 11.067928
11.400000202 11.399488
13.1 13.011211
11.058607315 11.150703
11.400000202 11.237139
11.900000875 11.930225
11.1 11.051284
11.200000128 11.221721
11.1 11.161603
11.300000237 11.222463
11.300000237 11.364829
11.900000875 11.820661
11.999998417 11.918488
11.599999679 11.696909
12.155517328 11.382038
13.99997427 12.689782
11.800000504 11.484605
14.200179498 13.802951
11.900000875 11.686564
10.1 10.559317
12.499996913 12.3908
13.702059991 12.736237
11.900000875 11.975574
11.300000237 11.467865
11.821246399 12.102035
11.800000504 11.927527
11.500000186 11.564722
11.224938737 12.255394
11.1 11.166936
13.1 13.258185
11.900000875 11.89145
11.900000875 11.876704
11.800000504 11.700965
11.599999679 11.3660555
11.1 11.130586
11.300000237 12.031314
11.1 11.096921
11.699999383 11.715221
10.32184875 10.567276
11.200000128 11.21484
11.800000504 11.49895
11.400000202 11.334346
11.1 11.283543
11.200000128 11.558181
11.500000186 11.567116
11.900000875 11.797249
12.1 12.310753
11.200000128 11.300373
10.401029995999998 11.288241
12.499996913 12.188488
11.400000202 11.58488
14.1 14.087704
11.900000875 11.926422
12.299998172 12.053488
11.200000128 11.376883
12.699997654 12.429383
11.1 11.56966
11.500000186 12.382771
11.599999679 11.573208
13.000008766 12.241201
11.1 11.113637
11.900000875 11.901706
11.500000186 11.376581
10.300000031 10.916859
11.200000128 11.240284
11.999998417 12.025653
11.200000128 11.227452
11.200000128 11.2749405
12.499996913 12.724491
11.800000504 11.613493
11.900000875 11.840219
11.1 11.136204
11.599999679 11.791282
11.1 11.859057
10.738272164 10.7286
11.599999679 11.955128
10.798970004 10.951085
13.8000571 13.312431
11.500000186 11.514824
12.699997654 12.181278
11.200000128 11.258781
11.200000128 11.235941
11.800000504 11.883085
11.1 11.456289
11.500000186 11.57817
11.999998417 11.610826
11.300000237 11.46893
11.699999383 11.706321
13.1 12.171915
11.900000875 11.908863
11.999998417 11.930106
11.300000237 11.326397
11.800000504 11.68195
10.499999968 10.924472
11.800000504 11.7215185
11.699999383 11.254168
10.1 11.2507
11.300000237 11.496322
11.110590307 11.279535
13.399988938 12.634266
11.1 11.189419
12.299998172 12.302525
12.399997603 12.110285
11.800000504 12.093744
14.28282766 11.829006
11.599999679 11.607281
11.1 11.165524
11.200000128 11.214606
11.599999679 11.647497
11.200000128 11.286005
11.900000875 11.821784
11.800000504 11.867895
11.699999383 11.404858
10.1 10.681001
11.164492734 10.871714
11.300000237 11.517767
11.200000128 11.215467
11.200000128 11.255106
11.999998417 11.73608
11.200000128 11.201546
11.999998417 12.682423
11.900000875 11.877751
12.499996913 12.371022
11.200000128 11.240503
11.1 11.077077
11.1 11.104422
11.699999383 11.728107
13.699980365 12.836731
11.1 11.274912
12.1 11.851927
12.299998172 12.220783
11.500000186 11.485812
13.075390989 13.316838
11.500000186 11.510603
11.200000128 11.339808
11.300000237 11.363249
12.549996923 12.492414
11.800000504 11.869677
11.561329795 12.247454
11.200000128 11.277589
11.900000875 12.2562685
11.800000504 11.786684
11.200000128 11.255916
12.299998172 12.07994
11.200000128 11.169741
10.622878745 10.977268
11.300000237 11.301493
11.196910013 11.134863
11.999998417 12.049525
11.200000128 11.341287
12.895880017 12.116913
11.200000119 11.806401
10.224938737 10.263565
11.800000504 11.763599
14.1 13.512023
11.500000186 11.448461
11.300000237 11.364553
11.200000128 11.240803
11.500000186 11.583759
11.500000186 12.23893
11.500000186 11.686908
11.500000186 11.463166
11.200000128 11.545355
12.199999035 12.17489
12.799991797 12.7873745
11.500000186 11.539537
11.1 11.103582
11.200000128 11.230324
12.299998172 11.966694
11.599999679 11.721845
11.400000202 11.527648
11.200000128 11.247997
11.400000202 11.516378
11.200000128 11.233513
11.900000875 11.64836
11.900000875 11.91161
11.900000875 11.871489
11.200000128 11.249952
11.900000875 11.931895
11.200000119 11.110914
11.599999679 11.54207
10.401029995999998 11.209063
11.1 11.370035
11.622878745 11.798282
13.299970641 12.961233
11.400000202 11.426094
11.1 11.563991
11.200000128 11.240786
11.1 11.188749
11.500000186 11.322121
11.900000875 11.938022
12.299998172 12.31847
11.200000128 11.388942
11.1 11.12812
11.000000142 10.967048
11.500000186 11.587084
11.699999383 11.847207
11.500000186 11.51442
11.200000128 11.209812
11.500000186 11.695367
13.058607315 12.773816
11.200000128 11.303403
11.400000202 11.290316
11.900000875 11.752912
12.299998172 12.767384
11.900000875 11.883001
11.699999383 11.798275
11.200000128 11.196312
11.900000875 11.819771
11.200000128 11.634208
11.200000128 11.391036
11.699999383 11.769372
11.599999679 11.637379
11.900000875 12.276365
11.800000504 11.849057
11.400000202 11.186409
12.742065153 12.377291
11.300000237 11.708419
11.200000128 11.75569
12.699997654 12.383991
12.699997654 12.584119
11.1 11.523404
11.1 11.130648
11.300000237 11.460701
11.200000128 11.23892
11.699999383 11.498881
13.000008766 12.160772
11.999998417 12.096881
11.500000186 11.529077
11.599999679 11.641986
11.699999383 11.360048
11.300000237 11.452649
11.401029996 11.351291
12.499996913 12.154221
11.699999383 11.741334
11.1 11.191718
12.399997603 12.460266
10.900000053 10.590108
11.1 11.609811
11.400000202 11.377649
11.999998417 11.864016
12.1 12.07546
11.500000186 11.505627
11.699999383 11.718512
12.499996913 12.520392
11.200000128 11.182608
11.999998417 11.97644
11.300000237 11.605889
13.000008766 12.066451
11.200000128 11.296631
11.900000875 11.908948
10.300000031 10.7424135
11.200000128 11.283966
11.900000875 11.893698
11.800000504 11.377811
11.900000875 11.93468
11.599999679 11.6588745
11.204387081 11.292047
10.622878745 10.944151
15.1 13.463737
11.900000875 11.908598
13.299970641 13.055421
11.200000128 11.203409
11.200000128 11.175838
10.622878745 10.506102
11.800000504 12.317165
11.699999383 11.62847
12.1 11.887991
11.200000128 11.554697
11.200000128 11.1475525
11.999998417 11.912888
12.299998172 11.570215
11.200000128 11.21798
13.000008766 12.664997
11.200000128 11.248539
11.999998417 11.805948
13.99997427 13.377121
11.500000186 11.50937
12.699997654 11.969555
13.600038134 12.858793
12.1 12.753129
13.600038134 12.863903
11.699999383 11.888374
11.900000875 11.894254
13.200015437 13.202295
11.200000128 11.183361
13.336572006 13.434118
11.999998417 11.490354
11.200000128 11.437062
10.622878745 10.807396
11.200000128 11.2474
11.300000237 11.26368
11.1 11.2695465
12.499996913 12.862166
11.1 11.235389
11.699999383 11.712187
12.399997603 12.005905
11.200000128 11.40853
11.200000128 11.283937
11.200000128 11.225566
11.500000186 12.413568
11.200000128 11.250412
11.500000186 11.642093
11.500000186 11.500617
11.699999383 11.774764
11.699999383 11.73078
11.400000202 11.47402
11.200000128 11.226364
11.200000128 11.326261
11.900000875 11.925544
11.200000128 11.398841
11.999998417 11.476712
11.500000186 11.88573
11.599999679 12.790275
11.1 11.168421
12.399997603 12.251448
11.599999679 11.672059
11.196910013 11.426884
11.699999383 11.681679
12.299998172 11.783543
12.699298557 12.514828
11.500000186 11.543484
11.900000875 11.99106
11.999998417 11.885381
11.599999679 11.66524
11.500000186 11.428151
11.800000504 11.664847
11.1 11.038269
12.499996913 12.55867
11.500000186 11.660931
11.699999383 12.025346
10.700000074999998 11.22556
12.599996932 12.048323
11.300000237 11.291392
11.300000237 12.119224
11.900000875 12.1974
12.199999035 11.913898
11.599999679 11.606032
12.699997654 12.900381
11.599999679 11.801519
11.800000504 11.758334
11.400000202 11.432653
12.199999035 12.079494
11.400000202 11.783218
13.399988938 11.600584
11.900000875 12.081864
11.599999679 11.584744
12.399997603 12.215411
11.1 11.309217
13.500007822 13.398313
11.1 11.188004
11.200000128 11.227158
11.900000875 11.871137
11.25490196 11.342936
11.800000504 11.502149
11.200000128 11.385499
11.999998417 12.028404
11.200000128 11.189636
11.900000875 12.104822
11.200000128 11.327383
11.900000875 11.8383255
10.777780705 10.234181
11.500000186 11.455155
11.900000875 11.448454
10.622878745 10.620138
13.200015437 11.412567
11.497940009 11.401249
11.900000875 12.379673
13.1 12.541598
11.160480747 11.187426
11.300000237 11.444115
11.1 11.486204
11.200000128 11.685686
11.200000128 11.364702
11.300000237 11.487118
10.900000053 10.67289
11.800000504 11.759903
10.300000031 10.313447
11.900000875 11.895733
10.923908741 10.848222
13.699980365 11.941713
11.500000186 11.423092
11.500000186 11.586433
11.300000237 11.421572
11.699999383 11.650494
11.699999383 11.78648
11.1 11.673361
10.401029995999998 10.79985
11.200000128 11.229378
11.599999679 11.843283
11.599999679 11.280476
11.120479304 11.193869
12.1 12.055471
10.622878745 10.518561
11.800000504 11.746002
12.199999035 12.978607
13.699980365 13.371986
12.58945499 12.51178
11.599999679 11.738445
11.300000237 11.366229
11.900000875 12.249075
11.200000128 11.156605
11.999998417 12.131954
11.476308608 11.218291
10.549771647 11.7953825
12.399997603 11.860711
11.900000875 11.697908
10.938631998 11.1543045
10.900000053 10.513771
10.400000029 10.917206
12.699997654 12.19625
12.299998172 12.279847
11.999998417 12.387673
13.399988938 13.362522
11.900000875 12.159326
13.1 11.237049
14.200179498 12.843994
9.798970004 9.849525
10.401029995999998 11.656593
11.400000202 11.856865
11.800000504 11.784542
11.200000128 11.143401
11.400000202 11.51387
11.500000186 11.688691
13.191514981 13.11813
10.702059991 10.676411
11.300000237 11.328422
13.299970641 13.02542
11.999998417 11.870954
11.200000128 11.150812
11.500000186 11.402735
11.1 11.246986
12.1 11.897528
12.199999035 12.114466
11.1 11.349311
13.500007822 13.312529
11.699999383 11.55867
11.1 11.233907
11.200000128 11.338667
10.242667504 10.163152
11.800000504 11.969138
10.577555766 10.97425
11.1 11.13047
10.555931955999998 10.425548
13.99997427 12.723675
11.900000875 12.034761
11.699999383 11.779424
11.1 11.25194
11.699999383 11.858639
11.200000128 11.312855
11.200000128 11.230357
11.1 11.290521
11.900000875 11.631628
11.300000237 11.569968
10.200000019 10.429741
11.900000875 11.920724
11.200000128 11.116956
11.200000128 11.812393
11.500000186 11.592123
12.499996913 12.717931
11.1 11.07716
10.499999968 10.684727
10.869551079 10.988332
11.200000128 11.417443
11.800000504 11.88753
11.699999383 11.458555
11.400000202 11.381394
11.599999679 11.703503
11.300000237 11.453014
11.800000504 11.769442
11.300000237 11.526194
11.200000128 11.304197
12.199999035 12.07628
11.200000128 11.2687645
12.199999035 12.09239
11.699999383 11.779519
13.200015437 12.395746
11.800000504 11.985759
10.702059991 10.732317
11.200000128 11.694123
11.1 11.321581
11.500000186 11.415537
11.300000237 12.087506
11.400000202 11.290981
12.799991797 12.176313
11.999998417 12.3428955
11.900000875 11.880528
11.401029996 11.491654
11.1 11.318503
11.200000128 11.561273
11.213943352 11.427927
11.200000128 11.216498
11.800000504 12.419435
11.300000237 11.337463
11.599999679 11.127686
12.499996913 12.17108
12.1 11.729434
14.700326279 13.889191
11.400000202 11.354031
13.219186408 11.377111
12.599996932 12.638723
11.1 11.175959
11.900000875 11.488471
11.1 11.394253
11.1 11.117079
11.800000504 11.819273
14.25490196 14.564201
13.699980365 13.539238
12.1 10.796434
11.800000504 12.593889
12.1 12.217429
10.555931955999998 10.544521
11.300000237 11.349251
10.058607315 10.18055
11.1 11.114301
13.200015437 12.097126
13.622878745 12.225401
11.900000875 11.913001
13.1 12.986923
13.699980365 12.520036
11.400000202 11.375118
11.599999679 11.4813595
11.1 12.416927
10.1 11.343704
11.200000128 11.293192
11.1 12.053451
11.200000128 11.649329
11.23914764 11.575104
11.599999679 11.62156
11.1 11.086833
11.900000875 12.061745
11.400000202 11.392037
12.599996932 11.6636715
11.900000875 11.757208
11.200000128 11.220633
11.1 11.255153
11.300000237 11.6839905
11.900000875 11.933339
11.300000237 11.339291
12.399997603 11.779067
11.986056648 11.73151
11.800000504 11.799233
11.200000128 11.213878
14.1 13.973721
11.500000186 11.519511
11.1 11.043989
13.8000571 12.627906
11.500000186 11.62466
10.242667504 11.382578
11.200000128 11.438773
12.299998172 11.783098
11.800000504 12.02948
11.500000186 11.814697
11.1 11.05048
11.699999383 11.831556
11.699999383 11.661046
11.699999383 11.754101
11.520216403 11.344586
13.1 12.27649
11.349999839 11.446584
11.400000202 11.547092
11.200000128 11.384838
11.699999383 11.898089
13.8000571 11.735372
11.400000202 11.320408
11.400000202 11.733644
11.400000202 11.957185
11.699999383 11.365312
11.200000128 11.2792845
11.599999679 11.516251
12.668636236 12.578411
11.200000128 11.239406
11.400000202 11.634393
11.999998417 11.975941
14.1 12.998192
11.900000875 11.898951
11.1 11.2116165
11.900000875 11.8239155
11.1 10.841544
12.399997603 12.01784
11.1 11.066802
12.699997654 11.919182
12.199999035 11.785427
12.499996913 12.223001
11.200000128 11.279034
11.200000128 11.439945
12.599996932 12.254442
11.200000128 11.152578
11.800000504 11.69611
12.499996913 11.525009
11.200000128 11.318026
11.200000128 11.415073
12.799991797 12.275215
11.200000128 11.529655
11.999998417 11.974831
13.32184875 13.205049
10.145757491 10.112982
11.900000875 11.455013
11.500000186 11.52436
11.1 11.19155
11.1 11.048801
11.999998417 11.97735
11.1 11.276854
11.999998417 11.952699
11.400000202 11.562613
12.1 12.37263
12.1 12.140005
11.900000875 12.278888
11.200000128 11.467081
11.900000875 11.929231
12.699997654 12.711148
11.500000186 11.5079565
11.800000504 12.162507
11.999998417 11.948791
13.299970641 13.056144
11.500000186 11.673391
11.300000237 11.505488
11.200000128 11.252413
11.1 11.0848255
11.999998417 11.919216
11.900000875 12.156233
11.500000186 11.610902
11.200000128 11.252594
11.900000875 11.733393
11.999998417 11.954824
11.200000128 11.267388
11.500000186 11.457134
11.999998417 11.924593
11.999998417 12.047025
11.999998417 11.687272
12.399997603 12.226865
12.239661993 12.740426
11.800000504 11.768287
12.299998172 12.319246
10.300000031 10.644039
11.200000128 11.150208
14.500116928 13.460405
14.798970004 14.414038
11.350000157 11.372885
11.000000142 10.449154
11.900000875 12.020127
11.500000186 11.729786
11.200000128 11.184442
11.1 11.074697
11.800000504 11.802445
11.500000186 11.201944
11.800000504 11.914372
11.699999383 11.868692
11.599999785 11.595445
11.1 11.09158
10.805533774 11.996828
11.300000237 11.246769
10.702059991 11.04633
11.200000128 11.1575
11.1 11.082194
13.000008766 12.938063
11.200000128 11.177
11.200000128 11.407598
11.1 11.149284
13.1 13.3539915
12.1 11.283935
11.280575573 11.386503
10.1 10.512947
11.200000128 11.267214
11.599999679 11.4852705
11.200000128 11.217472
11.1 11.172468
11.400000202 11.694305
11.900000875 11.749865
14.500116928 13.8358965
10.622878745 10.823125
11.699999383 11.820722
11.300000237 11.422208
11.500000186 11.647239
11.400000202 11.433327
10.401029995999998 10.954403
11.300000237 11.278577
11.800000504 11.797704
12.499996913 12.105108
12.85000321 11.932607
13.219186408 11.362354
11.1 11.076816
11.300000237 11.455927
11.599999679 11.474558
12.399997603 12.250845
11.200000128 11.113992
11.500000186 11.832568
11.200000128 11.372882
11.900000875 11.708955
10.499999968 10.766476
11.599999679 11.69633
11.200000128 11.296432
12.399997603 11.87666
11.200000128 11.304447
11.1 11.259043
11.400000202 11.373066
12.199999035 12.966152
11.599999679 11.709964
12.599996932 11.991388
11.200000128 11.515154
13.986056648 13.390278
11.800000504 11.760002
11.300000237 11.266648
13.399988938 13.252695
11.200000128 11.346405
11.200000128 11.391655
10.300000031 10.609283
11.800000504 12.024294
11.200000128 11.21285
11.500000186 11.440272
10.798970004 10.774118
11.500000186 11.518306
12.1 12.1279545
11.800000504 11.813859
11.900000875 12.014093
11.999998417 11.976775
11.699999383 11.559404
11.699999383 11.558354
12.601689446 12.580563
11.500000186 11.659207
11.1 11.204095
11.200000128 11.287879
11.200000128 11.081664
11.202372909 11.347012
10.872113294999998 10.902451
11.400000202 11.402494
11.200000128 11.5233
10.401029995999998 11.466054
12.190621097 11.710814
10.1 11.362628
11.500000186 11.420425
11.200000128 11.215984
11.1 11.265076
10.300000031 10.265273
11.800000504 11.875286
11.798970004 11.419785
11.900000875 11.700996
11.400000202 11.148332
11.599999679 11.487396
10.499999968 10.608091
10.401029995999998 10.840572
14.1 12.804754
11.800000504 11.756784
11.500000186 11.461435
11.200000128 11.267147
13.600038134 12.937312
11.900000875 11.757408
11.800000504 11.844979
11.400000202 11.274072
11.900000875 12.322407
12.199999035 11.898291
11.699999383 11.8875
11.200000128 11.388501
11.699999383 11.705357
12.299998172 12.144669
11.200000128 11.10062
12.399997603 12.173015
11.273925197 11.329164
11.999998417 11.792297
12.807403172 12.601923
11.999998417 11.8196335
9.47675071 10.090407
11.1 11.097982
13.500007822 12.63032
13.65000925 13.345881
12.65129368 12.613444
11.900000875 12.26189
11.800000504 11.778581
13.99997427 12.018946
11.200000128 11.173617
11.500000186 11.477281
11.300000237 11.36527
11.200000128 11.41966
13.1 13.648788
11.500000186 11.585216
11.999998417 11.655108
11.289095719 11.481596
13.622878745 13.140052
11.599999679 11.856894
11.900000875 11.882994
14.600312917 13.715521
11.300000237 11.307057
11.200000128 11.196449
11.500000186 11.181884
11.599999679 11.446185
13.500007822 12.824827
12.1 11.895633
11.300000237 11.281424
12.299998172 12.47662
11.1 11.199151
11.1 11.7618685
11.200000128 11.430308
10.1 11.282385
13.000008766 13.257948
11.599999679 11.551047
14.88165702 12.487863
11.200000128 11.201851
11.900000875 12.045573
11.999998417 12.034696
12.1 11.822854
12.599996932 12.114461
12.499996913 12.489573
11.401029996 11.52323
11.900000875 11.86277
11.500000186 11.505231
11.800000504 12.456011
11.900000875 12.086929
11.599999679 11.670546
12.799991797 12.643515
11.200000128 11.095885
11.699999383 11.46888
11.300000237 11.386001
11.1 11.089985
11.300000237 11.662516
11.300000237 11.515064
11.800000504 11.867355
11.300000237 11.644573
11.800000504 11.936066
11.900000875 11.532926
11.104364805 11.567461
11.150000064 11.396016
11.500000186 11.616206
11.1 11.200114
11.1 11.89609
12.599996932 12.232549
11.1 11.789864
11.400000202 11.563196
12.399997603 11.9073105
11.1 11.308336
12.149148541 12.313834
11.699999383 11.728828
11.1 11.107592
11.900000875 12.049657
11.1 11.2359915
10.1 10.798226
11.900000875 11.880317
11.200000128 11.389574
11.200000128 11.241129
12.1 11.308435
12.599996932 12.4935875
11.200000128 11.159002
10.622878745 10.538216
12.899998135 13.289537
13.000008766 12.433148
11.400000202 11.403862
12.899998135 12.586265
11.300000237 11.321596
11.400000202 11.27442
11.400000202 11.345581
11.400000202 11.923249
11.999998417 11.789733
11.800000504 11.78875
11.500000186 11.590697
11.1 11.295062
11.300000237 11.261412
11.300000237 11.359604
11.1 11.128457
13.299970641 12.471523
11.699999383 11.736919
11.500000186 11.508688
11.500000186 11.730838
13.600038134 12.560438
11.500000186 11.389099
11.500000186 11.568744
11.685026652 11.460833
10.499999968 10.64744
11.599999679 11.663786
11.200000128 11.245993
11.599999679 11.372761
11.1 11.253754
12.699997654 12.517224
11.800000504 11.77134
11.500000186 11.576223
11.300000237 11.765806
11.599999679 11.479536
11.500000186 11.388427
13.200015437 11.749749
11.400000202 11.5400715
11.986056648 12.165813
12.1 12.208992
11.400000202 11.399495
11.200000128 11.136373
11.200000128 11.26757
11.900000875 11.75889
12.392429824 11.505356
13.399988938 12.311693
11.200000128 10.9197445
11.200000128 11.268239
12.601689446 12.631724
11.200000128 11.29731
12.1 12.070452
11.800000504 11.808362
10.165501549 10.187276
11.200000128 11.317017
12.499996913 12.046503
12.899998135 12.557171
11.200000128 11.239681
14.351811973 14.495853
14.500116928 13.567546
11.999998417 11.855132
10.702059991 10.705693
11.500000186 11.68068
11.500000186 11.483507
11.500000186 11.548445
11.500000186 11.943756
11.599999679 11.709023
13.200015437 12.278323
12.485102784 11.867663
11.699999383 11.85442
11.200000128 11.705149
11.200000128 11.483467
11.900000875 12.110813
12.499996913 12.253941
11.800000504 11.723226
11.200000128 11.4328575
11.900000875 11.929075
11.1 11.140248
12.399997603 13.0069
11.999998417 11.946957
11.999998417 11.877005
12.401029996 11.359147
11.900000875 11.957342
11.200000128 11.222827
11.500000186 11.566175
13.500007822 12.358674
11.400000202 11.575747
12.399997603 12.3837
11.200000128 11.302039
11.900000875 11.960259
11.200000128 11.28566
11.300000237 11.343482
12.199999035 11.946917
12.299998172 12.7488
11.800000504 11.800824
11.1 11.178965
10.599999953 10.88229
11.1 11.131015
11.300000237 11.349349
11.1 11.535462
11.300000237 11.903782
11.400000202 11.42708
11.900000875 11.918037
11.699999383 11.701473
13.1 12.576261
11.1 10.732798
13.25490196 12.906783
11.738272164 12.384512
11.800000504 11.761164
13.8000571 12.898403
11.500000186 11.464667
11.1 10.9587555
11.1 11.165611
11.500000186 11.359829
14.600312917 14.7433815
11.599999679 11.931988
12.699997654 12.703933
11.1 11.3127775
10.798970004 10.673248
11.1 11.130213
12.1 11.783791
11.1 11.317783
11.1 10.950568
11.500000186 11.528756
11.999998417 11.986898
11.200000128 11.193368
14.200179498 14.346817
13.437242168 13.044227
12.499996913 12.576401
11.500000186 11.720467
12.399997603 11.509577
11.1 11.372385
11.400000202 11.400177
11.1 11.131634
10.1 10.37865
11.500000186 11.594017
11.923908741 12.504496
13.399988938 13.063787
11.622878745 11.543496
11.699999383 12.35483
11.200000128 11.236027
11.1 11.163562
11.599999679 11.820364
11.58148606 11.429054
13.200015437 12.433315
12.899998135 13.057661
11.200000128 11.273531
11.300000237 11.332165
12.699997654 12.499208
12.685026652 12.291204
11.999998417 12.034159
11.800000504 11.7111225
10.200000019 10.785581
11.200000128 11.233559
12.299998172 11.073601
11.1 11.224163
11.400000202 11.445921
12.299998172 12.233882
11.200000128 11.265507
11.500000186 11.590166
11.1 11.34642
11.599999679 11.638449
11.200000128 11.283846
11.400000202 11.557509
11.200000128 11.287047
13.531798276 12.178826
11.1 11.081094
11.599999679 11.830251
12.1 13.285113
11.200000128 10.938275
11.900000875 11.909224
12.299998172 11.803671
13.8000571 13.173746
13.200015437 11.967607
11.999998417 12.075366
11.1 11.641022
11.900000875 12.478858
13.299970641 13.378719
11.200000128 11.25598
12.199999035 11.99213
13.8000571 13.476717
11.599999679 11.556486
11.800000504 11.8200865
11.699999383 11.569448
11.200000128 11.246823
11.800000504 11.979179
11.800000504 11.984383
11.1 11.125735
11.498558602 11.554554
11.300000237 11.248667
12.1 11.719694
11.1 11.256438
11.500000186 11.882284
11.999998417 11.928784
11.599999679 11.603665
10.401029995999998 10.673229
11.900000875 11.703606
11.200000128 11.178375
12.844727495 12.204905
13.000008766 12.409728
11.300000237 11.487385
11.900000875 11.901317
11.200000128 11.362629
11.200000128 11.470234
11.1 11.3853
11.300000237 11.397303
11.800000504 12.047892
11.667832731 12.333971
11.1 11.316966
13.000008766 12.154742
11.599999679 11.491651
11.200000128 11.439568
11.900000875 11.945315
12.199999035 12.076755
11.999998417 11.7718935
10.622878745 10.7175455
10.798970004 11.274186
11.932682665 12.224447
12.199999035 11.873225
11.200000128 11.38344
11.900000875 11.891047
11.020818754 11.443165
11.800000504 11.751815
11.699999383 11.803746
12.199999035 12.2071495
11.900000875 11.872528
11.200000128 11.203503
14.1 13.94784
11.900000875 12.037053
11.300000237 11.471724
14.299970641 13.910696
11.200000128 11.438499
11.599999679 11.713166
11.500000186 11.567602
11.400000202 11.576621
11.300000237 11.775414
10.800000069 11.034744
11.200000128 11.247219
11.900000875 12.009638
14.32184875 14.105528
11.900000875 11.948632
11.500000186 11.493284
13.399988938 13.507293
11.300000237 11.34367
11.699999383 11.725702
11.200000128 11.208502
12.953998438 13.062672
11.200000128 11.323761
11.1 11.089443
11.1 11.17677
11.300000237 11.310248
11.500000186 11.712015
11.1 11.221745
11.800000504 11.871259
13.899970733 13.116024
11.500000186 11.543318
11.999998417 12.086044
12.699997654 12.035769
11.900000875 11.907789
11.200000128 11.456518
11.999998417 11.976194
11.800000504 11.696207
12.799991797 12.206904
11.900000875 11.7957945
11.1 11.088941
12.499996913 11.683466
11.800000504 12.669244
11.200000128 11.347729
13.699980365 13.558687
12.299998172 13.440582
11.800000504 11.886149
11.1 11.197609
11.200000128 11.176873
10.499999968 10.712493
11.900000875 11.883976
11.400000202 10.715694
11.300000237 11.300879
11.1 11.018383
12.899998135 12.665118
12.299998172 11.941711
11.701029687 11.677312
11.400000202 11.512908
11.300000237 11.331521
11.800000504 11.807698
12.1 11.902456
13.200015437 12.33144
11.400000202 11.37505
11.500000186 11.497057
11.900000875 11.909735
11.300000237 11.298702
11.800000504 11.793023
11.400000202 11.493659
11.401029996 11.696788
11.1 11.324689
12.699997654 12.658045
11.500000186 11.513796
11.1 11.121861
11.900000875 11.703613
12.712610174 12.5900135
12.499996913 11.224105
13.699980365 12.499148
11.497940009 11.720009
11.599999679 11.716519
12.799991797 11.94889
13.531798276 12.842632
11.200000128 11.178173
11.200000128 11.223719
11.300000237 11.280981
11.800000504 11.824705
11.300000237 11.30001
11.1 11.132527
11.400000202 11.416071
12.199999035 11.963861
11.800000504 11.371396
11.599999679 12.046148
10.200000019 10.24042
11.1 11.264973
11.200000128 11.220654
10.1 10.381709
10.702059991 11.555884
11.300000237 11.466819
11.1 11.25024
11.900000875 11.590805
11.300000237 11.388996
11.1 11.212298
12.537707136 12.02747
11.599999679 11.725244
10.555931955999998 10.600719
11.500000186 11.564652
11.1 11.131352
11.400000202 11.410332
12.869551079 12.004863
11.699999383 11.576214
11.400000202 11.410793
12.599996932 12.048117
12.199999035 11.971255
11.400000202 11.818165
11.200000128 11.36837
14.652841969 12.273833
11.1 11.16885
11.699999383 11.53538
12.32475374 12.838163
11.1 10.610121
11.200000128 11.477958
11.200000128 11.243305
12.499996913 11.812255
11.400000202 11.710711
11.1 11.126159
11.200000128 11.391901
11.800000504 11.831148
12.1 12.0037565
14.1 14.013424
11.999998417 12.058096
12.812984366 11.806155
11.300000237 11.320041
12.1 11.867847
11.400000202 11.402834
11.599999679 11.678454
11.900000875 12.309934
11.999998417 12.016533
11.699999383 11.801029
11.999998417 11.738797
11.200000128 11.199335
11.669135921 11.512102
11.900000875 11.669658
11.500000186 11.444825
11.849579998 11.435566
11.900000875 11.901351
11.699999383 11.723063
11.500000186 11.714195
11.200000128 11.227504
11.900000875 12.009547
11.500000186 11.673655
11.200000128 11.210964
13.600038134 13.545002
11.923908741 11.857856
11.900000875 11.890848
11.25490196 11.623156
11.200000128 11.461081
11.699999383 12.073097
11.900000875 12.202668
11.500000186 11.455857
11.900000875 12.0565
11.300000237 11.487804
13.299970641 11.652288
11.999998417 11.475278
11.200000128 11.192534
11.900000875 11.609842
11.1 11.261822
11.900000875 11.915284
13.899970733 11.650936
11.900000875 11.853988
10.1 10.304768
11.500000186 11.769385
14.23667714 14.361398
9.401029995999998 9.341693
11.699999383 11.92681
11.400000202 11.357773
11.800000504 11.936846
11.599999679 11.434054
11.300000237 11.278026
11.699999383 11.676372
11.200000128 11.250952
11.844727495 11.64666
11.500000186 11.515196
12.1 11.949407
9.798970004 9.855692
12.709064893 13.241394
11.300000237 12.165251
11.200000128 11.118336
11.500000186 11.517361
12.1 11.863552
10.400000029 10.6754265
10.401029995999998 11.227442
11.699999383 12.147215
11.900000875 11.893685
12.1 12.457472
12.399997603 12.377441
11.200000128 11.425992
11.900000875 11.819229
13.699980365 12.955185
11.599999679 11.394018
9.893174124 9.989975
11.300000237 11.311186
11.900000875 11.948378
13.497940009 13.023215
11.800000504 11.835628
13.500007822 13.195753
12.799991797 12.378407
13.8000571 12.586043
14.200179498 13.596772
11.599999679 11.464718
11.500000186 11.467279
11.300000237 11.294998
10.1 10.375663
11.696879479 12.23279
11.800000504 11.9327755
11.798970004 11.759276
11.699999086 12.108126
11.300000237 11.408695
11.800000504 11.951992
11.500000186 11.564422
12.699997654 11.808603
11.500000186 11.466821
12.399997603 12.19376
11.200000128 11.20093
11.200000128 11.462589
12.359637311 12.327835
11.900000875 11.859582
11.500000186 11.538329
10.400000029 10.362178
16.141392685 14.371148
13.399988938 13.089343
11.699999383 11.834859
15.1 13.794599
11.1 11.130171
11.599999679 11.657364
11.300000237 11.262039
13.200015437 12.4828005
11.999998417 11.922195
11.699999383 11.546234
11.800000504 11.888441
12.199999035 12.25989
11.300000237 11.323177
11.200000128 11.4366255
13.899970733 12.664829
11.567882884 11.071751
11.900000875 11.828845
11.900000875 11.97347
11.300000237 11.684744
11.1 10.986181
11.800000504 11.858509
11.844727495 11.028912
11.300000237 11.564543
11.1 11.223045
10.401029995999998 10.570679
11.652841969 11.918224
11.200000128 11.174218
11.900000875 11.867082
11.200000128 11.240363
11.699999383 11.873414
11.300000237 11.348728
12.699997654 11.417324
11.500000186 11.815664
11.900000875 11.958351
11.699999383 11.740528
12.699997654 12.021752
11.300000237 11.1799
11.500000186 11.572396
14.299970641 13.119837
12.1 11.731705
11.699999383 11.686472
11.900000875 11.539499
12.199999035 12.300796
11.1 11.067563
11.699999383 11.445301
13.213509275 12.865215
10.1 10.333737
11.500000186 11.472044
11.500000186 12.12631
11.200000128 11.228005
11.900000875 11.821871
11.900000875 11.828653
13.399988938 12.465406
10.401029995999998 10.823208
11.500000186 11.533573
11.900000875 11.540008
10.798970004 11.206112
12.1 11.888974
11.500000186 11.459228
11.300000237 11.682426
11.1 11.133968
11.999998417 11.933201
11.300000237 11.307878
11.800000504 11.850974
12.599996932 11.82414
11.599999679 11.644352
12.199999035 12.669651
11.400000202 11.385231
11.1 11.2858515
11.1 11.107482
11.999998417 12.070025
11.200000128 11.252861
12.299998172 12.300543
12.199999035 12.1454525
11.1 11.161941
11.999998417 11.908713
11.800000504 11.886439
11.500000186 11.875884
11.699999383 11.519076
10.1 11.341725
11.200000128 11.178745
10.351811973 10.407143
11.1 11.118978
11.1 11.134528
11.1 11.197325
11.300000237 11.4034
11.200000128 11.277645
12.63313238 12.484456
12.499996913 13.5931835
11.999998417 12.242405
11.200000128 11.255356
11.999998417 11.945004
11.400000202 11.694476
11.400000202 11.371322
11.400000202 11.348446
11.400000202 11.337607
11.1 11.133995
11.999998417 11.606339
11.599999679 11.449348
11.400000202 11.38824
12.1 11.9410515
11.300000237 11.656228
11.200000128 11.263798
11.200000128 11.636941
11.058607315 11.220002
11.900000875 11.763765
11.1 11.266792
11.500000186 11.725414
11.1 11.091071
11.200000128 11.216543
11.800000504 12.228106
10.401029995999998 10.298806
11.699999383 11.78196
11.900000875 11.971974
11.200000128 11.259888
11.1 11.27634
11.500000186 11.4092245
11.800000504 11.637053
10.777780705 11.225807
11.300000237 11.323956
11.500000186 11.461891
11.900000875 11.940369
11.699999383 11.871106
14.814442691 12.145306
11.500000186 12.180767
11.1 11.140109
11.300000237 11.627039
11.400000202 11.728111
11.300000237 11.45185
11.599999679 11.615385
10.300000031 10.705888
11.300000237 11.364573
11.568521083 11.212217
10.58148606 11.116786
11.699999383 11.71369
12.953871964 11.637545
11.900000875 11.890104
11.1 11.26929
11.200000128 11.387352
11.699999383 11.642427
11.599999679 11.584566
11.400000202 11.470643
11.300000237 11.504778
11.399999692 11.551498
12.899998135 13.107946
11.1 11.253586
13.487216143 13.395164
13.500007822 12.69452
11.800000504 11.713246
11.1 11.231117
11.599999679 11.709376
11.999998417 11.957556
12.1 12.310553
13.99997427 13.202642
12.702059991 11.096931
11.300000237 11.339709
11.900000875 11.571825
12.1 11.90317
12.1 12.582144
10.300000031 10.811072
11.900000875 12.043671
11.200000128 11.257448
11.699999383 11.682394
11.800000504 11.737682
11.500000186 11.567508
11.500000186 11.692951
11.999998417 11.787494
11.1 11.12556
11.300000237 11.446235
11.869551079 12.238201
11.300000237 11.423939
13.1 13.033638
11.400000202 11.658361
11.800000504 11.649909
11.1 11.057357
11.1 11.11043
11.200000128 11.237523
11.1 11.057145
10.300000031 10.275297
10.702059991 10.703181
11.999998417 12.003816
12.299998172 12.202429
11.599999679 11.775233
10.401029995999998 10.5651245
11.500000186 11.750085
11.900000875 11.710792
12.1 11.271669
11.500000186 11.499135
10.1 10.333102
11.699999383 11.885568
11.400000202 11.433472
11.999998417 11.842329
11.800000504 12.255131
11.999998417 12.004357
11.200000128 11.215438
11.900000875 11.975282
11.800000504 11.6928005
11.500000186 11.527405
11.999998417 12.026171
11.1 11.146069
11.1 11.528485
11.699999383 11.746134
11.400000202 11.214613
10.078810700999998 9.996709
11.800000504 11.738442
11.599999679 11.597164
11.200000128 11.178077
11.300000237 11.365246
11.999998417 12.5332365
11.500000186 11.464258
11.300000237 11.719667
11.400000202 11.21703
11.500000186 11.508135
11.699999383 11.72999
11.1 11.172095
10.702059991 10.74845
11.427902142 11.556658
12.899998135 13.30305
11.800000504 11.754538
11.999998417 11.948797
13.399988938 12.662842
11.300000237 11.258521
13.299970641 12.687955
12.1 12.35614
11.1 11.150996
10.499999968 10.792724
11.300000237 11.714652
11.599999679 11.52428
11.699999383 11.583747
11.1 11.139868
10.798970004 11.39348
13.600038134 13.108398
11.1 11.11231
11.1 11.746236
11.800000504 11.810378
11.200000128 11.254244
12.199999035 12.117756
11.200000128 11.205144
11.900000875 11.799818
13.1 12.725983
11.900000875 11.864536
11.200000128 11.336853
11.1 11.066946
11.500000186 11.451489
11.1 11.101582
12.699997654 12.37557
11.1 11.120638
11.200000128 11.370191
11.200000128 11.22573
13.200015437 12.982454
10.400000029 11.885755
11.1 11.131005
11.699999383 11.713106
11.900000875 11.894869
10.200000019 10.601535
11.200000128 11.238056
12.1 12.0230465
11.1 11.145899
11.200000128 11.231194
11.200000128 11.152541
11.500000186 11.478967
13.600038134 13.637466
11.200000128 11.191041
12.199999035 12.226715
13.500007822 12.767299
11.200000128 11.2173605
11.500000186 11.469629
11.800000504 11.834123
11.800000504 11.781517
11.800000504 11.835936
11.400000202 11.531886
11.300000237 11.335958
11.599999679 11.73176
11.900000875 11.939122
11.200000128 11.18166
11.599999679 11.390021
11.900000875 11.848494
11.200000128 11.305603
11.020818754 11.146439
12.299998172 12.636449
9.702059991 9.858488
12.299998172 12.150272
11.400000202 11.307001
11.300000237 11.388469
11.500000186 11.1862
12.1 12.027533
12.299998172 11.919188
11.200000128 10.827435
11.699999383 11.50798
11.1 11.09033
11.200000128 11.284042
12.799991797 13.463175
11.800000504 11.793949
11.699999383 11.710638
11.599999679 11.669817
10.1 10.314711
11.568521083 11.4573765
9.798970004 10.160321
11.800000504 11.842541
11.329147988 11.419645
12.699997654 12.289488
11.200000128 11.227692
10.923908741 11.171652
13.8000571 12.839237
11.300000237 11.417414
11.500000186 11.47831
11.500000186 11.511118
10.1 10.404649
11.400000202 11.408679
11.800000504 11.751983
10.200000019 11.0235405
11.400000202 11.740011
11.599999679 11.722534
11.300000237 11.272125
11.200000128 11.244245
11.500000186 11.613719
12.499996913 12.320936
11.900000875 11.920976
11.300000237 11.361929
11.800000504 11.854584
11.1 11.109171
12.699997654 12.24498
10.47675071 10.552317
11.1 11.119299
13.899970733 13.199397
11.500000186 11.566268
12.599996932 12.384569
11.500000186 11.539831
11.200000128 11.525666
13.500007822 12.154976
13.1 13.578964
12.877283529 12.420433
10.700000074999998 10.602775
10.702059991 11.292208
11.200000128 11.462748
11.800000504 11.782791
11.500000186 11.290486
11.300000237 11.298927
11.599999679 11.35624
11.800000504 11.86265
10.622878745 10.56646
11.999998417 12.065179
11.900000875 12.043071
11.500000186 11.761351
11.300000237 11.328935
11.543697499 11.962898
11.400000202 11.412064
12.399997603 11.984117
11.599999679 10.493759
11.800000504 11.795767
12.199999035 11.673483
11.200000128 11.27692
11.800000504 11.94632
11.1 11.206659
11.1 10.958813
12.199999035 12.223094
11.200000128 11.373777
11.400000202 11.570101
14.1 13.792047
11.500000186 11.248772
11.699999383 11.560183
11.520216403 11.183971
11.300000237 11.770363
11.1 11.834995
13.899970733 13.271334
12.199999035 12.211374
11.500000186 11.562552
11.300000237 11.449969
11.800000504 13.106529
13.299970641 12.49827
11.200000128 11.215541
11.900000875 11.821285
11.699999086 12.097389
11.400000202 11.849009
11.900000875 11.926985
11.800000504 11.68966
11.800000504 11.837183
11.400000202 11.239105
12.543697499 12.366025
12.1 12.211795
11.999998417 12.242642
11.200000128 11.395304
12.555931956 12.547215
11.200000128 11.210842
11.300000237 11.277647
12.499996913 11.821083
12.248741651 13.452316
11.300000237 11.3436775
11.500000186 11.69873
11.300000237 11.862112
11.300000237 11.304461
11.400000202 11.432989
11.200000128 11.315149
14.400162274 13.397276
12.299998172 11.905462
11.1 11.133255
11.300000237 11.463831
10.622878745 10.689949
11.800000504 11.832535
11.500000186 11.465563
10.499999968 10.491002
11.300000237 11.341533
11.200000128 11.213953
11.900000875 11.241165
11.900000875 11.834248
11.200000128 11.278604
11.1 11.069839
11.200000128 11.808985
11.900000875 12.0269375
11.1 11.105707
11.1 11.096621
11.200000128 11.468019
11.900000875 11.908583
11.200000128 11.207317
10.200000019 10.175838
11.400000202 11.653775
11.500000186 11.695272
11.200000128 11.298986
12.199999035 11.937898
11.1 11.236532
11.500000186 11.220377
11.900000875 11.797397
11.300000237 12.180102
11.400000202 11.489716
11.900000875 12.097242
11.900000875 11.513656
11.699999383 11.863088
11.699999383 11.2574415
11.900000875 12.200834
11.300000237 11.319778
11.300000237 11.579935
13.500007822 13.14481
11.200000128 11.282669
11.699999383 11.712197
13.600038134 13.072407
10.1 11.269352
14.568521083 14.0194645
12.899998135 11.724779
11.200000128 11.150208
11.500000186 11.45222
12.499996913 12.061277
11.1 11.061344
10.702059991 10.846031
11.900000875 11.7946205
11.800000504 11.778711
12.1 12.246407
11.200000128 11.4977455
11.200000128 11.205918
11.900000875 11.889178
11.500000186 11.626418
14.1 14.20912
13.299970641 12.844673
11.800000504 12.114478
11.599999679 11.655555
11.500000186 12.956951
11.821246399 11.370016
11.1 11.550427
9.401029995999998 9.4423065
11.500000186 11.422556
11.400000202 11.514381
11.800000504 11.709549
11.900000875 11.667593
12.199999035 11.616057
13.191514981 13.049424
12.1 11.4444275
12.668636236 12.84508
11.1 11.128539
11.599999679 11.608124
12.699997654 12.296161
11.900000875 11.907147
11.500000186 11.528768
11.1 11.344
11.800000504 11.550589
12.1 11.699083
11.500000186 11.776792
13.600038134 12.642816
11.599999679 11.795161
11.800000504 11.798712
11.400000202 11.279094
11.900000875 11.860544
11.699999383 11.478001
11.900000875 11.942908
11.1 11.149536
11.400000202 11.598337
11.500000186 11.606462
11.200000128 11.413353
11.300000237 11.339023
11.183019953 12.06985
12.799991797 12.154842
11.900000875 11.874525
11.1 11.712374
13.699980365 12.847055
12.899998135 11.778074
11.1 11.573797
11.180921908 11.180066
13.699980365 13.336594
11.1 11.175604
11.300000237 11.320735
10.622878745 11.313808
11.1 11.08205
10.401029995999998 10.883597
11.1 11.202624
12.499996913 12.349792
11.999998417 11.940607
11.599999679 11.6343775
11.699999383 11.668791
11.800000504 11.823757
11.300000237 11.200035
11.1 11.146639
11.300000237 11.401278
11.400000202 11.318466
13.000008766 13.072424
13.1 12.875473
10.700000074999998 10.683451
11.719788758 12.102846
11.200000128 11.213135
12.599996932 12.250582
12.199999035 12.335551
11.1 11.159183
11.900000875 11.961883
11.900000875 11.984589
11.500000186 11.624647
11.599999679 15.119241
10.622878745 10.628887
11.1 11.266639
11.800000504 11.778201
11.699999383 11.686358
11.800000504 11.821015
11.800000504 11.814527
12.199999035 11.916885
11.999998417 12.107782
14.299970641 13.436477
11.599999679 11.871596
11.1 11.397683
11.699999383 11.761412
11.800000504 11.673017
11.900000875 11.876119
11.900000875 11.926965
11.999998417 11.944248
12.699997654 12.427455
10.497940009 11.453431
11.200000128 11.41183
11.800000504 11.5215225
10.700000074999998 11.225241
13.497940009 13.436039
9.122276395 10.154928
11.1 11.507877
12.899998135 11.679357
11.400000202 11.427484
11.1 11.211908
11.900000875 11.870839
12.399997603 11.806231
11.900000875 11.926675
11.400000202 11.449116
11.400000202 11.394692
11.124064221 11.511838
11.900000875 11.916841
11.500000186 11.577169
11.497940009 11.564231
11.599999679 11.943445
12.599996932 12.82782
11.200000128 11.759232
11.500000186 11.668548
10.702059991 10.656727
11.1 11.437409
11.1 11.146645
11.500000186 11.516129
11.200000128 11.403498
12.299998172 12.047413
11.1 11.557863
12.299998172 11.618652
11.699999383 11.849843
14.299970641 13.219977
11.800000504 11.6711645
13.299970641 12.640366
11.200000128 11.502452
11.200000128 11.149114
10.401029995999998 10.963452
10.702059991 10.771244
12.899998135 12.937262
11.300000237 11.521383
11.200000128 11.408217
11.1 11.219888
12.599996932 11.692587
10.1 10.443166
11.1 11.099376
11.200000128 11.245714
11.200000128 11.235056
12.399997603 12.712032
12.299998172 12.1505995
11.500000186 11.51517
11.200000128 11.424318
11.1 11.128572
11.800000504 11.655746
12.1 11.646509
11.798970004 12.648289
12.1 12.169394
11.800000504 11.676395
10.58148606 11.430888
11.1 11.275563
11.900000875 11.912779
12.199999035 11.788721
11.200000128 11.200558
12.1 11.931364
11.500000186 11.581596
11.699999086 12.638157
14.400162274 12.917445
12.799991797 12.211582
13.299970641 12.034946
10.594850022 10.46249
12.399997603 11.691655
12.899998135 12.635699
11.500000186 11.483596
11.300000237 11.316537
11.500000186 11.437527
11.200000128 11.692092
12.499996913 11.547571
12.799991797 11.940373
12.799991797 12.660099
11.200000128 11.200823
13.1 12.507695
11.200000128 11.151391
10.798970004 10.79115
12.299998172 12.395519
11.900000875 11.829057
11.599999679 12.458975
11.800000504 11.753795
11.1 11.102124
11.900000875 12.001372
11.500000186 11.443345
11.800000504 11.832426
11.900000875 11.920891
11.900000875 11.77238
11.500000186 11.261931
11.699999383 11.840086
13.899970733 13.8228035
12.399997603 12.238125
11.300000237 11.30821
11.200000128 11.19387
11.400000202 12.38421
12.299998172 12.175467
11.200000128 11.235673
11.999998417 11.941043
11.300000237 11.60948
11.800000504 11.812754
11.900000875 11.792221
11.999998417 11.345313
13.1 13.461203
11.699999383 11.697444
11.699999383 11.604131
11.800000504 11.85013
11.379818756 11.35315
10.1 10.278911
9.702059991 10.35074
11.800000504 11.793781
10.798970004 10.29983
13.8000571 13.507799
13.99997427 13.596458
11.400000202 11.43873
11.300000237 11.263211
11.200000128 11.328918
11.300000237 11.274518
11.999998417 12.179727
13.652841969 13.480761
11.200000128 11.284777
11.300000237 11.381017
11.1 11.311551
11.999998417 11.909776
11.200000128 11.215742
11.699999383 11.873459
10.622878745 10.7054205
11.300000237 11.097941
11.800000504 12.408724
10.1 10.102247
11.300000237 11.279747
11.1 11.11627
11.1 11.15751
11.999998417 11.885967
12.1 12.002222
12.499996913 12.411207
11.900000875 11.889952
13.129657221 13.141409
11.300000237 11.3968525
12.699997654 12.204203
11.500000186 11.425405
11.300000237 11.374733
11.200000128 11.27795
11.400000202 11.514241
11.800000504 11.95788
11.400000202 11.541932
12.738272164 12.576956
12.899998135 12.624985
15.1 13.651748
12.299998172 11.766748
11.25490196 11.684129
11.699999383 11.922365
12.1 11.750412
13.821246399 12.736827
13.399988938 12.817729
11.200000128 11.38436
10.1 10.122699
11.699999383 11.794763
11.1 11.290425
10.499999968 10.789546
11.699999383 11.354339
14.1 13.967556
11.200000128 11.250275
11.900000875 11.934179
11.1 11.147575
11.1 11.418478
11.608638306 10.812865
11.300000237 11.306165
11.400000202 11.265286
11.1 11.085717
11.800000504 11.690487
11.400000202 11.523123
15.32184875 13.835526
11.599999679 11.2162695
11.1 11.174925
11.1 11.139497
10.1 11.823618
11.500000186 11.633396
11.800000504 11.688306
13.299970641 12.622722
11.699999383 11.355775
11.200000128 11.833002
11.800000504 11.853397
13.000008766 12.223954
11.599999679 11.37066
13.399988938 12.787425
12.299998172 11.644811
11.599999679 11.469591
11.200000128 11.207102
11.699999383 11.86395
11.200000128 11.218338
11.599999679 11.5058775
11.1 11.221023
12.699997654 13.052681
13.1 11.924566
13.699980365 13.598122
11.999998417 12.013953
11.500000186 11.637395
11.500000186 11.732075
11.900000875 11.566771
11.500000186 12.458733
11.200000128 11.296778
13.399988938 12.008152
11.699999383 11.679328
11.200000128 11.226289
11.1 11.106733
11.138578906 11.5037
11.300000237 11.290678
13.043095149 13.211315
11.200000128 11.219241
11.900000875 11.954065
10.1 10.400115
10.300000031 10.527146
11.1 11.073524
11.300000237 11.418003
11.1 11.20283
11.200000128 11.24485
11.400000202 11.297775
11.500000186 11.482387
11.900000875 11.793109
11.200000128 11.267421
11.1 11.098608
12.399997603 12.390825
11.900000875 11.962977
11.500000186 11.631872
10.800000069 10.691676
11.200000128 11.264387
11.558420756 11.5004425
11.200000128 11.237818
11.900000875 11.994755
11.699999383 11.821808
11.1 11.536497
13.399988938 14.055979
11.200000128 11.383258
13.99997427 13.666923
13.299970641 12.40146
12.899998135 12.312601
11.200000128 11.208102
11.300000237 11.463143
10.1 10.153793
11.500000186 11.627861
12.799991797 12.830595
11.599999679 11.567188
12.299998172 12.099336
11.1 11.59101
12.199999035 11.493451
11.999998417 11.713715
11.300000237 11.571394
11.599999679 11.852917
13.000008766 12.143595
11.500000186 11.410678
11.200000128 11.555101
11.800000504 12.015972
11.999998417 11.741386
11.200000128 11.281494
11.900000875 11.872192
11.999998417 12.262836
11.200000128 11.351646
11.999998417 11.999639
11.400000202 11.466541
11.200000128 11.577691
12.299998172 11.951646
11.800000504 11.589446
11.699999383 11.717352
11.300000237 11.334732
11.710833916 11.733209
11.699999383 11.908602
11.400000202 11.374279
11.108773924 11.275716
11.900000875 11.582298
11.500000186 11.429447
11.900000875 11.949153
11.400000202 11.64822
11.200000128 11.226239
11.200000128 11.283043
11.800000504 12.06343
13.699980365 11.231443
11.300000237 11.307739
11.200000128 11.226887
11.200000128 11.180297
13.1 13.357439
11.400000202 11.300988
11.200000128 11.430117
11.200000128 11.135019
12.399997603 12.208723
11.900000875 11.723438
11.900000875 13.404779
11.400000202 11.380555
11.400000202 11.48404
11.900000875 11.7916975
10.702059991 10.703659
11.1 11.539375
12.599996932 12.291942
11.200000128 11.27465
11.1 11.133846
11.1 11.384583
10.622878745 10.733869
14.401029996 12.434782
13.299970641 13.054925
11.800000504 11.7143
10.1 10.450659
11.1 11.142431
11.500000186 11.501008
11.500000186 11.385697
14.600312917 13.33554
11.900000875 11.873035
10.400000029 10.561853
11.800000504 11.584396
11.400000202 11.315382
11.300000237 11.36878
10.622878745 10.702042
10.702059991 10.757756
12.081299501 12.011274
11.200000128 11.219269
11.300000237 11.998371
10.700000074999998 11.512772
11.300000237 11.248926
11.900000875 11.917965
12.699997654 13.836531
11.699999383 12.768395
11.900000875 12.040803
11.699999383 11.39475
11.300000237 11.27113
12.299998172 12.227471
11.800000504 11.555726
11.555931956 11.092864
11.599999679 11.65081
11.200000128 11.331862
11.1 11.174906
12.299998172 12.383863
12.399997603 12.238232
13.600038134 13.721681
11.400000202 11.549875
11.599999679 11.619961
11.500000186 11.751411
11.1 11.235325
11.400000202 11.275599
11.500000186 11.44875
11.699999383 11.670186
14.1 14.324446
14.1 14.038538
11.300000237 11.330019
11.200000128 11.207119
11.200000128 11.200033
11.531798276 10.836859
10.300000031 10.700557
11.200000128 11.175515
11.300000237 11.3420925
12.1 11.986845
11.200000128 11.343324
11.200000128 11.427325
11.300000237 11.315784
11.400000202 11.044098
11.599999679 11.787905
11.1 11.442404
11.599999679 11.760182
11.1 11.09223
11.999998417 12.057711
11.200000128 11.221864
11.800000504 11.793136
13.299970641 12.618191
11.401029996 11.077786
11.200000128 11.142567
11.400000202 11.453929
11.599999679 11.457983
11.1 11.043167
10.986056648 11.609084
11.500000186 11.6052475
11.200000128 11.197247
10.200000019 10.473045
11.800000504 11.798801
11.900000875 12.411624
11.200000128 11.31038
12.199999035 12.089713
11.300000237 11.2801895
11.702686309 11.7163105
12.199999035 11.786413
12.399997603 12.225014
13.99997427 12.963955
11.200000128 11.242771
11.999998417 11.369011
11.999998417 11.5800495
11.200000128 11.301938
11.500000186 11.644001
13.1 13.09513
11.900000875 11.857565
11.1 11.197658
11.200000128 11.292749
11.200000128 11.229596
11.599999679 12.2079735
13.000008766 12.707423
11.200000128 11.647774
11.900000875 11.899309
13.117728767 13.285305
11.400000202 11.286411
13.1 12.327776
13.043095149 13.20779
11.999998417 11.651008
10.401029995999998 10.4217005
12.299998172 12.003771
11.1 11.110637
11.1 11.284514
10.400000029 10.829411
11.261150909 11.6677685
11.800000504 11.881748
11.200000128 11.199293
10.300000031 10.36764
11.800000504 12.264231
11.1 11.231348
11.200000128 11.208016
11.400000202 11.371235
11.500000186 11.826887
13.15542128 13.400753
10.622878745 10.539168
11.1 11.432373
12.299998172 12.217758
11.400000202 11.548258
11.699999383 11.909818
11.1 11.120705
11.500000186 11.501203
12.799991797 12.1225605
11.1 11.111024
11.900000875 11.779927
11.200000128 11.422486
10.798970004 11.031351
11.300000237 11.424223
11.300000237 11.48267
11.699999383 11.596201
11.400000202 11.480967
12.499996913 11.714491
11.356133347 11.239389
11.999998417 11.949559
12.199999035 12.126483
11.400000202 11.206421
11.900000875 11.6919775
11.1 11.287181
11.599999679 11.463706
14.999629455 13.367191
12.399997603 11.913061
11.599999679 11.770559
11.500000186 11.254344
11.400000202 11.713121
11.800000504 12.133669
10.622878745 10.693414
11.200000128 11.225561
11.1 11.179105
11.599999679 11.439329
11.500000186 11.448201
11.1 11.133217
12.1 11.62328
11.200000128 11.325178
11.500000186 11.5292635
11.699999383 11.618884
11.1 11.100071
11.300000237 11.377813
11.1 11.212416
11.699999383 11.639959
11.500000186 11.532763
11.300000237 11.361774
11.999998417 11.946539
10.200000019 10.506168
12.199999035 12.474674
10.702059991 10.748904
12.299998172 11.590048
11.800000504 11.677015
13.8000571 12.818676
12.299998172 12.043478
11.400000202 11.848847
11.1 11.288594
11.1 11.250296
13.200015437 12.1803875
11.400000202 11.456117
12.499996913 11.59138
12.199999035 12.069188
11.200000128 11.351871
11.699999383 11.802566
11.196910013 11.027831
12.499996913 11.615248
11.900000875 12.032624
11.699999383 11.942665
11.800000504 11.8619
11.200000128 11.229201
11.200000128 11.20979
11.999998417 12.236315
11.1 11.13932
11.1 11.086929
11.400000202 11.386175
11.400000202 11.347708
11.1 11.107303
11.900000875 11.899115
13.359637311 12.958147
11.798970004 12.033762
11.200000128 11.193408
13.180921908 13.082188
11.200000128 11.161159
11.900000875 11.695235
11.999998417 12.2492
11.200000128 11.312584
11.500000186 11.738793
11.1 11.36899
11.500000186 11.545281
11.196910013 11.442332
11.699999383 11.883553
10.1 10.245289
11.500000186 11.706123
11.1 10.614455
11.200000128 11.201202
11.800000504 11.433887
11.900000875 12.016129
11.200000128 11.4525795
11.400000202 11.306296
11.800000504 11.716463
10.900000053 11.00371
11.500000186 11.481195
11.599999679 11.625847
11.300000237 11.408476
10.702059991 10.65933
10.1 10.160321
11.400000202 11.60979
11.599999679 11.6710205
11.999998417 11.366253
11.900000875 11.952755
11.200000128 11.214125
12.899998135 12.196494
11.200000128 11.848209
10.627243551 10.792772
11.599999679 11.600954
11.300000237 11.654116
11.699999383 11.738926
10.678396073 11.160466
11.800000504 11.779129
12.799991797 12.313456
11.800000504 11.761822
11.300000237 11.26955
11.400000202 11.424811
12.699997654 12.49988
11.1 10.936167
11.999998417 11.921407
11.400000202 11.959873
11.599999679 11.48732
11.500000186 11.806942
11.500000186 11.471456
11.900000875 11.907915
11.1 11.721311
10.497940009 10.567334
11.1 11.1313715
11.599999679 11.604862
11.200000128 11.25782
11.1 11.436609
12.1 12.103279
13.99997427 13.304726
11.400000202 11.286239
11.300000237 11.341654
11.800000504 11.898201
12.299998172 12.329907
11.800000504 11.788287
11.699999383 11.780541
9.47675071 10.243088
11.500000437 11.579981
11.200000128 11.292231
12.299998172 11.905448
11.500000186 11.423695
11.800000504 11.996645
11.1 11.117735
11.599999679 11.717197
11.200000128 11.230155
11.999998417 11.8646145
11.1 11.088974
12.599996932 13.074712
11.800000504 11.757053
11.300000237 11.282203
12.399997603 11.828218
11.400000202 11.416279
13.899970733 13.053788
10.58940535 11.1831
11.800000504 11.739695
11.400000202 11.40402
11.900000875 11.862408
12.399997603 12.077841
11.800000504 11.660869
13.136212173 12.911068
13.1 12.258069
11.1 10.950531
11.200000128 11.19307
11.800000504 11.8320465
11.300000237 11.440449
11.200000128 11.241737
11.300000237 11.6745825
11.699999383 11.675524
11.300000237 11.395021
11.900000875 11.854881
11.300000237 11.411018
13.699980365 13.994849
11.200000128 11.429727
11.999998417 11.980774
13.899970733 12.70141
11.900000875 11.742432
12.599996932 11.599466
11.500000186 11.618384
11.212469432 11.217508
11.900000875 11.886827
11.1 11.322739
11.200000128 11.329838
11.900000875 11.836364
11.599999679 11.816713
11.699999383 11.699561
11.400000202 11.614849
11.900000875 11.750894
11.500000186 11.454483
11.000000142 11.576042
11.599999679 11.741436
12.1 13.083238
12.299998172 11.900961
11.500000186 11.586233
11.200000128 11.149633
11.1 11.126294
12.1 11.973866
11.400000202 11.31646
11.91276138 11.427141
13.200015437 13.036548
11.122276395 11.461516
11.800000504 11.7364235
11.500000186 11.5294075
11.1 11.587133
11.200000128 11.304202
12.1 11.6796875
13.58148606 13.458776
10.622878745 11.14929
12.499996913 12.224177
12.799991797 11.7782755
12.797429394 11.575703
11.500000186 11.59773
11.1 11.026862
11.800000504 11.819176
11.200000128 11.60832
12.699997654 12.195538
11.699999383 11.6245575
12.599996932 12.289202
11.999998417 12.021273
10.800000069 10.577336
11.800000504 11.797842
11.900000875 11.627985
11.500000186 11.477399
10.800000069 11.031424
11.300000237 11.296968
11.900000875 11.245904
11.400000202 11.369432
11.599999679 11.550138
11.400000202 11.346188
12.702059991 14.173029
11.1 11.143561
11.599999679 11.749819
11.200000128 11.1697445
11.25490196 11.239049
11.200000128 11.221518
11.999998417 12.2717285
11.1 11.035709
12.039679971 11.582811
13.899970733 12.110435
11.699999383 11.550192
12.299998172 12.070023
13.685026652 13.172167
11.1 11.10778
11.699999383 11.60873
11.900000875 11.990077
11.400000202 11.445771
11.200000128 11.28732
11.900000875 12.103302
11.999998417 11.967007
11.400000202 11.370359
11.1 11.865057
14.400162274 13.874034
11.200000128 11.233812
12.699997654 11.921456
12.499996913 11.6168995
11.900000875 11.839204
13.200015437 12.699621
11.699999383 11.828167
14.798970004 14.496621
14.600312917 12.65683
11.1 11.160272
11.200000128 11.2503395
12.199999035 12.743213
11.900000875 11.853421
11.900000875 11.550697
11.300000237 11.459114
11.1 11.271694
11.200000128 11.364473
13.1 13.447031
11.200000128 11.184546
12.199999035 11.918682
11.500000186 11.542433
11.599999679 11.747186
11.999998417 11.779821
11.1 11.043026
11.200000128 11.200509
12.699997654 12.069306
14.999629455 14.892511
11.500000186 11.558935
11.1 11.112044
11.200000128 11.142926
11.400000202 11.349958
11.500000186 11.420218
12.835182177 12.836439
15.299970641 14.381285
11.599999679 11.547802
14.1 14.669159
11.654827148 11.807531
11.1 11.21579
11.400000202 11.436342
11.300000237 11.451324
11.200000128 11.367432
11.300000237 11.303152
11.200000128 11.680098
11.1 11.176132
12.199999035 12.448185
11.400000202 11.384417
11.800000504 11.828679
13.456547324 11.455334
11.1 11.299748
13.40180658 13.420638
11.200000128 11.232176
11.400000202 11.4629
12.499996913 11.632703
13.531798276 12.385214
11.599999679 12.086905
11.1 11.121944
11.1 11.176791
11.1 11.144581
11.336572006 11.352891
11.599999679 11.771443
11.500000186 11.334964
13.1 12.212845
11.200000128 11.2135105
11.500000186 11.534958
11.200000128 11.176796
12.199999035 12.477606
11.000000142 10.607793
12.499996913 11.827599
11.800000504 11.8432255
11.699999383 11.710406
11.200000128 11.2725315
11.200000128 11.247868
12.299998172 12.219452
10.568521083 11.449111
11.900000875 11.858249
11.800000504 11.894333
11.1 11.295176
11.1 11.154715
10.499999968 10.638573
11.900000875 11.869719
15.1 13.190769
11.500000186 11.319465
11.800000504 11.920613
11.400000202 11.423202
11.800000504 11.840928
11.300000237 11.307574
10.895880017 10.832358
11.200000128 11.22842
13.1 12.362108
11.1 11.343931
11.999998417 11.564221
11.900000875 11.543795
11.1 11.28381
11.699999383 11.801334
10.293820026 10.379785
11.699999383 11.691482
11.300000237 11.685356
11.1 11.210815
11.200000128 11.569728
11.1 11.246779
11.900000875 11.859905
11.1 11.131482
11.200000128 11.221605
11.599999679 12.059968
11.1 10.98012
11.900000875 11.930869
10.627243551 10.791426
11.500000186 11.8851385
11.599999679 11.440368
11.1 11.101933
11.900000875 11.840132
11.300000237 11.30968
11.300000237 11.303127
11.200000128 11.667097
11.1 10.715456
11.300000237 11.290281
11.400000202 11.577777
11.1 11.242739
11.200000128 11.236322
11.200000128 11.328889
11.543697499 11.683935
11.699999383 11.869922
11.300000237 11.371859
11.800000504 11.444807
11.400000202 11.511014
11.1 11.208484
13.1 13.047213
11.300000237 11.582794
12.699997654 12.226326
11.200000128 11.296323
11.900000875 11.966476
13.000008766 12.020231
13.500007822 12.0990305
11.599999679 11.572983
11.900000875 11.8783245
11.200000128 11.341687
10.854487332 11.875095
11.900000875 11.612455
11.599999679 11.615314
11.1 11.099571
11.900000875 11.667897
11.300000237 11.410352
11.599999679 11.820377
11.900000875 12.166589
9.497940009 9.5837145
11.900000875 11.929655
11.500000186 11.663965
11.599999679 11.962441
11.300000237 11.294616
11.1 11.10701
11.800000504 11.997454
11.200000128 11.304178
11.500000186 11.521683
12.199999035 12.072159
11.999998417 11.873116
11.900000875 11.860744
11.200000128 11.46797
11.900000875 11.9928875
13.699980365 13.115521
11.599999679 11.633859
11.200000128 11.229553
11.599999679 12.193422
11.500000186 11.651749
13.000008766 12.5756235
11.599999679 11.615879
11.300000237 11.312673
10.798970004 11.4810705
11.145757491 11.126946
11.200000128 11.223259
12.899998135 12.154322
11.699999383 11.796051
11.800000504 11.881501
11.800000504 11.86846
13.777780705 13.0702
11.200000128 11.254811
13.699980365 12.99958
11.200000128 11.3499155
11.1 11.249645
13.200015437 12.534573
12.899998135 12.450459
11.500000186 11.474871
14.1 12.941598
11.900000875 11.940105
11.900000875 11.935513
11.599999679 11.594231
10.1 10.41525
12.599996932 12.8979435
11.800000504 12.235491
11.200000128 11.214744
11.900000875 11.787853
11.900000875 11.874074
11.500000186 11.469586
12.393282218 12.560833
11.500000186 11.77177
12.199999035 11.48432
10.800000069 11.02876
11.1 11.827148
11.900000875 11.914431
11.1 11.278999
12.1 12.209197
11.200000128 11.264871
12.399997603 12.267854
11.300000237 11.482968
14.300659451 13.929109
11.999998417 11.690607
11.200000128 11.223993
11.999998417 13.744309
11.599999679 11.542709
13.1 11.395475
11.1 11.169153
11.1 11.025435
11.1 11.170285
11.500000186 11.637045
11.699999383 11.546046
11.1 11.150843
13.986056648 13.437156
11.200000128 11.181685
12.299998172 11.814117
11.699999383 12.024797
11.999998417 11.80902
11.599999679 11.732907
11.400000202 11.453121
11.900000875 11.908579
11.200000128 11.325485
11.300000237 11.331761
11.800000504 11.730424
11.699999383 11.6274395
11.999998417 11.499805
11.599999679 11.750487
11.900000875 11.721568
12.010094889 12.777744
15.079303657 14.768167
11.1 11.373935
11.699999383 11.761493
10.702059991 10.680491
11.400000202 11.255966
11.1 11.133777
11.400000202 11.705171
12.699997654 11.47769
11.615700161 11.885166
11.599999679 11.572814
13.8000571 13.421556
12.699997654 11.539719
11.900000875 11.950615
11.200000128 11.349715
11.200000128 11.325205
11.699999383 11.753286
11.900000875 11.886643
10.497940009 12.498982
12.1 12.132804
11.900000875 11.918619
11.999998417 11.581284
12.299998172 12.128891
14.798970004 13.925018
12.299998172 11.7933
11.200000128 11.183998
11.599999679 11.33802
10.401029995999998 11.040556
11.200000128 11.206325
12.599996932 14.598631
11.500000186 11.538049
13.99997427 14.27888
12.058607315 10.486364
11.200000128 11.217069
13.500007822 13.167928
11.599999679 11.415163
11.300000237 11.84944
11.900000875 11.883028
11.699999383 11.682605
11.800000504 11.935422
11.699999383 11.237727
11.200000128 11.6368885
11.1 11.121727
11.200000128 11.169744
11.200000128 11.278227
12.950006546 11.358925
11.200000128 11.548067
11.175305061 11.262184
11.599999679 11.780298
11.900000875 12.058083
11.200000128 11.5716305
11.200000128 11.280102
11.953871964 12.645308
11.599999679 11.166802
11.500000186 11.508869
11.799999048 11.962071
11.800000504 11.584578
11.800000504 11.672342
13.000008766 12.971436
11.999998417 12.323308
11.400000202 11.541508
11.200000128 11.200866
11.1 11.262465
12.399997603 12.591083
13.99997427 13.547901
11.1 11.14105
11.300000237 11.347516
14.600312917 13.931004
11.400000202 11.854864
10.401029995999998 11.245657
13.699980365 13.25865
11.800000504 11.774958
10.622878745 10.606002
11.200000128 11.2312
10.700000074999998 10.567325
11.900000875 12.226539
10.497940009 11.704883
11.300000237 11.3959465
12.200179498 12.498788
12.499996913 12.014566
11.599999679 11.447639
11.400000202 11.425094
11.599999679 11.611477
11.999998417 11.903959
12.199999035 12.049635
11.300000237 11.370234
11.300000237 11.518893
11.800000504 11.64991
11.200000128 11.110294
11.200000128 11.388958
11.900000875 11.885108
11.999998417 12.176748
12.1 11.744435
11.999998417 11.947383
11.500000186 11.514704
11.999998417 12.539794
11.200000128 11.147966
11.200000128 11.145235
11.900000875 11.901268
11.1 11.241748
10.702059991 10.796715
10.702059991 11.945885
11.200000128 11.318071
11.1 11.582325
12.299998172 12.041337
12.299998172 11.791859
11.200000128 11.211
11.549999209 11.761164
11.599999679 11.633259
13.600038134 12.780335
11.1 11.094823
11.1 11.178617
11.800000504 11.777828
11.120479304 11.129325
12.399997603 12.052654
11.599999679 11.692979
11.1 11.617468
11.900000875 12.11846
11.900000875 11.85073
11.300000237 11.367901
11.1 11.130613
11.300000237 11.42342
11.1 11.135106
11.900000875 12.093244
11.500000186 11.701944
11.200000128 11.160699
13.600038134 13.395354
11.800000504 12.214899
14.553289157 12.505244
12.199999035 11.84004
11.213943352 11.444634
12.399997603 11.933527
11.800000504 11.81897
11.900000875 11.825443
13.299970641 13.050229
11.200000128 11.351852
10.655955204 11.069774
11.1 11.072159
11.699999383 11.741564
11.500000186 11.531622
11.800000504 11.784761
11.200000128 11.256036
14.020818754 14.16571
11.699999383 11.535985
12.1 12.112283
10.300000031 10.608974
11.800000504 11.3093405
14.798970004 14.754296
11.900000875 11.914054
11.300000237 11.306033
11.999998417 11.501691
11.1 11.528081
11.699999383 11.645414
11.1 11.115438
12.599996932 12.188362
11.300000237 11.315595
11.500000186 11.532118
12.299998172 12.062656
11.999998417 12.000006
11.200000128 11.428934
13.299970641 13.567865
11.800000504 11.614157
11.300000237 11.401336
11.699999383 11.200947
12.1 11.615421
11.900000875 11.861797
11.999998417 12.583689
13.399988938 12.754408
11.800000504 11.836298
13.1 12.312338
11.300000237 11.267809
12.299998172 11.980508
11.1 11.463033
11.200000128 11.240684
11.900000875 11.920016
11.200000128 11.057535
11.300000237 11.307789
11.1 10.956642
13.25490196 11.914917
13.200015437 12.369632
11.500000186 11.44153
13.643358049 13.539688
11.400000202 11.412161
11.999998417 11.946379
12.899998135 12.585537
11.200000128 12.355921
11.900000875 11.87447
11.699999383 11.738417
11.699999383 11.723898
11.1 11.060187
11.900000875 11.905129
11.900000875 11.947663
11.500000186 11.363216
12.699997654 13.027457
11.599999679 11.655255
11.200000128 11.238991
12.793686801 12.542847
11.599999679 11.759045
11.500000186 11.465492
11.200000128 11.707239
11.500000186 11.567045
12.299998172 11.688285
11.1 11.329287
12.599996932 12.110294
11.900000875 11.83711
11.200000128 11.255095
11.900000875 11.915559
11.889032637 11.903665
11.500000186 12.011982
11.1 11.111293
11.400000202 11.382049
12.199999035 12.163056
12.399997603 12.136629
11.500000186 11.721887
11.800000504 11.925934
11.699999383 11.775356
11.500000186 11.657684
13.000008766 12.244279
11.800000504 11.774
11.900000875 11.894405
11.900000875 11.849116
10.702059991 11.111117
11.300000237 11.306539
11.900000875 11.919479
11.300000237 11.515909
11.900000875 12.017541
11.900000875 11.797417
11.500000186 11.532848
12.199999035 11.559135
10.777780705 10.232227
12.020818754 11.861039
13.000008766 12.003088
11.999998417 11.732574
11.200000128 11.264807
13.637602002 13.278015
11.900000875 11.884249
11.900000875 11.926254
11.200000128 11.165966
11.999998417 11.863765
11.000000142 10.772639
12.299998172 12.288922
11.1 11.0748415
12.1 12.093422
11.1 11.243349
11.900000875 11.82055
11.900000875 11.890839
10.622878745 10.951499
12.499996913 12.938572
11.800000504 11.626415
11.500000186 11.500847
12.1 11.746159
12.401029996 12.668318
13.399988938 12.869584
11.200000128 11.527257
11.900000875 11.92933
11.1 11.228236
11.400000202 11.371931
11.1 11.126947
14.050077531 14.738877
11.400000202 11.661987
11.300000237 11.540847
11.500000186 11.812119
11.699999383 12.055206
11.200000128 11.2776985
11.953871964 11.943161
11.999998417 12.218201
12.1 11.670491
11.1 11.14129
12.499996913 13.274579
11.599999679 11.72926
11.800000504 11.799554
11.699999383 11.972129
11.800000504 11.921807
11.200000128 11.269169
11.200000128 11.180023
11.699999383 11.5138035
11.1 11.126131
11.200000128 11.411762
11.699999383 11.833914
11.599999679 11.590424
12.399997603 13.344254
11.300000237 11.5999975
11.599999679 12.321993
11.300000237 11.3675585
11.200000128 11.257664
11.200000128 11.433121
11.200000128 11.228636
11.200000128 11.194483
10.800000069 10.868134
12.199999035 12.23698
11.900000875 11.810397
11.800000504 11.811228
11.599999679 11.744192
11.800000504 12.431603
11.800000504 12.15889
12.199999035 12.015245
11.1 11.143108
13.000008766 12.793725
11.500000186 11.529266
12.199999035 11.876827
12.1 11.516066
11.500000186 11.47547
11.200000128 11.311868
11.899999461 12.1304655
10.58148606 10.725271
10.702059991 10.825919
11.200000128 11.205696
11.300000237 11.283648
11.800000504 11.888952
10.300000031 10.358021
12.510106658 11.746813
11.200000128 11.244421
13.622878745 13.416064
11.400000202 11.893795
12.499996913 12.395262
11.800000504 11.959398
13.299970641 13.536934
11.500000186 11.6455
11.300000237 11.367169
11.500000186 11.301081
12.799991797 12.395403
11.300000237 11.329719
11.999998417 12.060607
11.900000875 11.867981
12.499996913 11.853845
11.500000186 11.678491
12.299998172 12.114896
11.798970004 11.267129
11.200000128 11.366945
13.000008766 11.984481
11.1 11.167138
1.299999999999999 4.6620884
12.499996913 12.005951
11.1 11.156248
12.599996932 12.876944
11.300000237 11.954706
11.699999383 11.72884
11.637602002 11.755768
13.500007822 13.504887
12.599996932 12.232161
11.1 11.59783
12.11610018 11.462993
11.200000128 11.222019
11.699999383 12.376806
11.400000202 11.650644
11.900000875 11.950048
12.299998172 12.955829
12.299998172 12.167839
11.900000875 11.46441
11.300000237 11.809835
11.200000128 11.145019
11.800000504 11.817044
13.000008766 12.762379
12.499996913 12.138887
11.1 11.167726
11.800000504 12.257959
11.1 11.036636
11.300000237 11.3775425
12.1 11.839548
11.599999679 11.752118
11.200000128 11.3825445
11.800000504 11.81731
11.1 11.123694
14.999629455 12.93066
11.599999679 11.81389
11.699999383 11.5978985
11.1 11.071686
11.200000128 11.275303
11.999998417 11.473925
11.800000504 11.793002
11.699999383 11.6826515
12.399997603 11.947932
11.699999383 11.660944
11.500000186 11.539383
11.599999679 11.451196
13.352574989 12.973655
10.401029995999998 10.54668
11.200000128 11.520657
14.145757491 13.545759
13.58148606 13.489674
11.500000186 11.575521
11.900000875 11.882247
10.800000069 10.836933
14.555931956 12.960711
10.702059991 10.751307
11.200000128 11.253533
11.599999679 11.417292
11.200000128 11.265591
11.900000875 11.802435
12.1 11.571482
11.500000186 11.73594
14.1 12.385002
12.799991797 13.030199
11.1 11.606059
11.699999383 11.864034
11.800000504 11.791288
11.1 11.080965
11.999998417 11.918438
11.200000128 11.209548
11.699999383 11.555021
12.1 11.614759
11.699999383 11.735926
10.200000019 10.339463
11.300000237 11.496551
11.200000128 11.325565
11.900000875 11.863308
11.953871964 11.927745
11.561329795 12.079306
11.500000186 11.8986
11.500000186 11.695444
11.800000504 11.85923
13.418758763 13.444605
11.500000186 11.574775
11.400000202 11.41239
11.400000202 11.359733
11.800000504 11.710498
11.900000875 12.001976
11.599999679 11.518731
13.1 13.267497
11.999998417 11.82702
11.200000128 11.551028
12.456547324 12.168274
11.1 11.129143
11.999998417 11.555213
11.999998417 12.026625
11.999998417 12.148478
11.200000128 11.528063
13.8000571 12.610184
11.1 11.175512
11.900000875 11.48696
11.500000186 11.607441
11.1 11.15249
11.599999679 11.63074
11.900000875 11.795832
12.499996913 12.895042
11.599999679 11.869114
13.048455444 12.345745
12.399997603 12.304825
11.1 11.111851
11.999998417 11.796096
11.1 11.076756
12.499996913 12.166922
11.1 11.209301
11.800000504 11.768806
11.1 11.199995
11.999998417 11.938441
11.900000875 11.925978
11.1 11.27946
11.500000186 12.020284
11.1 11.20835
11.1 11.274754
11.400000202 11.826841
11.437242168 11.2802925
11.400000202 11.727688
11.999998417 11.662397
11.300000237 11.404757
11.1 11.102239
11.400000202 11.343845
11.800000504 12.061458
11.900000875 11.927602
12.1 12.09078
10.609156967 10.947654
11.1 11.2091
11.1 11.108409
11.300000237 11.350633
11.1 11.175294
12.199999035 11.727546
11.1 11.169959
11.200000128 11.225331
11.1 11.331539
11.200000128 11.535038
12.399997603 12.783437
15.299970641 13.38157
11.599999679 11.34616
12.1 11.71944
11.200000128 11.37889
11.699999383 11.878666
11.900000875 11.988138
11.200000128 11.2526
11.999998417 12.141346
11.999998417 11.6480465
11.800000504 11.749108
12.199999035 11.74163
11.200000128 11.276234
12.543697499 12.689945
11.400000202 11.246567
11.599999679 11.592569
11.900000875 11.894436
11.699999383 11.722424
11.300000237 11.398048
11.999998417 11.852246
11.400000202 11.259745
11.200000128 11.221328
11.200000128 11.159824
11.900000875 11.816122
15.520216403 11.889683
11.200000128 11.308026
13.899970733 12.277885
11.1 11.180724
11.300000237 11.428589
12.899998135 12.399262
13.500007822 13.906031
11.200000128 11.8422575
11.1 11.052937
11.1 11.507404
12.649994355 12.467495
12.299998172 11.827728
11.900000875 11.87507
11.900000875 11.832842
11.900000875 11.843849
11.900000875 11.7877655
14.901342913 12.067728
10.401029995999998 10.696814
11.999998417 12.028558
11.58148606 13.352793
11.800000504 11.799075
11.999998417 11.998046
11.800000504 11.874779
12.199999035 12.155295
11.300000237 11.720535
11.400000202 11.415243
11.1 11.193064
11.200000128 11.290087
11.999998417 12.175589
11.1 11.071525
14.500116928 13.652939
12.25490196 12.022139
13.200015437 12.832771
11.1 11.328754
13.1 12.658246
11.300000237 11.360418
11.400000202 11.459328
11.400000202 11.414502
12.1 12.348699
11.1 11.314997
11.1 11.126301
11.599999679 11.519359
10.401029995999998 11.780305
14.901342913 14.961961
11.999998417 12.054733
11.500000186 11.491134
11.300000237 11.374914
11.400000202 11.40665
11.200000128 11.369032
11.500000186 11.283009
11.599999679 11.223713
11.999998417 12.090779
11.540743123 11.271168
11.300000237 11.353449
11.300000237 11.328867
10.400000029 10.819018
11.999998417 11.927444
11.300000237 11.313274
11.999998417 11.842947
11.500000186 11.630146
11.798970004 11.793255
11.1 11.207967
11.800000504 11.954351
11.800000504 11.7344265
11.599999679 11.339989
11.1 11.093167
11.1 11.149729
11.699999383 11.729641
12.399997603 12.6896305
12.899998135 12.021739
11.200000128 11.2659
12.099999523 12.747449
10.1 10.445457
11.200000128 11.210103
10.608638306 10.588091
12.199999035 11.520959
12.81219827 12.705776
11.200000128 11.154219
11.200000128 10.63124
11.900000875 11.859356
12.1 11.993531
11.300000237 11.288525
11.599999679 12.037484
11.1 11.33749
11.200000128 11.215485
11.900000875 11.956722
11.800000504 11.781968
11.599999679 11.5324335
10.869551079 11.0574
12.1 12.144882
13.000008766 11.663948
11.200000128 11.300862
10.165501549 10.234411
11.800000504 11.941571
11.400000202 11.843563
12.78613278 11.915613
12.1 11.945173
10.1 11.261192
11.500000186 11.575584
11.300000237 11.361955
10.900000053 10.805019
14.200179498 12.721657
12.1 11.870741
11.200000128 11.215463
11.400000202 11.940406
11.599999679 11.214901
11.400000202 11.691969
11.999998417 11.745781
11.200000128 11.280623
11.1 11.427572
10.1 10.529624
11.699999383 11.727596
11.000000142 10.992134
10.599999953 10.7066345
11.699999383 11.784334
11.1 11.185337
12.199999035 12.223953
11.200000128 11.094879
11.200000128 11.299534
11.1 11.101694
11.895880017 12.533011
11.300000237 11.423519
11.400000202 11.483503
12.299998172 12.214643
11.999998417 11.962158
14.299970641 14.51308
11.900000875 11.404708
11.699999383 11.608715
11.250000183 11.437877
11.200000128 11.144722
11.599999679 11.462806
11.300000237 11.351234
13.699980365 13.072415
11.800000504 11.971439
12.901632346 12.707456
11.500000186 11.620041
12.299998172 11.667759
11.300000237 11.369448
11.900000875 11.915012
12.199999035 11.996458
11.200000128 11.219055
13.719788758 12.643394
11.900000875 12.25778
11.900000875 11.705046
11.300000237 11.372039
11.200000128 11.292181
11.500000186 11.513986
11.999998417 11.915033
11.300000237 11.394306
11.800000504 11.718543
13.1 12.518036
11.699999383 11.733507
11.599999679 11.872139
11.1 11.167168
11.900000875 12.019436
11.500000186 11.688227
11.500000186 11.797427
11.699999383 11.815642
11.200000128 11.262005
11.497940009 11.550628
14.400162274 14.179177
11.1 11.554364
11.699999383 11.751696
11.900000875 11.763842
12.199999035 12.443726
11.1 11.142927
12.599996932 13.091235
11.300000237 11.716759
13.600038134 12.927805
11.300000237 11.485828
14.299970641 13.868702
11.1 11.120825
11.300000237 11.8659935
11.1 11.100207
11.300000237 11.350178
11.200000128 11.202689
12.992498646 12.219861
11.699999383 11.74427
11.999998417 11.738176
12.899998135 12.462415
11.200000128 11.2027645
11.300000237 11.415596
11.999998417 12.574919
9.47675071 9.9023905
11.999998417 11.633365
14.401029996 11.518108
11.300000237 11.548554
11.900000875 12.131433
11.200000128 11.23535
13.899970733 12.856636
11.500000186 11.474989
10.200000019 10.65361
11.900000875 11.991983
11.200000128 11.351341
11.800000504 11.436316
11.200000128 11.206868
11.900000875 12.056564
13.500007822 12.459447
13.99997427 12.697358
12.699997654 11.949914
11.900000875 11.911061
11.300000237 11.278296
13.437242168 13.409288
13.200015437 12.407588
11.200000128 11.271072
11.900000875 11.676811
11.800000504 11.972653
11.777780705 11.97758
11.500000186 11.618002
11.200000128 11.380962
10.622878745 10.651599
11.300000237 11.308218
11.300000237 11.956886
11.599999679 11.339185
11.800000504 11.553614
12.196910013 12.490948
11.500000186 11.535934
11.999998417 12.117863
12.422393047 12.626831
11.500000186 11.378108
11.300000237 11.325139
11.200000128 11.245693
10.1 10.274903
9.401029995999998 9.35689
10.702059991 10.671548
11.900000875 11.961919
11.699999383 11.708216
12.757577319 12.755209
12.599996932 11.9372015
12.699997654 12.143272
11.999998417 12.139506
11.300000237 11.61789
11.1 11.77993
11.300000237 11.709772
11.699999383 11.709771
11.200000128 11.487031
11.200000128 11.288963
10.499999968 10.648214
11.300000237 11.353891
11.1 11.270804
11.200000128 11.538918
11.900000875 11.833055
10.702059991 10.750648
11.200000128 11.376636
12.699997654 12.353444
11.800000504 11.542338
11.200000128 11.240015
11.200000128 11.267387
12.399997603 12.43405
11.1 10.900663
11.200000128 11.367732
11.900000875 11.855448
13.200015437 13.415178
11.200000128 11.169422
12.299998172 11.922488
11.800000504 11.627897
12.399997603 11.91173
11.1 11.221996
11.999998417 11.839709
11.1 11.131863
11.200000128 11.384988
12.199999035 12.662184
11.500000186 11.506692
11.1 10.834963
11.1 12.0618515
11.699999383 11.655664
10.702059991 10.729834
10.599999953 10.531365
11.1 11.258909
12.399997603 11.97336
11.400000202 11.326153
11.500000186 11.548613
13.399988938 12.961233
11.400000202 11.844112
12.199999035 11.839455
12.199999035 11.9608755
10.1 10.232284
11.200000128 11.445296
11.599999679 11.800704
12.1 12.345093
12.899998135 12.120723
12.015423722 12.812814
10.300000031 10.401049
11.200000128 11.21284
11.1 11.105173
12.599996932 12.178702
11.599999679 11.543826
11.500000186 11.454221
11.599999679 11.6863165
11.599999679 11.752808
11.200000128 11.292021
11.1 11.137003
11.300000237 11.303909
11.286962717 11.273525
13.000008766 12.738311
11.1 11.9496
13.99997427 12.937852
13.594850022 13.761621
11.599999679 11.853933
11.1 11.113724
11.400000202 11.465033
11.200000128 11.2417755
11.200000128 11.176713
11.999998417 11.917483
12.199999035 12.001108
11.200000128 11.241632
13.200015437 11.806022
11.699999383 11.296714
11.699999383 11.769392
11.599999679 11.495084
11.497940009 11.350952
12.899998135 12.456084
11.1 11.1105995
11.500000186 11.542183
11.599999679 11.58486
11.500000186 11.768934
11.500000186 11.465263
11.1 11.162613
11.200000128 11.110295
10.1 10.198795
12.499996913 12.099743
11.200000128 11.070269
11.1 11.584352
12.199999035 11.555366
11.1 11.125198
13.600038134 13.7443495
10.622878745 12.364561
11.200000128 11.231957
11.106614133 11.107551
11.699999383 11.607284
11.200000128 11.248372
11.800000504 11.729517
11.555047444 12.330721
11.1 11.273792
11.145757491 11.160038
15.140958608 14.830498
11.599999679 11.664329
11.500000186 11.687946
11.500000186 11.919279
11.699999383 11.789055
10.702059991 10.666878
12.599996932 12.438473
11.400000202 11.422576
11.599999679 11.6443615
11.900000875 11.771797
11.200000128 11.164351
10.702059991 10.689214
13.500007822 12.829057
11.200000128 11.224189
11.699999383 11.644381
11.900000875 12.295445
11.800000504 11.800825
11.400000202 11.291084
11.500000186 12.0172
11.800000504 12.222115
11.500000186 11.484756
13.299970641 13.110279
12.299998172 12.76953
11.1 11.24554
10.401029995999998 10.209778
13.99997427 13.228185
11.900000875 11.424709
11.300000237 11.356412
11.900000875 11.65383
12.399997603 12.184337
11.900000875 11.863777
11.800000504 11.6768265
11.800000504 11.8526745
11.500000186 11.615829
11.300000237 11.355536
11.300000237 11.348512
11.1 11.178654
11.1 11.320057
10.622878745 10.496191
13.500007822 12.899445
11.500000186 11.681927
11.999998417 11.998077
11.800000504 11.789
12.399997603 12.320224
10.923908741 10.909316
11.599999679 11.60674
11.999998417 12.034282
11.699999383 11.747636
11.1 11.397774
11.599999679 11.765463
11.599999679 11.642189
11.900000875 11.89822
11.900000875 11.969751
12.499996913 11.561977
13.399988938 12.7251
11.400000202 11.304921
11.800000504 11.956367
12.299998172 12.357919
11.300000237 11.307369
11.900000875 11.9449625
11.200000128 11.270331
11.300000237 11.2872925
11.500000186 11.414779
13.299970641 13.071307
12.699997654 13.059806
11.200000128 11.473795
11.200000128 11.355809
11.300000237 11.353675
11.200000128 11.25245
11.200000128 11.382973
11.1 11.354752
11.599999679 11.546498
11.200000128 11.296652
11.800000504 11.843126
11.798970004 11.563392
11.200000128 11.123062
11.1 11.006723
11.900000875 12.073705
11.900000875 12.059513
11.900000875 11.910906
11.699999383 13.177765
10.1 10.115213
11.900000875 11.795428
11.900000875 12.246866
11.599999679 11.565113
13.399988938 13.353417
10.516801225999998 10.986165
11.699999383 11.87579
12.314670165 11.876849
11.300000237 11.422787
12.299998172 12.351197
12.299998172 12.964394
11.599999679 11.568242
14.600312917 12.3125515
11.699999383 12.475302
11.999998417 11.349436
13.399988938 13.118177
11.900000875 12.353463
11.900000875 11.96482
12.799991797 12.097303
11.800000504 11.7491
13.299970641 12.784589
11.555931956 12.319849
11.599999679 11.721831
11.020818754 11.096124
11.1 11.236495
11.599999679 11.642605
11.800000504 11.18456
11.400000202 11.383503
11.999998417 12.040958
12.69345982 13.20401
12.401029996 12.399514
12.199999035 12.044825
11.900000875 11.970545
11.800000504 11.90549
12.1 11.918047
12.1 11.583924
11.400000202 11.530851
11.900000875 11.858852
11.500000186 11.390319
10.923908741 10.904702
13.299970641 11.882263
11.599999679 11.248851
12.499996913 11.889326
14.200179498 14.082002
11.200000128 11.287372
11.300000237 11.33206
11.800000504 11.7620735
11.599999679 11.860581
11.699999383 11.704589
12.199999035 12.410038
11.200000128 11.247604
13.699980365 13.189191
11.844727495 12.535883
11.699999383 11.901894
12.307608311 12.465044
11.1 11.816559
10.702059991 10.75716
11.1 11.133399
11.200000128 11.3973255
11.300000237 11.288041
11.200000128 11.551761
14.299970641 13.307343
11.200000128 11.176768
11.300000237 11.3184395
11.599999679 11.50099
12.399997603 11.941965
11.300000237 11.328859
11.1 11.389324
11.500000186 11.497946
11.300000237 11.295653
11.800000504 12.208562
11.331801867 11.660695
11.400000202 11.568431
11.200000128 11.467325
11.800000504 11.661203
11.702059991 11.462632
11.699999383 11.666323
10.702059991 10.635568
11.200000128 11.1705265
11.900000875 12.064478
10.900000053 10.960707
11.900000875 11.939421
11.300000237 11.399737
15.500116928 14.785458
11.300000237 11.250309
11.200000128 11.091978
11.200000128 11.3792095
11.900000875 11.82646
12.497940009 12.119101
11.800000504 12.012217
11.500000186 11.863944
11.1 11.15714
11.900000875 12.027428
11.500000186 11.535704
11.200000128 11.196974
11.900000875 11.796026
11.200000128 11.326702
11.900000875 12.385566
11.200000128 11.191513
11.900000875 11.793197
13.899970733 11.75722
11.200000128 11.340652
10.900000053 10.692658
11.900000875 11.894855
9.798970004 9.813027
11.200000128 11.388086
11.200000128 11.207118
11.900000875 11.876979
11.1 11.453885
11.1 11.031496
12.1 12.04626
11.900000875 11.961526
11.599999679 11.579182
11.200000128 11.246302
11.300000237 11.289502
11.300000237 11.330191
12.69345982 13.801926
10.401029995999998 10.695223
11.400000202 11.43269
10.1 10.299621
10.702059991 10.747962
11.400000202 11.410706
11.300000237 11.647011
11.300000237 11.555712
13.600038134 12.872272
10.401029995999998 11.065278
11.300000237 11.259918
11.400000202 11.364306
11.500000186 11.47009
12.699997654 12.403471
11.699999383 11.760941
11.1 11.178478
15.600312917 14.995625
11.599999679 11.920616
12.199999035 12.211302
12.499996913 12.470072
10.200000019 10.441902
11.900000875 12.469351
12.499996913 11.675194
12.59757288 12.288519
11.400000202 11.742763
11.900000875 11.941317
11.900000875 12.030902
11.900000875 11.864119
11.1 11.09885
13.1 12.106295
11.699999383 11.507678
11.200000128 11.188522
11.400000202 11.441613
12.1 12.231694
11.500000186 11.877736
11.1 12.564882
11.900000875 11.830301
11.900000875 12.07833
11.1 11.292459
11.200000128 11.268188
11.800000504 11.804706
11.300000237 11.367244
10.622878745 10.475645
11.1 11.13545
13.145757491 12.518882
11.500000186 11.685423
11.999998417 12.047355
11.1 11.325324
12.299998172 12.115248
11.800000504 11.788148
11.200000128 11.212544
13.200015437 13.272812
11.599999679 11.582517
12.1 12.102311
11.200000128 11.125074
11.599999679 11.5637
11.800000504 11.814827
12.1 11.439155
14.600312917 13.929646
12.699997654 11.773523
11.500000186 11.392882
11.900000875 12.294561
11.1 11.196744
11.599999679 11.740016
11.900000875 11.89667
11.900000875 11.796369
11.300000237 11.273333
11.699999383 12.305671
11.999998417 12.294449
11.999998417 11.874362
11.200000128 11.176139
12.599996932 12.8015585
11.800000504 11.778101
11.300000237 11.277373
11.300000237 11.646786
11.900000875 11.934077
11.40980392 10.965242
11.500000186 11.7085
12.399997603 11.98988
11.1 11.133619
10.497940009 10.538618
11.900000875 12.06879
11.400000202 11.32323
11.999998417 12.38438
11.900000875 11.893386
11.400000202 11.349589
11.497940009 11.431161
10.1 11.293138
13.8000571 13.288865
11.150000064 11.256315
11.200000128 11.548544
11.1 11.234133
12.199999035 11.812754
11.1 11.17899
11.800000504 11.852543
14.500116928 13.959782
11.200000128 11.33853
12.899998135 12.312044
11.300000237 11.326137
11.1 11.09838
11.200000128 11.391412
11.800000504 11.915816
13.699980365 13.399687
10.622878745 10.878162
13.399988938 11.3749075
12.199999035 12.417749
11.200000128 11.192243
11.900000875 12.016672
11.200000128 11.154676
11.900000875 11.66407
11.500000186 11.441504
11.599999679 11.7099905
11.999998417 11.982543
12.399997603 12.054907
10.1 10.195128
11.000000142 10.999687
11.300000237 11.431116
11.699999383 11.773319
12.199999035 11.54656
11.800000504 11.830823
11.1 11.118877
11.300000237 11.487867
11.300000237 11.783472
11.400000202 11.4366
11.400000202 11.463991
11.900000875 11.784817
11.900000875 11.679953
11.200000128 11.718551
11.300000237 11.362557
14.500116928 14.520043
9.798970004 9.876035
11.300000237 11.427286
11.800000504 11.718023
11.1 11.21048
10.1 10.326158
11.1 11.5301895
13.1 12.246988
13.76756154 13.208607
11.999998417 12.227036
11.200000128 11.270283
10.1 10.180446
9.798970004 9.8186655
13.399988938 12.628054
11.699999383 11.758822
11.200000128 11.27843
11.800000504 12.108074
14.299970641 13.300613
10.1 10.056413
11.400000202 11.522156
11.800000504 12.081139
10.400000029 10.543015
12.399997603 12.091551
10.723423043 10.862923
11.999998417 11.893582
13.500007822 12.407862
11.699999383 11.8452835
13.1 13.089476
12.145757491 12.089354
12.899998135 11.559084
11.800000504 11.740092
11.1 11.939816
11.900000875 11.864847
11.599999679 11.680254
11.300000237 11.407019
11.200000128 11.245258
11.1 11.047816
11.400000202 11.401897
11.1 11.186594
11.800000504 11.654113
11.1 11.11373
11.200000128 11.251892
12.1 12.095174
13.699980365 12.718286
13.8000571 13.843791
11.200000128 11.295889
11.1 11.33415
11.699999383 11.896387
11.200000128 11.137178
11.1 11.178681
11.200000128 11.210096
11.1 11.267637
11.500000186 11.314124
13.32184875 12.839525
11.1 11.22126
11.555931956 11.30704
11.800000504 11.588234
11.200000128 11.351698
11.999998417 12.061198
11.300000237 11.626424
13.600038134 12.560085
13.600038134 12.767794
14.326647632 13.818383
11.200000128 11.554755
11.200000128 11.24593
11.999998417 11.919489
11.599999679 11.679044
11.400000202 11.665632
12.299998172 11.7252865
11.200000128 11.3188505
11.200000128 11.785355
11.1 11.147087
11.999998417 11.774517
11.500000186 11.5135355
11.1 11.021666
11.699999383 11.5306425
13.020818754 12.62961
11.200000128 11.291783
11.699999383 11.712997
11.699999383 11.469346
14.547158031 12.326878
11.069375047 11.8137665
11.800000504 11.565491
11.300000237 11.393484
11.800000504 11.714617
11.1 11.729949
11.709064893 11.739924
11.300000237 11.328739
11.500000186 11.544641
10.622878745 10.598419
11.400000202 11.670132
11.400000202 11.508845
11.700326279 11.511467
11.1 11.404445
13.500007822 12.477413
11.300000237 11.481655
11.400000202 11.855188
11.999998417 11.542852
10.1 10.309748
11.1 11.133618
10.622878745 10.599251
11.900000875 11.871468
11.500000186 11.5490055
11.699999383 11.455809
11.699999383 11.666507
11.500000186 11.910058
11.300000237 11.298846
11.200000128 10.885498
11.200000128 11.364266
11.300000237 11.358715
10.400000029 10.668554
12.598940738 12.658147
11.900000875 11.879986
11.200000128 11.221204
10.800000069 10.654891
11.300000237 11.304755
10.702059991 10.639122
11.900000875 11.836433
15.700326279 14.495171
12.199999035 11.8354435
12.299998172 11.856504
13.25490196 12.956221
11.622878745 12.454075
11.800000504 11.7787285
11.200000128 11.221936
12.637602002 11.690612
11.699999383 12.027899
11.900000875 11.994551
13.699980365 13.613759
11.200000128 10.88752
12.499996913 12.603111
11.599999679 11.6228075
11.900000875 11.844393
11.300000237 11.349876
11.200000128 11.160133
10.1 10.116629
11.400000202 11.422268
11.300000237 11.270276
11.1 11.156748
11.200000128 11.239611
11.699999383 11.26468
11.599999679 11.467478
11.400000202 11.26823
11.999998417 12.598693
12.399997603 12.079989
12.299998172 11.95508
11.900000875 11.891928
11.1 11.236421
11.599999679 11.600552
12.299998172 11.841981
11.800000504 11.8352785
11.400000202 10.769128
14.200179498 13.517301
11.400000202 11.700452
11.800000504 11.780277
11.599999679 11.62667
11.300000237 11.390948
11.200000128 11.168933
13.219186408 12.410587
11.400000202 11.25307
13.000008766 12.929333
11.900000875 11.892858
11.300000237 11.566486
12.299998172 12.008531
10.1 10.1011715
11.400000202 11.809804
11.500000186 11.58467
12.299998172 12.02239
14.145757491 11.824152
11.699999383 11.498726
11.599999679 11.455044
11.599999679 11.692128
11.200000128 11.3068905
11.999998417 11.834213
11.800000504 11.80261
11.1 11.132572
11.599999679 11.374306
11.300000237 11.401161
11.400000202 11.584793
11.200000128 11.243759
11.400000202 12.051445
11.200000128 11.279288
12.299998172 11.866833
11.500000186 11.550178
11.699999383 11.85622
12.1 11.950748
11.300000237 11.287546
13.200015437 12.236425
11.300000237 11.38015
11.1 11.899381
11.500000186 11.462269
11.500000186 11.603077
11.599999679 11.50522
13.1 12.7345085
11.699999383 11.9237585
13.200015437 12.955626
11.200000128 11.279856
13.699980365 12.329077
11.599999679 11.280033
11.900000875 11.657967
11.999998417 12.271335
11.200000128 11.276502
11.900000875 11.959395
12.196910013 12.446394
11.599999679 11.507314
11.200000128 11.584096
11.900000875 11.865339
11.500000186 11.567221
11.400000202 11.215679
11.900000875 11.858153
11.500000186 11.377366
11.500000186 11.671522
11.200000128 11.284113
13.299970641 14.194965
13.200015437 12.149772
11.599999679 12.090157
11.200000128 11.927635
11.300000237 11.32653
12.299998172 12.032137
11.300000237 11.514168
11.500000186 12.019312
11.599999679 11.882825
11.400000202 11.440497
11.400000202 11.400557
11.800000504 11.9368
11.500000186 11.55151
11.800000504 12.513339
11.1 12.018265
12.499996913 12.455149
11.200000128 11.182558
10.622878745 11.064016
11.800000504 11.851764
11.599999679 11.519407
12.799991797 11.990125
11.900000875 11.884049
11.599999679 11.299484
11.900000875 12.385533
11.200000128 11.191625
11.999998417 11.839883
11.300000237 11.658396
11.900000875 11.869089
11.300000237 11.415148
11.900000875 12.1502
11.900000875 11.966175
11.1 10.933856
11.699999383 11.985695
14.400162274 14.356354
12.799991797 12.227736
11.200000128 12.084581
11.200000128 11.208839
11.400000202 11.563282
11.900000875 12.201249
11.900000875 11.858068
11.999998417 11.53504
11.1 11.0638075
11.1 11.498571
12.899998135 11.704938
11.200000128 11.176479
11.380575548 11.356497
11.1 11.160368
11.200000128 11.189516
11.1 11.361501
11.200000128 11.2946005
11.500000186 11.36399
11.599999679 11.569603
10.800000069 10.747766
11.599999679 11.635832
11.900000875 11.872699
11.699999383 11.9228525
11.900000875 11.8735485
12.199999035 11.374764
14.500116928 13.696314
11.599999679 11.64193
10.499999968 10.900583
11.500000186 11.580016
11.1 11.209508
11.900000875 11.79982
11.200000128 11.307635
13.399988938 11.997399
11.900000875 11.902574
11.699999383 11.702866
11.1 11.605145
11.400000202 11.411154
13.821246399 12.726019
12.1 12.35745
11.699999383 11.021593
11.599999679 11.644134
11.300000237 11.3222685
10.622878745 10.745357
11.200000128 11.222962
11.599999679 11.956972
11.1 11.128296
11.500000186 11.310038
11.500000186 11.765998
11.1 11.185239
10.869551079 10.936013
11.599999679 11.652126
10.401029995999998 10.395332
11.1 11.017648
12.899998135 12.316993
11.699999383 11.6905365
11.500000186 11.580614
11.599999679 11.774202
11.200000128 11.332127
11.500000186 11.650681
11.200000128 11.137253
11.999998417 11.9706135
12.199999035 12.161896
11.200000128 11.309251
10.622878745 10.609093
14.901342913 13.729635
11.900000875 12.440866
11.800000504 11.821804
11.999998417 12.025877
11.500000186 11.716993
11.555931956 11.709174
11.599999679 11.406828
11.300000237 11.346222
14.37572413 13.487963
10.1 10.63561
11.900000875 11.823885
11.500000186 11.7329645
11.300000237 11.280305
11.599999679 11.905193
11.300000237 11.245306
11.300000237 11.303656
11.200000128 11.430037
11.599999679 11.692142
11.900000875 11.868469
11.599999679 12.7164755
12.299998172 12.147097
11.200000128 11.500824
11.900000875 11.8511915
12.699997654 13.035809
11.1 11.091976
12.299998172 13.339053
11.800000504 11.847246
11.300000237 11.295429
12.199999035 12.22468
11.999998417 11.806129
11.200000128 11.24081
13.699980365 13.711451
10.1 10.344248
13.000008766 12.486963
10.702059991 10.746598
10.702059991 10.884712
10.702059991 10.681358
11.599999679 11.511257
11.900000875 11.838703
11.200000128 11.229259
11.800000504 11.732499
11.1 11.135908
10.499999968 10.711124
11.800000504 11.813203
11.212469432 11.222492
9.923908741 10.262778
11.500000186 11.777149
11.699999383 11.6036215
11.200000128 11.190431
11.599999679 11.733953
11.849336081 11.88379
13.600038134 12.518278
11.400000202 11.552652
10.702059991 11.506271
11.400000202 11.606647
13.699980365 13.769703
10.401029995999998 10.492027
11.200000128 11.122339
11.300000237 11.3160515
11.200000128 11.253359
10.401029995999998 11.412258
11.300000237 11.407648
11.800000504 11.84519
11.1 11.03366
11.1 11.185421
11.300000237 11.268978
11.400000202 11.362214
11.400000202 11.363922
11.600844562 11.56242
11.1 11.146555
11.500000186 11.618164
11.200000128 11.373126
13.000008766 11.775341
11.900000875 11.8745165
11.1 11.169236
11.1 11.250503
11.800000504 11.886498
11.200000128 11.23252
11.200000128 11.286474
11.300000237 11.378459
14.500116928 14.296576
11.1 11.38179
11.300000237 11.290461
11.599999679 11.633931
11.200000128 11.20605
11.400000202 11.417308
11.1 11.043671
11.400000202 11.366237
11.900000875 12.275034
11.800000504 11.842969
10.800000069 10.617564
11.200000128 11.586355
12.199999035 11.96416
11.300000237 11.317665
11.200000128 11.36931
12.599996932 11.862199
11.500000186 11.365959
11.800000504 11.847068
11.500000186 11.702866
11.800000504 12.208556
11.200000128 11.439223
12.499996913 13.074391
11.900000875 11.83763
12.199999035 11.742254
11.300000237 11.298552
11.1 11.487488
11.900000875 12.002026
11.999998417 12.192123
13.299970641 12.980968
12.699997654 12.001959
11.200000128 11.350317
11.999998417 12.452059
11.999998417 12.093702
11.699999383 11.774335
11.900000875 12.085089
12.1 11.84668
11.200000128 11.397335
11.300000237 11.604817
11.1 11.157013
11.500000186 11.542381
11.900000875 11.896363
12.844727495 12.830722
14.999629455 15.237848
11.500000186 11.517824
11.900000875 11.999847
11.900000875 12.025818
11.400000202 11.335605
11.999998417 11.712864
11.200000128 11.236504
11.200000128 11.394882
11.699999383 11.721569
11.900000875 12.239537
11.699999383 11.749108
10.200000019 10.308141
11.800000504 11.687323
11.400000202 11.82502
11.699999383 12.237301
11.300000237 11.665097
11.599999679 11.9510975
10.1 11.19239
11.500000186 11.461674
11.900000875 11.829008
11.1 11.176756
11.999998417 11.7002125
11.400000202 11.510137
11.900000875 12.066159
11.1 11.125753
11.599999679 12.379437
12.1 12.202229
12.923908741 11.763714
11.500000186 11.461598
10.900000053 10.632626
11.200000128 11.327524
13.8000571 11.4323225
11.599999679 11.346918
11.300000237 11.417696
11.599999679 11.832118
11.900000875 11.879446
13.99997427 13.070907
15.58148606 15.3108
11.287086643 11.37847
11.200000128 11.298004
11.699999383 11.779215
11.800000504 11.989548
12.199999035 12.152622
13.1 13.115195
11.300000237 11.346569
11.900000875 11.397048
12.088852639 11.908018
11.900000875 11.691535
10.401029995999998 10.935497
11.1 11.191144
11.599999679 11.509465
11.900000875 11.962433
11.999998417 11.978866
11.500000186 11.789698
11.900000875 12.100002
14.700326279 14.324045
11.1 11.3534155
11.1 11.130301
11.400000202 11.799499
11.200000128 11.199031
11.900000875 11.943185
11.1 11.201456
11.500000186 11.642479
12.635290537 11.618833
13.1 12.350918
11.1 11.16755
10.1 10.856937
11.300000237 11.5400505
11.1 11.165074
11.300000237 11.607511
11.500000186 12.018736
11.200000128 11.575199
11.300000237 11.884228
11.500000186 11.1908
10.996196279 11.595809
11.300000237 11.510498
11.800000504 11.8508415
10.293820026 10.355263
10.702059991 10.865601
11.200000128 11.156333
11.900000875 12.082392
11.900000875 12.080206
11.900000875 11.890848
11.1 11.147488
13.000008766 13.443844
11.500000186 11.550413
11.500000186 11.520259
11.1 11.398102
11.1 11.143942
11.599999679 11.466703
12.020818754 11.788115
12.1 11.728243
11.500000186 11.712074
11.1 10.881189
14.600312917 13.57025
12.699997654 11.263464
11.400000202 11.979866
11.200000128 11.388712
12.199999035 11.761236
11.900000875 11.88012
12.599996932 12.377075
11.1 11.253809
11.200000128 11.379022
11.900000875 11.906591
11.500000186 11.417555
11.300000237 11.289113
11.200000128 11.347372
11.37572413 11.166367
13.399988938 13.78051
11.300000237 11.272976
11.900000875 11.952952
11.200000128 11.194363
12.1 11.668615
11.200000128 11.305149
11.900000875 11.951871
11.900000875 11.968702
11.1 11.622248
11.1 11.480967
11.300000237 11.446606
11.500000186 11.531572
14.427902142 14.658757
11.400000202 11.604042
11.500000186 11.42523
11.400000202 11.427626
14.145757491 14.268511
11.800000504 11.997671
11.200000128 11.204984
11.900000875 11.767769
13.000008766 12.752489
11.300000237 11.272222
11.1 11.421818
11.800000504 11.781147
11.359637311 11.516996
11.1 11.129073
11.500000186 11.473349
11.599999679 11.816058
11.1 11.182991
10.541291429 11.228393
11.500000186 11.436338
11.900000875 11.761248
11.900000875 12.028535
11.1 11.555342
11.400000202 11.450531
11.1 11.105413
11.300000237 11.314486
11.900000875 11.853409
11.800000504 11.852626
10.700000074999998 10.393053
11.999998417 11.639698
12.599996932 12.860099
12.299998172 11.948428
11.699999383 11.679428
11.300000237 11.4064865
12.65129368 12.396406
11.200000128 11.473933
11.500000186 11.542299
12.399997603 11.819885
11.400000202 11.516222
12.046395015 11.772129
11.300000237 11.137128
11.800000504 11.828841
11.500000186 11.468544
10.972895202 10.696277
11.900000875 11.954636
11.200000128 11.366524
13.99997427 13.851181
12.399997603 12.8897505
11.1 11.191869
11.900000875 12.567365
11.800000504 12.031541
11.300000237 11.405204
11.500000186 11.420662
11.1 11.062225
11.500000186 11.462187
11.200000128 11.179405
11.500000186 11.463314
11.699999383 11.686442
12.499996913 12.1474285
12.199999035 12.042451
11.300000237 11.687642
11.699999383 11.562229
14.668636236 14.868239
10.401029995999998 10.527757
11.699999383 11.571451
10.599999953 10.430905
10.798970004 10.777382
11.900000875 11.996392
11.999998417 11.908926
11.497940009 11.36945
11.1 11.22249
11.200000128 11.25575
11.200000128 11.378791
11.699999383 11.539784
11.999998417 11.91597
11.699999383 11.602451
11.999998417 12.261892
11.200000128 11.248027
12.1 11.846289
11.699999383 11.330932
11.800000504 11.935681
11.800000504 11.881508
10.702059991 10.713329
12.899998135 12.227906
14.1 14.194482
11.500000186 11.863162
13.399988938 13.076467
9.798970004 9.913378
11.300000237 11.332539
9.702059991 9.659505
10.1 9.937905
11.200000128 11.152317
12.1 12.088631
11.200000128 11.194683
11.599999679 11.765705
13.191514981 13.10005
11.200000128 11.38728
11.800000504 11.88522
11.500000186 11.533002
11.300000237 11.292083
11.599999679 11.797844
11.599999679 11.588306
11.699999383 11.569269
11.300000237 11.285271
13.299970641 13.006139
12.399997603 12.281322
13.622878745 13.354235
11.500000186 11.462866
12.1 12.402995
11.200000128 11.141577
10.401029995999998 10.54965
12.120641576 12.026495
11.400000202 11.628953
11.300000237 11.618313
12.499996913 12.237623
11.1 11.130482
11.200000128 11.07723
11.599999679 11.769166
11.699999383 11.621069
11.200000128 12.016262
11.1 11.609421
10.1 11.307637
11.200000128 11.560111
12.1 11.578981
11.300000237 11.601892
11.599999679 11.674307
11.500000186 11.498111
11.200000128 10.969017
12.199999035 12.001108
10.798970004 10.877546
11.200000128 11.203795
10.401029995999998 10.51524
11.087162775 10.792302
12.899998135 12.047207
11.500000186 11.879099
11.300000237 11.422497
11.058607315 11.3731575
12.1 11.953241
13.899970733 12.852597
12.499996913 11.779931
10.200000019 10.315378
11.800000504 12.075179
11.900000875 12.053892
11.300000237 11.752937
11.1 11.2337475
10.400000029 10.469856
11.300000237 11.350307
11.200000128 11.278792
11.599999679 11.781241
11.1 11.07618
11.500000186 11.472429
11.200000128 11.385794
11.800000504 11.739471
11.200000128 11.1945
11.800000504 11.866899
11.900000875 11.96531
11.400000202 11.349659
10.497940009 10.694178
12.399997603 12.425269
12.899998135 11.2802925
11.1 11.139036
11.699999383 11.750611
11.300000237 11.438616
11.1 11.079375
13.1 13.007967
11.200000128 11.647439
11.400000202 11.51848
11.200000128 11.020235
11.999998417 12.19862
11.1 11.183455
11.999998417 11.368361
10.622878745 11.30723
11.300000237 11.372173
9.798970004 9.820573
11.200000128 11.117843
12.699997654 12.585086
11.400000202 11.55823
12.170581074 12.353515
11.800000504 11.828789
11.900000875 12.070786
12.180921908 11.65357
11.800000504 11.892764
11.699999383 11.791094
11.900000875 11.804251
11.999998417 12.174908
11.800000504 11.677721
11.400000202 11.334742
11.699999383 11.629479
11.200000128 11.524747
11.1 11.093168
11.719788758 11.352505
10.622878745 10.635769
11.999998417 12.088541
11.1 10.962297
12.399997603 11.97683
13.1 12.877071
12.499996913 13.0274315
11.999998417 11.994216
10.401029995999998 10.37865
11.800000504 12.185633
11.999998417 11.945417
11.400000202 11.678272
11.800000504 11.846651
11.200000128 11.445139
11.1 11.087125
11.699999383 11.6939
11.1 11.598626
13.844727495 12.214977
11.999998417 11.950639
11.400000202 12.017075
11.200000128 11.23226
11.200000128 11.46635
12.399997603 12.230633
12.299998172 12.079311
11.1 11.143626
12.699997654 13.2842045
11.200000128 11.195784
11.200000128 11.554303
11.300000237 11.506639
11.999998417 12.042253
11.200000128 11.176662
11.300000237 11.351566
11.1 11.783226
12.899998135 12.969939
11.200000128 11.433357
11.118106086 11.174426
11.500000186 11.454554
11.800000504 12.102428
11.200000128 11.240324
11.900000875 12.363544
12.199999035 12.0362425
13.600038134 13.030675
11.200000128 11.397333
11.1 11.108615
11.400000202 11.366641
11.569800302 11.609584
11.1 11.140518
11.1 11.073244
11.200000128 11.221225
11.900000875 11.823311
12.1 11.796074
11.599999679 11.506048
11.699999383 11.781084
11.599999679 11.4892235
12.401029996 13.376256
11.1 11.927727
11.200000128 11.224182
11.300000237 11.267316
11.699999383 11.551509
11.999998417 11.43113
11.800000504 11.823924
11.699999383 11.772892
11.500000186 11.501511
11.800000504 11.786043
11.300000237 11.464046
12.299998172 12.044323
11.800000504 11.880016
11.300000237 11.625041
11.300000237 11.510437
13.699980365 12.581739
11.900000875 11.867589
11.999998417 11.907429
11.1 11.154554
11.900000875 11.853395
11.900000875 11.842636
11.400000202 11.797944
13.399988938 13.246185
11.200000128 11.681261
11.1 11.1880665
11.900000875 12.159215
11.599999679 11.630541
11.999998417 11.876544
11.200000128 11.283207
11.300000237 11.470961
11.200000128 11.234124
10.599999953 10.49995
11.599999679 12.0214615
11.200000128 11.452926
10.798970004 11.719329
11.300000237 11.211372
11.699999383 11.793404
11.900000875 11.82346
11.200000128 11.522321
11.699999383 12.152138
11.900000875 11.933151
11.500000186 11.173665
11.1 11.163478
11.1 11.136303
11.1 11.152518
11.1 11.309272
10.401029995999998 10.539037
11.900000875 12.023635
11.400000202 11.827729
11.1 11.164399
11.300000237 11.372396
10.700000074999998 10.665956
12.499996913 12.223989
10.499999968 10.564422
11.344125144 11.605665
11.200000128 11.764725
11.1 11.488901
11.800000504 11.795684
11.500000186 11.495507
11.900000875 11.885135
11.200000128 11.386475
10.200000019 10.678973
11.599999679 11.253244
9.750965434 10.560298
11.701029687 11.684442
11.300000237 11.429859
14.299970641 13.802472
11.599999679 11.64025
11.400000202 11.460262
11.1 11.222271
11.1 11.543959
11.599999679 11.616375
11.200000128 11.30774
11.200000128 11.25503
11.400000202 11.589613
13.000008766 12.791738
11.200000128 11.2419
11.800000504 11.819435
11.599999679 11.522992
11.300000237 11.386978
11.800000504 11.790746
13.860608566 13.235336
11.200000128 11.358495
11.200000128 11.242952
12.765546249 12.614318
11.1 11.245843
11.699999383 12.03376
11.1 11.122496
11.800000504 11.858015
11.699999383 11.605843
12.777780705 12.942524
11.800000504 11.817656
10.401029995999998 10.496788
11.300000237 11.226569
11.200000128 11.46026
11.500000186 11.531142
11.400000202 11.448158
11.200000128 11.249522
11.500000186 11.413639
11.500000186 11.428005
11.200000128 11.26885
13.399988938 13.217163
11.500000186 11.600735
11.200000128 11.20459
11.800000504 11.827445
11.900000875 11.882196
11.300000237 11.364012
11.400000202 12.452476
12.699997654 11.767944
11.400000202 11.974316
11.800000504 11.939345
11.999998417 11.964766
11.200000128 11.318867
13.219186408 12.559733
11.800000504 12.073362
10.437242168 10.600473
11.900000875 11.903889
12.199999035 12.013166
11.1 11.541836
12.299998172 11.782749
12.1 12.273154
11.599999679 12.090286
11.979990266 12.0609665
11.200000128 11.48535
12.499996913 12.16151
11.900000875 11.893989
11.500000186 11.537184
11.699999383 11.888029
13.399988938 13.532595
11.200000128 11.313194
11.999998417 11.286781
13.899970733 13.255047
14.088686474 13.512952
14.805466677 12.409237
11.200000128 11.500316
11.1 11.05907
11.200000128 11.37019
11.300000237 11.450971
11.1 11.304875
11.400000202 11.470885
13.299970641 12.5931225
11.895880017 11.774853
11.520216403 11.323553
11.400000202 11.465614
11.800000504 11.5343075
11.900000875 11.9666195
11.999998417 11.824976
11.699999383 11.92143
11.800000504 11.821577
12.199999035 12.128312
11.800000504 11.940317
11.200000128 11.544527
11.500000186 11.196213
11.900000875 11.961597
11.200000128 11.241485
11.200000128 11.272436
11.599999679 11.79852
12.539999898 12.342372
12.799991797 12.8176985
11.300000237 11.421912
11.300000237 11.258205
10.622878745 10.588217
11.900000875 11.469392
11.637602002 11.586683
11.999998417 12.11011
12.299998172 12.070216
11.900000875 11.921409
11.195825632 11.608316
15.1 14.687504
11.300000237 11.256087
11.800000504 11.853891
11.1 11.140873
11.599999679 11.590136
11.900000875 12.443242
11.500000186 11.765892
14.1 14.105538
12.199999035 11.977472
11.1 11.106663
11.599999679 11.580104
12.499996913 12.32146
11.1 11.441277
14.200179498 13.763769
11.224938737 11.176922
11.200000128 11.234993
11.1 11.457075
11.200000128 11.1874695
12.199999035 11.5604925
11.1 11.238805
11.900000875 12.006859
10.058607315 10.135644
11.999998417 11.630644
10.1 11.944575
11.1 11.420664
10.702059991 10.679128
11.200000128 11.278815
11.999998417 11.226463
13.699980365 13.1880665
13.699980365 12.103956
11.699999383 11.577238
11.200000128 11.359751
11.599999679 11.610829
11.500000186 11.702276
11.300000237 11.416245
11.200000128 11.20832
12.622878745 12.542336
13.899970733 12.383984
11.200000128 11.196617
11.599999679 11.547213
13.200015437 13.023542
11.336120624 11.187794
14.700326279 14.865107
11.300000237 11.296975
11.599999679 11.71369
11.999998417 12.02818
11.500000186 11.608201
14.1 12.643789
11.300000237 11.331459
11.300000237 11.42802
11.300000237 11.272981
12.199999035 11.377183
13.500007822 13.690197
11.1 11.227826
11.198541679 11.619562
13.000008766 11.794169
10.599999953 10.891056
12.699997654 11.702515
11.300000237 11.520249
12.299998172 11.826151
11.404664894 11.112259
11.300000237 11.324773
11.1 11.157184
11.400000202 11.559185
11.800000504 11.900718
10.702059991 10.93269
11.400000202 11.599067
14.183690696 13.423674
11.699999383 11.742365
11.1 10.994341
11.599999679 11.339773
11.200000128 11.481634
11.200000128 11.534068
13.200015437 12.505536
12.299998172 11.911212
10.1 10.293577
11.900000875 11.824987
11.200000128 11.174904
11.300000237 11.28013
11.1 11.128015
11.1 11.078506
11.1 11.126452
11.400000202 11.761602
11.200000128 11.471898
12.599996932 11.70658
10.622878745 11.2207775
11.699999383 11.787767
11.300000237 11.457607
11.200000128 11.448471
11.300000237 11.341135
11.200000128 11.527644
13.000008766 12.648493
14.700326279 14.393847
11.1 11.097152
11.699999383 11.838963
12.899998135 12.422414
11.599999679 12.025098
12.599996932 13.016431
11.1 11.109876
11.999998417 12.055185
11.800000504 11.696302
11.999998417 12.019366
11.1 11.207354
11.900000875 11.763549
11.821246399 12.001106
11.200000128 11.182701
10.700000074999998 10.081784
11.200000128 11.216143
12.5867824 12.721024
11.200000128 11.392378
11.1 11.276891
11.900000875 11.96368
12.799991797 12.577962
11.800000504 11.687023
11.400000202 11.647662
11.200000128 11.205454
12.499996913 12.043217
11.699999383 11.672684
11.200000128 11.350491
11.200000128 11.205893
13.200015437 12.447706
12.281114585 12.898997
10.400000029 10.379591
10.300000031 10.60505
11.274370944 11.400711
12.499996913 12.862399
12.799991797 12.347394
11.400000202 11.49368
11.800000504 11.877122
11.900000875 11.612559
11.300000237 11.427246
11.1 11.314508
11.699999383 11.744575
12.028305216 11.774593
11.400000202 11.781422
11.900000875 11.746519
11.200000128 11.492119
11.1 11.645513
11.900000875 11.875512
11.400000202 11.211572
11.200000128 11.36607
11.200000128 11.238503
11.300000237 11.427473
11.200000128 11.203075
11.800000504 11.469152
10.702059991 10.680576
11.200000128 11.194954
11.1 11.428731
11.900000875 11.395513
11.500000186 12.050852
11.900000875 11.84093
12.199999035 12.75144
11.300000237 11.401891
13.976149852 12.852048
11.1 11.461643
12.799991797 13.133419
11.200000128 11.347382
11.500000186 11.565455
11.300000237 11.568714
11.800000504 11.782797
11.200000128 11.171966
11.300000237 11.317074
11.196910013 11.429234
11.599999679 11.808159
12.499996913 12.212366
11.699999383 11.769804
12.199999035 11.990664
11.300000237 11.331353
13.895880017 11.959772
13.196910013 13.272354
10.599999953 10.666483
12.199999035 11.555446
11.900000875 11.833334
11.200000128 11.475052
15.058607315 13.485223
11.800000504 11.761795
13.340332155 13.340388
12.446787486 12.461097
11.1 11.447089
13.1 13.019403
11.200000128 11.440203
11.300000237 11.340164
10.300000031 11.24214
11.200000128 11.191611
11.1 11.149361
12.499996913 11.423545
11.699999383 11.685219
11.800000504 11.595968
12.446787486 11.632389
11.400000202 11.350384
14.125949097 15.840748
11.699999383 11.6686535
11.999998417 11.747048
11.900000875 11.812838
11.200000128 11.2480755
11.200000128 11.17687
11.500000437 11.753404
11.200000128 11.259068
11.175305061 11.195074
11.200000128 11.246545
11.400000202 11.542947
10.400000029 10.293319
11.170581074 11.961377
11.800000504 11.785243
11.300000237 11.44663
11.200000128 11.256123
11.800000504 11.784333
11.200000128 11.191392
12.699994365 12.45318
11.300000237 11.911833
11.1 11.142742
11.900000875 11.775999
12.844727495 11.09133
11.400000202 11.379821
11.300000237 11.287241
13.699980365 13.42438
11.200000128 11.318766
12.199999035 12.087533
11.500000186 11.513109
11.1 11.583029
11.900000875 11.629507
11.108773924 11.171272
11.1 11.252896
13.000008766 12.347682
11.699999383 12.03379
11.900000875 11.736188
12.599996932 12.577819
11.200000128 11.772838
11.800000504 11.777563
11.300000237 11.516872
12.799991797 12.746279
11.999998417 12.058008
13.200015437 12.584792
10.798970004 11.265146
10.200000019 10.652878
11.300000237 11.334991
12.899998135 11.880958
11.200000128 11.323536
11.1 11.108878
11.999998417 11.8866205
11.599999679 11.623396
11.699999383 11.378825
11.900000875 11.725723
11.1 11.225722
11.699999383 11.677304
12.699997654 12.344524
11.800000504 11.794355
11.155517328 11.24662
12.844727495 11.3521
11.200000128 11.216225
11.699999383 11.723435
11.300000237 11.286743
14.986056648 14.856185
11.800000504 11.860046
14.37572413 13.886362
11.699999383 11.919397
11.599999679 11.664627
11.599999679 11.651421
12.799991797 12.766996
11.900000875 11.5844
11.1 10.945058
11.300000237 11.25077
11.999998417 11.320442
11.900000875 11.899807
11.699999383 11.878738
11.400000202 11.5842495
11.777780705 12.368887
11.999998417 11.752058
11.1 11.112541
11.999998417 11.894165
11.800000504 11.831057
11.1 11.373427
11.400000202 11.418329
12.499996913 12.230544
14.500116928 14.127987
11.300000237 11.381419
11.200000128 11.19747
11.999998417 11.888583
11.800000504 11.738954
11.747817482 11.703863
11.400000202 11.386292
11.798970004 12.41527
13.000008766 12.601828
12.399997603 11.585999
11.900000875 12.017495
11.400000202 11.497734
12.899998135 12.534288
11.500000186 11.944356
11.699999383 11.398739
11.599999679 11.422456
11.900000875 11.873848
11.500000186 11.471759
10.599999953 10.257107
11.1 11.673335
12.899998135 13.303956
12.199999035 11.814527
11.999998417 11.807394
11.1 11.306937
11.200000128 11.202404
10.702059991 10.676024
11.800000504 11.804321
11.200000128 11.323019
11.500000186 11.550882
11.300000237 11.156743
11.685026652 11.672234
11.500000186 11.916561
12.499996913 11.504593
11.699999383 11.77425
11.500000186 11.918503
11.300000237 11.552245
11.800000504 11.790967
13.608638306 13.480782
11.800000504 11.859646
11.400000202 11.538961
11.900000875 12.332096
14.500116928 14.5851555
11.200000128 11.197935
13.899970733 12.765786
12.899998135 11.921598
10.400000029 10.396499
13.1 11.907331
11.999998417 12.115044
11.400000202 11.291202
11.699999383 11.55531
11.599999679 11.703806
11.300000237 11.754885
14.798970004 12.898068
11.800000504 11.827193
11.200000128 11.818051
9.798970004 9.849539
12.233122186 12.400736
11.200000128 11.246321
11.300000237 11.284216
11.500000186 11.590196
11.900000875 12.018028
11.300000237 11.431237
11.200000128 11.524562
11.500000186 12.120152
11.200000128 11.244617
11.1 11.389432
11.200000128 11.219372
10.300000031 10.488485
11.200000128 11.176213
12.299998172 12.245749
11.300000237 11.337784
11.800000504 11.789119
10.923908741 11.009942
11.200000128 11.327245
11.1 11.094376
11.200000128 11.220913
11.200000128 11.127567
11.999998417 12.782127
12.399997603 12.359369
11.1 11.260936
12.899998135 12.724436
11.599999679 11.617821
11.599999679 11.438348
11.200000128 11.216291
12.1 11.604636
11.200000128 11.187407
11.300000237 11.352813
11.900000875 11.341471
11.400000202 11.257242
11.1 11.089193
11.500000186 11.5568285
11.599999679 11.391241
11.300000237 11.374601
11.200000128 11.325918
11.300000237 11.345429
11.1 11.151215
14.1 12.957702
11.500000186 11.675565
11.1 11.079811
10.700000074999998 11.667146
11.500000186 11.673687
11.1 11.141118
11.900000875 11.860587
11.200000128 11.326003
10.47675071 10.455909
13.000008766 12.830436
11.300000237 11.274812
12.799991797 11.913713
11.200000128 11.281107
11.175793581 11.296343
11.1 11.242933
11.25490196 11.456487
11.599999679 11.702861
11.1 11.092077
11.300000237 11.374805
13.1 11.603138
11.1 11.151644
11.699999383 11.802517
11.900000875 11.846588
11.800000504 11.852686
12.499996913 12.643159
12.499996913 12.321027
11.699999383 11.880907
12.399997603 12.763935
11.1 12.083059
13.000008766 12.501807
11.800000504 11.610712
12.637602002 12.818437
11.200000128 11.223167
12.299998172 11.643225
11.150000064 11.229761
11.300000237 11.395275
11.500000186 11.544259
9.798970004 9.807866
9.702059991 9.917801
11.900000875 12.068568
11.200000128 11.5687275
9.798970004 9.906861
11.500000186 11.424963
11.200000128 11.238409
11.699999383 11.604336
11.200000128 11.144482
11.1 11.243726
11.800000504 11.92311
11.1 11.308369
11.500000186 11.517404
12.299998172 11.586226
11.999998417 11.9775715
11.200000128 11.269509
11.599999679 11.941878
11.1 11.196145
11.599999679 11.474912
11.200000128 11.337754
11.800000504 11.788462
11.900000875 11.949205
11.800000504 11.82612
11.200000128 11.282381
12.499996913 12.208847
11.392429824 12.064031
14.700326279 11.47134
11.699999383 11.537321
11.200000128 11.253935
11.900000875 11.960163
11.800000504 11.831827
11.699999383 11.718977
11.900000875 11.917588
11.599999679 11.580521
11.1 11.522112
11.200000128 11.301516
11.800000504 11.74193
11.699999383 11.678512
11.1 11.133606
11.800000504 11.899038
12.020818754 11.869125
11.1 11.206846
11.699999383 12.128648
11.900000875 11.982236
11.900000875 11.820507
11.200000128 11.18053
11.699999383 12.206549
11.400000202 11.8669195
11.900000875 11.968295
9.47675071 10.153999
11.999998417 11.975979
13.1 12.311098
11.699999383 11.953553
11.900000875 11.905878
12.199999035 12.019967
11.200000128 11.21598
11.500000186 11.407007
11.599999679 11.594336
11.1 11.202944
11.999998417 11.815313
11.300000237 11.311722
11.800000504 11.295458
11.200000128 11.232543
11.200000128 11.271283
12.1 11.943722
11.000000142 11.365359
9.798970004 9.815018
11.500000186 11.4374895
11.1 11.079325
12.899998135 12.429023
11.200000128 11.273296
11.699999383 11.351258
12.199999035 11.579046
11.200000128 11.180468
11.800000504 11.624058
11.800000504 11.70759
11.500000186 11.721277
11.200000128 11.434537
11.900000875 11.856164
11.900000875 11.891135
12.1 11.785059
11.699999383 11.759943
11.500000186 11.916496
12.199999035 11.949745
14.901342913 14.245961
11.400000202 11.411162
11.699999383 12.020588
11.699999383 11.4575615
11.900000875 11.788267
11.343922179 11.4263315
11.599999679 11.485893
13.897412227 13.390278
9.1 11.073576
11.986056648 12.495651
11.300000237 11.340663
10.1 11.530026
11.900000875 11.96157
11.999998417 11.657536
11.599999679 11.886604
11.497940009 11.145763
12.622878745 12.648826
12.399997603 12.41684
11.200000128 11.184641
11.699999383 11.716086
11.200000128 11.130827
11.1 11.161412
11.599999679 12.500867
11.1 11.966359
10.497940009 13.051471
11.25490196 11.332662
11.1 11.069058
11.500000186 11.489791
12.499996913 12.338196
11.200000128 11.29703
11.800000504 12.202796
11.300000237 10.926009
11.200000128 11.275825
11.400000202 11.41864
11.500000186 11.237406
11.200000128 11.550063
11.500000186 11.925294
11.300000237 11.434904
11.400000202 11.323401
13.648455007 14.060543
11.757577319 11.962172
11.599999679 11.571035
11.400000202 11.416127
11.500000186 11.549297
11.500000186 11.821806
12.199999035 11.891805
12.399997603 11.666746
10.800000069 11.192736
11.497940009 11.757558
11.800000504 11.396198
11.300000237 11.55732
11.200000128 11.40033
11.800000504 11.664023
13.699980365 13.244501
11.400000202 11.448629
10.497940009 10.621944
9.798970004 9.714674
11.400000202 11.440268
13.000008766 12.058474
11.1 11.229953
12.599996932 13.162421
12.799991797 13.070795
11.500000186 11.682212
11.500000186 11.468349
11.599999679 11.655283
11.200000128 11.259122
13.32184875 13.137465
11.800000504 11.797182
11.1 11.094548
15.999629455 12.529175
11.1 11.108545
11.200000128 11.1447
11.500000186 11.723015
11.800000504 11.7723675
11.699999383 11.686049
11.1 11.09482
11.500000186 11.663311
11.999998417 11.87569
12.599996932 11.978211
11.599999679 11.429473
11.400000202 11.382784
11.900000875 11.898144
12.299998172 11.776547
11.200000128 11.732346
11.200000128 11.467903
13.399988938 13.167776
11.500000186 11.623426
11.999998417 12.155699
11.900000875 11.918961
11.599999679 11.527238
11.999998417 12.38323
11.999998417 12.042053
10.779134999 11.249916
11.200000128 11.144979
12.199999035 12.830925
11.599999679 11.629249
11.900000875 11.905267
11.599999679 11.55217
11.200000128 11.921764
11.200000128 11.267772
11.599999679 11.519896
14.901342913 14.477841
11.599999679 11.675158
11.800000504 11.918631
11.900000875 11.437529
11.200000128 11.204905
11.200000128 11.3386545
11.699999383 11.681012
11.1 11.232482
11.900000875 12.083593
11.300000237 11.528173
10.1 12.138694
13.200015437 12.922099
12.499996913 12.733793
11.1 11.09114
11.800000504 12.248322
11.200000128 11.226938
10.300000031 11.379631
11.999998417 11.8307705
11.300000237 11.312575
11.1 11.191663
11.200000128 11.368532
11.543697499 12.045779
11.699999383 11.817087
11.900000875 11.821682
11.1 11.22168
11.900000875 11.905735
11.1 11.207389
11.500000186 12.079932
11.999998417 11.874164
10.622878745 10.565887
11.710833916 11.604681
11.900000875 11.4574795
13.1 12.817066
11.800000504 11.826186
14.329147988 14.472191
14.923908741 14.167999
11.800000504 11.840921
10.702059991 10.889385
12.1 12.040762
11.900000875 12.006868
11.400000202 11.388039
12.1 11.855806
11.200000128 11.352586
11.500000186 11.413206
11.900000875 11.942376
11.691760035 11.55135
11.1 11.2505455
11.300000237 11.702814
11.900000875 12.043953
11.300000237 11.572134
11.900000875 11.558466
11.300000237 11.281704
11.300000237 11.453995
11.561329795 11.593681
11.1 11.1574135
14.299970641 13.268689
11.800000504 11.823855
11.500000186 11.731643
12.399997603 11.8583765
11.500000186 11.788984
11.999998417 12.070707
11.200000128 11.348959
11.800000504 11.754955
11.200000128 11.261922
11.599999679 11.802138
11.1 11.298204
12.199999035 11.828953
12.1 11.932775
11.500000186 11.544847
14.1 13.777522
11.300000237 11.314676
11.800000504 11.6851
11.800000504 11.855092
11.500000186 11.543522
11.200000128 11.219532
12.199999035 11.444698
11.578861916 11.548133
11.300000237 11.475262
12.1 11.865278
11.400000202 11.460382
11.900000875 11.897233
11.800000504 12.151922
12.300659451 12.3561535
11.200000128 11.263128
12.199999035 12.034363
12.699997654 12.36254
11.300000237 11.266577
11.800000504 11.89786
11.200000128 11.572035
11.300000237 11.320086
12.1 12.027601
11.1 11.116093
11.699999383 11.94581
11.500000186 11.785455
12.199999035 11.996927
11.187860421 11.2073555
12.799991797 12.854964
11.599999679 11.520789
11.25490196 11.257025
12.1 12.0291815
14.32184875 14.095247
11.699999383 11.694585
11.800000504 11.879491
11.497940009 11.463358
11.400000202 11.66174
11.900000875 11.858683
11.200000128 11.243662
11.200000128 11.540199
11.500000186 11.709812
11.200000128 11.301321
11.200000128 11.468344
12.599996932 12.857252
11.900000875 11.981766
11.1 11.315926
12.1 12.006656
11.200000128 11.356172
11.200000128 11.271622
12.499996913 13.112925
11.404664894 11.277369
11.200000128 11.148497
11.999998417 11.965966
11.599999679 11.681163
10.1 10.440616
11.900000875 11.870442
13.399988938 12.687275
13.737937407 13.20385
11.699999383 11.666659
11.300000237 11.522078
11.300000237 11.299928
11.953871964 11.833311
12.499996913 12.548818
10.1 9.943661
11.1 11.175503
13.299970641 12.978463
11.400000202 11.491667
11.200000128 11.553911
11.300000237 10.991693
11.900000875 12.228635
11.1 11.139242
10.1 10.363062
10.1 10.235856
11.300000237 11.442095
14.901342913 12.345643
11.599999679 11.593927
11.300000237 11.288173
12.180921908 12.514681
9.798970004 9.836451
11.300000237 11.815341
11.400000202 11.724378
11.1 11.130772
11.1 11.983938
10.798970004 11.585743
11.599999679 11.837639
13.32184875 12.935964
14.999629455 14.493828
12.058607315 12.015165
11.200000128 11.278595
11.500000186 11.679787
11.1 10.898804
11.599999679 11.355327
11.1 11.137569
11.200000128 11.485282
11.200000128 11.510352
11.599999679 11.529611
11.500000186 11.56691
14.162118807 13.771519
11.200000128 11.256287
11.800000504 11.852554
11.300000237 11.8679905
11.200000128 11.3231
11.1 11.565567
11.200000128 11.30256
11.1 11.236641
11.1 11.092523
11.800000504 11.796007
11.1 10.89725
11.200000128 11.27043
11.500000186 11.4862
12.278486472 12.080096
11.400000202 11.413432
11.699999383 11.475586
11.904100348 11.754661
14.901342913 15.077648
11.200000128 11.293194
11.800000504 11.640056
11.1 11.175262
11.200000128 11.243577
12.427902142 13.615577
11.599999679 11.312056
11.300000237 11.272276
14.1 13.263063
11.500000186 11.807594
11.699999383 11.629342
11.200000128 11.098569
11.1 11.130545
11.1 11.149064
11.1 11.138544
11.900000875 11.760552
11.200000128 11.540302
11.349999839 11.795898
11.900000875 11.878585
11.200000128 11.336905
11.1 11.157131
11.1 11.250048
11.1 11.064642
11.699999383 11.511061
15.508935393 15.075897
11.500000186 11.511932
11.400000202 11.381416
12.299998172 11.93733
11.599999679 11.313295
13.37572413 13.1337185
11.800000504 11.651215
12.1 12.245209
11.200000128 11.298559
11.1 11.226629
14.307608311 14.1353035
11.198147292 11.088005
11.300000237 11.569715
11.1 11.192579
12.399997603 11.491431
12.953871964 12.9746685
10.798970004 10.8716755
11.300000237 11.308896
10.499999968 11.447907
12.499996913 11.909148
12.599996932 11.716261
11.800000504 11.916912
11.200000128 11.201696
11.400000202 11.298753
11.400000202 11.857304
11.500000186 11.521564
12.499996913 12.355728
11.300000237 11.529309
11.000000142 11.125641
12.599996932 11.86176
12.199999035 12.083796
13.699980365 13.108559
11.200000128 11.164336
12.399997603 12.1575165
11.200000128 11.41284
11.900000875 11.699196
11.800000504 11.919212
11.32184875 11.526508
11.300000237 11.340479
11.400000202 11.4584
11.500000186 11.3073015
11.200000128 11.254063
13.299970641 12.376878
11.1 11.297859
13.399988938 12.08196
11.599999679 11.325454
11.200000128 11.638516
13.200015437 12.7358265
11.599999679 11.575852
13.461510743 12.67069
11.900000875 11.735069
10.555931955999998 10.782968
11.300000237 11.300801
11.699999383 11.73196
11.500000186 11.548331
11.200000128 11.247589
11.900000875 11.900368
12.399998827 12.149736
11.900000875 11.947929
11.900000875 11.933759
11.900000875 11.913286
12.599996932 12.75922
11.300000237 11.318973
11.900000875 11.506961
13.058607315 11.708151
11.800000504 11.793587
10.401029995999998 10.361555
11.500000186 11.592909
11.500000186 11.502604
12.799991797 11.447932
14.200179498 12.538887
11.006578315 10.680544
11.999998417 11.419123
11.500000186 11.248631
11.200000128 11.153299
11.699999383 11.7326355
10.622878745 10.887347
11.400000202 11.857368
12.020818754 12.058463
11.336514327 11.356836
12.1 11.8117485
11.1 11.107867
14.200179498 13.490242
11.1 11.861159
9.890484985 10.060346
12.351811973 12.443985
14.798970004 14.415526
12.1 12.447273
11.800000504 12.210147
11.1 11.161484
11.599999679 11.623552
11.1 11.223454
12.1 12.211771
14.497940009 13.615816
11.200000128 11.258357
11.699999383 11.772146
13.508935393 13.615673
11.200000128 11.832451
12.359378467 11.875723
11.392429824 11.45037
11.599999679 12.274775
12.799991797 12.4204035
11.300000237 11.659525
11.1 11.581784
11.1 11.682639
11.1 11.203952
11.999998417 12.021579
11.400000202 11.730984
11.1 11.207528
11.1 11.3441515
11.300000237 11.495329
11.300000237 11.662267
12.399997603 12.411921
12.199999035 11.395271
11.435792102 11.405062
11.699999383 11.870815
11.1 10.797848
12.199999035 12.617205
11.400000202 11.572627
11.300000237 11.4182625
11.1 11.40226
14.1 13.74168
13.000008766 11.31522
13.899970733 13.45971
11.900000875 11.928694
13.299970641 12.518482
12.699997654 11.752329
11.900000875 11.943903
10.200000019 10.039837
11.300000237 11.59646
11.200000128 11.440185
10.400000029 10.758207
11.1 11.126926
11.900000875 11.810164
11.900000875 11.948434
12.1 11.932318
10.400000029 10.544518
11.699999383 11.82394
10.543697499 10.87777
11.1 11.138853
11.1 11.387889
11.900000875 11.855762
11.200000128 11.205868
11.699999383 11.694185
11.1 11.246574
11.300000237 11.477188
12.899998135 12.145551
11.699999383 12.015572
11.400000202 11.320893
11.1 11.219965
11.200000128 11.383081
13.299970641 13.064865
12.699997654 11.988039
11.300000237 11.472392
13.200015437 12.864403
11.200000128 11.160774
11.999998417 11.899677
10.400000029 10.559116
11.1 11.3712015
11.900000875 12.120015
11.300000237 11.258814
12.699997654 12.393287
11.699999383 12.003018
11.800000504 11.827469
11.300000237 10.811185
11.200000128 11.201814
11.1 11.118453
11.1 11.409887
11.400000202 11.436261
11.1 11.119576
11.400000202 11.702705
11.200000128 11.353968
11.1 11.22849
11.200000128 11.177142
11.500000186 11.718612
11.300000237 11.436327
11.800000504 11.528214
11.300000237 11.242632
11.900000875 11.912024
11.1 11.451249
12.1 11.514185
11.500000186 11.242573
11.1 11.21379
10.401029995999998 10.421504
11.900000875 11.804314
11.1 10.979694
11.200000128 11.227753
11.500000186 12.248623
11.1 10.877401
11.1 11.211937
12.199999035 12.040585
11.699999383 11.676232
13.200015437 12.415515
11.300000237 11.326882
11.1 11.105772
9.401029995999998 9.428857
11.1 11.143427
11.200000128 11.378143
12.399997603 11.814635
11.599999679 11.734104
11.200000128 11.489558
12.399997603 11.968662
14.321062696 12.738795
11.699999383 11.527599
11.300000237 11.494138
11.500000186 11.559318
11.1 11.093336
11.662249437 11.662838
11.200000128 11.272685
11.637602002 11.498459
11.500000186 11.898625
11.200000128 11.28833
14.622878745 14.035168
11.800000504 11.467588
11.900000875 11.935664
11.463512104 12.26314
10.200000019 10.695751
11.200000128 11.191147
10.702059991 10.649594
11.800000504 11.868177
11.699999383 11.681866
11.500000186 11.538322
11.1 11.70211
11.200000128 11.216099
11.999998417 12.004791
11.200000128 11.282282
11.200000128 11.403122
11.300000237 11.376926
11.699999383 11.6023445
12.899998135 12.381141
11.1 11.153914
11.200000128 11.675026
11.1 11.096937
11.599999679 11.682772
11.32184875 10.947775
11.1 10.869132
10.599999953 10.611697
13.500007822 13.452518
11.800000504 11.336195
12.599996932 12.514894
10.200000019 10.319369
11.500000186 11.516211
11.1 11.358015
11.1 11.091101
10.1 10.108303
11.200000128 11.183767
11.1 11.497723
10.401029995999998 10.518978
11.200000128 11.56078
11.400000202 11.676678
11.1 11.370474
10.499999968 10.731557
11.500000186 11.521865
11.1 11.197181
12.399997603 12.155271
11.200000128 11.249422
14.200179498 13.115833
11.300000237 11.2707405
11.200000128 11.387096
11.200000128 11.225999
13.399988938 12.634176
13.1 12.49622
11.500000186 11.555006
11.1 11.17787
14.261150909 14.0367
11.300000237 11.415144
9.798970004 9.889871
11.200000128 11.201487
11.800000504 11.555461
11.599999679 12.095059
13.8000571 13.570215
13.066141733 12.507397
10.800000069 10.787178
11.400000202 11.364515
11.800000504 11.768704
11.300000237 11.625781
11.1 11.114077
11.1 11.243168
10.1 9.966253
9.798970004 9.931155
11.699999383 11.8793545
11.800000504 11.796527
12.058607315 11.427681
11.1 11.649895
11.999998417 11.940347
11.400000202 11.508316
11.400000202 11.644297
11.1 11.10766
11.900000875 11.679712
11.599999679 11.934356
11.1 11.033992
14.219186408 14.599909
11.500000186 12.174815
11.1 11.120341
11.1 11.247008
11.599999679 11.414201
11.300000237 11.290276
10.798970004 10.974867
11.200000128 11.782175
11.200000128 11.159694
11.1 11.1772175
12.299998172 12.214209
11.200000128 11.185934
13.000008766 13.032738
12.427902142 11.99092
11.500000186 11.554254
11.1 11.121296
11.400000202 11.605121
10.1 10.027487
11.300000237 11.348503
12.794648631 12.163835
10.401029995999998 10.548436
11.401029996 11.413751
11.699999383 11.670023
11.200000128 11.370944
10.900000053 10.70541
11.900000875 11.853572
11.300000237 11.5412445
11.900000875 12.030367
11.200000128 11.16003
11.200000128 11.699133
13.267491087 13.089924
11.400000202 11.442698
12.199999035 12.470728
11.699999383 11.706194
9.798970004 9.822437
11.599999679 11.775387
11.1 11.369916
11.699999383 11.837422
11.200000128 11.159406
11.500000186 11.263096
11.200000128 11.179491
11.900000875 11.897068
11.200000128 11.495306
11.999998417 11.922708
11.500000186 11.611456
11.800000504 11.770458
11.900000875 12.068909
12.899998135 12.475998
10.622878745 10.814267
11.999998417 11.8205805
11.400000202 11.361563
10.622878745 10.753064
11.629298919 11.95475
11.200000128 11.212656
11.200000128 11.681311
11.1 11.12822
11.200000128 11.264519
11.1 11.274317
12.1 12.175451
11.800000504 11.938837
11.599999679 11.724863
11.300000237 11.250586
12.1 11.658683
11.400000202 11.385862
11.500000186 11.6135845
11.1 11.273695
11.500000186 11.75247
12.299998172 11.937639
14.999629455 14.192069
11.500000186 11.461494
11.999998417 11.921435
13.1 12.036477
11.400000202 11.349513
12.378189385 12.310796
14.497940009 12.704577
11.800000504 11.733836
11.999998417 11.714153
11.699999383 11.786048
11.500000186 11.700428
11.1 11.343566
11.300000237 11.438303
15.1 14.457144
11.400000202 11.361938
11.800000504 11.829422
11.200000128 11.375897
11.1 11.170555
13.122276395 13.224403
11.699999383 12.246628
10.1 10.470584
11.1 11.104843
11.200000128 11.270529
11.900000875 11.955738
11.300000237 11.650095
14.1 14.166654
11.1 11.344591
12.499996913 12.237419
11.200000128 11.172476
12.899998135 12.300603
11.1 11.147846
11.1 11.298527
10.923908741 10.847878
13.1 13.009504
11.699999383 11.744769
11.500000186 11.683357
11.900000875 12.556637
11.300000237 11.38225
11.500000186 11.543067
11.000000142 10.8217945
11.200000128 11.268179
11.200000128 11.186945
13.000008766 13.265119
10.555931955999998 10.828426
11.800000504 11.969482
11.900000875 11.861875
11.1 11.327825
12.299998172 12.061023
11.200000128 11.229181
12.1 11.485401
11.359637311 10.400731
11.300000237 11.350014
11.1 11.102343
12.1 11.924739
13.58148606 13.362397
11.200000128 11.156585
11.200000128 11.403109
11.400000202 11.5655155
11.900000875 12.326433
14.1 14.214369
11.1 11.722193
11.1 11.119034
12.399997603 11.866566
12.1 11.882753
11.200000128 11.594717
11.555931956 11.379205
11.900000875 11.7772255
11.400000202 11.374909
11.400000202 11.956617
11.200000128 11.392058
12.020818754 11.649176
10.200000019 10.804453
11.1 11.090452
11.200000128 11.133587
12.699997654 12.054928
11.300000237 11.194144
11.800000504 11.40925
12.36760624 12.547358
10.400000029 10.339076
11.300000237 11.339051
11.1 11.080032
11.900000875 11.999899
11.200000128 11.191166
11.200000128 11.203192
11.599999679 12.289815
11.1 11.206276
11.800000504 12.078066
11.400000202 11.326843
12.399997603 11.409015
11.699999383 11.3584795
11.400000202 11.990783
11.500000186 11.438322
11.900000875 11.892869
11.400000202 11.459696
10.800000069 10.96458
11.200000128 11.198992
11.800000504 11.994537
11.200000128 11.296137
10.1 10.283272
14.777780705 14.833947
11.500000186 11.843363
11.800000504 11.522599
12.760172087 11.228778
10.900000053 11.120645
13.99997427 13.62434
11.1 11.117342
14.622878745 14.187931
11.101304842 12.01436
11.1 11.079358
14.400162274 14.453251
10.719788758 10.507495
11.400000202 11.347328
11.900000875 11.911749
11.1 11.235018
11.900000875 12.831926
11.200000128 11.213017
11.699999383 11.629736
11.1 11.493346
11.500000186 11.521446
11.777780705 11.863512
11.300000237 11.311573
11.599999679 11.726171
11.599999679 11.572922
12.1 11.283779
11.200000128 11.257628
11.500000186 11.48917
12.199999035 11.982592
12.461510743 12.494039
11.1 11.076684
11.1 11.257094
11.1 11.065112
11.200000128 11.213005
11.300000237 11.405016
11.500000186 11.681505
11.900000875 11.859166
11.800000504 11.870002
12.1 11.649935
11.599999679 11.559051
11.300000237 11.294692
11.200000128 11.395158
11.699999383 11.8375635
11.800000504 11.627734
11.900000875 11.938343
11.49999981 11.349768
11.900000875 11.884611
12.499996913 12.554818
11.300000237 11.461043
11.200000128 11.211347
11.400000202 11.4315605
13.1 13.015657
11.500000186 11.753374
11.1 11.185032
11.500000186 11.567814
13.351811973 13.174618
11.300000237 11.347511
11.1 11.072554
11.599999679 11.22565
11.200000128 11.243027
11.300000237 11.488819
11.500000186 11.777982
11.1 11.230927
11.599999679 11.753145
13.1 13.216574
11.300000237 11.435468
11.1 11.126412
10.1 10.101286
14.299970641 13.059234
11.300000237 11.376757
11.599999679 11.643118
12.040815382 12.679504
11.500000186 11.473554
10.900000053 11.202542
11.1 11.148554
11.999998417 12.038164
10.622878745 10.454733
11.1 11.153004
11.200000128 11.316311
11.200000128 11.193333
10.662469368 10.950043
11.599999679 11.554037
11.1 11.089672
11.400000202 11.256695
11.1 11.131545
11.599999679 11.62105
11.1 11.248831
14.844727495 13.192153
13.899970733 13.240165
11.200000128 11.312046
11.200000128 11.199729
13.899970733 13.642666
11.1 11.170391
11.800000504 11.508894
11.900000875 11.56059
11.500000186 11.451087
11.400000202 11.364662
12.199999035 11.738813
11.900000875 11.888464
11.999998417 11.8139105
10.702059991 10.887622
11.200000128 11.59498
12.499996913 12.357752
11.200000128 11.182989
11.500000186 11.606187
13.8000571 12.974295
12.051962381 11.753363
11.900000875 11.905378
10.1 10.087069
11.1 11.1060095
12.1 11.671284
11.599999679 11.705621
11.200000128 11.220774
13.600038134 14.183808
11.200000128 11.353841
14.299970641 13.344387
12.899998135 12.111683
11.400000202 11.2764
11.1 11.198067
11.500000186 11.693554
12.299998172 11.713905
11.999998417 11.992609
11.300000237 11.238413
11.500000186 11.444107
11.800000504 11.932191
10.622878745 11.501724
13.99997427 13.339569
11.200000128 11.462968
11.800000504 11.765573
11.900000875 12.003233
11.200000128 11.162655
11.500000186 11.53975
11.500000186 11.527727
11.599999679 11.51659
11.699999383 11.518706
11.200000128 11.251109
11.200000128 11.202855
12.19998532 11.946301
11.1 11.035896
11.900000875 11.841537
11.200000128 11.243465
11.300000237 11.37543
11.999998417 11.7398205
11.999998417 11.857491
11.900000875 11.92074
11.699999383 11.532458
11.200000128 11.250189
11.1 11.10895
12.399997603 11.980892
12.499996913 11.714971
11.500000186 10.7516
11.900000875 11.876468
11.599999679 11.666916
11.400000202 11.614613
12.599996932 12.890871
11.900000875 11.852093
11.900000875 11.855876
11.1 11.136857
11.800000504 11.873913
11.900000875 11.901868
11.900000875 11.817076
14.401029996 11.613718
11.300000237 11.306661
11.900000875 12.063691
13.270473773 12.386525
11.900000875 11.859802
11.200000128 11.213125
13.699980365 13.847314
13.8000571 12.902905
9.798970004 10.218466
11.300000237 11.435053
11.500000186 11.768669
11.999998417 12.015406
11.999998417 11.537832
12.699997654 12.470432
12.299998172 12.168368
11.900000875 11.810506
11.599999679 11.716052
11.300000237 11.378921
12.499996913 12.086533
11.400000202 11.786656
11.999998417 12.679794
12.499996913 12.518013
11.1 11.152968
13.399988938 13.290998
10.622878745 10.688891
11.400000202 11.366313
13.32184875 13.20779
11.200000128 11.363776
11.200000128 11.320965
11.400000202 11.573992
11.200000128 11.808772
11.300000237 11.369744
12.399997603 12.404077
11.300000237 11.6172905
11.1 11.069558
11.1 11.759994
13.1 11.529027
11.599999679 11.787598
11.300000237 11.294226
11.500000186 11.877181
12.359637311 12.046066
12.699997654 12.615273
11.699999383 11.940475
11.1 11.742601
11.400000202 11.371828
11.300000237 12.420637
11.500000186 11.669635
11.699999383 11.678517
11.900000875 12.022646
11.900000875 11.857166
11.699999383 11.553568
12.299998172 12.199175
11.500000186 11.644636
14.299970641 14.331169
11.400000202 11.418676
11.1 11.141033
11.200000128 11.277878
13.1 12.83917
11.699999383 11.68872
12.900000282 12.648142
11.300000237 11.458839
12.798970004 11.17236
11.200000128 11.1747265
11.900000875 11.906711
13.1 13.138075
11.300000237 11.212665
11.900000875 11.712507
11.1 11.266704
12.199999035 11.789056
12.599996932 12.586226
12.699997654 11.813487
10.702059991 10.747929
12.555931956 12.486874
11.1 11.095939
11.200000128 11.359508
11.1 11.101579
11.200000128 11.261696
11.900000875 12.368412
12.213509275 12.524753
12.196910013 12.381648
13.1 12.1921425
11.500000186 11.570447
11.599999679 11.479879
11.200000128 11.337416
12.599996932 12.289821
11.798970004 11.525135
11.900000875 12.061559
11.844727495 12.472656
13.899970733 13.679441
11.53062609 11.02408
11.500000186 11.702154
11.999998417 11.89362
12.128260409 11.358541
11.999998417 11.940161
11.900000875 11.918664
11.500000186 11.867773
11.800000504 11.959456
11.401029996 11.323644
11.900000875 12.015324
12.199999035 11.828251
12.1 12.179147
11.900000875 11.944838
11.599999679 11.594376
11.23914764 11.398682
11.555931956 11.089688
10.401029995999998 10.583966
11.699999383 11.707531
11.200000128 11.294103
11.500000186 11.876317
12.799991797 12.811321
11.300000237 11.80983
11.200000128 11.228443
11.900000875 11.919426
11.599999679 11.594712
11.500000186 11.596982
11.999998417 11.695789
10.145757491 10.007115
12.599996932 12.25254
11.400000202 11.394212
11.300000237 11.442296
11.900000875 11.960819
12.499996913 13.161524
11.200000128 11.440682
11.599999679 11.813896
11.500000186 11.404395
11.699999383 11.701316
11.400000202 11.598251
11.800000504 11.822394
12.699997654 12.011711
12.1 11.939565
11.400000202 11.384793
11.200000128 11.455032
11.400000202 11.557165
11.200000128 11.200743
11.500000186 11.845114
11.200000128 11.300951
11.1 11.259419
10.224938737 10.390886
11.500000186 11.485069
11.200000128 11.204597
11.800000504 11.525584
11.200000128 11.346619
11.200000128 11.270682
12.399997603 12.633738
10.700000074999998 10.821241
11.699999383 11.418766
11.900000875 11.932852
11.400000202 11.94004
12.1 12.257821
11.800000504 11.761372
11.500000186 11.772449
11.200000128 11.208491
11.699999383 12.342697
11.900000875 11.96684
11.300000237 11.376383
11.1 11.157743
12.899998135 11.632006
11.900000875 12.047728
10.200000019 10.375454
11.400000202 11.400778
11.1 11.4058275
10.400000029 10.322994
11.200000128 11.178899
11.599999679 11.463801
10.1 11.000243
11.200000128 11.384502
10.400000029 10.587954
12.199999035 12.2931385
11.900000875 11.895794
11.699999383 11.743447
11.1 11.420088
11.200000128 11.625475
11.200000128 11.162143
11.200000128 11.196785
11.599999679 11.532468
11.999998417 11.834864
11.599999679 11.668474
12.599996932 12.465696
11.1 11.096157
11.1 11.414456
10.401029995999998 10.401548
11.699999383 11.839254
11.543697499 11.808079
13.299970641 11.980117
11.763540266 11.928542
11.400000202 10.877506
11.800000504 11.893608
11.1 11.150667
11.699999383 11.64448
13.99997427 12.373993
11.800000504 11.860018
11.300000237 11.200355
11.200000128 11.380411
12.196910013 11.585173
12.199999035 12.139051
11.900000875 11.749403
13.150609993 12.408207
11.300000237 11.619541
11.300000237 11.360725
11.1 11.327444
13.1 11.812411
11.661170378 11.777108
13.869806696 12.84285
11.300000237 11.400893
11.1 12.58404
11.300000237 11.431952
11.599999679 11.608389
14.600312917 14.271979
13.020818754 12.631609
11.800000504 11.640468
11.800000504 11.827162
11.535333936 11.3496475
11.200000128 11.321325
11.599999679 11.600582
11.699999383 11.50403
11.900000875 11.739243
11.800000504 11.759203
11.300000237 11.213633
11.1 11.448237
12.299998172 11.772272
11.23076828 11.302481
11.500000186 11.562082
11.200000128 11.35919
10.400000029 10.423522
11.800000504 12.31456
11.999998417 11.780531
11.500000186 11.909362
11.599999679 11.616575
14.200179498 13.766118
12.499985367 12.113397
12.299998172 11.821965
11.699999383 11.607857
11.699999383 11.653335
11.900000875 11.93584
11.300000237 11.301886
11.500000186 11.655918
11.1 11.178246
13.1 12.583814
11.400000202 11.34914
11.300000237 11.370312
11.699999383 11.302675
11.200000128 11.145079
11.500000186 11.537916
14.999629455 14.48624
12.499996913 12.546574
11.1 11.107518
11.000000142 10.638598
11.1 11.035571
11.900000875 11.908742
11.400000202 11.371857
11.1 11.103128
12.926813732 13.12742
11.200000128 11.246519
11.300000237 11.268053
10.900000053 11.113845
12.1 11.835427
11.1 11.142884
11.300000237 11.33753
11.900000875 11.418223
12.1 12.214358
11.200000128 11.272896
11.900000875 12.012299
11.500000186 11.867758
11.500000186 11.674312
11.800000504 11.086949
11.800000504 11.591521
11.699999383 11.792804
11.699999383 11.50502
11.200000128 11.216745
14.058607315 14.284349
11.999998417 12.010342
11.200000128 11.299695
11.900000875 11.991567
12.1 11.949599
11.800000504 11.707235
11.999998417 11.946921
12.536518915 12.257536
11.200000128 11.229221
11.200000128 11.531827
9.798970004 9.8383465
11.200000128 11.213574
9.401029995999998 9.310835
11.560547508 12.763068
10.401029995999998 11.578531
11.699999383 11.903082
11.500000186 11.870421
11.300000237 11.317738
11.1 11.090326
11.200000128 11.29954
11.200000128 11.303059
10.145757491 10.178734
11.300000237 11.358847
11.200000128 11.195447
11.196910013 11.051622
15.1 14.378222
11.800000504 11.985847
11.1 11.127356
11.300000237 11.423109
11.200000128 11.415788
11.1 11.164337
12.51861955 12.181641
11.900000875 11.944735
11.900000875 11.879
11.800000504 11.745571
11.1 11.787897
11.500000186 11.768137
11.300000237 11.640668
11.300000237 11.676076
11.200000128 11.304089
13.99997427 12.981014
11.900000875 12.14538
12.199999035 12.0096655
11.699999383 11.69817
10.800000069 10.896877
11.400000202 11.370717
12.1 11.476704
11.900000875 11.872689
11.599999679 11.61224
11.944213282 11.531046
11.200000128 11.322984
11.300000237 11.306383
12.759379381 11.130969
11.145757491 11.376819
11.200000128 11.575091
11.599999679 11.666748
13.500007822 12.307802
11.599999679 11.724165
11.200000128 11.216593
11.900000875 11.880229
11.599999679 11.70499
11.300000237 11.348789
12.199999035 12.479914
11.900000875 12.042282
11.200000128 11.341534
11.800000504 11.643036
12.699997654 12.421578
10.702059991 11.111986
11.800000504 11.620785
10.300000031 10.55607
11.599999679 12.024851
11.37572413 11.006524
11.900000875 11.998022
11.200000128 11.433491
11.1 11.095623
11.300000237 11.197816
11.1 11.089689
13.299970641 12.412631
11.900000875 11.651974
11.1 11.499263
11.200000128 11.17476
12.799991797 12.236285
11.900000875 11.8826065
11.200000128 11.241321
11.1 11.70756
11.800000504 11.866319
11.1 11.170987
11.599999679 12.0939865
11.200000128 11.457556
11.200000128 11.275814
11.1 11.357798
11.200000128 11.200971
11.400000202 11.758501
10.122276395 10.125652
11.1 11.294926
13.99997427 12.677963
11.900000875 11.817539
11.900000875 11.931612
11.900000875 12.45687
11.900000875 11.37895
10.900000053 10.645351
11.599999679 11.408152
11.300000237 11.906006
13.600038134 13.240477
11.200000128 11.596844
11.200000128 11.28545
11.500000186 11.530793
11.800000504 11.728523
11.200000128 11.382161
11.900000875 12.012701
12.499996913 11.799044
9.798970004 9.867418
11.400000202 11.367471
11.200000128 11.178524
12.299998172 11.931047
11.900000875 11.836625
11.999998417 11.461774
11.200000128 11.266486
11.1 11.134154
11.800000504 11.781646
11.900000875 11.915718
11.699999383 11.904796
13.050004383 13.078278
10.901342913 10.89156
13.899970733 13.374088
10.83095429 10.603671
11.999998417 11.959734
11.900000875 11.871392
11.200000128 11.503917
11.300000237 11.396655
13.1 11.789714
11.1 11.16855
11.175305061 11.324022
11.1 11.206876
11.800000504 12.464276
14.700326279 14.998318
11.900000875 12.337481
11.1 11.58334
11.400000202 11.397227
12.1 11.681144
11.200000128 11.383688
11.599999679 11.5791
12.1 12.164
11.900000875 11.783294
11.699999383 11.360409
10.599999953 10.530224
11.500000186 11.548861
11.500000186 11.617799
11.800000504 11.782841
11.118106086 11.151529
12.299998172 11.656874
11.699999383 11.859782
11.300000237 11.52813
11.599999679 11.342339
11.1 11.508604
11.1 11.255292
13.699980365 12.912617
13.622878745 13.553315
13.299970641 13.509606
11.1 11.056356
11.400000202 11.272286
10.622878745 10.514208
11.800000504 11.791407
11.1 11.136124
11.599999679 11.590799
11.1 11.117487
12.899998135 12.512038
11.200000128 11.551947
11.900000875 11.94214
11.699999383 11.859318
10.702059991 10.71187
11.699999383 12.176041
11.500000186 11.545618
11.500000186 11.487192
11.400000202 11.762455
11.400000202 11.525209
12.401029996 12.185068
14.065731303 13.551981
11.1 11.138423
11.699999383 11.83183
11.800000504 11.835855
11.699999383 11.706168
11.500000186 11.522044
11.300000237 11.437181
11.699999383 11.775242
11.450000194 11.42742
11.574221234 11.501267
11.300000237 11.360056
11.400000202 11.403063
11.200000128 11.200197
11.200000128 11.256009
11.900000875 11.814197
11.200000128 11.155881
11.500000186 11.6201515
11.200000128 11.331252
11.36760624 11.287684
11.1 11.257172
11.1 11.19508
11.800000504 11.752569
11.999998417 12.651785
11.599999679 11.722138
11.200000128 11.292043
11.200000128 11.181939
11.999998417 11.697119
12.299998172 12.210766
10.1 10.152713
11.599999679 11.723741
11.500000186 11.61472
12.699997654 12.595147
11.200000128 11.424454
11.800000504 11.831358
10.401029995999998 10.360919
11.200000128 11.267981
11.200000128 11.142012
11.900000875 11.920309
11.200000128 11.509617
11.900000875 11.896915
11.699999383 11.873886
12.599996932 12.632934
11.999998417 11.872442
11.200000128 11.258922
10.32184875 10.581906
13.000008766 13.008484
11.200000128 11.228682
11.800000504 11.794813
11.599999679 11.684455
11.800000504 11.869379
11.1 11.260733
11.1 11.201546
11.200000128 11.200031
11.200000128 11.194554
10.1 9.971283
11.1 11.103728
11.1 11.138055
11.1 11.189398
11.699999383 11.900026
13.1 11.784271
11.599999679 11.466379
12.899998135 13.251652
11.800000504 11.602543
12.599996932 12.546564
11.500000186 11.594923
11.699999383 11.708787
11.500000186 11.62752
11.500000186 11.504231
10.702059991 11.377768
11.900000875 11.87569
11.200000128 11.209103
11.200000128 11.287186
11.200000128 11.395102
12.699997654 11.581442
11.200000128 11.413049
11.599999679 11.459202
11.400000202 11.6772785
12.399997603 12.543133
11.900000875 11.822145
11.900000875 11.821045
11.699999383 11.82566
11.200000128 11.204802
11.300000237 11.51396
13.399988938 13.1406145
11.200000128 11.098595
11.699999383 11.543639
11.200000128 11.436206
13.200015437 12.578492
14.099479575 12.934071
12.199999035 12.351104
11.1 11.241769
11.400000202 11.398475
11.200000128 11.131526
10.401029995999998 10.440037
13.8000571 13.359962
11.400000202 11.318995
12.140958608 11.116046
11.200000128 11.415466
11.890484985 12.582144
11.1 11.186909
11.500000186 11.570384
11.599999679 11.66441
11.1 11.270669
11.699999383 11.708871
11.500000186 11.876888
11.599999679 12.220595
11.599999679 11.711201
11.400000202 11.717648
11.1 11.717316
11.500000186 11.533335
11.900000875 11.89198
13.046921557 11.957571
11.699999383 11.706672
11.300000237 11.480232
11.1 11.290204
11.200000128 11.303343
13.1 12.917205
14.798970004 14.214461
10.800000069 10.85682
11.202372909 11.894268
11.900000875 11.90405
11.1 11.415072
11.599999679 12.025568
11.699999383 12.04208
12.199999035 12.02302
11.108773924 11.18103
12.399997603 12.138985
11.300000237 11.590061
11.200000128 11.133579
11.400000202 11.747753
10.300000031 10.537741
13.1 12.555462
11.400000202 11.603806
11.799998457 12.143934
13.600038134 12.6484165
10.798970004 10.736436
11.200000128 11.248252
11.200000128 11.221182
11.1 11.41404
11.900000875 11.860937
11.1 11.2393265
11.500000186 11.490947
11.869551079 11.643094
12.399997603 12.022806
11.400000202 11.486689
13.854961387 10.867761
12.699997654 12.011812
12.499996913 11.916962
11.1 11.10272
12.499996913 11.861561
10.608638306 12.250337
11.1 11.534315
11.300000237 11.310868
11.500000186 12.1842785
13.40980392 12.266242
11.200000128 11.090304
11.900000875 11.852686
11.599999679 11.845756
11.300000237 11.574841
11.800000504 12.140101
11.140958608 11.290092
12.1 11.774104
11.200000128 11.265901
11.900000875 11.386635
12.1 11.6157
11.200000128 11.09355
14.280456064 14.530303
11.900000875 11.861067
10.200000019 10.485712
11.300000237 11.315487
11.1 11.139875
11.300000237 11.268378
11.500000437 11.824535
11.599999679 11.610787
11.300000237 11.56517
11.599999679 11.364457
11.800000504 11.709693
11.900000875 11.927369
10.499999968 10.474204
11.200000128 11.417408
11.500000186 11.808382
12.199999035 12.246332
11.200000128 11.306166
11.900000875 12.188604
11.300000237 11.83766
11.699999383 11.683087
11.500000186 11.573286
14.999629455 14.738808
11.400000202 11.337793
11.300000237 11.383566
10.401029995999998 10.439412
11.500000186 11.440418
12.199999035 12.281189
11.800000504 11.829159
9.798970004 9.860057
11.400000202 11.222018
11.800000504 12.048447
11.300000237 11.309809
11.106614133 11.100933
11.300000237 11.60144
11.999998417 11.45729
11.599999679 12.163018
13.299970641 12.443173
13.293820026 13.220631
12.1 11.582632
11.999998417 12.582518
11.200000128 11.278788
11.800000504 11.744921
11.400000202 11.213535
11.1 11.161261
11.401029996 11.658755
11.999998417 12.04255
11.500000186 11.529599
11.800000504 11.85575
11.400000202 11.663021
11.599999679 12.202894
11.800000504 11.763567
11.1 11.381478
11.800000504 11.842047
11.900000875 12.156025
10.1 10.682904
11.900000875 11.883624
10.1 10.201536
12.899998135 12.320695
11.800000504 11.817576
11.900000875 11.908864
11.800000504 11.819732
13.40980392 12.658381
11.200000128 11.207523
11.699999383 11.594026
13.99997427 13.821247
11.200000128 11.29972
12.690066877 12.871725
13.47675071 13.254732
11.599999679 11.534419
13.8000571 13.619753
13.99997427 12.95241
10.400000029 10.478436
11.599999679 11.752941
12.699997654 11.931025
11.500000186 11.525454
11.1 11.3428
11.1 11.232637
11.900000875 11.851368
11.599999679 11.634163
11.800000504 11.742212
11.200000128 11.293579
11.1 11.176139
11.400000202 11.518203
11.900000875 11.910881
11.999998417 12.102728
11.500000186 11.457408
11.500000186 11.783941
10.401029995999998 10.823032
11.999998417 11.602325
11.900000875 11.709245
11.1 11.057827
11.200000128 11.205057
12.299998172 12.078262
11.300000237 11.636063
11.1 11.257609
11.500000186 11.739693
12.799991797 12.176939
11.1 11.246821
12.63313238 11.689338
11.800000504 11.890457
13.600038134 13.416403
11.1 11.054744
14.145757491 14.280369
14.200179498 14.297073
11.1 11.466347
11.300000237 11.314234
11.200000128 11.332967
11.699999383 11.640007
12.699997654 12.909226
10.702059991 10.763476
14.1 12.675623
11.200000128 11.466595
12.1 11.783242
13.500007822 13.679692
11.500000186 11.633748
11.500000186 11.558945
11.200000128 11.552982
11.200000128 11.34812
10.702059991 10.688661
11.200000128 11.626031
13.299970641 13.2225275
11.200000128 11.559629
11.699999383 11.699725
9.798970004 9.841739
11.699999383 11.72427
11.900000875 11.67932
12.799991797 12.676499
11.400000202 12.075132
11.1 11.373802
11.200000128 11.246954
11.500000186 11.541912
11.900000875 11.819212
10.401029995999998 10.364633
11.1 11.150312
11.500000186 11.750908
11.300000237 11.93906
11.800000504 11.740956
11.500000186 11.620708
11.1 11.28158
10.986056648 10.820819
12.199999035 13.348443
11.300000237 11.407152
11.798970004 11.661351
11.800000504 12.874137
11.800000504 10.771989
11.500000186 11.506147
10.738272164 10.7092
11.200000128 11.2219
11.200000128 11.22734
11.738272164 11.671452
13.399988938 12.499919
12.1 11.950913
11.300000237 11.416225
14.200179498 13.07849
11.1 11.048816
12.1 11.981641
12.919643535 11.951759
11.200000128 11.507844
12.599996932 11.914555
13.299970641 13.051571
11.1 11.096368
14.652841969 13.555646
11.1 11.105397
11.800000504 11.811363
11.300000237 11.27169
11.900000875 11.751421
11.800000504 11.673544
11.200000128 11.277094
11.800000504 11.701508
11.900000875 11.818886
11.900000875 11.811646
11.800000504 12.06197
11.699999383 11.694441
11.200000128 11.395819
13.500007822 12.363538
11.599999679 12.080259
11.585452247 12.725273
12.299998172 11.539984
10.800000069 11.157717
11.800000504 12.205628
11.900000875 11.915241
11.300000237 11.3993025
11.719788758 11.80694
11.500000186 11.604361
11.900000875 11.964674
11.800000504 11.859946
11.200000128 12.367883
13.299970641 12.602053
11.1 11.359065
11.200000128 11.5026045
11.400000202 11.491741
11.400000202 11.479113
11.400000202 11.296927
11.300000237 11.356304
12.699997654 11.807236
14.497940009 15.118517
11.1 11.106495
11.900000875 11.93126
11.999998417 12.029608
11.300000237 11.584585
11.200000128 11.35226
12.1 12.105083
11.500000186 11.510334
11.1 11.160158
11.800000504 11.460602
11.900000875 12.032313
12.399997603 12.153765
11.900000875 11.871338
11.999998417 12.181705
11.200000128 11.273247
13.699980365 13.155553
11.1 11.147997
11.400000202 11.578736
12.699997654 12.748093
11.200000128 11.3282385
13.899970733 13.889167
11.699999383 11.942041
11.900000875 12.129586
11.999998417 11.814688
10.702059991 11.714677
11.200000128 11.28544
11.400000202 11.4378395
12.599996932 12.026991
11.500000186 11.578168
11.900000875 12.012213
11.400000202 11.643532
11.699999383 11.704072
11.1 11.425103
13.1 12.363705
11.900000875 11.655634
11.400000202 11.556726
11.400000202 11.406662
10.1 10.380562
11.400000202 11.529539
11.200000128 11.182089
12.022629814 12.778526
11.200000128 11.159352
12.499996913 11.892613
12.199999035 11.464399
11.200000128 11.137381
13.8000571 13.220426
11.300000237 11.409259
11.300000237 11.2864895
10.1 11.723413
13.299970641 13.272567
10.300000031 11.522292
14.299970641 12.104652
11.1 11.284145
11.900000875 12.11498
11.200000128 11.442999
11.1 11.1707535
11.599999679 11.901562
11.212469432 11.347644
13.699980365 13.668836
11.400000202 11.380865
11.180921908 11.184446
10.622878745 10.958508
12.499996913 12.533764
10.702059991 10.814978
12.599996932 11.962006
12.299998172 12.068609
11.599999679 11.710901
11.500000186 11.391284
11.999998417 12.194745
11.900000875 11.8508835
10.700014944 11.149073
14.901342913 12.13123
11.1 11.080755
10.200000019 10.561328
11.685026652 11.258507
11.500000186 11.632265
11.200000128 11.405295
11.200000128 11.388492
9.798970004 9.976569
11.800000504 11.799629
11.699999383 11.741306
11.200000128 11.385344
11.900000875 11.913342
13.1 12.597935
11.699999383 11.84046
11.300000237 11.428497
12.799991797 12.886274
12.299998172 11.763666
11.900000875 11.564095
12.799991797 12.587042
11.200000128 11.269227
11.1 11.181449
11.599999679 11.539001
11.1 11.123827
11.900000875 11.868133
12.299998172 12.088158
11.300000237 11.340544
11.699999383 11.654978
11.699999383 11.459503
14.986056648 13.592401
11.599999679 11.54235
11.500000186 11.921034
11.699999383 11.682398
11.699999383 11.756169
11.300000237 11.326098
10.499999968 10.474249
11.1 11.203306
11.699999383 11.8570175
11.999998417 12.082789
11.200000128 11.508041
11.800000504 11.806764
11.400000202 11.542597
11.1 11.667877
15.200179498 14.659877
11.900000875 11.871847
11.1 11.057604
11.999998417 12.081525
11.200000128 11.409885
11.400000202 11.49489
11.300000237 11.456077
11.300000237 11.421087
11.200000128 11.327711
11.200000128 11.53323
12.799991797 11.74553
13.899970733 13.237666
13.399988938 13.245803
10.200000019 10.970495
11.500000186 11.95253
11.400000202 11.321057
11.200000128 11.219841
11.400000202 11.50368
13.1 12.704497
11.300000237 11.421375
11.900000875 12.367805
10.499999968 10.838809
14.622878745 12.758456
11.200000128 11.297143
11.500000186 11.562809
10.599999953 10.806216
11.1 11.142107
11.699999383 11.743565
12.499996913 11.661359
11.1 11.097626
11.500000186 11.521583
11.1 11.135707
11.900000875 11.889372
11.200000128 11.323736
11.500000186 11.447117
12.299998172 11.814784
12.199999035 11.905081
11.300000237 11.419701
11.300000237 11.546684
11.599999679 11.7646265
11.699999383 11.307441
14.401029996 14.147193
11.200000128 11.206286
11.500000186 11.556437
12.399997603 12.6087055
11.400000202 11.505433
10.702059991 10.743107
11.200000128 11.409291
11.699999383 11.580906
12.418758763 11.788355
11.900000875 11.949856
11.200000128 11.289215
11.500000186 11.44479
11.999998417 11.935924
11.1 11.104409
11.699999383 12.175715
12.299998172 12.186297
10.622878745 10.717043
11.1 11.248627
12.1 11.623487
10.753647026 13.175744
11.300000237 11.421787
12.699997654 13.291492
12.281114585 11.383863
11.200000128 11.899686
11.1 11.5887375
11.999998417 11.955195
11.300000237 11.24116
13.000008766 12.235145
11.200000128 11.2782955
11.500000186 11.515543
13.200015437 11.918985
11.300000237 11.361235
11.300000237 11.67617
11.1 11.206421
11.1 11.280852
12.399997603 12.091121
11.300000237 11.345752
11.999998417 11.756955
11.1 11.250792
11.200000128 11.17584
10.520216403 11.241396
11.300000237 11.362177
12.299998172 11.96549
11.400000202 11.442398
10.078810700999998 10.072635
12.499996913 12.238808
11.599999679 11.697186
11.900000875 12.175045
11.999998417 11.594957
11.300000237 11.543673
11.900000875 11.617036
11.999998417 12.004893
11.500000186 11.543056
11.800000504 12.4620495
11.599999679 11.810542
11.200000128 11.16745
12.499996913 12.794598
11.1 11.011129
11.497940009 12.405515
12.637602002 12.451673
11.300000237 11.473525
11.1 11.198001
12.668636236 12.715789
11.500000186 11.730181
12.799991797 12.853392
11.400000202 11.633186
11.300000237 11.541491
10.401029995999998 10.470006
11.200000128 11.225254
11.986056648 11.692167
11.1 11.227389
11.1 11.183636
12.719788758 12.568247
11.200000128 11.320032
11.1 11.474198
11.500000186 11.699796
12.599996932 13.14308
11.599999679 11.438664
11.200000128 11.255624
11.1 11.22872
12.299998172 12.506714
10.516801225999998 10.866194
11.200000128 11.622946
11.500000186 11.252198
11.800000504 11.204616
12.699997654 12.552691
11.599999679 11.339984
11.900000875 12.060057
11.200000128 11.459521
11.1 11.310904
12.299998172 11.668788
11.1 11.125036
12.399997603 11.679103
11.800000504 11.879462
11.500000186 11.581043
13.000008766 12.106314
11.1 11.406823
14.901342913 13.842579
11.800000504 11.885579
14.113228266 12.303116
11.1 11.192171
10.798970004 11.176871
13.986056648 13.305023
11.1 11.207506
11.599999679 11.550927
11.500000186 11.453295
11.1 11.207833
11.400000202 11.841824
11.800000504 12.044998
10.1 10.897272
11.400000202 11.417024
10.719788758 10.838772
12.199999035 12.084615
11.999998417 11.837336
11.500000186 11.527475
12.499996913 12.301872
11.999998417 11.861965
11.1 11.25047
11.900000875 11.91633
11.1 11.094131
11.300000237 11.624297
11.400000202 11.966672
10.401029995999998 10.419738
11.869551079 10.993097
12.224938737 12.229457
11.900000875 11.970967
14.400043784 14.503014
11.1 11.232599
11.140958608 11.784072
11.900000875 12.089645
12.199999035 11.943529
11.1 11.130651
11.699999383 11.432526
11.200000128 11.309192
11.200000128 11.169527
11.500000186 11.299242
11.400000202 11.459973
10.568521083 10.95175
11.400000202 11.828619
11.500000186 11.699824
11.500000186 11.688738
11.599999679 11.360965
11.500000186 11.568556
10.497940009 10.575947
11.1 11.104171
11.900000875 11.870895
11.900000875 12.105992
11.900000875 11.873607
11.599999679 11.685748
11.900000875 11.835336
11.800000504 11.97571
11.1 11.102352
13.777780705 13.465263
11.200000128 11.497265
11.699999383 11.741336
11.200000128 11.23928
11.710108639 11.867379
11.200000128 11.275364
11.1 11.271968
11.1 11.738436
10.622878745 10.685474
14.600312917 14.188399
11.900000875 11.863343
11.200000128 11.623737
11.300000237 11.359341
11.699999383 11.975525
12.399997603 12.058066
11.200000128 11.315589
11.900000875 11.965731
12.199999035 12.074707
10.200000019 10.8582535
12.199999035 11.953904
11.1 11.126093
11.999998417 11.573491
11.200000128 10.827397
11.200000128 11.153872
11.300000237 11.640524
13.299970641 13.007879
11.500000186 11.523945
11.1 11.56347
11.699999383 11.985455
12.399997603 12.759346
11.400000202 11.426309
10.1 11.724742
12.515897595 11.362715
12.599996932 12.294398
13.000008766 13.151701
11.1 11.126755
10.702059991 10.77129
11.47934352 11.628125
11.999998417 11.6846485
11.900000875 11.868271
11.900000875 11.90263
11.500000186 11.316934
11.599999679 11.487755
11.1 11.386671
12.399997603 11.678835
11.599999679 11.942381
11.400000202 11.762527
11.699999383 11.782627
11.599999679 12.050455
11.196910013 10.96016
11.800000504 11.830855
11.200000128 11.332291
11.191514981 11.180466
13.699980365 13.368032
10.622878745 10.684996
10.1 10.145278
11.300000237 11.490825
11.1 11.453388
11.699999383 11.706232
11.300000237 11.253334
12.299998172 11.801043
11.900000875 11.921768
11.800000504 11.751891
11.200000128 11.321983
9.702059991 9.724304
11.900000875 11.962978
11.599999679 11.716641
12.1 11.833086
11.900000875 12.029106
11.1 11.139229
11.300000237 11.428881
13.1 13.09723
12.199999035 12.2395735
11.999998417 11.979918
11.800000504 11.87534
11.500000186 12.400146
12.499996913 12.428069
11.699999383 11.619999
11.900000875 12.174433
11.200000128 11.31912
11.500000186 11.390759
11.800000504 11.82823
12.299998172 12.113013
11.999998417 11.940603
11.599999679 11.502354
11.900000875 11.956654
10.599999953 10.814663
10.702059991 11.369563
11.400000202 11.386787
11.500000186 11.654821
11.300000237 11.416278
11.200000128 11.34781
13.1 11.780507
10.8572085 11.516322
12.199999035 11.891897
11.999998417 12.341198
11.599999679 11.650287
11.800000504 11.768096
12.299998172 12.543297
11.51453927 11.5012
12.899998135 13.142138
11.500000186 11.565983
13.500007822 12.924769
11.1 11.054637
11.200000128 11.211472
11.300000237 11.532313
11.699999383 11.697907
11.1 11.110298
11.200000128 11.351429
12.899998135 11.881731
11.699999383 11.727734
13.000008766 12.023991
11.200000128 11.254505
11.500000186 11.556453
11.599999679 11.338618
12.199999035 12.236244
11.686265724 11.730529
11.200000128 11.506353
12.1 12.066342
11.500000186 11.587421
13.200015437 12.143606
11.599999679 11.588861
11.923908741 12.179783
11.200000128 11.381554
11.599999679 11.560942
13.242667504 12.112767
11.300000237 11.542637
11.900000875 12.067686
11.1 11.246908
11.200000128 11.196245
11.699999383 11.635682
11.1 11.262596
11.200000128 11.276249
11.500000186 11.463608
11.400000202 11.3574915
12.699997654 12.192324
11.1 11.079081
11.1 11.147841
12.199999035 12.246214
11.200000128 11.184912
11.999998417 11.801231
12.1 11.905046
11.300000237 11.622243
11.800000504 11.688539
11.400000202 11.464388
11.699999383 12.273157
12.199999035 11.982316
11.900000875 12.057974
12.299998172 12.249246
12.199999035 12.984394
11.999998417 11.947489
11.599999679 11.412941
11.500000186 11.090345
11.1 11.096659
11.300000237 11.26128
11.500000186 11.71965
11.300659451 11.329924
11.699999383 11.798296
11.500000186 11.461894
11.900000875 12.038813
11.200000128 11.220916
12.196910013 12.525455
11.699999383 11.682098
11.999998417 12.310795
11.699999383 11.591835
10.627243551 11.626182
11.300000237 11.399666
11.400000202 11.45952
11.200000128 11.179147
11.1 11.08459
11.599999679 11.896427
11.999998417 11.7917185
11.699999383 11.650808
11.599999679 11.735219
11.389741106 11.659728
11.900000875 11.787378
11.599999679 11.454352
11.699999383 11.901651
11.999998417 12.176851
12.1 11.881021
12.299998172 12.254715
11.900000875 11.990734
11.699999383 11.69379
11.701029687 11.650922
11.1 11.10781
13.821246399 12.932833
11.500000186 11.537338
11.900000875 11.938
11.900000875 11.691978
13.1 12.376233
11.500000186 11.376247
11.599999679 11.771452
11.300000237 11.187525
11.1 11.214495
11.300000237 11.438399
12.299998172 11.915241
11.400000202 11.263259
11.1 11.369172
11.800000504 11.815118
11.800000504 12.308438
11.800000504 11.858707
11.200000128 11.53278
12.199999035 11.977068
11.500000186 11.82835
13.000008766 12.616202
11.200000128 11.297768
12.499996913 12.276623
10.443901798 10.907391
12.401029996 12.274628
12.499996913 12.326151
10.622878745 10.778799
11.500000186 11.677195
10.700000074999998 10.777184
11.800000504 11.7819805
11.800000504 11.752012
11.599999679 11.965178
11.900000875 12.077947
11.699999383 11.684334
11.699999383 11.708739
10.608638306 10.62011
11.900000875 11.836118
11.400000202 12.269552
11.953871964 11.766151
11.1 11.097753
11.400000202 11.484622
11.1 11.156614
11.336572006 11.241555
12.899998135 12.75441
11.200000128 11.536312
11.200000128 11.438104
13.000008766 12.892214
11.900000875 11.788101
13.1 12.461257
12.1 11.655173
11.200000128 11.233962
11.999998417 11.905586
9.401029995999998 9.391605
11.300000237 11.420041
12.1 11.687506
12.799991797 12.84959
11.200000128 11.227577
11.699999383 11.7497
11.1 11.3040085
11.599999679 11.365147
11.1 11.031143
11.500000186 11.828469
11.800000504 12.003885
11.699999383 11.766651
11.1 11.142437
11.300000237 11.470379
11.500000186 11.481357
11.1 11.288524
11.1 11.26271
11.200000128 11.180175
11.200000128 11.187835
11.300000237 11.32171
11.1 11.369965
11.800000504 12.535346
11.200000128 11.317688
11.800000504 11.697323
13.497940009 13.433059
11.900000875 11.901845
11.200000128 11.21609
10.652841969 10.940008
13.8000571 13.742295
15.180921908 15.015822
11.400000202 11.662676
11.900000875 11.665534
11.1 11.168327
11.500000186 11.515703
11.900000875 11.771099
9.978480976 9.962368
11.200000128 11.276362
12.420572103 11.804043
11.286962717 11.38006
11.500000186 12.007827
11.500000186 11.5605545
11.500000186 11.406858
11.300000237 11.213745
11.500000186 11.513229
10.1 10.242952
12.799991797 12.533011
11.999998417 11.94143
11.900000875 11.905064
11.500000186 11.477395
11.1 11.437154
12.799991797 12.136797
13.000008766 12.589767
11.800000504 11.899506
12.112213962 11.337914
14.757577319 14.348438
12.199999035 12.046063
11.800000504 11.899101
13.798970004 13.957781
12.399997603 11.446736
11.200000128 11.203867
10.300000031 10.276556
11.900000875 11.76647
11.1 11.210171
12.599996932 11.424263
11.200000128 11.893551
11.497940009 11.485285
12.583288122 12.579588
12.953871964 12.925859
14.145757491 14.337459
11.200000128 11.25923
11.1 10.931946
11.699999383 11.72786
12.499996913 12.45656
11.1 11.2457485
11.200000128 11.195814
11.200000128 11.118675
11.400000202 11.165359
11.200000128 11.258981
11.699999383 11.692875
11.999998417 11.752588
11.1 11.28453
12.599996932 12.070995
11.699999383 11.524636
11.207905397 10.801737
11.1 11.731442
11.900000875 11.794897
11.599999679 11.539993
11.300000237 11.352192
11.200000128 11.2691555
11.699999383 11.754249
11.800000504 12.028406
14.200179498 11.951092
11.200000128 11.211649
11.200000128 11.404147
11.400000202 12.020882
11.1 11.177855
11.200000128 11.208068
11.200000128 11.320961
11.699999383 12.392309
11.200000128 11.293772
11.500000186 11.538437
11.900000875 11.909091
13.200015437 12.888177
11.520216403 11.350142
11.400000202 11.315263
11.699999383 12.0016575
11.200000128 11.2150545
13.000008766 12.551555
11.200000128 11.788954
11.800000504 11.793622
11.200000128 11.451059
12.799991797 13.094457
11.800000504 11.909036
11.599999679 11.746509
10.1 10.639782
11.200000128 11.203509
11.1 10.998501
10.895880017 10.54122
11.400000202 11.362553
11.400000202 11.455353
11.1 11.132835
10.32184875 11.920886
11.500000186 11.250986
11.1 11.376228
12.599996932 11.817124
11.1 11.128503
11.500000186 11.711609
13.000008766 12.329343
11.999998417 11.686741
10.702059991 10.684778
11.1 11.112021
11.800000504 11.750278
11.699999383 11.655194
11.1 11.17118
12.1 12.110209
15.1 13.645106
11.699999383 11.445687
11.1 11.260958
14.196910013 13.959715
11.115758526 11.145633
13.685026652 12.999765
11.200000128 11.42304
11.401029996 11.568193
11.999998417 11.677572
11.854487332 12.048624
11.1 11.217702
11.999998417 12.014383
11.986056648 12.600448
11.300000237 11.32823
11.200000128 11.12064
11.400000202 11.537127
11.1 11.150965
11.900000875 11.852177
11.500000186 11.854404
11.200000128 11.221354
12.196910013 12.343072
11.309011525 11.472281
11.800000504 11.827278
11.599999679 11.59705
11.999998417 11.67362
11.198455071 11.211789
9.798970004 9.890222
11.500000186 12.003189
11.900000875 12.058203
11.200000128 11.172436
12.599996932 12.401421
11.300000237 11.878198
11.1 11.145205
11.200000128 11.437878
11.183509653 11.268976
11.300000237 11.375078
13.399988938 13.233732
11.701029687 11.767291
11.500000186 11.510782
10.200000019 10.398781
12.399997603 12.49711
12.499996913 12.055052
12.399997603 12.077045
11.300000237 11.681885
12.299998172 12.016474
11.699999383 11.712713
11.800000504 11.805952
10.401029995999998 11.471231
11.400000202 11.273774
13.299970641 12.688294
11.500000186 11.480076
13.399988938 12.420515
11.1 11.108572
11.1 11.194414
11.200000128 11.341002
14.1 13.279882
11.400000202 11.455696
11.599999679 11.803741
12.1 11.297393
11.999998417 11.839613
12.499996913 12.343104
11.401029996 11.128193
11.699999383 11.717783
12.299998172 11.573599
11.900000875 11.906863
11.200000128 11.228657
11.200000128 11.33374
11.200000128 11.253517
11.900000875 11.880269
12.199999035 12.042086
12.1 11.81422
11.900000875 12.202438
11.900000875 12.241721
11.200000128 11.26037
11.200000128 11.215268
11.200000128 11.32436
11.196910013 11.259589
11.1 11.407864
13.699980365 12.585391
10.497940009 10.065956
10.400000029 10.582861
11.200000128 11.394115
11.300000237 11.668635
11.200000128 11.305536
11.699999383 11.53167
11.200000128 11.311932
11.800000504 11.799561
14.47675071 11.619295
11.800000504 11.683628
11.699999383 11.77971
11.699999383 11.621357
11.1 11.169481
11.800000504 12.515018
9.798970004 9.879606
11.699999383 11.471811
11.999998417 11.869541
11.900000875 11.749124
12.599996932 12.738522
11.1 11.21467
11.900000875 11.891832
12.399997603 11.866842
13.1 13.342471
10.400000029 10.33727
11.400000202 11.719857
12.399997603 11.977251
11.300000237 11.398803
11.699999383 11.855311
11.599999679 11.581714
11.800000504 11.847929
11.599999679 11.496109
10.400000029 10.754537
10.702059991 10.698555
11.175305061 11.270658
11.900000875 12.03149
14.600312917 14.682814
11.200000128 11.279173
11.1 11.571935
11.400000202 11.394239
11.300000237 11.440228
11.1 11.688505
10.095678626 10.182437
11.800000504 11.802716
11.900000875 11.906357
11.400000202 11.505293
11.800000504 11.764623
11.200000128 11.231208
13.399988938 12.081667
11.300000237 11.296997
10.497940009 10.511364
11.1 11.310877
11.300000237 11.525152
11.800000504 12.092092
11.300000237 11.632643
11.900000875 11.861259
12.699997654 12.5352745
11.1 11.207949
11.599999679 11.741219
12.199999035 12.218934
13.600038134 12.235867
11.200000128 11.321667
12.599996932 11.594837
11.999998417 11.667873
10.1 11.3783045
11.200000128 11.326302
11.400000202 11.890818
11.900000875 12.031532
11.400000202 11.398575
11.500000186 11.551978
11.300000237 11.408241
12.703800653 12.356327
11.300000237 11.331334
11.1 11.097034
13.299970641 13.212304
11.800000504 11.875706
11.1 11.190974
11.1 11.127973
11.300000237 11.206954
11.200000128 11.307536
11.900000875 11.78185
11.400000202 11.428544
11.200000128 11.2814865
12.299998172 12.299124
11.1 11.260849
11.900000875 11.847042
11.800000504 11.80594
11.200000128 11.241627
11.200000128 11.241323
11.622878745 11.517154
11.200000128 11.2144375
11.599999679 12.040447
13.702059991 14.413641
11.500000186 11.593946
12.418758763 12.0631695
11.599999679 11.713341
11.200000128 11.269825
13.953871964 13.339624
11.300000237 11.548631
11.400000202 11.3781805
11.900000875 11.905968
11.1 11.16496
12.499996913 11.7596655
11.1 11.14529
11.999998417 12.026007
11.900000875 13.042339
11.1 11.138951
11.900000875 11.688324
12.191514981 11.882643
14.1 13.922715
11.500000186 11.484422
12.799991797 11.908576
14.25490196 12.934645
11.400000202 11.441947
11.400000202 11.6387
12.856080731 12.122639
12.399997603 11.968211
11.300000237 11.715842
10.702059991 11.149304
11.25490196 11.126194
11.300000237 11.303683
11.400000202 11.454203
13.287086643 12.844477
11.900000875 11.937386
11.1 11.257751
11.300000237 11.567578
12.699997654 11.373915
12.1 11.686656
12.599996932 12.320151
11.500000186 11.701599
13.000008766 13.670336
12.499996913 11.995402
11.300000237 11.417007
10.900000053 10.658936
10.1 10.449366
11.200000128 11.597199
11.800000504 11.80364
11.671333752 11.7229395
12.702059991 12.178178
11.900000875 11.719733
11.1 11.19416
11.400000202 11.420696
12.699997654 12.661209
11.800000504 11.604398
13.508935393 12.529401
13.500007822 12.98832
11.400000202 11.581408
11.500000186 11.479162
13.699980365 12.342717
11.400000202 11.483925
11.800000504 12.168986
11.1 11.163556
11.900000875 11.87877
11.200000128 11.255343
12.1 12.189133
11.200000128 11.229936
11.800000504 12.047832
14.999629455 14.390174
12.293820026 12.581017
12.499996913 12.217115
11.300000237 11.394306
11.1 11.006948
11.599999679 11.520561
9.798970004 9.818262
11.200000128 11.494619
11.699999383 11.871325
11.900000875 12.002637
11.300000237 11.392691
11.1 11.146601
12.155517328 11.864934
11.999998417 11.8294525
11.400000202 11.34045
11.200000128 11.394598
14.798970004 13.370927
11.599999679 11.41949
11.500000186 11.47768
14.200179498 12.57878
12.399997603 12.242198
11.300000237 11.3324585
12.499996913 12.031731
11.999998417 12.118364
11.999998417 11.992149
10.1 10.300376
12.899998135 12.418445
11.999998417 11.94151
11.400000202 11.705191
11.400000202 11.652853
11.699999383 11.846889
10.499999968 11.311272
13.000008766 12.816602
11.300000237 11.234445
11.900000875 11.883825
12.199999035 11.9749975
11.800000504 11.780333
11.900000875 11.772535
13.8000571 11.9520645
10.1 10.366392
11.800000504 11.730886
11.999998417 11.917344
10.1 10.126129
11.699999383 11.73431
11.1 11.114779
11.1 11.491816
12.699997654 11.640377
11.999998417 11.897615
11.999998417 11.387028
11.500000186 11.643457
11.300000237 11.442085
11.200000128 11.24209
11.400000202 11.198141
10.32184875 10.180869
11.300000237 11.301146
13.000008766 13.031977
11.599999679 11.643767
12.149999517 11.7224865
9.904999477 10.5940075
13.499202767 13.182893
12.685026652 12.067572
11.1 11.273018
11.200000128 11.160061
11.400000202 11.647467
14.500116928 12.56
11.1 11.18749
12.150609993 11.429295
11.999998417 11.838254
13.180921908 13.061502
11.500000186 11.613037
11.999998417 12.010105
10.401029995999998 10.9340725
12.003089987 11.799846
11.872113295 11.512928
12.299998172 12.176024
11.500000186 11.485327
11.500000186 11.568677
11.200000128 11.302694
11.200000128 11.278951
11.300000237 11.293924
11.800000504 12.042169
12.1 12.355799
14.200179498 13.462851
11.200000128 11.450718
11.300000237 11.372674
11.200000128 11.256163
11.200000128 11.218807
11.200000128 11.3664
11.1 11.25951
11.599999679 11.794897
11.200000128 11.774983
11.200000128 11.3138485
11.699999383 11.921757
13.299970641 11.7458105
11.300000237 11.570255
11.300000237 11.414302
11.1 11.217552
12.608638306 12.260944
11.400000202 11.4499655
11.900000875 11.859449
11.500000186 11.805454
11.900000875 11.915689
11.200000128 11.451912
11.196367484 10.504192
11.400000202 11.357001
10.401029995999998 11.385263
11.500000186 11.477054
11.329884705 10.765316
11.300000237 11.534719
11.200000128 11.277569
11.400000202 11.316107
11.200000128 11.29488
11.343922179 11.510099
11.200000128 11.306472
11.200000128 11.277477
11.500000186 11.463741
11.1 11.556431
10.844727495 11.056994
13.500007822 12.699976
11.702059991 11.52815
11.1 11.138185
11.800000504 11.846655
11.200000128 11.432278
11.400000202 11.290272
11.599999679 11.405176
11.999998417 11.766413
11.500000186 11.423098
11.200000128 11.151202
11.699999383 12.037278
11.500000186 11.55707
11.800000504 11.902773
11.1 10.911524
11.1 11.21158
11.300000237 11.483594
11.1 11.129984
12.299998172 11.833533
11.200000128 11.218248
11.200000128 11.394606
13.899970733 13.699102
11.900000875 12.03594
11.1 11.26196
11.200000128 11.279497
11.900000875 11.992395
11.200000128 10.659319
11.1 11.346561
11.500000186 11.682198
12.1 11.591951
11.599999679 11.786998
11.999998417 12.482079
12.299998172 12.081996
11.500000186 11.739155
11.200000128 11.265776
11.200000128 11.443216
11.1 11.193099
11.200000128 11.28519
11.500000186 11.531904
11.900000875 12.092556
11.599999679 11.589399
11.900000875 11.783458
11.900000875 12.725045
11.800000504 11.809961
11.699999383 11.637061
11.699999383 11.775038
11.900000875 11.842109
11.200000128 11.433289
11.699999383 11.204262
11.020818754 11.355597
11.200000128 11.283236
11.900000875 12.020832
11.800000504 11.883949
11.020818754 10.996361
9.798970004 9.932736
11.1 11.152297
11.200000128 11.213761
13.000008766 12.824696
11.900000875 11.950063
11.1 11.367585
11.800000504 11.838812
11.1 11.456331
11.900000875 11.852589
10.1 10.570187
10.800000069 11.171099
12.199999035 12.055412
11.500000186 11.49555
11.300000237 11.342907
11.400000202 11.401175
11.1 11.130045
11.300000237 11.096968
9.798970004 9.907543
12.531798276 11.170322
11.400000202 11.448837
11.599999679 11.618924
11.1 11.451589
13.99997427 12.442412
11.900000875 11.552776
12.299998172 12.276913
11.200000128 11.34494
12.1 12.138355
11.800000504 11.858115
12.199999035 12.276408
11.1 11.049039
11.500000186 11.503958
11.599999679 11.6775875
11.500000186 11.601859
11.800000504 11.82168
12.899998135 12.908368
12.899998135 11.796269
11.300000237 11.310801
10.1 10.42208
11.200000128 11.1617775
13.000008766 11.736633
11.500000186 11.3512535
11.500000186 12.050436
12.299998172 12.108512
10.401029995999998 11.459707
12.40643033 11.617129
11.1 11.053472
11.699999383 11.886986
11.999998417 11.61562
11.900000875 11.820717
14.847425011 13.705366
11.400000202 11.648862
11.999998417 11.923875
11.200000128 11.240467
11.1 11.28767
11.1 11.11297
11.999998417 12.0218
12.299998172 13.160314
11.800000504 11.764999
11.1 11.346208
11.500000186 11.747535
12.010094889 11.670713
11.599999679 12.05814
11.200000128 11.264153
11.267491087 11.00557
12.101985086 11.753357
12.299998172 12.284374
14.400162274 14.319032
10.401029995999998 11.627436
11.900000875 11.914106
10.400000029 10.642844
13.500007822 12.686951
11.200000128 11.330034
12.399997603 12.028458
11.200000128 11.253551
12.1 12.171706
11.900000875 11.908403
11.1 11.608313
11.300000237 11.347402
11.699999383 11.715661
11.1 11.495625
10.400000029 10.686065
12.499996913 11.778844
10.1 10.178625
13.1 12.675365
11.900000875 11.246264
11.200000128 11.274865
12.199999035 12.335518
11.900000875 11.2344675
12.599996932 12.488596
11.300000237 11.379576
11.200000128 11.274507
11.300000237 11.314801
11.999998417 11.935328
11.599999679 11.677491
11.1 10.956726
13.000008766 12.891756
11.196910013 11.041796
11.400000202 11.370152
11.1 11.107669
13.1 12.97224
11.200000128 11.180357
11.300000237 11.041279
11.200000128 11.312662
11.800000504 11.822432
14.784246748 14.044527
11.300000237 11.838261
10.520216403 10.445606
11.800000504 11.806646
11.200000128 11.231035
11.900000875 11.923667
11.58148606 11.809879
11.800000504 11.809749
11.400000202 11.44139
11.699999383 11.78394
11.1 11.401694
13.399988938 12.773296
11.300000237 11.360123
13.287086643 13.539398
11.999998417 11.883209
11.500000186 11.597555
11.699999383 12.573661
11.900000875 11.797894
11.400000202 11.488707
11.400000202 11.382145
10.798970004 10.973983
11.500000186 11.576693
11.300000237 11.464221
11.699999383 12.034114
11.1 11.998983
11.500000186 11.531355
11.401029996 11.040886
12.196910013 11.7747555
12.329147988 12.237529
10.1 11.4231825
11.300000237 11.439531
11.900000875 11.504713
10.401029995999998 10.915814
11.1 11.484009
11.224938737 11.220398
11.800000504 11.811204
11.599999679 11.664261
10.1 10.272985
11.200000128 11.19326
12.699997654 12.08517
11.175305061 11.224599
14.600312917 12.504485
11.1 10.889109
11.900000875 11.856785
10.622878745 10.686755
10.971277716 10.99294
11.200000128 11.473859
12.699997654 13.454859
11.900000875 11.803727
11.1 11.089083
11.900000875 11.645815
13.899970733 13.768543
11.200000128 11.321522
11.1 11.7013235
12.199999035 12.164396
11.1 11.2814
12.499996913 12.836487
10.953871964 11.033154
13.000008766 13.2259865
11.800000504 11.871053
12.299998172 12.294576
11.500000186 11.216174
12.199999035 11.343254
11.200000128 11.261238
11.800000504 11.601345
11.400000202 10.956387
11.1 11.1055975
11.300000237 11.264927
11.500000186 11.53045
11.300000237 11.318187
11.200000128 11.25145
11.1 11.461994
11.699999383 11.389361
11.200000128 11.262727
11.300000237 11.338394
11.800000504 11.859378
11.300000237 11.398207
11.336572006 11.2477865
12.299998172 12.135035
11.800000504 11.81021
11.798970004 11.336439
11.900000875 12.0409975
11.900000875 12.111443
11.599999679 11.895939
13.8000571 13.185654
11.300000237 11.3673115
11.1 11.086615
11.800000504 11.965305
11.500000186 11.488535
11.200000128 11.217538
11.200000128 11.229973
11.1 11.26442
12.1 12.014349
11.900000875 12.24701
13.500007822 13.253987
11.200000128 11.168533
11.300000237 11.733264
11.300000237 11.401991
11.500000186 11.574537
11.900000875 11.969745
13.399988938 12.394819
11.900000875 11.876565
11.500000186 11.703228
11.900000875 11.902388
10.487216143 11.406184
12.699997654 12.449419
12.569800302 12.192687
11.699999383 11.821032
11.699999383 11.785081
11.200000128 11.257721
10.622878745 10.640436
11.500000186 11.535711
12.499996913 12.289879
11.300000237 11.471145
12.199999035 11.952253
11.900000875 11.801158
11.400000202 11.561761
11.757577319 11.401298
11.900000875 11.953989
12.499996913 12.55753
10.401029995999998 11.757082
11.699999383 11.738733
11.1 11.170847
11.699999383 11.7677555
11.404664894 11.221002
12.199999035 12.483399
10.47675071 10.6287155
12.699997654 12.602916
12.499996913 12.139658
12.599996932 11.53404
12.499996913 11.7297945
11.200000128 11.211897
11.1 11.232929
11.1 11.107892
11.800000504 11.862646
11.200000128 11.156321
11.800000504 11.8015
11.999998417 11.660063
10.32184875 10.444808
11.699999383 12.227128
11.599999679 11.697751
11.900000875 11.752668
11.900000875 11.924951
11.300000237 11.251322
11.200000128 11.185579
11.1 11.231116
11.400000202 11.540913
11.599999679 11.53448
11.900000875 11.88111
13.699980365 12.597946
11.1 11.142278
11.300000237 12.16385
11.200000128 11.202126
12.199999035 11.933422
11.300000237 11.499644
11.999998417 11.716833
11.999998417 11.742186
11.500000186 11.405642
11.900000875 11.625572
13.399988938 12.159085
11.200000128 11.225542
11.599999679 11.485742
11.500000186 11.509946
12.699997654 12.441725
13.899970733 12.995923
11.699999383 12.204937
11.599999679 11.554561
11.300000237 11.271382
11.200000128 11.249269
11.654827656 11.681587
14.901342913 12.096228
11.599999679 11.832589
11.599999679 11.716246
14.901342913 13.820283
11.200000128 12.554546
11.300000237 11.138369
11.200000128 11.237351
11.300000237 11.452681
11.999998417 12.056266
14.1 12.808356
11.900000875 11.362728
10.400000029 10.337794
12.299998172 12.57783
13.200015437 12.146141
11.699999383 11.820068
11.200000128 11.201879
11.599999679 11.737316
11.300000237 11.361598
11.1 11.073568
11.300000237 11.308623
11.599999679 11.484755
11.500000186 11.605485
11.300000237 11.941279
11.200000128 11.43706
12.174633618 11.971909
11.1 11.271632
11.599999679 11.692221
10.831188096 11.199372
11.900000875 11.934405
11.1 11.105565
11.900000875 12.382322
11.900000875 12.082617
11.1 11.167782
11.1 11.101801
12.299998172 12.480601
12.199999035 11.994047
11.400000202 11.535599
11.900000875 11.885157
11.200000128 11.193131
11.599999679 11.731687
11.999998417 12.499388
11.200000128 11.217209
10.401029995999998 11.182323
11.200000128 11.233068
11.400000202 11.39745
11.599999679 11.751734
12.1 12.1099205
11.274370944 11.41026
11.1 11.095224
11.999998417 12.295212
11.300000237 11.446308
11.300000237 11.218436
11.1 11.070345
11.800000504 11.962388
11.1 11.383614
11.500000186 11.683762
11.300000237 11.51218
11.200000128 11.4722395
12.299998172 11.95576
11.200000128 11.182741
13.600038134 12.716622
11.200000128 11.356666
11.500000186 11.581386
11.1 11.19616
11.1 11.834885
11.900000875 11.669838
11.599999679 11.511128
11.200000128 11.119734
12.299998172 10.9070835
11.800000504 11.951193
12.499996913 12.072861
12.399997603 12.22017
11.699999383 12.226118
11.300000237 11.325141
11.800000504 11.746156
11.699999383 11.700251
11.699999383 11.6034775
11.200000128 11.261458
9.798970004 10.234181
13.087162775 12.484972
11.699999383 11.802519
11.200000128 11.174973
11.200000128 11.329869
11.900000875 12.081501
12.1 12.046994
11.1 11.147526
11.300000237 11.508196
11.300000237 11.466067
11.300000237 11.323888
11.200000128 11.220924
11.400000202 11.565994
11.200000128 11.175177
11.900000875 11.924654
11.800000504 11.694821
11.800000504 11.817737
12.599996932 12.769972
10.200000019 10.373669
11.900000875 11.455928
12.499996913 12.352768
12.499996913 12.042266
11.1 11.220244
11.599999679 11.986969
11.200000128 11.211277
11.200000128 11.439077
13.1 12.614208
10.1 10.267727
13.299970641 13.030344
11.400000202 11.928197
12.299998172 11.658774
11.1 11.167385
12.37572413 11.58265
11.200000128 11.733595
11.300000237 11.244531
13.500007822 13.048181
11.500000186 11.48359
11.500000186 11.540749
13.8000571 12.7122345
12.499996913 11.971846
11.1 11.099056
10.400000029 10.476399
11.400000202 11.463232
11.500000186 11.674879
11.300000237 11.298002
11.999998417 11.608887
11.400000202 11.758434
10.700014944 11.14381
12.299998172 11.698533
11.800000504 11.796188
12.499996913 11.951261
11.800000504 11.883627
11.500000186 11.652348
10.700000074999998 11.032171
12.299998172 11.668777
11.900000875 11.849693
11.200000128 11.211953
13.200015437 12.368932
11.200000128 11.279034
11.900000875 11.985407
10.1 10.183983
14.299970641 12.815163
11.999998417 11.966353
11.599999679 11.908528
11.1 11.197786
11.900000875 11.8242445
12.299998457 11.746515
11.200000128 11.323823
11.500000186 11.5529785
11.200000128 11.323493
11.500000186 11.455442
10.400000029 10.604068
11.699999383 11.960923
11.000000142 11.355413
11.200000128 11.16601
11.200000128 11.222926
10.401029995999998 10.678924
11.1 11.080705
11.500000186 11.666918
11.900000875 11.526352
11.200000128 11.161975
11.400000202 11.346703
11.1 10.951555
11.900000875 11.937922
11.300000237 11.430658
9.798970004 9.844515
11.300000237 11.2887945
11.200000128 11.226756
11.200000128 11.239419
11.200000128 11.254852
11.400000202 11.314907
11.1 11.427795
11.800000504 11.911305
11.800000504 11.966383
10.900000053 10.873573
13.200015437 12.491575
10.800000069 10.956949
11.900000875 11.863955
10.1 10.100739
11.800000504 11.478573
11.999998417 11.8639555
11.999998417 12.093233
11.1 11.097603
11.599999679 11.601092
12.299998172 12.899381
11.500000186 11.550632
10.400000029 10.137448
11.400000202 11.899313
11.200000128 11.35116
11.400000202 11.398968
12.199999035 12.047424
12.699997654 11.997387
9.798970004 9.7864275
11.800000504 11.740803
13.798970004 13.876712
12.299998172 12.060252
11.900000875 11.979151
11.900000875 12.185985
11.300000237 11.318225
11.1 11.142896
13.200015437 12.414673
11.1 11.092446
11.900000875 11.800093
11.200000128 11.897532
11.900000875 11.87446
11.800000504 11.544185
11.699999383 11.4714575
11.500000186 11.599509
11.900000875 12.490119
11.300000237 11.645065
11.200000128 11.251832
10.719788758 10.647021
11.1 11.107507
11.200000128 11.187052
11.699999383 11.799315
9.1 9.687265
10.702059991 10.68446
11.699999383 12.334358
11.300000237 11.35507
13.500007822 12.609433
11.900000875 11.533077
11.300000237 11.413718
11.400000202 11.299651
11.1 11.153173
11.500000186 11.562193
11.400000202 11.813227
13.622878745 13.375048
11.599999679 11.696133
13.899970733 14.158378
11.300000237 11.3415
11.300000237 11.252918
12.849579998 12.709834
12.299998172 11.809958
11.1 10.693312
11.699999383 11.758828
11.1 11.028492
12.499996913 11.977605
11.999998417 11.782166
11.900000875 11.918501
13.8000571 12.871528
11.200000128 11.428436
11.200000128 11.280221
11.200000128 11.276067
12.499996913 12.705083
11.599999679 11.593493
13.600038134 12.8507595
10.1 10.099398
11.300000237 11.393944
12.1 12.162494
11.200000128 11.099033
12.799991797 13.806455
11.1 11.094675
12.1 11.871599
11.500000186 11.564427
15.200179498 14.727802
11.200000128 11.203152
13.1 12.596821
13.500007822 13.861409
12.499996913 11.969418
11.400000202 11.582333
12.1 11.934252
13.000008766 11.782249
11.699999383 11.7201185
11.1 11.101454
11.699999383 11.747369
10.58148606 10.750983
11.699999383 11.6440735
12.1 12.172379
11.300000237 11.634786
12.499996913 12.908868
12.1 11.839314
10.702059991 10.781796
12.499996913 11.858529
12.433482019 11.596779
11.1 11.253071
11.000000142 10.896237
11.800000504 11.765023
12.899998135 12.355858
11.1 11.007821
12.1 12.048422
11.1 10.999477
11.699999383 11.578633
11.400000202 11.217363
11.200000128 11.204182
12.299998172 12.329258
13.299970641 12.867106
11.200000128 11.27337
13.8000571 12.835275
11.177758728 11.270786
11.500000186 11.430524
11.900000875 12.223761
11.200000128 11.320716
13.299970641 13.404688
11.400000202 11.40545
14.700326279 13.783178
11.200000128 11.377111
11.200000128 11.449869
12.799991797 12.3041115
11.1 11.585898
15.500116928 13.9008045
12.058607315 12.683814
11.200000128 11.256465
12.1 11.9346695
12.1 11.818718
11.1 11.171709
11.300000237 11.262845
12.699997654 11.6967325
12.699997654 12.426203
11.900000875 11.692877
11.400000202 11.4226
13.923908741 13.15288
11.999998417 11.8687935
12.058607315 11.683126
11.300000237 11.130398
11.200000128 11.323439
11.400000202 11.272964
13.000008766 13.571245
11.900000875 11.843778
11.800000504 12.244421
11.400000202 11.713144
11.900000875 11.878444
11.800000504 11.8293495
11.800000504 11.7739315
11.800000504 11.786775
10.702059991 11.517577
12.199999035 12.322041
13.500007822 12.030364
11.300000237 11.4407
11.200000128 11.120571
12.986056648 12.906172
12.1 11.88503
11.800000504 11.50212
13.953871964 12.877397
11.500000186 11.507921
11.900000875 11.845325
11.200000128 11.20295
11.200000128 11.234317
11.1 11.19087
11.800000504 11.688524
11.400000202 11.867047
11.699999383 12.221396
11.200000128 11.317993
11.200000128 11.411114
11.300000237 11.437184
11.300000237 11.204566
11.500000186 11.530092
11.500000186 11.533899
11.400000202 11.668451
11.800000504 12.036349
11.788375355 11.053673
10.145757491 10.441449
11.300000237 11.236626
11.145757491 11.841492
11.699999383 11.573456
11.599999679 11.458783
11.300000237 11.284108
12.899998135 12.699564
13.200015437 12.690492
12.1 12.24244
12.299998172 11.503576
11.800000504 11.757706
12.546116973 13.00985
12.499996913 11.621843
11.500000186 11.558441
11.1 11.154501
11.300000237 11.351726
11.300000237 11.498238
12.1 11.9376135
11.200000128 11.314669
11.200000128 11.519824
11.500000186 11.461073
11.500000186 12.413188
11.300000237 11.404348
11.300000237 11.35259
13.000008766 12.259908
11.599999679 11.5815115
13.1 12.851244
10.401029995999998 10.858008
11.900000875 11.910052
11.200000128 11.449738
11.300000237 11.2954235
11.500000186 11.594082
13.392429824 13.251081
12.699997654 11.676011
11.599999679 12.274924
11.300000237 11.551363
11.1 11.101205
11.200000128 11.247313
11.300000237 11.391372
13.1 12.856044
11.900000875 11.769436
11.599999679 12.102504
12.699997654 12.281399
11.1 11.147751
11.400000202 11.731594
11.200000128 11.283398
14.700326279 13.490544
11.800000504 11.705925
13.1 12.587624
12.799991797 12.114353
11.999998417 11.685648
11.329147988 10.171964
9.798970004 9.841184
11.1 11.147885
11.200000128 11.26754
11.699999383 11.776231
11.1 11.147304
12.599996932 11.952665
11.500000186 11.4650135
11.500000186 11.120497
10.668636236 11.037777
11.487216143 10.820538
11.400000202 11.354354
11.900000875 11.93075
11.900000875 11.900381
11.200000128 11.23197
11.1 11.054658
11.200000128 11.229332
12.384832642 12.51656
10.622878745 10.880642
11.200000128 11.341524
14.1 13.755983
11.400000202 11.373932
11.400000202 11.384979
11.900000875 11.8990755
11.599999679 11.647045
11.200000128 11.21555
13.699980365 13.546132
12.699997654 12.455361
11.500000186 11.616358
11.400000202 11.491933
11.900000875 11.83885
11.200000128 11.441134
11.1 11.133725
11.180921908 11.885991
11.900000875 11.302654
13.1 12.250824
11.800000504 11.79462
11.800000504 12.07452
11.999998417 11.695304
11.1 10.940992
12.826415714 12.524762
12.299998172 12.219753
11.800000504 11.786224
11.999998417 12.248568
11.800000504 11.859131
11.300000237 11.6824665
10.702059991 10.71011
12.299998172 12.150574
11.1 11.289088
12.399997603 12.493674
11.200000128 11.2392025
11.200000128 11.129135
11.500000186 11.513092
11.300000237 11.288229
13.1 11.851318
11.300000237 11.254087
11.699999383 11.778025
10.401029995999998 11.604447
11.200000128 11.306911
11.500000186 11.798663
14.600312917 13.291462
11.900000875 11.904133
11.300000237 11.446985
11.200000128 11.191929
11.599999679 11.44338
11.400000202 11.378013
12.299998172 12.57271
12.399997603 12.511906
12.599996932 12.745162
11.300000237 11.417016
11.900000875 11.978259
14.400162274 14.244971
11.599999679 11.375404
11.497940009 11.2794075
11.200000128 11.335874
11.400000202 11.474529
11.106614133 11.089406
11.200000128 11.151723
11.300000237 11.293112
9.798970004 9.859001
11.800000504 11.782302
10.401029995999998 11.04926
11.300000237 11.473358
12.199999035 11.977816
11.200000128 11.337525
11.999998417 11.703579
13.8000571 12.53854
12.277450066 12.161079
11.800000504 11.797656
11.200000128 11.168184
11.500000186 11.342823
11.200000128 11.1977415
11.300000237 11.686772
12.799991797 12.333923
11.599999679 11.463358
11.900000875 11.792574
11.900000875 11.917442
11.900000875 11.780287
11.1 11.119592
11.599999679 11.370995
11.500000186 11.45058
11.901342913 11.705982
11.200000128 11.275179
11.699999383 11.686353
11.200000128 11.407548
10.300000031 10.121297
12.399997603 11.5039015
11.800000504 11.8186035
11.900000875 11.955053
12.499996913 11.514524
11.200000128 11.2402525
11.1 11.184263
11.699999383 11.850658
11.699999383 11.678175
12.799991797 12.019272
11.719788758 11.49596
11.400000202 11.698436
11.1 11.290104
12.299998172 12.2945795
11.200000128 11.345044
11.599999679 11.863677
11.500000186 11.395939
11.123361832 11.155466
11.599999679 11.595565
11.900000875 11.97381
11.1 11.40927
11.821246399 11.958121
11.300000237 11.753184
11.1 11.135113
11.400000202 11.341552
11.900000875 11.943442
12.899998135 12.379255
13.600038134 13.175563
11.900000875 11.582888
11.500000186 11.621291
12.199999035 11.446317
11.999998417 11.822418
11.200000128 11.524756
13.000008766 12.71814
11.200000128 11.2126045
10.923330066999998 11.19174
11.900000875 11.888361
12.699997654 12.418051
12.058607315 11.989714
11.300000237 11.499569
11.999998417 11.885511
11.999998417 12.141569
11.500000186 11.626388
11.1 11.013561
11.900000875 11.87759
11.800000504 11.841733
11.300000237 11.420963
12.699997654 12.210157
11.500000186 11.579256
12.599996932 12.120672
11.900000875 11.871682
11.300000237 11.426713
11.400000202 10.918782
11.800000504 11.885007
11.599999679 11.636436
11.200000128 11.507639
12.599996932 12.836265
11.400000202 11.379898
11.999998417 11.477362
11.900000875 11.936504
11.200000128 11.399364
11.900000875 11.919285
15.600312917 15.578033
14.145757491 13.625794
11.699999383 11.308508
11.699999383 12.138152
11.200000128 11.280762
11.999998417 11.885177
13.1 11.877533
11.800000504 11.909317
11.622878745 14.024363
11.200000128 11.483318
11.200000128 11.209957
11.200000128 11.164445
11.300000237 11.318321
9.986056648 9.999953
11.200000128 11.198271
11.500000186 12.336853
11.900000875 11.818283
11.300000237 11.467318
11.900000875 11.786261
12.1 11.271631
11.599999679 11.883022
13.32184875 12.801559
11.1 11.157379
14.798970004 14.456289
11.200000128 11.252223
13.821246399 12.2825775
11.599999679 11.469593
11.999998417 11.693782
12.899998135 12.848267
11.400000202 11.682559
11.900000875 12.492207
11.200000128 11.263352
11.999998417 12.0542965
14.1 12.3563175
11.999998417 11.91316
11.900000875 12.049285
11.599999679 12.752025
10.401029995999998 10.642083
11.999998417 11.9561205
11.999998417 11.98738
11.200000119 11.40365
11.1 11.53729
11.500000186 11.595836
12.1 11.627853
11.900000875 11.8270235
11.196910013 11.259043
11.400000202 11.67436
11.200000128 11.395441
11.400000202 11.549467
11.200000128 11.423012
11.1 11.080933
12.399997603 12.266415
11.300000237 11.639084
13.500007822 12.973148
10.499999968 10.526128
11.953871964 11.762869
11.200000128 11.272887
11.800000504 11.638161
11.800000504 11.779498
12.499996913 12.220532
11.900000875 11.703248
11.800000504 11.550055
13.399988938 13.024416
11.1 11.069108
11.200000128 11.53845
12.399997603 11.644506
11.599999679 11.682757
12.507823243 11.701556
11.500000186 11.381263
11.699999383 11.822065
11.599999679 11.504253
14.500116928 12.261702
11.900000875 11.956976
11.599999679 11.794061
11.999998417 12.447418
12.1 12.087834
11.699999383 12.104702
11.599999679 11.31678
11.900000875 12.186458
11.212469432 11.214203
14.299970641 13.478505
15.798970004 14.619577
11.300000237 11.363342
11.500000186 11.998211
10.401029995999998 10.276178
10.702059991 10.738642
11.900000875 11.607809
12.927803863 13.345747
11.1 11.6211405
10.798970004 11.470733
11.900000875 11.916421
11.400000202 11.170248
12.199999035 11.976831
13.202372909 12.391601
13.99997427 13.094023
12.399997603 13.397049
11.300000237 11.29387
10.401029995999998 10.480893
11.1 11.405591
11.400000202 11.517109
11.800000504 11.636749
14.200179498 12.863557
11.1 11.22118
11.300000237 11.373066
11.822363999 11.779722
11.1 11.201697
11.699999383 11.618312
11.200000128 11.283071
10.1 10.141141
11.599999679 11.91608
11.699999383 11.901733
11.699999383 11.773767
11.900000875 12.511938
11.300000237 11.332771
11.400000202 11.473623
11.800000504 12.314644
11.1 11.161678
11.900000875 12.4513
11.000000142 11.078993
11.200000128 11.509833
11.1 11.983651
11.300000237 11.304808
12.299998172 12.043869
11.300000237 11.323772
11.699999383 12.116843
11.400000202 11.545862
11.400000202 11.427271
11.699999383 11.701202
13.299970641 13.165684
11.900000875 11.846508
11.900000875 11.856981
12.499996913 12.336449
11.300000237 11.349249
11.900000875 11.93272
13.699980365 13.772972
11.900000875 11.936217
11.699999383 11.78943
11.599999679 11.514045
13.1 12.770379
11.972895202 11.783205
11.300000237 11.475931
11.900000875 11.835596
11.500000186 11.275361
11.200000128 11.330546
11.1 11.161038
11.200000128 11.26973
11.500000186 11.447391
12.1 12.40993
12.799991797 12.279566
14.145757491 14.141589
11.200000128 11.168965
11.500000186 11.576653
11.599999679 11.753424
13.000008766 12.815457
11.500000186 11.897857
11.200000128 11.480434
11.500000186 11.429681
11.300000237 11.208878
12.599996932 12.118329
10.702059991 10.783634
11.500000186 11.635997
11.1 11.243438
11.599999679 11.595517
11.1 11.158745
11.900000875 11.870102
11.800000504 11.849941
11.800000504 11.940157
11.300000237 11.28204
11.999998417 11.886016
11.500000186 11.734783
11.999998417 12.088673
11.900000875 12.195491
11.200000128 11.322175
11.200000128 11.162615
11.900000875 11.932865
11.1 11.890724
11.800000504 11.890562
11.800000504 12.089474
11.1 11.372544
11.200000128 11.278948
11.1 11.156046
12.199999035 12.414209
11.200000128 11.309114
11.300000237 11.69157
11.300000237 11.198921
11.200000128 11.326771
11.999998417 11.822231
11.200000128 11.299501
10.200000019 10.627163
12.37424368 12.952347
11.200000128 11.307402
11.200000128 11.206937
11.999998417 12.601232
11.999998417 12.918481
11.200000128 11.165873
11.599999679 12.3368225
11.599999679 11.857302
11.500000186 11.490947
11.1 11.09178
11.400000202 11.579714
10.901342913 10.882507
11.500000186 10.750532
11.599999679 11.589746
11.599999679 11.601399
11.900000875 11.810999
11.1 11.112254
11.300000237 11.392478
11.800000504 11.8457775
13.200329725 13.484841
11.300000237 12.094181
11.300000237 11.321945
11.200000128 11.4301815
11.500000186 11.764385
11.799998457 12.110291
11.400000202 11.448697
10.1 10.792576
11.999998417 12.275609
11.999998417 12.364595
11.900000875 11.90169
11.400000202 11.810187
11.500000186 11.63433
12.555931956 12.556524
11.200000128 11.3824005
11.200000128 11.163447
9.798970004 9.996537
11.400000202 11.290922
12.499996913 12.022973
11.300000237 11.34649
11.200000128 11.2733135
11.1 11.307333
11.949999646 12.037583
11.999998417 11.829854
11.497940009 11.965958
10.200000019 10.799444
11.300000237 10.705167
11.300000237 11.512332
11.1 11.195892
11.699999383 11.68445
12.1 11.713441
11.400000202 11.48569
11.200000128 11.20784
11.599999679 11.694
9.702059991 9.780452
11.900000875 11.613963
11.200000128 11.463631
11.1 11.120543
11.300000237 11.435072
11.200000128 11.259909
11.200000128 11.428127
12.299998172 12.44634
11.500000186 11.598124
11.500000186 11.420737
11.196910013 11.918319
11.400000202 11.3347225
11.300000237 11.794756
11.900000875 12.0301285
10.401029995999998 11.469677
11.200000128 11.210571
11.200000128 11.2954235
11.900000875 11.790226
11.800000504 11.582764
11.200000128 11.352807
11.999998417 12.029411
12.895880017 12.464857
12.699997654 11.3180485
11.200000128 11.197161
11.999998417 11.9843
13.000008766 12.600455
11.800000504 11.787838
11.200000128 11.7364
11.1 11.383447
11.900000875 11.904505
11.500000186 11.51786
11.300000237 11.444563
12.299998172 11.991614
11.599999679 11.82334
11.1 11.362696
11.200000128 11.46184
11.599999679 11.692072
11.500000186 11.547603
11.500000186 11.833112
11.999998417 12.6212845
12.199999035 11.458987
11.599999679 11.679121
11.500000186 11.395473
11.1 11.33438
13.622878745 13.660393
11.699999383 11.702042
13.1 13.02622
11.895880017 11.962928
11.300000237 11.535098
11.300000237 11.481348
12.799991797 12.369043
11.999998417 12.224708
13.99997427 14.437174
11.500000186 11.541386
12.299998172 12.170494
13.798970004 13.839336
10.798970004 10.873719
11.200000128 11.260789
11.300000237 11.4838505
11.200000128 11.189562
11.300000237 11.38954
11.200000128 11.359845
11.300000237 11.372493
11.000000142 10.612816
13.200015437 12.720878
10.1 10.043667
11.300000237 11.281679
11.900000875 11.894256
11.400000202 11.508182
11.200000128 11.895864
11.900000875 11.943193
11.200000128 11.313993
11.300000237 11.156476
11.543697499 11.388876
11.699999383 11.737508
11.900000875 11.81052
11.1 11.359335
11.900000875 12.080509
11.300000237 11.444924
11.999998417 11.662874
11.200000128 11.490284
11.993027532 11.230613
13.899970733 13.473064
11.200000128 11.241735
14.1 13.932091
13.500007822 12.977339
11.900000875 11.9246645
11.1 11.114407
11.599999679 11.790955
10.1 11.019327
11.200000128 11.228186
11.1 11.163839
11.1 10.933157
12.199999035 12.154961
11.699999383 11.669346
12.399997603 12.621996
11.200000128 11.170692
10.622878745 10.687001
13.600038134 12.265396
13.000008766 12.299432
11.108773924 11.142489
10.300000031 10.469439
11.665577586 11.625102
10.622878745 10.4475155
11.300000237 11.344082
11.300000237 11.702584
11.300000237 11.603553
11.800000504 11.846573
11.500000186 11.417788
11.800000504 12.013334
11.900000875 11.903117
11.900000875 11.706466
11.200000128 11.229723
11.1 11.369732
11.300000237 11.657585
11.800000504 12.118979
11.300000237 11.408569
11.1 11.569564
11.1 11.103585
11.500000186 11.485764
10.738272164 10.779911
11.800000504 11.281182
11.800000504 11.759506
11.000000142 11.30893
11.300000237 11.34658
13.777780705 12.533389
12.899998135 13.0522
11.200000128 11.265898
11.900000875 11.990944
13.899970733 12.561747
11.1 11.132066
11.200000128 11.369146
12.719788758 12.379432
11.500000186 11.451048
11.599999679 11.704016
11.200000128 11.138481
11.242667504 11.384001
10.798970004 11.534718
11.900000875 11.490536
11.300000237 11.420282
11.800000504 12.003379
11.900000875 12.170763
11.999998417 12.07929
12.499996913 12.854134
11.500000186 11.7090435
13.500007822 12.92988
11.699999383 11.918077
11.200000128 11.318993
12.299998172 12.379873
11.1 11.131401
11.900000875 12.05967
11.200000128 11.218891
14.299970641 12.832005
11.900000875 11.987074
12.759555885 13.221943
11.200000128 11.7796755
11.999998417 11.937249
11.800000504 11.998842
11.599999679 11.672972
11.800000504 11.861194
11.300000237 12.02812
11.622878745 11.512573
11.949999646 11.9860935
11.800000504 12.05749
11.999998417 12.018621
11.900000875 11.9235
11.1 11.407892
13.200015437 12.992401
11.500000186 11.53054
11.300000237 11.27623
11.549999209 11.840482
12.399997603 12.1500025
13.8000571 12.06283
11.500000186 11.579895
11.699999383 11.770782
11.200000128 11.258872
11.699999383 11.693002
11.500000186 11.466228
13.399988938 12.087845
11.1 10.98175
11.844727495 11.280804
12.199999035 12.067082
12.299998172 11.81038
11.300000237 11.3308735
11.1 11.259781
12.299998172 11.70614
11.1 11.15276
9.798970004 9.854467
11.300000237 11.263542
11.599999679 11.716121
11.1 11.293011
15.299970641 13.770726
11.599999679 11.772773
11.1 11.128979
11.400000202 11.4556265
9.798970004 9.844507
11.200000128 11.131892
14.668636236 14.624289
11.900000875 12.238447
11.699999383 11.838646
11.200000128 11.2703285
11.058607315 10.8744755
13.399988938 12.591862
13.986056648 12.906496
11.200000128 11.302568
11.999998417 12.0644245
10.1 10.591728
11.200000128 11.500768
12.788246139 12.512224
11.599999679 11.936649
11.400000202 11.306301
10.401029995999998 10.195868
12.299998172 11.864266
11.300000237 11.279549
11.1 11.280723
11.900000875 11.872207
11.400000202 11.752605
11.800000504 12.001523
11.300000237 11.624797
12.199999035 11.871467
11.900000875 11.898265
11.900000875 12.003102
11.800000504 11.784233
15.25490196 13.4279785
11.200000128 11.195032
13.299970641 12.608678
11.500000186 11.32637
11.200000128 11.220054
11.1 11.154043
12.399997603 12.8129225
12.799991797 12.790717
11.200000128 11.233444
11.1 11.019187
11.200000128 11.305003
12.599996932 12.720738
11.999998417 11.666544
13.99997427 13.228248
11.900000875 11.910008
12.299998172 12.191142
11.999998417 12.000154
11.200000128 11.291614
11.300000237 11.274487
11.1 11.436577
12.1 11.996333
11.900000875 11.95747
11.798970004 11.67054
11.300000237 11.403053
11.1 11.337959
11.400000202 11.507062
11.1 11.799875
11.1 11.056076
11.800000504 11.943672
11.400000202 11.44589
11.800000504 11.26055
11.200000128 11.338158
11.599999679 11.612944
10.200000019 10.3677
13.500007822 12.778179
11.1 11.268457
11.200000128 11.340752
11.900000875 11.944432
11.999998417 11.893181
11.1 11.170544
11.699999383 11.718029
11.900000875 12.007611
11.200000128 11.261345
11.400000202 11.387549
11.900000875 12.041723
11.599999679 11.998448
11.999998417 11.790321
11.901342913 11.914791
12.799991797 12.548581
11.699999383 11.827223
11.800000504 12.060846
11.200000128 11.332179
11.200000128 11.218486
11.200000128 11.182077
11.599999679 11.655886
11.1 11.351108
11.800000504 11.806527
11.800000504 11.8387165
12.299998172 12.091162
11.200000128 11.24365
11.900000875 11.798064
11.800000504 11.66902
11.999998417 12.485798
11.500000186 11.758982
12.699997654 11.87332
11.699999383 11.81655
11.800000504 11.678994
11.900000875 12.080973
10.497940009 10.573824
13.314670165 11.799922
11.500000186 11.548231
11.1 11.126006
11.900000875 11.914991
11.400000202 11.382445
10.520216403 10.413666
11.800000504 11.752316
11.200000128 11.302032
14.400162274 14.06328
11.401029996 11.466324
14.500116928 13.47044
11.1 11.648284
11.900000875 11.862302
12.299998172 11.776077
11.1 11.216381
11.500000437 11.689059
12.299998172 12.414796
12.899998135 12.384187
11.200000128 11.269865
11.300000237 11.223412
13.600038134 13.93376
11.336572006 11.348706
11.200000128 11.131553
12.399997603 11.600677
11.400000202 11.515237
11.200000128 11.387179
11.1 11.306188
11.300000237 11.605629
11.446787486 11.564404
11.599999679 11.774224
13.1 12.695276
12.499996913 12.442253
11.200000128 11.297659
11.300000237 11.589017
11.599999679 11.552114
12.599996932 12.219508
11.800000504 12.25032
11.500000186 11.811276
11.450000194 11.412683
11.1 11.120303
11.200000128 11.245463
11.200000128 11.182253
11.200000128 11.191472
11.1 11.155556
12.299998172 12.13911
11.1 11.3170395
11.599999679 12.167216
11.300000237 11.571917
9.798970004 9.829451
11.1 11.176192
13.200015437 11.61631
11.500000186 11.908197
11.200000128 11.220289
11.300000237 11.293606
11.300000237 11.431009
11.699999383 11.95528
12.499996913 12.713053
11.953871964 11.959245
11.699999383 12.466159
12.000000437 12.244923
11.23914764 11.626151
11.1 11.124512
11.699999383 11.747583
12.010408586 11.959166
12.499996913 12.278036
13.864471553 12.305018
11.699999383 11.684469
10.401029995999998 10.715029
11.200000128 11.198826
11.300000237 11.352906
13.986056648 12.993419
11.999998417 11.980048
11.599999679 11.983092
11.699999383 11.632273
11.200000128 11.217928
11.1 11.116465
11.999998417 11.780469
11.1 11.020776
11.1 11.106806
11.699999383 11.96978
11.200000128 11.405262
9.508935393 9.529728
11.999998417 11.979733
11.300000237 11.403887
12.418758763 12.492022
11.719788758 11.163631
11.300000237 11.3804455
15.480534257 14.253581
11.500000186 11.487058
11.500000186 11.291737
14.200179498 13.337265
11.500000186 11.632502
11.300000237 11.304815
12.199999035 12.653128
11.200000128 11.297469
11.800000504 11.519397
11.500000186 11.545008
11.1 11.1604805
11.999998417 12.000036
11.800000504 11.647839
11.200000128 11.433388
11.1 11.114718
11.1 11.204641
11.1 11.082408
11.500000186 11.293153
11.300000237 11.871731
15.456547324 13.005498
12.699997654 11.274574
11.200000128 11.235749
11.900000875 12.1851
12.1 11.728471
11.400000202 11.242878
11.200000128 11.824998
11.200000128 11.344991
12.196910013 13.463456
13.000008766 11.611799
11.500000186 11.631848
11.800000504 11.679385
11.200000128 11.388384
11.800000504 11.707426
11.400000202 11.425083
12.299998319 12.223318
11.1 11.007053
12.699997654 11.969475
12.299998172 12.546717
11.401029996 11.407227
12.199999035 12.079057
13.000008766 12.149361
12.799991797 12.099131
11.111138197 11.122136
11.999998417 11.938688
9.923908741 10.058753
11.699999383 11.709183
11.200000128 11.252488
11.900000875 11.926372
11.400000202 11.516961
11.1 11.451562
13.200015437 12.536092
11.400000202 11.4478855
11.500000186 11.516179
11.400000202 11.529211
11.400000202 11.420764
12.192825032 11.9871645
11.999998417 12.8033495
11.400000202 11.382953
13.600038134 12.844213
11.200000128 11.290287
11.1 11.237564
14.901342913 13.758941
11.200000128 11.413538
11.500000186 11.474725
11.200000128 11.228412
11.400000202 11.60604
11.699999383 11.79875
11.800000504 12.047743
11.900000875 11.84961
12.799991797 12.497059
11.200000128 11.239338
11.900000875 11.88253
11.1 11.525827
11.200000128 11.315389
13.500007822 13.16358
11.711954464 11.517711
11.1 11.151961
13.1 12.970015
11.900000875 12.083278
11.900000875 11.738289
12.958546389 12.533304
11.1 11.142117
11.200000128 11.421298
11.300000237 11.326982
10.900000053 11.106274
10.798970004 10.85584
11.500000186 11.214912
14.844727495 14.846535
11.800000504 11.93174
11.1 11.071342
13.500007822 13.023827
11.699999383 11.707779
11.25490196 11.530326
11.800000504 12.0102825
11.1 11.6051235
11.200000128 11.1809025
11.1 11.19999
11.200000128 11.238926
10.1 10.160631
11.800000504 11.795097
11.400000202 11.40464
11.200000128 11.704238
14.508935393 13.8004
11.1 11.226465
12.599996932 11.9644375
14.1 13.407553
11.300000237 11.293846
11.699999383 11.774046
9.401029995999998 9.402321
11.999998417 12.030747
11.300000237 11.36207
11.212469432 11.217176
11.500000186 11.522043
10.1 10.17872
12.599996932 12.800297
10.839154521 12.245768
11.699999383 11.666617
11.200000128 11.521059
11.900000875 11.927701
11.800000504 11.763159
11.300000237 11.271396
11.300000237 11.372563
11.699999383 11.719512
11.1 11.305569
11.200000128 11.469023
12.499996913 12.307183
14.500116928 13.347009
14.401029996 14.097219
15.1 13.287886
11.200000128 11.212458
11.699999383 11.735711
12.1 12.204409
11.300000237 11.387622
9.893174124 9.960893
11.800000504 11.714868
11.599999679 11.765793
11.500000186 12.310373
11.900000875 11.932956
12.199999035 11.591892
11.900000875 11.875385
11.200000128 11.173473
11.1 11.122007
11.1 11.332576
12.060409377 12.028957
11.200000128 11.297801
11.200000128 11.242235
11.1 11.456858
12.499996913 12.283784
11.599999679 11.600873
11.900000875 11.885601
11.200000128 11.331715
12.699997654 12.064424
10.622878745 10.607225
11.800000504 10.977744
11.800000504 12.635046
11.699999383 11.625699
11.599999679 11.52797
13.699980365 12.983979
11.1 11.605476
12.543697499 12.6644125
12.199999035 12.059251
11.1 11.237293
11.400000202 12.101959
11.900000875 11.887056
11.1 11.442849
13.01195437 13.184299
12.699997654 11.631185
11.200000128 11.422794
11.400000202 11.54005
11.900000875 11.852547
11.500000186 11.551303
13.1 13.143909
11.800000504 11.841978
11.900000875 11.975463
11.300000237 11.344943
12.993440431 12.438553
11.900000875 11.683823
11.900000875 11.67788
11.200000128 11.209508
11.200000128 11.182228
11.900000875 11.935022
11.900000875 11.760879
12.821246399 12.281445
11.200000128 11.281115
12.434419009 12.45267
12.899998135 12.236506
11.800000504 11.851142
12.199999035 11.760162
11.400000202 11.29114
11.200000128 11.368728
11.599999679 11.641118
11.300000237 11.550209
11.699999383 11.725616
12.799991797 12.841474
11.200000128 11.275587
11.459518563 11.739776
11.200000128 11.218666
11.1 11.001579
11.699999383 12.200302
12.799991797 12.613014
11.400000202 11.370821
11.300000237 11.310578
11.699999383 11.607302
9.798970004 9.730521
11.599999679 11.485208
11.1 11.245763
11.534152181 11.330846
11.300000237 11.841785
12.499996913 12.192888
11.800000504 11.840295
11.800000504 11.808429
11.900000875 12.243177
11.699999383 11.7313795
11.500000186 11.598689
11.400000202 11.5320835
11.1 11.207449
12.299998172 13.164827
12.199999035 11.349403
12.199999035 11.804701
11.599999679 11.828875
11.999998417 11.927052
11.400000202 11.329344
12.923908741 11.049046
12.058607315 11.896045
13.699989278 13.386243
13.000008766 12.668339
11.1 11.039074
11.200000128 11.286627
11.200000128 11.405456
13.1 12.45507
11.200000128 11.251459
10.200000019 10.64141
11.400000202 11.586706
11.1 11.2039795
11.300000237 11.459201
11.800000504 11.998999
11.1 11.17093
11.200000128 11.379143
11.1 11.094423
11.900000875 11.921132
12.1 11.761003
11.900000875 11.928486
11.900000875 11.942977
10.702059991 10.794174
12.1 11.833268
11.800000504 11.735082
10.622878745 10.601339
12.1 12.65961
11.200000128 11.214745
11.200000128 11.211284
11.900000875 11.964059
13.1 12.8190975
11.699999383 11.87211
11.500000186 11.54409
12.466531544 11.044146
11.599999679 11.182032
11.200000128 11.597729
11.1 11.395178
11.200000128 11.212932
11.401029996 11.331613
11.400000202 11.498007
11.1 11.096791
12.699997654 13.0978565
11.400000202 11.25684
11.900000875 13.061227
11.165501549 11.255684
13.299970641 13.031445
10.700000074999998 10.35556
11.800000504 11.937157
11.1 11.113497
11.1 11.145888
11.800000504 11.971934
9.798970004 10.054869
9.986056648 10.024781
11.200000128 11.337968
11.699999383 11.784826
11.200000128 11.26033
12.078810701 11.741973
12.1 11.442606
12.299998172 12.211869
12.199999035 12.053592
11.1 11.199251
11.300000237 11.681819
11.900000875 11.899755
11.200000128 11.185331
11.1 11.27856
11.400000202 11.358049
15.200179498 13.731518
10.446787486 10.492558
12.1 11.836438
11.699999383 11.520378
11.500000186 11.502938
11.1 11.22624
12.499996913 12.235758
11.699999383 11.776687
11.900000875 12.083335
11.300000237 11.362745
12.299998172 11.709317
11.999998417 11.978418
11.500000186 11.476765
12.723423043 12.160449
12.199999035 11.922585
14.1 13.20246
11.900000875 11.954149
11.599999679 11.640637
12.1 11.731811
11.500000186 11.532254
10.622878745 11.057118
11.200000128 11.433709
11.200000128 11.237924
11.200000128 11.2688675
11.400000202 11.676952
11.800000504 11.750473
10.599999953 10.786791
11.999998417 11.977489
11.699999383 11.593241
11.1 11.376652
11.200000128 11.196087
12.599996932 12.053768
12.899998135 12.152641
11.900000875 11.924978
11.699999383 11.784566
11.200000128 11.333469
11.500000186 12.134955
11.999998417 11.370336
11.500000186 11.610003
11.800000504 11.796385
11.200000128 11.280578
11.599999679 11.558758
10.895880017 11.120413
11.200000128 11.018391
11.999998417 12.279223
11.300000237 11.490263
11.599999679 11.533448
12.899998135 12.638506
11.497940009 12.168467
13.299970641 12.795597
10.1 10.119997
13.600038134 14.210058
11.200000128 11.229073
11.400000202 11.422282
11.1 11.281709
12.899998135 11.658427
11.900000875 11.96298
11.400000202 11.515273
11.800000504 12.065006
12.399997603 11.712034
11.1 11.164291
11.1 11.361132
11.599999679 11.536253
11.500000186 11.487171
11.1 11.16516
11.200000128 11.245787
10.798970004 10.163152
11.699999383 11.739067
11.300000237 11.787659
12.399997603 11.894187
11.1 11.119356
11.800000504 11.86383
11.599999679 11.644435
11.800000504 11.780334
11.000000142 11.047144
13.47675071 13.612653
11.500000186 11.467876
11.500000186 11.680065
11.500000186 11.540356
11.500000186 11.500601
11.599999679 11.745077
12.497940009 12.93402
11.000000142 10.938406
13.145757491 12.589128
12.199999035 11.992576
12.1 11.949656
11.800000504 11.793628
11.200000128 11.199309
12.555931956 12.975664
11.500000186 11.790692
11.200000128 11.202084
11.300000237 11.468384
11.300000237 11.345074
11.900000875 11.935964
11.599999679 11.608932
11.300000237 11.7426605
11.200000128 11.246347
11.699999383 12.190264
11.1 11.184439
11.500000186 11.383114
11.500000186 11.523917
11.800000504 11.792211
11.1 11.506796
12.1 12.070309
11.800000504 11.816772
11.500000186 12.039095
11.699999383 11.630833
11.999998417 11.798826
11.300000237 11.375788
13.699980365 13.774993
10.1 10.391232
11.300000237 10.786969
15.117728767 14.988731
10.401029995999998 11.273722
11.300000237 11.451462
11.500000186 11.422829
13.99997427 13.510844
11.1 11.1291485
11.999998417 11.368163
11.300000237 11.24913
12.799991797 11.89125
11.800000504 11.843168
14.200179498 13.384179
12.399997603 11.894411
12.899998135 12.097273
11.999998417 12.046598
11.1 11.109718
10.401029995999998 11.815063
11.200000128 11.200241
11.200000128 11.167498
11.200000128 11.298143
12.299998172 12.222086
11.800000504 11.861639
13.500007822 14.09378
11.400000202 11.555815
10.798970004 11.697184
11.900000875 11.966358
11.400000202 11.849275
11.500000186 11.205781
11.1 11.323749
11.300000237 11.2627735
11.1 11.099493
10.400000029 10.426569
11.300000237 11.349918
11.900000875 11.913122
11.200000128 11.35344
11.200000128 11.327018
11.200000128 11.2054405
12.1 11.259864
12.499996913 11.973793
11.699999383 11.502693
11.400000202 11.373844
12.199999035 11.925697
11.1 11.3999
11.200000128 11.28007
11.999998417 11.977117
11.900000875 11.829805
11.500000186 11.52294
11.599999679 11.738316
11.500000186 11.882082
13.299970641 13.032702
11.300000237 11.304462
14.999629455 14.582201
11.699999383 11.725056
11.1 11.380611
11.699999383 11.6394825
10.622878745 10.793413
11.901342913 12.028851
11.1 11.25996
10.1 12.033841
11.699999383 11.654438
11.400000202 11.367511
11.900000875 11.740713
12.300659451 12.447943
12.299998172 11.522384
10.700000074999998 10.591652
11.699999383 11.432365
11.800000504 11.684704
11.699999383 11.649975
11.300000237 11.307821
11.699999383 11.7931385
11.200000128 11.269405
11.400000202 11.376003
11.599999679 11.615671
11.300000237 11.242979
11.999998417 11.896963
11.699999383 11.790686
11.200000128 11.21973
11.800000504 11.919811
10.400000029 10.656345
11.200000128 11.572014
11.043335081 11.22021
10.800000069 10.504271
12.499996913 11.956975
11.900000875 11.794062
11.900000875 11.614857
11.200000128 11.272671
11.900000875 12.169917
11.196910013 12.729947
11.200000128 11.419117
11.1 11.124899
13.699980365 14.03433
12.199999035 11.7034855
11.400000202 11.3348465
11.822363999 11.778367
13.500007822 13.03609
11.599999679 11.670078
13.99997427 12.657022
14.500116928 13.702381
11.300000237 11.555661
11.800000504 11.902422
11.300000237 11.683257
11.1 11.130522
11.699999383 11.978946
14.700326279 14.155353
11.500000186 11.412472
14.200179498 13.264765
11.699999383 11.663101
11.1 11.153433
11.900000875 11.87546
11.300000237 11.777574
13.8000571 12.698587
11.200000128 12.19274
11.497940009 11.3631115
11.500000186 11.485535
11.900000875 11.59559
11.300000237 11.289633
10.800000069 10.614656
11.400000202 11.5086775
11.1 11.217445
11.699999383 11.732249
10.401029995999998 10.866842
11.900000875 12.051207
11.999998417 11.679393
11.200000128 11.338406
13.500007822 12.696543
11.500000186 11.760425
11.058607315 11.1035
11.900000875 11.904012
11.900000875 11.898382
11.300000237 11.402558
11.200000128 11.201775
11.200000128 11.093748
11.900000875 12.092669
12.399997603 11.930013
11.500000186 11.465208
11.900000875 11.872143
10.400000029 10.507893
11.200000128 11.173567
11.900000875 11.852412
11.599999679 11.863187
11.200000128 11.282351
11.900000875 11.92157
11.200000128 11.381096
11.500000186 11.479345
11.900000875 11.942184
11.300000237 11.555451
12.199999035 11.884422
11.999998417 11.89636
11.500000186 11.512095
11.400000202 11.33772
11.500000186 12.112513
12.251195299 11.697723
13.555931956 13.137302
12.399997603 12.605442
11.58148606 12.0947695
12.399997603 12.610872
11.200000128 11.5385475
12.685026652 12.650126
11.200000128 11.326422
11.699999383 11.647251
11.200000128 11.203876
12.499996913 11.568335
11.1 11.107962
12.699997654 12.42491
11.1 11.150692
11.200000128 11.209076
11.599999679 11.573891
11.900000875 12.291721
11.699999383 11.686312
11.900000875 11.946596
12.899998135 12.529627
11.900000875 11.845684
11.900000875 11.839509
12.1 11.72635
11.599999679 11.629545
11.300000237 11.569513
11.200000128 11.129061
11.699999383 11.770603
11.800000504 12.0199585
11.699999383 12.066067
11.900000875 12.01347
11.500000186 11.549842
10.700000074999998 10.562861
13.899970733 13.222307
11.500000186 11.525697
11.200000128 11.3445425
14.200179498 14.702067
13.600038134 13.178824
11.200000128 11.274904
12.199999035 11.651799
11.999998417 12.2380085
11.900000875 12.069467
11.821246399 11.956509
11.200000128 11.311821
12.399997603 11.965628
11.999998417 11.649073
11.200000128 11.464916
11.500000186 11.5974045
10.401029995999998 11.181698
11.1 11.894793
12.599996932 12.162275
11.900000875 12.477164
11.599999679 11.683617
11.300000237 11.425823
11.699999383 11.609857
11.599999679 11.585496
12.199999035 11.983128
11.1 11.081625
11.500000186 11.502698
11.200000128 11.206448
11.200000128 11.411297
11.800000504 11.893161
13.699980365 13.143342
11.900000875 11.827679
11.699999383 11.927287
11.300000237 11.389486
11.900000875 11.963743
12.1 11.800262
11.200000128 11.228034
12.1 12.062186
11.500000186 12.376643
11.800000504 11.459855
11.200000128 11.363262
11.1 11.457647
11.300000237 11.258838
11.699999383 11.72741
15.798970004 11.804951
11.1 11.122882
11.400000202 11.375456
10.1 10.344193
11.497940009 11.507441
11.200000128 11.395742
11.200000128 11.212718
11.599999679 11.732499
11.200000128 11.396424
11.392429824 12.131144
11.699999383 11.58556
11.200000128 11.538426
11.900000875 11.598639
11.800000504 11.832069
11.300000237 11.636362
11.699999383 11.58426
11.699999383 11.601227
11.555931956 11.556034
11.999998417 11.8987055
11.999998417 11.92314
11.300000237 11.479198
11.699999383 12.033536
11.599999679 11.726763
11.800000504 11.45791
11.800000504 11.773474
12.499996913 12.023123
11.300000237 11.319186
11.200000128 11.366889
11.300000237 11.583479
12.199999035 12.266643
13.000008766 12.78005
11.300000237 11.507376
11.699999383 11.773949
11.1 11.145804
11.500000186 11.424899
11.500000186 11.631381
11.900000875 11.616051
11.900000875 12.571974
11.200000128 11.395893
11.200000128 11.2550955
11.900000875 11.934479
11.599999679 11.646797
11.500000186 11.482763
11.200000128 11.388518
11.200000128 11.235222
12.399997603 11.911768
11.500000186 11.488716
12.058607315 12.220266
11.400000202 11.295917
15.400162274 15.090733
11.200000128 11.376893
11.999998417 12.125861
11.500000186 11.437696
11.599999679 12.019708
11.599999679 11.538752
11.900000875 12.18754
11.900000875 11.683017
11.500000186 11.539548
10.1 11.486851
11.900000875 11.885233
10.401029995999998 10.67823
11.1 11.1551695
11.900000875 11.96531
11.400000202 11.517115
11.900000875 11.838806
11.200000128 11.246132
11.200000128 11.489931
13.299970641 12.735201
11.999998417 11.984868
11.400000202 11.3522005
11.300000237 11.550231
11.1 11.032324
12.499996913 12.594557
15.1 13.616873
11.200000128 11.188393
10.700000074999998 10.413203
11.800000504 12.106967
11.500000186 11.691658
11.800000504 11.829857
14.401029996 15.085458
11.200000128 11.246078
12.199999035 11.980453
11.400000202 11.418819
11.300000237 11.494773
11.000000142 10.842661
11.300000237 11.625785
11.599999679 11.950563
11.900000875 11.887278
11.1 10.768902
11.800000504 11.867152
11.699999383 11.892273
11.1 11.087557
11.400000202 11.4848585
11.900000875 11.970052
11.200000128 11.15636
11.200000128 11.344929
11.400000202 12.284433
15.299970641 15.286726
11.300000237 11.264375
11.699999383 11.868169
11.400000202 11.453164
11.400000202 11.395706
11.500000186 11.437226
11.1 11.272399
11.500000186 11.455597
11.1 11.020302
11.900000875 11.924068
10.200000019 10.540128
12.599996932 12.689937
12.699997654 12.092034
11.1 11.233783
12.899998135 11.629645
11.300000237 11.369149
11.200000128 11.3560505
11.300000237 11.324759
11.497940009 11.17104
11.900000875 11.893351
13.409894379 13.467947
11.800000504 11.718067
11.1 11.184958
12.1 11.961281
11.900000875 11.930746
11.200000128 11.178299
11.750000277 11.819335
11.1 11.0400915
11.300000237 11.224355
12.499996913 12.124802
10.401029995999998 11.794117
13.1 12.994535
11.1 11.127542
11.300000237 11.62432
11.400000202 11.735248
11.999998417 11.825441
11.200000128 11.39072
11.200000128 11.391636
11.1 11.156275
14.145757491 13.453346
12.699997654 11.881646
13.1 11.854198
11.699999383 11.618987
11.599999679 11.733562
11.200000128 11.248703
12.499996913 11.901878
11.200000128 11.353512
11.1 11.151923
11.200000128 11.233022
11.999998417 11.943588
11.500000186 11.417811
11.900000875 11.866842
11.300000237 11.718292
11.400000202 11.337284
11.900000875 11.908567
10.798970004 10.37865
11.800000504 11.513819
11.400000202 11.930423
11.200000128 11.544492
11.1 11.145125
13.299970641 12.842374
11.200000128 11.245768
11.300000237 11.574866
11.900000875 11.98574
11.200000128 11.275205
13.8000571 13.992516
11.200000128 11.313164
12.460513511 12.439411
11.500000186 11.558115
12.32184875 11.156445
10.1 10.909814
11.1 11.255529
11.500000186 11.682564
11.500000186 11.373691
11.200000128 11.315315
11.699999383 11.636818
11.699999383 13.448011
11.300000237 11.289147
11.200000128 11.225002
10.702059991 10.741534
11.1 11.166775
10.900000053 11.36886
12.499996913 13.168409
11.500000186 12.276733
11.200000128 11.231266
12.899998135 12.671888
11.200000128 11.069382
11.200000128 11.322431
10.1 10.0371895
11.200000128 11.176446
11.599999679 11.565277
10.400000029 10.642175
14.600312917 14.061409
11.699999383 11.652197
11.900000875 11.917437
11.200000128 11.471435
10.499999968 10.893765
11.699999383 11.587852
13.000008766 12.573354
11.200000128 11.153164
14.869551079 14.922565
11.200000128 11.25739
12.497940009 11.457122
12.899998135 12.461613
11.1 11.024571
11.200000128 11.314143
13.200015437 13.239992
11.800000504 12.282383
13.500007822 13.31305
12.699997654 12.176186
11.200000128 11.430718
11.400000202 11.486721
11.200000128 11.296534
12.799991797 12.147773
13.200015437 12.404888
11.1 11.527374
11.895880017 11.830893
11.1 11.190355
11.900000875 11.953128
11.500000186 11.871171
12.599996932 11.805895
13.8000571 13.265358
11.923908741 11.695942
11.500000186 11.465399
11.200000128 11.241248
11.200000128 11.181265
10.497940009 10.742493
12.953871964 12.010256
11.300000237 11.406108
11.999998417 11.692887
11.1 11.09622
10.418758763 10.549066
11.1 11.202894
12.499996913 12.103597
14.1 13.199193
11.699999383 11.630473
12.499996913 12.217935
13.500007822 13.214791
11.800000504 11.712937
11.599999679 11.671362
11.699999383 11.739444
12.199999035 11.497587
11.599999679 11.48073
12.299998172 12.542554
11.800000504 11.937941
14.299970641 13.096703
11.1 11.342188
13.600038134 12.555141
11.900000875 11.784526
13.986056648 12.074566
10.1 10.185612
11.500000186 11.524401
13.465243528 11.703945
11.400000202 11.393003
11.400000202 11.361164
11.900000875 11.853535
11.599999679 11.599173
11.999998417 11.8178425
12.899998135 12.350606
11.200000128 11.200023
11.115758526 11.288149
12.699997654 12.266729
11.500000186 12.232134
11.900000875 11.602921
11.500000186 11.496791
11.300000237 11.386991
12.699997654 11.990838
11.900000875 11.917938
12.953871964 12.985369
11.800000504 11.731264
13.899970733 14.327545
11.200000128 11.143495
11.800000504 11.520102
14.600312917 13.350619
11.200000128 11.207193
11.999998417 11.913081
11.711954464 11.573687
11.900000875 11.942388
11.900000875 11.843496
10.1 11.087313
12.399997603 11.838003
9.622878745 10.005872
11.200000128 11.231404
10.702059991 10.64229
12.1 12.503714
10.1 10.17856
11.599999679 11.694584
11.300000237 11.297863
11.900000875 11.947191
12.699997654 12.6395645
13.299970641 13.236774
11.599999679 11.529322
11.200000128 11.257191
11.400000202 11.358919
11.1 11.663708
12.399997603 12.004669
11.300000237 12.432963
11.599999679 11.663712
11.699999383 12.481358
11.400000202 11.60919
13.622878745 13.553842
12.199999035 11.660286
11.599999679 11.906925
11.500000186 11.518364
11.999998417 11.954341
14.1 12.712955
12.699997654 12.670794
11.200000128 11.310675
11.900000875 12.095495
12.548550002 13.42756
12.399997603 11.838661
11.200000128 11.20075
11.900000875 11.773433
11.500000186 12.020803
11.900000875 11.869252
12.399997603 12.110554
11.800000504 11.765467
10.895880017 11.417233
12.299998172 12.070606
11.1 11.133902
11.1 11.125705
11.599999679 11.626066
13.1 12.586781
12.299998172 11.638337
11.200000128 11.1393585
11.699999383 11.668587
11.200000128 11.662831
10.300000031 10.680825
11.999998417 12.433451
11.200000128 11.187033
11.699999383 11.699722
11.200000128 11.200106
11.200000128 11.216146
13.622878745 13.498547
11.800000504 11.876503
11.400000202 11.378299
13.214758095 13.197797
12.175720714 12.467181
13.1 12.236499
11.1 11.239432
11.200000128 11.229154
11.800000504 11.790932
6.100000026 5.414671
9.506713933 10.058227
11.400000202 11.522963
13.1 13.608884
10.400000029 10.6806345
11.400000202 11.396849
12.078810701 11.975538
11.999998417 11.575697
11.800000504 11.701386
11.599999679 11.742552
10.95823677 10.914576
11.500000186 11.45082
12.299998172 12.2847
11.500000186 11.501046
14.844727495 13.7607765
11.900000875 11.898895
11.200000128 11.229275
11.400000202 11.512777
11.699999383 11.687099
12.199999035 12.08464
11.999998417 11.960456
10.1 10.354116
12.499996913 12.246658
11.400000202 11.400866
11.200000128 11.265283
10.400000029 10.462105
12.599996932 12.6530075
11.900000875 11.646774
11.200000128 11.409572
12.399997603 12.139584
11.900000875 11.867772
11.200000128 11.191531
11.1 11.060941
11.900000875 11.768436
11.900000875 11.983592
14.299970641 13.590311
11.200000128 11.516268
11.200000128 11.22689
15.497940009 14.26669
11.058607315 11.48043
11.599999679 11.645451
11.599999679 11.915642
11.500000186 12.177814
11.500000186 11.509142
11.999998417 12.037363
11.599999679 12.177572
14.400162274 13.018372
13.000008766 12.871464
11.1 11.053081
15.299970641 15.017082
11.599999679 11.662765
11.200000128 11.312784
10.622878745 10.568341
11.1 11.15782
11.200000128 11.069285
9.798970004 9.777765
11.500000186 11.450562
11.900000875 11.858295
11.200000128 11.279278
13.1 13.184963
11.599999679 11.520918
12.11610018 11.443836
11.200000128 11.229997
11.699999383 11.756357
10.1 10.173583
11.200000128 11.204013
11.500000186 11.22795
11.800000504 11.71974
11.1 11.330939
10.622878745 10.464256
11.1 11.112261
11.1 11.14928
11.599999679 11.845035
12.1 11.278416
11.200000128 11.404992
11.200000128 11.235189
11.200000128 11.424732
10.200000019 10.23623
11.599999679 11.526719
11.300000237 11.512866
11.300000237 11.437787
12.499996913 12.687116
11.1 11.214283
11.800000504 12.130835
12.199999035 11.674803
12.199999035 12.767953
11.500000186 11.705549
11.822363999 11.795935
11.699999383 11.95196
11.599999679 11.793975
11.500000186 11.603509
11.400000202 11.56269
12.599996932 11.593187
12.699997654 12.067299
11.500000186 11.587008
12.199999035 12.171499
11.200000128 11.266704
11.500000186 11.419796
12.499996913 12.09392
11.500000186 11.478311
13.47675071 13.538852
12.799991797 11.692183
11.800000504 11.801224
13.600038134 13.633739
11.900000875 12.0193615
11.400000202 11.757486
13.000008766 12.791399
11.200000128 11.309788
12.199999035 12.021023
11.1 11.192579
11.200000128 11.262895
11.300000237 11.531395
11.1 11.342511
13.1 13.440996
9.798970004 10.050337
12.299998172 11.996639
13.600038134 13.345227
12.199999035 11.538654
11.1 11.107204
12.199999035 11.89868
11.400000202 11.491096
11.400000202 11.500553
12.299998172 12.452084
11.699999383 11.462102
12.799991797 13.06069
11.286962717 11.411213
11.815605894 13.173979
11.1 11.863883
11.500000186 11.478709
11.599999679 11.468676
12.399997603 11.919138
11.400000202 11.273479
12.399997603 12.326525
11.699999383 11.861263
11.300000237 11.353663
12.1 11.991744
13.8000571 11.405072
11.699999383 11.692728
10.798970004 10.856066
11.500000186 11.378561
11.999998417 11.8158655
11.1 11.080198
11.999998417 11.963697
11.1 11.341712
11.900000875 11.99337
11.622878745 11.527221
11.400000202 11.430048
11.1 11.309067
11.900000875 11.842018
11.300000237 11.055398
10.300000031 10.899212
10.400000029 10.627594
10.499999968 10.843879
14.145757491 14.334187
10.1 10.818794
11.900000875 12.246687
11.1 11.101962
11.400000202 12.019144
11.900000875 11.893185
11.699999383 11.73574
11.1 11.37468
11.300000237 11.579317
12.248741651 14.398378
10.702059991 10.63398
12.199999035 11.743963
12.299998172 12.043941
11.900000875 11.9079485
11.300000237 11.331376
11.303734096 11.529457
11.900000875 12.039499
13.180921908 12.713377
11.500000186 11.428392
11.1 11.121706
11.200000128 11.285843
10.1 10.249673
11.200000128 11.305556
11.207905397 11.0048685
11.900000875 11.795939
11.200000128 11.253442
11.200000128 11.538233
11.1 11.128925
11.400000202 11.422386
11.300000237 11.363865
11.500000186 11.677494
11.800000504 11.82774
11.200000128 11.252075
14.200179498 13.36195
11.1 11.424731
11.500000186 11.42988
11.500000186 12.669168
10.900000053 11.375693
13.200015437 12.431372
12.799991797 12.269275
12.499996913 12.28044
11.599999679 11.587807
10.200000019 10.8327675
11.800000504 12.4580765
11.200000128 11.1821785
11.800000504 11.7533655
11.900000875 11.901382
11.200000128 11.257168
10.186186148 10.33154
13.399988938 13.06505
11.500000186 11.536459
11.1 11.09771
11.500000186 11.517165
11.1 11.094823
11.200000128 11.242613
11.1 11.260674
12.199999035 12.514324
11.1 11.215118
11.1 11.136898
12.499996913 12.455238
11.500000186 11.514383
12.199999035 12.302593
11.1 11.147768
11.1 11.166578
11.500000186 11.531621
12.799991797 11.587594
11.200000128 12.101015
12.1 12.084101
11.900000875 11.884763
12.418758763 12.2170725
11.300000237 11.261028
11.300000237 11.408228
11.400000202 11.941694
12.399997603 11.921229
11.999998417 12.175258
11.500000186 11.448006
11.200000128 11.173528
12.499996913 12.194856
11.1 11.174403
10.798970004 10.779825
11.300000237 11.496006
11.200000128 11.330707
11.200000128 11.596302
11.999998417 11.949683
11.1 10.867712
11.1 11.182443
14.901342913 14.740992
12.699997654 12.13447
12.199999035 12.022218
10.798970004 10.911712
11.200000128 11.42242
11.1 11.173368
11.599999785 11.650426
11.1 11.278051
11.1 11.46932
11.599999679 11.619438
12.599996932 11.707443
12.199999035 12.040601
11.699999383 11.992432
11.900000875 11.901753
11.200000128 11.385897
11.200000128 11.510445
11.1 11.111563
11.900000875 11.648547
12.299998172 12.2272005
11.999998417 11.884584
11.200000128 11.271251
14.1 13.930346
9.798970004 10.232227
12.899998135 12.788684
11.699999383 11.781834
11.200000128 11.454805
11.500000186 11.544164
11.1 11.762154
11.300000237 11.4890995
11.599999679 11.814725
11.900000875 11.934935
12.299998172 11.997215
11.699999383 11.63929
11.699999383 11.767168
11.300000237 11.291829
12.699997654 11.678352
11.200000128 11.324542
11.1 11.151863
11.300000237 11.473559
12.1 12.028986
13.200015437 13.363762
12.299998172 12.655121
11.1 11.139309
11.699999383 12.716934
11.1 11.180649
11.500000186 11.233629
11.900000875 11.840458
11.800000504 11.284668
11.699999383 11.715864
11.200000128 11.175031
10.32184875 10.319781
11.900000875 11.859157
11.1 11.198946
11.900000875 12.246054
12.199999035 12.359885
11.699999383 11.834835
11.1 11.303953
10.800000069 10.979649
14.299970641 13.011613
11.1 10.552905
12.699997654 11.8676605
11.400000202 11.693243
11.1 11.190287
11.400000202 11.648835
11.1 11.085517
11.1 11.26309
11.300000237 11.394741
12.399997603 12.216631
11.1 11.10799
12.1 12.287509
13.1 12.144123
11.500000186 11.567551
11.400000202 11.396593
10.445823458 10.565736
11.200000128 11.433826
11.300000237 11.450703
11.400000202 11.6733885
12.899998135 12.955799
13.000008766 12.557657
11.900000875 11.961369
11.400000202 11.505263
11.400000202 11.346659
11.900000875 12.131834
11.500000186 11.670877
11.300000237 11.682316
11.1 11.208741
11.900000875 11.954014
10.622878745 10.615079
11.300000237 11.535566
11.200000128 11.235817
12.199999035 11.931808
11.500000186 11.737865
11.500000186 11.554567
11.999998417 11.684595
11.300000237 11.381678
11.300000237 11.324638
11.1 11.439393
11.200000128 11.354023
11.300000237 11.689644
11.800000504 12.24992
13.299970641 12.750377
11.200000128 11.361015
11.900000875 11.658582
11.599999679 12.296212
11.200000128 11.497367
12.99071251 12.609686
14.400162274 14.220879
13.500007822 12.78286
11.1 11.168052
11.200000128 11.17344
11.500000186 11.513245
11.1 11.11898
13.821246399 13.438363
11.699999383 11.817736
11.1 11.658159
11.1 11.1959095
12.1 11.854282
12.599996932 12.397761
11.1 11.150602
11.699999383 11.444796
11.200000128 11.432985
11.400000202 11.676714
12.1 11.383706
11.200000128 11.131279
14.600312917 13.646926
10.702059991 10.685156
10.400000029 10.822424
11.685026652 11.603502
15.25490196 12.357033
11.1 11.263147
11.800000504 11.820133
12.499996913 11.706642
11.200000128 11.300468
11.1 11.59156
11.1 11.193537
11.300000237 11.514557
15.200179498 13.888773
13.399988938 12.110113
11.295860568 11.22194
12.299998172 12.140868
14.844727495 13.783447
11.900000875 12.036782
12.1 11.79683
12.923908741 12.43212
12.218045029 11.471188
11.900000875 11.409471
11.400000202 11.432851
11.999998417 12.080023
11.300000237 11.313983
11.999998417 11.570509
11.500000186 11.34548
11.200000128 11.265179
12.520216403 11.561688
11.449999958 11.454563
14.798970004 13.452893
11.200000128 11.221909
11.300000237 11.870363
10.1 11.094797
11.1 10.801845
11.200000128 11.39184
11.900000875 12.080511
11.999998417 11.912189
11.300000237 11.306385
11.900000875 11.893105
11.800000504 11.870028
11.200000128 11.265315
11.1 12.328159
12.599996932 12.577541
11.300000237 11.3312025
11.800000504 11.863859
10.1 11.039337
11.200000128 11.219297
11.800000504 11.743477
11.300000237 12.016302
13.1 12.853887
11.500000186 11.750869
11.1 11.655667
10.976148359 11.275522
11.200000128 11.232883
12.1 11.263383
13.000008766 13.11321
11.900000875 11.712664
11.200000128 11.264295
11.900000875 11.785346
11.300000237 12.435459
10.702059991 10.829815
10.1 10.573154
11.1 11.462012
12.145757491 12.210417
11.1 11.135266
14.999629455 14.6426525
11.1 11.31342
13.899970733 13.219778
12.1 11.6206045
10.622878745 10.584016
11.300000237 11.299765
12.499996913 12.935715
11.200000128 11.222907
12.199999035 12.024504
11.999998417 11.872736
11.900000875 12.013708
13.500007822 12.125504
11.1 11.235197
11.200000128 11.184564
11.699999383 11.530011
11.300000237 11.339687
11.788246139 11.2830925
11.200000128 11.230412
11.200000128 11.370747
11.400000202 11.725325
12.199999035 12.13301
11.699999383 11.7604
11.999998417 11.942268
12.599996932 12.083538
11.200000128 11.317287
11.900000875 11.84658
11.1 11.31679
11.599999679 11.529609
11.500000186 11.535683
11.699999383 11.690622
13.600038134 12.383587
11.900000875 11.971701
10.622878745 11.514435
11.200000128 11.262706
12.799991797 12.490964
11.400000202 11.506583
11.800000504 11.693789
13.500007822 12.022805
13.500007822 12.721534
11.300000237 11.51442
11.400000202 11.38664
11.200000128 11.210795
11.900000875 12.420929
11.1 11.136883
11.200000128 11.271503
11.800000504 11.462857
14.719788758 14.577676
12.299998172 12.155664
11.300000237 11.587001
12.499996913 12.630899
11.1 11.127006
11.500000186 11.6284485
11.200000128 11.236263
11.999998417 12.090557
11.800000504 11.819881
13.500007822 12.617422
11.900000875 11.86359
14.1 13.858117
11.200000128 11.285243
11.500000186 11.90699
11.500000186 11.608576
10.58148606 11.227479
11.699999383 11.843668
14.1 12.159976
11.200000128 11.429708
11.200000128 11.452888
