11.8 11.865153
10.1 10.113583
12.699998 12.021374
11.2 11.259418
11.1 11.02134
12.599997 13.162842
11.8 11.862071
11.8 12.118987
11.3 11.4062195
11.1 11.178611
12.351812 12.529184
11.3 12.328741
11.2 11.214006
12.499997 12.813131
12.599997 12.097243
11.2 11.168728
11.900001 12.351307
13.685027 14.175077
11.2 11.183651
11.2 11.248191
11.665431 10.506786
12.799992 11.548133
11.7 11.795788
10.79897 10.05289
11.2 11.235595
11.2 11.220935
13.972057 13.741428
11.599999 12.038732
9.40103 9.303824
12.1 11.881385
11.900001 11.8749075
11.5 11.49817
12.499997 13.110243
11.900001 11.854865
11.1 11.036416
11.1 11.114271
11.5 11.76568
14.1 13.435974
11.3 11.615465
11.3 11.451197
13.1 11.992105
11.400001 11.734413
11.5 11.568436
12.599997 12.209289
12.543697 12.441663
11.3 11.356777
11.1 11.2887125
12.899998 12.26782
12.199999 11.780743
11.7 11.880899
11.3 11.318853
11.900001 11.836291
11.1 11.219708
11.599999 11.664968
11.1 11.219062
11.999998 11.913372
11.599999 11.528693
11.900001 11.910876
13.608639 13.840483
13.344125 12.819672
11.2 11.29821
11.1 11.14168
10.622879 10.528917
12.699998 12.056224
11.900001 11.759317
11.999998 11.26097
13.999974 13.865574
12.499997 12.080211
11.999998 11.922562
10.9 10.5563545
11.999998 11.954586
11.7 12.187661
11.2 11.251932
11.8 11.839535
11.3 11.3249855
11.7 11.752272
11.900001 11.930237
12.087163 11.756832
11.1 11.168982
13.299971 13.376639
11.5 11.373368
11.900001 11.611269
12.299998 11.976529
13.200015 12.242895
13.0914 12.620313
11.8 12.312631
12.199999 11.144697
12.29382 12.10825
11.7 11.731137
11.1 11.121482
11.8 11.759634
12.5999975 12.572403
11.2 11.516856
11.2 11.310115
11.2 11.248364
11.2 11.267627
11.400001 11.428167
11.2 11.182779
12.199999 11.874571
11.2 11.286272
12.899998 12.33608
11.2 11.30547
11.900001 11.878455
11.900001 11.830745
14.200179 11.677912
11.8 11.83589
11.599999 12.134246
11.7 11.724455
11.3 11.506389
11.2 11.225067
11.3 11.3251505
11.2 11.144346
11.400001 11.27778
11.900001 12.350306
14.40103 14.166923
11.3 11.574755
10.1 9.984741
11.900001 11.884047
11.400001 11.470819
13.699981 12.755305
10.581486 10.716489
11.5 11.639107
11.599999 11.62309
11.400001 11.570759
15.26892 14.434851
12.199999 12.399703
11.5 11.811766
11.900001 11.871944
11.7 11.794789
11.2 11.231619
11.8 11.847755
12.1 11.708454
12.299998 12.311462
10.70206 10.642741
11.900001 12.145994
11.900001 11.790003
11.3 11.266565
11.3 11.395344
11.7 11.720878
13.167756 12.9051285
11.7 11.60909
11.900001 11.433273
11.999998 12.006966
10.869551 10.1023035
12.399998 12.400703
11.7 11.778189
13.399989 12.652287
11.900001 11.906635
11.2 11.372157
11.2 11.1334095
11.1 11.193764
11.5 11.507439
11.1 11.134053
10.1 10.204036
11.2 11.18367
13.000009 12.810265
14.1 13.822035
11.7 11.595634
11.3 11.399258
10.1 10.417586
12.685027 13.069796
12.1 12.518101
11.1 11.302468
11.5 11.586891
11.078811 11.064416
11.999998 11.897304
10.49794 10.484982
11.5 11.553308
12.901632 12.932061
11.400001 11.412363
11.2 11.362245
10.40103 10.095477
11.543697 11.861658
12.499997 12.38499
11.7 11.904702
11.7 11.753585
12.299998 12.253319
11.5 12.014212
11.1 11.00249
11.2 11.199566
14.1 14.0703125
11.999998 11.937549
11.900001 11.858382
12.738272 12.884871
11.7 11.610723
10.79897 10.899276
13.1 12.566396
11.5 11.338664
11.999998 11.91461
11.400001 11.468723
11.1 11.365747
11.1 11.226326
11.8 11.323746
12.195114 12.061591
11.2 11.206054
11.999998 11.983449
11.900001 12.070287
9.70206 9.58342
11.8 11.760105
11.999998 11.887217
11.5 11.810719
11.400001 11.407992
12.899998 12.991247
12.199999 11.409924
11.400001 11.468414
11.3 11.273227
11.3 11.350882
12.599997 11.435562
13.1 11.454968
11.3 11.390539
12.1 12.144953
12.461728 11.840348
12.899998 12.003097
13.899971 13.397379
9.79897 9.614542
11.999998 12.351797
10.89588 10.865591
12.499997 11.952484
11.7 11.832208
11.900001 11.859351
10.1 9.962986
13.399989 12.885644
11.2 11.664497
11.900001 11.895626
11.1 11.438562
11.1 11.133099
11.900001 11.955406
12.1 11.823691
11.400001 11.4614
12.199999 11.77822
11.5 11.349746
10.1 10.047028
11.8 11.767931
11.7 11.746321
11.622879 11.38537
10.99279 11.289768
12.599997 11.98745
11.5 11.508201
11.1 11.713117
11.2 11.2136345
11.900001 11.892031
10.4 10.210712
12.1 12.290682
11.5 11.371715
11.599999 11.746546
11.8 11.46535
12.699998 12.950374
11.8 11.784121
11.555932 11.210539
12.199999 11.952483
11.900001 11.873269
11.1 11.2353525
11.5 11.615437
11.599999 11.630471
11.900001 12.220064
11.3 11.418873
12.685027 12.748792
11.3 11.348168
11.900001 11.887229
10.49794 10.511982
11.1 11.105253
11.900001 11.890891
12.1 12.532971
11.1 11.278903
11.5 11.449752
10.79897 10.90685
11.8 11.806739
12.599997 12.091212
11.3 11.439079
11.7 11.750732
11.400001 11.673226
11.2 11.355798
11.3 11.325328
11.3 11.399681
10.70206 10.652378
11.861954 10.864311
11.900001 11.839151
11.1 11.13353
12.299998 12.16186
11.2 11.712688
10.70206 10.76298
11.2 11.315814
12.1 11.86029
11.5 11.605641
12.399998 11.905199
14.299971 11.359652
11.3 11.30094
11.2 11.29041
12.799992 12.386073
11.2 11.123966
12.1 11.57891
11.8 11.770146
11.3 11.272684
12.199999 11.887905
13.899971 13.683113
11.7 11.384615
14.738272 15.046118
11.900001 11.381728
11.900001 11.7018385
11.3 11.295059
11.3 11.38247
11.2 11.409673
11.2 11.254139
11.599999 11.69148
11.900001 12.210746
11.400001 11.444843
11.5 10.831259
12.1 11.938795
11.2 11.262415
11.3 11.566791
11.1 11.184833
11.999998 11.359371
10.531798 10.747972
11.1 11.15303
11.99279 11.091583
11.900001 12.073936
14.299971 15.001439
11.5 11.468557
11.900001 11.933001
11.3 11.121175
11.5 11.253558
13.864471 13.169386
14.118106 13.634023
11.599999 11.702051
11.900001 11.780148
11.5 11.832043
11.2 11.377127
11.3 11.389077
10.622879 10.61549
11.8 11.677322
12.79897 12.787963
11.999998 11.432358
11.1 11.149496
11.2 11.18164
11.900001 11.72577
11.1 11.091694
11.3 11.472948
11.1 11.281914
12.499997 12.220593
11.999998 12.231563
12.299998 12.704856
11.1 11.288081
11.900001 11.880817
11.999998 12.005315
14.1 13.935403
13.600039 13.146665
10.1 10.513358
12.799992 11.539992
11.3 11.3415575
11.7 11.844738
10.622879 10.673753
11.1 11.240866
10.1 11.141586
12.299998 12.0712805
11.1 11.25671
13.1 12.4182205
11.900001 11.855119
11.1 11.253331
11.5 11.619694
13.200015 12.173141
11.999998 12.225128
11.3 11.270311
11.5 11.503579
11.3 11.733053
12.199999 11.976816
11.900001 11.961361
10.1 10.669174
12.299998 11.992209
11.400001 11.348215
10.622879 10.531679
11.999998 11.888219
11.2 11.335616
11.400001 11.970369
14.299971 14.144725
11.2 11.166504
11.8 11.795278
10.622879 11.300953
11.5 11.639075
12.199999 12.321358
10.224938 10.1151085
11.7 12.148607
12.399998 12.880103
11.999998 11.977698
10.40103 10.201237
11.8 11.888554
11.2 11.458638
11.2 11.20166
12.300659 12.169517
11.7 11.7595005
12.299998 11.513375
11.1 11.171115
11.3 10.936507
14.49794 13.646371
11.1 11.35343
11.400001 11.302958
11.7 11.569983
10.1 10.358982
11.3 11.357235
11.1 11.163678
11.7 11.804617
12.699998 12.164671
11.1 11.377089
11.900001 12.042538
13.923909 12.183024
13.200015 11.816008
13.800057 13.5722885
11.400001 11.409149
12.1 12.446269
10.520216 10.342667
11.108774 11.269132
11.5 11.590523
11.2 11.064003
13.1 13.61165
12.199999 13.138684
11.999998 12.065884
13.999974 13.739634
11.999998 13.275448
12.499997 12.020565
11.900001 12.074998
11.999998 11.863161
11.1 11.703863
11.2 11.283368
11.3 11.37788
12.599997 11.862441
11.2 11.361729
11.900001 11.89364
11.999998 11.873473
11.5 11.734528
13.699981 13.696343
12.499997 13.153978
11.5 11.490882
11.7 11.764758
11.599999 11.578911
12.448722 11.248921
11.3 11.367522
11.19691 11.696888
11.7 11.556188
11.5 11.482187
11.900001 12.057025
11.2 11.175045
11.8 11.962001
11.1 11.098064
11.7 11.6665745
11.599999 11.553319
12.799992 13.066377
11.8 11.796781
11.2 11.712507
11.900001 11.830084
11.2 11.175308
11.999998 11.636021
11.599999 13.500649
11.599999 11.425883
11.5 11.55464
11.7 11.726786
11.1 11.101321
11.1 11.578353
11.900001 11.632438
11.1 11.295756
11.900001 11.919618
11.2 11.394373
11.599999 11.566277
11.3 11.228987
11.8 11.846748
11.900001 11.798084
11.3 11.230346
13.020819 12.035365
10.1 10.116232
9.70206 9.447693
11.1 11.070062
11.1 11.128366
12.199999 12.120258
11.7 11.499533
11.3 11.295674
11.8 11.731775
11.5 12.020756
12.399998 11.532822
11.2 11.275716
11.999998 11.932945
11.2 11.163838
12.953872 12.841938
11.599999 11.573199
12.113436 11.839785
11.3 11.889188
14.1 12.983902
10.1 10.471075
11.2 11.3374405
11.5 11.427635
12.1 11.905206
11.599999 11.606472
11.2 11.05214
11.7 11.640955
11.999998 11.7964115
11.1 11.212481
11.999998 11.9537945
11.1 10.97061
11.400001 11.482921
11.640608 12.370628
11.900001 11.853991
11.3 11.517598
11.7 11.740875
11.2 11.225924
11.1 11.197094
12.699998 11.808329
11.5 11.544099
10.622879 10.175132
11.999998 12.001911
11.1 12.319765
11.5 11.081859
11.543697 11.208959
11.5 11.674883
11.8 11.537397
11.3 11.332111
10.652842 10.839266
11.2 11.147101
13.699981 12.997532
10.40103 11.870935
10.79897 10.763207
12.399998 11.798916
11.5 11.580363
11.2 11.293264
11.5 11.182359
10.1 11.007183
11.8 11.809785
11.7 12.013925
11.5 11.488374
11.7 11.715014
11.2 11.299011
11.1 10.772486
11.5 11.555706
10.70206 10.698867
11.1 11.112762
11.1 11.126779
11.3 11.281023
11.2 11.292788
11.599999 12.0964365
11.7 12.303278
11.8 11.777199
11.1 11.072273
11.8 11.859078
10.70206 10.673355
11.900001 12.674203
10.79897 11.498978
11.400001 11.406802
12.1 12.025102
11.2 11.238023
11.5 11.472776
11.1 10.718306
11.5 11.562123
11.999998 11.8755045
12.777781 10.798659
11.7 12.02563
11.1 11.180841
11.8 11.836112
11.7 11.7518015
11.2 11.126762
12.1 12.452586
11.999998 12.100891
12.499997 11.879433
12.599997 11.94644
11.400001 11.628745
12.1 11.754003
12.299998 11.561919
11.8 11.788955
11.5 11.525305
13.117729 12.851125
11.8 11.794515
12.1 11.537865
11.2 11.141817
13.399989 11.866599
11.2 11.391285
11.5 11.56349
11.2 11.265463
9.79897 10.102473
11.3 11.272569
11.3 11.452381
11.7 11.680864
11.7 11.753549
11.900001 12.029761
11.2 11.2555685
11.7 11.902544
11.179355 11.476927
11.8 11.8788185
11.900001 11.878435
12.079304 12.048852
11.3 11.472955
11.400001 11.320808
11.235986 11.100993
11.1 11.079225
11.3 11.32357
11.1 11.161833
11.2 11.529188
11.821246 11.646775
11.900001 11.774251
12.299998 12.388107
11.999998 11.617014
11.900001 11.919716
11.1 11.492054
11.1 11.261484
11.145275 10.901803
11.400001 11.437196
11.2 11.142433
14.1 13.835989
10.7 10.780942
11.7 11.65608
12.199999 12.247765
11.400001 11.338538
11.8 11.804103
11.599999 11.580649
11.8 11.833044
12.699998 12.466056
11.3 11.345345
11.7 11.575746
14.351262 14.283854
10.5 10.73018
12.058607 12.051733
11.2 11.289932
11.3 11.298532
11.7 11.870556
11.3 11.526765
11.2 11.211692
11.400001 11.541456
11.1 11.172571
11.8 11.817351
12.799992 11.894241
11.7 11.753415
11.3 11.328511
13.103601 13.342397
11.5 11.657964
11.1 11.103627
10.1 10.087761
11.1 11.191663
12.599997 12.349562
12.499997 11.865114
11.999998 11.852892
11.7 11.605993
11.5 11.543484
11.1 11.18646
11.3 11.361916
11.8 11.835147
11.8 11.572558
11.1 11.304575
12.599997 12.052156
11.999998 11.947923
12.1 11.860919
11.900001 11.959428
10.49794 10.272822
11.900001 11.903407
11.599999 11.28978
11.900001 11.809415
10.4372425 10.894945
11.2 11.309969
12.1 12.081198
11.7 11.801318
11.5 11.745264
10.1 10.068941
11.3 11.307216
11.8 11.860894
10.3 10.570751
11.1 11.190337
11.1 11.16264
10.9 12.055138
11.900001 11.893839
14.700326 15.160368
12.199999 12.007688
15.1 15.413852
11.3 11.261334
11.900001 11.924809
11.5 11.480955
11.953872 13.152569
9.40103 9.363319
11.2 11.283247
11.2 11.300552
14.581486 12.800805
11.1 11.014453
11.900001 11.483221
11.5 11.669205
11.2 11.150878
11.599999 11.6361
11.8 11.481756
11.108774 11.124768
11.599999 11.621492
11.7 11.778745
11.3 11.652319
14.299971 13.6638365
13.200015 11.534146
11.2 11.746915
11.2 11.381417
12.508935 12.35784
11.599999 11.617654
11.599999 11.674665
13.953872 13.744951
14.1 14.121389
12.799998 12.823626
13.299971 14.693693
11.5 11.58914
11.3 11.588454
11.058607 10.98056
11.3 11.427656
11.7 11.947653
11.1 11.448424
10.769952 10.553101
11.1 11.075655
11.7 11.7395
11.900001 11.846079
11.599999 12.0397215
11.8 11.760472
12.299998 12.1965
11.2 11.311337
11.8 11.781499
12.299998 11.334533
13.000009 11.778444
11.5 11.567297
11.3 11.394951
11.2 11.290755
13.899971 13.467447
11.2 11.17683
11.999998 11.976636
11.1 11.167911
11.3 11.283369
11.7 11.740102
11.3 11.4600725
10.70206 10.816631
12.799992 12.046416
14.700326 15.390051
11.5 11.717441
11.7 11.881567
12.799992 12.242704
12.1 11.470583
11.1 11.058638
11.900001 11.635118
11.7 11.826073
11.900001 11.877291
12.499997 11.945008
12.074694 12.040207
11.1 11.1256485
12.199999 12.0279455
12.499997 11.821914
12.499997 12.111347
11.900001 11.947283
11.5 11.720354
11.1 11.13275
11.900001 11.925518
11.2 11.293358
11.3 11.454165
11.2 11.266414
11.5 11.767978
11.5 11.468941
12.199999 14.141183
11.2 11.274433
11.599999 11.537481
11.8 12.219081
13.600039 13.094102
11.1 11.502608
12.399998 11.818899
10.738272 10.188942
11.3 11.294349
11.3 11.294736
11.1 11.049947
11.599999 11.458105
11.2 11.359528
11.391998 11.451954
12.1 11.806211
11.999998 12.206237
13.600039 12.957024
11.2 11.207943
11.1 11.412326
10.40103 10.188942
12.499997 11.968407
11.1 11.275859
11.900001 11.932772
11.1 11.234953
11.5 11.527768
11.3 11.34986
11.599999 11.496456
11.2 11.365144
11.900001 11.844609
11.757577 12.077927
11.3 11.400284
11.599999 12.174105
11.999998 11.44633
11.3 11.349353
10.40103 10.823071
11.1 11.815609
12.299998 11.419696
11.8 11.747449
11.3 11.767257
11.2 11.173698
12.1 12.00431
11.1 11.074265
11.2 11.21034
11.999998 12.035536
13.500008 13.448003
11.2 11.349937
12.799992 12.843115
11.2 11.433702
11.900001 11.927316
11.1 11.106428
11.1 11.104299
11.5 11.470293
11.599999 11.538612
12.199999 12.46171
11.400001 11.401238
10.40103 10.227435
12.1 11.858058
11.2 11.132879
11.2 11.314465
11.2 11.212416
11.5 11.563793
11.599999 11.68841
10.49794 10.496737
12.199999 12.088511
11.2 11.204846
12.1 12.173399
11.5 11.579334
11.1 11.138376
11.8 11.871558
11.45 11.537127
11.2 11.167424
11.5 11.411741
13.186186 12.471346
11.900001 12.004669
11.8 11.8605385
11.1 11.125524
13.035542 12.758451
10.5 10.367186
11.2 11.38383
11.2 11.310132
11.900001 11.850817
11.7 11.704405
10.2 10.539243
11.5 11.457537
11.999998 11.863315
11.5 11.607368
11.380575 11.275335
11.3 11.246471
11.1 11.081931
13.200015 12.938887
11.2 11.058761
11.5 11.629257
11.8 12.037461
11.2 11.365644
10.2 10.109581
11.3 11.340472
12.953872 13.334363
11.3 11.235002
11.599999 11.873991
11.5 11.122603
11.400001 11.301849
11.900001 11.848981
11.1 11.115001
11.7 11.746779
10.1 9.961924
11.5 11.319639
12.1 11.811395
11.8 11.718452
11.900001 11.455632
13.1 11.846713
12.599997 11.925451
13.299971 12.616443
11.599999 12.318467
14.600313 13.913787
11.1 11.168127
11.900001 11.892201
14.200179 14.257439
11.999998 11.948169
11.1 11.10426
10.1 10.203487
10.2 10.268783
11.999998 11.934206
11.400001 11.417184
11.400001 11.423965
11.5 11.965174
13.699981 13.502145
11.2 11.329669
11.5 11.304438
11.5 11.752859
10.622879 11.636447
11.999998 11.897087
11.8 11.603898
11.5 11.579527
11.374088 11.316769
11.900001 11.9243965
11.1 11.3849
11.2 11.220021
11.2 11.366197
11.5 11.351865
11.7 11.817158
11.999998 11.50201
11.1 11.163549
11.2 11.262518
11.3 11.364062
11.400001 11.664479
11.2 11.174471
11.400001 11.397697
11.2 11.487515
11.2 11.18432
11.8 11.685698
11.2 11.283715
11.2 11.404403
11.900001 11.898972
11.3 11.326421
11.1 11.17823
11.900001 11.710396
13.899971 12.873221
11.5 11.595013
11.7 12.167469
14.200179 13.902744
11.2 11.300323
11.7 11.656843
12.499997 12.74059
12.1 11.790025
11.900001 11.924345
13.202373 13.043974
11.3 11.39387
10.1 9.924734
14.600313 13.178143
11.2 11.18889
12.499997 12.6202345
11.599999 11.339471
11.3 11.478757
11.103488 11.140051
11.1 11.410605
11.3 11.371106
11.1 11.216952
11.7 12.103987
12.599997 13.006129
13.446788 11.733869
11.900001 11.810097
11.599999 11.686869
13.1 13.007678
11.2 11.258594
12.899998 12.338739
11.5 11.496882
10.622879 10.541088
12.399998 12.801671
9.40103 9.246429
11.1 11.142319
11.273925 11.375875
11.923909 11.843892
11.3 11.30035
9.893174 9.873919
11.3 11.294596
11.49794 11.985439
11.7 11.769799
11.900001 11.866301
14.500117 13.306606
11.1 10.984085
11.043335 11.036992
12.399998 12.710476
11.3 11.360865
11.599999 11.680975
12.499997 12.438724
13.000009 13.188401
12.499997 12.187805
11.5 11.63484
11.999998 11.685068
11.400001 11.60788
11.1 11.465844
11.953872 11.836129
11.2 11.165391
11.5 11.369241
11.1 11.052207
11.1 11.0509615
11.2 11.201337
11.7 11.6048
11.3 11.449136
11.999998 11.709216
12.699998 11.498045
14.953872 14.9661875
11.2 11.4146
11.900001 11.588329
11.900001 11.878642
11.900001 11.943732
11.1 11.062425
10.1 9.89963
12.699998 12.249261
11.3 11.486487
11.1 11.101515
11.2 11.360433
11.999998 11.87481
9.47675 9.273885
11.1 11.477169
11.3 11.257574
12.899998 13.030861
11.7 11.548743
11.599999 11.55546
11.400001 11.471539
11.7 11.868269
11.7 12.149771
11.900001 11.853939
11.5 11.592679
11.8 11.769302
13.500008 12.603087
11.5 11.56227
11.900001 11.876916
11.8 11.813069
11.2 11.218003
11.400001 11.530683
11.1 10.957927
11.3 11.703577
11.2 11.321341
10.40103 10.33243
11.599999 11.8210335
11.2 11.202276
11.1 11.224157
11.900001 11.94642
11.2139435 11.335359
12.199999 12.47077
11.2 11.151389
11.3 11.31813
11.599999 11.941596
11.400001 11.4141865
11.7 12.477096
11.2 11.620783
11.900001 11.872356
11.7 11.490272
11.7 11.954349
11.3 11.412198
11.599999 11.663755
12.699998 11.990035
11.2 11.326647
13.000009 13.387028
11.3 11.608205
11.1 11.194087
11.999998 12.008824
11.1 11.897285
11.999998 11.920441
11.8 11.853776
11.599999 11.661259
11.1 11.173559
11.900001 11.832174
11.400001 11.560394
11.3 11.374666
11.5 11.501978
11.900001 11.879931
11.3 11.373372
12.699998 11.745644
11.7 11.882337
11.1 11.154371
12.499997 12.506799
11.900001 11.664216
11.8 12.128971
11.400001 11.496335
11.7 11.738097
11.5 11.556819
11.2 11.242265
12.854487 11.377104
11.8 11.80201
11.8 11.580337
11.1 11.407582
11.953872 12.034011
12.1 12.349131
11.900001 11.918302
11.8 11.797075
11.900001 11.806512
13.000009 12.988505
11.400001 11.705561
11.599999 11.574936
11.1 11.263732
11.1 11.113934
11.400001 11.413831
11.5 11.635416
11.7 11.471396
11.2139435 11.0505295
11.40103 11.037706
11.1 11.196496
11.5 11.722387
11.7 11.661138
12.499997 12.778095
11.999998 12.123764
10.40103 10.233444
11.3 11.327376
11.900001 11.541533
10.70206 10.726996
11.400001 11.419355
11.2 11.264039
11.999998 11.205471
11.1 11.225523
12.899998 12.920053
11.7 11.707777
11.8 11.803029
11.1 10.438537
11.999998 11.496367
11.999998 11.847272
11.3 11.799779
11.1 11.132871
11.8 12.234545
11.3 11.333276
12.699998 11.642064
11.900001 11.866643
11.7 11.565742
11.8 11.858583
11.900001 11.719056
12.058607 12.735778
11.1 11.066882
11.3 11.492822
11.900001 11.980021
10.89588 11.08114
11.3 11.280989
11.3 11.473342
11.5 11.517324
12.199999 12.110521
11.637602 11.925957
11.400001 11.535755
12.799992 11.849624
11.900001 11.767873
12.1 12.237055
11.900001 11.845529
11.2 11.511242
11.1 11.111751
11.999998 11.884311
11.2 11.304474
11.2 11.774367
11.900001 11.806266
11.15 11.241619
11.7 11.731171
11.3 11.267724
11.900001 11.8280115
11.5 11.532937
11.1 11.198602
11.5 12.11976
11.2 11.225574
11.599999 11.731749
11.999998 12.321361
11.7 11.594188
11.7 11.711796
11.5 11.629174
11.400001 11.397332
10.555932 10.126075
11.8 11.43379
11.2 11.390997
11.40103 11.437946
13.699981 13.452327
11.400001 11.423625
11.1 11.069406
13.999974 13.483082
12.699998 11.794529
11.2 11.264988
10.40103 10.255852
10.622879 10.776736
12.599997 11.823448
13.999974 14.28018
11.1 10.926406
10.8064165 10.677761
11.3 11.333895
12.199999 12.367355
13.314671 13.340486
10.8 10.937507
12.1 11.519131
12.299998 11.6893425
11.2 11.241716
12.799992 11.911017
11.8 11.617695
11.400001 11.401492
15.500117 15.498823
13.399989 12.997744
11.599999 11.993561
13.29382 13.303469
11.2 11.21795
11.2 11.218696
11.1 11.198762
11.8 11.672421
12.299998 12.369228
11.2 11.367777
11.2 11.164337
11.999998 12.067835
11.2 11.064791
11.900001 11.874694
11.2 11.117364
11.2 11.35544
11.5 11.332651
11.1 11.066797
11.7 11.593147
11.900001 12.324002
11.599999 11.384434
12.399998 12.200172
11.599999 12.457386
11.2 11.1568575
11.5 11.432835
12.499997 12.652976
11.2 11.422734
11.5 11.4752035
13.699981 12.136588
11.900001 11.843249
13.299971 12.017043
11.8 11.86422
11.3 11.349795
11.999998 12.044708
11.599999 11.625189
11.7 11.775953
11.3 11.301277
11.2 11.204479
11.999998 11.827869
11.599999 11.639786
12.499997 12.296222
12.199999 12.459382
11.2 11.276754
12.399998 11.612731
11.2 11.20922
11.3 11.359448
11.2 11.45312
11.3 11.433417
11.2 11.2869215
11.2 11.31663
11.2 11.252555
11.900001 11.717069
12.299998 11.921163
13.19691 11.511503
11.2 12.879984
11.999998 11.98572
11.043335 11.093111
10.49794 10.531378
11.2 11.239647
11.1 11.193786
11.8 11.599006
11.400001 11.754382
11.400001 11.406923
12.555932 14.267637
12.499997 11.909107
11.2 11.287591
11.2 11.524457
11.7 11.354051
11.2 11.269629
11.400001 11.317195
13.600039 13.712414
12.399998 12.41358
12.799992 12.082032
12.799992 11.714087
12.499997 11.920789
11.400001 11.525547
11.3 11.24718
11.254902 11.052919
11.219187 10.360144
11.5 11.472485
11.8 11.822572
11.900001 11.865362
11.400001 11.267392
11.7 11.959464
12.449998 11.976273
11.8 11.785757
11.2 11.198043
11.2 11.208521
11.2 11.227994
11.2 11.209435
10.622879 10.468465
11.900001 12.001469
11.999998 12.434746
11.999998 12.002142
11.1 11.287394
11.999998 11.958573
11.900001 12.205477
10.622879 10.72935
11.3 11.674339
11.599999 11.586053
13.1 13.891796
11.2 11.440697
12.599997 11.697811
11.1 11.162209
14.1 13.920733
11.1 11.511435
11.3 11.673393
11.900001 11.783224
11.599999 11.573788
11.599999 11.333855
11.2 11.314034
9.47675 9.512328
12.066576 11.000064
12.499997 11.747394
11.7 11.624765
12.727088 12.00555
11.400001 12.026447
11.367606 11.461728
11.8 11.760919
11.3 11.395692
11.3 11.321937
11.5 11.614575
11.3 11.400917
11.5 11.506364
11.8 11.748328
10.078811 9.833305
11.400001 11.457062
11.900001 11.976563
11.2 12.2001705
10.40103 10.360394
11.3 11.332486
11.1 11.027714
11.1 11.328741
11.1 11.0930605
11.5 11.231729
11.5 11.641586
12.608865 12.832974
12.805533 11.894651
11.5 11.516747
11.400001 11.471144
11.8 11.748652
10.1 10.268609
11.599999 11.580872
11.1 11.025125
12.699998 12.547514
11.3 11.249351
13.399989 12.3097105
11.7 11.717134
13.000009 11.574287
11.3 11.519235
11.999998 12.231767
11.900001 11.682243
11.2 11.307155
10.79897 10.161156
11.637602 11.632326
11.2 11.541449
11.2 11.186264
11.900001 11.897385
11.8 11.830879
11.462984 11.457288
12.599997 13.246895
11.8 11.818815
12.299998 12.295994
13.236677 13.573381
11.1 11.068405
13.000009 13.122653
11.400001 11.522485
11.3 11.876814
11.5 11.525164
13.300002 12.291819
11.7 11.863588
11.400001 11.334877
11.3 11.399863
11.400001 11.659329
11.3 11.348051
11.1 11.439979
11.8 11.782624
11.2 11.228204
11.7 11.892741
11.5 11.7537985
11.1 11.299982
11.1 11.088368
11.2 11.377321
12.1 11.733517
14.700326 14.400578
11.1 11.164417
11.8 12.11346
11.900001 11.684633
10.3 10.874286
12.299998 11.730519
12.899998 12.220576
11.1 11.152422
10.409804 10.535993
13.200015 12.479213
11.900001 11.743005
11.400001 11.3691635
11.7 11.891366
13.500008 13.171994
11.599999 11.639219
11.5 11.602209
12.599997 12.481182
11.2 11.377413
11.599999 11.424243
11.2 11.154431
12.199999 11.883098
11.900001 11.501456
11.1 11.360067
11.2 11.253553
12.6934595 13.474771
10.1 10.044397
11.7 11.783191
12.953872 13.531554
13.02329 12.363055
11.599999 11.445972
11.900001 12.310964
10.165502 10.066081
11.101723 11.244611
11.8 11.7906065
11.7 12.495382
11.999998 11.759414
12.299998 12.231484
11.900001 11.902114
13.1 12.521166
12.199999 12.171649
11.45 11.573237
11.900001 11.859197
11.400001 11.529987
11.7 11.824625
12.499997 11.661275
13.000009 12.093352
11.7 11.215777
10.8 10.916766
11.599999 11.652638
12.1 11.904469
11.7 11.71988
11.2 11.410147
11.2 11.249808
14.1 13.358501
12.199999 11.780585
10.622879 10.814879
11.7 11.751444
11.900001 11.459889
10.40103 10.690496
11.1 11.498408
11.3 11.139916
11.1 11.172033
11.2 11.373127
10.70206 11.386031
10.8 10.571063
12.869551 13.229876
11.999998 12.0178585
11.999998 11.848972
13.399989 12.440698
10.122276 9.984639
11.1 11.0877495
12.399998 12.440623
11.1 11.281789
11.5 11.563044
11.230182 11.498002
11.599999 11.599151
11.1 11.339168
11.2 11.473572
11.5 11.6010065
11.900001 11.817726
11.1 11.129894
11.1 11.092973
11.3 11.383754
12.399998 11.719433
11.999998 11.205864
11.1 11.27925
12.499997 12.234094
11.400001 11.38281
11.8 11.795037
11.7 11.7725935
11.5 11.608622
11.8 11.812707
11.1 10.995773
11.900001 11.924349
10.1 10.588328
11.8 12.0101385
11.7 11.78296
11.5 11.443396
11.900001 11.26556
12.399998 12.964371
11.599999 11.561205
11.3 11.536417
12.499997 12.284891
11.400001 11.512655
11.79897 11.327645
11.999998 12.006076
9.79897 9.822723
11.8 11.766115
11.5 11.562735
11.5 11.511973
11.5 11.505765
12.1 12.549642
10.40103 10.571419
11.7 11.580969
11.900001 11.86287
13.299971 13.1050205
11.3 11.333682
11.400001 11.417034
11.2 11.112959
11.7 11.673337
11.7 12.060359
11.2 11.346686
12.799992 12.581649
11.3 11.461751
11.1 11.15783
11.7 11.708671
11.999998 11.426785
11.7 11.868629
13.899971 13.343447
12.399998 12.815087
10.887813 11.354054
11.900001 11.941774
10.608639 10.577556
12.299998 11.453987
13.236677 12.017999
9.79897 10.102473
11.5 11.407315
11.427902 11.246316
11.5 11.823029
10.4 10.423194
11.7 11.717597
11.2 11.1313095
11.2 11.321399
11.5 11.508334
11.900001 11.885042
12.245694 11.867585
11.900001 11.853206
11.2 11.262927
11.900001 11.813695
11.1 11.526852
11.254902 11.30784
12.199999 13.624655
11.5 11.428044
11.7 11.749018
11.618801 11.651097
11.999998 11.94963
11.5 11.638634
11.2 11.638629
11.400001 11.519159
12.199999 12.42914
11.2 11.441612
11.400001 11.4335575
12.947712 13.343006
11.3 11.294626
11.599999 11.548581
12.599997 12.861432
11.7 11.748895
11.5 11.590044
11.2139435 11.45904
10.40103 10.497363
11.8 12.268113
11.2 11.324473
11.900001 11.800523
11.900001 11.884148
11.8 12.08285
11.1 11.475113
11.2 11.1234865
11.7 11.683697
11.400001 11.426971
11.8 11.435174
11.599999 11.610902
9.79897 10.05289
11.1 11.168528
11.599999 11.502087
12.599997 11.720456
12.899998 13.084938
11.8 11.47006
12.622879 12.340168
11.599999 12.2667
11.7 12.07556
12.765546 12.209207
11.3 11.323501
11.5 11.603517
11.900001 11.752249
11.900001 11.828648
11.8 11.802003
10.40103 10.283891
11.8 11.821377
14.1 13.250903
11.900001 11.829667
11.999998 11.97096
11.2 11.355884
11.7 11.728939
11.7 11.722295
11.599999 11.314085
11.8 11.449554
11.5 11.572922
11.2 11.2860365
11.487216 12.143995
11.1 11.338415
11.2 11.2415
11.900001 11.793002
11.3 11.744499
11.599999 11.684644
11.1 11.833344
11.2 11.226274
11.671865 11.851051
11.599999 11.779742
14.200179 14.894305
11.900001 12.257549
11.2 11.72255
11.999998 11.972254
14.901343 14.003785
11.900001 11.869405
11.5 11.572537
11.5 11.545424
11.599999 11.514505
10.1 10.03533
13.200015 12.596254
11.599999 11.639952
13.000009 13.405004
11.2 11.512999
11.508935 11.17675
11.8 11.8006315
11.2 11.255206
11.7 11.577522
11.2 11.133382
11.3 11.397954
11.3 11.275065
11.400001 11.447354
11.1 11.200268
11.599999 11.613424
11.900001 11.913396
13.699981 13.383873
11.999998 11.718139
11.999998 12.1009
14.1 12.156245
11.2 11.1978035
11.400001 11.287089
11.2 11.698239
11.900001 11.732049
14.600313 13.256998
11.900001 11.537015
11.8 11.921645
11.1 10.59861
13.000009 12.243199
11.599999 11.8826885
11.2 11.227996
12.199999 11.957406
11.8 12.435587
11.999998 12.739923
10.7 10.842304
11.3 11.422598
11.7 11.754713
11.1 11.480868
13.953872 13.260778
11.900001 11.877239
11.2 11.255475
13.200015 13.171803
10.581486 10.608353
11.599999 11.683045
12.499997 12.2272835
11.2 11.283249
11.3 11.912127
10.4 10.410656
11.900001 11.764943
12.299998 11.876699
11.2 11.223458
11.1 11.9577875
11.7 11.713548
10.1 12.565998
11.2 11.270063
12.300659 12.463952
11.1 11.145691
11.900001 12.569349
11.7 12.137299
12.399998 11.551364
11.400001 11.44351
11.3 11.285928
11.3 11.463134
12.399998 12.422254
11.2 11.196227
11.3 11.351546
12.499997 11.857969
11.5 11.704333
12.738272 11.024302
11.3 11.353935
11.5 11.579643
11.2 11.196903
11.3 11.255621
11.400001 11.62865
11.2 11.3084955
11.400001 11.47362
11.1 11.18294
11.999998 11.609624
11.999998 12.349016
11.1 10.948256
11.8 12.04663
11.3 11.376522
11.7 11.428058
15.500117 14.8688755
11.2 11.227305
10.40103 10.411302
11.599999 11.607825
11.599999 11.565954
11.1 11.173466
11.2 11.229671
11.5 11.685864
11.999998 12.091103
11.2 11.096163
11.3 11.643255
11.8 11.809857
10.020819 10.053566
11.5 11.56229
10.1 10.493479
10.70206 10.565061
11.599999 11.458029
11.5 11.313451
11.1 11.184966
12.699998 11.600247
11.999998 12.062929
11.1 11.1564865
11.3 11.20008
11.1 11.132084
11.5 12.115357
13.000009 13.425547
11.8 11.791855
11.1 11.08002
11.1 11.033638
11.5 11.480973
11.1 11.054632
10.40103 10.56274
11.900001 11.608725
11.3 11.334702
11.1 11.156342
11.5 11.464224
11.900001 11.782258
14.200179 14.9296665
11.400001 11.516646
9.668636 9.514786
11.5 11.753967
11.1 11.060196
10.3 10.1741905
11.7 11.671945
11.5 11.481316
11.5 11.635669
12.599997 12.585819
11.1 11.062346
11.8 11.636227
11.8 11.780936
11.3 11.604985
11.2 11.450319
11.2 11.5322485
11.1 11.205346
11.986056 11.418451
11.599999 11.321232
14.1 13.500647
11.307609 11.311329
11.999998 11.90871
11.5 11.684102
11.999998 11.948262
11.1 11.091484
11.0 11.040284
11.2 11.382816
13.078811 12.60531
11.3 11.396127
11.7 11.740795
11.2 11.220791
11.7 11.873831
11.3 11.461853
10.5 10.191289
12.199999 11.958365
14.600313 14.123662
12.499997 12.462248
12.399998 12.472432
11.3 11.341508
11.2 11.2943735
11.5 11.5863695
11.2 11.205475
11.999998 11.702454
11.900001 11.839277
11.900001 11.856782
14.711015 14.487627
11.2 11.324592
11.2 11.413501
10.1 10.56094
11.2 11.271247
12.799992 11.808445
12.485103 11.685911
11.3 11.424797
11.400001 11.708348
11.2 11.268256
11.8 11.824168
11.400001 11.424444
14.06468 13.995887
11.1 11.22548
12.597573 12.3461895
11.2 9.490373
12.549999 12.77037
11.2 11.376505
11.1 11.231645
11.8 11.825266
13.999974 12.796924
12.1 12.196796
11.3 11.375298
11.29382 10.896541
11.70206 11.521779
11.7 11.879217
11.8 11.760741
11.900001 11.917141
12.899998 13.084413
11.8 11.840264
11.900001 12.163955
11.900001 11.666031
11.2 11.671242
13.1 12.767011
11.5 11.620706
11.3 11.399127
11.900001 11.931341
11.2 11.262175
11.3 11.210309
11.400001 11.4208355
11.2 11.294985
10.1 10.076735
11.900001 11.781719
11.2 11.259233
12.299998 12.554453
11.1 11.174868
11.1 11.04114
11.2 11.204571
11.1 11.248779
12.6934595 13.48481
11.599999 12.855185
11.900001 11.806477
11.7 11.542014
13.1 13.308284
11.999998 11.994832
11.7 11.741322
13.186186 14.213787
11.1 11.113189
11.5 11.496254
11.3 11.285615
11.400001 11.5826435
11.1 11.220971
11.2 11.7660675
12.499997 11.435996
13.1 12.612647
11.599999 11.516434
14.555932 14.457738
13.299971 13.967402
11.2 11.341577
11.1 11.349362
11.900001 11.918346
10.1 9.99029
11.1 11.141627
12.699998 12.841669
11.2 11.236144
11.900001 11.9175415
11.7 12.052397
11.7 11.71387
11.5 11.387164
13.000009 12.135854
11.7 11.850726
11.400001 11.341131
11.900001 11.990585
11.599999 11.748211
11.3 11.156568
11.2 11.249717
11.900001 11.839832
11.1 10.709334
12.599997 12.004975
11.900001 12.064296
11.900001 11.764195
12.117729 12.271946
11.3 11.387498
11.5 11.421887
10.8447275 10.716174
11.1 11.072524
13.200015 12.257932
11.1 11.147695
11.1 11.213611
12.399998 12.293798
11.7 11.426129
10.1 10.5509205
11.7 11.708662
11.1 11.034935
11.3 11.250169
11.1 11.141755
11.8 11.792915
11.1 11.115715
12.1 12.230889
11.2 11.413098
11.900001 11.86063
11.599999 11.596712
10.70206 10.615872
11.2 11.266624
13.418758 13.126693
11.8 11.768219
14.359637 14.914838
11.2 11.3641615
11.2 11.243798
11.5 11.520776
11.2 11.207689
12.199999 12.299744
11.2 11.263375
14.466532 14.84697
11.1 10.956575
12.1 12.506342
11.7 12.46224
11.2 11.545386
11.900001 11.626818
11.599999 11.444729
11.599999 11.59906
11.5 11.499856
12.499997 12.266188
10.622879 10.546584
10.608639 10.513325
11.3 11.743904
11.7 11.362323
11.1 11.123611
11.999998 12.037629
11.900001 11.691536
12.399998 11.582358
11.3 11.129131
11.1 11.136613
11.2 11.446917
11.900001 11.9028015
11.2 11.20926
11.2 11.186542
12.499997 12.545675
11.2 11.296866
11.8 11.63604
11.599999 11.597916
11.2 11.237658
11.2 11.194619
11.999998 11.757485
10.2 10.019979
11.999998 11.428269
11.7 11.734409
10.40103 10.470336
11.2 11.263296
11.5 11.466084
11.2 11.320875
10.622879 10.585188
11.2 11.250308
14.43626 13.042319
11.900001 11.872617
11.599999 11.69087
14.29382 14.502853
11.8 11.7575
11.2 11.264705
12.953872 13.0366125
11.599999 11.598145
11.1 11.003595
11.2 11.272596
11.3 11.433504
11.599999 11.556805
11.999998 11.974785
11.900001 11.862099
11.999998 11.702421
11.2 11.344625
14.1 14.312517
10.2 11.106723
11.3 11.319454
11.400001 11.845431
12.399998 12.175955
12.299998 12.219054
12.699998 11.92201
11.2 11.244981
11.3 11.39357
11.5 11.544017
11.2 11.186403
11.400001 11.448654
11.900001 11.815912
15.108774 13.955124
11.599999 12.0418005
13.299971 13.356176
12.599997 12.382697
12.499997 12.146694
11.2 11.309222
12.40103 12.345483
11.1 11.636457
11.900001 11.70744
11.267491 11.615492
13.399989 13.230182
11.2 11.68553
10.7 10.509563
11.5 11.474951
11.1 11.197587
12.199999 12.51332
11.7 10.817876
10.70206 10.784274
11.7 11.266241
12.199999 12.406688
11.3 11.45934
11.7 11.759722
11.2 11.175857
12.1 11.627673
11.7 11.72936
11.999998 12.047179
11.400001 11.5127
10.450574 10.605757
12.699998 12.362123
11.3 11.191748
11.3 11.318541
11.5 11.512919
12.499997 12.939638
11.5 11.876025
11.400001 11.923405
13.29382 13.303709
15.1 14.616774
11.400001 11.463352
11.5 11.54119
11.3 11.619398
12.1 12.303275
11.900001 11.683856
11.999998 11.974332
11.261151 11.572155
11.2 11.301865
12.429754 11.6480875
11.7 11.707948
13.899971 13.04828
11.999998 11.924374
11.599999 11.622765
13.000009 13.391137
11.1 11.36237
12.404044 12.600153
11.2 11.273453
11.8 11.782352
10.1 9.765026
11.5 11.139189
11.3 11.481793
11.5 11.463342
11.400001 11.558974
12.499997 13.653252
11.5 11.675749
11.2 11.295702
11.900001 11.928182
11.900001 11.764534
11.136212 11.247729
13.699981 12.284906
11.1 11.295657
11.400001 11.432799
11.7 11.757757
12.199999 12.206535
14.600313 14.379762
11.3 11.524265
11.8 11.435252
11.5 11.663327
11.7 11.768175
11.400001 11.550511
11.3 11.678619
11.5 11.478524
11.3 11.297525
15.1 13.779829
11.2 11.15805
12.499997 12.188251
12.599997 12.059724
11.8 11.960107
11.1 11.130744
11.343923 11.379895
11.599999 11.6985445
11.1 11.182975
12.531798 11.760989
11.2 11.302612
11.5 11.627299
11.3 11.766773
11.5 11.969203
12.699998 12.236843
12.267491 12.63999
13.1 12.472405
11.900001 11.879187
10.622879 10.468354
11.2 11.314188
11.1 11.268501
11.8 11.509554
11.8 11.240519
11.400001 11.401554
12.599997 11.531172
11.7 11.265644
11.7 11.91835
11.230576 11.346073
11.2 11.348593
11.5 11.699873
11.7 11.301716
12.299998 12.305295
11.900001 11.928341
12.287653 13.208761
11.400001 11.4237585
11.1 11.117325
11.2 11.192269
14.600313 13.149312
11.2 11.19922
11.2 11.239016
11.3 11.505097
11.7 11.428898
10.622879 11.091607
12.699998 12.211643
11.8 11.493359
12.599997 12.353451
11.900001 11.863671
11.1 11.230242
14.40103 13.973757
11.8 11.802582
11.400001 11.416346
10.8 10.871798
11.2 10.863858
11.5 11.861308
11.2 11.274018
13.399989 13.087127
9.79897 9.625711
11.900001 11.946331
11.2 11.365464
12.599997 11.964691
11.999998 11.606153
11.8 11.343344
11.1 11.232082
10.923909 10.051817
11.1 11.307202
11.89588 11.979278
11.3 11.728277
11.3 11.63553
13.719789 14.519396
11.1 11.212554
11.8 11.764094
13.000009 12.034738
11.900001 12.116354
11.1 11.166309
11.2 11.325242
11.3 11.341488
11.3 11.303426
12.799992 12.166032
12.199999 12.03899
10.3 10.421418
11.8 11.847143
11.400001 11.577289
11.5 11.536585
10.418758 10.190637
11.2 11.412779
11.3 11.348687
11.400001 11.26894
11.599999 11.686747
11.900001 11.680935
11.5 11.547396
11.1 11.3239
10.622879 10.775461
11.3 11.311524
12.446788 12.31251
11.999998 12.09467
11.058607 11.222922
11.8447275 11.804152
11.1 11.090996
11.7 11.6941805
11.1 11.17816
11.900001 11.836348
11.900001 11.991017
12.599997 12.108154
11.3 11.35486
11.2 11.467906
11.900001 11.93878
11.4 11.494886
11.2 11.071514
12.1 12.09629
11.1 11.139919
10.6934595 11.247873
11.8 11.809226
11.8 11.509302
12.699998 12.207493
11.599999 11.202761
11.2 11.200709
11.7 11.803136
13.1 13.202812
12.499997 13.144519
10.40103 10.5901985
12.899998 12.603933
10.210698 11.472694
11.599999 11.250861
11.900001 11.868786
11.2 11.190204
12.399998 11.693442
11.2 11.209659
11.605162 11.327312
11.900001 11.7446
11.900001 11.276563
11.900001 11.867659
12.584126 11.711594
13.999974 13.703909
11.7 11.71433
11.400001 11.99343
11.1 11.278304
13.399989 12.208779
12.899998 12.150606
11.8 11.8105545
11.599999 11.628591
11.2 11.263176
11.400001 11.438745
11.900001 11.725532
11.1 11.236401
11.1 11.132706
11.8 11.888625
12.314671 11.370291
13.500008 12.995834
11.1 11.279474
11.8 11.64918
11.7 12.940892
11.2 11.341614
11.2 11.328852
11.599999 11.813678
11.400001 11.981814
11.900001 11.862321
11.999998 12.1379595
10.6 10.853738
13.40103 12.492707
14.870304 13.66347
11.460513 12.075657
11.2 11.37584
11.3 11.500338
11.7 11.750609
11.2 11.211882
13.500008 12.907866
11.1 11.113131
14.869551 14.851976
12.299998 11.331696
11.3 11.265326
11.2 11.258783
11.3 11.562606
11.3 11.318133
11.999998 12.064943
11.3 11.389925
11.2 11.334218
13.000009 12.959427
11.7 12.008622
11.999998 11.340513
11.8 11.765723
12.399998 12.275891
12.699998 12.143577
11.1 11.221226
12.505608 12.388615
12.499997 12.555054
12.399998 11.812982
11.5 11.685348
12.1 11.814648
12.520216 12.8676605
14.200179 14.003733
10.2 10.707341
11.8 11.732443
10.1 9.878854
11.2 11.153268
11.1 11.098196
13.600039 11.794254
11.400001 12.044742
12.199999 11.697278
11.900001 11.902418
10.1 10.626921
11.900001 11.939225
11.1 11.250729
11.999998 11.18259
11.400001 11.517563
11.5 11.6265955
15.200179 14.895521
11.3 11.672178
12.299998 11.918565
11.1 11.080402
11.2 11.204857
11.599999 11.443945
11.900001 11.920232
11.2 11.331305
11.8 11.793018
11.900001 11.759101
10.3 10.193593
11.3 11.324987
11.900001 11.5613165
13.200015 12.551614
12.899998 13.161053
11.999998 11.962743
11.1 11.185138
11.3 11.430413
12.359637 12.262146
12.299998 12.452938
11.400001 11.389691
11.400001 11.472466
10.1 10.562773
11.8 11.786206
11.8 12.094368
11.3 11.454006
11.8 11.793261
12.299998 12.114475
11.1 11.337077
11.599999 11.635612
11.999998 12.064249
11.400001 11.542995
11.3 11.280106
11.8 11.684316
12.399998 12.40143
11.3 11.4981575
11.900001 11.838271
11.1 11.135583
11.2 11.378977
11.900001 11.534943
11.1 11.162832
11.2 11.572792
11.2 11.314531
11.3 11.379212
11.8 11.777336
11.2 11.245285
11.2 11.26688
13.699981 12.871304
11.599999 11.679227
11.3 11.292139
11.1 11.213555
11.5 11.635963
11.3 11.347098
11.5 11.648069
11.999998 11.953855
9.947712 9.756107
11.8 11.841118
11.8 11.871372
11.1 11.072235
11.5 11.513493
11.1 11.224862
12.799992 13.033422
11.7 11.823655
11.7 12.084063
11.900001 11.877541
11.599999 11.632432
11.8 11.921988
10.622879 11.562847
11.400001 11.891627
11.7 11.739618
11.7 11.698716
11.8 11.972023
10.8 11.132729
14.400163 13.874931
11.2 11.275912
11.2 11.206302
11.3 11.65299
14.500117 14.71878
11.1 11.085914
12.599997 12.076746
13.999974 13.719757
11.3 11.33257
11.8 11.785574
11.3 11.385295
11.1 11.165582
11.3 11.314424
11.1 11.139763
11.5 12.061917
11.8 11.845172
11.599999 11.680103
11.1 11.109852
11.2 11.748783
11.900001 12.541004
11.1 11.178823
10.622879 11.012028
11.2 11.298391
11.1 11.113882
11.7 11.806415
11.1 11.387127
11.900001 11.882383
12.699998 13.093172
11.5 11.532066
11.8 11.778683
11.1 11.122952
11.400001 11.534587
12.499997 11.692949
11.1 10.953526
11.381498 10.990975
12.499997 12.125829
13.249993 12.809162
11.8 11.7461195
11.900001 11.881115
12.799992 12.201363
11.599999 11.584961
11.5 11.663773
9.79897 10.038076
11.3 11.430059
11.3 11.316362
12.899998 12.61365
11.1 11.162599
10.1 9.973225
11.456548 11.536971
11.1 11.3212595
10.1 10.000862
11.900001 11.945873
11.2 11.191831
11.7 11.935247
12.199999 11.719991
11.3 11.380945
11.3 11.410472
11.2 11.200438
11.5 11.4117155
11.2 11.361146
11.2 11.555378
11.900001 11.838349
11.5 11.892139
11.8 11.30291
13.899971 13.898288
10.3 10.253278
12.599997 11.971936
11.400001 11.469546
14.200179 14.065714
11.2 11.281179
11.900001 11.827833
11.2 11.28272
15.200179 14.911787
12.399998 12.305177
11.2 11.1995735
11.1 11.26124
11.599999 11.606748
11.999998 11.816551
11.1 10.983906
11.7 11.729953
11.2 11.232619
11.020819 10.806652
11.599999 11.745217
11.2 11.269865
11.5 11.535763
13.122276 13.053825
11.900001 11.798428
11.2 11.279133
11.3 11.428129
11.2139435 11.378389
11.999998 11.878125
13.000009 11.643444
11.900001 11.963316
11.2 11.272027
11.900001 11.726939
11.5 11.328988
11.400001 11.396414
11.900001 12.069998
11.2 11.290749
11.2 11.281581
14.321849 13.604874
11.900001 11.824421
11.7 11.753219
12.1 11.417673
11.900001 11.809224
12.821246 12.11025
11.2 11.225347
11.685027 11.216788
11.1 11.092364
13.500008 13.82947
13.1 13.1174555
11.2 11.198758
11.7 11.624412
11.2 11.229825
12.299998 12.074735
12.499997 11.769719
11.599999 11.664439
11.999998 11.292701
12.899998 11.874507
12.359637 12.357958
11.2 11.2835655
11.900001 11.764729
14.79897 13.491708
10.40103 10.180866
11.2 11.20197
11.7 11.892976
12.555932 12.567965
11.2 11.171052
11.2 11.137736
11.3 11.4188385
13.699981 11.6376915
11.999998 12.017914
11.1 10.992301
11.1 10.933758
12.299998 12.063688
11.7 11.773561
12.899998 12.053753
11.599999 12.011203
10.1 10.510057
11.400001 11.2948265
11.3 11.343809
11.900001 11.876822
11.1 11.121379
9.49794 9.274294
11.900001 11.816478
13.899971 12.356982
11.900001 11.375601
11.2 11.624577
11.5 11.7206745
12.699998 11.6690855
12.499997 12.394054
11.8 11.625838
12.1 11.737767
11.3 11.402391
11.1 11.133742
11.400001 11.339936
11.1 11.229437
11.400001 11.490868
13.399989 12.791846
11.1 10.977025
12.399998 13.120221
11.900001 11.937893
14.254902 14.542709
11.999998 11.835818
12.899998 12.52639
11.1 11.199324
11.3 11.400521
12.453596 12.223486
11.599999 12.229819
9.79897 9.620825
11.5 11.503179
15.600313 15.108329
13.500008 13.348809
11.8 12.132313
11.1 11.083979
10.40103 10.699218
11.1 11.260275
12.599997 12.521493
13.200015 12.224242
11.1 11.148222
13.000009 13.084377
11.2 11.36895
10.40103 10.408237
11.8 11.805103
11.2 11.394287
12.1 11.557524
10.1 9.750122
11.8 11.795433
11.5 11.618342
10.70206 10.498009
11.999998 11.647453
12.120452 11.635451
11.2 11.266736
11.2 11.194373
11.1 10.947472
11.900001 12.134605
11.400001 11.406612
11.5 11.431565
11.599999 11.84384
11.2 11.199848
11.1 11.369771
11.7 11.691469
11.7 11.626614
11.5 11.42536
11.1 11.163133
13.392429 11.517011
11.1 11.089289
12.399998 12.66708
11.2 11.397887
11.1 11.660536
11.2 11.523226
11.7 11.898333
10.690574 10.802146
11.900001 11.881268
11.349999 11.537972
12.899998 13.061588
12.1 12.203154
11.745892 11.845775
10.8 10.863092
11.1 10.959545
12.637602 11.196121
11.900001 11.562885
11.5 11.506641
12.499997 11.743011
11.3 11.155758
11.900001 12.381454
12.799992 12.015603
11.900001 11.846362
12.899998 13.936142
11.400001 11.851175
12.699998 11.980149
12.899998 12.356241
14.1 14.472532
11.8 11.82603
11.599999 11.409067
14.40103 14.190049
11.900001 12.008437
11.8 11.909694
13.000009 13.068016
11.1 11.231693
11.900001 11.886802
11.555932 11.101722
11.2 11.17098
11.599999 11.642219
11.2 11.221655
11.400001 11.707578
11.2 11.833175
11.3 11.377685
11.5 11.477458
12.499997 12.379577
11.900001 11.786261
11.5 11.736331
11.900001 11.881676
11.49794 11.383315
11.1 11.095287
11.1 11.112057
11.900001 11.9158125
10.49794 10.347502
11.2 11.199244
10.1 10.089033
13.000009 11.615722
11.2 11.20526
11.5 12.00116
11.3 11.127907
11.2 11.231675
11.999998 11.957928
11.3 11.441507
12.599997 12.622362
11.8 11.781184
11.3 11.275974
11.900001 11.902293
14.700326 13.387651
11.3 11.201366
11.7 11.748342
12.199999 11.995508
11.400001 11.47314
11.2 11.221631
11.7 11.777378
11.900001 11.955941
11.999998 12.263736
11.1 11.087653
11.2 11.320383
13.511954 11.752409
11.8 11.961183
11.5 11.545143
11.999998 11.778226
11.1 11.597816
11.400001 11.469149
11.999998 12.029262
11.2 11.291058
12.499997 12.395667
10.4 11.428201
11.599999 11.678137
11.7 11.762785
12.499997 12.323476
12.199999 12.481864
11.637602 12.724764
12.601689 12.72133
11.8 11.788656
11.3 11.730872
14.1 12.389752
11.1 10.907998
11.1 11.15576
11.900001 11.87765
11.8 11.77139
11.5 11.535916
11.5 11.54636
11.3 11.388406
11.1 11.405806
10.719789 11.227496
11.1 11.0965605
11.2 11.299647
11.5 11.635434
11.5 11.623704
11.400001 11.528004
11.900001 11.873334
12.639102 13.150237
12.1 11.707046
11.1 11.179428
11.400001 11.469156
11.900001 11.721665
11.8 11.97483
13.1 13.259132
11.1 11.879148
13.1 13.520806
11.5 11.85464
11.1 11.084844
11.3 11.366186
11.8 11.807198
11.8 11.553052
11.3 11.587841
11.8 11.869041
12.199999 12.627513
11.999998 11.852774
11.3 11.35358
11.5 11.546073
11.2 11.1441345
11.5 11.637773
10.40103 10.088277
10.186186 10.034614
10.8 10.82305
11.56133 11.856145
11.1 11.214713
11.2 11.254001
11.999998 11.990718
11.5 11.48327
11.1 11.108415
11.1 11.173552
11.5 11.555914
11.3 11.4162445
10.738272 10.161156
11.7 11.692316
11.5 11.6777935
11.400001 11.501486
13.1 11.672402
11.900001 11.803305
11.1 11.2135105
11.599999 11.652233
11.8 11.802611
13.699981 13.406049
12.1 13.031365
11.3 11.412941
13.128426 13.11379
14.49794 13.580939
11.999998 11.528267
11.599999 12.900212
11.5 11.6723795
10.6 10.602875
15.1 13.851259
12.499997 11.899987
11.5 11.567543
11.1 11.096276
11.8 11.72573
11.900001 11.888849
11.1 11.0001135
11.1 11.035438
11.1 11.108394
11.2 11.188664
11.2 11.349279
11.2 11.626199
12.399998 11.44027
10.40103 9.927999
11.5 11.497575
11.2 11.328851
13.200015 12.707388
11.1 11.138414
11.8 11.766037
11.2 11.333546
12.399998 13.04537
10.5 10.6603
11.900001 11.704891
11.8 11.840175
13.49794 11.3910265
13.299971 11.432944
13.8409815 15.850409
11.2 11.195199
11.5 11.526315
12.199999 11.902993
11.900001 11.823668
13.600039 12.50053
11.3 11.407382
11.900001 11.691178
11.660667 11.893141
11.70206 11.003236
10.9 10.919252
11.1 11.290179
14.200179 13.2112875
11.2 11.242442
11.400001 11.260538
11.5 11.419092
10.2 10.654533
11.599999 11.789358
11.5 11.646756
11.900001 11.90934
11.900001 12.02309
11.997942 11.813081
11.5 11.629507
10.40103 10.181414
11.3 11.392973
11.2 11.273451
11.999998 11.965641
11.900001 11.90256
11.599999 11.501164
12.399998 12.499578
11.2 11.247722
11.1 11.163699
11.400001 11.478741
9.1 9.545292
11.400001 11.439693
11.400001 11.481852
14.200179 13.753215
12.499997 12.116425
10.70206 10.858582
11.7 11.615902
11.849999 13.145405
11.1 11.149843
11.5 11.574672
11.5 11.867244
11.999998 11.969734
11.1 11.146746
10.1 9.989286
11.3 11.574818
11.1 11.039918
11.900001 11.860811
11.5 11.878134
11.2 11.159917
11.900001 11.979151
11.599999 11.563755
11.3 11.291036
11.599999 11.404943
11.2 11.272564
11.2 11.193555
11.400001 11.615013
12.26877 12.925332
11.2 11.101853
11.2 11.237278
11.3 11.297818
11.5 11.382626
14.1 14.057055
11.2 11.220611
11.7 11.766848
10.70206 10.614145
11.5 11.593465
11.622879 11.590991
11.1 11.289095
11.900001 11.978874
11.599999 11.547615
13.399989 12.85077
11.5 11.61763
11.900001 11.735112
12.1 12.21154
13.999974 13.014526
9.79897 10.249429
11.2 11.185957
13.1 13.06631
9.66703 9.113802
11.999998 11.829732
12.399998 12.789928
11.7 11.686146
11.599999 11.789038
11.5 11.9205265
11.5 11.591316
11.400001 11.46963
11.7 11.912201
11.400001 11.269756
11.2 11.65617
10.70206 10.812709
10.2 10.4026785
12.199999 12.1818495
11.900001 11.94907
12.499997 12.655744
11.8 11.69987
11.3 12.188446
11.5 11.446899
12.298596 12.216505
11.7 11.783671
11.7 11.467913
10.622879 10.359546
11.599999 11.583562
11.599999 11.544726
11.900001 11.87731
11.1 11.445958
11.3 11.0996685
11.900001 11.855385
11.2 11.335626
11.8 11.853646
11.7 11.780454
12.799992 11.59379
11.900001 11.856796
11.3 11.362347
11.1 11.568432
10.3 10.721013
12.1 11.984043
12.1 12.068683
11.400001 11.6025715
11.2 11.680196
11.3 11.409489
11.2 11.31119
10.1 10.690863
11.7 11.916899
12.199999 11.789322
12.399998 11.904102
12.761543 12.03353
11.3 11.261295
11.900001 12.059091
11.3 11.0884285
11.5 11.352017
11.8 11.788746
11.2 11.141305
11.3 11.267589
13.8447275 13.791847
11.900001 11.9947195
11.79897 12.22118
12.70206 12.694815
11.3 11.16626
12.599997 11.870959
11.999998 12.316518
11.1 10.915648
10.49794 10.493965
11.1 10.995649
12.199999 13.124667
10.49794 10.56568
11.3 11.626223
11.1 11.103958
11.8 11.922864
11.2 11.246832
11.599999 11.631941
11.999998 12.179297
11.999998 12.185162
11.3 11.479637
12.986056 13.056098
9.70206 9.507629
11.7 11.650853
11.3 11.502109
13.145758 11.964607
11.2 11.214516
11.2 11.15418
11.400001 11.306695
11.2 11.232346
11.900001 11.875649
11.1 11.239708
11.2 11.313882
11.1 11.029913
11.7 11.739227
11.8 11.740924
13.500008 13.48473
13.4372425 13.396195
11.999998 11.836215
11.5 12.278068
11.5 11.561156
11.5 11.620914
12.399998 12.745712
11.1 11.254878
11.8 11.8416
10.8 10.84092
11.5 11.525464
11.1 12.2215185
11.3 11.483221
11.900001 11.484429
12.199999 12.000408
12.899998 13.245161
11.2 11.135918
13.600039 13.544583
12.899998 13.162089
11.3 11.442815
11.599999 11.614401
11.1 11.025403
11.1 11.253044
11.2 11.525422
11.8 11.69729
11.900001 11.989978
11.2 11.297009
11.2 11.338139
12.499997 12.431981
12.399998 12.06008
11.599999 13.417143
11.2 11.452616
11.400001 11.485389
11.1 11.049191
13.899971 13.690597
12.399998 11.734326
9.79897 9.663056
12.1 11.760793
11.8 11.841511
11.2 11.130051
12.299998 12.692938
12.199999 11.384685
11.3 11.669334
11.2 11.356403
11.400001 11.374452
12.299998 12.091891
11.923909 12.100043
11.7 11.75879
11.8 11.81465
11.49794 11.325499
11.999998 11.993587
11.938632 11.793965
10.70206 10.613441
13.500008 13.280083
11.400001 12.252218
12.622879 12.224861
11.5 11.612288
11.5 11.583439
11.599999 11.866732
11.1 11.225033
11.2 11.3139305
11.2 11.241662
11.599999 11.619169
10.427902 10.771428
13.899971 13.614005
10.6 10.276615
11.40103 11.402523
11.1 10.606459
11.999998 11.85204
14.200179 11.874185
14.200179 14.702351
13.600039 13.339021
11.1 11.030602
11.8 11.835534
11.999998 11.568648
14.79897 14.431382
11.2 11.286516
11.5 12.017822
11.400001 11.2268505
13.999974 14.12159
11.5 11.568279
11.3 11.4148655
11.8 11.82613
11.738272 11.3791065
11.2 11.537302
12.699998 13.491041
11.3 11.333685
11.2 11.218471
12.699998 11.724554
11.1 10.974012
11.2 11.5299835
11.5 11.673208
12.299998 12.748073
11.1 11.257443
11.3 11.361834
11.1 10.236777
11.2 11.320649
11.999998 12.064073
11.900001 11.907994
14.901343 12.798646
11.900001 11.899631
11.8 11.60542
11.1 11.138888
10.70206 10.704185
11.400001 11.441908
12.599997 12.974024
11.400001 11.529822
10.6 10.685601
12.399998 11.645307
11.999998 12.085035
15.262569 15.98662
11.7 11.676661
11.400001 11.366993
11.3 11.81148
11.5 11.563978
13.165502 13.530414
11.999998 11.83828
11.900001 11.898097
11.2 11.294306
11.900001 11.909412
11.1 11.096352
11.2 11.145795
13.699981 13.230577
11.900001 11.822741
11.999998 12.00016
13.800057 12.858897
11.8 11.800123
11.400001 11.328258
11.3 11.565688
11.999998 12.120473
11.900001 11.882692
10.9 10.710079
11.900001 11.907293
11.1 11.181769
10.2 10.424887
11.1 11.142182
11.7 11.987396
11.900001 12.012797
11.1 11.236567
11.816699 12.074419
11.2 11.43093
11.1 11.046304
11.2 11.126832
12.799992 12.322005
13.999974 13.9793005
11.1 11.148803
10.2 10.004436
11.5 11.5297
11.2 11.106792
13.600039 14.006298
14.1 13.00084
11.599999 11.610652
11.3 11.282957
9.79897 9.527989
11.1 11.243861
11.5 11.415312
11.8 11.850804
11.8 11.689354
10.321849 10.183428
11.3 11.316007
11.1 11.5927305
11.1 11.092666
12.499997 12.372685
11.2 11.339066
11.999998 11.865139
13.899971 11.951956
11.1 11.073519
11.2 11.29977
11.999998 11.91644
11.7 11.697287
12.199999 11.918946
12.399998 11.822751
11.400001 11.485046
12.199999 12.432112
11.8 11.8327265
12.499997 12.135701
11.8 11.793243
11.900001 11.869357
11.599999 11.448457
11.2 11.869069
11.7 11.899138
12.199999 11.673342
11.1 11.330264
9.79897 9.5367565
11.7 11.733566
10.1 10.580245
11.2 11.184464
12.1 11.620174
11.1 11.222491
11.2 11.191663
11.2 11.222495
12.499997 13.156949
11.7 11.927622
11.999998 12.086404
11.1 11.242328
11.3 11.349083
11.7 11.297386
11.5 11.7239685
11.2 11.27144
12.399998 11.685308
10.1 10.183802
11.1 11.180194
11.599999 11.58915
12.599997 12.594789
10.6 10.639423
11.999998 12.037592
11.599999 11.591034
11.900001 12.550706
11.8 12.262181
11.599999 11.574158
11.5 11.586514
11.400001 11.506342
11.900001 11.743944
13.500008 14.417364
11.900001 11.836251
11.999998 11.961285
11.2 11.301533
11.79897 11.396446
11.1 11.179785
11.400001 11.376696
11.2 11.326061
10.6 10.541145
11.1 11.082372
11.3 11.355353
11.900001 11.988417
12.199999 12.274363
12.899998 13.061375
14.180399 14.315941
11.900001 11.904413
11.8 11.868958
11.900001 11.798712
11.900001 11.693029
11.1 11.115855
11.599999 11.699662
11.1 11.232877
11.5 11.584184
12.767562 12.659552
12.399998 11.914712
12.199999 11.923283
11.3 11.485906
11.900001 11.887797
12.299998 11.847492
11.351037 11.451651
13.999974 14.447623
11.2 11.141572
11.1 11.116126
11.599999 11.805531
11.3 11.283354
12.017215 11.949773
11.900001 11.897304
11.5 11.505219
12.1 11.621676
11.2 11.468524
12.986056 12.780923
11.1 11.103387
11.3 11.355934
11.5 11.451256
11.1 11.074775
11.7 11.703249
11.2 11.585276
11.400001 11.426392
11.2 11.268091
11.2 11.658287
11.1 11.100075
11.5 11.5638275
12.1 12.052105
11.2 11.247373
12.899998 11.940782
10.6 10.521663
12.399998 12.093258
11.2 11.28164
15.1 14.476511
10.9 10.184456
11.900001 11.877133
11.3 11.429619
11.7 11.756138
11.400001 11.456166
11.7 11.534974
11.3 11.4948015
12.699998 12.863512
14.29897 14.2230015
12.1 11.818749
11.1 11.137408
11.7 11.545925
11.999998 12.637862
11.599999 11.532377
11.900001 11.886235
11.900001 11.785234
11.900001 12.1748495
12.1 13.071558
14.1 13.313457
11.1 11.127235
11.900001 11.858069
11.8 11.267168
13.364454 12.302979
11.599999 11.571344
11.2 11.248641
11.2 11.121601
11.1 11.152093
11.5 11.513679
11.599999 11.647001
11.400001 11.402935
13.800057 13.511074
11.400001 11.74569
11.2 11.291743
11.900001 12.693223
11.2 11.317245
11.900001 11.592696
12.1 11.015828
11.999998 11.743514
11.900001 11.88707
11.267491 11.574779
12.757577 14.123102
11.900001 11.732626
11.900001 11.865669
11.2 11.637527
11.1 11.173665
11.900001 11.878521
11.2 11.507861
11.999998 12.000266
11.3 10.900738
11.383997 12.302535
11.900001 11.836682
11.40103 11.232967
11.5 11.803707
11.1 11.227092
11.5 11.382175
11.3 11.539657
11.950048 12.316487
11.599999 11.694858
11.3 11.436659
11.5 11.588751
11.2 11.3335
12.300659 12.470764
11.3 11.361265
12.699998 12.257898
12.699998 12.891502
11.7 11.743079
11.7 11.723066
11.2 11.261782
10.1 10.245619
11.400001 11.403102
11.59621 11.292479
11.400001 11.738557
11.8 11.814879
11.1 11.111878
14.113489 13.290235
12.794648 11.400793
11.2 11.220067
11.900001 11.950012
11.777781 11.501823
11.7 11.611155
11.999998 11.621208
11.900001 11.892287
11.1 11.279148
11.900001 11.711608
11.400001 11.281406
14.400163 14.109922
11.2 11.340675
13.000009 13.64476
11.900001 11.833004
13.427902 13.181194
11.900001 11.910982
11.400001 11.381636
12.899998 12.593347
13.1 11.566537
11.2 11.465023
14.1 14.16094
11.3 11.307264
11.900001 11.858081
11.5 11.456578
10.70206 10.629559
11.3 11.407699
12.599997 13.634927
11.900001 11.802164
10.4 10.9637785
10.8 10.5588045
11.900001 11.881238
11.2 11.20877
11.1 11.2397175
13.200015 12.939222
11.2 11.200458
11.999998 11.525743
11.3 11.697378
11.2 11.271035
11.1 11.260069
11.3 11.332556
11.5 11.621358
11.7 11.732915
11.900001 12.035969
11.8 11.706981
11.2 11.370396
12.299998 12.073059
12.499997 12.603627
11.8 11.78967
11.2 11.093279
11.2 11.299576
11.900001 11.902181
10.622879 10.201608
11.900001 11.802277
11.2 11.318621
11.8 11.796862
11.8 11.269609
11.3 11.336749
11.7 11.56275
11.8 12.310858
11.2 11.336607
11.5 11.509967
10.1 10.362185
13.000009 12.238048
11.2 11.356762
13.999974 13.985854
11.900001 11.910398
12.199999 12.261012
11.3 11.515881
11.8 11.844507
11.2 11.221154
11.3 11.538275
13.1 12.101554
11.3 11.415517
12.1 11.329908
11.499027 11.9380665
11.2 11.2443695
11.599999 11.592857
11.1 11.093868
12.199999 11.632646
11.2 11.180283
11.999998 11.978976
11.2 11.411714
11.1 11.221688
11.5 12.992503
14.200179 13.465795
11.1 11.418519
11.599999 11.589648
11.999998 11.891152
14.1 14.223473
12.299998 12.115087
11.7 11.635477
12.699998 12.161621
11.8 11.913695
13.000009 12.235048
11.55 11.62781
11.1 11.241608
11.1 11.218375
11.400001 11.39886
12.1 11.833273
11.900001 11.883794
11.599999 11.697216
11.2 11.307375
11.1 11.237455
11.1 11.276033
11.599999 12.185458
12.599997 11.754005
10.555932 10.415133
11.1 11.393669
11.5 11.598775
11.5 11.580923
12.399998 12.368594
11.999998 11.94239
13.500008 13.475604
11.599999 11.56458
14.700326 13.104254
13.999974 14.257241
11.7 11.481568
11.2 11.407416
11.900001 11.315431
14.329148 14.452242
11.3 11.418348
11.7 11.583263
10.9 11.069967
11.900001 11.869592
11.1 11.188434
11.1 11.148245
11.25 11.392615
14.400163 13.637266
11.2 11.260121
11.2 11.375446
11.7 11.759485
11.599999 11.548487
11.1755495 11.411487
12.599997 12.8296175
12.199999 12.063721
11.2 11.245703
11.599999 11.638456
11.599999 11.654905
11.8 11.453276
11.599999 11.622846
11.3 11.678212
10.70206 12.55308
11.400001 11.529626
11.1 11.125598
11.5 11.486129
12.1 12.877951
11.7 13.210131
11.1 11.049799
11.2 11.192367
12.2870865 12.189251
12.799992 13.0301895
11.2 11.276494
11.400001 11.3695965
12.1 12.280976
11.999998 11.797547
11.1 11.061412
11.900001 11.934931
11.2 11.599568
11.3 11.333444
11.999998 11.945734
11.2 11.33323
11.900001 11.871967
11.1 11.232127
13.307609 13.151876
11.1 11.287659
11.2 11.210819
11.3 11.151702
11.400001 11.394651
12.899998 12.10236
11.1 11.1848955
11.351812 11.280032
11.5 11.398889
11.900001 11.964948
11.2 11.016163
12.40103 11.70772
11.8 11.806917
12.799992 12.141036
11.5 11.543155
11.1 11.881928
11.2 11.270212
11.2 11.237297
11.7 11.698085
11.5 11.423033
12.020819 11.474859
12.199999 12.107338
14.1 12.431743
11.2 11.265413
11.8 11.805692
11.400001 11.418538
10.622879 11.460303
11.2 11.168074
11.8 11.862083
11.2 11.090281
11.999998 11.889544
11.1 11.567538
11.400001 11.396702
11.5 11.554261
11.400001 11.426775
13.000009 12.833683
11.900001 11.956473
11.2 11.241415
11.1 10.927409
12.799992 11.807051
11.3 11.15702
12.599997 13.4583435
11.900001 11.933633
14.79897 13.62838
11.900001 12.094807
10.1 11.072707
12.699998 13.732727
11.999998 12.625217
11.622879 11.318194
11.900001 11.859108
11.2 11.110253
11.2 11.252625
11.2 11.321095
12.799992 12.483317
11.900001 11.85971
11.3 11.378391
11.2 11.348798
11.2 11.255878
11.5 11.533318
10.652842 11.044453
11.5 11.589844
11.5 11.49491
11.3 11.327409
11.3 11.410945
11.900001 11.842952
11.1 11.015943
11.599999 11.485086
11.1 10.847635
11.2 11.161152
11.3 11.360614
14.299971 14.145697
11.1 11.094825
11.999998 11.940172
11.2 11.297758
13.1 13.180992
11.999998 12.812967
11.999998 11.898504
10.622879 14.227148
10.70206 10.499485
11.5 11.566433
11.1 11.142303
11.3 11.30299
11.8 11.812375
11.900001 11.168791
12.810108 12.686498
11.8 11.487608
11.900001 11.8217535
11.3 11.864794
11.1 11.1688385
11.8 11.8013935
13.699981 12.0819845
12.499997 11.850521
11.175721 11.281119
11.999998 11.293714
11.8 11.591232
11.2 11.230064
11.1 11.2626915
11.3 11.701907
12.599997 12.967327
11.1 11.203124
11.5 11.655926
10.1 10.146335
10.4 10.589582
11.3 11.336426
14.500117 13.734866
11.7 11.708306
11.400001 11.330056
11.5 11.549888
11.999998 11.902863
11.2 11.250536
11.1 11.093819
12.358699 13.119462
11.2 11.356714
11.2 11.26339
11.3 11.889243
11.2 11.313349
11.2 11.172776
13.200015 13.01298
14.40103 12.741681
11.8 11.797881
12.699998 11.985675
11.1 11.118858
11.8 11.776071
11.400001 11.468055
11.3 11.376637
10.598941 10.763872
11.3 11.382238
12.299998 12.4642725
12.299998 11.947367
11.999998 11.82279
13.699981 13.577498
10.224938 9.907848
10.622879 10.396484
11.8 11.899822
11.8 11.924781
11.40103 11.524627
11.803335 12.216339
11.1 11.788113
12.1 12.085585
11.2 11.392899
11.900001 11.927963
11.1 11.087643
11.900001 11.875465
11.599999 11.843114
11.7 11.801925
11.7 11.742836
11.599999 11.625452
12.668636 13.004328
12.299998 12.193416
11.599999 11.59533
11.599999 11.682333
11.8 11.431621
11.1 11.23225
11.3 11.245746
12.821246 11.642625
11.900001 11.378147
12.299998 12.45182
11.5 11.431309
11.900001 11.861288
11.2 11.277701
11.2 11.181175
11.3 11.295414
11.900001 11.897703
11.400001 11.319946
11.2 11.332776
15.1 14.303295
11.999998 11.889497
11.2 11.351586
11.3 11.590144
11.2 11.413667
11.8 11.872934
13.600039 13.313562
13.500008 13.021752
11.2 11.135803
11.1 11.046317
11.2 11.245972
11.3 11.243453
11.222634 11.217584
11.1 11.152309
11.1 11.078464
13.000009 12.836949
12.196367 11.772488
13.307609 13.611631
11.1 11.39674
12.1 11.918618
11.599999 11.588495
11.7 11.612836
11.3 11.297205
11.1 11.134152
11.3 11.298502
12.499997 13.152141
11.3 11.244199
11.599999 11.572491
11.599999 11.625904
11.1 11.189377
11.900001 11.920496
10.70206 10.755822
11.1 11.125429
11.5 11.758241
11.2 11.193199
11.2 11.233909
11.900001 11.878624
13.1 12.536768
11.900001 12.268198
11.392207 10.938479
11.5 11.479073
10.70206 10.626392
12.699998 12.2246895
11.7 11.78251
11.900001 12.816326
13.000009 13.493368
11.599999 11.659043
11.2 11.352367
11.3 11.301045
11.400001 11.419412
11.2 11.433961
11.400001 11.4039755
11.953872 11.992249
12.299998 11.925484
15.200179 14.975168
11.1 11.0168295
11.1 11.090013
11.622879 11.8471155
11.400001 11.531075
11.3 11.27108
11.3 11.635588
11.7 11.707645
11.2 11.377111
11.400001 11.419536
11.8 11.724897
11.8 11.694524
10.8 10.687714
11.8 11.778495
11.8 11.805829
12.299998 11.959989
13.000009 12.696412
11.2 11.35603
11.8 11.713624
11.1 11.421499
10.622879 10.869044
13.000009 12.696922
11.2 11.198016
11.900001 12.003852
12.415514 11.881225
11.8 11.404532
11.900001 11.980559
11.3 11.306262
12.19691 11.893602
11.3 11.585051
11.900001 11.89526
13.500008 13.033465
13.399989 12.7978735
10.622879 10.693007
12.1 11.438771
13.899971 12.763554
11.8 11.788722
11.1 11.495494
11.599999 11.309433
11.599999 11.428945
11.999998 11.588636
11.900001 11.753819
13.299971 12.4377365
11.2 11.247982
12.1 11.874731
13.399989 12.906777
12.299998 12.950077
11.5 12.084946
11.1 11.150904
12.699998 13.132318
11.2 11.315931
11.3 12.812479
11.1 11.226154
11.1 11.32659
11.5 12.019935
11.8 11.950265
11.599999 11.36244
11.794648 12.00293
11.5 10.979425
11.7 11.568227
11.1 11.067276
11.7 11.692302
13.999974 12.852023
11.400001 11.301636
13.699981 13.061695
10.1 9.741064
13.800057 14.047512
10.1 10.147997
12.799992 13.080597
11.7 11.6852255
11.3 11.253659
12.899998 11.803307
11.999998 12.029979
11.900001 11.890423
11.900001 11.776471
12.399998 12.615605
11.7 11.933527
11.8 11.79787
11.1 11.385187
11.1 11.304124
11.8 11.852617
11.2 11.373356
11.8 11.810719
11.8 11.8836155
11.400001 11.152954
11.599999 12.259542
11.599999 10.985146
12.299998 13.394074
12.499997 11.698338
13.999974 13.206994
11.1 11.257979
11.5 11.407118
11.8 11.798191
11.599999 11.66598
11.2 11.328421
11.999998 12.042489
11.8 11.82997
11.8 11.890466
11.7 11.643062
11.3 11.393357
10.516801 10.380516
11.5 11.622453
11.599999 11.392869
11.1 11.431829
11.2 11.346274
13.600039 11.614357
11.900001 11.786143
11.599999 11.667644
11.900001 11.859896
9.978481 9.692191
11.599999 11.641026
11.1 11.245663
11.3 11.799118
11.1 11.124125
13.500008 12.767018
11.599999 11.740912
9.79897 9.541523
11.900001 11.822533
12.1 11.913855
11.8 11.830199
11.3 11.316906
11.599999 11.877571
11.900001 11.888375
11.7 11.751661
12.299998 12.896583
11.400001 11.393116
13.555932 12.120642
12.899998 12.974878
11.2 11.258909
11.8 11.818747
10.5 11.31562
11.2 11.386456
12.299998 12.056988
11.1 11.163324
11.900001 11.82869
12.1 12.159774
11.520216 11.28573
11.1 11.2299
13.299971 12.54724
11.5 11.546828
11.8 11.845246
11.3 11.493351
11.1 11.756606
11.900001 12.181292
11.1 10.982374
10.1 10.781908
11.2 11.352649
11.3 11.398429
11.900001 12.255595
12.499997 11.775443
11.2 11.2964
11.2 11.491144
11.3 11.956078
11.999998 12.000524
11.900001 11.716617
14.200179 13.937069
11.999998 12.053953
13.321849 13.226826
11.5 11.5849285
12.1 11.488534
11.2 11.565419
11.8 11.93691
11.900001 11.91183
11.2 11.23199
11.2 11.278853
13.699981 13.36483
12.031815 11.757426
11.400001 11.522915
11.2 11.417747
11.1 11.6786585
11.900001 11.764884
11.49794 12.036879
11.2 11.222576
11.999998 11.756595
11.599999 11.346302
11.2 11.298199
11.8 11.966261
11.8 11.804021
11.7 11.716674
11.622879 11.232142
12.799992 12.515685
11.999998 11.917525
12.199999 11.622066
11.7 11.553706
12.299998 12.042872
11.867003 11.523551
10.3 10.498198
12.1 12.732982
11.2 11.248719
11.1 11.5041685
13.800057 13.305519
11.900001 11.859263
12.699998 11.858913
11.2 11.219217
11.5 11.520925
11.1 11.441139
11.900001 11.852429
11.2 11.207434
11.900001 11.890113
9.79897 10.614169
12.299998 12.191612
11.2 11.268757
11.2 11.220564
11.1 11.071209
11.999998 12.090508
12.599997 11.449095
11.8 11.755194
11.2 11.150993
11.5 11.556908
11.900001 11.916185
11.599999 11.918013
11.900001 11.921983
11.900001 11.732106
11.5 11.587117
11.3 11.228672
12.899998 12.989915
11.1 11.27835
11.1 11.272076
11.2 11.1432905
11.2 11.308584
11.599999 11.824671
12.1 12.273901
11.3 11.437111
9.79897 9.620155
13.321849 13.289098
11.8 11.468744
11.900001 11.928762
11.900001 11.874617
14.200179 12.781258
11.1 11.112277
11.2 11.358625
11.1 11.080153
11.900001 11.881489
11.2 11.318779
11.1 11.26944
9.1 9.301028
11.1 11.137255
11.8 11.802995
12.199999 12.178409
11.5 11.644331
11.900001 11.812808
11.999998 11.850487
11.1 11.617942
11.3 11.2612915
11.3 11.251231
11.7 11.822053
10.40103 10.585468
11.599999 11.60003
11.1 11.198604
11.2 11.321631
13.1 13.474421
11.400001 11.694546
13.299971 12.462024
11.79897 11.232927
11.2 11.3905735
13.046922 12.712924
11.400001 11.382302
11.900001 11.799834
13.1 12.273682
11.1 11.031221
12.899998 12.452646
11.2 11.19801
11.5 11.463044
11.599999 11.567298
11.5 11.587276
11.900001 11.856229
11.2 11.396935
11.599999 11.508933
11.3 11.329595
11.3 11.379222
11.8 11.813525
11.599999 11.752636
11.8 11.614176
11.3 11.44866
12.1 12.29636
11.2 11.201431
11.900001 11.882898
11.2 11.219917
11.3 11.369987
10.622879 10.56197
11.5 11.350528
10.1 10.363589
11.1 11.159747
12.199999 11.466074
11.1 11.234551
11.5 11.5788355
11.5 11.409629
11.3 11.538428
11.999998 11.920097
11.999998 11.9333725
11.900001 11.848879
11.3 11.301719
11.1 11.399976
11.900001 11.742918
9.49794 9.595988
12.622879 12.451463
13.800057 13.131907
11.999998 12.902249
11.900001 11.514013
11.400001 11.418761
11.900001 11.44351
12.675118 12.198082
11.8 11.537946
11.8 11.804575
13.000009 12.602509
11.1 11.154579
10.581676 10.720107
12.299998 12.606213
11.400001 11.484191
12.199999 11.948066
11.1 11.177808
11.900001 11.918701
11.7 11.36415
10.9 10.285587
12.699998 11.739429
11.1 11.292082
11.1 11.179702
11.599999 11.63663
11.900001 11.8671465
11.1 10.983737
11.2 11.269934
13.1 13.372841
11.8 11.736311
11.900001 11.8282175
12.599997 12.061544
11.1 11.086543
12.299998 12.209792
12.1 12.044954
11.7 11.869825
11.2 11.407579
11.1 11.179979
14.200179 14.835455
12.466532 13.373819
11.102177 12.458427
11.3 11.250016
11.999998 11.605993
11.8 11.462163
11.3 11.497981
11.3 11.2502365
11.7 12.421295
11.8 11.854191
11.2 11.22363
10.7 10.5365505
11.599999 11.479921
13.399989 13.577077
11.999998 11.957388
11.25 11.273073
12.299998 12.239093
11.900001 11.903184
11.2 11.239946
12.1 11.815021
11.5 11.579432
11.900001 11.946121
11.2 12.220178
11.668636 11.69311
11.5 11.708827
11.2 11.199542
12.1 12.084791
12.899998 12.192436
11.8 11.79373
11.118531 11.22707
11.006578 11.614215
11.5 11.524409
11.999998 11.7471285
14.1 12.578446
13.200015 13.822556
10.40103 10.407528
11.3 11.30673
11.8 11.889479
11.2 11.22568
12.418758 12.666708
12.799992 12.222421
10.794648 11.160072
11.1 11.1650505
11.900001 11.904694
12.79897 13.415306
10.70206 10.664394
11.400001 11.9528675
11.2 11.15649
11.999998 11.880847
11.1 11.122722
12.699998 11.963364
10.70206 10.725046
14.500117 14.468015
11.2 11.215756
11.900001 11.883666
11.5 11.965301
11.5 11.679431
13.219187 12.580091
12.370835 12.774662
11.2 11.259506
11.400001 11.447772
11.900001 11.959697
13.321849 12.945534
11.599999 11.60007
12.1 12.06406
11.2 11.470882
11.400001 11.644044
10.1 11.175139
12.899998 12.138724
11.2 11.323144
11.1 11.265545
11.7 11.755511
11.8 11.783591
11.400001 11.41752
12.799992 12.6928425
11.400001 11.655491
11.400001 11.846748
11.599999 11.5468645
11.2 11.452539
10.2 10.033056
11.900001 11.889127
11.900001 11.925935
11.7 11.536194
10.1 10.724062
11.1 11.264384
11.2 11.2177105
10.40103 10.821078
11.5 11.821001
11.2 11.332195
11.8 11.779739
11.3 11.371867
11.599999 11.1987095
11.3 11.214654
14.1 14.404146
11.8 11.827221
11.900001 11.910179
10.2 10.765718
12.499997 12.553022
14.757577 14.739726
11.59485 11.615299
11.599999 11.6004505
11.3 11.269055
10.29382 10.28887
11.3 11.414624
11.1 10.90322
11.1 11.147856
11.999998 11.933646
11.1 11.214665
11.1 11.173748
11.900001 11.939012
11.599999 11.582978
11.2 11.262038
14.314671 12.435551
11.2 11.335963
11.400001 11.25883
11.1 11.176887
12.599997 13.452446
11.1 11.276086
9.622879 9.881044
11.900001 11.922044
13.1 12.050694
11.900001 11.860731
11.8 11.802384
11.2 11.297134
11.7 11.768195
11.7 11.5660515
11.3 11.40962
11.1 11.256329
11.7 11.859229
9.79897 9.635325
11.900001 11.886523
11.8 11.80471
11.2 11.27744
11.1 11.253864
14.299971 13.77631
11.599999 11.596752
11.5 11.385947
11.599999 11.552881
11.1 11.085603
12.010095 11.924477
11.1 11.200693
11.599999 11.645303
11.3 11.423668
11.8 11.734568
11.1 11.034289
12.099998 11.46384
10.7 11.3420925
12.799992 12.209374
11.19691 10.937303
11.2 11.237428
11.7 12.178031
13.399989 12.161278
13.399989 13.500557
11.8 12.342718
11.2 11.176142
11.400001 11.606462
11.400001 11.433514
11.900001 11.94253
11.2 11.181169
11.2 11.373671
12.299998 11.860717
12.199999 11.903482
11.3 11.432254
12.499997 12.381616
11.3 11.404368
11.999998 11.667748
11.1 11.089899
12.1 11.821415
11.2 11.1323805
11.999998 11.96172
11.999998 11.904004
11.3 11.578947
11.2 11.419288
11.8 11.806837
13.299971 13.214048
11.7 11.977684
11.5 11.515135
11.2 11.453003
12.1 10.933767
11.140959 11.733634
11.7 11.683578
13.550023 12.522437
14.79897 15.020018
11.5 11.714774
11.3 11.3368
11.8 11.819589
11.1 11.117284
9.79897 9.641325
12.499997 12.430299
11.5 11.72888
11.7 12.113553
11.599999 11.588506
11.1 11.093869
10.70206 10.648552
11.900001 11.588065
11.456548 10.936662
11.3 11.739296
12.058607 12.578661
11.900001 11.915792
11.3 11.488576
11.2 11.34945
13.899971 14.21516
11.2 11.2289295
11.2 11.25561
11.3 11.510544
10.622879 10.4684305
11.2 11.38165
11.1 11.185442
11.2 11.286372
10.70206 10.733045
11.900001 11.902569
11.900001 11.850431
10.89588 10.846578
11.1 11.381927
11.400001 11.733798
11.8 11.998928
11.900001 12.0383625
11.2 11.545293
11.404665 11.292196
11.2 11.220936
11.8 11.26687
13.699981 12.747606
11.2 11.404314
13.236677 13.269235
11.2 11.215885
12.299998 11.938601
11.7 12.284323
12.799992 11.777173
11.2 11.245263
11.389741 11.478686
12.622879 11.991636
11.999998 11.95579
11.1 11.117004
14.719789 14.858719
11.3 11.398312
13.000009 12.906366
11.3 11.453596
12.685027 12.770331
12.499997 12.489988
11.900001 11.786025
11.3 11.338269
11.400001 11.445134
11.8 11.697319
11.8 12.15621
11.2 11.453118
11.900001 11.826507
11.900001 11.854765
13.699981 12.82984
11.7 11.84596
10.622879 10.537691
11.400001 11.459039
11.7 11.751736
11.7 11.813174
11.7 11.872007
10.4 9.934937
13.699981 14.564947
12.1 11.9095335
11.7 11.781688
11.900001 11.740077
11.5 11.483137
11.999998 11.91879
13.533231 13.345007
10.622879 10.524542
11.3 11.591499
11.1 11.027456
12.799992 11.915142
9.79897 9.715268
11.1 11.115002
11.3 11.452695
11.900001 11.91008
11.7 11.882972
11.900001 11.733871
11.900001 11.81563
11.1 10.853984
11.999998 11.837621
11.1 11.110909
11.2 11.17742
11.3 11.391873
13.299971 12.510401
11.2 11.26031
11.3 11.338399
11.3 11.1145735
11.900001 11.974387
11.7 11.601628
12.399998 11.678079
11.400001 11.860069
11.7 11.792113
11.400001 11.417293
13.000009 12.769003
12.499997 13.348614
13.000009 13.44424
11.2 11.295452
12.1 11.66676
12.599997 12.393746
11.900001 11.889532
11.1 11.146785
11.12 11.067241
11.8 11.841791
11.3 11.395335
11.2 11.867656
11.622879 10.9794855
11.900001 11.399075
11.3 11.25568
11.1 10.944003
11.2 11.287004
12.115923 11.812261
12.429754 11.653804
14.200179 12.606197
11.599999 11.614558
11.5 11.526658
11.2 11.335765
11.2 11.2283745
13.500008 12.710311
11.8 11.537523
11.5 12.33374
11.5 11.495396
11.400001 11.62596
11.8 11.930519
11.3 12.239048
11.3 11.334157
11.8 11.801055
9.79897 10.081692
11.3 11.185446
11.8 11.804087
11.8 12.961981
11.900001 11.867198
11.900001 11.821652
11.2 11.213664
11.242667 11.005563
11.2 11.210134
11.400001 11.479294
10.4 10.1805935
12.599997 12.573985
10.4 10.407398
12.1 11.793006
11.2 11.329535
13.399989 12.6631565
11.7 12.8113365
11.19691 11.403491
12.899998 12.305816
11.5 11.832341
11.2 11.342845
10.70206 10.737164
11.900001 11.899364
12.199999 12.137822
11.2 11.246508
11.2 11.354429
11.400001 11.412207
11.599999 11.626983
11.5 11.209805
13.000009 12.251206
11.599999 11.580213
11.900001 11.736304
11.2 11.296142
13.299971 12.642292
11.3 11.313794
11.599999 11.712617
11.2 11.285533
11.7 11.862266
13.1 13.236756
11.8 11.575185
11.3 11.443286
11.058607 10.6978035
11.400001 11.868782
11.2 11.339895
12.599997 11.936605
11.599999 11.817111
11.5 11.703861
11.2 11.389446
11.2 11.076793
11.3 11.48051
11.7 11.621101
11.1 11.142443
11.1 11.116664
11.5 12.108563
11.2 11.172672
11.2 11.350121
12.199999 11.798969
11.2 11.376017
11.8 11.937904
11.8 11.745497
12.1 12.742757
11.7 11.792328
11.5 11.537038
11.400001 11.305475
11.8 11.806577
11.7 11.469562
13.500008 14.974053
11.5 11.692725
11.599999 11.74706
11.2 11.249586
12.738272 11.517995
11.1 11.128906
11.7 11.779781
11.900001 11.585174
11.999998 11.964245
11.900001 11.8517065
13.699981 12.423317
11.3 11.397089
11.7 11.737406
12.1 11.885364
11.8 11.893963
12.1 12.090417
11.8 11.879325
11.1 11.142595
11.2139435 11.419274
11.900001 11.966893
11.900001 11.986329
13.261151 12.3529005
11.5 12.572868
11.900001 11.867827
10.7 10.843609
11.8 11.894759
14.200179 13.809177
12.699998 12.386491
10.4 10.58296
11.5 11.582986
11.5 11.541389
11.3 11.44022
13.600039 11.299535
11.923909 12.273662
11.3 11.350211
11.1 11.037885
11.79897 12.284895
12.899998 12.390903
11.3 11.208952
11.2 11.239124
11.2 11.245174
13.850844 13.419347
9.79897 9.572396
11.7 11.867854
11.400001 11.467666
11.900001 11.896469
11.520216 10.350332
11.900001 11.842068
11.5 11.50766
11.900001 11.853316
11.2 11.314912
11.900001 11.921182
11.5 11.563603
12.399998 11.744229
11.900001 12.195901
11.400001 11.724712
11.7 11.661492
12.299998 12.299032
11.5 11.359777
11.400001 11.344874
12.799992 11.801057
11.400001 11.470048
11.599999 11.67878
11.2 11.199314
11.1 11.187715
12.499997 12.273077
11.900001 11.43996
11.900001 11.896682
11.400001 11.786604
11.900001 11.949367
12.699998 12.327288
11.40103 11.232199
11.2 11.205608
10.618988 10.342529
11.1 11.264013
11.400001 11.13551
13.321849 12.9509115
11.8 11.819574
12.299998 12.373672
11.8 11.793599
11.2 11.214907
11.1 11.144884
11.599999 11.664456
12.299998 12.035938
14.1 14.650176
11.999998 11.933848
11.599999 11.429908
11.599999 11.8590975
11.7 11.771122
11.400001 11.542727
11.999998 12.100792
12.1 11.42264
12.799992 12.002588
11.8 11.821164
10.40103 10.11565
11.599999 11.704784
11.5 11.521916
11.8 11.872671
11.1 11.172852
12.899998 12.317271
12.1 11.986772
11.3 11.224962
11.599999 11.54882
11.900001 11.812573
11.5 11.692258
11.3 11.395264
11.999998 11.894559
11.7 11.725206
11.1 11.149747
11.2 11.376011
13.719789 13.012991
11.999998 12.218457
12.199999 11.969668
11.8 11.780882
11.400001 11.339479
11.8 11.765681
11.3 11.419612
11.2 11.223261
11.5 12.463486
11.1 11.284926
11.900001 11.816287
13.1 11.652109
10.40103 10.553303
10.1 9.976359
11.5 11.572393
11.1 11.0437565
11.8 11.870448
11.999998 11.904897
11.999998 11.884912
10.1 10.203123
10.9 10.650322
12.1 11.597498
11.1 11.310225
11.599999 11.504515
11.8 11.704018
11.2 11.106856
11.2 11.2819195
11.599999 11.70565
11.400001 11.472407
11.2 11.289714
11.599999 11.693566
11.1 11.87692
11.3 11.588569
11.900001 11.780803
11.599999 11.635618
11.999998 11.972786
11.999998 11.96769
11.1 11.134363
11.599999 11.687251
13.000009 11.751941
13.699981 13.661813
14.400163 13.422185
11.5 11.61657
11.5 11.713214
11.8 11.686207
11.5 11.61127
11.599999 11.394525
11.5 11.35174
12.199999 11.675262
10.49794 10.532194
11.400001 11.617577
11.900001 11.447648
11.5 11.51902
11.900001 11.835544
11.900001 11.998002
11.999998 12.398497
12.1 11.848374
11.400001 11.444484
10.70206 11.104911
11.516017 11.3706455
11.3 11.509105
11.2 11.373278
11.2 11.237012
13.200015 12.673551
11.900001 11.920892
11.900001 11.95512
11.599999 12.022277
11.599999 11.639241
11.1 11.128956
11.3 11.558368
11.599999 11.552222
11.5 11.652042
12.799992 11.949758
14.299971 13.5977
11.400001 11.50736
11.5 11.554667
12.1 11.449541
11.1 11.133345
11.5 11.610164
11.3 11.565113
11.3 11.486111
11.2 11.218067
11.528291 11.307703
11.1 11.041781
12.199999 12.374477
11.2 11.226362
11.1 11.147333
11.3 11.4732
11.3 11.3575535
11.3 11.529319
11.900001 11.821783
10.622879 10.729578
11.400001 11.279651
12.899998 12.962218
11.5 11.576793
11.1 10.752836
11.5 11.3031845
13.1 12.51114
11.900001 11.815457
11.7 11.6861515
11.5 11.330336
11.2 11.179621
11.900001 11.840406
11.2 11.317727
11.599999 11.265445
11.2 11.329167
11.900001 11.872547
11.1 10.837731
11.599999 11.834093
11.5 11.508806
10.70206 10.762883
11.2 11.232046
11.3 11.325266
13.399989 13.622281
13.1 12.712263
12.399998 11.643032
11.900001 11.856123
12.699998 13.079561
11.5 11.543963
11.321849 11.400709
11.1 11.182653
11.900001 11.712143
12.399998 11.752934
9.986056 9.638781
11.599999 11.89141
10.40103 10.664932
11.3 11.706574
11.2 11.208215
11.2 11.3393345
11.8 11.79869
11.1 11.545295
11.900001 11.9524355
11.900001 11.935846
11.7 11.74331
11.999998 11.815501
11.2 11.400703
11.8 11.754408
13.200015 12.516881
11.1 11.419731
13.738272 13.544515
11.2 11.261666
11.400001 11.5331
10.56401 10.810039
11.1 11.213995
11.900001 11.877038
12.4372425 12.888342
11.2 11.232168
11.5 11.5556755
11.5 11.610917
11.900001 11.709116
11.599999 11.638819
11.1 11.426975
11.5 11.624973
11.7 11.320267
11.2 11.311781
11.900001 11.936067
11.599999 11.826839
11.2 11.141839
11.400001 11.508089
12.499997 11.970959
10.7 10.510308
11.8 11.847319
13.399989 12.595456
13.200015 13.859617
11.900001 11.863594
11.7 11.754065
11.900001 11.865161
11.2 11.2205105
11.7 11.892397
11.2 11.339904
12.814443 12.191303
11.999998 11.887165
11.5 11.970543
11.1 11.252923
11.903272 11.948561
11.5 11.576579
11.400001 11.446202
11.1 11.563814
11.3 11.340033
11.5 11.622577
11.204387 11.359738
10.1 10.769929
14.1 14.096199
11.400001 11.591105
12.699998 13.230365
13.000009 12.786312
11.5 11.631383
11.5 11.612488
11.2 11.264267
11.400001 12.272601
11.5 11.548874
11.900001 11.834579
11.3 11.529844
11.900001 11.90995
11.2 11.349489
11.1 11.086128
11.599999 11.733543
11.108774 11.084499
11.2 11.342648
11.8 11.880463
11.999998 12.79623
10.1 10.12983
11.900001 12.120504
12.899998 13.475781
11.5 11.652837
11.2 11.620314
11.3 11.443689
12.299998 11.835344
11.3 11.905903
10.2 10.22493
11.8 12.082371
11.900001 11.957055
11.2 11.287317
11.8 11.892341
11.599999 11.965766
11.2 11.405735
11.2 11.542259
12.199999 11.53224
13.000009 12.280994
11.2 11.384063
11.2 11.232194
11.7 11.420939
11.900001 11.859897
11.2 12.640528
11.1 11.09502
11.900001 11.74649
11.2 11.221896
11.2 11.362985
13.299971 13.200754
11.7 12.147835
11.7 11.520385
12.499997 12.824294
11.7 11.685208
11.2 11.677753
11.7 11.759318
14.700326 13.842588
10.622879 10.542067
11.3 11.269546
13.1 12.122583
11.900001 11.72422
13.800057 12.79981
12.199999 11.797682
11.5 11.948101
11.3 11.251363
11.5 11.679735
11.2 11.779097
11.999998 11.47499
11.2 11.593561
11.599999 11.522062
11.8 11.775037
11.40103 11.860422
11.1 11.133331
13.200015 13.925526
13.899971 13.217872
11.5 11.996496
11.321849 11.456783
12.399998 11.913621
13.138838 12.340015
9.668636 9.460775
12.668636 13.281966
11.2 11.224983
13.200015 12.462445
11.8 11.839044
11.1 11.106012
11.5 11.545156
11.2 11.314115
10.622879 11.577025
12.599997 14.445635
14.8447275 14.7038765
11.5 11.902518
12.199999 11.898567
13.299971 11.87598
11.1 11.113747
11.290441 10.773133
11.599999 11.536675
12.199999 11.615874
11.900001 12.050374
11.7 11.716079
13.299971 12.407487
11.5 11.504384
12.499997 11.974681
11.1 11.095501
11.2 11.239973
11.400001 11.396724
11.5 12.469576
12.899998 12.828666
11.999998 11.9006815
14.500117 13.342817
12.199999 11.5516615
12.1 11.035835
11.7 11.736998
11.5 11.822833
11.1 11.198631
12.599997 12.469893
11.1 11.462249
13.800057 13.168932
11.2 11.231892
11.900001 11.89806
11.599999 11.59015
11.7 11.3618555
12.799992 11.583587
14.1 12.252018
11.3 11.43353
11.1 12.697916
11.7 11.618819
11.2 11.232761
12.499997 12.075325
14.256437 12.886478
11.8 12.113062
11.599999 11.701116
11.8 12.189033
12.599997 12.346566
10.49794 10.665607
12.299998 11.527909
11.2 11.194843
11.2 11.1589575
11.2 11.374543
13.000009 11.839917
12.399998 12.063501
11.2 11.425581
10.3 10.138887
11.2 11.312601
12.79897 11.778307
11.7 12.004945
11.900001 11.89214
12.499997 12.073347
11.400001 11.421702
11.3 11.055523
11.400001 11.414974
12.699998 11.499566
11.3 11.4179125
11.5 11.470328
11.900001 11.854882
11.1 11.033225
11.900001 11.835968
11.7 12.035629
11.599999 11.60137
14.700326 13.876492
11.2 11.35462
11.900001 11.848237
11.7 11.730315
12.149998 11.646505
10.9 10.979321
11.5 11.53863
11.49794 11.839948
14.1 14.117068
11.7 12.15982
10.40103 10.109379
11.5 11.565715
11.3 11.850584
11.900001 11.885215
12.799992 12.982118
12.379841 10.416988
11.900001 11.856015
11.8 11.723108
11.1 11.119676
11.2 11.305496
11.2 11.223738
11.2 11.604677
10.5 10.537068
11.900001 11.898359
13.000009 13.284494
13.800057 12.866398
10.738272 10.726242
13.600039 13.658184
11.599999 11.677197
11.2 11.226203
11.5 11.484615
11.400001 11.373619
11.7 14.084917
11.5 11.781238
11.1 11.170665
12.899998 12.218558
11.400001 11.118563
13.800057 12.590562
11.1 11.052231
12.699998 13.145203
11.900001 12.208245
13.600039 13.37623
11.3 11.469197
11.400001 11.383597
13.699981 13.716152
12.299998 12.392138
12.020819 11.613173
11.1 11.269176
13.500008 13.8621435
14.1 14.137118
11.2 11.260705
11.5 11.48281
11.2 11.380945
11.2 11.266893
11.200007 10.980026
13.1 13.626119
11.8 11.707028
11.2 11.256768
14.151198 13.363555
11.7 11.739236
11.1 11.212084
11.8 11.841267
11.2 11.132062
13.000009 12.578037
10.555932 11.0188
11.2 11.184536
11.2 11.503033
11.5 11.354663
11.8 11.790809
11.400001 11.377759
11.599999 11.719353
11.2 11.229927
11.2 11.369844
11.400001 11.377863
11.999998 11.968228
10.5 10.832909
11.8 11.802159
10.622879 10.51241
11.3 11.797592
11.900001 11.852039
10.19691 10.286292
11.2 11.246348
10.637602 10.530735
11.2 11.161929
11.999998 12.043049
11.8 11.754076
12.199999 12.220779
11.5 11.424763
11.999998 11.953639
11.1 11.054487
11.3 11.470411
11.106564 11.5050745
11.1 11.06924
11.3 11.361035
11.3 11.415316
12.15 11.652627
11.1 11.1414585
11.999998 11.974392
11.400001 11.553713
11.3 11.511948
10.622879 10.444027
11.5 11.361707
11.3 11.283611
11.8 11.832065
11.900001 11.935295
12.986056 13.391063
10.2 10.465599
11.900001 11.81995
11.2 11.321161
11.1 11.120669
10.4 10.475114
11.7 11.525159
11.7 11.767029
11.2 11.197693
11.2 11.291353
11.3 11.815813
11.3 11.407532
11.599999 11.673306
11.1 11.166863
11.5 11.504376
13.200015 11.666732
11.881984 11.883251
11.8 11.778624
11.7 11.667555
11.7 11.537468
13.399989 12.87568
11.599999 11.678472
11.2 11.264418
11.8 11.770528
11.400001 11.373353
11.999998 11.289334
12.799992 12.027734
10.70206 10.710698
10.1 10.543023
12.799992 13.498306
11.900001 11.85539
11.8 11.798979
13.899971 12.416368
10.70206 10.234011
11.999998 11.953439
11.3 11.322036
13.500008 13.165292
11.400001 11.356567
11.2 11.563834
11.900001 11.824977
11.3 11.217989
11.1 11.140116
11.1 11.13099
11.900001 11.894951
12.599997 11.940153
11.3 11.365419
11.8 11.778253
10.7 10.316133
11.900001 11.945616
11.3 11.639447
11.599999 11.520287
10.4 10.5987
11.5 11.4885645
11.2 11.311561
11.900001 11.830212
11.599999 11.631569
12.599997 12.233893
11.655955 11.394775
11.599999 11.592429
11.1 11.164783
11.5 11.685321
11.5 12.412838
11.1 11.100173
11.2 11.255208
11.400001 11.644136
11.2 11.61755
14.500117 12.984064
11.900001 11.83846
13.4372425 13.511353
11.599999 12.001532
13.1 13.429838
11.2 11.377037
12.199999 12.863564
12.499997 12.231475
13.000009 12.850402
11.3 11.459527
12.136212 11.860813
11.5 11.43846
11.5 11.96094
11.5 11.604021
13.500008 13.458176
11.900001 11.84014
12.1 11.529261
11.400001 11.122659
11.599999 11.606516
11.2 11.318597
11.3 11.33629
14.901343 13.046574
11.1 11.521755
9.893174 9.787519
11.7 11.547714
11.900001 11.906905
11.599999 11.320613
11.2 11.246429
11.8 11.785707
11.8 11.876963
12.199999 12.053316
11.1 11.283207
11.7 11.886632
11.7 11.737238
11.900001 12.389286
11.2 11.311407
13.299971 13.148911
11.1 11.315677
11.2 11.136939
11.599999 11.656241
11.8 11.760502
11.999998 11.863177
11.3 11.482112
9.622879 9.9238
11.7 11.728537
11.5 11.581089
10.336572 10.404964
12.299998 12.128634
10.775512 10.670079
11.599999 11.465545
11.900001 11.780387
10.7 10.902003
12.199999 11.584432
11.1 11.183207
11.5 11.659082
14.901343 14.448614
12.599997 12.149159
11.3 11.444236
11.2 11.328135
11.8 11.801777
11.8 11.814728
11.5 11.51065
11.8 11.808733
12.199999 12.147172
12.172629 11.915174
11.900001 11.709945
11.599999 11.637021
12.899998 12.9536295
12.299998 12.084127
11.400001 11.50463
11.1 11.208552
11.400001 12.025402
11.7 11.742557
11.599999 11.670368
11.8 11.879714
13.108774 12.499253
11.5 11.469947
15.299971 15.913776
12.769587 13.100315
12.399998 11.7390175
13.399989 12.756585
12.19691 12.030033
11.5 11.520392
14.1 13.603385
13.899971 13.671564
12.020819 10.2760935
11.900001 11.812826
11.900001 11.918969
11.8 11.783557
10.224938 9.985631
11.2 11.373892
11.7 11.658038
11.7 11.764912
12.199999 12.087113
10.1 10.122421
10.2 10.153134
14.622879 13.92989
11.7 11.227328
11.3 11.399198
12.399998 11.865708
12.1 11.984854
10.1 10.177142
11.900001 11.90569
11.900001 11.902846
12.399998 12.317382
11.599999 11.585528
11.8 11.737095
13.000009 12.421607
12.89588 12.848911
11.5 11.429978
13.800057 13.713237
11.900001 11.745683
11.900001 11.90681
11.999998 11.212501
11.5 11.573664
11.2 11.19303
11.1 11.109362
11.900001 12.256808
11.8 11.840251
11.7 11.765499
11.7 12.0402155
12.699998 12.103045
11.599999 11.381977
11.1 11.241254
11.0 10.475524
11.543697 11.425084
11.3 11.573405
11.8 11.728412
11.5 11.782972
12.923909 12.667213
11.999998 12.247293
12.399998 12.087368
11.900001 11.864678
11.18831 10.740099
12.599997 11.971366
11.599999 11.96758
12.1 11.635025
11.400001 11.505041
11.5 11.648368
12.199999 11.956409
13.800057 13.089708
12.599997 11.792008
12.199999 13.117279
11.900001 11.869495
11.3 11.298099
11.3 11.332686
11.307609 11.250786
11.2 11.269011
11.400001 11.204783
10.3 10.243091
10.2 10.208402
11.2 11.262153
10.2 10.692093
11.2 11.314348
11.1 11.070717
13.1 12.339744
13.000009 12.740981
11.900001 11.886628
11.1 11.101133
11.8 11.948252
11.599999 11.665328
11.2 11.187317
12.1 11.910907
12.199999 11.928994
11.3 11.281324
14.299971 13.524974
11.1 11.162816
11.1 11.08676
11.5 11.514197
11.1 11.138185
11.2 11.294429
12.799992 11.799868
13.899971 13.30764
11.599999 11.65889
11.884776 11.799603
11.599999 11.726159
11.3 11.403081
11.1 11.222157
11.599999 11.612807
11.5 11.121003
14.155518 14.526817
11.2 11.226425
11.8 11.762005
11.1 11.217161
11.8 11.788407
11.2 11.237999
11.999998 11.663994
11.400001 11.4135275
11.5 11.578682
11.926936 11.807902
11.3 11.297297
11.7 11.348722
11.70206 11.724204
11.1 11.063043
11.1 11.072703
10.9 11.208453
11.40103 11.232595
11.599999 11.641921
14.1 13.24335
11.1 11.155386
12.599997 11.73181
11.900001 12.190522
11.900001 11.836911
11.900001 11.841774
11.2 11.241679
13.200015 13.2740135
11.0 10.961714
11.5 11.5571575
12.651294 12.678115
11.5 11.508442
10.8 11.62879
11.400001 11.580171
11.1 11.195282
11.599999 11.749071
12.299998 12.584727
11.8 11.807883
12.317528 12.011675
13.986056 13.44336
11.1 11.057251
12.299998 11.798526
11.2 11.439795
11.7 11.700205
11.2 11.18792
12.199999 12.034335
11.8 11.490423
11.8 11.79412
11.400001 11.253527
11.1 11.245174
11.5 11.507742
11.900001 11.962019
11.999998 12.009757
11.7 11.607173
11.1 11.286557
11.3 11.447724
11.2 11.170336
11.3 11.485666
11.400001 11.408151
10.5 10.904763
11.599999 11.451907
10.1 10.069871
10.1 10.152181
11.5 11.626709
13.399989 12.0606165
11.5 11.564252
11.7 11.604536
13.000009 12.449686
11.2 11.218697
11.1 11.18368
12.199999 11.313679
11.8 11.79911
11.599999 11.666408
12.199999 12.239728
11.2 11.2661705
11.599999 11.9236555
11.1 11.178723
11.5 11.698006
11.1 11.330439
11.1 11.573364
11.7 11.680459
11.1 11.174222
11.8 11.751939
11.1 11.215676
11.2 11.341825
10.70206 10.735921
11.96328 11.675736
13.500008 13.319971
11.900001 11.921416
11.2 11.157843
11.900001 11.903613
11.1 10.799446
12.299998 12.284393
12.199999 12.109695
11.1 11.03011
11.900001 11.763226
12.399998 13.025942
11.5 11.615989
11.999998 11.987258
12.399998 11.990698
11.2 11.442129
10.622879 10.635195
11.2 11.244435
11.1 11.238619
10.4 10.341433
11.8 11.777112
10.2 10.514162
11.900001 11.845147
14.299971 13.134499
11.7 11.7359295
11.999998 12.014198
11.2 11.176241
11.7 12.196257
11.3 11.433382
11.2 11.115654
11.400001 11.599328
11.8 11.984701
11.8 11.84945
10.79897 10.800636
11.3 11.480272
12.299998 12.036597
11.3 11.4390745
13.899971 13.384648
11.8 11.790394
10.6 10.708113
11.3 11.320728
11.400001 11.4211445
11.40103 11.378685
11.5 11.490974
10.3 10.199966
13.79897 13.985984
11.599999 11.626077
11.1 11.226892
11.2 11.679473
12.340956 12.016766
11.2 11.137012
11.8 11.657742
11.900001 11.920213
13.777781 14.087073
11.599999 11.782385
11.900001 11.762502
12.420272 12.014339
13.600039 12.012284
12.299998 12.114984
11.2 11.326984
11.400001 11.531026
12.872113 12.20047
11.1 11.141141
13.999974 13.232975
10.89588 10.804466
11.3 11.29991
11.2 11.413419
11.7 11.653063
11.2 11.480973
11.8 11.688138
13.500008 12.417964
11.1 11.478519
11.2 11.21073
12.199999 11.739369
11.900001 11.863792
11.1 10.976782
11.599999 11.662506
10.40103 10.711918
11.2 11.184457
13.600039 11.4723425
11.900001 11.887704
11.2 11.167679
11.8 11.9493475
11.2 11.493579
11.2 11.464456
11.2 11.296426
11.9680605 11.678222
11.7 11.725724
11.400001 11.6406145
11.1 10.999815
14.600313 14.638105
13.581486 13.858246
11.1 11.210018
10.555932 10.458933
11.2 11.581601
11.2 11.227762
10.759556 10.872231
11.2 11.300274
12.577556 12.3656025
11.8 11.794101
11.1 11.067093
11.599999 11.600322
12.899998 12.469748
13.399989 12.999608
11.40103 11.441281
11.1 11.16081
11.5 11.30793
11.2 11.292687
11.999998 12.318461
11.3 11.264118
11.1 11.075539
14.200179 13.667066
13.1 13.657543
11.622879 11.662114
11.900001 11.959582
11.900001 11.823035
11.900001 11.878314
15.1 14.558956
11.2 11.377822
11.2 11.317901
11.2 11.270924
11.1 11.320294
11.599999 11.551706
11.999998 12.14844
11.400001 11.610339
11.5 12.107493
11.1 10.965176
11.7 11.889331
11.900001 11.882685
13.1 12.925966
11.400001 11.494293
11.2 11.366798
11.7 11.725566
11.5 11.579364
11.1 11.072972
12.299998 12.094248
13.321849 11.47144
11.1 11.184702
11.900001 11.909224
11.7 11.609335
11.1 11.505169
11.7 11.638467
11.900001 11.769678
13.600039 12.017375
11.8 11.801253
11.900001 12.035014
10.2 10.3743515
12.299998 13.212259
11.400001 11.305484
12.299998 12.598951
11.5 11.609361
10.4 11.000495
12.199999 11.974353
11.8 12.248941
11.900001 11.895579
11.400001 11.809849
11.3 11.344418
11.3 11.329056
11.8 12.199027
12.399998 12.685053
10.7 11.27553
11.2 11.167831
11.8 11.845904
11.1 11.147633
11.5 11.532691
11.8 11.653472
12.1 11.962359
11.3 11.327414
11.599999 11.165198
11.2 11.197461
11.8 12.229912
11.8 13.136067
11.719789 11.115477
13.299971 11.197142
11.3 11.360881
11.1 11.050711
12.699998 12.953391
11.45 11.390698
11.668636 11.716502
13.40103 13.350953
11.900001 12.382554
11.1 11.101378
11.1 11.119619
12.899998 12.179804
11.2 11.168638
11.400001 11.711908
11.4335785 11.074151
11.1 11.336686
11.2 11.2822485
11.3 11.3080435
11.999998 12.086654
11.999998 12.067131
11.254902 14.407364
11.400001 11.401304
11.900001 11.8052
11.3 11.232252
11.65 11.448441
10.8 10.914104
12.799992 12.399342
11.2 11.539356
11.5 11.590509
11.999998 11.619961
11.400001 11.452184
11.900001 11.895658
11.2 11.200145
15.219187 14.770073
11.5 11.668621
10.622879 10.51881
11.2 11.171954
11.2 11.411943
11.3 11.350401
11.8 11.652906
11.7 11.772794
11.3 11.43362
10.40103 9.904993
11.599999 11.536781
11.3 11.204412
11.2 10.574263
11.400001 11.447234
12.1 11.733812
11.999998 11.921526
11.3 11.461521
11.900001 11.893
11.1 11.09627
11.2 11.35125
11.1 11.08796
14.500117 13.889095
11.400001 11.497509
11.5 11.537116
11.2 11.24129
11.3 11.296324
10.5 10.557898
11.5 11.575367
11.900001 11.922807
10.70206 10.684178
12.399998 11.782552
10.66225 11.388417
12.175721 11.449414
11.8 11.772076
14.299971 13.489766
11.599999 11.6050205
11.2 11.235068
11.5 11.7347145
11.900001 11.862112
12.599997 11.59849
11.3 11.484414
11.926936 11.982447
11.8 11.802641
13.299971 13.103565
11.599999 11.720639
11.5 11.381329
13.999974 13.605007
13.048454 13.20697
11.1 11.059034
11.3 11.48388
11.1 11.108826
11.3 11.359983
11.1 11.17589
12.1 11.904424
12.628708 12.712521
11.7 11.559664
11.7 11.53774
11.49794 11.491067
11.75 11.522618
11.900001 11.928009
11.8 11.832645
11.599999 11.610104
13.299971 13.668698
11.599999 11.724354
12.199999 11.995518
11.2 11.248303
11.8 11.813048
11.999998 11.86591
11.7 11.729655
11.2 11.160028
11.8 11.769608
11.400001 11.425413
11.599999 11.393606
11.1 11.078604
11.8 11.821787
11.8 11.503507
11.7 11.617233
14.500117 14.013723
11.2 11.244377
11.8 12.010737
11.900001 11.858323
12.112837 11.27802
12.199999 12.028706
11.1 11.779091
11.8 11.790516
11.49794 12.490078
11.3 11.334699
11.5 11.470551
11.3 11.264478
11.3 11.372921
11.3 11.275959
11.7 11.7460375
11.900001 11.408367
11.5 11.58651
11.3 11.285702
11.900001 11.959575
11.5 11.663257
12.899998 12.040528
11.5 11.557194
14.500117 14.17342
11.599999 11.805498
11.1 11.089104
13.600039 13.113206
11.1 11.09049
11.599999 11.720753
11.2 11.293338
11.5 11.568085
11.400001 11.458657
11.999998 11.766381
11.1 11.069061
13.738272 13.965069
11.7 11.601156
11.3 11.458316
11.3 11.6945915
11.599999 12.683352
13.200015 12.173922
11.1 11.209996
11.2 11.236736
12.685027 12.160424
11.900001 11.807248
11.7 10.719
11.5 11.543707
11.2 11.192414
11.900001 11.899658
11.8 11.796011
11.400001 11.451798
12.199999 12.122286
11.900001 11.591771
11.599999 11.659235
11.900001 11.77029
11.79897 11.984806
11.400001 11.45358
11.15 11.294892
11.400001 11.431506
12.028118 11.028691
12.299998 12.0404825
12.299998 12.425651
11.999998 11.994189
11.3 11.390973
10.622879 10.214933
11.2 11.473539
11.999998 11.64405
14.500117 13.667629
11.3 11.3659525
11.8 12.4405
11.3 11.726086
11.7 11.609208
11.900001 11.947794
11.2 11.189281
11.900001 11.885151
11.3 10.782704
12.399998 11.809555
12.299998 12.274187
11.5 11.436389
11.900001 11.769262
10.3 11.624472
10.49794 11.031959
11.900001 11.856387
11.1 11.229296
11.900001 11.892876
11.599999 11.709402
11.344125 11.69853
11.2 11.38498
11.400001 11.485839
11.5 11.682515
11.999998 11.9631605
11.400001 11.692976
11.400001 11.56649
12.6934595 13.5560875
11.3 11.432499
11.2 11.590521
11.400001 11.390834
11.1 11.401589
11.999998 11.844582
11.1 10.931618
11.2 11.243558
11.599999 11.896514
11.1 11.172486
11.5 11.637176
13.000009 12.316882
11.5 11.787344
11.1 11.24521
11.2 11.284756
13.600039 13.621361
11.8 12.239248
11.8 11.325483
10.70206 10.572672
13.1 11.855484
13.399989 13.150582
11.2 11.455519
11.3 11.874511
11.599999 11.586082
14.901343 14.5650835
11.7 11.404992
11.599999 12.234527
11.1 11.26795
11.2 11.168742
12.299998 12.282729
11.2 11.177954
11.2 11.280413
11.900001 11.896045
11.1 11.068076
11.1 11.144341
11.2 11.535446
12.699998 12.408796
11.999998 11.901722
11.900001 11.850733
14.100029 14.073045
11.2 11.445788
11.599999 11.762394
11.900001 11.817394
11.5 11.488281
11.2 11.447647
12.699998 12.617282
11.719789 11.52113
11.900001 11.906275
11.599999 11.43537
11.7 11.642704
13.000009 11.700512
13.600039 12.608299
11.999998 12.0041275
10.3 10.225193
12.199999 12.263443
11.2 11.314468
9.890485 9.813128
11.599999 11.881733
11.3 11.3736725
11.400001 11.3233185
11.5 12.243637
12.899998 12.155726
11.999998 12.116651
11.29382 11.367475
11.3 11.692862
12.299998 11.861973
11.175305 11.21251
12.599997 11.642558
11.3 11.37256
11.2 11.149324
10.1 9.851011
13.999974 13.779811
13.1 12.616106
11.5 11.372212
11.599999 11.639267
11.900001 12.200412
11.999998 12.001051
11.2 11.316373
11.1 11.13019
11.2 11.353734
11.3 11.330011
11.1 11.140888
11.356133 11.078523
11.1 11.095617
11.7 11.572259
12.499997 12.194335
11.1 11.011862
13.299971 12.839427
13.79897 13.718198
11.599999 11.435539
11.400001 11.409963
11.900001 11.820901
12.299998 11.822518
11.900001 11.946315
13.000009 12.879471
11.999998 11.987688
11.7 11.779899
11.3 11.447824
12.1 11.255224
11.1 11.105289
10.622879 10.458456
11.2 11.223921
13.1 12.181481
12.199999 11.759708
11.1 11.117674
14.49794 16.14847
11.2 11.229371
11.2 11.200318
11.8 11.824877
11.900001 11.859423
11.900001 11.895451
11.7 11.757357
11.8 12.793993
11.7 11.80019
13.000009 11.882258
12.499997 12.867
11.321849 10.855183
11.3 11.424809
12.899998 12.144632
11.599999 11.986179
11.5 11.602625
10.40103 10.859783
11.8 11.78503
11.999998 12.055425
12.799992 12.78685
11.7 12.122137
11.900001 11.935142
11.400001 11.42644
11.2 11.19706
11.2 11.278259
11.1 11.144493
11.7 11.795389
11.900001 11.753488
11.400001 11.566098
11.7 11.732137
11.900001 11.851744
11.999998 11.607662
12.899998 12.060928
11.8 12.135722
10.2 10.312248
11.3 11.333435
13.1 13.215533
12.199999 12.038916
12.46955 11.648838
10.5 11.375523
11.599999 11.56258
10.5 10.54457
11.1 11.076321
11.900001 11.860784
11.5 11.651765
13.600039 12.97612
11.3 11.313411
11.900001 11.598123
11.3 11.668137
11.1 11.131364
11.5 11.562404
12.899998 11.846687
11.2 11.373689
11.599999 11.756226
11.999998 11.737275
12.799992 12.480305
12.699998 13.2285385
11.1 11.435853
11.1 10.98107
11.1 11.0778885
11.1 10.650541
11.3 11.3250065
13.000009 12.710687
11.1 11.132258
11.8 11.953994
11.400001 11.561682
11.2 11.197852
11.999998 11.53889
11.7 11.651035
13.500008 13.143407
11.3 11.428355
11.999998 11.724603
11.8 11.939145
10.145758 9.948796
11.900001 11.453067
11.900001 11.734258
11.5 11.575177
10.7 11.037029
11.8 11.736271
11.900001 11.713686
11.2 11.333068
11.8 12.1217375
11.8 11.800837
11.400001 11.42598
11.999998 12.092764
12.6867 12.760009
11.900001 11.677746
11.1 11.455466
11.599999 11.607389
11.1 11.236887
12.599997 11.997223
11.2 11.187274
11.7 11.707304
12.899998 13.643948
12.199999 11.884903
11.2 11.268818
12.499997 12.455996
11.8 11.625968
11.1 11.215773
12.699998 11.568559
11.900001 11.863477
15.299971 15.174684
12.299998 12.340523
11.1 11.066038
11.999998 11.865148
11.8 11.697339
12.199999 11.946314
10.2 10.026425
10.3 10.475269
11.1 11.206427
13.81627 13.258638
10.5 10.321821
11.599999 11.343148
11.900001 11.644322
11.3 11.358464
11.2 11.249798
11.79897 12.005146
12.199999 12.177141
12.923909 10.918041
11.400001 11.495118
11.1 11.086119
11.1 11.058044
10.40103 10.712959
11.2 11.38263
11.3 11.379043
11.2 11.260445
11.8 11.4518585
13.800057 13.554081
12.199999 11.429688
11.900001 11.906115
10.2 10.320867
11.8 11.7824955
15.200179 15.739742
11.1 11.31813
11.1 11.035035
11.3 11.404366
11.400001 11.373806
11.2 11.248405
11.3 11.425383
11.7 11.789648
11.400001 11.367
10.224938 10.134956
11.400001 11.456231
11.8 11.779193
11.400001 11.408446
11.400001 11.42561
11.900001 12.094275
11.2 11.227158
14.299971 14.982999
14.299971 13.538403
11.400001 11.44729
11.3 11.53034
11.599999 11.581748
11.1 11.786101
11.8 11.813379
11.400001 11.42668
11.900001 12.097618
11.2 11.127896
10.1 10.246039
11.3 11.352868
11.1 11.071574
11.900001 11.421885
12.399998 12.286363
11.2 11.366002
11.8 11.80918
11.2 11.394376
10.1 10.195424
11.900001 11.870299
10.5 10.466659
13.65752 10.520051
11.3 11.529807
11.2 11.260115
11.1 11.189668
11.2 11.270335
11.2 11.583171
11.8 11.860075
11.400001 11.868621
11.2 11.307285
11.1 11.2001
11.2 11.226388
11.1 11.169327
11.1 11.086055
14.834261 15.0699415
11.5 11.534943
11.400001 11.264925
11.400001 11.534124
11.7 11.8012905
11.900001 11.932835
11.2 11.204309
11.599999 11.599921
11.5 11.5528145
12.950003 12.543992
12.699998 12.197665
11.7 11.762839
11.7 11.588222
12.799992 11.838794
14.108774 14.754213
11.2 11.170802
10.1 10.071634
11.2 11.480702
11.2 11.44074
11.3 11.326177
10.40103 11.010235
12.899998 11.829076
11.923909 11.498193
11.2 11.385317
11.400001 11.262495
11.70206 12.228014
11.1 11.0690365
13.800057 12.52249
11.2 11.193534
11.400001 11.492502
11.2 11.272661
12.199999 12.096519
12.399998 12.363546
13.1 12.259402
10.622879 10.503881
11.1 11.136236
12.899998 12.220519
11.8 11.832443
11.900001 11.926962
11.2 12.180347
11.900001 11.944327
11.3 11.315184
11.999998 12.016142
11.5 11.592847
11.2 11.2176895
12.199999 12.979394
11.599999 11.443927
11.400001 11.504665
11.487216 11.697262
13.487216 13.523977
11.1 11.676077
11.7 11.844503
11.7 11.726385
11.599999 11.689885
11.1 11.110829
12.399998 12.1559515
11.900001 11.788733
11.599999 11.712417
11.400001 11.40276
12.499997 12.756481
12.499997 11.858065
10.40103 10.557342
11.2 11.293869
11.900001 11.935846
11.2 11.026444
11.1 10.702941
12.1 10.8577385
11.900001 11.907827
11.7 11.660934
11.5 11.539494
11.999998 12.007704
11.8 11.81067
12.307609 12.419698
12.699998 12.391397
13.953872 13.837608
11.5 11.596617
11.3 11.417542
11.2 11.378082
12.199999 12.276256
12.00309 11.833613
11.3 11.456031
11.599999 11.69582
13.200015 12.122954
11.2 11.233887
12.668636 12.765111
10.622879 10.607918
11.3 11.302682
11.2 11.185487
13.668636 11.739289
11.8 11.859361
10.8447275 10.885929
11.6867 11.915361
11.5 12.088704
11.1 11.309563
11.900001 12.005665
11.2 11.284621
12.1 12.260726
12.393091 12.199603
10.40103 10.398546
11.900001 11.962975
12.599997 11.779507
11.3 11.413694
11.1 10.46128
11.1 11.05325
11.1 11.323496
11.5 11.576591
10.3 10.166034
12.699998 12.035411
11.3 11.471707
11.3 11.313393
10.1 10.022813
11.2 11.122076
10.7 10.964098
11.1 11.042461
11.3 11.571622
13.1 12.5690365
10.8 10.699458
11.7 11.705003
11.3 11.33914
11.2 11.619798
10.224938 9.900902
11.1 11.135394
11.1 11.903928
13.000009 11.813598
13.180922 13.294235
11.1 11.123104
11.3 11.55175
11.900001 11.908604
11.7 12.482624
12.193092 11.668547
11.2 11.086489
11.2 11.574231
11.5 11.751566
11.3 11.300769
12.799992 11.654188
11.599999 12.31186
11.1 11.087305
12.299998 12.136816
11.1 11.466816
11.2 11.376027
11.8 11.445185
11.2 11.298542
11.400001 11.4881315
11.7 11.732702
14.500117 14.095675
11.900001 11.892814
11.5 11.517018
11.49794 11.594494
13.899971 13.540719
11.2 11.410315
11.2 11.379813
11.1 11.015058
11.280072 11.275233
12.499997 13.218426
11.2 11.260155
11.5 11.585856
11.49794 11.446323
11.1 11.097543
11.2 11.4210615
12.1 11.941176
11.732644 10.710799
13.299971 12.744259
11.900001 11.924172
11.668636 11.696171
11.599999 11.56765
11.2 11.268203
10.40103 10.332022
11.999998 11.752757
11.1 11.098567
11.2 11.275903
11.2 11.2052355
11.2 11.429384
11.599999 11.78749
11.1 11.452022
11.900001 11.854866
11.7 13.280948
11.400001 11.532045
11.8 11.801029
11.2 11.307517
11.400001 11.54633
11.5 11.544326
11.5 11.846983
12.1 11.81075
12.599997 12.691786
12.1 11.698489
11.400001 11.691462
11.1 11.1015215
13.399989 13.595608
11.999998 11.858158
11.599999 11.230602
11.3 11.686003
10.70206 10.576111
11.2 11.215584
11.400001 12.402191
11.1 11.140642
11.900001 11.839719
14.145758 14.230734
11.599999 11.540197
11.2 11.335003
11.8 11.851228
12.299998 11.9113
11.8 11.792834
11.2 11.379655
11.7 11.366259
11.999998 11.617552
11.900001 11.882484
11.999998 11.90335
12.1 11.630272
11.599999 11.642872
12.599997 12.519355
12.499997 12.116446
12.199999 12.162737
11.599999 11.238625
11.599999 11.474757
10.935647 10.691719
11.7 11.743181
11.999998 11.635533
10.2 10.25322
11.5 11.580308
11.175305 11.315564
11.1 11.152173
10.40103 10.574337
10.4 10.550488
11.2 11.527961
9.986056 9.60034
11.3 11.444128
12.699998 13.249626
11.400001 11.394288
11.2 11.417128
11.400001 11.566808
11.2 11.213894
11.079304 12.294538
11.1 11.491554
11.1 11.080493
11.2 11.297443
11.999998 12.076436
11.1 11.682586
11.900001 11.9786
12.599997 12.871474
11.2 11.618353
11.900001 11.802532
11.400001 11.671386
11.599999 11.546026
10.79897 10.611508
11.2139435 11.263228
11.2 11.438151
12.299998 12.062642
11.400001 11.377931
12.577345 11.989407
11.1 11.320113
11.7 11.710325
11.1 11.250332
11.2 11.163279
11.8 11.79563
13.500008 12.882008
11.8 11.723865
11.2 11.362207
13.899971 13.171735
12.599997 12.085069
12.699998 13.610569
11.400001 11.448645
11.3 11.409158
11.599999 11.62655
12.29382 13.358362
11.3 11.45359
11.1 11.112832
11.999998 11.998136
11.1 11.373942
11.900001 11.580051
11.900001 12.271927
12.799992 12.550857
11.2 11.308122
12.299998 11.722602
12.299998 12.315365
11.900001 11.787606
11.2 11.156175
11.2 11.678795
11.8 11.816091
11.3 11.350491
12.699998 13.042346
11.7 11.512687
11.7 11.736314
11.1 10.816795
11.1 11.268561
11.7 11.697878
11.3 11.4496975
11.5 11.469552
11.999998 11.7895355
11.599999 11.670458
11.900001 11.875551
12.899998 11.870449
11.1 11.028156
13.699981 13.36679
12.519075 12.717704
12.499997 11.77289
11.2 11.249219
11.900001 11.850626
11.3 11.400754
11.599999 11.65299
11.2 11.371477
11.1 11.148967
12.699998 12.261479
12.899998 11.460448
11.5 11.569377
12.699998 12.829532
11.599999 11.950674
11.400001 11.409975
11.2 11.32402
11.599999 11.883223
11.900001 11.873406
11.2 11.4597645
12.599997 13.0012045
11.900001 11.969938
11.2 11.285754
14.400163 14.123432
11.1 11.06391
11.900001 11.859575
10.1 9.738409
11.3 12.202524
11.3 11.591042
11.2 11.063911
10.3 10.1493635
11.2 11.298494
11.2 11.240665
11.2 11.227878
12.699998 12.280164
11.5 11.581932
11.2 11.239896
11.3 11.375486
11.5 11.600769
11.599999 11.271337
11.1 11.2132225
12.399998 12.221663
11.999998 12.0683
11.2 11.256284
11.5 11.537791
11.5 11.525318
11.400001 11.57575
11.599999 11.945867
11.1 11.029888
9.40103 9.761071
11.900001 11.9205065
11.1 11.328431
11.652842 11.857963
11.900001 12.00555
11.5 11.546432
11.900001 11.871896
11.1 11.223564
11.7 11.772019
11.2 12.0926895
11.2 11.279122
11.2 11.304323
11.900001 12.475032
11.900001 12.034236
11.8 11.803656
11.400001 11.26214
12.986056 12.858359
11.1 11.169637
11.900001 12.033992
11.2 11.240441
11.953872 12.328564
11.3 11.323728
11.8 12.100084
10.5 10.487856
11.3 11.412606
11.599999 11.558996
12.5 11.841977
11.7 11.723201
13.1 12.873425
11.400001 11.512952
14.500117 14.581771
12.520216 12.25307
11.8 11.837904
11.900001 11.854426
11.2 11.211697
11.900001 11.882485
11.1 11.317508
11.599999 11.709467
11.2 11.382856
11.7 11.608343
11.1 11.168864
13.899971 14.450796
11.599999 11.668228
11.2 11.287199
10.70206 10.685762
11.900001 12.042926
11.3 11.5311575
11.900001 11.857967
11.3 11.656744
11.1 11.190912
11.5 11.427391
11.400001 11.43582
11.2 11.238082
11.3 11.438754
12.199999 12.328488
11.900001 11.865904
11.8 12.244895
11.1 11.122083
11.2 11.180737
11.3 11.292285
12.299998 11.802248
12.1 11.938571
11.900001 11.913029
11.400001 11.661864
11.1 11.614976
14.79897 14.475089
11.1 11.203934
10.8 11.227891
12.499997 12.580743
11.2 11.205868
10.40103 10.00054
11.400001 11.46974
11.999998 12.050564
13.600039 12.507913
11.498559 11.811441
12.299998 12.506684
11.2 11.246496
11.1 11.03797
11.1 11.187421
11.3 11.273059
11.999998 11.750635
11.999998 11.902042
12.199999 11.66247
11.7 11.736871
11.2 11.353128
11.3 11.353954
11.5 11.454548
11.900001 11.995799
11.2 11.283625
11.2 11.1838455
11.1 11.119899
13.1 12.3517885
10.738272 10.632232
9.49794 9.452639
11.5 11.588694
11.2 11.334546
10.9 11.298477
11.1 11.220391
11.7 11.888867
11.3 12.617207
11.3 11.507737
10.622879 10.535037
12.499997 12.302803
10.9 10.9978075
11.900001 12.007323
11.400001 11.700397
11.900001 11.923837
11.1 11.153772
11.8 11.591199
11.599999 11.496339
11.599999 11.560461
11.3 11.62708
11.900001 11.954798
11.5 11.586549
11.400001 11.434412
11.999998 11.960628
11.3 11.461873
11.599999 11.603925
11.1 11.249953
11.5 11.456588
11.8 11.796607
11.1 11.592575
11.900001 11.849956
12.399998 11.655943
11.7 11.349666
11.900001 11.867535
11.1 11.133792
11.2 11.147623
12.199999 12.042106
12.316096 12.148895
11.400001 11.573705
12.299998 12.460916
11.400001 11.454041
11.2 11.329012
12.299998 11.41115
11.3 11.411389
11.2 11.657115
11.329148 11.466637
11.2 11.2829485
11.2 11.315061
11.1 11.175293
11.1 11.228531
11.7 11.802249
12.520216 12.158464
11.2 11.247974
11.999998 12.119829
11.2 11.34691
11.900001 11.853672
11.599999 11.965875
11.900001 11.871753
13.600039 13.122001
13.399989 12.438793
13.357275 11.986337
11.7 12.284082
11.5 11.242609
11.818967 11.890632
11.900001 11.887018
12.299998 11.761612
11.1 11.322213
13.200015 13.270053
12.299998 12.16346
10.5 10.216849
13.1 12.697534
12.199999 11.874547
12.599997 11.9198475
11.400001 11.390332
11.599999 11.80629
11.999998 12.144473
11.900001 11.850033
13.000009 13.074734
11.3 11.192913
11.7 11.924086
11.531798 10.851799
10.8 10.728629
13.699981 13.102805
13.299971 12.353893
11.1 11.132198
11.2 11.085566
11.2 11.237898
11.900001 11.930958
11.900001 11.5198965
10.49794 10.852908
11.2 11.243986
10.1 9.894029
11.400001 11.492312
11.7 11.717679
11.599999 11.598688
12.799992 12.716741
11.599999 11.720986
14.1 14.907618
11.8 11.818091
11.900001 11.915783
10.622879 10.483187
11.2 11.394352
11.1 11.089624
12.599997 12.517595
11.900001 11.833715
11.900001 12.0984
11.8 11.789122
10.1 11.303117
11.5 11.268817
11.5 11.633821
10.1 11.130337
10.4 10.339353
11.3 11.129136
11.900001 11.352732
12.1 11.643074
10.1 10.4068365
12.999629 12.058081
11.2 11.308491
11.2 11.232905
11.599999 11.747155
13.1 13.09161
11.999998 11.761371
12.430683 11.6486025
11.400001 11.768904
11.1 11.097057
12.499997 12.208976
11.381802 11.445614
11.5 11.553647
11.900001 11.897535
11.900001 11.9120035
10.1 10.109721
11.2 11.418824
11.5 11.59283
11.999998 11.767173
11.900001 11.8329115
12.788246 12.003139
11.1 11.325611
11.5685215 11.470772
11.5 11.555598
11.2 11.200142
13.200015 11.973133
11.2 11.407201
11.3 11.279882
12.799992 12.62376
11.2 11.387196
11.7 11.674877
11.8 11.365791
11.5 11.45978
11.3 11.360821
11.999998 11.872546
12.199999 12.169356
11.7 12.071941
11.2 11.144823
11.3 11.292101
11.7 11.727781
11.599999 11.623053
11.400001 11.41939
11.1 11.484506
11.1 11.204646
10.49794 11.237251
9.9642315 10.652723
12.199999 11.579759
11.599999 11.648784
14.018398 12.090183
11.7 11.564342
11.2 11.21825
11.2 11.266005
11.900001 11.299736
11.3 11.278076
11.3 11.410951
13.200015 12.164862
11.1 11.116705
12.847147 12.490702
11.599999 11.484109
11.7 11.760094
11.4809065 11.173984
10.70206 12.297454
11.0 11.20372
11.2 11.975168
11.599999 11.198746
12.299998 12.119486
11.3 11.500189
11.2 11.23079
11.999998 11.954867
11.900001 11.916623
11.8 11.7936
11.2 11.164377
12.399998 11.900606
11.1 11.150181
11.5 11.510365
11.2 11.371093
11.1 11.128551
13.299971 13.450644
11.2 11.279923
11.2 11.248358
11.999998 12.01388
11.79897 11.954036
11.2 11.280387
12.699998 12.595915
11.900001 11.866445
11.1 11.087452
13.800057 13.447257
12.799992 11.883324
11.400001 11.382006
11.5 11.548448
11.1 11.173101
11.2 11.25643
11.1 10.966913
14.400163 12.05992
12.299998 12.344537
12.799992 12.464596
11.900001 11.8984785
11.900001 11.872619
12.499997 12.100088
11.900001 12.031217
11.1 11.111084
11.599999 11.315647
11.5 11.615421
12.299998 13.024087
11.175305 11.322291
11.599999 11.511415
11.336572 11.40283
11.900001 12.262968
11.1 11.105667
11.3 11.247703
11.5 11.578601
13.1 13.338631
11.599999 11.60121
11.400001 11.45424
11.3 11.419031
12.723423 13.094962
10.2 10.637978
10.70206 10.6172
12.899998 12.75092
11.1 11.459332
12.299998 11.806904
11.2 11.133151
11.5 11.603421
11.3 11.542285
11.2 11.181692
11.599999 10.645021
11.3 11.39775
11.5 11.401743
11.599999 11.635565
12.299998 11.948561
12.199999 11.796016
13.466532 13.719133
13.520216 12.53089
11.1 11.250641
11.900001 11.989416
11.599999 11.4761715
10.40103 10.310211
13.600039 12.9699
11.999998 11.934164
11.2 11.222012
14.500117 13.692586
11.2 11.134574
11.7 11.706112
11.7 11.739915
11.5 11.562479
12.899998 12.698689
11.900001 11.875196
13.399989 11.959104
12.1 11.697785
11.8 11.760377
11.5 11.547371
11.900001 11.603518
11.599999 11.734693
12.1 11.453437
11.3 11.489457
11.400001 11.361516
12.299998 11.675472
11.8 11.823296
10.40103 12.040389
11.2 11.2071705
11.3 11.667157
11.2 11.2413225
10.70206 10.759955
12.099998 12.642318
12.30831 11.496617
9.890485 9.804111
14.299971 14.762596
12.899998 12.872845
10.668636 10.700736
13.000009 12.800072
12.1 12.005896
11.2 11.465617
12.299998 12.559069
11.2 11.244046
12.399998 11.7337055
11.2 11.27114
11.5 11.769557
11.2 11.335047
11.2 11.1502285
11.2 11.517633
11.1 11.175651
12.499997 12.550713
13.1 12.966318
11.900001 11.870192
11.8 11.884417
13.1 12.475126
10.4 10.321376
11.3 11.333284
11.2 11.215736
11.900001 11.8239
11.3 11.381287
11.900001 11.88234
11.900001 11.938219
11.400001 11.45979
13.1 13.463572
11.1 11.132913
10.70206 10.605411
10.00309 10.704902
11.8 11.658009
11.400001 11.483577
11.2139435 11.714964
11.599999 11.57926
11.8 11.761819
9.79897 10.249429
11.2 11.282778
11.1 11.036621
12.986056 11.04104
11.400001 11.444095
12.799992 12.159642
11.2 11.447267
11.999998 11.632111
12.1 11.893045
11.3 11.309837
11.7 11.769008
11.5 11.510568
11.5 11.549265
13.000009 12.778564
11.7 12.174664
11.5 11.522804
11.3 11.374197
11.1 11.097679
11.7 11.445274
13.500008 13.627743
10.9758215 10.730155
12.699998 12.417957
11.900001 11.892817
12.189909 12.736083
11.999998 12.174842
11.058607 10.30163
11.5 11.777276
11.900001 11.934028
11.5 11.661015
11.3 11.260531
11.599999 12.085812
13.1 12.213497
10.622879 10.433669
11.1 11.198983
12.499997 11.796782
11.1 11.140523
11.3 11.352499
11.3 11.308221
11.2 11.231067
11.2 11.3643265
12.668636 11.535175
11.900001 11.326239
13.299971 12.470704
10.70206 10.700981
12.299998 12.523549
10.1 10.522021
11.2 11.2321415
11.3 11.238123
11.1 11.177728
13.800057 13.648096
12.199999 12.088731
11.7 11.688946
13.652842 13.638571
11.2 11.247007
11.1 11.093137
11.999998 11.669651
11.3 11.502353
11.1 11.073747
11.017215 11.61097
11.2 11.161286
11.900001 11.935349
12.599997 11.953857
12.699998 11.961692
11.5 11.19596
13.800057 14.784851
11.2 11.281052
11.3 11.5370245
12.799992 12.602877
11.2 11.226672
12.499997 12.142036
11.5 11.478796
10.6 10.608871
11.999998 11.8977995
12.199999 12.087948
14.1 14.177599
11.8 11.798652
11.2 11.242224
11.599999 11.656183
12.1 11.976389
11.7 11.951602
12.899998 13.439031
13.600039 13.0130005
11.900001 11.82546
11.999998 12.005334
11.599999 11.196424
14.1 14.88217
11.400001 11.456693
11.2 11.478692
12.399998 11.867593
12.1 11.696646
11.1 11.145221
12.5685215 12.599035
11.999998 11.923315
11.400001 11.35208
11.0 11.387684
11.1 11.157363
11.900001 12.212227
10.19691 10.183785
11.900001 11.845545
11.3 11.577103
11.3 11.258113
11.900001 11.790308
10.1 10.211819
9.70206 9.4030905
11.2 11.512684
11.999998 11.838428
11.1 11.131118
11.2 11.195798
11.1 11.3001175
11.7 11.642586
11.999998 11.989514
12.399998 11.814341
11.435792 11.272339
11.999998 11.850933
11.400001 11.441305
11.900001 11.976401
13.40103 13.334394
11.8 12.807201
11.7 11.779883
11.8 11.782999
11.2 11.30704
11.582672 11.642402
11.3 11.270121
11.1 11.230829
11.5 11.590602
11.8 11.768386
11.5 11.360251
11.3 11.311206
11.1 11.003899
11.921121 11.921851
12.199999 12.106694
11.599999 11.753389
11.7 11.753468
11.254902 11.130872
11.400001 11.451989
11.3 11.30891
11.8 12.280428
11.2 11.192025
11.5 11.602888
11.1 11.199709
11.400001 11.437059
11.3 11.260881
12.399998 13.756205
11.599999 11.469173
11.8 11.723966
12.599997 12.034627
10.1 10.485529
11.599999 11.611975
11.999998 11.805224
11.400001 11.964872
11.900001 11.985823
11.900001 11.970283
12.022269 11.992989
11.1 11.133426
11.3 11.391713
11.2 11.119712
11.1 11.173626
11.1 11.389204
11.8 11.903631
10.9 11.537161
11.2 11.229851
12.199999 11.940212
11.999998 12.046069
11.400001 12.041208
11.2 11.436593
11.1 11.211193
13.543697 13.911297
11.900001 11.925844
12.699998 12.590049
12.499997 12.39249
11.400001 11.490799
11.5 11.861164
15.400163 13.915021
11.1 11.434382
11.2 11.405525
11.2 11.344383
11.1 11.336245
11.1 11.147513
11.2 11.142956
11.999998 11.777436
10.40103 10.3349695
11.1878605 11.210741
11.5 11.501234
10.79897 10.8015585
13.999974 13.3380165
10.40103 10.551188
11.1 11.238921
11.400001 11.447694
11.900001 11.897854
11.999998 11.509707
11.2 11.443138
11.2 11.239045
11.2 11.258296
11.5 12.418044
11.2 11.37277
11.900001 11.990239
11.599999 11.465364
11.028118 10.639706
11.400001 11.435671
12.199999 12.061668
11.7 12.040096
11.1 11.159341
11.1 11.083849
12.79897 13.496367
14.496618 15.276113
13.1 12.899754
11.400001 11.506297
11.3 11.336199
11.8 11.813868
11.3 11.325883
11.999998 14.597114
11.3 11.372165
11.1 11.203618
11.999998 12.131988
11.599999 11.491499
11.3 11.317805
11.7 11.638657
11.400001 11.393865
11.999998 11.941369
11.3 11.302812
12.499997 12.497502
10.8 10.95902
11.5 11.68161
12.199999 11.9262085
11.2 11.274381
12.599997 12.324167
11.8 11.828034
11.3 11.326258
11.1 11.618007
12.399998 12.212022
12.899998 12.534896
11.3 11.414999
12.399998 12.132421
10.40103 10.486832
11.5 11.703914
11.400001 11.467512
11.3 11.398173
11.3 11.402064
12.1 11.821065
12.1 11.643903
11.1 11.087133
12.1 11.880512
11.5 11.485039
11.8 11.817099
10.2 10.478649
11.5 11.602587
10.122276 10.003885
13.299971 13.213577
11.8 11.878835
10.1 11.410116
11.2 11.327937
11.999998 11.75997
11.435792 11.540497
11.3 11.610786
11.400001 11.915293
10.1 11.119242
11.900001 11.624073
12.799992 12.518358
11.8 11.770711
11.2 11.245147
11.999998 11.917675
11.5 11.590959
11.2 11.234588
11.3 11.270172
10.70206 10.815153
12.499997 12.190985
12.799992 12.815243
11.599999 11.638216
12.399998 11.838187
11.900001 11.945246
11.3 11.3095875
14.59485 15.004117
14.186186 14.440661
11.1 11.361422
11.599999 11.849521
10.4 10.172737
12.1 11.684873
11.2 11.22835
11.2 11.677618
13.15061 12.075104
11.900001 11.791864
11.999998 12.019184
11.3 11.41034
11.900001 11.91747
11.999998 11.072204
11.400001 11.433803
12.1 12.066223
11.3 11.307644
14.79897 13.724457
11.900001 11.853836
11.966461 12.258674
11.7 11.577472
11.7 11.693289
10.76294 10.428732
11.7 11.863673
11.2 11.22035
11.900001 12.075914
11.7 11.739146
11.599999 11.304729
11.900001 11.780205
11.1 11.174733
11.1 11.179053
11.5 11.576904
13.399989 13.039496
11.1 10.982794
11.267491 10.844369
11.5 11.490895
12.899998 12.565764
11.900001 11.787121
11.1 11.302133
12.491108 11.953521
12.299998 12.266104
10.70206 10.436011
11.684318 11.677174
11.3 11.332748
11.3 11.327856
11.3 11.2183075
11.900001 11.824809
11.900001 11.86615
11.1 11.107733
13.321849 13.227819
11.400001 11.514591
11.3 11.302763
11.900001 11.909925
13.399989 12.794843
11.8 11.618149
11.2 11.281449
11.1 11.196641
13.622879 13.796389
11.900001 11.874607
11.2 11.577366
11.900001 11.51341
11.900001 12.115822
11.5 11.545225
11.1 11.13068
11.5 11.485203
11.3 11.668899
11.40103 11.071312
10.5 10.57709
11.5 11.537472
11.7 11.977501
11.2 11.329616
11.7 11.923441
12.699998 11.700296
11.599999 11.846488
11.543697 11.581764
12.367606 11.988297
11.900001 12.013868
11.2 11.498082
11.3 11.361917
11.8 11.961041
11.400001 11.485918
12.043096 12.328945
11.4413 11.661465
10.8 11.180609
11.2 11.17357
11.2 11.4946575
13.399989 13.108721
14.79897 14.734398
12.799992 12.975309
11.1 11.079931
11.900001 11.934681
11.3 11.382062
11.400001 11.486229
12.299998 11.588488
12.228427 11.33011
10.5 10.852342
12.299998 12.320668
11.321849 11.419065
10.685027 10.8503475
11.2 11.299774
11.900001 11.848219
13.1 12.517073
12.906876 11.844285
11.8 11.830346
12.622879 12.934131
11.599999 11.585273
11.2 11.224964
11.1 11.755108
14.40103 13.146553
13.314671 12.096694
11.5 11.5628395
11.599999 11.973514
12.299998 11.87432
11.2 11.289693
10.40103 10.333506
12.299998 13.062258
11.2 11.27102
11.999998 13.20202
11.7 11.762176
12.699998 12.5879135
11.1 11.188966
11.1 11.352194
14.999629 14.281281
11.2 11.808349
11.999998 11.901054
11.3 11.233711
11.599999 11.791447
11.599999 12.029865
11.2 11.271582
11.1 11.33547
11.999998 12.044177
11.8 11.901282
12.1 12.062412
13.399989 12.20371
11.599999 11.645949
11.400001 11.457708
11.999998 11.985651
11.7 11.607687
11.1 11.075225
13.600039 13.139212
11.999998 12.058777
11.900001 11.703867
12.399998 11.877719
11.8 12.095336
12.719789 13.027477
11.900001 11.8405285
11.1 11.002569
10.1 10.0098095
11.1 11.177102
11.900001 11.906442
12.299998 11.890818
11.900001 11.915933
12.1 11.507675
11.2 11.345099
12.899998 13.033304
11.5 11.650406
12.199999 12.536981
11.1 11.11749
11.2 11.191813
11.2 11.208557
12.499997 12.080844
11.900001 11.7624855
11.1 11.170289
11.2 11.335088
11.599999 11.567779
11.599999 11.618731
11.1 11.803703
12.199999 11.488814
10.5 10.834106
11.2 11.425463
11.3 11.36629
13.3174305 12.514039
12.399998 11.520507
12.499997 12.121541
11.400001 11.390556
11.2 11.2679825
11.1 11.589438
11.7 11.726916
11.1 11.103623
11.8 11.813604
11.7 11.768697
10.8 11.032885
11.622879 14.308521
11.7 11.804413
10.2 10.224295
11.1 11.111422
11.7 11.587573
12.299998 12.139584
10.622879 10.4464855
11.5 11.495653
11.900001 11.556329
11.5 11.483009
11.2 11.270532
11.1 11.312748
11.599999 11.860249
11.1 11.355711
11.900001 11.891584
11.8 11.450387
11.1 11.157561
11.5 11.5369425
11.2 11.30406
11.900001 11.882637
11.8 11.79754
10.1 10.405719
11.599999 11.576095
11.1 11.0567255
11.3 11.625475
11.8 11.810362
11.8 11.705228
11.5 11.571104
13.488122 12.686618
11.900001 12.0843115
11.8 11.789677
12.199999 11.865737
10.7 11.429922
11.3 11.281012
11.5 12.017883
10.40103 10.919184
11.999998 11.898864
11.900001 11.749613
11.2 11.23464
11.400001 11.427652
11.1 11.238616
11.0 11.614841
11.599999 11.676807
14.180922 14.470408
11.40103 10.585822
12.199999 11.650971
10.1 10.836157
11.3 11.323803
13.299971 12.907565
11.5 11.7909155
11.1 11.494502
10.70206 10.458991
11.3 11.376453
11.2 11.223709
11.900001 12.152652
11.1 11.051486
11.2 11.19437
12.1 11.889398
11.2 11.255341
11.599999 11.924901
12.299998 12.945133
13.600039 13.401299
11.900001 11.459355
11.0 10.800777
13.699981 12.765899
11.999998 11.880794
13.1 12.377834
11.900001 12.428101
12.499997 12.35177
13.892513 14.155255
13.117729 12.843743
11.7 11.371897
11.3 11.43269
11.8 11.913978
11.1 11.37643
14.1 14.381285
11.5 11.673538
12.399998 13.283961
11.400001 11.418828
11.599999 12.333181
11.900001 11.802923
11.900001 11.752828
11.5685215 11.629551
11.1 11.174532
13.600039 11.691094
11.2 11.256606
11.900001 11.954139
11.2 11.252821
11.599999 11.662229
11.900001 11.610163
11.8 11.889323
11.923909 12.389258
11.5 11.320183
10.4 10.64158
11.3 11.7435665
11.1 11.149485
11.999998 11.8386
13.694213 13.458014
12.599997 12.927341
11.8 11.786776
11.3 11.682858
11.7 11.743976
11.7 11.744404
11.3 11.227849
11.1 11.005049
11.1 11.048788
12.299998 11.863985
11.7 11.688184
11.599999 11.658048
11.8 12.405223
11.599999 11.60021
10.6 10.598289
10.49794 10.403717
11.8 11.8611
11.900001 11.888588
11.599999 11.317554
11.400001 11.416235
11.7 11.807376
11.3 11.62625
12.399998 12.246381
10.6 10.720143
11.5 11.539597
11.392429 11.511442
13.155518 13.106758
10.7 10.383458
10.1 9.845161
13.500008 13.941618
11.2 11.713457
11.2 11.255114
11.8 11.815208
11.900001 11.958293
12.299998 12.790618
11.5 11.642877
10.8447275 10.834144
10.637602 11.47386
11.599999 11.705989
11.5 11.5834465
11.400001 11.424245
11.400001 11.512123
11.2 11.409285
11.599999 11.680029
13.999974 13.638058
11.3 11.238599
12.1 11.913585
11.1 10.961092
11.599999 11.61975
13.899971 13.487393
11.2 11.173503
11.1 11.15683
11.900001 12.119106
11.2 11.224979
11.2 11.355078
11.400001 11.408247
12.299998 11.191149
11.5 11.431658
11.2 11.451526
11.1 11.530542
11.7 12.111947
11.8 11.838463
11.1 11.383531
11.5 11.240864
11.2 11.194223
12.499997 11.869532
11.599999 11.677037
11.900001 11.924228
11.3 11.42948
11.7 11.683965
11.8 11.523026
10.4 10.57721
11.1 11.18009
11.2 11.26308
11.7 11.725837
11.3 11.407935
11.8 11.912394
11.1 11.221822
11.400001 11.486861
11.900001 11.811692
11.400001 11.385454
10.1 11.766375
11.3 11.409542
11.7 11.734148
11.5 11.609909
11.2 11.296168
11.599999 11.563305
11.2 11.281492
11.2 11.827159
11.59485 11.191488
13.1604805 12.841294
13.600039 12.500208
12.757577 12.623061
12.399998 12.364556
11.8 11.449707
13.1 12.351741
10.757577 10.540569
11.1 11.19396
11.900001 11.883555
10.70206 10.945935
11.900001 11.945772
13.200015 11.993418
11.7 11.483009
11.2 11.250478
11.5 11.305794
11.8 11.826659
11.2 11.193829
11.1 11.0787115
11.999998 11.82543
11.453596 10.927697
12.399998 12.494522
12.1 12.322011
10.1 11.403922
14.1 10.691936
10.622879 10.60086
11.400001 11.520354
12.599997 11.51534
12.27437 12.253955
13.399989 12.388125
9.79897 9.605705
11.599999 11.652907
11.1 11.248997
12.699998 13.069281
11.1 11.215828
10.49794 10.752038
11.1 11.261884
11.2 11.212777
11.8 11.846509
11.2 11.297673
15.1 14.20764
11.400001 11.63271
12.199999 12.960466
11.3 11.279251
11.351812 11.29164
11.2 11.223972
11.900001 11.90924
11.5 11.756136
11.599999 11.693145
13.1 12.297523
11.2 11.302879
11.900001 11.881152
11.2 11.285116
12.399998 12.32659
11.900001 11.851515
12.499997 12.075169
13.40103 13.3831415
12.299998 12.085843
11.599999 11.491562
11.3 11.269957
11.2 11.21585
12.199999 12.122091
12.418758 12.22089
11.3 11.434563
11.400001 10.876955
12.104364 11.677597
11.3 11.474449
11.400001 11.477265
11.1 11.151395
13.986056 14.159191
11.8 11.806441
11.900001 11.871536
10.70206 10.608608
12.399998 12.618343
11.3 11.301992
11.599999 12.036956
11.599999 11.68972
11.400001 11.410185
11.2 11.246763
11.599999 11.614035
11.8 11.800939
12.344125 11.752485
11.1 11.752764
13.399989 12.749838
12.899998 12.82142
11.2 11.339229
11.7 11.640742
11.400001 11.383646
11.7 11.773611
12.799992 12.558025
11.8 11.9136915
11.400001 11.442123
10.59485 10.53379
11.3 11.362526
11.2 11.577114
14.600313 13.266802
12.899998 12.610541
10.953872 11.260834
11.599999 11.718002
11.400001 11.503849
11.5 11.352488
13.299971 14.068949
11.599999 11.394696
13.200015 13.411786
11.7 11.505174
11.2 11.36772
13.19691 13.418748
12.299998 12.011215
12.1 11.716061
11.900001 11.98106
12.399998 11.752223
10.8447275 12.624954
11.2 11.525921
11.8 11.847305
11.5 11.455727
11.5 11.325982
13.00309 12.872839
11.599999 11.291288
11.2 11.057797
10.79897 10.881534
11.19691 11.148175
11.2 11.504
11.900001 11.941403
12.799992 12.093539
11.7 11.729106
11.1 11.141385
11.8 12.120534
11.599999 11.266622
11.999998 11.712188
11.999998 11.908014
11.5 11.523722
11.900001 11.842051
11.2 11.208518
11.8 11.667382
11.900001 12.0065365
11.3 11.3489275
12.1 11.474538
11.1 11.16808
11.1 11.150647
11.3 11.286372
11.5 11.563252
12.299998 13.106732
11.2 11.237212
11.4372425 11.100549
11.1 11.1612835
10.8 11.306516
11.622879 11.365392
11.599999 11.6742935
11.1 11.212628
11.8 12.079519
11.1 11.102544
11.3 11.319058
11.1 11.165416
14.600313 14.083461
11.1 11.120071
11.999998 12.002433
12.199999 12.377612
11.1 11.085618
12.299998 12.401754
11.2 11.217978
13.000009 12.870274
12.199999 12.912544
11.599999 11.567095
11.7 12.719325
11.1 11.012126
11.5 11.548616
11.2 11.414368
11.5 11.535641
11.2 11.236697
11.2 11.387823
11.400001 11.367444
11.400001 11.503227
10.1 10.080401
11.7 11.829731
15.1 15.471216
11.599999 11.649163
11.1 11.098024
11.1 11.075232
12.399998 12.108462
11.999998 11.952406
11.3 11.333523
11.747817 11.152193
11.400001 11.584983
11.8 11.818897
13.299971 13.30187
11.900001 11.778597
11.7 11.779339
11.999998 12.007685
12.19691 12.169308
11.1 11.286466
11.193093 11.185383
12.299998 12.297127
11.218616 11.084067
11.1 11.143589
11.2 11.386629
11.1 11.196596
13.000009 13.049012
12.1 11.556001
11.2 11.145287
11.1 11.144845
11.900001 11.85878
11.1 10.683109
11.900001 11.888776
12.1 11.67742
11.3 11.14909
10.3 10.862656
11.1 11.193186
11.7 11.756121
11.2 11.258626
11.8 11.844858
11.400001 11.44943
11.2 11.371768
11.8 11.786453
11.2 11.168661
11.2 11.365732
11.7 11.795507
13.300659 13.249388
11.3 11.300985
11.79897 12.11735
11.3 11.420571
10.79897 10.787416
11.999998 11.937751
11.49794 11.528068
11.2 11.546939
11.900001 11.840899
11.900001 11.956174
11.8 11.823132
11.1 11.117453
11.8 11.420719
11.1 11.135703
12.199999 12.134502
11.2 10.901801
11.2 11.178467
12.581486 11.872822
11.543697 11.202965
11.900001 11.994779
11.900001 11.861255
11.5 11.224346
11.1 11.121311
11.1 11.172551
12.899998 12.418039
11.2 11.336568
11.8 11.832028
11.1 11.05843
11.2 11.436434
9.79897 10.164349
13.1 12.160932
12.581486 12.629281
11.400001 11.307941
11.900001 11.80178
11.900001 11.907282
11.2 11.666709
11.3 11.334105
11.900001 11.770776
11.1 11.147898
11.2 11.207488
11.1 11.154235
11.5 11.638286
11.1 11.680939
12.299998 11.794195
11.5 11.733048
13.1 13.283413
11.7 11.771987
11.2 11.311673
11.1 11.211746
11.599999 11.776799
11.2 11.250268
12.531798 12.987132
11.900001 11.780654
11.1 11.308945
11.3 11.491567
12.499997 12.324781
11.900001 11.846624
11.5 11.595747
11.2 11.287802
11.923909 11.788919
11.8 11.7993
11.3 11.29018
11.1 11.144085
11.8 11.967468
11.5 11.529162
11.900001 11.567722
11.3 11.436489
12.199999 12.080188
10.5 10.399443
10.6 10.571475
14.299971 13.751479
11.7 11.780504
11.1 11.501041
11.8 11.808921
14.949485 14.489029
11.7 11.721096
11.8 11.726373
11.2 11.2276325
11.400001 11.4771805
11.1 11.033354
11.1 10.603859
11.3 11.448043
12.599997 12.122894
11.5 11.585564
11.7 11.869867
11.3 11.444921
11.3 11.488994
12.466532 12.544839
14.200179 11.553943
11.3 11.270711
11.2 11.355299
11.1 11.5263195
10.1 10.55757
11.2 11.900532
11.3 11.423792
11.900001 11.8989315
11.3 11.524887
11.3 11.341958
11.599999 11.638854
11.400001 11.538501
11.340546 11.131016
11.652842 12.03758
13.1 12.746863
11.8 11.832091
11.2 11.118497
12.020819 13.346621
11.900001 11.811219
11.900001 11.884027
12.1 11.502282
11.599999 11.675785
11.900001 11.858643
12.399998 11.626823
14.441478 12.986769
11.3 11.3172455
11.999998 11.854483
11.999998 11.955948
11.999998 11.885523
11.900001 11.866447
11.1 11.209366
11.599999 11.72414
11.599999 11.625851
11.2 11.198103
11.8 11.728757
11.8 11.844265
13.699981 12.9047985
11.3 11.3997965
11.7 11.517976
11.3 11.957621
11.2 11.343086
11.2 11.131635
9.79897 10.072556
11.3 11.290722
11.2 11.162684
10.622879 10.525666
12.799992 12.666338
11.317054 11.419303
11.8 12.042259
11.7 11.764473
12.499997 12.98637
11.5 11.581882
11.2 11.246497
11.1 11.27087
11.1 11.105945
11.400001 11.316463
11.2 11.282116
11.999998 12.168171
12.699998 13.469703
12.199999 12.328806
11.599999 11.74689
13.899971 12.8476925
14.869551 14.98483
13.299971 13.662595
11.599999 11.528009
11.400001 11.459683
11.8 11.808833
12.599997 11.841
12.1 12.258345
10.40103 10.430362
12.299998 12.178667
10.272631 11.275733
11.2 11.643427
11.900001 11.875957
11.400001 11.372022
11.999998 11.941136
11.1 11.215785
11.1 11.130684
11.7 11.611394
10.1 9.962382
11.2 11.666808
12.599997 12.743339
13.869551 13.367562
11.3 11.309893
11.3 11.909823
11.599999 11.771852
11.999998 12.127488
11.8 11.802172
12.799992 12.355506
13.200015 12.183532
11.8 11.8628435
11.1 11.32494
11.5 11.679961
11.400001 12.323053
11.2 11.20284
13.899971 13.21443
11.7 11.711374
11.2 11.535128
11.3 11.558313
11.2 11.191096
11.5 11.4859085
11.5 11.446371
11.3 11.681694
11.599999 11.634897
11.2 11.500092
11.8 11.782985
11.2 11.750518
11.5 11.573116
11.3 11.545395
11.1 11.211759
11.40103 11.785558
11.900001 11.88591
11.8 11.839802
12.199999 12.410718
11.7 11.724389
11.2 11.187068
11.1 11.17976
11.8 11.954361
11.3 11.25906
10.622879 10.281269
13.399989 12.938913
11.2 11.308095
11.1 10.96847
11.8 11.671186
11.8 11.772546
11.1 10.885204
10.40103 10.344803
11.2 11.512768
11.19691 11.14945
14.1 14.306088
10.020819 10.072556
13.699981 13.793481
11.5 11.551494
11.2 11.191842
11.2 11.285088
11.999998 12.001009
11.70103 11.722336
11.900001 11.889331
11.1 10.917861
11.1 11.093963
12.191515 11.511455
11.599999 11.632735
11.8 12.673162
11.5 11.247022
11.8 11.504169
11.8 11.886109
13.299971 12.724956
11.400001 11.467779
11.5 11.7659445
11.900001 11.945022
11.1 11.835319
11.999998 12.095941
12.399998 11.84616
11.2 11.113199
11.3 11.374357
12.779854 11.025323
11.900001 11.849419
11.3 11.322455
11.5 11.427071
11.8 11.838414
11.400001 11.371115
11.2 11.151001
11.1 11.148299
11.3 11.378552
11.8 12.160848
11.5 11.537586
11.641513 11.423407
11.2 11.219478
11.1 11.142561
11.1 11.120504
11.400001 11.6250725
12.399998 12.424218
12.499997 12.223562
14.29897 14.136431
10.6 10.878239
11.5 11.547641
10.98941 11.041496
11.7 11.809614
11.3 11.425195
11.3 11.34457
11.2 11.223108
11.999998 11.924903
11.203953 11.301812
11.1 11.085506
11.900001 11.777642
11.599999 11.441933
11.1 11.228932
11.900001 11.895996
11.599999 11.663219
11.2 11.2505665
11.2 11.227304
12.599997 11.82417
11.2 11.249105
11.900001 11.897821
11.175305 11.167103
12.299998 12.249862
11.900001 11.896144
11.2 11.426493
11.5 12.500519
11.900001 11.811477
12.1 11.997338
11.599999 11.751767
11.5 11.449166
11.5 11.491905
11.738272 12.300141
10.40103 10.408375
11.5 11.757869
11.7 11.697125
11.7 11.338323
11.2 11.307361
15.500117 14.712511
10.608639 10.604972
11.2 11.095456
11.2 11.152193
11.7 12.404123
11.2 11.426464
11.1 11.149388
11.2 11.160972
13.800057 12.735985
11.5 11.7923
11.8 11.619624
11.8 11.825773
11.8 11.744812
11.2 11.52019
11.400001 11.49121
13.800057 14.829864
10.1 10.872469
11.2 11.22634
11.49794 11.615577
11.400001 11.653917
11.599999 11.668435
11.2 11.529235
11.869551 11.8295355
11.2 11.932428
11.2 11.161018
11.2 11.182492
11.2 11.288595
11.2 11.248703
11.999998 11.901687
11.3 11.5197
13.800057 14.221411
11.999998 11.900194
13.062573 13.234891
11.900001 11.835583
10.40103 10.298333
11.400001 11.641523
12.699998 12.181843
11.2 11.144109
11.5 11.574602
9.79897 9.718388
11.2 11.405383
10.49794 10.524566
11.900001 11.801444
11.19691 11.033125
11.2 11.183571
11.599999 11.217937
11.400001 11.477166
11.599999 11.580262
11.900001 11.826714
12.1 11.60186
11.2 11.231807
11.2870865 10.888728
12.199999 11.811052
11.999998 11.872954
11.999998 11.549651
11.599999 11.591049
13.899971 13.4939785
11.5 11.574042
10.3 10.742509
12.1 11.987988
10.5 10.394969
11.8 11.212812
11.2 11.369457
10.923909 11.00044
12.699998 12.063275
11.900001 11.579005
10.1 10.078835
11.599999 11.774469
11.999998 12.072543
11.900001 11.916704
11.547423 10.541371
12.499997 12.849383
13.1 13.63534
10.40103 10.389212
11.999998 11.455978
11.8 10.921517
11.2 11.320332
12.1 11.479596
12.499997 12.551994
14.446788 14.74015
13.000009 13.953313
11.900001 11.820155
11.7 11.725552
11.1 12.364504
11.900001 11.942514
11.2 11.261047
11.5 11.564438
11.2 11.425114
11.2 11.289561
11.1 11.314282
11.1 11.031799
10.1 10.027163
11.7 11.721563
12.923909 12.890018
11.599999 11.586738
11.2 11.238366
11.2 11.372372
12.499997 11.178395
11.599999 11.455517
11.599999 11.617961
12.199999 11.768375
11.1 11.407345
10.1 10.025915
11.3 11.584952
14.200179 14.158905
11.3 11.338863
11.2 11.251594
9.79897 9.61323
11.7 13.376678
11.8 11.621895
11.8 11.772625
13.427902 13.752902
11.2 11.300127
11.999998 11.847099
11.8 11.785539
11.900001 11.803127
12.399998 11.588493
11.1 11.052822
11.2 11.26138
11.3 11.504286
10.8 11.596197
10.49794 10.406086
11.400001 11.361832
11.3 11.448433
11.8 11.693876
11.8 11.772665
11.8 11.736181
11.8 11.772154
13.999974 12.810024
10.70206 10.661108
11.900001 11.932247
12.299998 12.411592
11.1 11.107584
12.536519 12.98874
11.5 11.563859
11.8 11.581793
11.400001 11.323285
11.8 11.960091
11.900001 11.851972
11.1 11.309479
13.062573 12.664907
11.900001 12.568565
11.999998 11.913928
11.900001 11.880657
11.8 11.79558
11.3 11.325729
10.4 10.949852
11.3 11.560874
11.2 11.3627
11.2 11.219767
11.2 11.207006
10.777781 9.960107
11.3 11.289973
11.7 11.525041
11.5 11.675211
12.799992 11.998653
11.900001 11.893299
11.3 11.525923
11.155518 11.090001
11.7 11.755666
11.3 11.241939
11.400001 11.499792
11.7 11.808805
11.7 12.007956
11.2 11.368078
11.2 11.129723
11.1 11.127616
11.900001 11.494431
11.900001 12.389003
10.79897 10.474147
12.499997 11.85362
10.19691 10.156881
10.7 11.368329
11.7 11.684496
11.1 11.163221
11.400001 11.415732
11.2 11.257889
12.399998 12.126891
11.8 11.782354
12.1 11.990599
11.900001 11.837155
12.399998 11.344223
11.900001 11.874921
11.5 11.468899
11.1 11.291102
11.900001 11.878973
11.3 11.829864
11.2 11.25086
10.7 10.74842
13.600039 14.862362
11.543697 11.53895
11.900001 11.296738
11.30135 10.951054
11.2 11.179228
11.020819 11.002513
11.5 11.49026
11.2 11.232607
10.1 10.636478
13.8447275 13.466922
11.5 11.710752
11.2 11.400578
11.207893 11.290416
13.520216 13.445011
11.3 11.458725
10.3 10.446083
11.1 11.106318
11.7 11.508829
12.299998 11.649093
11.400001 11.395616
11.1 12.576632
12.1 12.392681
10.1 11.43751
11.2 11.273026
12.899998 12.923397
12.399998 11.670949
11.8 11.743011
11.3 11.282754
10.49794 10.441833
11.2 11.2432995
11.2 11.295693
11.599999 11.745869
11.2 11.290235
11.5 11.863444
12.299998 11.926657
11.1 11.035549
11.194204 10.955725
12.199999 12.110787
12.199999 11.598392
11.599999 11.461187
11.7 11.764479
11.254902 11.350539
11.400001 11.54323
11.7 11.975194
11.1 11.426699
13.608639 13.778744
10.3 10.399174
11.900001 11.46862
11.2 11.224901
12.699998 12.833534
11.2 11.231919
12.299998 11.732327
11.400001 11.564852
11.7 11.733575
11.3 11.467833
11.599999 11.748811
13.800057 13.354896
11.8 11.76787
11.8 11.828723
10.8447275 10.338725
11.3 11.350411
11.2 11.178603
11.5 11.608073
11.5 11.588747
11.5 11.49277
10.622879 10.940279
12.299998 12.031809
11.999998 11.917191
11.900001 11.886008
11.999998 11.87707
12.499997 12.493066
14.600313 12.869711
12.299998 11.958045
11.999998 11.981464
11.599999 11.487556
11.999998 12.097983
11.599999 11.607471
11.1 11.244509
11.1 11.2279215
11.2 11.388679
11.7 11.844988
11.900001 11.757839
10.70206 10.437977
11.3 11.429511
12.79897 13.638683
13.600039 13.150199
11.8 11.486788
11.999998 11.23988
12.199999 11.80403
11.599999 11.732258
10.1 9.971922
11.2 11.437379
11.900001 11.957379
11.599999 11.613383
11.2 11.559257
11.2 11.146274
12.699998 11.962833
12.299998 12.793093
11.2 11.258082
11.1 11.024382
11.2 11.32959
11.7 11.442037
12.29382 12.125721
12.1 11.839621
11.400001 11.188644
11.599999 11.415785
11.2 11.2991
11.2 11.407073
13.1 13.051758
11.7 13.314285
10.4 10.479044
11.900001 11.845975
11.5 11.59669
11.3 11.308161
12.799992 12.665642
11.8 11.799048
11.3 11.438338
11.3 11.23483
11.999998 11.726142
11.999998 11.950382
11.999998 11.868572
11.3 11.244482
11.3 11.247279
14.200179 14.0083275
11.3 11.466842
10.70206 10.783603
11.599999 11.682145
13.200015 12.684841
11.5 11.489851
11.2 11.490994
11.2 11.145465
11.8 11.561045
11.5 11.54272
12.60724 11.934418
11.2 11.333589
12.699998 11.780202
11.8 11.751688
12.499997 11.618176
11.599999 11.630411
11.999998 11.589241
13.049981 12.67821
13.399989 12.926716
10.622879 10.991975
10.1 10.486063
11.400001 11.41974
11.3 11.3787565
12.299998 11.81806
11.2 11.301768
11.8 11.83282
11.242667 11.681055
11.400001 11.492244
11.2 11.094765
11.3 11.71481
11.2 11.392792
11.2 11.155413
11.999998 11.957005
11.2 11.349602
11.599999 11.742685
11.599999 11.4114275
11.599999 11.223709
11.7 11.846256
12.199999 11.852145
11.2 11.231794
11.2 11.471908
11.1 11.361432
11.1 11.121434
11.2 11.258415
11.2 11.317075
11.2 11.326227
11.900001 11.694738
11.3 11.361698
11.8 11.792357
11.400001 11.678702
11.3 11.235202
11.8 11.774908
11.999998 12.004611
10.8 10.817079
14.79897 14.062889
11.1 11.287299
12.078811 12.963889
11.2 11.309357
11.900001 12.168765
12.199999 12.160511
11.1 11.086892
11.2 11.757331
13.600039 11.811569
12.5111685 11.748724
10.70206 12.443475
11.1 11.101137
13.200015 14.4195795
13.600039 14.035688
11.8 11.737162
11.599999 10.800984
11.2 11.144316
16.518217 15.103452
11.1 11.352759
13.200015 13.687654
11.1 11.159206
12.1 12.063598
9.49794 9.55539
11.999998 11.804579
11.7 11.7738905
12.1 11.00485
11.2 11.252555
11.999998 12.443528
11.5 11.577684
12.829721 11.994958
12.399998 11.718303
11.400001 11.53442
12.1 11.524445
11.0 10.275992
11.8 11.898521
12.399998 12.260977
11.5 11.464176
12.699998 12.593879
9.49794 10.624113
11.400001 11.352936
11.668636 12.884114
11.2 11.192806
11.1 11.118822
11.999998 11.992144
11.900001 11.899146
11.3 11.359766
11.8 11.786313
12.799992 12.923973
11.2 11.2058735
11.2 11.397878
11.7 11.741655
11.599999 11.406186
11.8 11.729478
11.5 11.532861
11.5 11.617543
11.1 10.71151
11.5 11.4171095
12.399998 13.078472
10.2 10.587813
10.79897 10.833777
14.400163 13.484155
11.1 11.067866
11.7 11.7272215
11.986056 12.35036
11.3 11.350311
11.5 11.57311
11.900001 11.864658
11.2 11.242277
11.8 11.810834
14.70206 14.623792
12.699998 13.060213
11.599999 11.273444
11.2 11.4516115
11.900001 12.087286
10.70206 10.574463
11.599999 11.742327
11.8 11.811779
11.1 11.195936
12.680044 11.944537
13.899971 14.409626
12.299998 11.92545
11.1 11.176619
11.637602 11.621358
12.299998 12.281546
11.1 11.1477375
11.900001 11.8381605
11.8 11.801214
11.900001 11.936957
11.599999 12.073387
11.400001 11.458999
11.1 11.2265005
11.400001 11.5005
14.1 13.153562
11.2 11.201737
11.1 10.995252
11.2 11.284836
11.1 11.165842
10.1 10.130349
11.3 11.298977
10.5 10.538418
11.89588 11.994223
11.999998 11.884282
11.5 12.937796
11.7 11.710816
15.600313 14.889608
11.1 11.264168
11.3 11.2965145
10.5 10.118462
11.900001 11.820266
11.400001 11.519796
11.5 11.560442
11.118106 11.194815
11.999998 11.747897
11.3 11.552937
11.5 11.528252
11.3 11.253477
11.5 11.714281
11.599999 11.635072
11.5 11.64562
12.399998 12.404689
11.2 11.382164
11.599999 11.509983
12.877283 12.340634
11.400001 11.337143
11.5 11.769271
14.500117 14.1818905
11.3 11.383879
11.3 11.297869
11.2 11.252248
11.1 11.129187
11.900001 12.352007
11.8 11.807275
13.155518 13.783664
11.400001 11.432083
11.2 11.299195
11.3 11.362353
11.1 10.890335
12.1 11.982438
11.2 11.298005
11.900001 11.996629
11.400001 11.384396
12.599997 13.030665
11.8 11.759297
11.400001 11.282802
10.1 9.949883
10.622879 10.553868
11.599999 11.729482
12.599997 13.28976
11.8 11.675759
11.900001 11.838195
11.5 11.5011215
11.2 11.516585
11.2 11.538291
11.400001 11.4174795
11.2 11.353921
11.8 11.643916
10.8 11.295171
11.900001 11.762387
11.900001 11.909678
11.5 11.517986
14.175721 12.026954
11.900001 11.610197
13.1 13.015547
11.2 11.257484
12.499997 13.65129
12.899998 12.700899
11.599999 11.953648
11.7 11.424764
12.199999 12.485829
11.2 11.611584
11.5 11.489686
11.7 11.732767
11.599999 11.23921
11.900001 11.74356
14.400163 14.195091
10.622879 10.637396
11.900001 11.830483
14.1 14.334748
11.8 11.460397
11.900001 12.239158
11.7 11.48163
12.9041 12.936795
11.999998 12.007686
12.599997 13.154244
13.000009 12.527137
11.7 11.777797
13.1 13.292408
11.1 10.765961
11.599999 11.570133
11.1 11.176522
15.108774 13.631285
11.400001 11.41654
11.5 11.616649
11.3 11.910987
12.299998 12.703185
11.3 11.617991
14.200179 13.722591
11.3 11.173495
11.2 11.178343
11.3 11.373987
11.2 11.240274
13.399989 12.174748
11.1 11.256091
11.2 11.304619
11.400001 11.4789295
11.7 11.67928
12.699998 13.248815
11.2 11.224101
11.900001 11.940918
13.200015 12.60357
11.5 11.510244
12.899998 11.949101
12.299998 11.96017
11.2 11.203195
11.599999 11.728382
11.599999 11.526205
12.1 11.782237
11.3 11.359145
10.3 10.456144
11.400001 11.4084
11.8 12.136239
12.199999 12.376548
11.999998 11.8180895
11.8 11.920478
11.3 11.343904
13.299971 13.42439
11.3 11.373084
11.400001 12.549244
13.543697 13.678291
13.500008 13.215675
11.3 11.674071
11.5 11.714116
11.8 11.82702
11.900001 11.923608
11.400001 11.282214
11.2 11.221406
12.058607 10.911318
10.2 10.239166
11.1 11.051776
11.7 11.795282
11.1 11.338931
11.1 11.421754
11.8 11.83664
11.2 11.319696
12.27437 12.239687
11.3 11.393006
11.1 11.417724
11.599999 11.633274
11.599999 11.816217
11.1 11.297263
15.192754 13.485962
11.2 11.297317
11.1 11.12697
11.2 11.234527
11.2 11.338491
11.8 11.79436
11.400001 11.2534275
11.900001 12.015582
11.900001 11.878125
11.2 11.413002
9.79897 10.164349
11.5 11.51159
12.299998 12.833395
11.7 11.744395
11.2 11.31989
11.3 11.319891
11.900001 11.932594
11.7 11.618882
11.2 11.240991
11.7 11.403843
11.2 11.336371
11.7 11.942951
11.3 11.420569
11.900001 11.860128
11.900001 11.9116535
11.400001 11.280502
11.45 11.6292
11.3 11.351819
10.79897 10.795681
11.2 12.098719
11.8 11.824742
11.7 12.6088
11.5 10.5597725
11.2 11.027255
11.999998 11.638162
10.40103 10.298149
11.5 11.5731945
12.399998 11.760411
11.1 11.164798
11.2 11.278202
11.2 11.31168
11.2 11.339529
11.8 11.822623
13.4372425 13.467377
11.999998 11.918932
11.2 11.285743
11.2 11.211273
11.5 11.629373
13.020819 11.960237
11.5 11.566307
10.70206 10.940954
11.3 11.466627
11.8 11.827044
12.199999 11.473066
10.1 10.416851
11.1 11.148134
11.7 12.153509
14.500117 13.966879
12.599997 12.983198
11.599999 11.597885
13.200015 12.555925
11.2 11.320431
11.400001 11.569261
11.3 11.480554
11.1 11.147773
12.399998 12.843944
12.399998 12.204534
11.599999 11.883184
11.2 11.313881
12.399998 12.140875
11.8 11.744457
11.400001 11.409789
11.999998 11.810569
11.5 11.373765
11.2 11.239834
11.900001 11.863591
11.5 11.509109
11.2 11.246047
11.599999 11.739162
12.399998 11.723573
11.2 11.16826
12.058607 11.015007
13.000009 13.189916
11.3 11.422908
11.999998 11.917356
15.058607 13.092651
13.699981 12.157281
11.599999 11.797202
11.900001 12.278693
11.5 11.359195
12.359637 12.256458
11.2 11.183558
14.29897 14.091223
11.3 11.521848
11.5 11.708185
12.399998 11.851174
11.3 11.298535
11.2 11.254242
11.1 11.245337
12.399998 11.777973
11.5 11.425793
12.299998 11.909842
12.1 12.307321
11.1 11.295192
13.899971 13.876923
11.2 11.200145
11.2 11.416962
11.900001 11.901103
11.2 11.2992735
11.599999 11.544825
11.3 11.399846
11.8 11.717638
11.2 11.191238
11.1 11.11605
10.2 10.355194
11.599999 11.70317
12.399998 12.232215
11.2 11.472684
11.2 11.367795
11.5 11.524834
11.7 11.89522
10.3 10.672983
11.8 11.966188
12.449998 13.328738
11.1 11.237442
11.2 11.22756
11.599999 11.685654
10.8447275 10.43504
11.599999 11.562141
11.1 11.131291
11.413951 11.418445
11.999998 11.980358
11.1 11.1647625
11.400001 11.457438
11.5 11.591778
11.2 11.199117
11.599999 11.956894
11.7 11.639068
10.40103 10.253089
11.1 11.162101
12.599997 12.254331
11.5 11.495014
11.5 11.548388
11.5 11.491464
11.2 11.269383
11.1 11.279565
11.5 11.584638
12.29074 11.731225
11.2 11.308116
12.599997 12.354497
11.900001 11.840402
11.2 11.1992
11.2 11.219357
11.3 11.370682
11.8 11.38372
11.999998 11.757862
11.1 11.115587
11.7 11.456373
11.999998 11.9254
11.8 11.791147
11.1 11.236995
11.999998 11.719565
11.3 11.461
11.1 11.0948
11.3 11.421467
11.7 11.545732
12.399998 11.98572
9.79897 10.056107
12.399998 12.527211
11.2 11.300717
11.8 11.831155
11.900001 11.8337965
12.344125 12.504695
11.2 11.452423
11.1 11.247992
11.2 11.232806
12.699998 12.112655
11.3 11.45986
11.8 11.769996
11.2 11.163585
11.400001 11.55044
13.699981 14.571762
10.40103 10.482747
11.8 11.851332
11.900001 11.942474
12.499997 12.420345
11.8 11.809165
11.3 11.320188
12.799992 13.415544
11.900001 11.927804
11.599999 11.717301
11.2 11.239686
11.2 11.19513
12.1 11.632422
11.1 11.185545
12.622879 12.185847
10.224938 9.935709
11.1 11.271446
11.2 11.246163
11.5 11.571992
11.900001 11.581993
11.8 11.83862
11.2 11.1656065
10.70206 10.591468
11.900001 11.918125
11.8 11.705368
11.2 11.194589
11.8 11.74515
11.2 11.412804
11.5 11.438581
12.622879 12.665321
13.500008 12.028566
11.1 11.055138
11.2 11.155061
11.2 11.274159
11.2 11.215466
13.999974 14.014576
11.900001 11.885288
11.1 11.0835
11.3 11.4023905
11.7 11.732243
11.8 11.892973
11.900001 11.89227
11.180922 12.082346
10.622879 10.4484
11.599999 11.777957
11.599999 11.789344
11.900001 11.967838
10.1 9.836716
11.8 11.563627
11.3 11.453293
15.299971 15.68564
12.899998 12.987465
11.5 11.531417
11.3 11.339373
11.3 11.314196
11.5 12.77372
12.799992 11.7538595
11.7 11.671622
11.400001 11.402422
12.299998 13.771307
11.7 11.731219
11.900001 11.919693
11.7 11.782875
11.599999 12.733564
11.8 11.654312
11.900001 11.845183
11.1 11.160113
11.8 11.724812
11.3 11.36475
11.999998 11.755369
11.999998 11.829731
11.3 11.384054
11.900001 11.955968
10.307609 10.455294
11.599999 11.677022
11.1 11.149998
11.1 11.137749
11.2 11.272692
11.3 11.465807
11.1 11.10633
14.1 12.66698
11.2 11.434765
11.2 11.198429
11.2 11.276136
12.1 11.996975
11.2 11.567749
14.400163 13.945732
11.1 11.109381
11.8 11.855187
12.399998 12.760448
14.79897 12.562337
11.2 11.173393
12.499997 12.866521
11.5 11.238236
11.900001 11.832773
11.999998 12.861998
12.986056 12.752129
11.8 11.828626
11.3 11.679997
11.900001 11.812124
11.5 11.505108
11.2139435 11.454526
11.2 11.251742
11.1 11.508589
10.40103 10.983007
11.79897 12.249465
11.900001 11.874058
11.1 10.969389
11.5 11.285175
11.3 11.292941
12.399998 11.866017
11.15 11.426354
11.7 11.574524
14.1 14.141813
10.70206 10.67048
11.400001 11.477584
12.499997 12.247967
11.1 11.163478
11.1 11.628374
11.8 12.953992
11.1 11.199688
11.1 11.031563
11.1 11.207979
11.999998 14.3707285
11.5 12.016509
11.1 11.2844305
11.1 11.045509
11.2 11.21192
12.399998 11.788374
11.1 11.09384
11.900001 11.926812
11.2 11.590333
11.599999 11.545336
10.40103 9.7256775
12.499997 11.692487
11.49794 11.658748
11.1 11.480482
13.59485 13.59195
12.392429 12.199276
11.8 11.749457
11.2 11.293715
11.2 11.263898
13.122276 13.167645
11.7 12.090037
11.400001 11.383177
10.224938 9.9606285
11.7 11.651281
11.999998 11.823048
11.8 11.746101
11.8 11.889771
11.1 11.497183
10.1 9.978834
11.1 11.444798
12.399998 12.208097
11.2 11.148343
11.8 11.765424
11.2 11.993644
11.5 11.671087
11.8 11.393275
14.1 14.4765625
11.3 11.482544
11.3 11.437913
11.900001 11.898656
11.900001 11.836876
11.3 11.851114
10.8 10.961338
11.5 11.426023
10.224938 10.1725645
12.799992 12.671045
11.5 11.680512
12.299998 12.197747
11.5 11.582643
11.8 11.804565
11.5 11.671206
11.1 10.944538
13.500008 11.988303
12.899998 11.975853
12.1 12.020587
11.2 11.084511
11.1 11.215024
11.7 11.207595
10.40103 10.912427
11.7 12.094938
11.2 11.527858
12.1 11.344691
11.2 11.229335
11.900001 11.917724
11.900001 11.8639765
12.199999 11.971417
11.3 11.32892
11.2 11.35268
12.199999 12.082087
10.224938 10.408096
11.7 11.594761
11.8 11.784843
11.031815 10.776245
10.923909 10.762553
11.5 11.519552
11.3 11.426023
11.2 11.23293
11.599999 11.609633
11.7 11.615921
11.900001 11.890327
12.399998 11.654592
11.2 11.419596
11.2 11.21019
11.2 11.186308
11.2 11.148962
11.7 11.723505
11.400001 11.500698
11.999998 11.813918
11.1 11.179692
13.191515 13.133514
10.3 10.140924
13.1 11.789497
13.200015 12.765818
11.999998 12.036303
11.1 11.168095
9.70206 9.132993
11.2 11.067679
9.40103 9.733119
11.5 11.53147
11.900001 11.821293
12.499997 12.325089
11.900001 11.921397
11.900001 11.953101
11.900001 11.858064
10.4 10.420356
11.2 11.384394
11.7 11.708491
11.1 11.151886
11.1 11.17111
11.3 11.293068
11.599999 11.770945
11.40103 11.409183
11.2 11.218749
11.5 11.385839
11.900001 11.90913
11.8 11.825275
12.1 12.120774
11.2 11.267809
12.1 12.243275
10.79897 10.767505
11.999998 11.73336
10.581486 10.755702
11.5 11.858209
11.3 11.158809
11.3 11.348329
12.599997 11.895202
13.1 12.581971
12.93459 12.077256
11.599999 11.723556
11.8 12.271872
13.000009 12.538633
11.5 11.585359
13.191515 13.179678
11.1 10.99773
12.599997 12.424307
11.2 11.445579
11.2 11.3077
12.122276 11.644304
11.900001 11.706009
11.3 11.42686
11.1 11.237459
11.900001 11.920596
11.3 11.262894
11.3 11.383904
12.399998 12.493246
11.8 11.839419
11.3 11.423787
11.2 11.298404
11.2 11.298967
12.299998 13.001236
11.7 11.4226055
14.1 14.614606
11.3 11.279844
11.7 11.741506
11.1 10.981858
11.976935 11.991825
11.3 11.223575
11.400001 11.249264
12.499997 11.515377
11.900001 11.821585
11.3 11.46747
11.5 11.508648
11.418758 11.426236
11.599999 11.674597
12.199999 12.240572
11.599999 11.59256
11.999998 11.569512
11.435792 11.316036
11.3 11.266834
11.900001 11.64131
13.1 12.666487
11.2 11.251804
11.400001 11.416144
12.899998 14.021297
12.499997 11.34584
11.5 11.625838
11.3 12.142928
11.1 11.159238
11.254902 11.252249
11.900001 11.884575
11.599999 11.603683
11.900001 11.877668
11.900001 11.726979
11.400001 11.363584
11.3 11.380333
9.79897 9.519171
12.299998 12.1737385
10.70206 10.905386
11.8 11.464191
12.299998 12.237623
11.1 11.05583
11.79897 11.282584
14.999629 14.781451
11.2870865 10.97782
11.7 11.78613
11.8 13.339288
11.400001 11.456788
11.2 11.406499
15.600313 15.061835
11.3 11.571993
11.900001 11.936928
11.900001 11.77981
11.1 11.154814
11.8 12.355526
11.400001 11.587978
12.599997 11.655245
11.999998 12.080161
11.599999 11.628794
11.7 11.607051
11.2 11.997491
12.699998 11.574257
11.2 11.284725
11.108774 11.361025
11.1 11.236444
12.399998 12.011411
11.599999 11.996305
11.3 11.38289
11.8 11.754009
11.400001 11.509689
11.2 11.478227
11.599999 11.82042
14.79897 13.221023
11.2 11.504855
12.599997 12.691268
11.7 11.604964
11.2 11.221928
11.900001 12.165192
10.020819 10.038076
14.700326 13.711002
12.199999 11.928792
11.8 11.8053665
10.79897 10.939493
10.622879 10.51027
11.2 11.176198
11.618557 12.274697
10.1 10.404576
11.1 11.269908
11.8 11.749338
11.456548 11.70264
13.600039 13.336952
10.40103 9.92606
11.5 11.59625
11.3 11.307176
11.2 11.349971
12.399998 12.031782
11.3 11.400715
11.1 11.128754
11.900001 11.714658
12.618579 12.130473
11.78403 11.302088
11.599999 11.268907
11.2 11.413411
12.1 11.457719
11.900001 11.877009
11.1 11.053127
10.224938 10.145855
12.020819 11.498561
11.900001 12.033378
11.2 11.207799
11.900001 11.816937
11.400001 11.388887
11.5 11.842967
14.1 14.256641
12.499997 12.126802
10.1 10.231689
11.2 11.37538
11.757577 11.531139
11.2 11.389036
11.7 11.713426
13.200015 12.877676
11.5 11.555054
14.1 13.422475
11.400001 11.488923
11.8 11.779575
11.1 11.136429
11.2 11.242389
11.8 11.867784
11.2 11.7655735
11.5 11.462452
11.8 12.3670435
11.2 11.790135
11.999998 11.967229
12.199999 12.131946
11.400001 11.4230585
12.1 12.404979
10.581486 11.026564
11.5 11.436885
11.999998 11.774843
11.400001 11.541002
11.8 11.811509
11.8 11.723797
11.999998 12.346669
11.7 11.7518835
12.199999 11.76413
11.3 10.638568
11.599999 11.319802
11.8 11.808835
13.800057 13.378815
11.3 11.050666
12.899998 11.460455
10.1 11.764242
10.788375 11.141392
11.2 11.119604
11.1 11.610929
13.899971 13.651178
11.7 11.531895
12.058607 11.925288
11.400001 12.118852
11.5 11.5061865
11.2 11.15117
11.1 11.062826
11.2 11.300934
11.2 11.315091
11.2 11.436946
14.1 12.261737
12.499997 12.400204
12.399998 12.708504
11.900001 11.871335
14.200179 13.247764
11.7 11.632694
11.8 11.811877
11.7 11.748126
11.1 11.556126
10.6 10.430318
10.9 11.594603
11.1 11.080089
11.2 11.286947
13.800057 12.604563
11.400001 11.474687
11.900001 11.872423
11.400001 11.474814
11.999998 11.3349495
11.7 11.717072
11.1 11.287418
11.8 11.802482
12.599997 12.06874
11.599999 11.720181
12.1 11.991701
11.3 11.480509
11.900001 11.925156
10.622879 10.4911785
11.297911 11.7913475
11.3 11.527349
12.599997 11.684205
11.3 11.34365
11.1 11.197895
11.2 11.164118
13.089405 12.321157
11.923909 11.758272
11.3 11.403684
11.999998 11.997295
11.2 11.394621
10.9 10.764017
12.1 11.424711
11.126872 11.265866
14.700326 14.388728
10.861686 11.117103
11.5 11.826417
13.299971 13.096142
11.2 11.355931
11.7 11.834977
11.1 11.3086195
13.399989 13.616802
11.2 11.198104
11.5 11.430062
11.1 11.019536
11.599999 11.678876
11.2 11.265479
11.400001 11.517925
11.7 11.614769
12.799992 12.110872
11.5 11.875927
10.70206 10.8156395
11.400001 11.764794
11.2139435 11.556358
11.7 11.857979
10.40103 10.281593
12.40103 12.353481
11.8 12.423926
11.7 11.159461
11.999998 11.88913
12.1 11.77153
12.877283 11.507273
12.299998 11.956497
11.8 11.829786
10.1 10.15234
11.5 11.640534
11.3 11.613355
11.3 11.36422
11.999998 11.843825
10.351812 10.122626
11.3 11.399974
13.699981 12.66718
10.59485 11.667461
11.1 11.170116
14.1 14.308517
11.7 11.842317
10.1 9.859682
11.1 11.245518
11.999998 11.83514
11.2 11.202882
13.79897 13.811146
10.2 10.399759
11.8 11.783479
11.622879 11.154323
10.3 10.899561
11.2 11.498857
11.2 12.541888
11.2 11.625298
11.900001 11.8604145
14.200179 13.569113
11.400001 11.620754
11.599999 11.4437475
11.2 11.352984
11.2 11.2198105
11.3 11.427264
11.2 11.732662
11.3 11.38896
11.3 11.358654
11.400001 11.48098
11.900001 11.923043
11.999998 11.851042
11.599999 11.435418
11.900001 11.146908
11.1 11.156097
11.2 11.189915
13.1 12.602134
10.8 10.19746
11.400001 11.45341
11.2 11.266243
11.1 11.426273
11.3 11.366516
11.8 11.807265
11.2 11.122743
11.3 11.334723
11.2 11.19167
11.2 11.467389
11.8 11.854953
11.2 11.128652
11.599999 11.886832
12.665546 12.938021
14.299971 13.09033
11.900001 11.859364
11.400001 11.716616
11.2 11.218251
11.599999 11.253652
11.807744 12.0846615
11.2 11.154959
10.4 10.295582
11.599999 12.533418
11.599999 11.623659
11.900001 11.900984
11.999998 11.887041
11.900001 11.918376
11.8 11.785341
11.1 11.322521
11.599999 11.558165
11.1 11.134586
11.900001 11.923155
11.5 11.4599
12.899998 12.977055
11.1 11.44306
11.1 11.822403
11.1 11.086896
10.2 10.139133
11.599999 11.530687
11.5 11.54606
11.8 11.85789
11.5 12.252806
11.999998 11.917792
11.5 11.743186
12.899998 13.322233
11.1 11.187154
14.200179 13.133259
10.4 10.450171
11.5 11.758382
12.1 12.001025
11.2 11.32624
12.299998 11.645878
11.1 11.064553
11.2 11.463195
11.3 11.360579
11.1 11.24268
11.900001 11.859989
11.1 11.900029
11.7 11.699793
11.999998 11.813544
11.999998 11.595981
10.738272 10.712386
11.2 11.1506
11.400001 11.469465
13.999974 12.192202
11.5 11.484679
12.299998 12.179886
11.5 11.725282
11.2 11.306715
11.599999 11.277393
11.1 11.110028
11.5 11.604416
11.2 11.244511
11.897941 11.806738
11.400001 11.450758
14.999629 14.246474
12.499997 13.044088
11.1 11.469618
11.2 11.317406
11.999998 12.167752
11.7 11.690874
10.89724 10.655427
11.599999 12.160836
12.821246 13.227257
10.9 11.122979
12.847147 11.989902
11.3 11.409923
10.622879 10.605284
11.1 11.151988
11.5 11.461666
10.622879 10.563207
11.8 11.804064
11.900001 11.90142
11.1 11.399061
13.899971 15.036199
11.599999 11.630797
11.5 11.520847
11.7 11.622694
9.79897 9.655102
11.3 11.431187
11.900001 11.942747
11.7 11.730336
11.2 11.252516
11.2 11.320351
13.078811 13.487743
10.79897 11.030885
11.1 11.078002
10.8 10.938636
11.400001 11.416458
14.79897 15.01749
10.1 10.097057
11.2 11.2140665
12.1 11.885868
11.3 11.613482
12.799992 12.140352
11.3 11.57726
11.999998 12.018145
11.1 11.298147
11.400001 11.515157
11.1 11.082923
11.599999 11.575298
11.1 11.449294
11.5 11.798906
11.1 11.251494
10.5 10.8297
11.5 12.163853
12.1 11.409796
11.2869625 11.380951
11.999998 12.416996
11.2 11.258842
12.730784 13.422276
12.199999 12.00667
12.299998 12.047535
11.1 11.152201
11.1 11.161876
12.1 11.883841
11.2 12.252541
11.900001 11.89455
11.3 11.513672
11.599999 11.333086
15.280456 14.550581
10.637602 10.759453
13.399989 12.035542
11.2 11.586048
11.5 11.9670925
12.199999 12.196516
11.400001 11.4418955
11.1 11.009939
11.999998 12.017618
11.3 11.306118
11.8 11.569215
11.2 11.452734
11.599999 11.734195
11.3 11.643076
11.108774 11.247081
11.599999 11.636942
11.400001 11.400091
11.900001 11.807858
11.2 11.5358305
11.900001 11.922315
11.5 11.59491
11.7 11.810157
11.2 11.255246
11.2 11.19435
11.2 11.30137
11.400001 11.4404335
11.900001 11.8903475
11.2 11.251598
11.3 11.190882
11.900001 11.832004
11.3 11.402798
11.2 11.193443
13.280456 13.069302
11.8 11.766452
11.5 11.419541
11.8 11.786494
11.5 11.5815735
12.199999 11.970064
11.1 11.243179
11.5 11.583382
11.1 11.332883
11.400001 11.518797
11.2 11.300001
12.254902 12.300298
11.900001 11.853739
10.8 11.120669
11.2 11.646327
12.599997 11.771151
11.900001 11.843986
11.599999 11.624086
11.999998 12.203291
11.2 11.32436
11.999998 11.981174
11.1 11.137495
11.8 11.336599
11.2 11.001354
11.1 11.209961
11.2 11.2201395
12.399998 12.334015
11.7 11.786167
11.900001 11.914927
11.2139435 11.415799
11.0 11.01083
11.7 11.735888
11.622879 11.51506
11.2 11.16341
11.8 11.750135
11.999998 12.033835
12.599997 12.782988
11.2 11.200572
10.8 10.721365
11.3 11.206837
11.2 11.41075
11.5 11.55425
11.1 11.326291
12.599997 12.684682
11.641513 11.694495
11.599999 11.662682
12.699998 11.977376
11.3 11.448929
11.2 11.233769
11.1 11.152017
12.1 12.4641
10.9 11.043199
11.999998 11.857227
10.336572 11.360879
11.5 11.572214
11.2 11.525723
11.900001 12.092505
11.1 11.107792
11.79897 11.743501
12.879892 13.330771
12.199999 12.764903
11.900001 12.026079
13.299971 11.975773
13.543697 13.603032
11.911955 11.872926
12.199999 12.538491
11.2 11.202629
11.3 11.61351
11.2 11.861309
13.1 12.304514
12.504504 12.4990225
11.2 11.278746
11.2 11.310099
11.1 11.14372
11.1 11.153617
11.3 11.423882
11.2 11.207986
11.3 11.429396
11.3 11.446193
11.7 11.743316
12.1 12.30167
11.1 11.126094
11.400001 11.4676695
10.70206 10.818722
10.738272 10.729574
11.2 11.444737
11.900001 11.743863
11.900001 11.931654
11.7 11.85816
11.400001 11.375102
11.900001 11.830924
11.400001 11.4644375
13.600039 12.559965
13.439989 13.618866
12.199999 12.042041
11.1 11.1040125
10.40103 10.14776
11.2 11.246347
11.8 11.791563
13.200015 13.326703
15.175721 14.5917845
11.999998 12.620657
11.1 11.101092
11.8 11.790162
11.8 11.811212
11.3 11.317104
11.7 11.713759
10.49794 10.843026
10.627244 10.2710905
11.1 11.301004
10.6 10.76401
11.400001 11.447582
12.199999 12.298067
11.3 11.383
11.8 11.768867
12.299998 12.192737
13.1 11.825862
11.5 11.563691
11.1 11.582798
11.999998 11.899936
11.1 11.071311
11.599999 11.605979
11.2 11.1661005
11.5 11.524318
11.7 11.7209425
11.1 11.12179
10.3 10.706411
11.5 11.529861
10.3 10.072682
11.2 11.15608
11.400001 11.511911
11.7 11.810615
11.5 11.474045
11.5 11.534587
11.900001 11.909561
11.2 11.139269
11.1 11.095271
12.499997 11.999087
11.599999 11.609869
11.8 11.778773
11.1 11.2510195
12.399998 12.89166
11.7 11.71728
11.8 11.823048
11.900001 11.896115
11.900001 11.939466
11.1 11.0957
11.8 11.817697
15.684434 14.044727
11.5 11.567621
11.2 11.205911
11.3 11.3253565
11.1 11.090714
11.3 11.274457
12.199999 11.917929
12.599997 12.710762
11.2 11.345133
11.400001 11.602525
11.599999 12.537728
11.1 11.4449625
11.599999 11.762558
11.3 11.374075
11.2 11.174946
12.499997 11.303866
11.7 11.739187
11.3 11.58932
11.900001 11.793658
12.599997 11.756829
11.3 11.354477
11.7 11.681161
11.900001 11.544088
11.1 11.231889
11.8 12.212804
12.899998 12.714152
11.2 11.271108
11.2 11.206031
12.499997 11.631243
11.2 11.34228
11.900001 11.643737
11.5 11.350068
11.7 11.75254
11.2 11.451336
11.2 11.145333
11.1 11.178002
11.7 11.819601
11.599999 11.471641
11.3 11.417102
11.5 11.548206
11.5 11.519498
11.2 11.712078
11.3 11.7985
11.1 11.162695
11.1 11.014133
11.900001 11.92225
11.999998 12.059736
11.900001 11.972552
12.599997 12.299738
13.399989 13.637375
11.900001 11.684955
12.199999 12.201156
11.5 11.553877
13.800057 13.351043
12.199999 12.395568
11.599999 11.728558
12.299998 11.498817
13.800057 13.205645
12.499997 11.966573
13.699981 12.753991
11.900001 11.817752
11.5 11.631316
11.8 11.78322
11.684318 11.764495
11.900001 12.438557
10.40103 10.2230015
12.399998 11.784218
11.7 11.666189
11.5 11.58935
11.2 11.21947
12.299998 11.990408
11.2 11.274693
11.3 11.335548
13.000009 13.856195
12.299998 12.573397
11.2 11.305959
12.699998 12.782593
11.7 11.700283
13.299971 12.001223
14.160929 13.466666
12.122276 12.641878
11.7 12.257419
12.794648 12.386705
11.900001 11.813121
11.5 11.557773
11.900001 12.57184
13.500008 12.444628
11.900001 11.948992
11.5 11.331639
11.400001 11.358654
12.499997 12.266756
11.1 11.30943
11.8 11.860707
11.944664 12.159653
12.899998 12.425212
11.999998 11.916865
14.254902 14.738346
11.7 11.818849
11.8 11.780146
11.2689295 11.307022
11.2 11.368331
13.261151 11.1828985
11.599999 11.546079
11.3 11.435255
10.622879 10.435999
11.1 11.163481
11.2 11.238454
11.900001 11.955371
11.2 11.322491
11.999998 12.064177
14.1 14.268989
10.5 10.653561
13.299971 13.478074
11.900001 11.792311
11.900001 11.8728695
10.622879 10.390975
11.2 11.243103
11.599999 11.649431
11.2 11.333177
10.622879 10.529152
11.3 11.8688545
11.5 11.729755
11.8 11.824367
11.7 11.645441
11.2 11.193888
12.799992 12.280788
10.336572 10.841287
11.8 12.368592
11.5 11.676622
12.5685215 12.51583
11.1 11.234286
12.520216 14.005583
12.399998 11.564958
11.900001 11.906339
11.400001 11.652127
11.400001 11.540572
13.600039 12.016838
12.59485 13.390001
11.1 11.540542
12.899998 11.730242
10.2 10.35649
10.131517 10.941992
12.799992 11.953309
11.7 11.763056
11.8 11.835295
13.299971 12.323722
11.2 11.269264
11.2 11.272619
11.3 11.483751
11.145758 11.046951
11.7 11.546384
14.1 14.647621
11.3 11.345787
11.2 11.270353
10.89588 11.444162
12.1 11.881692
14.600313 14.276876
11.3 11.3492775
10.1 10.636283
11.520216 10.942953
11.400001 11.310525
11.1 11.572028
11.599999 11.526218
13.899971 11.888622
11.900001 11.898826
12.299998 12.040124
12.249986 12.241072
11.900001 11.887766
13.600039 13.554378
11.900001 11.844429
11.599999 11.768334
11.1 11.092385
11.1 11.276538
11.900001 11.932573
11.900001 11.886513
12.199999 12.108829
11.5 11.605661
11.3 11.512179
11.900001 11.557699
11.1 11.119101
11.5 11.52591
11.3 11.736191
13.000009 12.044073
11.400001 11.224319
10.1 10.413223
11.400001 11.410926
11.7 11.774009
11.2 11.481227
11.7 12.274674
11.599999 11.375183
12.699998 12.032432
11.5 11.465339
11.999998 12.054444
11.2 11.25674
11.599999 11.230911
12.299998 11.542786
11.8 11.39906
11.1 11.116791
11.599999 11.672254
11.2 11.687254
11.900001 11.605543
12.199999 11.999377
11.7 11.677141
11.5 11.37129
11.999998 12.149387
10.2 11.222022
11.2 11.496458
12.699998 12.267703
11.599999 11.557883
12.1 11.856959
11.2 11.328099
13.800057 13.51421
11.400001 11.553611
13.500008 12.379145
12.699998 12.089568
11.2 11.198871
11.1 11.023029
12.499997 12.061225
12.926814 12.894289
11.7 11.788426
10.40103 10.154745
11.1 11.238102
11.2 11.202236
11.1 11.098933
11.1 11.108072
11.599999 11.638364
11.7 11.747198
11.900001 11.871486
11.2 11.3396845
11.400001 11.424662
11.2 11.191996
11.2 11.225432
11.8 11.755378
11.5 11.680028
11.5 11.688021
11.3 11.571543
11.7 11.758176
11.3 11.308292
11.8 11.783536
11.599999 12.007132
13.104364 11.777382
11.3 11.363665
11.900001 11.905013
11.1 11.611467
11.2 11.322483
11.8 11.836975
11.400001 11.410574
11.900001 11.824531
12.299998 12.263612
11.999998 12.019528
11.7 11.7060175
11.900001 11.839347
11.2 11.64862
12.1 11.766567
15.1 15.129265
9.49794 9.492325
12.199999 12.279608
11.622879 11.038862
12.651294 12.525331
10.70206 10.693268
14.700326 15.036901
11.900001 11.842165
12.699998 12.446662
12.699998 12.667065
11.1 11.021658
11.5 11.4646015
11.5 11.447907
11.999998 12.011504
11.599999 11.713038
11.2 11.323977
11.2 11.228759
12.799992 12.452436
13.40103 13.403031
12.199999 11.902087
12.399998 12.950035
13.000009 12.783621
11.1 11.28092
11.2 11.321434
11.5 12.43562
11.2 11.250699
12.299998 11.932695
11.2 11.239822
11.1 11.293484
11.3 11.3375845
11.8 11.74016
11.1 11.1382
11.400001 11.408238
12.379841 12.262301
13.399989 13.053575
11.2 11.390965
12.699998 12.492696
11.1 11.302895
14.299971 13.696159
11.5 11.62521
11.7 11.692139
12.199999 11.7761345
11.8 11.379941
11.400001 11.416965
10.4 11.09362
11.3 11.457225
11.900001 11.833951
11.2 11.212303
13.1 14.105062
11.900001 11.837774
12.145758 12.0046835
11.8 11.818953
12.199999 11.840643
12.699998 12.3062105
11.2 11.301779
11.7 11.739842
11.1 11.207495
11.3 11.339648
11.40103 11.383819
11.1 11.264766
11.2 11.198572
11.5 11.722809
10.5 10.607557
11.7 11.5202675
10.1 10.616015
11.2 11.27861
12.399998 12.076492
11.900001 11.85041
12.300659 11.919213
11.3 11.322376
11.1 11.206439
11.900001 11.864077
11.3 11.412153
13.600039 13.527304
12.599997 12.691061
11.599999 11.833759
12.499997 11.86685
11.2 11.255686
11.5 11.53371
11.2 11.486324
10.6 10.745929
10.3 10.740297
11.999998 12.002573
11.1 11.411977
11.8 11.782169
11.2 11.262477
12.799992 14.029256
11.0 10.824019
11.5 11.586931
12.199999 11.88501
11.7 11.766372
12.599997 12.204605
12.799992 12.895562
11.7 11.782981
11.2 11.17009
11.599999 11.486019
11.5 11.486306
11.400001 11.412306
11.2 11.232579
11.599999 11.526064
11.3 11.367688
11.900001 12.016057
11.3 11.31405
11.2 11.224496
11.900001 12.044317
11.7 11.777527
11.2 12.380091
11.7 11.744214
11.1 11.252468
11.3 11.448765
11.900001 11.729859
10.2 10.332735
11.400001 12.018571
11.8 11.983363
12.299998 12.07318
11.900001 11.868803
13.446788 12.994455
11.1 11.217713
11.1 11.177226
11.7 11.569661
11.599999 11.439164
10.3 10.54425
11.2 11.361209
13.000009 11.902746
13.699981 13.339555
13.800057 13.035978
12.1 11.963776
11.2 11.2485485
11.599999 11.734027
12.799992 12.096729
11.2 11.2668
11.5 11.567614
10.869551 11.252202
11.2 11.190129
10.49794 10.417663
11.400001 11.414778
13.1 13.130723
11.900001 11.856473
11.1 11.072347
11.3 11.167111
11.727339 12.1073065
11.1 11.280894
11.5 11.701955
11.900001 11.934684
11.8 11.844175
11.7 11.807583
11.2 11.288277
11.8 11.412369
10.622879 10.7206545
11.1 11.128872
11.7 11.564288
11.5 11.519622
11.2 11.115526
11.900001 11.93936
12.199999 13.0096
11.7 11.635601
13.923909 12.900397
11.999998 11.797984
11.8 11.589369
11.8 11.840406
11.900001 11.840719
12.599997 12.238486
12.399998 11.852399
10.70206 11.0336895
13.79897 13.787657
11.1 11.103571
11.3 11.396395
11.900001 11.991686
11.400001 11.362699
11.3 11.346147
11.599999 12.08282
11.900001 11.940622
11.1 11.501238
11.8 11.800217
9.986056 9.630219
12.799992 12.33704
11.2 11.272317
9.79897 9.712888
12.699998 12.563204
10.70206 13.493416
12.1 11.855365
12.299998 11.813726
11.3 11.343384
14.700326 13.848963
11.122276 11.490683
13.1604805 12.558078
11.999998 11.763648
11.1 11.099859
11.5 11.438987
11.2 11.274654
11.900001 11.770739
11.1 11.092622
11.400001 11.397059
11.400001 11.5243635
15.200179 13.500305
11.5 11.610558
11.3 11.451679
11.3 11.5100765
11.254902 11.239613
11.400001 11.429006
11.599999 11.548623
11.5 11.468928
11.999998 11.958925
11.2 11.306298
10.1 10.15648
11.2 11.193082
13.000009 13.651304
14.500117 13.812584
11.2 11.259489
11.1 11.165433
12.096055 11.967978
11.599999 12.209465
11.900001 12.003076
12.899998 11.967645
13.63027 11.957314
11.2 11.404259
11.400001 11.465751
11.999998 11.785863
12.299998 11.946403
11.900001 11.841303
13.500008 12.285547
11.7 11.66502
11.3 11.45165
11.1 11.107687
11.599999 11.566892
11.1 11.508822
11.7 11.657519
10.1 10.044796
11.900001 11.902416
12.532973 12.37443
14.500117 13.546754
13.749991 13.913561
14.1 14.40662
11.1 11.090632
10.5 10.718326
11.900001 11.873381
12.399998 12.407913
10.020819 10.05289
11.599999 11.603712
10.40103 10.386797
11.2 11.27238
11.5 11.653001
11.1 11.096994
12.199999 13.421261
11.7 12.340454
12.699998 12.634696
11.3 11.395946
12.020819 12.107651
11.5 11.458419
11.999998 11.9865
11.5 11.857475
11.2 11.319229
11.2 11.433488
11.1 11.139813
11.900001 11.891097
11.999998 11.889392
12.199999 11.958033
13.738272 11.571928
11.400001 11.544154
13.500008 12.604053
11.7 11.444374
11.2 10.889249
12.483 12.05864
10.3 10.224462
13.800057 13.0438
13.1 11.592108
13.600039 13.46001
11.7 11.742782
14.400163 14.527167
12.299998 12.058148
11.599999 11.196365
11.900001 11.84291
11.1 11.324904
11.5 12.097584
12.728932 12.972686
11.3 11.391818
10.70206 10.508386
12.923909 12.963257
11.5 11.546111
13.466532 12.619926
11.578862 11.53992
11.7 11.450968
10.40103 11.089023
12.899998 13.269405
11.1 11.022431
11.2 11.221983
11.900001 11.894976
11.8 11.949
11.1 11.225293
11.900001 11.905473
11.8 11.546647
11.2 11.39442
11.2 11.458621
11.8 11.204254
11.900001 11.916419
11.2 11.327373
12.299998 12.696798
12.599997 12.480848
12.1 12.072495
11.400001 11.414479
11.5 11.493865
11.2 11.2750435
12.699998 11.923683
11.2 11.201603
12.899998 12.667405
11.2 11.193993
11.5 11.496102
11.2 11.128743
11.2 11.332368
11.2 11.241985
11.2 11.38172
11.1 11.21357
11.2 11.300478
11.2 11.214628
12.1 11.738633
11.8 11.423018
11.900001 11.782402
11.3 11.697564
11.2 11.353904
14.1 14.961708
11.3 11.371985
11.5 11.599608
11.599999 11.676641
12.299998 12.279808
11.1 11.177877
11.400001 11.468522
12.456548 12.773985
12.799992 13.036508
12.299998 11.926392
11.900001 11.649231
13.200015 12.196619
11.8 12.130604
11.2 11.6067295
11.599999 11.726774
11.999998 11.916506
11.8 11.864932
12.599997 11.888063
10.1 9.995123
11.999998 11.536186
12.699998 12.410536
11.2 11.266998
11.177759 11.238916
12.1 11.962607
11.5 11.4828415
11.1 11.2368145
11.8 11.666514
12.1 13.040997
11.900001 11.9144745
11.5 11.561527
11.8 11.797046
11.400001 11.667875
11.5 11.643709
11.900001 12.415889
10.383997 10.120068
11.1 11.24539
11.1 11.2516
11.2 11.205311
13.729818 13.587079
11.7 11.880219
11.3 11.359496
11.400001 11.515696
12.881363 12.17034
12.1 11.422979
9.79897 9.653351
11.2 11.25807
13.999974 14.325131
11.8 11.718982
11.1 11.068827
11.599999 11.617256
11.2 12.005799
11.900001 11.878831
9.40103 9.280528
11.2 11.30545
11.7 11.645534
12.199999 12.749954
12.199999 12.965735
11.2 11.177008
11.2 11.375582
11.25 11.3436775
14.145758 13.753018
11.7 11.749929
11.900001 11.836698
11.1 11.181769
11.1 11.115486
11.1 11.405499
11.1 11.162871
11.999998 12.051154
11.5 11.502353
11.8 11.510716
11.1 11.121739
14.400163 13.203263
11.900001 11.90781
13.999974 13.675435
11.7 11.384639
11.5 11.549301
11.5 11.795451
11.999998 12.221706
11.3 11.443212
11.5 11.511862
13.986056 12.800104
11.2 11.43469
11.400001 12.446744
13.000009 13.283889
10.145758 9.961364
11.400001 11.485064
11.400001 11.449076
12.299998 12.799725
11.400001 11.396166
12.499997 12.275061
11.999998 11.883558
11.400001 11.642354
11.3 11.281148
11.3 11.5987835
11.8 11.787351
11.5 11.834155
11.5 11.528131
11.262469 11.346568
11.999998 11.987396
11.2 11.268888
11.2 11.643895
11.3 11.328229
11.900001 11.829733
11.1 11.12824
10.49794 10.465218
12.499997 12.299341
13.999974 13.641789
11.1 11.142934
10.622879 10.219305
11.1 11.26424
11.599999 11.370536
11.900001 11.887341
12.199999 12.116672
11.2 11.284151
11.1 11.136867
11.900001 11.670255
11.599999 12.172062
11.400001 11.398772
11.2 11.366576
11.3 11.3647175
11.5 11.523617
13.200015 13.203926
11.400001 11.38348
11.7 11.284297
11.400001 11.470128
11.900001 11.851089
11.3 11.406557
11.1 11.151485
12.399998 12.593082
11.2 11.275308
13.200015 13.2351675
11.1 11.27282
11.599999 11.626796
12.392429 12.771683
11.599999 11.870419
11.3 11.351763
11.5 11.521428
11.1 11.20429
15.29382 15.219287
11.7 11.75233
11.2 11.178818
11.8 11.533464
11.900001 11.994595
13.000009 12.269986
12.1 12.265553
11.1 11.156925
13.800057 13.901558
11.900001 11.693065
11.1 11.152479
11.2869625 11.407928
11.599999 11.528575
11.2 11.205849
11.2 11.360167
11.2 11.167444
11.2 11.213907
11.3 11.264412
11.5 11.527652
11.3 11.453365
13.1 12.877846
11.400001 11.301403
10.986056 11.18207
11.1 11.175997
11.8 11.816336
12.170581 12.245703
11.5 11.70787
13.1 13.76029
11.900001 11.8642235
13.000009 12.944907
13.699981 11.665942
11.1 11.038987
11.999998 11.469259
11.1 11.421834
12.199999 12.09172
11.599999 11.595729
10.3 10.0542145
11.3 11.287671
12.299998 12.251448
11.900001 11.8284445
11.2 11.326266
11.7 11.82501
11.1 11.131
11.999998 11.858014
11.2 11.299526
11.599999 11.607546
12.344125 12.40461
11.3 11.425212
11.2 11.338275
11.599999 11.668143
11.900001 11.941329
11.599999 12.094491
11.400001 11.840069
11.599999 12.604536
15.600313 14.630777
11.1 11.152175
11.5 11.919942
10.854487 12.247259
12.199999 12.094847
11.599999 11.547188
14.5685215 14.468636
11.3 11.336432
10.622879 10.910579
13.997126 14.043857
14.581486 13.592555
10.8 11.128514
9.49794 9.488553
11.5 11.783139
11.599999 11.946229
11.2 11.303577
12.699998 12.38853
11.2 11.181732
11.599999 11.647801
11.400001 11.333835
11.400001 11.518791
11.5 11.4823885
11.1 11.217889
11.5 11.504207
11.8 11.680988
12.599997 11.9058275
11.999998 11.826372
11.8 12.110192
11.1 11.15892
11.2 11.595077
11.999998 11.449111
11.2 11.6539135
11.1 11.103206
12.299998 12.107846
11.400001 11.861486
11.7 11.800872
11.8 12.207579
11.999998 11.93293
12.1 11.816814
11.8 11.762224
11.2 11.36657
12.1 11.749215
12.699998 12.416759
11.8 11.816728
11.900001 11.943531
11.1 11.317031
11.5 11.253065
11.058607 11.108842
11.900001 11.890845
11.900001 12.0100765
11.999998 11.9521675
11.1163435 11.1465645
11.3 11.192654
11.3 11.338831
11.58426 11.452942
11.400001 11.43421
11.8 11.891403
13.399989 13.046737
13.821246 14.228394
11.3 11.325619
13.299971 11.915547
14.299971 14.429323
11.637602 11.585978
11.2 11.240127
11.1 11.299598
11.999998 11.947763
11.8 11.689574
12.599997 12.61419
11.599999 12.211387
10.9 10.936379
11.400001 11.404608
11.5 12.966018
11.2 11.312181
11.7 11.757859
12.499997 12.837473
11.3 11.4452505
10.2 10.211263
11.599999 11.838594
11.2 11.321632
11.1 11.106124
12.499997 13.197618
11.7 11.798097
13.600039 12.784346
11.2 11.24448
11.5 11.639245
12.299998 11.714268
11.2 11.114376
11.1 11.107084
11.5 11.519368
12.599997 12.063192
13.1 12.324682
11.400001 11.448871
11.2 11.256908
11.400001 11.526284
12.401899 12.862206
9.79897 9.682716
11.543697 11.109455
11.400001 11.34854
11.900001 11.907551
11.599999 11.789056
10.70206 10.805845
14.1 14.201578
11.1 11.013976
11.8 11.824988
11.3 11.618948
9.941637 9.784641
11.2 11.744361
11.3 11.305894
11.900001 12.120339
11.599999 11.750819
11.5 11.763389
11.8 11.783772
11.2 11.186716
13.000009 12.34571
14.500117 14.002216
11.3 11.363176
11.8 11.78222
11.7 11.877975
11.1 11.012324
13.200015 12.55657
11.5 11.332798
10.1 10.138224
11.821246 11.544079
11.7 12.349897
11.8 11.611732
12.899998 12.745096
11.79897 11.530359
11.599999 11.912581
11.2 11.17291
11.1 11.3396225
11.599999 11.133859
11.3 11.265479
11.400001 12.046787
11.400001 11.403112
10.40103 10.2608795
10.70206 10.941823
12.799992 12.721798
10.40103 11.69332
12.899998 12.364986
10.869551 10.122163
11.900001 11.753107
11.900001 11.942476
11.1 11.157977
11.8 11.8384905
11.400001 11.441488
11.999998 11.966097
13.500008 13.487727
11.1 11.003337
11.108774 11.420303
11.1 11.220901
10.1 10.022148
11.3 11.433107
11.2 11.340773
12.299998 11.98369
10.622879 10.243962
12.1 11.816049
11.8 11.8606205
11.999998 12.004861
11.400001 11.555049
12.799992 11.70441
11.2 11.245385
11.8 11.953884
11.1 11.236941
11.1 11.501372
11.2 11.220123
10.5 10.20089
11.400001 11.420006
10.8447275 11.376196
11.8 11.767998
11.599999 11.609248
11.7 11.719689
11.3 11.44258
11.1 11.208839
11.2 11.289214
11.2 11.580028
11.7 11.74063
11.5 11.515156
11.2 11.307859
11.400001 11.382738
11.7 11.691272
11.1 11.123077
12.199999 11.54817
11.49794 11.702304
12.1 11.498561
11.7 11.747025
11.900001 11.979489
11.5 11.600371
11.900001 11.923994
11.3 11.414326
9.79897 10.078657
13.699981 12.68514
12.1 12.349945
11.1 11.64374
14.700326 14.255407
11.2 11.530269
11.2 11.305794
11.7 11.234543
11.900001 11.905039
14.400163 13.4523325
10.1 10.266139
11.900001 11.846646
11.2 11.328609
11.49794 11.48883
11.400001 11.267035
11.1 10.887658
11.5 11.932116
11.5 11.568051
11.900001 11.7066965
11.1 11.749157
11.8 11.843201
11.8 11.77652
11.400001 11.455184
13.600039 13.42495
11.1 11.383216
11.1 11.150917
12.699998 12.412359
11.1 11.618322
11.900001 11.954454
11.599999 11.657655
10.70206 10.614753
13.403085 12.702368
11.999998 11.650219
11.400001 11.494246
10.1 10.91106
11.1 11.031155
11.3 11.349166
12.599997 12.217562
11.1 11.190932
11.2 11.3134
11.5 11.575562
11.2 11.285329
11.3 11.325901
13.1 11.941837
12.799992 13.090774
11.3 11.373995
11.7 11.754555
11.1 11.119675
10.70206 10.671266
11.900001 11.905091
13.399989 13.377107
12.199999 13.451345
11.3 11.415111
11.2 11.263778
11.900001 11.414944
11.1 11.214561
13.299971 13.179599
11.1 11.252347
12.299998 11.9192705
11.599999 11.781045
11.2 11.1344
11.2 11.252962
12.199999 11.805559
11.400001 11.410025
11.900001 11.9340105
11.599999 11.833846
11.7 11.778295
11.3 11.8872385
12.1 11.5130205
11.5 11.489064
11.900001 11.760996
11.8 11.782926
11.599999 11.556876
11.2 11.243909
11.7 11.705546
12.599997 12.721266
14.500117 13.910311
11.2 11.182573
11.2 11.284025
11.900001 11.889471
11.8 11.781949
11.2 11.481682
11.1 11.16763
11.900001 11.6232195
11.400001 11.222456
11.7 11.579755
10.3 10.273664
11.900001 11.805687
11.900001 11.842709
12.799992 12.121553
11.599999 11.661444
11.8 11.898102
10.1 11.279391
11.599999 11.660661
11.7 11.427029
13.466532 12.702184
12.299998 12.42317
10.59485 10.516249
11.900001 11.779873
10.932683 10.324519
14.273925 14.135061
11.900001 11.967917
11.5 11.619361
11.1 11.232841
10.7 10.7037525
11.3 11.290701
14.19691 11.717075
11.2 11.239872
13.200015 12.588583
11.1 11.133236
11.8 11.753966
12.899998 11.66231
10.1 11.100103
11.1 11.216838
11.8 11.813129
11.2 11.395867
11.2 11.215021
13.200015 11.823663
11.1 11.300399
9.79897 9.63542
11.1 11.116174
12.349492 11.418945
11.1 11.033464
11.5 11.618378
11.1 11.109929
11.3 11.304383
11.1 11.180776
11.1 11.015544
10.70206 10.624611
12.399998 12.346003
11.8 11.727078
11.2 11.257005
11.599999 11.635172
14.600313 13.360163
11.2 11.294339
13.000009 13.094405
12.248742 11.593902
11.400001 11.395369
11.7 11.745262
11.2 11.384293
11.1 11.138507
12.399998 12.109445
13.000009 12.140044
12.299998 12.976448
11.400001 11.367444
10.2 10.439121
11.1 10.95452
11.900001 11.972734
10.3 10.704393
11.2 11.230282
11.8 11.246399
11.1 11.321635
11.400001 11.348752
11.400001 11.471956
12.1 12.690946
11.599999 11.675575
11.2 11.352978
11.1 11.248611
11.7 11.701377
11.999998 11.712944
11.3 11.461579
11.1 11.109125
11.8 11.8408375
11.3 11.372495
12.199999 12.083252
11.2 11.311163
11.900001 11.887216
12.699998 12.394642
11.2 11.34119
14.419664 15.179662
12.599997 12.814042
11.5 11.546112
11.2 11.293398
11.1 11.163356
12.300659 12.434483
11.2 11.252434
11.599999 11.693599
11.400001 11.389288
12.146482 13.170609
12.599997 12.5846405
11.1 11.032423
12.899998 12.591429
11.1 11.162284
11.1 11.067233
11.900001 11.86153
11.3 11.564367
11.2 11.324031
11.999998 12.015402
11.900001 11.925443
13.999974 12.663962
10.8 10.917894
11.3 11.598798
11.1 11.13083
11.5 11.479648
11.3 11.378798
13.800057 12.722023
11.5 11.639887
11.1 11.038496
11.599999 11.633357
11.3 11.340181
12.721546 12.12323
13.1 12.3743925
11.5 11.5197
11.1 11.119338
11.1 11.032161
11.8 11.316032
10.1 10.3175335
11.900001 12.779295
11.3 11.202853
11.782456 11.635675
11.5 11.809529
10.3 10.7587185
11.923909 11.594795
10.1 10.078579
11.3 11.3792715
11.400001 11.533469
10.6 10.342064
11.1 11.205699
11.400001 11.666938
12.199999 12.8932495
11.8 11.636391
11.999998 11.959555
11.599999 11.258293
10.70206 10.8103
11.8 11.776069
13.200015 12.323366
11.3 11.453392
11.1 11.1471195
13.200015 12.484089
11.3 11.282492
11.7 11.698887
11.7 11.633564
11.599999 11.609188
11.2 11.225386
11.599999 11.689033
13.500008 12.671722
12.499997 13.024696
11.8 11.820383
12.899998 12.768629
11.900001 11.836682
11.1 11.1013775
11.5 11.56905
11.900001 12.078608
11.999998 11.907493
11.2 10.863598
11.1 10.652417
14.5685215 15.114285
11.900001 11.873255
11.8 11.745546
12.399998 11.707359
11.900001 11.94276
11.3 11.410714
11.999998 11.803084
11.7 11.771686
10.8 10.869431
11.7 11.766973
11.3 11.595658
11.721602 10.963547
13.248742 14.181304
13.200015 12.630198
11.2 11.497513
11.8 12.01216
12.199999 11.728389
11.400001 11.521855
11.1 11.182516
11.2 11.481556
11.2 11.54099
13.299971 12.743454
12.1 12.2523775
11.8 11.827107
11.8 11.794648
11.8 11.695653
11.7 11.841042
12.499997 11.827193
11.900001 11.96509
11.999998 11.855544
13.699981 12.209084
12.020819 11.38704
11.7 11.627196
12.1 11.670053
11.900001 11.904419
11.1 11.365984
11.1 11.136191
11.400001 11.42866
12.601689 12.763103
11.1 11.312987
11.999998 11.956029
11.999998 11.946569
12.799992 12.954935
11.8 11.777099
11.2 11.29065
11.5 11.508161
11.2 11.20932
11.999998 11.471281
12.199999 11.839966
11.8 11.677776
11.599999 11.835532
13.104364 11.221417
10.622879 10.722439
13.899971 13.568217
11.3 11.304901
11.400001 11.239449
11.2 11.244959
11.2 11.42141
11.900001 11.871846
11.2 11.2443695
11.923909 11.309574
11.2 11.166363
11.400001 11.919547
11.2 12.094128
11.900001 11.896695
11.8 11.8047905
11.7 11.471139
12.55967 12.352218
13.000009 11.532987
11.2 11.276777
11.1 11.138058
11.5 11.588509
11.1 11.1409645
9.40103 9.723755
11.400001 11.785725
11.900001 11.81547
11.425138 11.29202
11.1 11.185419
11.242667 11.140701
10.5 10.893763
12.699998 12.133675
11.1 11.20462
11.3 11.294334
12.1 11.850363
11.999998 11.757982
11.2 11.384371
13.000009 12.670057
11.999998 12.339437
11.400001 11.451252
14.600313 14.228997
11.738272 11.635206
11.1 11.289893
11.8 11.785259
11.1 11.263392
11.900001 11.877304
10.719789 10.405121
11.599999 11.59557
11.400001 11.408665
12.799992 12.832722
11.2 11.3356085
11.25 11.497292
11.3 11.759147
12.1 12.927796
12.699998 12.732191
11.599999 11.717226
11.70103 11.713007
13.026317 13.647178
12.191515 11.981196
11.1 10.647453
11.999998 11.900935
11.1 11.164609
11.400001 11.576763
11.900001 11.867014
11.1 11.238345
11.5 11.507967
11.1 11.352878
11.5 11.598569
11.400001 10.683525
11.599999 11.624495
12.199999 12.279128
11.1 11.2294
11.5 11.589504
11.2 11.301909
11.2 11.392813
11.1 11.342111
11.3 11.44066
11.2 11.298579
11.3 11.480947
11.900001 11.950662
11.2 11.240906
11.599999 11.812621
11.2 11.223375
11.999998 13.015007
11.5 11.568262
11.400001 11.660485
11.274371 11.323942
14.427902 13.319547
11.900001 12.036572
11.1 10.923255
11.1 11.012669
11.3 11.587969
10.622879 10.045391
11.999998 11.650971
11.999998 11.650262
11.2 11.317596
11.900001 12.554603
11.1 11.128854
11.400001 11.550856
10.1 10.56261
11.2 11.499557
11.8 11.80414
11.8 11.749531
11.599999 11.500347
11.7 11.694502
11.49794 11.271276
11.2 11.400652
11.3 11.263403
12.1 11.920873
11.900001 11.772464
12.199999 12.096936
13.600039 13.79949
13.399989 13.650315
11.900001 11.618999
11.8 12.406713
11.3 11.459051
11.999998 11.647964
12.923909 12.730776
11.1 10.970123
11.8 11.833406
11.2 11.501812
11.599999 11.639183
11.5 11.481768
11.900001 11.867882
11.2 11.252432
13.699981 13.247671
12.599997 12.422417
11.2 11.2526
11.400001 11.505752
10.1 10.386325
11.900001 11.686752
12.191515 12.293671
11.1 11.135407
11.3 11.42927
15.200179 13.443432
11.5 11.594452
11.8 11.81056
11.1 11.053063
11.1 11.343217
11.1 10.679946
11.900001 11.751665
12.199999 11.782991
11.900001 11.405624
11.400001 11.342466
11.1 10.992429
11.2 11.312554
11.900001 11.90523
11.400001 11.461947
11.999998 11.820581
11.2 11.235222
11.2 11.169805
11.900001 11.859973
11.599999 10.626872
11.599999 11.623493
11.2 11.095566
10.70206 10.501153
11.2 11.279636
11.2 11.512124
11.999998 11.893277
11.999998 11.979721
11.2 11.314905
13.200015 12.122786
11.2 11.243146
11.2 11.419572
11.79897 12.373753
12.299998 11.872886
10.70206 10.665024
10.4 10.878922
11.5 11.590545
12.1 11.952887
11.5 11.5939665
11.599999 11.535794
11.5 11.520235
11.1 11.228044
13.299971 11.655136
11.8 11.36848
11.3 11.241714
14.63786 14.754064
12.299998 12.169655
11.3 11.42198
12.299998 11.91541
11.1 11.1284
12.699998 12.577953
11.2 11.250637
11.599999 11.604202
11.1 11.155649
11.8 11.830638
11.2 11.2910185
11.900001 11.566067
11.900001 11.895778
11.19691 11.087234
12.249994 12.347483
10.1 10.512479
11.7 11.821725
11.2 11.243198
12.765546 11.803006
11.2 11.267901
11.2 11.276107
13.668636 13.619246
11.5 11.49996
11.599999 11.635782
11.5 11.509005
11.2 11.32235
11.8 11.810448
11.5 12.1466255
12.599997 12.295747
12.299998 11.950144
11.7 11.304506
11.1 11.145113
11.1 11.681953
11.3 11.40564
11.5 11.4218
12.399998 11.992237
11.8 11.817177
11.2 11.236461
11.8 11.88423
11.2 11.210221
12.299998 12.553031
11.2 11.211725
12.79897 13.025702
11.2 11.314488
12.622879 12.904455
11.3 11.394181
11.8 11.816832
11.3 11.256383
11.3 11.369512
11.7 11.893069
11.3 11.36931
11.7 11.747825
11.900001 11.90284
10.1 10.013718
11.2 11.232375
11.5 11.753157
12.699998 12.330227
11.900001 11.846845
10.2 10.961319
11.1 11.207081
11.8 11.822777
11.8 11.83278
11.8 11.66765
11.5 11.563124
11.7 11.744127
12.207906 12.070726
11.2 11.21026
11.2 11.396345
11.900001 11.958006
11.1 11.305416
11.900001 11.702214
13.19691 11.63293
13.145758 13.630336
11.7 11.428044
11.3 11.272563
10.70206 10.567112
11.7 11.490324
13.500008 13.235134
11.3 11.681235
11.5 11.554276
11.400001 11.643068
14.999629 13.508811
11.999998 11.784923
11.2 11.229961
10.165502 10.071508
11.599999 11.762487
11.999998 11.866369
11.5 11.578516
11.285752 11.658388
11.900001 11.679619
11.1 11.398441
11.3 11.321646
11.8 11.80463
11.1 11.150099
11.999998 11.817917
11.5 11.423458
9.89588 9.804208
11.900001 11.8992
11.1 11.035395
13.699981 13.241398
11.3 11.428589
11.5 11.592758
11.900001 11.868385
11.180922 12.983932
12.180399 11.944056
11.2 11.290652
11.2 11.271236
12.399998 12.194816
11.1 11.044409
11.7 11.742054
11.5 11.855216
10.40103 10.602322
11.1 11.12542
11.400001 11.619698
10.938632 10.8762865
10.70206 10.669156
11.400001 11.429202
11.2 11.264819
11.7 11.820714
11.900001 11.866232
11.599999 11.673199
11.7 11.705618
11.2 11.284501
12.899998 13.794085
11.5 11.493546
11.5 11.672272
11.2 11.192552
11.2 11.186741
11.400001 11.490198
11.8 11.72587
11.2 11.220365
11.7 11.498039
12.799992 12.537634
12.799992 12.774307
11.3 11.343246
11.3 11.187501
11.1 11.180904
11.7 11.328015
11.49794 11.419899
11.329148 11.147728
12.1 11.675862
13.200015 12.282842
11.900001 11.81251
11.400001 11.609263
12.199999 11.750924
13.699981 13.74894
11.2 11.302695
11.5 11.557093
11.5 11.617077
11.400001 11.508474
11.15 11.483789
13.1 12.743508
13.000009 12.141519
11.2 11.244576
12.199999 11.329926
11.8 11.615387
10.622879 10.618745
11.900001 12.098514
12.599997 12.095882
10.40103 10.216978
14.700326 13.36317
10.49794 10.376817
11.2 11.23491
11.999998 11.881677
11.2 11.22423
10.5 10.307528
11.5 11.485522
11.3 11.174718
11.1 11.168744
11.2 11.259464
11.900001 12.049358
11.900001 11.724269
11.2 11.1595955
11.2 11.1834135
11.1 11.1058035
11.2 11.308177
11.8 11.68421
10.40103 12.695692
11.7 11.723971
11.900001 11.939089
11.599999 11.521456
11.999998 11.898966
11.1 11.175024
12.449997 12.023545
11.3 11.400455
11.622879 11.512892
11.29382 11.745216
11.400001 11.331541
10.79897 10.81748
11.400001 11.471641
10.49794 10.81854
11.2 11.340813
10.6 10.777506
11.3 11.342664
11.3 10.915641
11.3 11.397019
12.199999 11.419039
11.599999 11.932115
11.2 11.213048
12.699998 12.301895
12.199999 12.054799
12.199999 11.78922
11.1 11.196675
11.900001 12.0569725
13.299971 13.307317
11.2 11.288136
13.800057 13.27149
11.900001 11.533775
14.200179 14.353709
11.7 12.049001
11.599999 11.656264
12.499997 12.018804
11.7 11.562031
11.5 12.12318
11.2 11.483365
11.2 11.256129
11.3 11.618906
11.3 11.325175
11.1 11.130814
10.738272 10.224144
12.299998 12.146862
10.1 10.512868
11.900001 11.8320675
11.3 11.363091
11.400001 11.394903
11.599999 11.901043
11.900001 11.91627
11.1 11.123076
11.7 11.569073
11.2 11.52591
11.400001 11.556827
14.49794 14.620484
11.900001 11.908505
14.145758 11.387049
11.5 12.035562
11.8 11.779311
11.2 11.517212
11.8 11.749029
11.2 11.252287
11.622879 11.568293
11.5 11.581852
13.359637 13.49667
12.299998 11.104905
11.2 11.345986
11.1 11.285107
11.900001 11.948221
11.3 11.522661
11.900001 11.522622
13.000009 11.9088
11.7 11.810573
10.6 11.648421
13.622879 13.852805
11.3 11.214582
11.599999 11.638397
11.5 11.599963
11.79897 11.970061
11.3 11.67105
11.1 11.160019
11.1 11.285688
11.8 11.771688
13.200015 12.462709
11.5 11.0681
11.7 11.71536
11.1 11.085681
11.5 11.58677
11.7 11.854297
11.999998 12.107763
11.5 11.8516
11.3 11.435076
10.2 10.055513
11.599999 11.505004
11.2 11.255398
12.399998 11.83812
11.2 11.2910185
13.699981 12.80215
13.000009 12.645346
11.3 11.420644
11.2 11.3021345
11.3 11.322984
11.3 11.244348
10.3 10.462042
11.900001 11.858798
11.900001 11.84509
10.7 10.629656
10.70206 10.733604
11.400001 11.668206
11.5 11.712059
12.499997 11.4662075
9.456548 9.92046
11.900001 11.918125
13.1 12.637129
11.599999 11.739569
11.2 11.272082
11.7 11.536973
11.999998 13.191409
11.2 11.288694
11.3 11.593329
12.1 12.697469
13.600039 13.456143
9.79897 9.493173
11.5 11.608242
11.599999 11.613241
11.999998 11.780663
12.199999 12.054997
11.7 11.991828
11.8 11.80257
11.900001 11.867189
11.400001 12.038635
11.1 11.034442
11.8 11.845874
11.1 11.129753
11.8 11.778571
11.5 11.697516
11.3 11.454127
11.1 11.090404
11.7 11.736458
11.512516 12.075205
13.399989 13.434877
11.7 11.757092
11.5 11.302846
11.1 11.266991
11.8 11.88676
12.599997 12.255159
11.2 11.285473
11.599999 11.465402
11.1 11.04007
11.3 11.284335
11.3 11.360548
13.699981 13.573907
11.3 11.755293
11.2 11.663941
11.5 11.478077
11.400001 11.534075
12.1161 11.479191
11.2 11.275887
11.3 11.270037
11.900001 11.871543
11.5 11.533479
11.2 11.200241
12.199999 11.967531
11.599999 11.691241
11.5 11.524956
11.900001 11.518517
12.499997 12.539101
11.2 11.1926155
11.8 11.8115015
11.254902 11.102853
12.399998 11.906376
12.1264105 12.40997
11.7 11.702709
13.399989 13.526042
13.15061 13.324679
11.2 11.184577
12.399998 12.501756
11.999998 11.5771675
12.599997 12.165792
12.299998 12.189901
11.599999 11.65825
12.199999 12.187362
11.3 11.50057
11.020819 11.030604
11.599999 11.7047
11.5 11.515734
11.1 11.336902
10.1 11.295055
11.1 11.210024
11.5 11.800338
11.999998 12.011525
11.2 11.278063
11.7 11.541793
10.6 10.620763
11.35 11.512499
12.299998 11.957035
11.2 11.156914
12.399998 11.941966
11.1 11.257646
11.400001 11.424433
11.1 11.695546
14.400163 14.1711
11.1 11.05379
13.299971 13.093152
11.5 11.926756
11.8 11.790525
11.400001 11.419583
11.5 11.620479
11.599999 11.413876
11.2 11.425446
13.000009 13.699801
12.599997 12.878079
11.1 11.133788
11.5 11.489483
11.400001 11.471557
11.400001 11.438276
11.5 11.592279
11.5 11.477076
14.400163 13.7969475
11.900001 11.834638
12.986056 13.070599
11.8 11.765408
10.70206 10.686834
11.3 11.428095
11.1 11.173429
11.622879 11.169245
11.7 11.770323
11.599999 11.662077
13.000009 12.208511
11.2 10.690707
11.3 11.4672165
11.999998 11.8727
10.1 10.505394
11.3 11.498894
11.2 11.241096
11.5 11.554344
11.999998 12.0787735
11.7 11.61298
11.1 11.826965
12.299998 11.629392
12.199999 12.551265
14.500117 14.034411
11.7 11.479364
11.900001 11.832203
12.599997 12.442585
11.3 11.381066
11.2 11.174926
11.254902 11.4438095
11.1 11.24531
12.899998 11.971836
11.900001 11.641403
11.2 11.625764
14.1 13.194219
11.2 11.330355
11.1 11.172244
11.599999 11.616843
11.400001 10.956617
10.1 11.467793
12.299998 11.978117
10.70206 10.772576
13.600039 13.242827
11.2 11.22336
11.8 11.75296
11.2 11.191401
12.899998 12.123758
14.600313 12.818941
11.2 11.267903
12.599997 12.719676
11.3 11.453883
11.3 11.610406
14.202373 14.997901
10.5 10.55587
11.1 11.2956505
14.200179 13.347284
11.900001 11.704934
11.2 11.163735
11.400001 11.507656
11.2 11.052789
10.89588 11.0505705
11.1 11.120419
11.2 11.117795
11.900001 11.924201
12.899998 12.336703
11.456548 11.460951
11.7 11.795987
11.5 11.69854
12.719789 11.853283
11.999998 12.399127
11.7 11.945839
11.400001 11.5257845
11.1 11.232433
11.8 11.787621
14.500117 12.88524
13.399989 13.193662
11.1 11.255716
12.199999 11.729994
11.3 11.433403
12.199998 11.574773
13.446788 14.464046
11.900001 11.88568
11.8 11.948188
11.1 11.15371
12.599997 11.613762
11.2 11.421006
11.2 11.366117
11.020819 10.478305
11.900001 11.887425
11.5 11.573955
12.399998 12.254188
12.699998 13.330854
11.900001 11.834491
12.719036 12.18267
13.1 11.891777
11.900001 11.877833
11.5 11.682547
11.900001 11.881905
11.2 11.323377
11.2 11.265005
11.400001 11.446912
11.880176 12.233398
11.7 11.676049
12.899998 12.610585
11.1 11.2466135
11.8 11.772379
11.2 11.2344885
11.2 11.204881
11.999998 11.80378
11.900001 11.941415
11.599999 11.789427
12.799992 12.364192
11.400001 11.428088
11.2 11.421371
11.1 11.051012
11.900001 11.871645
11.8 11.799045
12.499997 12.251117
11.2 11.2655325
11.900001 11.836912
11.3 11.319779
12.1 11.484636
12.799992 11.527486
10.2 10.756387
11.8 11.792002
11.900001 11.9147
11.5 11.622697
11.1 11.141974
11.2 11.565423
15.299971 14.881099
11.2 11.1610985
11.70103 11.722179
11.2 11.5025215
11.49794 11.47832
11.2 11.287325
11.2 11.277561
11.599999 11.60065
13.1 11.478609
11.1 11.237944
11.8 11.657531
11.7 11.203807
11.900001 11.792568
10.622879 10.529268
11.2 11.634459
12.1 11.356286
13.600039 12.385689
12.499997 11.701424
9.1 10.209372
11.2 11.225792
11.900001 12.130447
11.166968 11.281775
11.3 11.871689
11.8 11.788293
11.400001 11.38858
11.3 11.417986
11.1 11.152502
11.2 11.427717
13.020819 12.115359
11.2 11.085899
11.599999 11.543107
11.599999 11.995531
13.200015 12.75615
11.599999 11.366348
11.5 11.580553
11.400001 11.503387
14.400163 12.710354
11.900001 12.325183
12.899998 12.611862
11.1 11.022824
11.2 11.277357
11.8 11.829161
11.2 11.131271
11.1 11.181771
11.5 11.692375
11.2 11.257843
12.1 12.159091
11.7 11.799205
9.79897 9.749807
11.2 11.299216
11.599999 11.599363
11.900001 11.891436
11.1 10.91754
11.2 11.181107
11.5 11.550112
12.622879 12.33768
11.900001 11.965803
11.3 11.44989
12.520216 11.381384
11.2 11.386935
11.599999 11.633728
12.199999 11.899249
11.1 11.49457
11.1 11.093816
11.2 11.603491
14.299971 14.1212635
11.3 11.363801
13.500008 13.000011
11.3 11.342887
12.299998 12.329205
13.321849 12.328117
11.108774 11.207024
12.555932 12.475246
13.200015 12.347582
11.999998 11.712371
11.3 11.374577
11.400001 11.438705
11.5 11.52393
11.8 11.874209
11.1 11.856452
13.000009 12.404033
11.2 11.229745
14.1 14.633262
11.3 11.30682
11.900001 11.919878
12.899998 11.720317
11.8 11.954429
12.299998 12.3057
11.2 11.167525
11.1 11.341912
11.3 11.466875
11.2 11.368297
11.2 11.255891
11.3 11.482186
11.2 11.992053
12.199999 11.866493
10.9 11.008619
11.900001 11.91041
11.3 11.317627
12.199999 12.11083
12.699998 13.205385
11.3 11.348119
12.199999 12.087691
11.1 11.108253
11.2 11.352545
11.3 11.629991
11.3 11.409097
11.599999 11.661232
11.900001 11.890151
14.500117 13.922851
11.15399 11.03727
10.622879 11.079968
11.2 11.164482
14.79897 12.989238
11.2 11.307738
13.299971 13.056649
11.1 11.58072
11.5 11.753987
11.1 11.193359
11.2 11.248733
11.2 11.280771
12.299998 11.94976
10.70206 12.455293
10.63529 11.023899
11.599999 11.741032
11.599999 11.609659
11.2 11.805502
11.2 11.284801
12.899998 11.768057
11.5 11.604439
11.2 11.670507
13.500008 13.750485
11.400001 11.390093
11.2 11.399846
11.2 11.250434
11.999998 12.567068
11.1 11.140609
11.2 11.04251
12.799992 12.365879
11.7 11.752353
12.499997 12.1199875
13.899971 14.01594
11.1 11.172856
11.7 11.6297655
11.3 11.350347
10.5 10.278198
11.5 11.336454
11.1 11.055424
13.399989 11.815358
11.599999 11.88117
11.2 10.757926
11.5 11.619938
11.599999 11.702575
11.1 11.124033
11.3 11.461687
13.399989 13.405334
11.2 11.194264
11.7 11.794159
12.699998 12.296367
11.599999 11.736108
11.900001 11.606619
11.3 11.271602
13.59485 11.650185
11.1 11.195051
11.7 11.805701
13.299971 12.075671
11.5 11.626343
11.2 11.365875
11.900001 11.970411
11.3 11.570917
11.900001 11.917255
11.5 11.416164
13.79897 13.657047
11.2 11.278038
11.2 11.378842
11.2 11.182092
12.499997 11.943679
11.1 11.215237
13.800057 14.286927
11.1 11.149698
13.399989 12.860516
11.1 11.196461
9.79897 10.122163
11.900001 11.8722725
11.5 11.425026
14.644068 14.208818
12.47675 11.196899
11.254902 11.25042
11.5 11.567378
11.8 12.014515
11.999998 11.894331
11.7 11.935673
11.900001 11.883529
11.2 11.278984
10.1 10.38524
11.599999 11.716922
11.3 11.349307
11.2 11.434197
11.900001 12.026205
11.1 11.431408
11.2 11.319462
12.399998 11.883166
11.8 11.7038555
11.7 11.610193
12.499997 12.655597
13.699981 12.035133
11.2 11.29497
11.900001 12.00678
11.1 11.203453
11.7 11.7882395
11.599999 11.640108
11.3 11.352433
12.399998 11.944122
11.400001 11.817857
11.1 11.215772
11.5 11.660782
11.0914 12.288894
11.2 11.228398
11.5 11.560899
11.1 11.060966
11.1 11.130612
11.999998 12.291313
13.344125 12.839512
11.2 11.214142
10.446788 11.529788
11.999998 13.194778
11.2 11.282166
11.5 12.257703
12.499997 12.665695
12.299998 12.259154
10.70206 10.582932
11.2 11.244682
11.5 11.566008
11.3 11.317651
11.900001 11.887151
11.2 11.187749
11.8 11.672062
11.2 11.275684
11.999998 11.924486
11.900001 11.90809
11.47675 11.761634
11.2 11.194295
10.40103 10.488607
11.900001 11.898562
11.900001 11.930061
10.1 10.85894
11.1 11.2204275
12.299998 11.888249
11.8 11.767513
11.70206 11.5924835
11.8 11.703989
11.3 11.353646
11.2 11.252302
11.400001 11.660349
11.900001 11.765314
11.8 12.007572
11.900001 12.2474165
11.1 11.149857
11.599999 12.8427
12.399998 11.74785
11.2 11.363934
11.8 11.737681
11.1 11.219101
10.79897 10.910773
14.1 14.133068
10.1 10.08865
11.3 11.328693
11.599999 11.597166
11.900001 11.809122
11.2 11.4260645
11.900001 11.909479
11.7 11.750346
11.2 11.227743
12.899998 12.989434
11.900001 11.865004
11.2 11.702832
11.400001 11.546255
14.1 12.856019
11.900001 11.802352
12.299998 11.797641
13.043096 13.226826
10.70206 10.684407
12.399998 11.82213
10.1 9.929968
11.8 11.548036
11.7 11.716952
12.399998 11.899299
11.5 11.375983
11.999998 12.171637
11.999998 11.542942
11.5 11.560276
11.900001 11.886752
12.399998 12.223255
9.777781 11.01057
11.1 11.138528
11.1 11.118358
11.400001 11.821359
11.5 11.40209
12.199999 11.635318
11.599999 11.631295
13.800057 14.206368
11.900001 11.784782
11.599999 11.356744
11.2 11.210437
12.499997 11.564858
11.5 11.465756
11.3 11.304223
11.3 11.343217
11.599999 11.742346
11.900001 11.936325
11.3 11.317623
11.359637 10.833222
11.8 12.191997
11.3 11.340012
11.1 11.230167
11.3 11.443223
12.651294 12.361046
11.900001 11.798159
11.2 10.744729
11.8 11.809217
13.864471 13.879646
11.900001 11.895354
11.8 12.524885
11.599999 11.992368
13.000009 11.830134
11.2 11.220147
11.900001 12.069396
11.8 11.292413
11.599999 11.627408
10.3 10.34021
11.999998 11.897538
11.2 11.339566
11.5 11.468742
11.2 11.191249
11.2 11.321076
11.900001 11.894207
11.900001 11.924849
11.400001 11.618733
9.79897 9.595699
11.3 11.623529
12.299998 11.928246
11.7 11.912297
10.7 10.825702
11.599999 11.386911
11.3 11.3567095
11.40103 11.149565
11.7 11.76018
13.800057 13.320972
11.900001 11.966092
11.2 11.282882
10.70206 10.645241
11.400001 11.441598
12.199999 11.361811
11.8 11.757638
11.5 11.778407
11.900001 11.829605
11.8 11.831132
12.499997 11.762465
11.1 11.413831
11.2 11.306212
11.8 11.813166
11.5 11.411113
11.1 10.865833
11.900001 11.869459
11.7 11.593921
11.2 11.2282505
12.299998 11.664373
11.900001 11.961711
11.900001 11.856906
11.900001 12.548538
11.599999 11.532743
12.299998 12.5913925
11.900001 11.845911
11.5 11.572971
11.900001 11.879285
12.599997 12.494167
11.400001 11.633973
11.400001 11.087342
11.1 11.138638
11.2 11.2626505
11.900001 11.76871
11.8 11.871922
11.1 11.106039
11.3 11.318866
10.1 10.682964
13.1 13.593936
11.900001 11.202952
11.409804 11.640798
11.8 11.805192
11.8 12.023309
12.499997 12.633322
12.359637 11.189993
11.8 11.753591
11.400001 11.329065
11.3 11.343705
12.499997 12.076674
11.2 11.24564
11.900001 11.8709755
11.79897 11.516035
11.0 10.631646
11.483266 11.528152
11.599999 11.639846
11.2 11.256093
10.622879 10.86005
14.722107 11.553055
12.1 12.032439
11.5 11.559576
11.300659 11.131241
12.199999 11.672974
11.2 11.264149
11.3 11.2512
11.5 11.286527
11.5 11.558556
11.1 11.000427
10.622879 10.658951
10.1 9.834822
10.79897 11.008667
11.7 11.671071
11.900001 11.558138
13.699981 12.254068
11.999998 12.2262745
11.900001 11.886701
11.3 11.387243
11.5 11.578604
11.55 12.471698
11.900001 11.879257
11.2 11.401052
11.2 11.38235
11.8 11.821114
11.900001 11.907974
11.900001 11.9177685
11.900001 13.343173
13.000009 13.261278
11.1 11.332557
11.400001 11.503605
11.599999 11.547729
11.7 11.756842
11.8 11.650351
11.5 11.432241
11.900001 11.818857
11.2 11.25183
11.2 11.240981
11.3 11.348207
11.900001 12.185148
11.1 11.19349
11.2 11.378905
11.3 11.890781
13.600039 13.693246
11.2 11.397167
11.1 11.2260895
11.2 11.223782
11.8 11.677145
11.7 11.814592
11.400001 11.337037
12.699998 12.034859
11.599999 11.475363
11.1 11.30199
11.3 11.24882
11.400001 11.46141
12.399998 12.259641
11.1 11.2442665
11.1 11.183369
11.5 11.502157
10.40103 10.31342
11.7 12.117784
11.3 11.888678
13.200015 12.966142
11.2 11.333698
11.1 11.157184
11.2 11.243609
11.202373 11.875051
12.499997 11.697378
11.1 11.237901
11.2 11.143504
13.299971 12.65015
11.1 11.131548
11.1 11.319073
11.599999 11.5215
11.2 11.102464
12.599997 12.478978
11.5 11.66495
10.418758 10.288557
10.3 10.530369
11.400001 11.577735
11.3 11.501129
12.299998 11.735471
11.130118 10.90973
11.900001 11.398872
11.1 11.105159
12.1 11.804928
13.299971 13.62144
11.1 11.131742
11.400001 11.709365
13.49794 14.11438
11.5 11.395332
11.7 11.794362
11.1 11.023855
11.900001 11.97693
11.900001 11.842829
10.3 10.880778
11.3 11.300921
10.8 10.937038
11.400001 11.370533
11.5 11.54948
11.400001 11.477083
11.3 11.500298
11.1 11.0066185
10.456548 10.309379
13.299971 12.804849
11.2 11.444959
13.000009 12.626182
11.1 11.095125
13.200015 12.063487
14.200179 13.4703
14.500117 14.279058
11.900001 11.894322
11.1 11.389779
11.7 11.679893
11.2 11.225002
11.5 11.423046
11.3 11.326855
11.7 11.447145
11.1 11.190608
12.799992 13.030188
11.3 11.481917
11.2 11.217386
12.299998 11.877536
11.5 12.668767
10.1 9.964452
14.81658 14.3684845
12.217476 11.262611
11.1 11.12162
11.1 11.165047
11.400001 11.54488
11.2 11.295284
13.1 12.511901
11.1 11.043384
13.1 12.712886
12.633132 12.712924
11.5 11.617659
11.2 11.229818
11.599999 11.561989
11.8 11.766375
12.1 11.805166
11.400001 11.819591
11.2 11.193913
11.3 11.505149
11.8 11.774496
11.7 11.677918
12.499997 12.061628
11.3 11.304416
11.999998 11.891827
11.7 11.871839
10.622879 10.011764
11.400001 11.458267
11.900001 11.872394
11.599999 11.915148
11.900001 12.1618
13.899971 13.920952
11.5 11.494726
11.2 11.120848
11.1 11.056642
13.699981 13.761786
11.8 11.875707
12.299998 11.744105
12.299998 12.642683
11.3 11.214258
11.1 11.193433
11.2 11.160606
11.3 11.459593
11.400001 11.2218485
11.3 11.5328245
11.8 11.340256
10.5685215 10.676688
11.1 11.376235
10.1 9.94022
12.899998 12.060773
11.6157 11.65103
12.652842 12.974494
11.2 11.39255
11.5 11.546692
11.599999 11.974509
11.400001 11.444131
11.2 11.293383
12.299998 12.423098
11.599999 11.642886
11.3 11.318796
11.178996 11.208996
11.999998 12.188895
11.3 11.64469
10.207906 10.4488535
11.900001 11.799516
11.900001 11.667529
12.499997 12.188224
11.3 11.624364
11.186186 11.208722
12.199999 11.744314
12.499997 12.337882
11.900001 11.9176235
11.7 11.816268
12.1 11.516261
11.900001 12.065423
11.5 11.417679
13.399989 12.767345
11.3 11.621163
11.7 11.771217
10.869551 10.161156
11.1 11.1142235
11.400001 11.545889
11.2 11.687321
11.3 11.095979
11.599999 11.739039
10.1 9.971261
11.1 11.072788
11.7 11.756441
11.900001 11.787516
11.3 11.428945
13.699981 13.023944
11.599999 11.688449
11.3 11.7626505
11.1 11.105855
11.400001 11.368673
11.900001 11.871418
11.400001 11.415112
10.70206 10.6216545
11.3 11.496991
11.400001 11.351478
11.2 11.270033
12.1 12.270303
13.000009 11.817705
11.2 11.297295
11.900001 11.918045
11.599999 11.698372
11.8 11.821569
11.2 11.418836
11.7 11.606535
11.999998 13.896396
11.599999 11.499129
11.599999 11.631117
11.0 11.813915
11.5 11.492753
11.900001 11.924168
11.2 11.213121
11.2 11.328326
11.2 11.245433
14.999629 14.813517
10.1 11.266123
11.8 11.763138
13.699981 12.750345
11.1 11.166679
11.5 11.677744
11.3 11.534602
11.8 11.819581
11.2 11.206413
12.199999 12.026679
11.999998 12.109064
10.70206 10.723954
13.986056 12.330605
11.599999 11.735392
11.7 11.693457
11.5 11.504953
10.351812 10.293811
11.2 11.217809
11.2 11.259224
9.79897 9.653614
11.1 11.161628
11.7 11.590713
12.799992 12.160441
12.499997 12.333677
11.900001 11.847745
13.21351 12.650564
11.3 11.427532
13.299971 13.3005705
11.2 11.281822
11.5 11.444685
11.1 11.228081
11.900001 11.956391
11.5 11.533295
11.8 11.819621
12.1 11.156075
11.3 11.351746
11.999998 11.554146
11.2 11.24469
11.900001 11.991859
12.299998 12.963442
11.900001 11.871834
11.7 11.742971
11.1 11.193079
11.8 11.285359
11.7 11.700563
11.8 11.746641
13.231403 13.6184025
11.145758 10.842803
12.299998 12.294538
13.200015 12.696518
9.923909 9.828158
11.2 11.3663845
12.699998 12.380158
11.3 11.773324
11.1 11.638126
11.25 11.320677
11.7 11.92834
11.900001 11.809881
14.1 14.263519
11.400001 11.752313
12.1 11.9751005
11.2 11.248453
11.5 11.63592
11.2 12.726341
13.1 12.055456
11.599999 11.527931
11.3 11.390222
11.3 11.532433
11.5 11.515622
11.2 11.2512865
11.8 12.271219
11.2 11.369764
10.89588 10.733269
11.79897 11.743791
11.999998 12.007581
11.400001 11.443528
11.3 11.331569
11.1 11.172065
12.626186 13.084273
11.2 11.480573
11.8 11.777834
10.6 10.593323
12.359637 12.197452
11.999998 11.777587
11.5 11.619796
11.2 11.249925
11.3 11.371807
11.599999 11.802311
13.000009 13.230545
11.79897 10.887589
11.8 11.792644
11.400001 11.59463
12.299998 11.463697
11.1 11.280537
12.299998 11.541523
11.1 11.048178
11.599999 12.001391
11.8 11.9694605
11.2 11.13085
11.45 11.508572
12.089405 13.198042
12.599997 12.070922
11.599999 11.496032
11.599999 11.793531
11.1 11.313827
11.2 11.21048
12.499997 12.61567
11.1 11.10378
13.000009 12.164997
11.400001 11.768442
11.7 11.861396
11.7 12.531175
11.3 11.922619
10.2 10.4658375
11.7 11.735094
11.400001 11.403913
11.1 11.031833
11.5 11.563021
11.1 11.67849
11.2 11.263706
12.199999 11.50095
11.3 11.32696
11.5 11.241671
11.2 11.226755
11.5 11.547602
11.599999 11.672763
11.2 11.112393
11.400001 11.50481
11.1 11.113488
11.671865 11.92362
13.899971 13.901741
11.7 11.738848
11.543697 12.160255
11.1 11.411708
11.7 11.574092
11.1 11.067372
11.8 11.871046
11.2 11.254949
12.344125 12.525112
11.400001 11.499443
11.8 13.037674
11.8 11.814822
13.19691 12.149212
11.900001 11.899295
12.1 12.023875
11.999998 12.064391
11.3 11.439884
11.1 11.107111
11.900001 12.009807
11.599999 11.659552
13.200015 12.967378
11.5 11.685108
11.999998 11.90969
13.4372425 13.403324
11.5 11.469043
12.699998 12.590683
11.2 11.254574
11.5 11.504502
11.5 11.568038
11.8 11.872956
11.236677 11.397403
11.8 11.433739
11.5 11.486265
11.2 11.221458
11.0 11.334391
12.299998 11.631249
11.999998 11.888001
11.418758 10.866556
10.869551 11.05562
11.900001 11.542198
11.2 11.358284
11.8 11.831293
12.005018 11.632205
12.1 11.900887
11.7 11.740908
11.2 11.083153
11.1 11.325055
10.3 10.713721
11.2 11.42316
11.599999 11.620445
11.900001 11.85719
11.599999 11.582174
13.1 13.490776
11.999998 11.789415
11.900001 11.4782
11.5 11.562236
11.599999 11.937072
11.999998 11.972218
12.199999 11.92099
11.3 11.407858
12.1 11.7846575
11.999998 12.669673
12.924482 11.279111
11.1 11.151925
11.900001 11.878397
11.900001 11.87209
12.499997 12.199884
11.8 11.76013
11.1 11.290896
11.3 11.677692
13.000009 12.711994
10.2 10.487033
11.1 11.104935
11.2 11.2592745
12.199999 11.87218
11.7 11.668906
11.2 11.285438
10.622879 10.576685
10.609058 11.063714
11.900001 11.899315
13.000009 12.454349
11.400001 11.4484
12.478272 12.394662
13.600039 14.047346
11.7 11.766528
11.2 11.190117
11.7 11.679418
11.8 11.807726
11.2 11.260034
12.199999 12.053747
14.2870865 14.368908
9.1 9.059022
11.2 11.257508
11.2 11.077377
11.2 11.089188
12.299998 12.435033
11.3 11.340684
11.900001 11.872475
11.900001 11.846954
11.182751 11.315945
10.40103 11.339309
11.2 11.236583
12.199999 11.669818
11.1 11.2258625
11.900001 11.8925085
11.3 11.290622
11.747817 11.118281
11.3 11.453853
11.2 11.222886
11.7 11.735114
12.899998 12.805151
11.7 11.6924305
11.8 11.836737
11.5 11.391187
10.1 10.119538
13.1 14.422357
11.1 11.210361
11.8 11.770763
11.999998 12.139027
11.400001 11.376566
13.79897 14.150015
11.999998 11.984862
11.2 11.224021
11.5 11.550823
11.5 11.824256
11.59485 11.612183
11.3 11.398238
13.1 13.125219
11.2 11.219792
13.000009 13.40778
12.499997 14.01596
11.8 11.698044
11.8 11.807821
11.3 11.411598
11.7 11.776827
11.2 11.254128
11.400001 11.558597
11.5 11.556864
11.1 11.158717
11.2 11.168956
11.999998 11.933486
11.7 11.8929405
11.7 11.797105
11.5 11.486161
11.7 11.687388
11.5 11.349477
11.1 11.091769
11.8 11.645043
11.5 11.600713
11.599999 11.672158
11.5 11.383548
13.336572 12.702184
11.900001 11.867861
10.446788 9.537363
11.2 11.531696
13.200015 12.559892
11.599999 11.34549
11.3 11.395761
11.1 11.155721
12.899998 12.254576
11.1 11.608751
11.400001 11.285952
12.599997 13.320364
13.39303 13.443672
11.900001 11.880609
10.1 10.40518
11.5 11.713358
12.199999 11.809722
11.3 11.278309
11.3 11.325546
11.900001 11.834881
11.5 11.5663805
11.5 11.449591
11.599999 11.640707
11.900001 11.879405
12.1 12.251294
11.3 11.29181
11.400001 11.461507
11.7 11.911701
11.2 11.193442
11.2 11.198556
11.2 11.285182
11.599999 11.7269
11.3 11.332281
11.2 11.157278
11.1 11.564923
11.7 11.7965145
11.3 11.607203
11.3 11.390401
12.199999 12.177779
11.2 11.237302
11.7 11.648247
11.5 11.4393
11.2 11.24332
13.200015 12.418379
12.1 11.726854
11.8 11.856413
11.599999 11.61138
10.250515 11.140183
11.3 11.12774
12.199999 12.269083
11.3 11.448117
11.5 11.655181
11.5 11.4269285
11.1 11.833347
12.299998 11.563687
11.5 11.549292
13.777781 13.027305
11.3 11.090661
12.245087 12.3738165
11.999998 11.935813
12.1 10.995883
12.1 11.798109
12.499997 11.875112
11.3 11.256963
10.49794 10.835697
11.999998 11.9694
13.000009 12.591205
10.40103 10.206231
11.5 11.563865
11.599999 11.62532
10.9 11.235212
11.3 11.325876
12.300659 12.348762
10.6 10.5866165
11.1 11.069908
11.5 11.725546
11.5 11.822887
11.5 11.861921
11.2 11.312275
10.4 10.797132
13.299971 11.416119
12.499997 12.146818
11.400001 11.322149
11.1 11.21834
11.400001 11.227128
11.8 11.602428
11.2 11.155743
11.2 11.23231
11.400001 11.362508
11.400001 11.456156
11.3 11.547583
11.986056 12.43579
11.2 11.212564
11.400001 11.504257
11.8 11.81921
12.499997 11.88691
11.8 11.821722
11.5 11.749078
12.699998 12.62742
10.9 10.65957
11.8 11.87238
12.1 11.857996
13.953872 12.475405
11.900001 11.843939
11.884098 11.686432
11.1 11.272662
11.599999 11.634791
11.599999 11.728418
11.2 11.170124
15.1 14.1027565
11.2 11.273934
12.158986 10.837214
11.2 11.225213
11.2 11.43899
11.2 11.243761
11.5 11.543741
11.1 11.347303
14.21351 14.443388
12.699998 12.88695
10.4 10.553242
13.000009 12.532066
11.599999 11.606236
11.2 11.238792
11.999998 11.959163
13.000009 11.733388
12.668636 11.985913
11.8 11.215652
11.445824 10.869207
11.7 11.730321
11.1 11.098573
11.254902 11.110109
11.2 11.69825
10.1 10.164349
10.40103 10.2022295
13.299971 13.785142
11.8 11.789269
11.2 11.225119
11.5 11.590458
11.2 11.316525
11.400001 11.676752
12.499997 13.005126
11.3 11.376451
12.039302 12.321157
11.1 10.217702
11.1 11.177311
11.599999 11.738675
13.600039 13.392191
10.1 10.126859
11.900001 11.849442
11.400001 11.457037
10.59485 10.199862
13.000009 13.147808
15.999629 15.726932
12.599997 12.922547
11.2 11.183471
11.7 11.763894
11.2 11.368624
11.1 11.21036
11.318286 11.328157
11.7 11.761215
14.805467 13.762165
11.900001 11.900024
10.2 10.573109
11.900001 11.820914
11.543697 11.512744
12.399998 12.08281
11.1 11.287766
12.799992 12.179042
11.2 11.133889
11.400001 11.423686
11.400001 11.64234
11.5 11.595548
11.2 11.262455
11.900001 11.921555
11.2 11.146299
11.1 11.054175
11.8 12.029942
11.2 11.232008
12.499997 11.778624
11.3 11.414277
12.719789 11.774486
11.2 11.288003
11.1 11.307458
11.177759 11.266674
12.199999 11.819032
11.599999 11.927989
11.900001 11.393457
12.499997 11.654405
11.5 11.413207
11.599999 11.655824
12.399998 12.038678
13.600039 13.345052
13.399989 12.373518
11.2 11.148184
13.299971 12.938452
11.3 11.56445
13.500008 13.818814
11.8 11.850106
11.3 11.321557
12.901632 12.661157
11.2 11.456486
11.5 11.345944
12.1 12.247127
12.499997 12.830179
11.900001 11.948855
10.3 10.637837
11.5 11.5993595
11.3 11.45124
10.40103 10.429704
11.2 11.258937
11.8 11.827598
11.999998 11.76662
11.400001 11.2460575
13.1 12.417556
14.600313 13.991571
12.299998 12.06031
11.2 11.489866
11.999998 11.632166
11.5 11.317158
13.344125 12.681086
15.359637 14.741087
11.5 11.349082
11.2 11.237556
9.79897 10.05289
11.900001 11.875164
11.400001 11.592473
11.719789 11.89337
11.2 11.555755
11.599999 11.576042
11.1 11.168762
12.699998 13.867837
9.79897 9.521698
10.1 10.562915
11.1 11.140022
11.5 11.674355
12.199999 12.06328
11.2 11.265254
11.2 11.164978
11.986056 11.642074
11.3 11.412216
11.2 11.248056
11.508935 11.5912485
10.79897 10.744627
10.1 10.697319
9.79897 9.670579
11.1 11.294666
11.1 10.994829
12.299998 12.250245
11.8 11.787755
11.7 12.116689
9.70206 9.472935
11.3 11.335141
11.900001 11.87049
12.799992 13.550307
11.599999 11.198012
11.599999 11.649289
14.999629 12.515282
12.899998 12.432177
11.3 11.747533
15.600313 15.593159
12.199999 12.287278
11.7 11.697034
11.1 10.800904
11.900001 11.8361435
13.399989 12.23624
11.599999 11.543227
11.2 11.210297
12.899998 12.651767
11.5 11.600452
11.400001 11.564865
11.900001 11.762567
11.8 11.753263
11.15061 12.225217
10.40103 10.348159
11.2 11.246356
11.5 12.063789
11.2 11.301876
12.399998 12.169079
12.699998 11.896964
11.400001 11.575016
14.901343 13.972013
11.19691 11.257951
12.314129 12.082636
13.399989 14.722619
13.299971 12.192728
10.70206 10.686326
11.2 11.19925
11.1 11.501304
11.2 11.155835
11.3 11.498562
12.299998 11.3375635
14.600313 14.029498
11.999998 11.936501
11.599999 11.273877
11.1 11.117836
11.400001 11.444167
13.1 13.358071
11.058607 11.151
11.400001 11.301323
11.900001 11.859179
11.1 11.05442
11.2 11.226585
11.1 11.133321
11.3 11.475164
11.3 11.465634
11.900001 11.922921
11.999998 12.067557
11.599999 11.697935
12.155518 11.824355
13.999974 13.329046
11.8 11.611622
14.200179 14.525427
11.900001 11.633914
10.1 10.019646
12.499997 12.241918
13.70206 14.594149
11.900001 11.908259
11.3 11.461747
11.821246 11.237254
11.8 11.93465
11.5 11.629712
11.224938 11.790975
11.1 10.6426115
13.1 14.059072
11.900001 11.98674
11.900001 11.704042
11.8 11.742175
11.599999 11.379342
11.1 11.11911
11.3 12.691169
11.1 11.075878
11.7 11.753458
10.321849 10.4087105
11.2 11.232211
11.8 11.475806
11.400001 11.380394
11.1 11.238459
11.2 11.363349
11.5 11.560215
11.900001 11.897642
12.1 11.991619
11.2 11.041958
10.40103 9.973752
12.499997 12.166196
11.400001 11.650157
14.1 13.483708
11.900001 11.873636
12.299998 11.765488
11.2 11.267731
12.699998 11.971749
11.1 11.776468
11.5 11.844037
11.599999 11.598578
13.000009 12.1303425
11.1 11.233725
11.900001 11.8689375
11.5 11.52596
10.3 10.877384
11.2 11.217111
11.999998 12.256755
11.2 11.326927
11.2 11.257818
12.499997 13.061103
11.8 11.617723
11.900001 11.869455
11.1 11.126698
11.599999 11.6706705
11.1 11.16505
10.738272 10.484319
11.599999 11.93371
10.79897 10.808978
13.800057 13.844007
11.5 11.647936
12.699998 11.779701
11.2 11.282548
11.2 11.304256
11.8 11.836724
11.1 11.17388
11.5 11.598004
11.999998 11.603098
11.3 11.121698
11.7 11.740028
13.1 12.7324915
11.900001 11.89016
11.999998 11.861704
11.3 11.289095
11.8 11.693959
10.5 10.710425
11.8 11.708526
11.7 11.170436
10.1 10.817765
11.3 11.405796
11.11059 11.249576
13.399989 12.327506
11.1 11.211084
12.299998 12.193863
12.399998 11.906227
11.8 11.888511
14.282827 10.948333
11.599999 11.63876
11.1 11.267256
11.2 11.220646
11.599999 11.742121
11.2 11.3109
11.900001 11.841279
11.8 11.821519
11.7 11.464562
10.1 10.368582
11.164493 10.359573
11.3 11.43651
11.2 11.190382
11.2 11.086342
11.999998 11.788994
11.2 11.172882
11.999998 12.058734
11.900001 11.909991
12.499997 12.3611555
11.2 11.224983
11.1 11.113968
11.1 11.273654
11.7 11.657803
13.699981 12.394155
11.1 11.160311
12.1 11.515846
12.299998 12.27754
11.5 11.52047
13.075391 13.56961
11.5 11.554263
11.2 11.254823
11.3 11.30754
12.549997 12.23325
11.8 11.768908
11.56133 12.117822
11.2 11.289113
11.900001 11.963544
11.8 11.84479
11.2 11.294846
12.299998 11.587053
11.2 11.040466
10.622879 11.282122
11.3 11.281471
11.19691 11.084647
11.999998 12.029235
11.2 11.278904
12.89588 12.707082
11.2 11.685451
10.224938 9.882654
11.8 11.744343
14.1 14.10439
11.5 11.470972
11.3 11.324679
11.2 11.168619
11.5 11.592825
11.5 11.997307
11.5 11.628405
11.5 11.576537
11.2 11.548021
12.199999 11.9636
12.799992 12.546796
11.5 11.534107
11.1 11.052921
11.2 11.258005
12.299998 11.705311
11.599999 11.496865
11.400001 11.489909
11.2 11.345214
11.400001 11.530691
11.2 11.296818
11.900001 11.890093
11.900001 11.959699
11.900001 11.802389
11.2 11.273293
11.900001 11.905667
11.2 11.104134
11.599999 11.384955
10.40103 10.620905
11.1 11.255557
11.622879 11.826573
13.299971 13.01092
11.400001 11.4899435
11.1 11.391737
11.2 11.355263
11.1 11.105024
11.5 11.166165
11.900001 11.822009
12.299998 12.201123
11.2 11.296797
11.1 11.275474
11.0 11.1525755
11.5 11.3961525
11.7 12.21752
11.5 11.618561
11.2 11.218573
11.5 11.758517
13.058607 12.7812195
11.2 11.35095
11.400001 11.118844
11.900001 11.62574
12.299998 12.69394
11.900001 11.882729
11.7 11.646153
11.2 11.253452
11.900001 11.878029
11.2 11.41931
11.2 11.416236
11.7 11.706261
11.599999 11.466597
11.900001 11.900911
11.8 11.775309
11.400001 11.268752
12.742065 12.779034
11.3 11.383857
11.2 12.099701
12.699998 12.50248
12.699998 12.468442
11.1 11.263968
11.1 11.042435
11.3 11.494845
11.2 11.306817
11.7 11.690008
13.000009 12.0019455
11.999998 12.272665
11.5 11.515488
11.599999 11.631803
11.7 11.387297
11.3 11.45591
11.40103 11.396453
12.499997 12.147049
11.7 11.724829
11.1 11.1256895
12.399998 12.601206
10.9 10.6719475
11.1 11.37188
11.400001 11.401242
11.999998 11.869084
12.1 11.927833
11.5 11.5269165
11.7 11.796391
12.499997 12.452879
11.2 11.229115
11.999998 12.000308
11.3 11.600544
13.000009 11.849682
11.2 11.252219
11.900001 11.890155
10.3 10.557301
11.2 11.329587
11.900001 11.850235
11.8 11.569214
11.900001 11.873058
11.599999 11.664149
11.204387 11.361314
10.622879 10.489454
15.1 13.480679
11.900001 11.818128
13.299971 13.179011
11.2 11.215208
11.2 11.281699
10.622879 10.330231
11.8 12.012948
11.7 11.702513
12.1 12.061129
11.2 11.381666
11.2 11.229883
11.999998 11.757913
12.299998 11.25087
11.2 11.202624
13.000009 13.549281
11.2 11.3316965
11.999998 11.757675
13.999974 13.509224
11.5 11.598216
12.699998 13.017224
13.600039 12.568864
12.1 12.739843
13.600039 12.8251505
11.7 11.773697
11.900001 11.839356
13.200015 12.589264
11.2 11.186478
13.336572 13.402407
11.999998 11.474803
11.2 11.625219
10.622879 10.661775
11.2 11.25534
11.3 11.245285
11.1 11.150403
12.499997 12.544172
11.1 11.093384
11.7 11.75546
12.399998 12.73565
11.2 11.467598
11.2 11.405051
11.2 11.223973
11.5 11.65104
11.2 11.231528
11.5 11.259141
11.5 11.541415
11.7 11.48602
11.7 11.725875
11.400001 11.506241
11.2 11.171535
11.2 11.338469
11.900001 11.90234
11.2 11.40328
11.999998 11.153904
11.5 11.737052
11.599999 12.789078
11.1 11.09011
12.399998 12.398788
11.599999 11.65222
11.19691 11.361088
11.7 11.649957
12.299998 12.053909
12.699299 12.053523
11.5 11.501274
11.900001 11.869925
11.999998 11.930998
11.599999 11.599609
11.5 11.369991
11.8 11.787314
11.1 11.02662
12.499997 12.118196
11.5 11.446794
11.7 11.963161
10.7 10.922243
12.599997 11.980486
11.3 11.235388
11.3 11.568638
11.900001 12.060461
12.199999 11.896118
11.599999 11.543259
12.699998 13.905238
11.599999 11.567065
11.8 11.799323
11.400001 11.39935
12.199999 11.98335
11.400001 11.925335
13.399989 11.4597435
11.900001 11.827378
11.599999 11.651112
12.399998 12.687154
11.1 11.254364
13.500008 13.701981
11.1 11.358102
11.2 11.169021
11.900001 11.84178
11.254902 11.268038
11.8 11.580605
11.2 11.286896
11.999998 11.687142
11.2 11.137511
11.900001 11.829027
11.2 11.385813
11.900001 11.889558
10.777781 10.053566
11.5 11.527789
11.900001 11.813605
10.622879 10.540103
13.200015 11.454144
11.49794 11.38005
11.900001 12.022686
13.1 12.75086
11.1604805 10.909448
11.3 11.433753
11.1 11.431448
11.2 11.236533
11.2 11.588623
11.3 11.586497
10.9 10.696928
11.8 11.77217
10.3 10.247777
11.900001 11.8814535
10.923909 10.803503
13.699981 12.239277
11.5 11.550986
11.5 11.407865
11.3 11.18899
11.7 11.706723
11.7 11.716626
11.1 10.989393
10.40103 11.0232525
11.2 11.228557
11.599999 11.546556
11.599999 11.338453
11.12048 11.157042
12.1 12.747757
10.622879 10.700948
11.8 11.704809
12.199999 12.861728
13.699981 13.011387
12.589455 12.692543
11.599999 11.7681675
11.3 11.325027
11.900001 12.022907
11.2 11.234839
11.999998 12.293652
11.476309 11.114963
10.549771 11.635473
12.399998 12.137368
11.900001 11.854154
10.938632 10.51556
10.9 10.511829
10.4 10.988298
12.699998 12.581312
12.299998 12.018069
11.999998 12.181702
13.399989 13.477584
11.900001 12.082078
13.1 11.242637
14.200179 13.511763
9.79897 9.649584
10.40103 12.289092
11.400001 11.557442
11.8 11.817142
11.2 11.151274
11.400001 11.54087
11.5 11.5608635
13.191515 13.086018
10.70206 10.766112
11.3 11.40231
13.299971 13.059768
11.999998 11.81252
11.2 11.249297
11.5 11.634091
11.1 11.3747015
12.1 12.053425
12.199999 12.187519
11.1 11.151913
13.500008 13.492802
11.7 11.746445
11.1 11.265071
11.2 11.415242
10.242667 10.122162
11.8 11.86568
10.577556 10.4175
11.1 11.0887785
10.555932 10.63191
13.999974 13.0956955
11.900001 12.0469885
11.7 11.765253
11.1 11.063137
11.7 11.617316
11.2 11.226448
11.2 11.350576
11.1 11.312834
11.900001 11.675477
11.3 11.646058
10.2 10.509401
11.900001 11.891853
11.2 11.18135
11.2 11.594642
11.5 11.621491
12.499997 13.245871
11.1 11.137231
10.5 10.543258
10.869551 10.855944
11.2 11.482293
11.8 11.938596
11.7 11.674547
11.400001 11.479436
11.599999 11.903386
11.3 11.164335
11.8 11.916007
11.3 11.616802
11.2 11.251803
12.199999 11.860806
11.2 11.392036
12.199999 12.076914
11.7 11.791805
13.200015 12.858097
11.8 11.949582
10.70206 10.6073065
11.2 11.640105
11.1 11.234902
11.5 11.475197
11.3 11.8521
11.400001 11.306757
12.799992 12.044609
11.999998 12.485783
11.900001 11.941804
11.40103 11.377114
11.1 11.290918
11.2 11.474328
11.2139435 12.054915
11.2 11.259411
11.8 13.784494
11.3 11.313019
11.599999 11.417355
12.499997 12.277796
12.1 11.736354
14.700326 13.81197
11.400001 11.433207
13.219187 11.34212
12.599997 13.026768
11.1 11.297686
11.900001 11.61917
11.1 11.010877
11.1 11.228048
11.8 11.758761
14.254902 14.332523
13.699981 13.76482
12.1 10.685201
11.8 12.189367
12.1 12.241807
10.555932 10.616837
11.3 11.518698
10.058607 9.941037
11.1 11.096005
13.200015 12.509321
13.622879 12.705815
11.900001 11.832797
13.1 13.207741
13.699981 11.810733
11.400001 11.397761
11.599999 11.540278
11.1 11.771493
10.1 11.287051
11.2 11.262887
11.1 12.283427
11.2 11.372547
11.239147 11.524375
11.599999 11.597452
11.1 11.135184
11.900001 12.035282
11.400001 11.440121
12.599997 11.95229
11.900001 11.92265
11.2 11.175158
11.1 11.263174
11.3 11.3821
11.900001 11.89364
11.3 11.344519
12.399998 11.531669
11.986056 11.466156
11.8 11.842698
11.2 11.174739
14.1 14.208027
11.5 11.613531
11.1 11.116783
13.800057 12.242027
11.5 11.636878
10.242667 11.292775
11.2 11.253507
12.299998 11.825629
11.8 11.8265915
11.5 11.706351
11.1 11.122685
11.7 11.6926775
11.7 11.658991
11.7 11.763006
11.520216 11.525695
13.1 12.300467
11.349999 11.37759
11.400001 11.502062
11.2 11.296691
11.7 11.778482
13.800057 12.271286
11.400001 11.385177
11.400001 11.421661
11.400001 12.524988
11.7 11.84139
11.2 11.345314
11.599999 11.732085
12.668636 12.393092
11.2 11.164988
11.400001 11.501706
11.999998 12.058814
14.1 13.264788
11.900001 11.675292
11.1 11.07352
11.900001 11.732084
11.1 10.835813
12.399998 12.103571
11.1 11.170325
12.699998 11.536908
12.199999 11.664514
12.499997 12.038354
11.2 11.475154
11.2 11.497346
12.599997 11.936197
11.2 11.271268
11.8 11.747976
12.499997 11.554033
11.2 11.298933
11.2 11.468285
12.799992 11.943959
11.2 12.9440975
11.999998 12.054347
13.321849 13.209932
10.145758 10.025816
11.900001 11.305689
11.5 11.243675
11.1 11.215222
11.1 11.077282
11.999998 11.994602
11.1 11.215111
11.999998 11.918562
11.400001 11.42957
12.1 11.953999
12.1 11.961209
11.900001 12.001383
11.2 11.2816925
11.900001 11.876501
12.699998 12.750444
11.5 11.478387
11.8 12.130843
11.999998 11.933492
13.299971 13.272574
11.5 11.537881
11.3 11.236875
11.2 11.277081
11.1 11.021911
11.999998 11.567175
11.900001 11.955924
11.5 11.493049
11.2 11.188302
11.900001 11.462079
11.999998 11.987786
11.2 11.320816
11.5 11.430214
11.999998 11.95568
11.999998 11.917006
11.999998 11.813218
12.399998 12.531715
12.239662 12.815511
11.8 11.778398
12.299998 12.263483
10.3 10.088522
11.2 11.158187
14.500117 12.979788
14.79897 14.312424
11.35 12.536585
11.0 10.087267
11.900001 12.205067
11.5 11.685315
11.2 11.214626
11.1 11.121904
11.8 11.788728
11.5 11.335622
11.8 11.788186
11.7 11.734901
11.599999 11.590744
11.1 11.062385
10.805533 12.390951
11.3 11.264795
10.70206 10.859978
11.2 11.27493
11.1 11.247206
13.000009 13.4130535
11.2 11.291248
11.2 11.302176
11.1 11.133764
13.1 13.611662
12.1 11.306096
11.280576 11.378233
10.1 10.535078
11.2 11.305114
11.599999 11.765273
11.2 11.245842
11.1 11.124428
11.400001 11.75881
11.900001 11.583325
14.500117 14.523804
10.622879 10.43205
11.7 11.820489
11.3 11.495442
11.5 11.65668
11.400001 11.363659
10.40103 10.879246
11.3 11.305417
11.8 11.7507925
12.499997 12.262754
12.850003 11.990431
13.219187 11.199422
11.1 11.112117
11.3 11.4260235
11.599999 11.467928
12.399998 12.250667
11.2 11.103295
11.5 11.646793
11.2 11.476853
11.900001 11.997901
10.5 10.539898
11.599999 12.000631
11.2 11.268074
12.399998 12.163926
11.2 11.175961
11.1 11.349987
11.400001 11.275776
12.199999 13.208122
11.599999 11.651839
12.599997 12.2225685
11.2 11.261468
13.986056 13.474771
11.8 11.71744
11.3 11.323686
13.399989 13.612804
11.2 11.469719
11.2 11.5879965
10.3 10.746845
11.8 11.821389
11.2 11.265727
11.5 11.530115
10.79897 10.71013
11.5 11.500501
12.1 11.916426
11.8 11.819721
11.900001 11.846983
11.999998 11.902715
11.7 11.78699
11.7 11.460301
12.601689 12.718317
11.5 11.630796
11.1 11.133917
11.2 11.299344
11.2 11.126064
11.202373 10.924208
10.872113 10.873953
11.400001 11.43692
11.2 11.596843
10.40103 11.233192
12.190621 11.850742
10.1 10.856737
11.5 11.366955
11.2 11.281454
11.1 11.45541
10.3 10.165166
11.8 11.80448
11.79897 11.16795
11.900001 11.83021
11.400001 11.360844
11.599999 11.566964
10.5 10.881518
10.40103 10.161073
14.1 13.253443
11.8 11.820106
11.5 11.448279
11.2 11.295409
13.600039 13.077663
11.900001 11.796649
11.8 11.790459
11.400001 11.359841
11.900001 11.863564
12.199999 11.850753
11.7 11.946019
11.2 11.277502
11.7 11.737729
12.299998 12.197747
11.2 11.1312
12.399998 11.943686
11.273925 11.301821
11.999998 12.09013
12.807404 12.755592
11.999998 12.227741
9.47675 9.478886
11.1 11.152428
13.500008 12.681107
13.650009 13.618251
12.651294 12.613414
11.900001 12.859909
11.8 11.831206
13.999974 11.490402
11.2 11.21453
11.5 11.537323
11.3 11.3883295
11.2 11.449071
13.1 13.127977
11.5 11.573588
11.999998 11.416991
11.289096 11.354054
13.622879 13.730159
11.599999 11.686144
11.900001 11.899208
14.600313 14.143233
11.3 11.235501
11.2 11.301486
11.5 11.226519
11.599999 11.63777
13.500008 12.380885
12.1 11.963646
11.3 11.229194
12.299998 12.237076
11.1 11.174051
11.1 11.338803
11.2 11.412986
10.1 11.061342
13.000009 13.671577
11.599999 11.189498
14.881657 12.272638
11.2 11.277869
11.900001 12.066911
11.999998 12.017123
12.1 11.9109955
12.599997 11.55689
12.499997 12.4707575
11.40103 11.382412
11.900001 11.9042
11.5 11.526577
11.8 12.021861
11.900001 12.100055
11.599999 11.608476
12.799992 12.346048
11.2 11.478512
11.7 11.612326
11.3 11.482054
11.1 11.185796
11.3 11.452253
11.3 11.506739
11.8 11.853589
11.3 11.304798
11.8 11.910457
11.900001 11.589322
11.104364 11.459759
11.15 11.102475
11.5 11.570337
11.1 11.185223
11.1 11.606399
12.599997 12.081811
11.1 11.57328
11.400001 11.45132
12.399998 11.772425
11.1 11.245884
12.149149 12.353294
11.7 11.803136
11.1 11.167527
11.900001 11.860252
11.1 11.179246
10.1 11.071996
11.900001 11.904092
11.2 11.3838415
11.2 11.306845
12.1 11.307221
12.599997 12.744834
11.2 11.170809
10.622879 10.457281
12.899998 13.264525
13.000009 12.574825
11.400001 11.499095
12.899998 12.571159
11.3 11.305371
11.400001 11.246614
11.400001 11.365067
11.400001 11.602625
11.999998 11.708736
11.8 11.8094225
11.5 11.707904
11.1 10.636436
11.3 11.306463
11.3 11.480586
11.1 11.156841
13.299971 12.818485
11.7 11.751302
11.5 11.547138
11.5 12.081629
13.600039 11.67501
11.5 11.489846
11.5 11.4496765
11.685027 12.238425
10.5 10.568769
11.599999 11.557037
11.2 11.307718
11.599999 11.520722
11.1 10.985462
12.699998 12.087828
11.8 11.801485
11.5 11.506763
11.3 11.493626
11.599999 11.423178
11.5 11.533768
13.200015 12.601541
11.400001 11.498457
11.986056 11.241972
12.1 12.285219
11.400001 11.474305
11.2 11.184078
11.2 11.272565
11.900001 11.795461
12.392429 11.33935
13.399989 11.999916
11.2 10.5601635
11.2 11.165409
12.601689 12.747755
11.2 11.247981
12.1 11.943214
11.8 11.8151865
10.165502 10.049936
11.2 11.363983
12.499997 13.489235
12.899998 12.3853
11.2 11.321015
14.351812 14.63347
14.500117 14.181775
11.999998 11.7513485
10.70206 10.611382
11.5 11.695803
11.5 11.547604
11.5 11.669859
11.5 11.84708
11.599999 11.909744
13.200015 12.233304
12.485103 11.837263
11.7 11.690248
11.2 11.597229
11.2 11.378765
11.900001 11.838145
12.499997 12.006023
11.8 11.936251
11.2 11.261984
11.900001 11.903262
11.1 11.170814
12.399998 13.092584
11.999998 11.91843
11.999998 11.921445
12.40103 11.668362
11.900001 11.835098
11.2 11.242307
11.5 11.590097
13.500008 13.286119
11.400001 11.636606
12.399998 11.905216
11.2 11.316067
11.900001 11.76764
11.2 11.412163
11.3 11.364767
12.199999 12.170595
12.299998 12.414626
11.8 11.804446
11.1 11.234363
10.6 10.798393
11.1 11.12211
11.3 11.089402
11.1 11.357326
11.3 11.747867
11.400001 11.454473
11.900001 11.896543
11.7 11.738019
13.1 13.030328
11.1 10.79583
13.254902 13.266434
11.738272 11.393728
11.8 11.519556
13.800057 13.098821
11.5 11.488917
11.1 11.013336
11.1 11.2080765
11.5 11.321971
14.600313 14.505269
11.599999 11.870307
12.699998 12.993756
11.1 11.157074
10.79897 10.736715
11.1 11.09253
12.1 12.205791
11.1 11.614774
11.1 10.8487
11.5 11.525509
11.999998 11.835872
11.2 11.171659
14.200179 14.41177
13.4372425 13.120476
12.499997 11.969055
11.5 11.461696
12.399998 11.4559355
11.1 11.236523
11.400001 11.5280905
11.1 11.109731
10.1 10.249429
11.5 11.711294
11.923909 12.710782
13.399989 13.650248
11.622879 11.570618
11.7 11.838995
11.2 11.287051
11.1 11.10079
11.599999 11.606988
11.581486 12.005961
13.200015 12.142303
12.899998 13.513407
11.2 11.317956
11.3 11.316003
12.699998 12.270102
12.685027 13.078234
11.999998 11.895932
11.8 11.772355
10.2 10.636505
11.2 11.285976
12.299998 11.191484
11.1 11.170227
11.400001 11.418322
12.299998 12.267004
11.2 11.252005
11.5 11.591491
11.1 11.307264
11.599999 11.744509
11.2 11.281845
11.400001 11.609967
11.2 11.329058
13.531798 12.096169
11.1 11.256813
11.599999 11.7381
12.1 13.158957
11.2 11.071785
11.900001 11.855812
12.299998 11.749811
13.800057 12.932092
13.200015 11.839835
11.999998 11.884884
11.1 11.938561
11.900001 12.366166
13.299971 12.9972105
11.2 11.405894
12.199999 11.838786
13.800057 13.127029
11.599999 11.576817
11.8 11.803682
11.7 11.751399
11.2 11.207744
11.8 12.110956
11.8 11.661084
11.1 11.047293
11.498559 11.609815
11.3 11.38421
12.1 11.699228
11.1 11.28182
11.5 11.792777
11.999998 11.95895
11.599999 11.612611
10.40103 10.204873
11.900001 11.909185
11.2 11.362757
12.8447275 11.934603
13.000009 12.599069
11.3 11.451819
11.900001 11.87392
11.2 11.460774
11.2 11.556773
11.1 11.415276
11.3 11.374748
11.8 11.765486
11.667832 11.922299
11.1 11.224499
13.000009 11.964517
11.599999 11.202154
11.2 11.122126
11.900001 11.879922
12.199999 12.107057
11.999998 11.831053
10.622879 10.554182
10.79897 11.11047
11.932683 12.087749
12.199999 11.711418
11.2 11.464103
11.900001 11.953032
11.020819 10.564487
11.8 11.847163
11.7 11.655581
12.199999 12.189999
11.900001 11.923871
11.2 11.279753
14.1 14.756323
11.900001 12.149552
11.3 11.326248
14.299971 13.90812
11.2 11.319829
11.599999 12.022553
11.5 11.469519
11.400001 11.567166
11.3 11.987129
10.8 10.920074
11.2 11.253296
11.900001 11.89673
14.321849 14.102764
11.900001 11.914189
11.5 11.516898
13.399989 12.961103
11.3 11.425148
11.7 11.367563
11.2 11.32125
12.953999 13.29723
11.2 11.218988
11.1 11.093382
11.1 11.148341
11.3 11.318814
11.5 11.646859
11.1 11.216053
11.8 11.692439
13.899971 13.541191
11.5 11.633498
11.999998 11.918369
12.699998 12.38162
11.900001 11.851847
11.2 11.108447
11.999998 12.122434
11.8 11.43218
12.799992 12.089851
11.900001 11.894115
11.1 11.124283
12.499997 11.543702
11.8 12.343062
11.2 11.299716
13.699981 13.086884
12.299998 12.78133
11.8 11.856024
11.1 11.125269
11.2 11.250144
10.5 10.784935
11.900001 11.824378
11.400001 10.409363
11.3 11.292593
11.1 10.956084
12.899998 12.737838
12.299998 11.807293
11.70103 11.740552
11.400001 11.493782
11.3 11.407465
11.8 11.860278
12.1 11.8575325
13.200015 12.470412
11.400001 11.342355
11.5 11.508492
11.900001 11.860529
11.3 11.401592
11.8 11.82287
11.400001 11.463518
11.40103 11.339681
11.1 11.521087
12.699998 12.403357
11.5 11.545239
11.1 11.124711
11.900001 11.751245
12.71261 12.548738
12.499997 11.251912
13.699981 12.610778
11.49794 11.688013
11.599999 11.628943
12.799992 11.980431
13.531798 13.30786
11.2 11.247513
11.2 11.171625
11.3 11.294814
11.8 11.819431
11.3 11.380832
11.1 11.106045
11.400001 11.48953
12.199999 12.135144
11.8 11.433381
11.599999 11.989104
10.2 9.969723
11.1 11.252058
11.2 11.247372
10.1 9.651112
10.70206 11.037144
11.3 11.5818405
11.1 11.176602
11.900001 11.604103
11.3 11.444166
11.1 11.14082
12.537707 12.0983925
11.599999 11.629794
10.555932 10.197057
11.5 11.468549
11.1 11.137594
11.400001 11.490738
12.869551 12.396261
11.7 11.607183
11.400001 11.441705
12.599997 11.887315
12.199999 12.0351925
11.400001 11.748406
11.2 11.27701
14.652842 13.561037
11.1 11.0069685
11.7 11.517294
12.324754 14.02612
11.1 10.283546
11.2 11.321011
11.2 11.319776
12.499997 11.736299
11.400001 11.472983
11.1 11.020924
11.2 11.328556
11.8 11.818827
12.1 12.015279
14.1 14.654859
11.999998 11.843329
12.812984 11.958313
11.3 11.305258
12.1 11.813044
11.400001 11.405398
11.599999 11.659793
11.900001 12.106077
11.999998 11.957634
11.7 11.75858
11.999998 11.845921
11.2 11.296936
11.669136 12.015147
11.900001 11.730703
11.5 11.323481
11.84958 11.931921
11.900001 11.814463
11.7 11.722627
11.5 11.59784
11.2 11.335178
11.900001 12.060932
11.5 11.648446
11.2 11.3532295
13.600039 13.088152
11.923909 12.000639
11.900001 11.874381
11.254902 11.710027
11.2 11.5733185
11.7 11.716411
11.900001 11.875223
11.5 11.394286
11.900001 11.865273
11.3 11.319518
13.299971 12.199236
11.999998 11.526656
11.2 11.273223
11.900001 11.702621
11.1 11.307472
11.900001 11.900366
13.899971 11.749711
11.900001 11.863855
10.1 10.06193
11.5 11.515186
14.236677 14.439632
9.40103 9.12786
11.7 11.928846
11.400001 11.362933
11.8 11.785675
11.599999 11.299027
11.3 11.385596
11.7 11.775504
11.2 11.1617155
11.8447275 11.667341
11.5 11.519441
12.1 11.83965
9.79897 9.650069
12.7090645 13.56953
11.3 11.9528055
11.2 11.210791
11.5 11.517798
12.1 12.127974
10.4 10.212128
10.40103 10.590879
11.7 11.91432
11.900001 11.927971
12.1 12.673791
12.399998 12.027257
11.2 11.472505
11.900001 11.914461
13.699981 12.863153
11.599999 11.544933
9.893174 9.900379
11.3 11.417454
11.900001 11.826369
13.49794 12.393389
11.8 11.806188
13.500008 12.680139
12.799992 12.247031
13.800057 12.061044
14.200179 13.327753
11.599999 11.570612
11.5 11.558522
11.3 11.367773
10.1 10.405269
11.696879 11.928118
11.8 11.880738
11.79897 11.630184
11.699999 11.949954
11.3 11.446469
11.8 11.939188
11.5 11.6549015
12.699998 12.457684
11.5 11.466128
12.399998 12.241647
11.2 11.146245
11.2 11.355887
12.359637 12.328247
11.900001 11.880923
11.5 11.654634
10.4 10.246511
16.141392 15.221514
13.399989 13.050512
11.7 11.478841
15.1 13.801711
11.1 11.148306
11.599999 11.469714
11.3 11.327587
13.200015 12.327218
11.999998 11.948234
11.7 11.471031
11.8 11.778363
12.199999 12.437656
11.3 11.205286
11.2 11.20134
13.899971 12.024991
11.567883 11.322361
11.900001 11.870871
11.900001 11.904514
11.3 11.637926
11.1 11.012283
11.8 11.902546
11.8447275 12.031656
11.3 11.537289
11.1 11.126861
10.40103 10.055158
11.652842 11.5751095
11.2 11.3002405
11.900001 11.898573
11.2 11.269827
11.7 11.745491
11.3 11.396248
12.699998 11.328084
11.5 11.553093
11.900001 11.849849
11.7 11.58721
12.699998 12.01367
11.3 11.123991
11.5 11.432658
14.299971 13.85942
12.1 11.686145
11.7 11.616814
11.900001 11.302447
12.199999 12.547629
11.1 11.235805
11.7 11.629867
13.21351 12.572527
10.1 10.122049
11.5 11.540481
11.5 12.165574
11.2 11.188512
11.900001 11.936531
11.900001 11.826015
13.399989 12.983496
10.40103 10.282633
11.5 11.491741
11.900001 11.580567
10.79897 10.726898
12.1 11.8986435
11.5 11.467414
11.3 11.527718
11.1 11.084019
11.999998 11.91994
11.3 11.347327
11.8 11.812945
12.599997 11.833234
11.599999 11.656013
12.199999 12.705015
11.400001 11.396466
11.1 11.168164
11.1 11.120275
11.999998 11.913233
11.2 11.3504715
12.299998 12.328612
12.199999 11.660391
11.1 11.201743
11.999998 11.818865
11.8 11.849395
11.5 11.35944
11.7 11.568406
10.1 10.457191
11.2 11.203388
10.351812 10.20309
11.1 11.177194
11.1 11.155627
11.1 11.119194
11.3 11.353344
11.2 11.324531
12.633132 13.536467
12.499997 12.298461
11.999998 12.573228
11.2 11.313751
11.999998 11.760512
11.400001 11.605686
11.400001 11.490153
11.400001 11.5095825
11.400001 11.419832
11.1 11.096679
11.999998 11.517944
11.599999 11.605149
11.400001 11.410115
12.1 11.792655
11.3 11.352711
11.2 11.368708
11.2 11.281172
11.058607 11.025889
11.900001 12.0024605
11.1 11.236382
11.5 11.694115
11.1 11.147379
11.2 11.23063
11.8 12.022285
10.40103 10.315775
11.7 11.731039
11.900001 11.881355
11.2 11.2990465
11.1 11.172885
11.5 11.264313
11.8 11.541374
10.777781 10.687302
11.3 11.263036
11.5 11.484083
11.900001 11.876741
11.7 11.928228
14.814443 12.46326
11.5 11.942272
11.1 11.166962
11.3 11.471693
11.400001 11.665204
11.3 11.728087
11.599999 11.594931
10.3 10.490002
11.3 11.452742
11.5685215 11.516801
10.581486 10.740321
11.7 11.697292
12.953872 11.994759
11.900001 11.823656
11.1 11.133428
11.2 11.35997
11.7 11.70892
11.599999 11.604883
11.400001 11.510765
11.3 11.291294
11.4 11.624063
12.899998 13.278659
11.1 11.338654
13.487216 13.675919
13.500008 12.665414
11.8 11.649455
11.1 11.0927515
11.599999 11.496046
11.999998 11.992224
12.1 12.310857
13.999974 12.755337
12.70206 10.675464
11.3 11.435133
11.900001 11.421125
12.1 11.94629
12.1 12.317703
10.3 10.707725
11.900001 12.098722
11.2 11.147052
11.7 11.733234
11.8 11.669935
11.5 11.621602
11.5 11.581918
11.999998 11.735321
11.1 11.20724
11.3 11.524688
11.869551 11.314676
11.3 11.2927265
13.1 12.965785
11.400001 11.790518
11.8 11.794382
11.1 11.174111
11.1 11.145155
11.2 11.177399
11.1 10.912151
10.3 10.203557
10.70206 10.623575
11.999998 11.918473
12.299998 12.246201
11.599999 12.055154
10.40103 10.405081
11.5 11.418206
11.900001 11.637014
12.1 11.388032
11.5 11.509576
10.1 10.125639
11.7 11.884187
11.400001 11.391108
11.999998 11.891668
11.8 11.855624
11.999998 11.840044
11.2 11.359288
11.900001 11.893447
11.8 11.78363
11.5 11.531524
11.999998 11.927321
11.1 11.1369915
11.1 11.534056
11.7 11.739698
11.400001 11.100683
10.078811 9.860243
11.8 11.901793
11.599999 11.764383
11.2 11.284059
11.3 11.282595
11.999998 12.293223
11.5 11.334186
11.3 11.606421
11.400001 11.236869
11.5 11.555066
11.7 11.747663
11.1 11.352221
10.70206 10.729693
11.427902 11.444824
12.899998 13.282282
11.8 11.815191
11.999998 11.965523
13.399989 12.6355915
11.3 11.351185
13.299971 12.941547
12.1 11.849971
11.1 11.063879
10.5 10.71448
11.3 11.7573185
11.599999 11.475425
11.7 11.712372
11.1 11.198573
10.79897 11.392069
13.600039 12.578778
11.1 11.14461
11.1 11.61998
11.8 11.930797
11.2 11.334038
12.199999 12.0751095
11.2 11.215429
11.900001 11.884808
13.1 13.056664
11.900001 11.912895
11.2 11.294976
11.1 11.102706
11.5 11.4471445
11.1 11.136708
12.699998 12.505416
11.1 11.166828
11.2 11.312435
11.2 11.184587
13.200015 13.241826
10.4 12.070815
11.1 11.124858
11.7 11.491405
11.900001 11.89246
10.2 10.471758
11.2 11.228722
12.1 11.953377
11.1 11.264982
11.2 11.216403
11.2 11.188942
11.5 11.453926
13.600039 13.773573
11.2 11.239296
12.199999 12.064606
13.500008 12.755811
11.2 11.162966
11.5 11.3693495
11.8 11.552464
11.8 11.783179
11.8 11.796735
11.400001 11.268716
11.3 11.361611
11.599999 11.5586405
11.900001 11.842289
11.2 11.271657
11.599999 11.523547
11.900001 11.750037
11.2 11.141766
11.020819 10.997458
12.299998 12.622118
9.70206 9.353858
12.299998 11.98638
11.400001 11.364464
11.3 11.373501
11.5 11.192182
12.1 12.17322
12.299998 11.888121
11.2 10.692674
11.7 11.237609
11.1 11.471762
11.2 11.25003
12.799992 13.798678
11.8 11.82587
11.7 11.720795
11.599999 11.643339
10.1 10.146381
11.5685215 11.651728
9.79897 10.1023035
11.8 11.764989
11.329148 11.755152
12.699998 12.446371
11.2 11.155979
10.923909 10.653485
13.800057 13.316816
11.3 11.503793
11.5 11.667577
11.5 11.576017
10.1 10.118074
11.400001 11.405009
11.8 11.769546
10.2 11.367284
11.400001 11.614733
11.599999 11.652868
11.3 11.260267
11.2 11.209347
11.5 11.369622
12.499997 12.116882
11.900001 11.874721
11.3 11.335646
11.8 11.974576
11.1 11.187707
12.699998 12.238843
10.47675 10.408081
11.1 11.063615
13.899971 13.219804
11.5 11.567053
12.599997 11.571267
11.5 11.376414
11.2 11.828274
13.500008 12.087455
13.1 13.7666645
12.877283 12.663427
10.7 10.583618
10.70206 10.486374
11.2 11.244114
11.8 11.819619
11.5 11.231206
11.3 11.293603
11.599999 11.347092
11.8 11.891175
10.622879 10.417591
11.999998 11.900991
11.900001 11.934252
11.5 11.642116
11.3 11.389988
11.543697 11.876424
11.400001 11.354287
12.399998 11.691791
11.599999 10.224348
11.8 11.827335
12.199999 12.40283
11.2 11.223065
11.8 11.820621
11.1 11.092837
11.1 10.996579
12.199999 12.301384
11.2 11.309075
11.400001 11.569882
14.1 14.237358
11.5 11.35277
11.7 11.65901
11.520216 11.346041
11.3 11.651037
11.1 11.317415
13.899971 13.224567
12.199999 12.08296
11.5 11.568699
11.3 11.3401985
11.8 12.906666
13.299971 12.079045
11.2 11.29678
11.900001 11.662738
11.699999 11.948834
11.400001 11.650475
11.900001 11.84472
11.8 11.571961
11.8 11.7767935
11.400001 11.303707
12.543697 12.239127
12.1 12.13984
11.999998 12.424697
11.2 11.26155
12.555932 12.392681
11.2 11.205304
11.3 11.349134
12.499997 11.760054
12.248742 13.382364
11.3 11.390645
11.5 11.588278
11.3 11.8144
11.3 11.321656
11.400001 11.308555
11.2 11.366988
14.400163 13.17485
12.299998 11.928894
11.1 11.186637
11.3 11.4832735
10.622879 10.551787
11.8 11.7674885
11.5 11.5463705
10.5 10.715889
11.3 11.344723
11.2 11.18142
11.900001 11.13211
11.900001 12.138127
11.2 11.226838
11.1 11.099383
11.2 11.307649
11.900001 11.887849
11.1 11.292957
11.1 11.161987
11.2 11.774094
11.900001 12.098628
11.2 11.281229
10.2 10.10902
11.400001 11.706412
11.5 11.3527565
11.2 11.261765
12.199999 11.690785
11.1 11.208567
11.5 11.318815
11.900001 11.912395
11.3 11.773252
11.400001 11.489947
11.900001 12.074062
11.900001 11.535431
11.7 12.149992
11.7 11.326087
11.900001 12.281945
11.3 11.432774
11.3 11.363148
13.500008 13.841357
11.2 11.2111225
11.7 11.756193
13.600039 12.981941
10.1 11.564514
14.5685215 14.455098
12.899998 13.060652
11.2 11.205215
11.5 11.56675
12.499997 11.607205
11.1 11.111125
10.70206 10.965433
11.900001 11.892888
11.8 11.831076
12.1 12.049081
11.2 11.512937
11.2 11.222638
11.900001 11.900212
11.5 11.617339
14.1 14.85761
13.299971 12.881811
11.8 11.825008
11.599999 11.671011
11.5 13.016335
11.821246 12.118697
11.1 11.360089
9.40103 9.214796
11.5 11.567827
11.400001 11.545936
11.8 11.686098
11.900001 11.731046
12.199999 12.440822
13.191515 13.176278
12.1 11.26136
12.668636 12.882477
11.1 11.145485
11.599999 11.65676
12.699998 12.165996
11.900001 11.954933
11.5 11.473618
11.1 11.26051
11.8 11.496761
12.1 11.812578
11.5 11.650762
13.600039 13.463574
11.599999 11.66124
11.8 11.832064
11.400001 11.357674
11.900001 11.875182
11.7 11.624538
11.900001 11.897877
11.1 11.193699
11.400001 11.60453
11.5 11.911816
11.2 11.153455
11.3 11.399423
11.18302 12.110383
12.799992 12.684151
11.900001 11.855787
11.1 11.584327
13.699981 12.739386
12.899998 11.978589
11.1 11.471752
11.180922 11.191994
13.699981 12.461692
11.1 11.152726
11.3 11.547794
10.622879 11.498066
11.1 11.151287
10.40103 10.740269
11.1 11.216412
12.499997 11.96599
11.999998 11.8895035
11.599999 11.9436035
11.7 11.718601
11.8 11.775492
11.3 10.56197
11.1 11.014429
11.3 11.340709
11.400001 11.443398
13.000009 12.308144
13.1 12.75286
10.7 10.639381
11.719789 12.442837
11.2 11.251408
12.599997 12.174126
12.199999 12.158842
11.1 11.097168
11.900001 11.979759
11.900001 11.925568
11.5 11.578743
11.599999 14.002615
10.622879 10.511208
11.1 11.230914
11.8 11.964146
11.7 11.702587
11.8 11.838456
11.8 11.847128
12.199999 11.743805
11.999998 12.726111
14.299971 13.545043
11.599999 11.5734625
11.1 11.4077215
11.7 11.886004
11.8 11.525144
11.900001 11.929134
11.900001 11.813908
11.999998 11.9916935
12.699998 12.822313
10.49794 11.469204
11.2 11.367879
11.8 11.524599
10.7 11.204057
13.49794 13.351402
9.122276 9.205042
11.1 11.200014
12.899998 11.792762
11.400001 11.341042
11.1 11.250126
11.900001 11.889349
12.399998 12.094597
11.900001 11.869049
11.400001 11.788435
11.400001 11.440521
11.124064 11.244999
11.900001 11.80107
11.5 11.63858
11.49794 11.628072
11.599999 11.662756
12.599997 14.052707
11.2 11.361679
11.5 11.651337
10.70206 10.5761595
11.1 11.308944
11.1 11.214576
11.5 11.527318
11.2 11.364589
12.299998 11.911969
11.1 11.5169935
12.299998 11.920278
11.7 11.746516
14.299971 13.577187
11.8 11.756538
13.299971 12.528946
11.2 11.270517
11.2 11.281021
10.40103 10.791196
10.70206 10.910133
12.899998 13.28083
11.3 11.34249
11.2 11.344497
11.1 11.1875305
12.599997 11.777922
10.1 10.047029
11.1 11.126418
11.2 11.202426
11.2 11.175275
12.399998 12.577154
12.299998 12.295932
11.5 11.339949
11.2 11.5558195
11.1 11.509411
11.8 11.488555
12.1 11.7335005
11.79897 12.181242
12.1 12.022221
11.8 11.539392
10.581486 11.649898
11.1 11.1846895
11.900001 11.821409
12.199999 12.121209
11.2 11.268563
12.1 12.265849
11.5 11.566272
11.699999 12.94792
14.400163 13.203615
12.799992 12.458522
13.299971 12.408436
10.59485 10.526118
12.399998 11.626463
12.899998 13.095238
11.5 11.450826
11.3 11.443337
11.5 11.388958
11.2 11.742496
12.499997 11.544054
12.799992 11.809191
12.799992 12.422818
11.2 11.235983
13.1 12.236489
11.2 11.22237
10.79897 10.879336
12.299998 12.118907
11.900001 12.072706
11.599999 12.578442
11.8 11.836639
11.1 11.127954
11.900001 11.757108
11.5 11.546612
11.8 11.746402
11.900001 11.847288
11.900001 11.8972
11.5 11.305701
11.7 11.738566
13.899971 13.95649
12.399998 12.200136
11.3 11.411654
11.2 11.2382145
11.400001 11.935484
12.299998 12.188705
11.2 11.141516
11.999998 11.987092
11.3 11.402872
11.8 11.7907715
11.900001 11.906311
11.999998 11.498046
13.1 13.285709
11.7 11.653953
11.7 11.660182
11.8 11.668089
11.379819 11.391345
10.1 10.125667
9.70206 9.646824
11.8 11.637764
10.79897 10.164349
13.800057 13.415841
13.999974 14.104322
11.400001 11.696636
11.3 11.252718
11.2 11.308193
11.3 11.454398
11.999998 11.882424
13.652842 13.812771
11.2 11.2900505
11.3 11.634309
11.1 11.227714
11.999998 11.9212475
11.2 11.206566
11.7 11.767084
10.622879 10.640798
11.3 11.371285
11.8 11.850082
10.1 9.8353
11.3 11.344918
11.1 10.926796
11.1 11.190971
11.999998 12.063863
12.1 11.928802
12.499997 12.412171
11.900001 11.934822
13.129657 12.879562
11.3 11.282556
12.699998 12.515744
11.5 11.359975
11.3 11.249756
11.2 11.25158
11.400001 11.581529
11.8 11.749988
11.400001 11.582691
12.738272 12.659666
12.899998 13.052058
15.1 14.568428
12.299998 11.936955
11.254902 11.300317
11.7 11.949475
12.1 11.902083
13.821246 13.13345
13.399989 13.46085
11.2 11.357376
10.1 9.945581
11.7 11.758159
11.1 11.164395
10.5 10.452423
11.7 11.292904
14.1 14.329504
11.2 11.285872
11.900001 11.958204
11.1 11.313057
11.1 11.160256
11.608639 11.004795
11.3 11.449682
11.400001 11.355787
11.1 11.101798
11.8 11.399131
11.400001 11.563801
15.321849 13.637741
11.599999 11.3959055
11.1 11.242154
11.1 11.141774
10.1 11.285696
11.5 11.521277
11.8 11.597613
13.299971 12.305385
11.7 11.452434
11.2 11.991162
11.8 11.847306
13.000009 12.1467495
11.599999 11.362044
13.399989 13.01827
12.299998 12.183202
11.599999 12.00949
11.2 11.348463
11.7 11.731088
11.2 11.187746
11.599999 11.621778
11.1 11.04755
12.699998 13.214788
13.1 12.48282
13.699981 13.361503
11.999998 11.960977
11.5 11.561287
11.5 11.605544
11.900001 11.703067
11.5 12.055278
11.2 11.301773
13.399989 12.542237
11.7 11.695177
11.2 11.280765
11.1 11.080835
11.138579 11.162995
11.3 11.356015
13.043096 13.087161
11.2 11.275333
11.900001 11.896202
10.1 10.296259
10.3 10.408051
11.1 11.050815
11.3 11.285841
11.1 11.296369
11.2 11.317562
11.400001 11.421567
11.5 11.669124
11.900001 11.954676
11.2 11.335297
11.1 11.167494
12.399998 12.336676
11.900001 11.812423
11.5 11.649221
10.8 10.3693075
11.2 11.181408
11.558421 10.584627
11.2 11.209425
11.900001 11.955
11.7 11.993173
11.1 11.3191805
13.399989 13.415074
11.2 11.398952
13.999974 13.904114
13.299971 13.124743
12.899998 12.085268
11.2 11.172555
11.3 11.260357
10.1 9.977221
11.5 11.569605
12.799992 12.422579
11.599999 11.642558
12.299998 12.100482
11.1 11.069563
12.199999 11.444071
11.999998 11.810455
11.3 11.89633
11.599999 11.797889
13.000009 12.277506
11.5 11.570581
11.2 11.717465
11.8 11.758193
11.999998 12.058186
11.2 11.312474
11.900001 11.970414
11.999998 11.988099
11.2 11.498366
11.999998 11.945944
11.400001 11.519306
11.2 11.842093
12.299998 11.919094
11.8 11.595267
11.7 11.722115
11.3 11.310893
11.710834 11.883843
11.7 12.0873575
11.400001 11.517922
11.108774 11.147286
11.900001 11.516456
11.5 11.567571
11.900001 11.877196
11.400001 11.476801
11.2 11.287536
11.2 11.274034
11.8 11.537815
13.699981 11.102081
11.3 11.354132
11.2 11.184139
11.2 11.326173
13.1 13.17013
11.400001 11.395053
11.2 11.696413
11.2 11.365306
12.399998 11.751526
11.900001 11.667208
11.900001 13.422878
11.400001 11.427863
11.400001 11.452898
11.900001 11.876636
10.70206 10.790784
11.1 11.432433
12.599997 12.800449
11.2 11.291403
11.1 11.163056
11.1 11.015351
10.622879 10.523953
14.40103 13.005637
13.299971 13.336613
11.8 11.822907
10.1 9.816509
11.1 11.197507
11.5 11.442551
11.5 11.428729
14.600313 13.732364
11.900001 11.898729
10.4 10.432255
11.8 12.414259
11.400001 11.507222
11.3 11.358123
10.622879 10.518483
10.70206 10.683032
12.0813 11.98393
11.2 11.283768
11.3 11.485112
10.7 11.402131
11.3 11.565931
11.900001 11.930741
12.699998 12.883748
11.7 12.351265
11.900001 12.002394
11.7 11.2302
11.3 11.369686
12.299998 11.951951
11.8 11.39163
11.555932 11.1440115
11.599999 11.6519575
11.2 11.387115
11.1 11.155149
12.299998 12.30972
12.399998 12.380668
13.600039 14.553912
11.400001 11.436096
11.599999 11.679511
11.5 11.805485
11.1 11.26485
11.400001 11.450368
11.5 11.750246
11.7 12.162737
14.1 14.253153
14.1 14.491671
11.3 11.32305
11.2 11.284757
11.2 11.239712
11.531798 10.4121
10.3 10.880604
11.2 11.216864
11.3 11.267395
12.1 11.958489
11.2 11.187031
11.2 11.513541
11.3 11.277379
11.400001 11.108909
11.599999 11.609358
11.1 11.611471
11.599999 11.604535
11.1 10.86992
11.999998 12.037747
11.2 11.207646
11.8 11.825745
13.299971 12.743141
11.40103 11.070842
11.2 11.141509
11.400001 11.418921
11.599999 11.573132
11.1 11.12639
10.986056 11.092689
11.5 11.509397
11.2 11.341991
10.2 10.191969
11.8 11.793516
11.900001 12.239735
11.2 11.455895
12.199999 12.250639
11.3 11.29873
11.702686 11.736474
12.199999 11.601645
12.399998 12.042621
13.999974 13.600502
11.2 11.313066
11.999998 11.340519
11.999998 11.6570425
11.2 11.305688
11.5 11.447724
13.1 13.136919
11.900001 11.944614
11.1 11.154844
11.2 11.216483
11.2 11.29634
11.599999 12.498874
13.000009 12.525414
11.2 11.499437
11.900001 11.8368435
13.117729 13.2285795
11.400001 11.306495
13.1 12.381229
13.043096 13.215079
11.999998 11.936975
10.40103 10.265203
12.299998 12.518904
11.1 11.245022
11.1 11.234823
10.4 10.403646
11.261151 11.711773
11.8 11.7784195
11.2 11.21673
10.3 10.1548195
11.8 11.987344
11.1 11.09931
11.2 11.179091
11.400001 11.416828
11.5 11.4217415
13.155421 13.728896
10.622879 10.479441
11.1 11.169036
12.299998 12.449197
11.400001 11.354662
11.7 11.806996
11.1 11.165809
11.5 11.565037
12.799992 12.845865
11.1 11.199791
11.900001 11.824019
11.2 11.566359
10.79897 10.79333
11.3 11.559541
11.3 11.475617
11.7 11.471123
11.400001 11.458194
12.499997 11.8081665
11.356133 11.167377
11.999998 11.876206
12.199999 12.237269
11.400001 11.351336
11.900001 11.673514
11.1 11.219489
11.599999 11.485568
14.999629 13.533719
12.399998 12.49604
11.599999 11.797072
11.5 11.411373
11.400001 11.753239
11.8 12.18112
10.622879 10.62601
11.2 11.283901
11.1 11.255917
11.599999 11.461054
11.5 11.543366
11.1 11.135437
12.1 11.544034
11.2 11.432708
11.5 11.531497
11.7 11.610083
11.1 11.156017
11.3 11.3831415
11.1 11.338332
11.7 11.61021
11.5 11.387744
11.3 11.492191
11.999998 12.063854
10.2 10.080245
12.199999 12.237195
10.70206 10.787351
12.299998 11.818869
11.8 11.758827
13.800057 12.736985
12.299998 12.089453
11.400001 11.538567
11.1 11.209236
11.1 11.0271
13.200015 12.213157
11.400001 11.373176
12.499997 11.24308
12.199999 12.2206335
11.2 11.349683
11.7 11.754799
11.19691 11.062085
12.499997 11.6670265
11.900001 11.854442
11.7 11.682452
11.8 11.870306
11.2 11.152474
11.2 11.266227
11.999998 12.158106
11.1 11.139849
11.1 11.068779
11.400001 11.525505
11.400001 11.406878
11.1 11.015706
11.900001 11.877677
13.359637 13.588477
11.79897 12.096368
11.2 11.224599
13.180922 13.204765
11.2 11.259732
11.900001 11.6988945
11.999998 12.404177
11.2 11.298728
11.5 11.6938305
11.1 11.245875
11.5 11.392677
11.19691 11.4212265
11.7 11.888634
10.1 10.102441
11.5 11.599842
11.1 10.994179
11.2 11.269632
11.8 11.709371
11.900001 11.887078
11.2 11.272058
11.400001 11.345963
11.8 11.794606
10.9 10.956283
11.5 11.4663925
11.599999 11.624698
11.3 11.483351
10.70206 10.628719
10.1 10.1023035
11.400001 11.377914
11.599999 11.678647
11.999998 11.679344
11.900001 11.909707
11.2 11.334902
12.899998 12.182274
11.2 12.084296
10.627244 10.080872
11.599999 11.694323
11.3 11.444545
11.7 11.732466
10.678396 10.910108
11.8 11.800019
12.799992 12.34244
11.8 11.794971
11.3 11.35059
11.400001 11.356147
12.699998 12.559556
11.1 10.955974
11.999998 11.865923
11.400001 11.822145
11.599999 11.440312
11.5 11.506469
11.5 11.514808
11.900001 11.834135
11.1 11.123162
10.49794 10.562695
11.1 11.028156
11.599999 11.716347
11.2 11.177526
11.1 11.5856085
12.1 12.491599
13.999974 12.240796
11.400001 11.19742
11.3 11.31928
11.8 11.718957
12.299998 12.56982
11.8 11.771581
11.7 11.74139
9.47675 9.58825
11.5 11.292785
11.2 11.300325
12.299998 11.93859
11.5 11.550436
11.8 12.040388
11.1 11.323143
11.599999 11.827274
11.2 11.272774
11.999998 11.913392
11.1 11.0963745
12.599997 12.429925
11.8 11.799827
11.3 11.3916235
12.399998 11.742746
11.400001 11.459977
13.899971 13.594633
10.589405 11.075732
11.8 11.748496
11.400001 11.403482
11.900001 11.878804
12.399998 12.363527
11.8 11.682933
13.136212 12.995212
13.1 12.349953
11.1 11.169013
11.2 11.251834
11.8 11.848524
11.3 11.498182
11.2 11.239015
11.3 11.527182
11.7 11.738356
11.3 11.483576
11.900001 11.867305
11.3 11.379687
13.699981 13.944127
11.2 11.567234
11.999998 11.972331
13.899971 12.431131
11.900001 11.86489
12.599997 11.712303
11.5 11.681431
11.212469 11.27363
11.900001 11.848351
11.1 11.393841
11.2 11.444222
11.900001 11.859883
11.599999 11.799645
11.7 11.700865
11.400001 11.450004
11.900001 11.602542
11.5 11.596845
11.0 11.607899
11.599999 11.614309
12.1 13.004393
12.299998 11.740785
11.5 11.766395
11.2 11.244237
11.1 11.122253
12.1 11.875332
11.400001 11.34683
11.912762 11.272308
13.200015 13.127142
11.122276 11.556943
11.8 11.745472
11.5 11.60023
11.1 11.641174
11.2 11.199877
12.1 11.492219
13.581486 13.592101
10.622879 11.15743
12.499997 12.37804
12.799992 13.064569
12.797429 11.941433
11.5 11.443075
11.1 11.166286
11.8 11.826705
11.2 11.513641
12.699998 12.676872
11.7 11.3796425
12.599997 12.613115
11.999998 11.929757
10.8 10.192195
11.8 11.798591
11.900001 11.573184
11.5 11.604027
10.8 11.165226
11.3 11.390373
11.900001 11.19423
11.400001 11.368942
11.599999 11.6590185
11.400001 11.546609
12.70206 13.848402
11.1 11.103594
11.599999 11.747553
11.2 11.155485
11.254902 11.130009
11.2 11.334828
11.999998 11.66298
11.1 11.00389
12.03968 11.676768
13.899971 12.501874
11.7 11.394691
12.299998 11.796111
13.685027 13.1796
11.1 11.1555395
11.7 11.579396
11.900001 11.899556
11.400001 11.392999
11.2 11.297509
11.900001 11.852247
11.999998 11.9670105
11.400001 11.379827
11.1 11.496722
14.400163 14.066236
11.2 11.2640505
12.699998 11.800768
12.499997 12.07449
11.900001 11.90636
13.200015 12.630839
11.7 11.735725
14.79897 14.571108
14.600313 12.860306
11.1 11.119004
11.2 11.2349825
12.199999 12.446749
11.900001 11.858208
11.900001 11.271103
11.3 11.317161
11.1 11.377681
11.2 11.179087
13.1 14.255173
11.2 11.084988
12.199999 11.580493
11.5 11.692503
11.599999 11.651857
11.999998 12.014634
11.1 11.063636
11.2 11.315279
12.699998 11.853546
14.999629 15.244655
11.5 11.530062
11.1 11.15562
11.2 11.193907
11.400001 11.254685
11.5 11.496249
12.835182 12.742002
15.299971 14.768066
11.599999 11.540808
14.1 14.677168
11.654827 11.754219
11.1 11.221069
11.400001 11.370256
11.3 11.296294
11.2 11.341784
11.3 11.32215
11.2 11.395035
11.1 11.337065
12.199999 12.129929
11.400001 11.300057
11.8 11.860294
13.456548 11.173249
11.1 11.148936
13.401807 13.55697
11.2 11.318451
11.400001 11.448132
12.499997 11.760669
13.531798 12.276551
11.599999 12.048256
11.1 11.177185
11.1 11.169055
11.1 11.129927
11.336572 11.450914
11.599999 11.6756735
11.5 11.504856
13.1 12.547973
11.2 11.275216
11.5 11.565582
11.2 11.137388
12.199999 12.160114
11.0 10.649914
12.499997 11.816086
11.8 11.841611
11.7 11.789219
11.2 11.264216
11.2 11.119483
12.299998 12.18936
10.5685215 11.330588
11.900001 11.790831
11.8 11.77001
11.1 11.22146
11.1 11.23284
10.5 10.632331
11.900001 11.733662
15.1 12.15067
11.5 11.365167
11.8 12.036099
11.400001 11.488421
11.8 11.811245
11.3 11.483466
10.89588 10.797407
11.2 11.276991
13.1 12.324043
11.1 11.64055
11.999998 11.530907
11.900001 11.358255
11.1 11.114701
11.7 11.902611
10.29382 10.294442
11.7 11.7491045
11.3 11.268952
11.1 11.370316
11.2 11.3487425
11.1 11.025587
11.900001 11.906385
11.1 11.564762
11.2 11.226046
11.599999 12.181329
11.1 11.174544
11.900001 11.930239
10.627244 10.520297
11.5 11.460233
11.599999 11.231924
11.1 11.211441
11.900001 11.873396
11.3 11.289895
11.3 11.403436
11.2 11.643272
11.1 10.739928
11.3 11.347099
11.400001 11.463249
11.1 11.04152
11.2 11.120284
11.2 11.2094345
11.543697 11.903489
11.7 11.748468
11.3 11.410436
11.8 11.333988
11.400001 11.591454
11.1 11.155985
13.1 12.979828
11.3 11.752976
12.699998 12.154975
11.2 11.169735
11.900001 11.927522
13.000009 11.882779
13.500008 12.299571
11.599999 11.661484
11.900001 11.955656
11.2 11.157631
10.854487 11.575589
11.900001 11.72495
11.599999 11.538487
11.1 11.109321
11.900001 11.784415
11.3 11.27934
11.599999 11.593148
11.900001 12.101002
9.49794 9.417861
11.900001 11.865829
11.5 11.637918
11.599999 12.038597
11.3 11.359034
11.1 11.121729
11.8 12.08179
11.2 11.165257
11.5 11.670776
12.199999 12.031731
11.999998 11.752924
11.900001 12.008009
11.2 11.166121
11.900001 11.868437
13.699981 13.165085
11.599999 11.5157585
11.2 11.328381
11.599999 12.223072
11.5 11.413511
13.000009 12.232155
11.599999 11.652851
11.3 11.392944
10.79897 11.454923
11.145758 11.124516
11.2 11.183839
12.899998 11.914708
11.7 11.714649
11.8 11.8162365
11.8 11.804066
13.777781 13.728933
11.2 11.2307625
13.699981 12.834737
11.2 11.389968
11.1 11.2311945
13.200015 12.687137
12.899998 12.180825
11.5 11.532935
14.1 13.465915
11.900001 11.905658
11.900001 11.836266
11.599999 11.656586
10.1 9.924875
12.599997 12.615559
11.8 12.019208
11.2 11.194613
11.900001 11.835781
11.900001 12.081446
11.5 11.5782
12.393282 12.752353
11.5 11.523817
12.199999 11.588373
10.8 11.035561
11.1 11.70033
11.900001 11.894516
11.1 11.099316
12.1 11.781686
11.2 11.383632
12.399998 12.432805
11.3 11.536788
14.300659 13.575188
11.999998 11.828971
11.2 11.099533
11.999998 14.015936
11.599999 11.566952
13.1 11.336714
11.1 11.320421
11.1 10.934963
11.1 11.099344
11.5 11.577752
11.7 11.62306
11.1 11.219035
13.986056 13.48481
11.2 11.303173
12.299998 11.810204
11.7 11.65394
11.999998 11.960136
11.599999 11.666059
11.400001 11.4757185
11.900001 11.854569
11.2 11.093852
11.3 11.404749
11.8 11.748605
11.7 12.208413
11.999998 11.62359
11.599999 11.76193
11.900001 11.727573
12.010095 12.953027
15.079304 14.87991
11.1 11.162973
11.7 11.738822
10.70206 10.566032
11.400001 10.881446
11.1 11.166106
11.400001 11.42089
12.699998 11.572265
11.6157 12.344087
11.599999 11.628439
13.800057 13.524749
12.699998 11.629496
11.900001 11.907653
11.2 11.468877
11.2 11.204568
11.7 11.739159
11.900001 12.15628
10.49794 11.643999
12.1 12.254486
11.900001 11.849281
11.999998 11.526578
12.299998 12.473845
14.79897 13.860255
12.299998 12.1869335
11.2 11.194441
11.599999 11.43456
10.40103 10.95758
11.2 11.282364
12.599997 13.275487
11.5 11.51655
13.999974 13.784616
12.058607 12.049543
11.2 11.180634
13.500008 13.211094
11.599999 11.441955
11.3 11.857084
11.900001 11.8707695
11.7 11.741261
11.8 11.800717
11.7 11.188179
11.2 11.452627
11.1 11.07486
11.2 11.219022
11.2 11.2109165
12.9500065 11.373375
11.2 11.187061
11.175305 11.237255
11.599999 11.712937
11.900001 11.988678
11.2 11.403134
11.2 11.217349
11.953872 12.27654
11.599999 11.281119
11.5 11.493564
11.799999 11.826748
11.8 12.056313
11.8 11.686523
13.000009 13.398026
11.999998 12.434706
11.400001 11.47497
11.2 11.200711
11.1 10.978126
12.399998 12.18238
13.999974 13.116139
11.1 11.094543
11.3 11.318946
14.600313 14.790972
11.400001 11.7059
10.40103 10.942402
13.699981 13.360357
11.8 11.8001585
10.622879 10.446475
11.2 11.332835
10.7 10.696562
11.900001 11.9324
10.49794 11.42656
11.3 11.344414
12.200179 12.926896
12.499997 11.875338
11.599999 11.562729
11.400001 11.4472065
11.599999 11.5968275
11.999998 11.818024
12.199999 12.560208
11.3 11.366452
11.3 11.356082
11.8 11.589582
11.2 11.208132
11.2 11.624466
11.900001 11.82511
11.999998 12.193691
12.1 11.819326
11.999998 11.902394
11.5 11.595524
11.999998 12.116802
11.2 11.232655
11.2 11.235488
11.900001 11.871182
11.1 11.213382
10.70206 10.65514
10.70206 11.342632
11.2 11.21021
11.1 11.70851
12.299998 11.88254
12.299998 11.767566
11.2 11.212271
11.549999 11.818321
11.599999 11.537614
13.600039 13.067535
11.1 11.050959
11.1 11.16444
11.8 11.733928
11.12048 11.121117
12.399998 12.336805
11.599999 11.736977
11.1 11.667946
11.900001 11.675127
11.900001 11.669732
11.3 11.22338
11.1 11.033493
11.3 11.268528
11.1 11.114576
11.900001 11.847998
11.5 11.69463
11.2 11.28303
13.600039 12.66914
11.8 12.002523
14.553289 12.363857
12.199999 11.694686
11.2139435 11.522148
12.399998 12.2299385
11.8 11.759288
11.900001 11.848612
13.299971 12.909883
11.2 11.280785
10.655955 10.795373
11.1 11.140132
11.7 11.946726
11.5 11.730851
11.8 11.816201
11.2 11.381053
14.020819 14.815367
11.7 11.660064
12.1 12.332785
10.3 10.532824
11.8 11.233339
14.79897 14.882284
11.900001 11.665054
11.3 11.313205
11.999998 11.296689
11.1 11.378656
11.7 11.58164
11.1 11.233548
12.599997 12.11833
11.3 11.310708
11.5 11.388363
12.299998 12.105204
11.999998 11.571218
11.2 11.256542
13.299971 13.280649
11.8 11.706436
11.3 11.360937
11.7 11.420916
12.1 11.58959
11.900001 11.89053
11.999998 12.317183
13.399989 12.536147
11.8 11.783896
13.1 12.3783865
11.3 11.370557
12.299998 12.086775
11.1 11.290658
11.2 11.168381
11.900001 11.80945
11.2 11.129944
11.3 11.331645
11.1 11.104516
13.254902 12.202939
13.200015 13.304874
11.5 11.39042
13.643358 13.640099
11.400001 11.596827
11.999998 11.995533
12.899998 12.540933
11.2 12.46646
11.900001 11.92044
11.7 11.684369
11.7 11.799548
11.1 11.08808
11.900001 11.91118
11.900001 11.908316
11.5 11.322305
12.699998 12.682819
11.599999 11.565968
11.2 11.180061
12.793687 11.795862
11.599999 11.635977
11.5 11.536859
11.2 11.736029
11.5 11.54314
12.299998 11.655471
11.1 11.076558
12.599997 12.802819
11.900001 11.908661
11.2 11.4190035
11.900001 11.858127
11.889032 11.875003
11.5 11.720649
11.1 11.157777
11.400001 11.512561
12.199999 12.11268
12.399998 11.914764
11.5 11.558031
11.8 11.961455
11.7 11.703781
11.5 11.641112
13.000009 12.376804
11.8 11.7779455
11.900001 11.820487
11.900001 11.945671
10.70206 10.740856
11.3 11.367697
11.900001 11.853036
11.3 11.703376
11.900001 11.873315
11.900001 11.666516
11.5 11.548364
12.199999 11.652184
10.777781 10.081692
12.020819 11.570441
13.000009 11.93868
11.999998 11.761674
11.2 11.452017
13.637602 13.524883
11.900001 11.852312
11.900001 11.871152
11.2 11.275823
11.999998 12.018429
11.0 10.550593
12.299998 11.883057
11.1 11.077652
12.1 11.902771
11.1 11.1784725
11.900001 12.276263
11.900001 11.833324
10.622879 10.533596
12.499997 12.935944
11.8 11.7762575
11.5 11.504833
12.1 11.808728
12.40103 13.053675
13.399989 12.396656
11.2 11.343338
11.900001 11.938142
11.1 11.014119
11.400001 11.451807
11.1 11.173682
14.050077 14.067862
11.400001 11.294432
11.3 11.28727
11.5 11.548778
11.7 12.258515
11.2 11.234968
11.953872 11.965818
11.999998 12.132178
12.1 12.037757
11.1 11.135556
12.499997 13.572237
11.599999 11.843624
11.8 11.814094
11.7 12.296611
11.8 11.763919
11.2 11.168307
11.2 11.205364
11.7 11.705882
11.1 11.14224
11.2 11.585276
11.7 11.843776
11.599999 11.774968
12.399998 12.588775
11.3 11.397175
11.599999 12.176588
11.3 11.480841
11.2 11.296928
11.2 11.046565
11.2 11.351156
11.2 11.30249
10.8 10.840557
12.199999 12.164671
11.900001 11.920573
11.8 11.78618
11.599999 11.555232
11.8 11.562093
11.8 11.799296
12.199999 12.216993
11.1 11.154357
13.000009 13.928367
11.5 11.5905695
12.199999 11.934187
12.1 11.40638
11.5 11.508024
11.2 11.411401
11.9 11.950089
10.581486 10.243114
10.70206 10.744908
11.2 11.152893
11.3 11.337054
11.8 11.839346
10.3 10.397458
12.510107 11.823875
11.2 11.213768
13.622879 13.595078
11.400001 11.552733
12.499997 12.593034
11.8 11.745734
13.299971 14.041803
11.5 11.462156
11.3 11.3919525
11.5 11.281149
12.799992 12.24637
11.3 11.352767
11.999998 11.653028
11.900001 11.905448
12.499997 11.894236
11.5 11.588741
12.299998 12.292218
11.79897 11.359521
11.2 11.118888
13.000009 12.035249
11.1 11.162994
1.3 0.72627544
12.499997 12.060067
11.1 11.1576805
12.599997 12.937684
11.3 11.595699
11.7 11.726204
11.637602 11.462626
13.500008 13.210627
12.599997 12.102604
11.1 11.0821905
12.1161 11.467198
11.2 11.341728
11.7 11.828264
11.400001 11.473024
11.900001 11.910721
12.299998 13.492141
12.299998 12.287352
11.900001 11.80122
11.3 11.960579
11.2 11.123262
11.8 11.83993
13.000009 12.492479
12.499997 11.982293
11.1 11.14101
11.8 12.053014
11.1 11.224983
11.3 11.338254
12.1 11.9450655
11.599999 11.69639
11.2 11.269431
11.8 11.855466
11.1 11.10856
14.999629 13.634638
11.599999 11.771369
11.7 11.756616
11.1 11.12832
11.2 11.382498
11.999998 11.320401
11.8 11.837001
11.7 11.811922
12.399998 11.988324
11.7 11.542043
11.5 11.515728
11.599999 11.279277
13.352575 13.298316
10.40103 10.201237
11.2 11.507925
14.145758 13.094652
13.581486 13.873274
11.5 11.669214
11.900001 11.879416
10.8 10.8324375
14.555932 13.794946
10.70206 10.775173
11.2 11.16836
11.599999 11.46004
11.2 11.25012
11.900001 11.798731
12.1 11.55856
11.5 11.369918
14.1 12.832608
12.799992 11.464766
11.1 11.674529
11.7 11.807831
11.8 11.913586
11.1 11.107408
11.999998 12.074672
11.2 11.222294
11.7 11.800566
12.1 11.624844
11.7 11.721669
10.2 10.272206
11.3 11.344688
11.2 11.294648
11.900001 11.839742
11.953872 12.043101
11.56133 11.88967
11.5 11.757844
11.5 11.66036
11.8 11.783007
13.418758 13.100539
11.5 11.596647
11.400001 11.49399
11.400001 11.465865
11.8 11.786062
11.900001 11.793442
11.599999 11.669475
13.1 13.130322
11.999998 11.583028
11.2 11.608839
12.456548 12.593573
11.1 11.195456
11.999998 11.900581
11.999998 12.073575
11.999998 12.030519
11.2 11.192343
13.800057 12.721362
11.1 11.177121
11.900001 11.430162
11.5 11.483225
11.1 11.250924
11.599999 11.661274
11.900001 11.60664
12.499997 13.279989
11.599999 11.753479
13.048455 12.012434
12.399998 12.18423
11.1 11.212103
11.999998 12.219558
11.1 11.179947
12.499997 11.957036
11.1 11.4863405
11.8 11.757088
11.1 11.254649
11.999998 11.80093
11.900001 11.964776
11.1 11.23617
11.5 11.615055
11.1 11.2538185
11.1 11.234543
11.400001 11.585014
11.4372425 11.504254
11.400001 11.750873
11.999998 12.131617
11.3 11.3697605
11.1 11.084348
11.400001 11.48956
11.8 11.829657
11.900001 11.854866
12.1 12.510537
10.609157 10.270704
11.1 11.320145
11.1 11.076711
11.3 11.4187975
11.1 11.179207
12.199999 11.721801
11.1 11.0897665
11.2 11.2567215
11.1 11.35406
11.2 11.24209
12.399998 12.768356
15.299971 14.089617
11.599999 11.503951
12.1 11.953517
11.2 11.134397
11.7 11.886683
11.900001 11.892723
11.2 11.261255
11.999998 12.884777
11.999998 12.214369
11.8 11.72528
12.199999 11.750716
11.2 11.232301
12.543697 12.390455
11.400001 11.302948
11.599999 11.688931
11.900001 11.863972
11.7 11.689746
11.3 11.333303
11.999998 11.828547
11.400001 11.275165
11.2 11.327354
11.2 11.269364
11.900001 11.687176
15.520216 11.77401
11.2 11.1893015
13.899971 12.781641
11.1 11.247206
11.3 11.28154
12.899998 12.788706
13.500008 14.011663
11.2 12.170803
11.1 11.118902
11.1 11.164916
12.649994 12.28226
12.299998 11.869903
11.900001 11.546577
11.900001 11.715227
11.900001 11.929111
11.900001 11.890906
14.901343 11.972148
10.40103 10.456867
11.999998 12.015559
11.581486 13.442227
11.8 11.807793
11.999998 11.942509
11.8 11.920442
12.199999 12.131798
11.3 11.415137
11.400001 11.431543
11.1 11.2248745
11.2 11.02182
11.999998 12.477655
11.1 11.15169
14.500117 13.871386
12.254902 11.535149
13.200015 12.724391
11.1 10.990008
13.1 13.048687
11.3 11.49992
11.400001 11.418084
11.400001 11.372692
12.1 12.271868
11.1 11.14463
11.1 11.019368
11.599999 11.658997
10.40103 11.7066965
14.901343 14.26567
11.999998 12.014603
11.5 11.30644
11.3 11.379938
11.400001 11.307352
11.2 11.333492
11.5 11.307194
11.599999 11.219195
11.999998 11.895199
11.540743 11.262483
11.3 11.405621
11.3 11.51199
10.4 10.390556
11.999998 11.989396
11.3 11.309357
11.999998 11.802216
11.5 11.599314
11.79897 12.250026
11.1 11.271022
11.8 11.783185
11.8 11.624299
11.599999 11.460136
11.1 11.076445
11.1 11.112382
11.7 11.740408
12.399998 12.3451805
12.899998 11.8261595
11.2 11.367736
12.099999 12.561272
10.1 10.141332
11.2 11.312851
10.608639 10.515559
12.199999 12.930946
12.812199 12.373389
11.2 11.194586
11.2 10.542087
11.900001 11.783549
12.1 11.126697
11.3 11.431775
11.599999 11.916314
11.1 11.369976
11.2 11.214603
11.900001 11.842106
11.8 11.906594
11.599999 11.593452
10.869551 11.147438
12.1 11.94084
13.000009 11.929231
11.2 11.2814665
10.165502 10.030281
11.8 11.807755
11.400001 11.594545
12.786133 11.71848
12.1 12.249887
10.1 11.052468
11.5 11.463188
11.3 11.458216
10.9 10.686166
14.200179 12.8590555
12.1 11.968654
11.2 11.229323
11.400001 11.681369
11.599999 11.180155
11.400001 11.5506735
11.999998 11.923947
11.2 11.237366
11.1 11.146676
10.1 10.113986
11.7 11.643937
11.0 11.013124
10.6 10.571991
11.7 11.742622
11.1 11.354986
12.199999 11.842225
11.2 11.260338
11.2 11.289024
11.1 10.966646
11.89588 12.41946
11.3 11.331313
11.400001 11.388436
12.299998 12.359153
11.999998 11.961146
14.299971 14.654908
11.900001 11.060776
11.7 11.682044
11.25 11.399175
11.2 11.221857
11.599999 11.483945
11.3 11.610764
13.699981 13.150041
11.8 12.1226635
12.901632 12.807589
11.5 11.5578575
12.299998 11.855091
11.3 11.420912
11.900001 11.838562
12.199999 12.346097
11.2 11.2221775
13.719789 12.946003
11.900001 12.138679
11.900001 11.808285
11.3 11.270945
11.2 11.324606
11.5 11.4658785
11.999998 11.956403
11.3 11.383451
11.8 11.782729
13.1 12.645928
11.7 11.878751
11.599999 11.957632
11.1 11.106837
11.900001 11.893615
11.5 11.983138
11.5 11.54559
11.7 11.724047
11.2 11.4115095
11.49794 11.398441
14.400163 13.890903
11.1 11.34557
11.7 11.724238
11.900001 11.841544
12.199999 12.387259
11.1 10.765444
12.599997 12.6646
11.3 11.556255
13.600039 13.236906
11.3 11.600778
14.299971 13.909392
11.1 11.091169
11.3 11.919958
11.1 11.228602
11.3 11.374663
11.2 11.250447
12.992498 11.841353
11.7 11.574404
11.999998 11.943805
12.899998 12.199794
11.2 11.203221
11.3 11.273821
11.999998 12.478842
9.47675 9.378765
11.999998 11.646535
14.40103 12.3031435
11.3 11.577091
11.900001 11.920504
11.2 11.423654
13.899971 13.37362
11.5 11.574648
10.2 11.01586
11.900001 11.895048
11.2 11.207279
11.8 11.662689
11.2 11.165886
11.900001 12.385178
13.500008 12.5518055
13.999974 13.136548
12.699998 11.824145
11.900001 11.937804
11.3 11.371662
13.4372425 13.424671
13.200015 12.798113
11.2 11.11994
11.900001 11.925779
11.8 11.891291
11.777781 11.906932
11.5 11.516716
11.2 11.292854
10.622879 10.557294
11.3 11.4431305
11.3 11.657683
11.599999 11.329291
11.8 11.646338
12.19691 11.96518
11.5 11.51375
11.999998 11.926723
12.422393 12.666224
11.5 11.521831
11.3 11.34858
11.2 11.248328
10.1 10.214705
9.40103 9.268676
10.70206 10.581435
11.900001 11.846128
11.7 11.76407
12.757577 12.926751
12.599997 12.628037
12.699998 11.957294
11.999998 11.709156
11.3 11.391901
11.1 11.7351465
11.3 11.785486
11.7 11.803639
11.2 11.476859
11.2 11.375417
10.5 10.970837
11.3 11.357899
11.1 11.1089325
11.2 11.819164
11.900001 11.85919
10.70206 10.66847
11.2 11.422233
12.699998 12.821482
11.8 11.7992935
11.2 11.295163
11.2 11.32175
12.399998 13.369841
11.1 11.521297
11.2 11.107667
11.900001 11.833672
13.200015 13.866623
11.2 11.319574
12.299998 11.869731
11.8 11.6732235
12.399998 11.921632
11.1 11.155899
11.999998 11.881334
11.1 11.27603
11.2 11.046827
12.199999 12.006567
11.5 11.535744
11.1 11.0377655
11.1 11.847108
11.7 11.689065
10.70206 10.583682
10.6 10.433418
11.1 11.257615
12.399998 11.891428
11.400001 11.449237
11.5 11.563495
13.399989 13.232896
11.400001 11.494188
12.199999 12.138834
12.199999 11.818617
10.1 10.163273
11.2 11.299107
11.599999 11.683269
12.1 12.020846
12.899998 12.517826
12.015424 12.698674
10.3 10.311007
11.2 11.289429
11.1 11.036654
12.599997 12.4852705
11.599999 11.510698
11.5 11.551005
11.599999 11.529472
11.599999 11.6991415
11.2 11.127276
11.1 11.1423235
11.3 11.313829
11.2869625 11.319325
13.000009 13.192921
11.1 10.978137
13.999974 12.690877
13.59485 13.600035
11.599999 11.645772
11.1 11.180117
11.400001 11.598553
11.2 11.243105
11.2 11.300745
11.999998 11.902606
12.199999 11.962213
11.2 11.187213
13.200015 12.94415
11.7 11.4085655
11.7 11.751077
11.599999 11.519872
11.49794 11.155279
12.899998 12.142876
11.1 11.326237
11.5 11.45825
11.599999 12.2781315
11.5 12.146002
11.5 11.526943
11.1 11.114476
11.2 11.055565
10.1 10.072199
12.499997 12.055938
11.2 11.164314
11.1 11.692841
12.199999 11.627393
11.1 11.182711
13.600039 13.6154
10.622879 13.183677
11.2 11.157484
11.106614 11.083767
11.7 11.535903
11.2 11.205262
11.8 11.807538
11.555047 11.5161085
11.1 11.258057
11.145758 11.280319
15.140959 15.167683
11.599999 11.644888
11.5 11.762131
11.5 11.529102
11.7 11.802507
10.70206 10.58208
12.599997 13.1120405
11.400001 11.424857
11.599999 11.626904
11.900001 11.898967
11.2 11.220631
10.70206 10.740213
13.500008 12.259651
11.2 11.19543
11.7 11.620284
11.900001 11.78756
11.8 11.797646
11.400001 11.561916
11.5 11.506803
11.8 11.900541
11.5 11.470149
13.299971 13.436888
12.299998 12.068324
11.1 10.926111
10.40103 10.183633
13.999974 13.474939
11.900001 11.466775
11.3 11.359446
11.900001 11.649686
12.399998 11.850991
11.900001 11.934772
11.8 11.472663
11.8 11.937839
11.5 11.601569
11.3 11.328637
11.3 11.3357935
11.1 11.153517
11.1 11.195131
10.622879 10.232742
13.500008 12.620915
11.5 11.582925
11.999998 11.93262
11.8 11.822129
12.399998 12.909954
10.923909 10.709129
11.599999 11.688317
11.999998 12.187385
11.7 11.713512
11.1 11.678574
11.599999 11.488903
11.599999 11.5532675
11.900001 11.876691
11.900001 11.931929
12.499997 11.643824
13.399989 13.198429
11.400001 11.386153
11.8 11.828364
12.299998 12.3571
11.3 11.264424
11.900001 11.905599
11.2 11.240534
11.3 11.310275
11.5 11.468509
13.299971 13.230893
12.699998 12.763316
11.2 11.399431
11.2 11.315982
11.3 11.426285
11.2 11.256473
11.2 11.526561
11.1 11.234895
11.599999 11.636984
11.2 11.376203
11.8 11.8954735
11.79897 11.663732
11.2 10.916139
11.1 11.094796
11.900001 12.220211
11.900001 12.073038
11.900001 11.885794
11.7 12.499183
10.1 9.969153
11.900001 11.8383045
11.900001 12.281644
11.599999 11.589026
13.399989 13.058534
10.516801 10.968025
11.7 11.640069
12.314671 11.563404
11.3 11.453808
12.299998 12.449908
12.299998 12.524162
11.599999 11.6816435
14.600313 13.127052
11.7 11.90386
11.999998 11.313628
13.399989 13.245792
11.900001 12.596547
11.900001 11.85086
12.799992 12.099146
11.8 11.812433
13.299971 14.146156
11.555932 12.076212
11.599999 11.70417
11.020819 11.070104
11.1 11.068364
11.599999 11.555505
11.8 11.304187
11.400001 11.402558
11.999998 11.744358
12.6934595 13.451702
12.40103 12.346566
12.199999 12.002062
11.900001 11.825657
11.8 11.750708
12.1 11.847587
12.1 12.052971
11.400001 11.40253
11.900001 11.85641
11.5 11.421151
10.923909 11.016155
13.299971 11.87216
11.599999 11.35959
12.499997 12.00703
14.200179 14.250649
11.2 11.338969
11.3 11.532908
11.8 11.848151
11.599999 11.604209
11.7 11.7370825
12.199999 12.028699
11.2 11.26682
13.699981 13.150903
11.8447275 12.644314
11.7 11.695559
12.307609 12.920391
11.1 11.218392
10.70206 10.752239
11.1 11.129226
11.2 11.468207
11.3 11.157178
11.2 11.590941
14.299971 13.493132
11.2 11.284004
11.3 11.320049
11.599999 11.563388
12.399998 11.965231
11.3 11.331629
11.1 11.346521
11.5 11.5439825
11.3 11.427318
11.8 11.770098
11.331801 11.541392
11.400001 11.860113
11.2 11.32033
11.8 11.814806
11.70206 11.495077
11.7 11.687924
10.70206 10.578834
11.2 11.246311
11.900001 11.951052
10.9 11.064075
11.900001 11.894287
11.3 11.293023
15.500117 15.170905
11.3 11.357169
11.2 11.118279
11.2 11.2778015
11.900001 11.925044
12.49794 12.070784
11.8 11.863363
11.5 12.509389
11.1 11.151988
11.900001 11.894738
11.5 11.541028
11.2 11.22336
11.900001 11.852874
11.2 11.452907
11.900001 12.887016
11.2 11.215413
11.900001 11.99143
13.899971 11.803369
11.2 11.211379
10.9 10.891557
11.900001 11.861419
9.79897 9.608511
11.2 11.594303
11.2 11.300992
11.900001 11.817019
11.1 11.424562
11.1 11.131164
12.1 12.011624
11.900001 12.049734
11.599999 11.609184
11.2 11.396995
11.3 11.361893
11.3 11.405672
12.6934595 13.754392
10.40103 9.9937
11.400001 11.381374
10.1 9.9603815
10.70206 10.673072
11.400001 11.301213
11.3 11.378674
11.3 11.306764
13.600039 12.615298
10.40103 10.558453
11.3 11.396747
11.400001 11.360626
11.5 11.412051
12.699998 12.1788
11.7 11.730009
11.1 11.068113
15.600313 15.302878
11.599999 11.828041
12.199999 11.91244
12.499997 12.481615
10.2 10.387022
11.900001 12.203041
12.499997 11.992974
12.597573 12.5785885
11.400001 11.616892
11.900001 11.814067
11.900001 11.794359
11.900001 11.825384
11.1 11.141139
13.1 11.901649
11.7 11.28083
11.2 11.281978
11.400001 11.389557
12.1 11.826639
11.5 11.836138
11.1 12.320546
11.900001 11.798235
11.900001 11.981447
11.1 11.356448
11.2 11.066443
11.8 11.877194
11.3 11.511899
10.622879 10.504397
11.1 11.132314
13.145758 12.421701
11.5 11.667724
11.999998 12.129861
11.1 11.212183
12.299998 12.193903
11.8 11.783078
11.2 11.209301
13.200015 13.795333
11.599999 11.560883
12.1 11.8928795
11.2 11.220351
11.599999 11.664804
11.8 11.841828
12.1 12.198655
14.600313 13.776024
12.699998 11.429024
11.5 11.413249
11.900001 12.469438
11.1 11.044089
11.599999 11.660068
11.900001 11.862041
11.900001 11.848416
11.3 11.245781
11.7 12.496295
11.999998 12.271296
11.999998 12.066498
11.2 11.237095
12.599997 12.766817
11.8 11.75202
11.3 11.348595
11.3 11.5495
11.900001 11.87601
11.409804 11.127994
11.5 11.847456
12.399998 11.94715
11.1 11.1230955
10.49794 10.41835
11.900001 11.8089
11.400001 11.366596
11.999998 12.510603
11.900001 11.89474
11.400001 11.361548
11.49794 11.584913
10.1 11.330593
13.800057 13.634118
11.15 11.347515
11.2 11.524256
11.1 11.262626
12.199999 12.206446
11.1 11.04882
11.8 11.889155
14.500117 13.78727
11.2 11.357763
12.899998 12.043532
11.3 11.323426
11.1 11.109349
11.2 11.22412
11.8 11.777777
13.699981 13.577243
10.622879 10.479306
13.399989 11.299255
12.199999 12.0237465
11.2 11.471322
11.900001 12.084191
11.2 11.130568
11.900001 11.740755
11.5 11.5359535
11.599999 11.656632
11.999998 12.420322
12.399998 12.713313
10.1 10.110762
11.0 11.162504
11.3 11.204866
11.7 11.721555
12.199999 11.485299
11.8 11.810778
11.1 11.176416
11.3 11.518809
11.3 11.704702
11.400001 11.429005
11.400001 11.517264
11.900001 11.938202
11.900001 11.573779
11.2 11.139683
11.3 11.27097
14.500117 14.745071
9.79897 9.60186
11.3 11.322567
11.8 11.676969
11.1 11.099377
10.1 10.146526
11.1 11.08968
13.1 12.123663
13.767562 13.586168
11.999998 12.040281
11.2 11.236939
10.1 9.945167
9.79897 9.663037
13.399989 13.271968
11.7 11.68357
11.2 11.312982
11.8 11.698604
14.299971 13.793636
10.1 9.948274
11.400001 11.308792
11.8 12.11636
10.4 10.466087
12.399998 11.69488
10.723423 10.746256
11.999998 11.863699
13.500008 12.796957
11.7 11.884073
13.1 12.983846
12.145758 12.226419
12.899998 11.643718
11.8 11.800632
11.1 11.544438
11.900001 11.954536
11.599999 11.864977
11.3 11.344826
11.2 11.111647
11.1 11.108481
11.400001 11.82173
11.1 11.121785
11.8 11.761816
11.1 11.132889
11.2 11.220827
12.1 12.094235
13.699981 12.111757
13.800057 13.469735
11.2 11.275309
11.1 11.074173
11.7 11.889357
11.2 11.202584
11.1 11.16551
11.2 11.21386
11.1 11.246935
11.5 11.359649
13.321849 13.11216
11.1 11.092075
11.555932 11.342535
11.8 11.603888
11.2 11.575134
11.999998 11.963678
11.3 11.424646
13.600039 12.600139
13.600039 13.433927
14.326648 12.993495
11.2 11.577622
11.2 11.380091
11.999998 12.23982
11.599999 11.529714
11.400001 11.527492
12.299998 12.0954275
11.2 11.35933
11.2 11.62778
11.1 10.92285
11.999998 11.726978
11.5 11.531098
11.1 11.002134
11.7 11.518962
13.020819 12.598041
11.2 11.108158
11.7 11.766842
11.7 11.527145
14.547158 12.185997
11.069375 11.665807
11.8 11.715489
11.3 11.26403
11.8 11.720837
11.1 11.696945
11.7090645 11.635974
11.3 11.335252
11.5 11.529308
10.622879 10.552493
11.400001 11.7168
11.400001 11.376746
11.700326 11.841768
11.1 11.549092
13.500008 12.491781
11.3 11.332518
11.400001 11.64332
11.999998 11.54948
10.1 9.994084
11.1 11.054222
10.622879 10.71329
11.900001 11.915449
11.5 11.589934
11.7 11.573054
11.7 11.652689
11.5 11.703323
11.3 11.416983
11.2 11.346242
11.2 11.367287
11.3 11.365433
10.4 10.649537
12.598941 12.217122
11.900001 11.876129
11.2 11.312666
10.8 10.886921
11.3 11.321789
10.70206 10.795049
11.900001 11.897266
15.700326 14.676757
12.199999 11.783704
12.299998 11.992676
13.254902 13.320787
11.622879 12.588202
11.8 11.831689
11.2 11.206092
12.637602 11.835359
11.7 11.924525
11.900001 11.956044
13.699981 14.039642
11.2 10.784746
12.499997 12.236991
11.599999 11.603169
11.900001 11.822086
11.3 11.422273
11.2 11.263009
10.1 9.541464
11.400001 11.535655
11.3 11.301926
11.1 11.097286
11.2 11.295853
11.7 11.390943
11.599999 11.477999
11.400001 11.320208
11.999998 12.291973
12.399998 11.861988
12.299998 12.801444
11.900001 11.841919
11.1 11.170864
11.599999 12.020657
12.299998 12.109817
11.8 11.824044
11.400001 10.625858
14.200179 14.864409
11.400001 11.494038
11.8 11.726236
11.599999 11.457277
11.3 11.367607
11.2 11.260327
13.219187 12.58941
11.400001 11.303022
13.000009 13.003371
11.900001 11.854913
11.3 11.302026
12.299998 11.675974
10.1 9.963233
11.400001 11.537701
11.5 11.57281
12.299998 12.2022705
14.145758 11.7560425
11.7 11.641575
11.599999 11.40586
11.599999 11.721277
11.2 11.408193
11.999998 11.723518
11.8 11.820453
11.1 11.112567
11.599999 11.430715
11.3 11.3871565
11.400001 11.703996
11.2 11.234055
11.400001 12.296894
11.2 11.291337
12.299998 11.844639
11.5 11.580099
11.7 11.546677
12.1 12.248377
11.3 11.31971
13.200015 13.668184
11.3 11.398665
11.1 11.760553
11.5 11.5039425
11.5 11.5939665
11.599999 11.570071
13.1 12.559171
11.7 11.802349
13.200015 13.409906
11.2 11.399037
13.699981 12.122814
11.599999 11.342579
11.900001 11.467442
11.999998 11.986886
11.2 11.386822
11.900001 11.869112
12.19691 12.045609
11.599999 11.352653
11.2 11.518138
11.900001 11.809205
11.5 11.434
11.400001 11.219494
11.900001 11.885169
11.5 11.480633
11.5 11.552428
11.2 11.261151
13.299971 13.966081
13.200015 12.481258
11.599999 12.310174
11.2 11.610228
11.3 11.315397
12.299998 11.736483
11.3 11.448905
11.5 12.215433
11.599999 11.656071
11.400001 11.371832
11.400001 11.420696
11.8 11.786795
11.5 11.463066
11.8 12.33448
11.1 12.618028
12.499997 12.521094
11.2 11.297052
10.622879 10.9783945
11.8 11.759941
11.599999 11.5986395
12.799992 12.584877
11.900001 11.915454
11.599999 11.259731
11.900001 12.282456
11.2 11.335342
11.999998 11.971314
11.3 11.557312
11.900001 11.893663
11.3 11.519441
11.900001 12.028326
11.900001 11.779215
11.1 11.017601
11.7 11.747701
14.400163 14.836418
12.799992 12.957038
11.2 11.577547
11.2 11.226794
11.400001 11.692665
11.900001 12.085631
11.900001 11.913727
11.999998 11.416348
11.1 11.041457
11.1 11.254905
12.899998 11.790049
11.2 11.2095785
11.380575 11.288175
11.1 11.214858
11.2 11.194809
11.1 11.132397
11.2 11.393926
11.5 11.341812
11.599999 11.480838
10.8 10.871657
11.599999 11.6356125
11.900001 12.042197
11.7 11.728274
11.900001 11.867083
12.199999 11.892303
14.500117 13.407422
11.599999 11.578635
10.5 10.918663
11.5 11.542809
11.1 11.23702
11.900001 11.944684
11.2 11.273712
13.399989 11.945775
11.900001 11.96287
11.7 11.676804
11.1 11.166352
11.400001 11.516624
13.821246 12.796082
12.1 11.805444
11.7 11.352177
11.599999 11.717825
11.3 11.409813
10.622879 10.775612
11.2 11.191405
11.599999 11.683176
11.1 11.005663
11.5 11.303817
11.5 11.519137
11.1 11.135009
10.869551 10.808805
11.599999 11.754218
10.40103 10.335812
11.1 11.050007
12.899998 12.570426
11.7 11.733487
11.5 11.517524
11.599999 11.589285
11.2 11.443789
11.5 11.562252
11.2 11.202167
11.999998 12.058704
12.199999 12.255247
11.2 11.362751
10.622879 10.485782
14.901343 13.710396
11.900001 12.285127
11.8 11.782997
11.999998 11.933618
11.5 11.584516
11.555932 11.184908
11.599999 11.504483
11.3 11.350197
14.375724 14.144528
10.1 10.531797
11.900001 11.87649
11.5 11.588335
11.3 11.344366
11.599999 11.75359
11.3 11.355481
11.3 11.360143
11.2 11.290341
11.599999 11.63998
11.900001 11.902752
11.599999 12.637488
12.299998 12.08233
11.2 11.472581
11.900001 11.887904
12.699998 13.061665
11.1 10.9681
12.299998 13.208017
11.8 11.762531
11.3 11.3547125
12.199999 12.442682
11.999998 12.085759
11.2 11.207463
13.699981 13.481126
10.1 10.22041
13.000009 12.238202
10.70206 10.867338
10.70206 10.994303
10.70206 10.645806
11.599999 11.360851
11.900001 11.84686
11.2 11.32006
11.8 11.757357
11.1 10.995291
10.5 10.568874
11.8 11.650218
11.212469 11.159098
9.923909 9.630219
11.5 11.442387
11.7 11.61454
11.2 11.20304
11.599999 11.703972
11.849336 11.388156
13.600039 12.405424
11.400001 11.428463
10.70206 11.356489
11.400001 11.540029
13.699981 14.317521
10.40103 10.314015
11.2 11.239854
11.3 11.318312
11.2 11.335866
10.40103 10.752035
11.3 11.4905615
11.8 11.881262
11.1 11.131213
11.1 11.196207
11.3 11.305643
11.400001 11.393519
11.400001 11.373517
11.600844 11.537481
11.1 11.119645
11.5 11.583251
11.2 11.369505
13.000009 11.6071
11.900001 11.959275
11.1 11.172168
11.1 11.170397
11.8 12.055991
11.2 11.265651
11.2 11.317344
11.3 11.325152
14.500117 13.898402
11.1 11.280046
11.3 11.34631
11.599999 11.686591
11.2 11.295073
11.400001 11.39332
11.1 11.180541
11.400001 11.571519
11.900001 11.994432
11.8 11.775863
10.8 10.354871
11.2 11.597281
12.199999 12.015498
11.3 11.437349
11.2 11.275567
12.599997 11.586958
11.5 11.369787
11.8 11.743559
11.5 12.006368
11.8 12.204042
11.2 11.147087
12.499997 12.733197
11.900001 11.843126
12.199999 12.238461
11.3 11.361792
11.1 11.703573
11.900001 11.954221
11.999998 12.660721
13.299971 12.763569
12.699998 11.968371
11.2 11.2630005
11.999998 13.361169
11.999998 11.853185
11.7 11.783629
11.900001 11.881075
12.1 12.001959
11.2 11.210341
11.3 11.460777
11.1 11.163765
11.5 11.614954
11.900001 11.852976
12.8447275 12.904396
14.999629 14.911333
11.5 11.543686
11.900001 11.923935
11.900001 11.93994
11.400001 11.385479
11.999998 11.548765
11.2 11.207174
11.2 11.408689
11.7 11.80249
11.900001 11.962402
11.7 11.7089
10.2 9.866302
11.8 11.835147
11.400001 11.499748
11.7 12.777552
11.3 11.311013
11.599999 11.956626
10.1 10.585423
11.5 11.493847
11.900001 11.860198
11.1 11.193884
11.999998 11.448167
11.400001 11.377125
11.900001 11.996294
11.1 11.135841
11.599999 12.605968
12.1 11.968963
12.923909 11.923261
11.5 11.652013
10.9 10.828395
11.2 11.4640255
13.800057 11.486332
11.599999 11.493783
11.3 11.411936
11.599999 11.579324
11.900001 11.770096
13.999974 13.577674
15.581486 15.282354
11.2870865 11.268199
11.2 11.261037
11.7 11.72242
11.8 11.949622
12.199999 12.041052
13.1 13.187274
11.3 11.590082
11.900001 11.261957
12.088853 12.115264
11.900001 11.413756
10.40103 11.058367
11.1 11.115111
11.599999 11.718875
11.900001 11.948724
11.999998 11.957129
11.5 11.7868185
11.900001 12.619369
14.700326 14.404476
11.1 11.307749
11.1 10.993071
11.400001 11.538479
11.2 11.256834
11.900001 11.882254
11.1 11.108653
11.5 11.421219
12.63529 10.933981
13.1 12.423756
11.1 11.17111
10.1 10.058468
11.3 11.461468
11.1 11.124982
11.3 11.6695
11.5 11.788403
11.2 12.451308
11.3 11.486881
11.5 11.1832905
10.996197 11.277934
11.3 11.471309
11.8 11.8181925
10.29382 10.260148
10.70206 10.577898
11.2 11.1109915
11.900001 11.9306555
11.900001 11.867956
11.900001 11.946632
11.1 11.189837
13.000009 13.576479
11.5 11.535359
11.5 11.5056505
11.1 10.990142
11.1 11.021339
11.599999 11.469156
12.020819 11.962607
12.1 11.747377
11.5 11.652197
11.1 11.237963
14.600313 13.392219
12.699998 11.144943
11.400001 11.807513
11.2 11.233841
12.199999 11.999262
11.900001 11.796073
12.599997 12.16257
11.1 11.194288
11.2 11.851842
11.900001 11.882612
11.5 11.57857
11.3 11.266008
11.2 11.456331
11.375724 11.300548
13.399989 13.721273
11.3 11.291521
11.900001 11.612039
11.2 11.313016
12.1 11.868815
11.2 11.233671
11.900001 11.812798
11.900001 11.818302
11.1 11.139218
11.1 11.486321
11.3 12.158384
11.5 11.546782
14.427902 13.070137
11.400001 11.530076
11.5 11.550657
11.400001 11.423616
14.145758 14.190614
11.8 12.124053
11.2 11.218862
11.900001 11.871543
13.000009 12.410367
11.3 11.4600525
11.1 11.244688
11.8 11.802401
11.359637 10.754747
11.1 11.111095
11.5 11.613839
11.599999 12.295079
11.1 11.1219
10.541291 10.324292
11.5 11.635263
11.900001 11.884892
11.900001 11.868973
11.1 11.6068945
11.400001 11.530691
11.1 11.12424
11.3 11.133802
11.900001 11.8106165
11.8 11.756527
10.7 10.233661
11.999998 11.696952
12.599997 12.685108
12.299998 11.592234
11.7 11.921723
11.3 11.23042
12.651294 12.307678
11.2 11.428653
11.5 11.619296
12.399998 12.459191
11.400001 11.485941
12.046395 12.137254
11.3 11.275116
11.8 11.893087
11.5 11.50771
10.972896 10.943349
11.900001 11.798937
11.2 11.254366
13.999974 13.971755
12.399998 12.497281
11.1 11.239604
11.900001 12.060042
11.8 11.892556
11.3 11.421505
11.5 11.590875
11.1 11.125721
11.5 11.418641
11.2 11.2056055
11.5 11.570338
11.7 11.685916
12.499997 12.075989
12.199999 12.618978
11.3 11.384991
11.7 11.742997
14.668636 14.929772
10.40103 10.552636
11.7 11.546741
10.6 10.063798
10.79897 10.604526
11.900001 11.897164
11.999998 12.075797
11.49794 11.403491
11.1 11.170617
11.2 11.287077
11.2 11.504243
11.7 11.721848
11.999998 12.121516
11.7 11.725498
11.999998 12.099891
11.2 11.152455
12.1 11.794273
11.7 11.5612755
11.8 11.828918
11.8 11.6806555
10.70206 11.029883
12.899998 12.632023
14.1 14.371971
11.5 11.563992
13.399989 13.707703
9.79897 9.573179
11.3 11.294701
9.70206 9.551125
10.1 9.776068
11.2 11.27678
12.1 12.213308
11.2 11.196411
11.599999 11.906343
13.191515 13.149541
11.2 11.331746
11.8 11.759183
11.5 11.485566
11.3 11.391044
11.599999 11.382974
11.599999 11.5526705
11.7 11.535645
11.3 11.326216
13.299971 13.404526
12.399998 12.281168
13.622879 13.547805
11.5 11.553447
12.1 12.126115
11.2 11.216555
10.40103 10.189171
12.120642 12.21962
11.400001 11.485913
11.3 11.445872
12.499997 12.416235
11.1 11.076973
11.2 11.224706
11.599999 11.810775
11.7 11.653663
11.2 12.430775
11.1 11.442031
10.1 11.179289
11.2 11.689026
12.1 11.622347
11.3 11.588174
11.599999 11.737115
11.5 11.50087
11.2 10.794961
12.199999 12.296429
10.79897 10.780821
11.2 11.26296
10.40103 10.478737
11.087163 10.579889
12.899998 11.550204
11.5 11.66346
11.3 11.242709
11.058607 11.259837
12.1 11.910287
13.899971 13.403873
12.499997 12.062652
10.2 10.48867
11.8 11.692003
11.900001 12.269413
11.3 11.622097
11.1 11.132907
10.4 10.529043
11.3 11.431018
11.2 11.130227
11.599999 12.111526
11.1 11.036739
11.5 11.490365
11.2 11.119976
11.8 11.824648
11.2 11.237706
11.8 11.741318
11.900001 12.119423
11.400001 11.336544
10.49794 10.835825
12.399998 12.40222
12.899998 11.460241
11.1 11.089205
11.7 11.464706
11.3 11.381332
11.1 11.1114645
13.1 12.801707
11.2 11.477876
11.400001 11.434052
11.2 11.119046
11.999998 11.980057
11.1 11.218104
11.999998 11.707828
10.622879 11.321683
11.3 11.297032
9.79897 9.604127
11.2 11.230563
12.699998 11.771666
11.400001 11.431441
12.170581 12.38638
11.8 11.851876
11.900001 12.127114
12.180922 11.8199835
11.8 11.598297
11.7 11.589987
11.900001 11.773537
11.999998 12.073832
11.8 11.650412
11.400001 11.36808
11.7 11.7228
11.2 11.818193
11.1 11.119364
11.719789 10.951734
10.622879 10.528544
11.999998 12.009987
11.1 10.88367
12.399998 11.712148
13.1 13.085191
12.499997 13.018948
11.999998 11.925405
10.40103 10.249429
11.8 11.886029
11.999998 11.877379
11.400001 11.768838
11.8 11.796553
11.2 11.518272
11.1 10.928533
11.7 11.711461
11.1 11.296042
13.8447275 13.038934
11.999998 12.175639
11.400001 11.918386
11.2 11.242123
11.2 11.506699
12.399998 12.733595
12.299998 12.322257
11.1 11.046181
12.699998 13.164188
11.2 11.250941
11.2 11.615994
11.3 11.356682
11.999998 12.065527
11.2 11.233627
11.3 11.338449
11.1 11.562816
12.899998 12.842686
11.2 11.204305
11.118106 11.148834
11.5 11.549041
11.8 11.994343
11.2 11.283876
11.900001 11.961962
12.199999 11.912699
13.600039 13.388454
11.2 11.274933
11.1 11.202601
11.400001 11.475054
11.5698 11.370298
11.1 11.073435
11.1 11.065809
11.2 11.275214
11.900001 11.837599
12.1 11.832054
11.599999 11.529996
11.7 11.676769
11.599999 11.699327
12.40103 14.591823
11.1 12.001158
11.2 11.301697
11.3 11.405716
11.7 11.60207
11.999998 11.70957
11.8 11.826984
11.7 11.715419
11.5 11.550485
11.8 11.85261
11.3 11.444722
12.299998 11.937633
11.8 11.784053
11.3 11.226677
11.3 11.352985
13.699981 11.682092
11.900001 11.922011
11.999998 11.949736
11.1 11.075814
11.900001 11.879031
11.900001 11.853958
11.400001 11.752558
13.399989 13.658528
11.2 11.2847185
11.1 11.25463
11.900001 12.298398
11.599999 11.662576
11.999998 11.69316
11.2 11.299864
11.3 11.482904
11.2 11.261503
10.6 10.534083
11.599999 12.092167
11.2 11.39476
10.79897 10.951578
11.3 11.273261
11.7 11.748868
11.900001 11.806335
11.2 11.278036
11.7 11.680513
11.900001 11.870805
11.5 11.305083
11.1 11.150923
11.1 10.921575
11.1 11.032145
11.1 11.095828
10.40103 10.538713
11.900001 11.894219
11.400001 11.442973
11.1 11.246134
11.3 11.596144
10.7 10.99277
12.499997 12.451379
10.5 10.740147
11.344125 11.256943
11.2 11.486497
11.1 11.291842
11.8 11.791508
11.5 11.57739
11.900001 11.818166
11.2 11.080204
10.2 10.211062
11.599999 11.398828
9.750965 9.735431
11.70103 11.739498
11.3 11.518144
14.299971 13.594225
11.599999 11.589063
11.400001 11.373852
11.1 11.13317
11.1 11.612681
11.599999 11.525765
11.2 11.366436
11.2 11.16657
11.400001 11.49603
13.000009 12.762074
11.2 11.358337
11.8 11.612677
11.599999 11.637814
11.3 11.465358
11.8 11.797971
13.860608 13.724381
11.2 11.355543
11.2 11.308326
12.765546 14.225315
11.1 11.157124
11.7 11.888267
11.1 11.126289
11.8 12.076544
11.7 11.708507
12.777781 12.643181
11.8 11.8823805
10.40103 10.199061
11.3 11.185384
11.2 11.574123
11.5 11.578385
11.400001 11.45218
11.2 11.467881
11.5 11.425304
11.5 11.42941
11.2 11.216991
13.399989 12.907768
11.5 11.608205
11.2 11.260632
11.8 11.754567
11.900001 11.916332
11.3 11.27216
11.400001 12.056631
12.699998 11.62788
11.400001 11.733232
11.8 11.810125
11.999998 11.923791
11.2 11.284656
13.219187 12.754796
11.8 12.014766
10.4372425 10.428665
11.900001 11.863546
12.199999 11.9083805
11.1 11.183102
12.299998 11.803921
12.1 12.085496
11.599999 11.961115
11.97999 11.869458
11.2 11.488315
12.499997 12.230929
11.900001 11.87402
11.5 11.465453
11.7 11.7161
13.399989 13.667085
11.2 11.448997
11.999998 11.259664
13.899971 12.605864
14.088687 13.952155
14.805467 12.663182
11.2 11.984944
11.1 11.208483
11.2 11.403282
11.3 11.445584
11.1 11.077233
11.400001 11.414542
13.299971 12.255004
11.89588 11.842398
11.520216 11.379794
11.400001 11.467262
11.8 11.730606
11.900001 11.877214
11.999998 11.718
11.7 11.853088
11.8 11.770035
12.199999 11.958612
11.8 11.826472
11.2 11.531025
11.5 11.086811
11.900001 11.87309
11.2 11.239823
11.2 11.27296
11.599999 11.823582
12.54 12.221595
12.799992 12.432237
11.3 11.509566
11.3 11.40217
10.622879 10.462929
11.900001 11.593406
11.637602 11.892279
11.999998 11.99239
12.299998 12.329472
11.900001 11.836636
11.195826 11.814253
15.1 14.4463625
11.3 11.546808
11.8 11.818187
11.1 11.017624
11.599999 11.665165
11.900001 12.534655
11.5 11.118583
14.1 14.944376
12.199999 12.159893
11.1 11.100229
11.599999 11.582059
12.499997 12.436132
11.1 10.905313
14.200179 13.908132
11.224938 11.204499
11.2 11.222212
11.1 11.425514
11.2 11.273076
12.199999 11.66838
11.1 11.113596
11.900001 11.892707
10.058607 9.987826
11.999998 11.646584
10.1 11.800113
11.1 11.312124
10.70206 10.497735
11.2 11.096103
11.999998 11.13459
13.699981 13.540946
13.699981 11.844037
11.7 11.470245
11.2 11.204541
11.599999 11.678194
11.5 11.73337
11.3 11.338632
11.2 11.312909
12.622879 12.156115
13.899971 12.194016
11.2 11.342786
11.599999 12.131159
13.200015 12.700075
11.336121 11.227258
14.700326 14.912712
11.3 11.382672
11.599999 11.593185
11.999998 11.963769
11.5 11.593741
14.1 12.8703575
11.3 11.273723
11.3 11.331692
11.3 11.457648
12.199999 11.321096
13.500008 13.653854
11.1 11.249704
11.198542 12.092448
13.000009 11.783185
10.6 10.82274
12.699998 11.746261
11.3 11.33637
12.299998 12.216032
11.404665 11.352437
11.3 11.412143
11.1 11.152055
11.400001 11.561006
11.8 11.426723
10.70206 10.58297
11.400001 11.504377
14.183691 13.715898
11.7 11.733933
11.1 11.180571
11.599999 11.267031
11.2 11.564153
11.2 11.524617
13.200015 12.441588
12.299998 11.8546295
10.1 10.04673
11.900001 11.877575
11.2 11.211436
11.3 11.378063
11.1 11.002092
11.1 11.002669
11.1 11.149668
11.400001 11.610611
11.2 11.463335
12.599997 11.564541
10.622879 11.443501
11.7 11.738016
11.3 11.424303
11.2 11.467259
11.3 11.301316
11.2 11.531253
13.000009 12.692124
14.700326 14.420031
11.1 11.07268
11.7 11.765783
12.899998 12.713245
11.599999 12.176286
12.599997 13.164844
11.1 11.214506
11.999998 12.017606
11.8 11.784737
11.999998 11.839837
11.1 11.353754
11.900001 11.67175
11.821246 11.903243
11.2 11.141551
10.7 10.238958
11.2 11.271018
12.586782 12.0289755
11.2 11.317251
11.1 11.134919
11.900001 11.96209
12.799992 12.346032
11.8 11.788495
11.400001 11.517659
11.2 11.28183
12.499997 12.069386
11.7 11.679393
11.2 11.124654
11.2 11.227388
13.200015 12.257523
12.281115 13.2323675
10.4 10.084467
10.3 10.550921
11.274371 11.395643
12.499997 12.7045965
12.799992 13.320368
11.400001 11.416684
11.8 11.885337
11.900001 11.624881
11.3 11.400467
11.1 11.366134
11.7 11.802216
12.028305 11.765872
11.400001 11.820671
11.900001 11.805817
11.2 11.31429
11.1 11.654522
11.900001 11.823586
11.400001 11.393392
11.2 11.22546
11.2 11.399916
11.3 11.415499
11.2 11.274872
11.8 11.502995
10.70206 10.67334
11.2 11.344907
11.1 11.25269
11.900001 11.348189
11.5 11.923376
11.900001 12.0261345
12.199999 12.713756
11.3 11.297159
13.97615 13.651394
11.1 11.3428545
12.799992 12.691093
11.2 11.218013
11.5 11.62278
11.3 11.230868
11.8 11.790615
11.2 11.199446
11.3 11.284894
11.19691 11.428804
11.599999 11.617579
12.499997 12.82602
11.7 11.768705
12.199999 11.702334
11.3 11.475759
13.89588 12.983731
13.19691 13.362859
10.6 10.880227
12.199999 11.522432
11.900001 11.903956
11.2 11.447085
15.058607 14.874847
11.8 11.799166
13.340332 13.804884
12.446788 12.354298
11.1 11.45334
13.1 13.424875
11.2 11.187019
11.3 11.391761
10.3 11.353308
11.2 11.270583
11.1 11.186371
12.499997 11.304013
11.7 11.846455
11.8 11.499064
12.446788 11.926012
11.400001 11.296082
14.125949 15.05096
11.7 11.558342
11.999998 11.979135
11.900001 11.8852215
11.2 11.291275
11.2 11.261456
11.5 11.770214
11.2 11.200684
11.175305 11.270298
11.2 11.32636
11.400001 11.500328
10.4 10.536493
11.170581 13.000995
11.8 11.830229
11.3 11.464213
11.2 11.128733
11.8 11.688524
11.2 11.195401
12.699994 12.649814
11.3 11.430903
11.1 11.147009
11.900001 11.761557
12.8447275 11.555667
11.400001 11.4679985
11.3 11.323401
13.699981 13.607776
11.2 11.304593
12.199999 12.063338
11.5 11.461745
11.1 11.522007
11.900001 11.908597
11.108774 11.294319
11.1 11.102302
13.000009 11.87822
11.7 11.878541
11.900001 11.635946
12.599997 13.01008
11.2 11.378835
11.8 11.806145
11.3 11.582335
12.799992 12.7463255
11.999998 12.082304
13.200015 12.687192
10.79897 11.05405
10.2 10.336954
11.3 11.234272
12.899998 12.231225
11.2 11.24822
11.1 11.140792
11.999998 11.97867
11.599999 11.661941
11.7 11.286872
11.900001 11.687207
11.1 11.209853
11.7 11.801632
12.699998 12.597884
11.8 11.803263
11.155518 10.6472845
12.8447275 11.660109
11.2 11.209402
11.7 11.788158
11.3 11.353724
14.986056 14.880081
11.8 11.665191
14.375724 14.579664
11.7 11.632136
11.599999 11.585171
11.599999 11.598957
12.799992 13.039973
11.900001 11.592099
11.1 10.919232
11.3 11.284078
11.999998 11.446775
11.900001 11.884683
11.7 11.948294
11.400001 11.502596
11.777781 12.38782
11.999998 11.767616
11.1 11.130486
11.999998 11.840591
11.8 11.832003
11.1 11.709597
11.400001 11.440042
12.499997 12.249208
14.500117 14.716712
11.3 11.298404
11.2 11.295655
11.999998 11.933518
11.8 11.849274
11.747817 11.1700945
11.400001 11.296281
11.79897 12.237769
13.000009 12.104221
12.399998 11.459592
11.900001 11.954499
11.400001 11.596235
12.899998 12.733467
11.5 11.482006
11.7 11.09814
11.599999 11.556814
11.900001 11.863042
11.5 11.546043
10.6 9.973318
11.1 11.340377
12.899998 13.432236
12.199999 11.937911
11.999998 11.888932
11.1 11.276303
11.2 11.293608
10.70206 10.60118
11.8 11.824986
11.2 11.335567
11.5 11.71673
11.3 11.288889
11.685027 11.618037
11.5 11.861278
12.499997 11.846575
11.7 11.729266
11.5 11.8262825
11.3 11.329576
11.8 11.78646
13.608639 13.534237
11.8 11.8096285
11.400001 11.472968
11.900001 12.478674
14.500117 14.588181
11.2 11.269278
13.899971 12.687084
12.899998 12.556913
10.4 10.315561
13.1 12.00095
11.999998 12.014015
11.400001 11.265337
11.7 11.568324
11.599999 11.607827
11.3 11.58963
14.79897 13.43856
11.8 11.795181
11.2 11.608111
9.79897 9.690014
12.233122 12.507113
11.2 11.28533
11.3 11.332439
11.5 11.532167
11.900001 12.37481
11.3 11.371381
11.2 11.276292
11.5 11.513231
11.2 11.162728
11.1 10.989446
11.2 11.291975
10.3 9.878776
11.2 11.157813
12.299998 12.223212
11.3 11.311488
11.8 11.786829
10.923909 10.689797
11.2 11.276586
11.1 11.102168
11.2 11.257566
11.2 11.164069
11.999998 13.061373
12.399998 12.072619
11.1 11.177685
12.899998 13.387433
11.599999 11.196159
11.599999 11.559294
11.2 11.293368
12.1 11.799177
11.2 11.246396
11.3 11.450319
11.900001 11.437902
11.400001 11.191797
11.1 11.087069
11.5 11.733702
11.599999 11.528726
11.3 11.239108
11.2 11.3452425
11.3 11.274404
11.1 11.133188
14.1 13.40907
11.5 11.592329
11.1 11.118729
10.7 11.214655
11.5 11.574903
11.1 11.251719
11.900001 11.846327
11.2 11.483398
10.47675 10.526102
13.000009 13.217656
11.3 11.355347
12.799992 11.692776
11.2 11.5554495
11.175794 11.273558
11.1 11.190076
11.254902 11.367766
11.599999 11.996845
11.1 10.910247
11.3 11.443621
13.1 11.745629
11.1 11.187324
11.7 11.765266
11.900001 11.8579645
11.8 11.811526
12.499997 12.406939
12.499997 12.384859
11.7 11.74309
12.399998 13.054665
11.1 12.537728
13.000009 13.404285
11.8 11.267526
12.637602 12.547435
11.2 11.233988
12.299998 11.601653
11.15 11.271501
11.3 11.173496
11.5 11.544951
9.79897 9.674042
9.70206 9.189189
11.900001 11.673931
11.2 11.229912
9.79897 9.64424
11.5 11.5528755
11.2 11.209276
11.7 12.00352
11.2 11.232811
11.1 11.214427
11.8 11.980909
11.1 11.286554
11.5 11.44254
12.299998 11.704704
11.999998 11.7275305
11.2 11.321015
11.599999 11.739104
11.1 11.143117
11.599999 11.279577
11.2 11.306951
11.8 11.766826
11.900001 12.013994
11.8 11.891908
11.2 11.168875
12.499997 11.83162
11.392429 11.16642
14.700326 11.486446
11.7 11.303854
11.2 11.246818
11.900001 11.924526
11.8 11.852234
11.7 11.739948
11.900001 11.951219
11.599999 11.622385
11.1 11.492438
11.2 11.385972
11.8 11.830253
11.7 11.522862
11.1 11.231712
11.8 11.802451
12.020819 11.933433
11.1 11.118557
11.7 11.862414
11.900001 11.851005
11.900001 11.848699
11.2 11.314489
11.7 12.270547
11.400001 11.783189
11.900001 11.913329
9.47675 9.693878
11.999998 11.983673
13.1 12.510742
11.7 11.674444
11.900001 11.887854
12.199999 11.8926735
11.2 11.270317
11.5 11.4561615
11.599999 11.631235
11.1 11.182185
11.999998 11.818075
11.3 11.305345
11.8 11.443844
11.2 11.297735
11.2 11.30871
12.1 11.883552
11.0 11.1735525
9.79897 9.647503
11.5 11.498046
11.1 11.09415
12.899998 12.349943
11.2 11.199423
11.7 11.419534
12.199999 11.632527
11.2 11.237222
11.8 11.822391
11.8 11.804492
11.5 11.744664
11.2 11.336186
11.900001 11.90386
11.900001 11.814943
12.1 11.657805
11.7 11.687346
11.5 11.968503
12.199999 12.176215
14.901343 14.562412
11.400001 11.44922
11.7 11.744291
11.7 11.435801
11.900001 12.041163
11.343923 11.538079
11.599999 11.560318
13.897412 13.474771
9.1 10.897874
11.986056 12.107141
11.3 11.356463
10.1 11.015096
11.900001 11.871423
11.999998 12.034486
11.599999 11.7727165
11.49794 11.2258215
12.622879 12.716136
12.399998 12.216522
11.2 11.323792
11.7 11.733202
11.2 11.42352
11.1 11.089576
11.599999 12.8323965
11.1 12.239895
10.49794 12.953261
11.254902 11.258045
11.1 11.110971
11.5 11.59271
12.499997 12.3717
11.2 11.187009
11.8 12.126475
11.3 10.915062
11.2 11.245539
11.400001 11.722272
11.5 11.320126
11.2 11.28818
11.5 11.656914
11.3 11.364257
11.400001 11.324151
13.648455 14.907223
11.757577 12.263342
11.599999 11.635203
11.400001 11.435234
11.5 11.434843
11.5 12.112765
12.199999 11.767157
12.399998 12.122003
10.8 11.329897
11.49794 11.381111
11.8 11.708919
11.3 11.442941
11.2 11.547301
11.8 11.696456
13.699981 13.197503
11.400001 11.424798
10.49794 10.508955
9.79897 9.661716
11.400001 11.348769
13.000009 12.047359
11.1 11.328468
12.599997 12.957353
12.799992 12.400425
11.5 11.457496
11.5 11.440129
11.599999 11.5228815
11.2 11.347276
13.321849 14.082396
11.8 11.795191
11.1 10.945615
15.999629 13.5834675
11.1 11.110433
11.2 11.225444
11.5 11.888915
11.8 11.880094
11.7 11.761374
11.1 11.13067
11.5 11.628262
11.999998 12.505507
12.599997 11.766492
11.599999 11.572402
11.400001 11.523261
11.900001 11.825601
12.299998 11.837148
11.2 11.619717
11.2 11.398141
13.399989 13.357107
11.5 11.667535
11.999998 11.9588175
11.900001 11.857549
11.599999 11.614976
11.999998 11.951605
11.999998 12.137753
10.779135 11.230985
11.2 11.296646
12.199999 12.570596
11.599999 11.635225
11.900001 11.845714
11.599999 11.41179
11.2 11.981407
11.2 11.357645
11.599999 11.597974
14.901343 14.819504
11.599999 11.702379
11.8 11.90604
11.900001 11.2494755
11.2 11.117728
11.2 11.271402
11.7 11.723454
11.1 11.150238
11.900001 11.932508
11.3 11.434232
10.1 11.98942
13.200015 13.245252
12.499997 12.924446
11.1 11.111734
11.8 12.13581
11.2 11.227719
10.3 11.28752
11.999998 11.948711
11.3 11.357502
11.1 11.134467
11.2 11.133659
11.543697 12.287497
11.7 11.752669
11.900001 11.948683
11.1 11.172501
11.900001 11.824396
11.1 11.320684
11.5 12.46335
11.999998 12.039159
10.622879 10.398824
11.710834 11.817998
11.900001 11.471502
13.1 12.357265
11.8 11.839267
14.329148 14.397653
14.923909 14.309743
11.8 11.77315
10.70206 10.731643
12.1 12.622091
11.900001 11.871935
11.400001 11.26672
12.1 11.835576
11.2 11.358542
11.5 11.53705
11.900001 11.878683
11.69176 12.014832
11.1 11.135288
11.3 11.581574
11.900001 11.95186
11.3 11.401318
11.900001 11.577452
11.3 11.217098
11.3 11.480081
11.56133 11.555077
11.1 11.1823015
14.299971 13.572599
11.8 11.775708
11.5 11.543601
12.399998 11.765257
11.5 11.702914
11.999998 11.939613
11.2 11.258206
11.8 11.791206
11.2 11.378299
11.599999 11.961117
11.1 11.829426
12.199999 11.886774
12.1 11.7837515
11.5 11.557957
14.1 13.910801
11.3 11.34299
11.8 11.746397
11.8 11.937621
11.5 11.489546
11.2 11.256473
12.199999 11.59001
11.578862 11.575486
11.3 11.372669
12.1 12.115059
11.400001 11.918903
11.900001 11.856578
11.8 12.439394
12.300659 12.378884
11.2 11.340711
12.199999 11.887557
12.699998 12.28544
11.3 11.391578
11.8 11.968693
11.2 11.556065
11.3 11.326402
12.1 11.980522
11.1 11.159951
11.7 11.876542
11.5 11.699784
12.199999 11.95827
11.1878605 11.166338
12.799992 12.629371
11.599999 11.454939
11.254902 10.861446
12.1 11.940788
14.321849 14.527422
11.7 11.743422
11.8 11.807744
11.49794 11.401305
11.400001 11.696798
11.900001 11.87663
11.2 11.20457
11.2 11.450891
11.5 11.747243
11.2 11.252886
11.2 11.549551
12.599997 13.609265
11.900001 11.896602
11.1 11.216896
12.1 11.912661
11.2 11.139308
11.2 11.216056
12.499997 12.36436
11.404665 11.469824
11.2 11.274056
11.999998 12.045973
11.599999 11.660005
10.1 10.216289
11.900001 11.762603
13.399989 12.845775
13.737937 13.729477
11.7 11.784154
11.3 11.402553
11.3 11.287434
11.953872 12.352552
12.499997 12.601962
10.1 10.004383
11.1 11.263339
13.299971 13.365433
11.400001 11.510644
11.2 11.452337
11.3 10.87416
11.900001 12.139319
11.1 11.1749735
10.1 9.984886
10.1 9.848049
11.3 11.360763
14.901343 12.244595
11.599999 11.600033
11.3 11.320406
12.180922 12.065356
9.79897 9.634903
11.3 11.685526
11.400001 11.222171
11.1 11.132712
11.1 12.165446
10.79897 12.2108755
11.599999 11.943806
13.321849 13.1878395
14.999629 14.69363
12.058607 11.642905
11.2 11.282141
11.5 11.685163
11.1 11.195258
11.599999 11.207543
11.1 11.18089
11.2 11.2273855
11.2 11.890418
11.599999 11.389934
11.5 11.528029
14.162119 13.936827
11.2 11.25186
11.8 11.821109
11.3 11.387337
11.2 11.222184
11.1 11.134638
11.2 11.281974
11.1 11.476059
11.1 11.219016
11.8 11.829451
11.1 10.93681
11.2 11.352748
11.5 11.52387
12.278486 11.519606
11.400001 11.472554
11.7 11.419195
11.9041 11.775952
14.901343 14.71278
11.2 11.332532
11.8 11.518605
11.1 11.163799
11.2 11.261032
12.427902 13.226457
11.599999 11.588277
11.3 11.308709
14.1 14.499448
11.5 12.149619
11.7 11.645166
11.2 11.1715355
11.1 11.183248
11.1 11.168213
11.1 11.0934105
11.900001 11.739035
11.2 11.341899
11.349999 11.3107605
11.900001 11.905405
11.2 11.130696
11.1 11.200201
11.1 11.148365
11.1 11.065014
11.7 11.485405
15.508935 14.944971
11.5 11.582625
11.400001 11.468442
12.299998 11.479838
11.599999 11.523734
13.375724 13.974332
11.8 11.796171
12.1 12.010277
11.2 11.3412695
11.1 11.239635
14.307609 13.862521
11.198147 11.109806
11.3 11.481765
11.1 11.080392
12.399998 11.605655
12.953872 12.991942
10.79897 10.934081
11.3 11.295275
10.5 11.4335785
12.499997 11.796347
12.599997 11.821111
11.8 11.892643
11.2 11.209066
11.400001 11.2970705
11.400001 11.72514
11.5 11.441348
12.499997 12.065915
11.3 11.348688
11.0 11.327197
12.599997 11.9111185
12.199999 12.057904
13.699981 13.985895
11.2 11.22007
12.399998 12.304337
11.2 11.491475
11.900001 11.763394
11.8 11.884008
11.321849 11.187789
11.3 11.216037
11.400001 11.447039
11.5 11.313704
11.2 11.265039
13.299971 12.928677
11.1 11.394291
13.399989 12.340226
11.599999 11.436524
11.2 11.5007305
13.200015 12.743744
11.599999 11.72432
13.461511 12.240934
11.900001 11.759776
10.555932 10.60487
11.3 11.0826435
11.7 11.743643
11.5 11.655179
11.2 11.18052
11.900001 11.934715
12.399999 12.538626
11.900001 11.916234
11.900001 11.987009
11.900001 11.84633
12.599997 12.4247875
11.3 11.319256
11.900001 11.586654
13.058607 11.88919
11.8 11.805223
10.40103 10.456682
11.5 11.550962
11.5 11.5124235
12.799992 11.255052
14.200179 12.928193
11.006578 10.840276
11.999998 11.405709
11.5 11.335452
11.2 11.266785
11.7 11.707852
10.622879 10.358568
11.400001 11.842991
12.020819 12.167262
11.336514 11.432528
12.1 12.010852
11.1 11.111592
14.200179 12.6974535
11.1 11.655858
9.890485 9.759359
12.351812 12.506806
14.79897 14.513219
12.1 12.468002
11.8 12.125805
11.1 11.196897
11.599999 11.638803
11.1 11.247227
12.1 12.161142
14.49794 13.363849
11.2 11.2846985
11.7 11.869086
13.508935 13.896121
11.2 11.796395
12.359379 11.839531
11.392429 11.501898
11.599999 11.866859
12.799992 11.988158
11.3 11.629542
11.1 11.455587
11.1 11.070169
11.1 11.015314
11.999998 11.859547
11.400001 11.61493
11.1 11.112545
11.1 10.853074
11.3 11.386328
11.3 11.798209
12.399998 12.4464245
12.199999 11.24576
11.435792 11.263487
11.7 11.533982
11.1 10.86279
12.199999 11.999376
11.400001 11.443581
11.3 11.390625
11.1 11.320564
14.1 14.436133
13.000009 11.61447
13.899971 13.034645
11.900001 11.932258
13.299971 12.841035
12.699998 11.959029
11.900001 11.875217
10.2 10.156048
11.3 11.525417
11.2 11.518216
10.4 10.450401
11.1 11.078386
11.900001 11.850339
11.900001 11.907314
12.1 11.898068
10.4 10.610669
11.7 11.676531
10.543697 10.616629
11.1 11.074803
11.1 11.258703
11.900001 11.823562
11.2 11.225086
11.7 11.783486
11.1 11.314115
11.3 11.613138
12.899998 11.587393
11.7 11.706075
11.400001 11.414571
11.1 10.999652
11.2 11.246582
13.299971 13.534282
12.699998 12.790285
11.3 11.366387
13.200015 13.0155
11.2 11.31012
11.999998 11.943832
10.4 10.425795
11.1 11.298288
11.900001 12.110371
11.3 11.382187
12.699998 11.941258
11.7 12.234811
11.8 11.800359
11.3 11.084701
11.2 11.134065
11.1 11.094291
11.1 11.151877
11.400001 11.500157
11.1 11.197846
11.400001 11.46505
11.2 11.328618
11.1 11.06943
11.2 11.188464
11.5 11.7033825
11.3 11.363971
11.8 11.490135
11.3 11.326094
11.900001 11.84076
11.1 11.256085
12.1 11.691615
11.5 11.284938
11.1 11.137624
10.40103 10.245076
11.900001 11.908868
11.1 11.357267
11.2 11.3254795
11.5 12.361222
11.1 10.991388
11.1 11.298782
12.199999 11.683652
11.7 11.712898
13.200015 12.474527
11.3 11.398513
11.1 11.185825
9.40103 9.323048
11.1 11.131258
11.2 11.4735155
12.399998 11.768743
11.599999 11.632825
11.2 11.486067
12.399998 12.13032
14.321063 13.16893
11.7 11.319662
11.3 11.474683
11.5 11.631624
11.1 11.085698
11.66225 11.893565
11.2 11.125603
11.637602 11.629089
11.5 11.692846
11.2 11.316347
14.622879 13.914015
11.8 11.487281
11.900001 11.912226
11.463512 11.673817
10.2 10.380162
11.2 11.140701
10.70206 10.534054
11.8 11.874413
11.7 11.732222
11.5 11.462755
11.1 11.365339
11.2 11.22836
11.999998 12.096743
11.2 11.246636
11.2 11.228157
11.3 11.362012
11.7 11.532039
12.899998 13.236781
11.1 11.141888
11.2 11.49361
11.1 11.077287
11.599999 11.637984
11.321849 11.05295
11.1 10.806996
10.6 10.463835
13.500008 13.439632
11.8 11.277102
12.599997 11.9077
10.2 10.3535
11.5 11.528509
11.1 11.042881
11.1 11.167708
10.1 10.10667
11.2 11.282955
11.1 11.288081
10.40103 10.306947
11.2 11.59688
11.400001 11.517608
11.1 11.359605
10.5 10.867809
11.5 11.446247
11.1 11.188095
12.399998 12.504218
11.2 11.200995
14.200179 13.914459
11.3 11.303573
11.2 11.54288
11.2 11.171941
13.399989 13.607324
13.1 12.259552
11.5 11.545577
11.1 11.057831
14.261151 14.114405
11.3 11.401903
9.79897 9.725629
11.2 11.2410755
11.8 11.308831
11.599999 11.814697
13.800057 13.700861
13.066142 13.158544
10.8 10.781253
11.400001 11.4310665
11.8 11.766132
11.3 11.546074
11.1 11.103722
11.1 11.188745
10.1 9.995761
9.79897 9.544134
11.7 12.061579
11.8 11.80112
12.058607 11.502704
11.1 11.305656
11.999998 11.875142
11.400001 11.494298
11.400001 11.464016
11.1 11.1388645
11.900001 11.930568
11.599999 11.7711315
11.1 11.123735
14.219187 14.318944
11.5 12.296144
11.1 11.303127
11.1 11.103961
11.599999 11.115877
11.3 11.2647
10.79897 10.843292
11.2 11.242987
11.2 11.398506
11.1 11.175665
12.299998 12.168064
11.2 11.25694
13.000009 12.454859
12.427902 11.826592
11.5 11.587445
11.1 11.064868
11.400001 11.478885
10.1 10.0883
11.3 11.246127
12.794648 12.610805
10.40103 10.421822
11.40103 11.413895
11.7 11.817287
11.2 11.208307
10.9 10.918083
11.900001 11.863734
11.3 11.591986
11.900001 11.956688
11.2 11.163183
11.2 11.279698
13.267491 13.254072
11.400001 11.393182
12.199999 12.654645
11.7 11.729589
9.79897 9.630489
11.599999 11.45737
11.1 11.114976
11.7 11.801569
11.2 11.184491
11.5 11.43873
11.2 11.210296
11.900001 11.915325
11.2 11.353166
11.999998 11.914802
11.5 11.491696
11.8 11.797468
11.900001 11.918851
12.899998 12.043101
10.622879 10.759963
11.999998 11.634079
11.400001 11.467917
10.622879 10.629096
11.629299 11.913806
11.2 11.187353
11.2 11.4204855
11.1 11.130129
11.2 11.171677
11.1 11.2264805
12.1 11.894651
11.8 11.748588
11.599999 11.635826
11.3 11.27599
12.1 12.660918
11.400001 11.4102745
11.5 11.434115
11.1 11.174427
11.5 11.463204
12.299998 11.563012
14.999629 14.469015
11.5 11.36967
11.999998 11.9433775
13.1 12.608562
11.400001 11.420271
12.378189 12.771733
14.49794 13.498281
11.8 11.628095
11.999998 11.911605
11.7 11.724634
11.5 11.638375
11.1 10.924492
11.3 11.467857
15.1 14.503144
11.400001 11.335131
11.8 11.813777
11.2 11.217739
11.1 11.277353
13.122276 13.177312
11.7 12.228498
10.1 9.916079
11.1 11.050285
11.2 11.2463
11.900001 11.889805
11.3 11.497439
14.1 14.146229
11.1 11.375256
12.499997 12.566642
11.2 11.193241
12.899998 12.443234
11.1 11.266713
11.1 10.913685
10.923909 10.985833
13.1 13.095291
11.7 11.790444
11.5 11.656605
11.900001 12.19796
11.3 11.336927
11.5 11.497213
11.0 10.87946
11.2 11.16421
11.2 11.268236
13.000009 12.837474
10.555932 10.354973
11.8 12.049889
11.900001 11.817443
11.1 11.296963
12.299998 12.005977
11.2 11.259802
12.1 11.428337
11.359637 10.285488
11.3 11.309667
11.1 11.970766
12.1 12.0530815
13.581486 13.918186
11.2 11.2879
11.2 11.610805
11.400001 11.467451
11.900001 12.3674345
14.1 14.163431
11.1 11.716217
11.1 11.248207
12.399998 11.825416
12.1 11.785248
11.2 11.630873
11.555932 11.395822
11.900001 11.785838
11.400001 11.425972
11.400001 11.488622
11.2 11.457432
12.020819 11.401294
10.2 10.799887
11.1 11.177414
11.2 11.245954
12.699998 12.189915
11.3 11.296729
11.8 11.349121
12.367606 12.374443
10.4 10.107049
11.3 11.32447
11.1 11.156039
11.900001 11.91149
11.2 11.092257
11.2 11.237879
11.599999 12.024831
11.1 11.193347
11.8 11.8509035
11.400001 11.1909275
12.399998 12.3142605
11.7 11.3385725
11.400001 11.778725
11.5 11.4971895
11.900001 11.851087
11.400001 11.5303545
10.8 11.222147
11.2 11.025931
11.8 11.763861
11.2 11.304909
10.1 10.210875
14.777781 14.992438
11.5 11.662898
11.8 11.49769
12.760172 11.159402
10.9 10.787849
13.999974 14.427019
11.1 11.1647215
14.622879 13.752094
11.101305 12.124694
11.1 11.147705
14.400163 14.434802
10.719789 10.509714
11.400001 11.390286
11.900001 11.815089
11.1 11.271381
11.900001 12.7142725
11.2 11.244839
11.7 11.681546
11.1 11.340548
11.5 11.596929
11.777781 11.508542
11.3 11.393294
11.599999 11.646899
11.599999 11.502205
12.1 11.363297
11.2 11.285048
11.5 11.464237
12.199999 12.446249
12.461511 12.382967
11.1 11.088534
11.1 11.24188
11.1 11.090283
11.2 11.178984
11.3 11.370031
11.5 11.568778
11.900001 11.825635
11.8 11.779844
12.1 11.398151
11.599999 11.627366
11.3 11.280927
11.2 11.227882
11.7 11.734784
11.8 11.570486
11.900001 11.903231
11.5 11.278905
11.900001 11.936356
12.499997 12.255644
11.3 11.381797
11.2 11.2638855
11.400001 11.420631
13.1 13.176469
11.5 11.524878
11.1 11.232653
11.5 11.648953
13.351812 13.2835
11.3 11.306695
11.1 11.238833
11.599999 11.621333
11.2 11.140508
11.3 11.41354
11.5 11.597494
11.1 11.452269
11.599999 11.637589
13.1 13.295369
11.3 11.243255
11.1 11.05048
10.1 10.052552
14.299971 13.427801
11.3 11.331032
11.599999 11.691416
12.040815 13.673999
11.5 11.50039
10.9 11.691416
11.1 11.174362
11.999998 11.917258
10.622879 10.523841
11.1 11.1377535
11.2 11.144531
11.2 11.171079
10.662469 10.916475
11.599999 11.579663
11.1 11.100969
11.400001 11.2445965
11.1 11.107038
11.599999 11.555818
11.1 11.190983
14.8447275 14.312557
13.899971 12.995363
11.2 11.340957
11.2 11.291735
13.899971 13.879178
11.1 11.156773
11.8 11.908962
11.900001 11.675547
11.5 11.724278
11.400001 11.390105
12.199999 12.608398
11.900001 11.798544
11.999998 11.9233885
10.70206 10.775493
11.2 11.474049
12.499997 13.026068
11.2 11.154787
11.5 11.649569
13.800057 13.106212
12.051963 11.884992
11.900001 11.886909
10.1 9.96113
11.1 11.181355
12.1 11.899281
11.599999 11.466859
11.2 11.23213
13.600039 13.850276
11.2 11.3649235
14.299971 13.737837
12.899998 12.099055
11.400001 11.292086
11.1 11.203939
11.5 11.582231
12.299998 11.729259
11.999998 12.008952
11.3 11.310433
11.5 11.370114
11.8 11.741487
10.622879 11.071614
13.999974 13.153063
11.2 11.215192
11.8 11.8087845
11.900001 11.885752
11.2 11.223136
11.5 11.588478
11.5 11.457079
11.599999 11.610242
11.7 11.675449
11.2 11.263811
11.2 11.208584
12.1999855 11.602073
11.1 11.046078
11.900001 11.905741
11.2 11.157762
11.3 11.384421
11.999998 11.773551
11.999998 11.709669
11.900001 11.93324
11.7 11.729752
11.2 11.222874
11.1 11.102148
12.399998 11.861267
12.499997 11.51024
11.5 10.159036
11.900001 12.003004
11.599999 11.639203
11.400001 12.008292
12.599997 13.018567
11.900001 11.933962
11.900001 11.8466015
11.1 11.183229
11.8 11.796255
11.900001 11.92247
11.900001 11.897558
14.40103 11.696684
11.3 11.29752
11.900001 11.930445
13.2704735 12.095725
11.900001 11.905241
11.2 11.338288
13.699981 14.1480255
13.800057 13.514918
9.79897 10.114479
11.3 11.569612
11.5 11.855843
11.999998 11.967367
11.999998 11.325683
12.699998 12.561655
12.299998 12.763381
11.900001 11.815376
11.599999 11.714825
11.3 11.452746
12.499997 12.04329
11.400001 11.398221
11.999998 13.101853
12.499997 12.908851
11.1 11.141275
13.399989 13.695551
10.622879 10.475773
11.400001 11.646384
13.321849 13.215079
11.2 11.271706
11.2 10.954746
11.400001 11.469604
11.2 11.450386
11.3 11.436227
12.399998 12.485816
11.3 11.621138
11.1 11.140715
11.1 11.069304
13.1 11.397605
11.599999 11.777463
11.3 11.344173
11.5 11.602652
12.359637 12.448666
12.699998 13.0853
11.7 11.91975
11.1 11.482576
11.400001 11.468319
11.3 13.274119
11.5 11.694367
11.7 11.668236
11.900001 12.012499
11.900001 11.925925
11.7 11.504413
12.299998 12.22581
11.5 11.750149
14.299971 15.419038
11.400001 11.521867
11.1 11.112369
11.2 11.348657
13.1 13.117932
11.7 11.638119
12.900001 12.879459
11.3 11.4894085
12.79897 11.420349
11.2 11.162697
11.900001 11.724218
13.1 13.194117
11.3 11.258402
11.900001 11.826879
11.1 11.194539
12.199999 11.559219
12.599997 12.30467
12.699998 11.489568
10.70206 10.553017
12.555932 12.580786
11.1 11.135443
11.2 11.1973
11.1 11.048822
11.2 11.2288265
11.900001 12.30716
12.21351 12.205136
12.19691 12.138
13.1 12.007145
11.5 11.593499
11.599999 11.454157
11.2 11.295665
12.599997 12.328845
11.79897 12.099413
11.900001 11.738345
11.8447275 12.394092
13.899971 13.768802
11.530626 10.852531
11.5 11.6127
11.999998 11.911376
12.128261 11.156473
11.999998 11.941906
11.900001 11.92538
11.5 11.450667
11.8 11.777881
11.40103 11.401829
11.900001 11.887382
12.199999 12.192829
12.1 12.264157
11.900001 11.824616
11.599999 11.60816
11.239147 11.305421
11.555932 10.979014
10.40103 10.268314
11.7 11.708236
11.2 11.256224
11.5 11.794997
12.799992 12.630626
11.3 11.381691
11.2 11.187616
11.900001 11.922301
11.599999 11.495758
11.5 11.615338
11.999998 11.952236
10.145758 9.877197
12.599997 11.429261
11.400001 11.412901
11.3 11.475165
11.900001 11.916516
12.499997 13.184481
11.2 11.203051
11.599999 11.694225
11.5 11.410588
11.7 11.646965
11.400001 11.529039
11.8 11.814531
12.699998 12.094095
12.1 11.579234
11.400001 11.440609
11.2 11.14728
11.400001 11.598993
11.2 11.275401
11.5 11.641828
11.2 11.305727
11.1 11.411837
10.224938 10.3063755
11.5 11.581445
11.2 11.35342
11.8 11.865929
11.2 11.299846
11.2 11.358125
12.399998 12.422482
10.7 10.791277
11.7 11.367865
11.900001 11.908432
11.400001 11.875999
12.1 12.092582
11.8 11.8110485
11.5 11.601378
11.2 11.092818
11.7 12.773209
11.900001 11.825361
11.3 11.324303
11.1 11.137178
12.899998 11.598627
11.900001 12.339883
10.2 10.444494
11.400001 11.424473
11.1 11.098649
10.4 10.386361
11.2 11.292446
11.599999 11.623112
10.1 10.56939
11.2 11.414145
10.4 10.213699
12.199999 12.226538
11.900001 11.838299
11.7 11.771729
11.1 11.276512
11.2 11.6521
11.2 11.232618
11.2 11.2434025
11.599999 11.547424
11.999998 11.836177
11.599999 11.542431
12.599997 12.300094
11.1 11.113456
11.1 11.548476
10.40103 10.122136
11.7 11.705132
11.543697 11.690068
13.299971 12.987139
11.76354 11.638813
11.400001 10.789393
11.8 11.818555
11.1 11.147103
11.7 11.731801
13.999974 12.647728
11.8 11.942795
11.3 11.257613
11.2 11.260625
12.19691 11.530071
12.199999 11.96665
11.900001 11.897045
13.15061 12.682701
11.3 11.366628
11.3 11.680338
11.1 11.270849
13.1 12.005711
11.66117 11.607049
13.869806 12.138608
11.3 11.495707
11.1 11.4503
11.3 11.435421
11.599999 11.660204
14.600313 13.6338625
13.020819 12.591208
11.8 11.398558
11.8 11.826588
11.535334 11.387593
11.2 11.295356
11.599999 11.610953
11.7 11.704058
11.900001 11.627043
11.8 11.773016
11.3 11.330061
11.1 11.568407
12.299998 11.389372
11.230768 11.021574
11.5 11.56656
11.2 11.2556095
10.4 10.656099
11.8 11.848569
11.999998 11.832355
11.5 12.17159
11.599999 11.632312
14.200179 14.175632
12.499986 11.975942
12.299998 12.329827
11.7 11.707614
11.7 11.735898
11.900001 11.926472
11.3 11.457516
11.5 11.591854
11.1 11.117411
13.1 12.255291
11.400001 11.386137
11.3 11.3695755
11.7 11.301922
11.2 11.273334
11.5 11.65334
14.999629 15.3689375
12.499997 12.823568
11.1 11.146677
11.0 11.324893
11.1 10.9652605
11.900001 11.905346
11.400001 11.354018
11.1 11.186792
12.926814 12.791508
11.2 11.172656
11.3 11.274458
10.9 10.994472
12.1 12.151697
11.1 11.289199
11.3 11.377605
11.900001 11.290215
12.1 12.342293
11.2 11.323802
11.900001 11.898463
11.5 11.826183
11.5 11.610329
11.8 11.182453
11.8 11.3754015
11.7 11.730815
11.7 11.568541
11.2 11.182374
14.058607 14.099246
11.999998 12.312596
11.2 11.370653
11.900001 11.884122
12.1 11.876782
11.8 11.573847
11.999998 11.98599
12.536519 12.001987
11.2 11.155215
11.2 11.644665
9.79897 9.626588
11.2 11.234222
9.40103 9.25724
11.560548 11.626227
10.40103 10.896291
11.7 11.933637
11.5 12.134547
11.3 11.371197
11.1 11.10886
11.2 11.348378
11.2 11.232972
10.145758 10.063957
11.3 11.287034
11.2 11.161868
11.19691 11.020894
15.1 14.68022
11.8 11.950668
11.1 11.223304
11.3 11.278654
11.2 11.4876795
11.1 11.377853
12.51862 12.043336
11.900001 11.924949
11.900001 11.971122
11.8 11.7659855
11.1 11.189106
11.5 11.709798
11.3 11.436211
11.3 11.404569
11.2 11.314705
13.999974 13.823345
11.900001 12.065376
12.199999 11.924838
11.7 11.779032
10.8 10.742253
11.400001 11.308867
12.1 11.486955
11.900001 11.862521
11.599999 11.694604
11.944213 11.400915
11.2 11.257071
11.3 11.399276
12.759379 11.569473
11.145758 11.620338
11.2 11.365538
11.599999 11.619204
13.500008 12.301466
11.599999 11.728022
11.2 11.269026
11.900001 11.796051
11.599999 12.053822
11.3 11.358409
12.199999 11.845304
11.900001 12.260489
11.2 11.251313
11.8 11.53443
12.699998 12.2185
10.70206 10.574452
11.8 11.690063
10.3 10.557403
11.599999 11.920647
11.375724 10.970345
11.900001 11.857076
11.2 11.482654
11.1 11.082396
11.3 11.23797
11.1 11.05294
13.299971 12.397776
11.900001 11.731828
11.1 11.252213
11.2 11.312
12.799992 12.280136
11.900001 11.91827
11.2 11.2156925
11.1 10.682324
11.8 11.940874
11.1 11.299507
11.599999 12.250003
11.2 11.427784
11.2 11.405704
11.1 11.740002
11.2 11.163381
11.400001 11.422837
10.122276 10.045677
11.1 11.191242
13.999974 12.629559
11.900001 11.764879
11.900001 11.879325
11.900001 11.710052
11.900001 11.600858
10.9 10.696004
11.599999 11.336723
11.3 11.363102
13.600039 13.814428
11.2 11.486704
11.2 11.134142
11.5 11.577851
11.8 11.797391
11.2 11.126277
11.900001 11.907297
12.499997 12.050351
9.79897 9.595819
11.400001 11.39997
11.2 11.250424
12.299998 11.903414
11.900001 11.889561
11.999998 11.331679
11.2 11.2526655
11.1 11.143133
11.8 11.524118
11.900001 11.899578
11.7 11.628533
13.050004 12.815388
10.901343 10.878662
13.899971 13.006512
10.830955 10.5650625
11.999998 11.98028
11.900001 11.823699
11.2 11.580184
11.3 11.321637
13.1 13.422628
11.1 11.039376
11.175305 11.395399
11.1 11.107197
11.8 12.213099
14.700326 14.68704
11.900001 12.313993
11.1 11.240193
11.400001 11.494856
12.1 11.430388
11.2 11.194753
11.599999 11.672344
12.1 12.298394
11.900001 11.2483635
11.7 11.248556
10.6 10.505227
11.5 11.558808
11.5 11.770468
11.8 11.806956
11.118106 11.187108
12.299998 11.610802
11.7 11.734392
11.3 11.128941
11.599999 11.500133
11.1 12.115132
11.1 11.25743
13.699981 13.558689
13.622879 13.6421385
13.299971 13.829763
11.1 11.191336
11.400001 11.317512
10.622879 10.604479
11.8 11.819402
11.1 11.151774
11.599999 11.658413
11.1 11.010506
12.899998 12.471337
11.2 11.214099
11.900001 11.836961
11.7 11.690175
10.70206 10.767388
11.7 11.697427
11.5 11.571807
11.5 11.624959
11.400001 11.92066
11.400001 11.432394
12.40103 12.471107
14.065731 14.049672
11.1 10.98308
11.7 11.742754
11.8 11.840216
11.7 11.640404
11.5 11.549532
11.3 11.458807
11.7 11.781567
11.45 11.499236
11.574222 11.55594
11.3 11.313252
11.400001 11.359074
11.2 11.214624
11.2 11.277167
11.900001 11.894423
11.2 11.228591
11.5 11.582276
11.2 11.306846
11.367606 10.156546
11.1 11.125286
11.1 11.21226
11.8 11.776413
11.999998 12.074
11.599999 11.638364
11.2 11.256712
11.2 11.232016
11.999998 11.344062
12.299998 12.103158
10.1 9.9990425
11.599999 11.727507
11.5 11.444036
12.699998 13.053637
11.2 11.195002
11.8 11.819416
10.40103 10.10448
11.2 11.230849
11.2 11.200922
11.900001 11.897829
11.2 11.313929
11.900001 11.813467
11.7 11.739996
12.599997 12.917778
11.999998 12.055872
11.2 11.216934
10.321849 10.396239
13.000009 13.6514
11.2 11.305869
11.8 11.82273
11.599999 11.518083
11.8 11.737237
11.1 11.081536
11.1 11.172882
11.2 11.27563
11.2 11.237587
10.1 9.95307
11.1 11.1292
11.1 11.111723
11.1 10.983157
11.7 11.809139
13.1 12.360249
11.599999 11.266331
12.899998 13.383923
11.8 11.504129
12.599997 12.616901
11.5 11.499411
11.7 11.668473
11.5 11.891862
11.5 11.478908
10.70206 10.63824
11.900001 11.876833
11.2 11.194868
11.2 11.310018
11.2 11.401103
12.699998 11.601328
11.2 11.544054
11.599999 11.400281
11.400001 12.348621
12.399998 12.382347
11.900001 11.86905
11.900001 11.856843
11.7 11.618747
11.2 11.270229
11.3 11.548386
13.399989 13.055663
11.2 11.235275
11.7 11.40674
11.2 11.206776
13.200015 12.611957
14.09948 13.612264
12.199999 12.256358
11.1 11.252777
11.400001 11.467271
11.2 11.2729025
10.40103 10.195671
13.800057 14.077869
11.400001 11.393279
12.140959 10.912518
11.2 11.399592
11.890485 12.317703
11.1 11.183495
11.5 11.585832
11.599999 11.659374
11.1 10.890018
11.7 11.798212
11.5 11.5031
11.599999 12.078301
11.599999 12.600343
11.400001 11.338911
11.1 11.723257
11.5 11.582133
11.900001 11.840641
13.046922 13.135904
11.7 11.577131
11.3 11.357474
11.1 11.331011
11.2 11.358938
13.1 12.852576
14.79897 14.185461
10.8 10.945956
11.202373 12.147926
11.900001 11.861201
11.1 11.346544
11.599999 12.349338
11.7 11.927723
12.199999 12.387302
11.108774 11.194161
12.399998 11.899258
11.3 11.254012
11.2 11.305792
11.400001 11.849404
10.3 10.688442
13.1 12.387112
11.400001 11.701384
11.799998 12.608158
13.600039 13.109339
10.79897 10.701907
11.2 11.317429
11.2 11.231862
11.1 11.097344
11.900001 11.8150425
11.1 11.076774
11.5 11.494906
11.869551 12.03994
12.399998 12.183056
11.400001 11.34655
13.854961 10.525578
12.699998 11.872096
12.499997 12.5679455
11.1 11.209621
12.499997 12.304418
10.608639 12.345495
11.1 11.323564
11.3 11.347493
11.5 12.225301
13.409804 13.509855
11.2 10.9033785
11.900001 11.867209
11.599999 11.361786
11.3 11.465153
11.8 12.414545
11.140959 11.628231
12.1 12.013234
11.2 11.185024
11.900001 11.713209
12.1 12.062774
11.2 11.164863
14.280456 14.386065
11.900001 11.82717
10.2 10.325876
11.3 11.310967
11.1 11.239533
11.3 11.374133
11.5 11.609907
11.599999 11.618588
11.3 11.76109
11.599999 11.517112
11.8 11.791284
11.900001 11.933055
10.5 10.447228
11.2 11.261377
11.5 11.807341
12.199999 11.608122
11.2 11.220857
11.900001 11.835479
11.3 11.610351
11.7 11.7470255
11.5 11.543059
14.999629 14.769611
11.400001 11.311076
11.3 11.461157
10.40103 10.249112
11.5 11.592029
12.199999 12.315669
11.8 11.759588
9.79897 9.630673
11.400001 11.398728
11.8 11.764906
11.3 11.396635
11.106614 11.13331
11.3 11.793417
11.999998 11.353105
11.599999 13.598621
13.299971 11.788642
13.29382 13.255565
12.1 11.664971
11.999998 12.071907
11.2 11.323611
11.8 11.837864
11.400001 11.092282
11.1 11.117763
11.40103 11.337764
11.999998 11.8903885
11.5 11.527841
11.8 11.814967
11.400001 11.399045
11.599999 12.360448
11.8 11.852347
11.1 11.240432
11.8 11.816132
11.900001 11.846415
10.1 10.420107
11.900001 11.822261
10.1 10.089268
12.899998 12.267345
11.8 11.809937
11.900001 11.888739
11.8 11.834112
13.409804 13.097225
11.2 11.2431
11.7 11.629381
13.999974 13.982666
11.2 11.910303
12.690067 12.468159
13.47675 12.403473
11.599999 11.626987
13.800057 13.698107
13.999974 12.400663
10.4 10.499065
11.599999 11.677811
12.699998 11.62609
11.5 11.538379
11.1 11.235491
11.1 11.347435
11.900001 11.953012
11.599999 11.689133
11.8 11.7148285
11.2 11.229526
11.1 11.2082815
11.400001 11.4115715
11.900001 11.892649
11.999998 11.973546
11.5 11.471547
11.5 11.539464
10.40103 10.274586
11.999998 11.854155
11.900001 11.474264
11.1 11.098216
11.2 11.268963
12.299998 11.91443
11.3 11.852235
11.1 11.121146
11.5 11.623505
12.799992 12.223395
11.1 11.153163
12.633132 11.669248
11.8 11.644925
13.600039 13.604249
11.1 11.028482
14.145758 14.228803
14.200179 14.066481
11.1 11.39259
11.3 11.515854
11.2 11.4079485
11.7 11.713036
12.699998 11.892692
10.70206 10.542096
14.1 12.060874
11.2 11.456465
12.1 11.750589
13.500008 13.918468
11.5 11.705766
11.5 11.501518
11.2 11.568782
11.2 11.390963
10.70206 10.544659
11.2 11.635585
13.299971 13.422628
11.2 11.449473
11.7 11.731386
9.79897 9.775813
11.7 11.55676
11.900001 11.774158
12.799992 12.488331
11.400001 11.97952
11.1 11.276773
11.2 11.175421
11.5 11.613522
11.900001 11.844968
10.40103 10.251509
11.1 11.080776
11.5 11.677148
11.3 11.5016
11.8 11.910133
11.5 11.646912
11.1 11.369235
10.986056 10.70787
12.199999 13.093646
11.3 11.503111
11.79897 11.728234
11.8 11.996389
11.8 11.0095
11.5 11.43484
10.738272 10.634747
11.2 11.1707
11.2 11.229941
11.738272 11.563682
13.399989 12.418575
12.1 12.002749
11.3 11.31683
14.200179 12.939752
11.1 11.053218
12.1 11.990165
12.919643 12.437361
11.2 11.459381
12.599997 11.552027
13.299971 13.015988
11.1 11.140244
14.652842 14.850313
11.1 11.139481
11.8 11.802947
11.3 11.288358
11.900001 11.622968
11.8 11.639258
11.2 11.306172
11.8 11.746815
11.900001 11.784141
11.900001 11.846738
11.8 11.879106
11.7 11.718358
11.2 11.370587
13.500008 12.796208
11.599999 11.754754
11.585452 13.097935
12.299998 11.525086
10.8 11.442019
11.8 11.922889
11.900001 11.82133
11.3 11.372414
11.719789 11.767866
11.5 11.658137
11.900001 11.884799
11.8 11.779825
11.2 11.655291
13.299971 13.204694
11.1 11.334363
11.2 11.498077
11.400001 11.553804
11.400001 11.647004
11.400001 11.36023
11.3 11.429819
12.699998 11.218499
14.49794 15.195312
11.1 11.096888
11.900001 11.883272
11.999998 11.955416
11.3 11.489127
11.2 11.269005
12.1 11.910819
11.5 11.549153
11.1 11.249063
11.8 11.454529
11.900001 12.414237
12.399998 12.004464
11.900001 11.719337
11.999998 12.575894
11.2 11.145281
13.699981 13.470862
11.1 11.232173
11.400001 11.465355
12.699998 12.931829
11.2 11.378302
13.899971 14.355657
11.7 12.155191
11.900001 11.798458
11.999998 11.704061
10.70206 11.8162155
11.2 11.240803
11.400001 11.451379
12.599997 11.911375
11.5 11.451443
11.900001 12.212447
11.400001 11.647665
11.7 11.780738
11.1 11.272265
13.1 12.693531
11.900001 11.680413
11.400001 11.637665
11.400001 11.381775
10.1 9.969541
11.400001 11.384114
11.2 11.226141
12.02263 13.051962
11.2 11.278003
12.499997 12.137055
12.199999 11.355719
11.2 11.077126
13.800057 13.543896
11.3 11.362332
11.3 11.311172
10.1 11.50386
13.299971 13.410746
10.3 11.119939
14.299971 11.908141
11.1 11.251966
11.900001 12.177878
11.2 11.466143
11.1 11.156973
11.599999 11.748026
11.212469 11.224192
13.699981 13.857077
11.400001 11.2383175
11.180922 11.287735
10.622879 10.774312
12.499997 13.292154
10.70206 10.568226
12.599997 12.609574
12.299998 12.38856
11.599999 11.511609
11.5 11.613908
11.999998 12.081278
11.900001 11.849954
10.700015 11.01261
14.901343 11.935886
11.1 11.093158
10.2 10.224996
11.685027 11.146094
11.5 11.615027
11.2 11.412689
11.2 11.374359
9.79897 9.960107
11.8 11.862541
11.7 11.751724
11.2 11.388969
11.900001 11.846012
13.1 12.858796
11.7 11.610182
11.3 11.394143
12.799992 13.097912
12.299998 11.671198
11.900001 11.5471
12.799992 12.797499
11.2 11.393024
11.1 11.365414
11.599999 11.604502
11.1 11.103784
11.900001 11.883699
12.299998 12.159585
11.3 11.336145
11.7 11.674363
11.7 11.691171
14.986056 13.998117
11.599999 11.608928
11.5 11.478326
11.7 11.651136
11.7 11.865639
11.3 11.359781
10.5 10.489277
11.1 11.226809
11.7 11.734768
11.999998 11.940276
11.2 11.526396
11.8 11.821958
11.400001 11.511287
11.1 11.995549
15.200179 14.1761055
11.900001 11.931535
11.1 11.178869
11.999998 12.158031
11.2 11.350267
11.400001 11.372619
11.3 11.461555
11.3 11.291788
11.2 11.230299
11.2 12.068683
12.799992 11.707556
13.899971 13.742523
13.399989 13.386179
10.2 10.810409
11.5 11.601869
11.400001 11.427326
11.2 11.218979
11.400001 11.350767
13.1 13.33684
11.3 11.294117
11.900001 12.137322
10.5 10.684106
14.622879 11.760798
11.2 11.458356
11.5 11.73693
10.6 10.703054
11.1 11.079338
11.7 11.83145
12.499997 11.7452545
11.1 11.086729
11.5 11.688972
11.1 11.163974
11.900001 11.909887
11.2 11.295127
11.5 11.443234
12.299998 11.879875
12.199999 11.651806
11.3 11.401926
11.3 11.424577
11.599999 11.649358
11.7 11.235037
14.40103 14.291848
11.2 11.243157
11.5 11.579405
12.399998 12.533158
11.400001 11.498173
10.70206 10.791396
11.2 11.310849
11.7 11.676663
12.418758 11.658528
11.900001 11.89288
11.2 11.381111
11.5 11.241325
11.999998 11.794326
11.1 11.262445
11.7 11.725879
12.299998 12.304233
10.622879 10.919723
11.1 11.357625
12.1 11.324316
10.753647 13.632
11.3 11.365518
12.699998 13.33372
12.281115 11.278431
11.2 12.695528
11.1 11.066497
11.999998 12.00151
11.3 11.362436
13.000009 12.171747
11.2 11.272492
11.5 11.522918
13.200015 11.891256
11.3 11.45426
11.3 11.494618
11.1 11.281292
11.1 11.298671
12.399998 12.252179
11.3 11.236009
11.999998 11.649171
11.1 11.146577
11.2 11.07438
10.520216 10.726596
11.3 11.393437
12.299998 12.351532
11.400001 11.415712
10.078811 9.816903
12.499997 12.312411
11.599999 11.653296
11.900001 12.163036
11.999998 11.591215
11.3 11.541504
11.900001 11.914628
11.999998 11.886133
11.5 11.817499
11.8 12.212339
11.599999 11.722531
11.2 11.238926
12.499997 13.12508
11.1 10.662637
11.49794 11.903028
12.637602 12.554058
11.3 11.433884
11.1 11.055856
12.668636 12.929439
11.5 11.443769
12.799992 12.45645
11.400001 11.704437
11.3 12.195126
10.40103 10.255723
11.2 11.287407
11.986056 11.319565
11.1 11.2131815
11.1 11.368176
12.719789 13.704799
11.2 11.211455
11.1 11.334212
11.5 11.670576
12.599997 13.169434
11.599999 11.467776
11.2 11.339202
11.1 11.204201
12.299998 12.211
10.516801 10.859319
11.2 11.248129
11.5 11.315492
11.8 11.202309
12.699998 12.423613
11.599999 11.303799
11.900001 11.959587
11.2 11.139206
11.1 11.2697525
12.299998 11.401512
11.1 11.194508
12.399998 11.690972
11.8 11.862142
11.5 11.5818815
13.000009 11.879469
11.1 11.279005
14.901343 14.317778
11.8 11.824167
14.113228 11.303711
11.1 10.995013
10.79897 11.112271
13.986056 13.30339
11.1 11.287416
11.599999 11.615039
11.5 11.547467
11.1 11.081432
11.400001 11.67171
11.8 12.050911
10.1 11.4243355
11.400001 11.432312
10.719789 10.632095
12.199999 11.769042
11.999998 11.782629
11.5 11.482929
12.499997 12.124854
11.999998 11.89927
11.1 11.329501
11.900001 11.825716
11.1 11.078136
11.3 11.437928
11.400001 11.829069
10.40103 9.962633
11.869551 11.134419
12.224938 12.303088
11.900001 11.869549
14.4000435 14.204388
11.1 11.199044
11.140959 11.730539
11.900001 11.958331
12.199999 12.143378
11.1 11.0037365
11.7 11.300449
11.2 11.2532835
11.2 11.293785
11.5 11.298818
11.400001 11.418563
10.5685215 10.143863
11.400001 11.871049
11.5 11.78182
11.5 11.431456
11.599999 11.323128
11.5 11.435672
10.49794 10.67371
11.1 11.021211
11.900001 11.866162
11.900001 12.825983
11.900001 11.847456
11.599999 11.580403
11.900001 11.991673
11.8 11.800151
11.1 11.226631
13.777781 13.759045
11.2 11.391313
11.7 11.728178
11.2 11.269572
11.710109 11.850782
11.2 11.237793
11.1 11.080286
11.1 11.749157
10.622879 10.573297
14.600313 13.524158
11.900001 11.899409
11.2 11.587132
11.3 11.411961
11.7 11.761529
12.399998 12.043226
11.2 11.305091
11.900001 11.872249
12.199999 12.216029
10.2 10.359797
12.199999 11.6777525
11.1 11.186195
11.999998 11.664618
11.2 10.866385
11.2 11.143546
11.3 11.379555
13.299971 12.985676
11.5 11.57335
11.1 11.639126
11.7 12.007302
12.399998 12.485503
11.400001 11.450719
10.1 11.816925
12.515898 11.603323
12.599997 12.270175
13.000009 13.226257
11.1 11.098219
10.70206 10.646827
11.479343 11.6904955
11.999998 11.456147
11.900001 11.884186
11.900001 11.859924
11.5 11.333644
11.599999 11.575179
11.1 11.215647
12.399998 11.75503
11.599999 11.810578
11.400001 11.506732
11.7 11.689613
11.599999 12.2150135
11.19691 10.889297
11.8 11.686683
11.2 11.210933
11.191515 11.2788315
13.699981 13.49278
10.622879 10.550197
10.1 10.057394
11.3 11.581283
11.1 11.082175
11.7 11.639995
11.3 11.333315
12.299998 12.012799
11.900001 11.862463
11.8 11.742708
11.2 11.267073
9.70206 9.472404
11.900001 11.94536
11.599999 11.683032
12.1 12.001254
11.900001 11.912517
11.1 11.192263
11.3 11.392745
13.1 13.367706
12.199999 12.076755
11.999998 11.540025
11.8 11.808723
11.5 12.002458
12.499997 12.330575
11.7 11.74957
11.900001 12.015473
11.2 11.259947
11.5 11.532891
11.8 11.807483
12.299998 12.215818
11.999998 11.9199
11.599999 11.398447
11.900001 11.842884
10.6 10.852224
10.70206 10.6823435
11.400001 11.338449
11.5 12.156317
11.3 11.429255
11.2 11.085044
13.1 12.472331
10.857208 11.408438
12.199999 12.02219
11.999998 12.443735
11.599999 11.558254
11.8 11.73479
12.299998 12.506535
11.51454 11.603773
12.899998 13.209841
11.5 11.371771
13.500008 12.777468
11.1 11.189143
11.2 11.355381
11.3 11.349866
11.7 11.719136
11.1 11.106839
11.2 11.175184
12.899998 11.664053
11.7 11.841467
13.000009 12.428571
11.2 11.21852
11.5 11.519819
11.599999 11.466695
12.199999 12.13409
11.686266 11.599071
11.2 11.264185
12.1 12.38148
11.5 11.572291
13.200015 12.533573
11.599999 11.604735
11.923909 11.664731
11.2 11.249037
11.599999 11.629375
13.242667 11.011028
11.3 11.389576
11.900001 11.935285
11.1 11.195152
11.2 11.325098
11.7 11.559262
11.1 11.185504
11.2 11.33425
11.5 11.497519
11.400001 11.353784
12.699998 12.251362
11.1 11.099149
11.1 11.080572
12.199999 12.335677
11.2 11.173824
11.999998 11.776294
12.1 11.7743845
11.3 11.476908
11.8 11.735368
11.400001 11.457276
11.7 12.233087
12.199999 12.089407
11.900001 12.083078
12.299998 12.170393
12.199999 12.962489
11.999998 11.889524
11.599999 11.577956
11.5 11.124002
11.1 11.104949
11.3 11.2941265
11.5 11.80235
11.300659 11.201525
11.7 11.6977825
11.5 11.456859
11.900001 11.941551
11.2 11.311769
12.19691 11.927953
11.7 11.720511
11.999998 11.934891
11.7 11.638782
10.627244 11.692935
11.3 11.28402
11.400001 11.408491
11.2 11.191543
11.1 11.237045
11.599999 11.919784
11.999998 11.949934
11.7 11.566425
11.599999 11.74157
11.389741 11.780604
11.900001 11.996146
11.599999 11.374852
11.7 11.8183155
11.999998 11.918711
12.1 11.848187
12.299998 12.040747
11.900001 11.872972
11.7 11.674991
11.70103 11.707991
11.1 11.1944475
13.821246 12.622882
11.5 11.528514
11.900001 11.934529
11.900001 11.596096
13.1 12.4821615
11.5 11.447901
11.599999 11.48627
11.3 11.371845
11.1 11.126717
11.3 10.653983
12.299998 11.768685
11.400001 11.246499
11.1 11.239083
11.8 11.859246
11.8 12.48511
11.8 11.837685
11.2 11.377008
12.199999 11.517324
11.5 11.489604
13.000009 12.40907
11.2 11.409176
12.499997 12.280385
10.443902 10.598137
12.40103 12.468726
12.499997 11.989435
10.622879 10.718037
11.5 11.612729
10.7 10.51461
11.8 11.55656
11.8 11.86535
11.599999 11.811198
11.900001 12.115224
11.7 11.7037735
11.7 11.659135
10.608639 10.527059
11.900001 11.855036
11.400001 11.452411
11.953872 12.043855
11.1 11.158796
11.400001 11.364091
11.1 11.309778
11.336572 11.377312
12.899998 12.682459
11.2 11.2654915
11.2 11.416654
13.000009 12.426158
11.900001 11.904946
13.1 12.173811
12.1 11.440521
11.2 11.362607
11.999998 11.837258
9.40103 9.253001
11.3 11.285653
12.1 11.69192
12.799992 13.511337
11.2 11.322473
11.7 11.76647
11.1 11.285736
11.599999 11.314217
11.1 11.068751
11.5 11.845051
11.8 12.658206
11.7 11.740252
11.1 10.975609
11.3 11.38166
11.5 11.579088
11.1 11.112283
11.1 11.134452
11.2 11.272886
11.2 11.238664
11.3 11.253898
11.1 11.144488
11.8 12.003944
11.2 11.424864
11.8 11.878128
13.49794 13.506334
11.900001 11.907515
11.2 11.130617
10.652842 10.172373
13.800057 13.749372
15.180922 15.3447075
11.400001 11.751451
11.900001 11.441989
11.1 11.244447
11.5 11.545604
11.900001 11.904994
9.978481 9.743872
11.2 11.418759
12.420572 12.155257
11.2869625 11.404985
11.5 11.75897
11.5 11.609556
11.5 11.466705
11.3 11.212894
11.5 11.514856
10.1 9.96941
12.799992 12.419459
11.999998 11.877156
11.900001 11.867003
11.5 11.425905
11.1 11.67847
12.799992 12.159028
13.000009 12.211984
11.8 11.790436
12.112214 11.299791
14.757577 14.698406
12.199999 11.960309
11.8 11.779511
13.79897 13.263491
12.399998 11.432514
11.2 11.219863
10.3 10.035549
11.900001 11.764522
11.1 11.167667
12.599997 11.305233
11.2 11.55175
11.49794 11.412582
12.583288 12.64993
12.953872 13.067941
14.145758 14.271176
11.2 11.194598
11.1 11.182381
11.7 11.720196
12.499997 12.582842
11.1 11.200091
11.2 11.141817
11.2 11.207703
11.400001 11.251248
11.2 11.18642
11.7 11.513643
11.999998 11.747681
11.1 11.230079
12.599997 11.61764
11.7 11.464191
11.207906 10.488458
11.1 11.241201
11.900001 11.822132
11.599999 11.469998
11.3 11.343266
11.2 11.29274
11.7 11.845595
11.8 11.671147
14.200179 11.6961355
11.2 11.304631
11.2 11.40154
11.400001 11.681419
11.1 11.083675
11.2 11.05672
11.2 11.350429
11.7 12.272465
11.2 11.477981
11.5 11.553498
11.900001 11.903746
13.200015 12.795041
11.520216 11.5427885
11.400001 11.395452
11.7 12.111385
11.2 11.266898
13.000009 12.21042
11.2 11.850288
11.8 11.77422
11.2 11.363508
12.799992 13.099876
11.8 11.80252
11.599999 11.707428
10.1 10.075118
11.2 11.100859
11.1 10.96479
10.89588 11.123308
11.400001 11.376017
11.400001 11.506321
11.1 11.210206
10.321849 11.056711
11.5 11.01036
11.1 11.103475
12.599997 11.832973
11.1 11.210531
11.5 11.49551
13.000009 12.648452
11.999998 11.69595
10.70206 10.695912
11.1 11.101234
11.8 11.829274
11.7 11.7409
11.1 11.169149
12.1 12.145835
15.1 14.270204
11.7 11.396407
11.1 11.099392
14.19691 13.646238
11.115759 11.194107
13.685027 12.9972
11.2 11.329545
11.40103 11.656288
11.999998 11.707256
11.854487 11.622154
11.1 11.085454
11.999998 12.104216
11.986056 12.586899
11.3 11.3868
11.2 11.245362
11.400001 11.249907
11.1 11.148909
11.900001 11.882426
11.5 11.47507
11.2 11.20902
12.19691 12.060409
11.309011 11.407027
11.8 11.814137
11.599999 11.587005
11.999998 11.733649
11.198455 11.243769
9.79897 9.521254
11.5 12.770645
11.900001 12.098654
11.2 11.193772
12.599997 12.370178
11.3 11.859082
11.1 11.235337
11.2 11.228535
11.18351 11.428359
11.3 11.360641
13.399989 13.594102
11.70103 11.740797
11.5 11.507381
10.2 10.08295
12.399998 13.1199665
12.499997 12.162232
12.399998 11.824298
11.3 11.423488
12.299998 12.292083
11.7 11.701647
11.8 11.79215
10.40103 11.419327
11.400001 11.412616
13.299971 13.54382
11.5 11.382273
13.399989 13.078294
11.1 11.207763
11.1 11.030392
11.2 11.322054
14.1 13.132492
11.400001 11.453211
11.599999 11.580911
12.1 11.372312
11.999998 11.86553
12.499997 12.4353695
11.40103 10.954549
11.7 11.6571045
12.299998 11.708597
11.900001 11.864636
11.2 11.237068
11.2 11.189719
11.2 11.216824
11.900001 11.744484
12.199999 12.214881
12.1 12.172983
11.900001 11.925598
11.900001 11.907784
11.2 11.213459
11.2 11.277797
11.2 11.403721
11.19691 11.281624
11.1 11.270037
13.699981 13.029688
10.49794 10.192699
10.4 10.562353
11.2 11.400775
11.3 11.484389
11.2 11.246101
11.7 11.611825
11.2 11.351445
11.8 11.856228
14.47675 12.264976
11.8 11.721629
11.7 11.73848
11.7 11.729812
11.1 11.284814
11.8 12.003749
9.79897 9.712687
11.7 11.592165
11.999998 11.930366
11.900001 11.79889
12.599997 13.955309
11.1 11.194657
11.900001 11.869521
12.399998 11.889799
13.1 12.650386
10.4 10.392296
11.400001 11.59676
12.399998 12.485695
11.3 11.372138
11.7 11.791861
11.599999 11.626332
11.8 11.523714
11.599999 11.425372
10.4 10.75153
10.70206 10.765303
11.175305 11.211758
11.900001 12.091273
14.600313 14.111433
11.2 11.416635
11.1 11.468794
11.400001 11.405464
11.3 11.224174
11.1 11.508427
10.095678 9.797008
11.8 11.841327
11.900001 11.888394
11.400001 11.445763
11.8 11.790538
11.2 11.236202
13.399989 12.058949
11.3 11.318135
10.49794 10.559159
11.1 11.032259
11.3 11.444349
11.8 11.919308
11.3 11.578656
11.900001 11.821293
12.699998 12.242123
11.1 10.947472
11.599999 11.772076
12.199999 12.438951
13.600039 11.644588
11.2 11.124456
12.599997 11.780209
11.999998 11.455156
10.1 11.777421
11.2 11.526136
11.400001 11.562434
11.900001 11.752001
11.400001 11.361193
11.5 11.521956
11.3 11.311949
12.7038 12.6956005
11.3 11.313555
11.1 11.143136
13.299971 13.826925
11.8 12.016381
11.1 11.211189
11.1 11.120509
11.3 11.490383
11.2 11.219136
11.900001 11.985323
11.400001 11.49573
11.2 11.16219
12.299998 12.092422
11.1 11.241009
11.900001 11.818354
11.8 11.726881
11.2 11.246394
11.2 11.256838
11.622879 11.588647
11.2 11.161159
11.599999 11.710718
13.70206 15.033747
11.5 11.547728
12.418758 12.535719
11.599999 11.950176
11.2 11.342582
13.953872 14.146173
11.3 11.831484
11.400001 11.435474
11.900001 11.87579
11.1 11.118045
12.499997 11.303932
11.1 11.108501
11.999998 11.987934
11.900001 12.751045
11.1 11.035596
11.900001 11.8255825
12.191515 12.048985
14.1 14.003666
11.5 11.590402
12.799992 11.745525
14.254902 13.222808
11.400001 11.48602
11.400001 11.499746
12.856081 11.846809
12.399998 12.37457
11.3 11.837591
10.70206 11.512491
11.254902 11.214226
11.3 11.375813
11.400001 11.537959
13.2870865 12.082825
11.900001 12.463868
11.1 11.089698
11.3 11.459773
12.699998 11.44804
12.1 11.810656
12.599997 12.402886
11.5 11.568476
13.000009 13.6416
12.499997 11.677032
11.3 11.675881
10.9 10.753481
10.1 10.24037
11.2 11.259403
11.8 11.776166
11.671333 12.484394
12.70206 12.233883
11.900001 11.83168
11.1 11.209866
11.400001 11.446978
12.699998 12.425412
11.8 11.653949
13.508935 12.645472
13.500008 14.043621
11.400001 11.624142
11.5 11.566111
13.699981 12.740767
11.400001 11.401195
11.8 12.056576
11.1 11.092668
11.900001 11.859503
11.2 11.138199
12.1 12.819951
11.2 11.168469
11.8 12.087143
14.999629 15.002406
12.29382 12.264305
12.499997 12.134166
11.3 11.384246
11.1 11.054662
11.599999 11.485344
9.79897 9.624456
11.2 11.481697
11.7 11.706534
11.900001 11.983998
11.3 11.287175
11.1 11.185381
12.155518 12.27676
11.999998 12.170034
11.400001 11.366836
11.2 11.436714
14.79897 12.981128
11.599999 11.594644
11.5 11.475712
14.200179 12.624114
12.399998 12.242666
11.3 11.595155
12.499997 11.662632
11.999998 11.962231
11.999998 11.879982
10.1 10.084045
12.899998 12.20625
11.999998 11.827657
11.400001 11.610668
11.400001 11.499573
11.7 11.721711
10.5 11.305603
13.000009 12.902634
11.3 11.456748
11.900001 11.841313
12.199999 11.699253
11.8 11.799947
11.900001 11.904975
13.800057 11.938275
10.1 10.19511
11.8 11.776306
11.999998 11.891644
10.1 10.012098
11.7 11.728737
11.1 11.144557
11.1 11.257057
12.699998 11.810832
11.999998 11.923401
11.999998 11.224637
11.5 11.536976
11.3 11.696526
11.2 11.202521
11.400001 11.226098
10.321849 10.214294
11.3 11.412758
13.000009 12.625431
11.599999 11.591933
12.15 11.889254
9.905 10.1370945
13.499203 13.508615
12.685027 11.678861
11.1 10.923812
11.2 11.167196
11.400001 11.508705
14.500117 13.15037
11.1 11.184147
12.15061 11.359197
11.999998 11.900668
13.180922 13.105385
11.5 11.549098
11.999998 12.084925
10.40103 10.3249445
12.00309 11.575978
11.872113 11.691923
12.299998 12.339203
11.5 11.549801
11.5 11.573839
11.2 11.384883
11.2 11.199025
11.3 11.33969
11.8 11.868586
12.1 11.968977
14.200179 13.947279
11.2 11.343294
11.3 11.373543
11.2 11.294865
11.2 11.264375
11.2 11.296368
11.1 11.082646
11.599999 11.607694
11.2 11.500143
11.2 11.403908
11.7 11.634718
13.299971 11.716554
11.3 11.208798
11.3 11.407491
11.1 11.179943
12.608639 13.830523
11.400001 11.444702
11.900001 11.924841
11.5 11.766859
11.900001 11.947316
11.2 11.442724
11.196367 10.970873
11.400001 11.503283
10.40103 11.153641
11.5 11.580646
11.329885 10.508431
11.3 11.551083
11.2 11.248125
11.400001 11.229143
11.2 11.348773
11.343923 11.547729
11.2 11.385364
11.2 11.398784
11.5 11.514139
11.1 11.540203
10.8447275 11.500591
13.500008 12.548575
11.70206 11.355886
11.1 11.088066
11.8 11.828597
11.2 11.203773
11.400001 11.359005
11.599999 11.501716
11.999998 11.796076
11.5 11.502594
11.2 11.23055
11.7 11.61213
11.5 11.864831
11.8 12.175329
11.1 10.490561
11.1 11.122021
11.3 11.526083
11.1 11.325565
12.299998 12.203346
11.2 11.254153
11.2 11.391907
13.899971 13.875146
11.900001 12.183125
11.1 11.221528
11.2 11.23431
11.900001 12.047608
11.2 10.662516
11.1 11.609194
11.5 11.585315
12.1 11.870413
11.599999 11.698485
11.999998 12.393239
12.299998 12.230095
11.5 11.816712
11.2 11.251255
11.2 11.3604
11.1 11.211719
11.2 11.28605
11.5 11.544039
11.900001 11.829701
11.599999 11.602516
11.900001 11.75231
11.900001 12.352075
11.8 11.831596
11.7 11.498659
11.7 11.789083
11.900001 11.762668
11.2 11.366466
11.7 11.385965
11.020819 11.174728
11.2 11.197463
11.900001 11.945016
11.8 11.774378
11.020819 10.915583
9.79897 9.629673
11.1 11.219106
11.2 11.309796
13.000009 13.613006
11.900001 11.9305725
11.1 11.422283
11.8 11.89696
11.1 11.567036
11.900001 11.874239
10.1 10.182119
10.8 11.410385
12.199999 12.014711
11.5 11.64543
11.3 11.393794
11.400001 11.443939
11.1 11.15579
11.3 11.095749
9.79897 9.670579
12.531798 10.960774
11.400001 11.477799
11.599999 11.646442
11.1 11.353589
13.999974 12.705139
11.900001 11.582392
12.299998 11.836491
11.2 11.379707
12.1 11.763758
11.8 11.779949
12.199999 12.091906
11.1 10.959741
11.5 11.594861
11.599999 11.668382
11.5 11.489421
11.8 11.74765
12.899998 12.571797
12.899998 11.899366
11.3 11.272672
10.1 10.261385
11.2 11.253349
13.000009 11.714092
11.5 11.529318
11.5 11.919365
12.299998 11.794476
10.40103 11.16734
12.40643 11.765568
11.1 11.100725
11.7 11.774359
11.999998 11.455269
11.900001 11.558444
14.847425 13.993277
11.400001 11.632103
11.999998 11.973368
11.2 11.192084
11.1 11.308461
11.1 11.103917
11.999998 11.920635
12.299998 13.4340725
11.8 11.853153
11.1 11.271889
11.5 11.483072
12.010095 11.352088
11.599999 11.772243
11.2 11.227236
11.267491 11.006731
12.101985 11.908141
12.299998 12.3645315
14.400163 14.57633
10.40103 10.732053
11.900001 11.916601
10.4 10.605383
13.500008 14.650715
11.2 11.3636
12.399998 11.474217
11.2 11.190971
12.1 12.336035
11.900001 11.879581
11.1 11.60378
11.3 11.361396
11.7 11.697514
11.1 11.20578
10.4 10.583252
12.499997 11.658633
10.1 10.252711
13.1 12.312632
11.900001 11.377804
11.2 11.170958
12.199999 12.213114
11.900001 11.296652
12.599997 12.046676
11.3 11.239484
11.2 11.31246
11.3 11.329737
11.999998 11.896001
11.599999 11.697724
11.1 10.752358
13.000009 12.987225
11.19691 11.083611
11.400001 11.327826
11.1 11.329933
13.1 13.186294
11.2 11.193243
11.3 10.9146
11.2 11.241608
11.8 11.84047
14.784246 14.212898
11.3 11.594556
10.520216 10.260208
11.8 11.963274
11.2 11.271275
11.900001 11.909648
11.581486 11.749265
11.8 11.772253
11.400001 11.389794
11.7 11.751543
11.1 11.832362
13.399989 12.6041765
11.3 11.353135
13.2870865 14.16083
11.999998 11.828522
11.5 11.584879
11.7 11.695704
11.900001 11.7248335
11.400001 11.414887
11.400001 11.491379
10.79897 10.823964
11.5 11.708714
11.3 11.425486
11.7 12.73179
11.1 11.89185
11.5 11.600117
11.40103 11.20078
12.19691 11.123349
12.329148 12.572201
10.1 11.189931
11.3 11.466989
11.900001 11.696647
10.40103 11.01751
11.1 11.359608
11.224938 11.190999
11.8 11.684062
11.599999 11.713271
10.1 9.9967375
11.2 11.330357
12.699998 12.109682
11.175305 11.240821
14.600313 12.860928
11.1 11.287653
11.900001 11.7239275
10.622879 10.551933
10.971278 10.658443
11.2 11.328413
12.699998 13.452753
11.900001 11.919623
11.1 11.187442
11.900001 11.747159
13.899971 14.033947
11.2 11.274232
11.1 11.629324
12.199999 12.175743
11.1 11.252545
12.499997 12.607393
10.953872 10.933964
13.000009 12.8983965
11.8 11.822661
12.299998 12.455189
11.5 11.436547
12.199999 11.485583
11.2 11.300467
11.8 11.46294
11.400001 11.068051
11.1 11.095935
11.3 11.406292
11.5 11.624101
11.3 11.395181
11.2 11.257564
11.1 11.365409
11.7 11.473911
11.2 11.503315
11.3 11.319212
11.8 11.815445
11.3 11.323836
11.336572 11.400433
12.299998 12.419033
11.8 11.806747
11.79897 10.829794
11.900001 11.866346
11.900001 11.943989
11.599999 11.717743
13.800057 14.161773
11.3 11.513218
11.1 11.093878
11.8 11.870058
11.5 11.555841
11.2 11.159124
11.2 11.339599
11.1 11.164964
12.1 11.922458
11.900001 12.043621
13.500008 13.349882
11.2 11.227199
11.3 11.834351
11.3 11.222378
11.5 11.471849
11.900001 11.822745
13.399989 12.433485
11.900001 11.824973
11.5 11.611974
11.900001 11.897977
10.487216 10.729645
12.699998 12.387109
12.5698 11.810791
11.7 11.801933
11.7 11.782124
11.2 11.248348
10.622879 10.469267
11.5 11.521587
12.499997 12.381644
11.3 11.476313
12.199999 11.837965
11.900001 11.782133
11.400001 11.6208725
11.757577 11.676772
11.900001 11.959413
12.499997 12.444494
10.40103 11.786811
11.7 11.730921
11.1 11.079563
11.7 11.7979
11.404665 11.182985
12.199999 12.054183
10.47675 10.364003
12.699998 13.203211
12.499997 12.079772
12.599997 11.598765
12.499997 12.165504
11.2 11.209808
11.1 11.072324
11.1 10.981297
11.8 11.781531
11.2 11.236179
11.8 11.850418
11.999998 11.716334
10.321849 10.336308
11.7 11.827071
11.599999 11.832846
11.900001 11.83536
11.900001 11.729343
11.3 11.28524
11.2 11.253035
11.1 11.12627
11.400001 11.438079
11.599999 11.6223545
11.900001 11.88668
13.699981 12.675066
11.1 11.239864
11.3 12.287175
11.2 11.183579
12.199999 11.984236
11.3 11.137808
11.999998 11.604245
11.999998 11.762477
11.5 11.42581
11.900001 11.375968
13.399989 12.935896
11.2 11.220454
11.599999 11.2963295
11.5 11.613796
12.699998 12.2773485
13.899971 12.474467
11.7 12.104956
11.599999 11.503753
11.3 11.24742
11.2 11.273637
11.654828 11.648665
14.901343 12.166733
11.599999 11.772013
11.599999 11.742801
14.901343 14.878788
11.2 13.259659
11.3 11.306486
11.2 11.295639
11.3 11.488779
11.999998 12.081246
14.1 13.4186535
11.900001 11.257097
10.4 10.408874
12.299998 12.205948
13.200015 12.345948
11.7 11.787698
11.2 11.269812
11.599999 11.738157
11.3 11.26574
11.1 11.008829
11.3 11.166259
11.599999 12.354151
11.5 11.611217
11.3 11.641622
11.2 11.348434
12.174634 12.208177
11.1 11.2978325
11.599999 11.604136
10.831188 11.145692
11.900001 11.869809
11.1 11.197391
11.900001 11.751193
11.900001 11.913677
11.1 11.065991
11.1 11.10443
12.299998 12.780164
12.199999 12.042245
11.400001 11.561206
11.900001 11.911906
11.2 11.163601
11.599999 11.694923
11.999998 12.273964
11.2 11.242108
10.40103 10.952079
11.2 11.340621
11.400001 11.472742
11.599999 11.52779
12.1 12.155371
11.274371 11.490132
11.1 11.091284
11.999998 12.463274
11.3 11.473907
11.3 11.206975
11.1 11.047467
11.8 11.781858
11.1 11.057279
11.5 11.606815
11.3 11.43931
11.2 11.358037
12.299998 12.135078
11.2 11.212605
13.600039 13.530038
11.2 11.31684
11.5 11.556927
11.1 11.174167
11.1 11.5157175
11.900001 11.564047
11.599999 11.402284
11.2 11.306662
12.299998 10.585175
11.8 11.849234
12.499997 11.945763
12.399998 12.435769
11.7 11.856815
11.3 11.425425
11.8 11.763396
11.7 11.739949
11.7 11.605367
11.2 11.196841
9.79897 10.053566
13.087163 12.813351
11.7 11.713234
11.2 11.307773
11.2 11.353385
11.900001 11.797269
12.1 11.672684
11.1 11.137834
11.3 11.293689
11.3 11.491711
11.3 11.364233
11.2 11.200005
11.400001 11.538043
11.2 11.267739
11.900001 11.898364
11.8 11.696306
11.8 11.701216
12.599997 12.888473
10.2 10.57944
11.900001 11.579043
12.499997 12.585433
12.499997 11.869144
11.1 11.226254
11.599999 11.764918
11.2 11.395281
11.2 11.3110895
13.1 12.291559
10.1 9.842078
13.299971 13.2062435
11.400001 11.584062
12.299998 11.567744
11.1 11.173152
12.375724 11.525672
11.2 11.5785885
11.3 11.480643
13.500008 13.306795
11.5 11.51183
11.5 11.838772
13.800057 13.649512
12.499997 12.350214
11.1 11.077484
10.4 10.193179
11.400001 11.421175
11.5 11.516825
11.3 11.340739
11.999998 11.4819975
11.400001 11.622448
10.700015 10.824808
12.299998 12.008763
11.8 11.856597
12.499997 11.769395
11.8 11.741602
11.5 11.489038
10.7 10.586532
12.299998 12.579907
11.900001 11.775204
11.2 11.204516
13.200015 12.757406
11.2 11.2415905
11.900001 11.924507
10.1 10.058435
14.299971 13.266162
11.999998 11.860547
11.599999 11.693842
11.1 11.163511
11.900001 11.955815
12.299998 11.764562
11.2 11.374944
11.5 11.671653
11.2 11.322143
11.5 11.605802
10.4 10.732983
11.7 11.913136
11.0 11.049933
11.2 11.32133
11.2 11.343303
10.40103 9.8677
11.1 11.122759
11.5 11.638629
11.900001 11.5029545
11.2 11.178558
11.400001 11.423403
11.1 11.021908
11.900001 11.924373
11.3 11.758007
9.79897 9.612121
11.3 11.308783
11.2 11.247938
11.2 11.231382
11.2 11.315321
11.400001 11.268031
11.1 11.343368
11.8 11.821314
11.8 11.764007
10.9 10.944211
13.200015 12.363402
10.8 10.939249
11.900001 11.945407
10.1 10.014357
11.8 11.436711
11.999998 11.743074
11.999998 12.0393
11.1 11.044284
11.599999 11.645826
12.299998 12.222879
11.5 11.596779
10.4 9.923958
11.400001 11.798355
11.2 11.291164
11.400001 11.507818
12.199999 12.135707
12.699998 11.653132
9.79897 9.836873
11.8 11.7673435
13.79897 13.745794
12.299998 11.738351
11.900001 11.908897
11.900001 11.91528
11.3 11.413675
11.1 11.154136
13.200015 11.904996
11.1 11.0422535
11.900001 11.924936
11.2 11.232919
11.900001 11.895261
11.8 11.40707
11.7 11.526617
11.5 11.562755
11.900001 12.500969
11.3 11.425365
11.2 11.263996
10.719789 10.331266
11.1 11.042728
11.2 11.314768
11.7 11.780489
9.1 8.749229
10.70206 10.771813
11.7 12.145791
11.3 11.304561
13.500008 12.499345
11.900001 11.687136
11.3 11.3151
11.400001 11.359334
11.1 11.46104
11.5 11.739297
11.400001 11.498065
13.622879 13.527953
11.599999 11.603136
13.899971 14.269106
11.3 11.386192
11.3 11.3440695
12.84958 12.728297
12.299998 11.562826
11.1 10.698343
11.7 11.658701
11.1 11.289745
12.499997 12.045702
11.999998 11.970216
11.900001 11.875854
13.800057 12.833329
11.2 11.344321
11.2 11.3720255
11.2 11.090527
12.499997 13.298849
11.599999 11.646776
13.600039 13.917793
10.1 9.871058
11.3 11.473511
12.1 11.979191
11.2 11.069437
12.799992 13.182763
11.1 11.116477
12.1 12.080625
11.5 11.580124
15.200179 14.441705
11.2 11.206427
13.1 13.014548
13.500008 13.90966
12.499997 12.187766
11.400001 11.560815
12.1 12.008658
13.000009 11.891014
11.7 11.72434
11.1 11.184853
11.7 11.725058
10.581486 10.762304
11.7 11.742616
12.1 11.83425
11.3 11.248315
12.499997 13.012377
12.1 11.878618
10.70206 10.607249
12.499997 11.769584
12.433482 10.80509
11.1 11.430323
11.0 10.704586
11.8 11.826659
12.899998 12.705289
11.1 10.864796
12.1 12.207211
11.1 11.066383
11.7 11.514065
11.400001 11.254034
11.2 11.097239
12.299998 11.971939
13.299971 13.235369
11.2 11.266006
13.800057 12.765879
11.177759 11.281891
11.5 11.451792
11.900001 12.160987
11.2 11.306869
13.299971 13.046945
11.400001 11.476773
14.700326 13.979227
11.2 11.457288
11.2 11.344162
12.799992 11.80528
11.1 11.537271
15.500117 14.453059
12.058607 12.250816
11.2 11.442146
12.1 11.851177
12.1 11.789801
11.1 11.213895
11.3 11.176794
12.699998 11.631493
12.699998 12.489444
11.900001 11.6001835
11.400001 11.425675
13.923909 14.511758
11.999998 11.871043
12.058607 11.564796
11.3 11.353883
11.2 11.605057
11.400001 11.164368
13.000009 13.801838
11.900001 11.840942
11.8 12.113526
11.400001 11.647437
11.900001 11.88521
11.8 11.783056
11.8 11.789266
11.8 11.877639
10.70206 11.083236
12.199999 12.075015
13.500008 11.800846
11.3 11.441943
11.2 11.29242
12.986056 12.980442
12.1 11.913042
11.8 11.569129
13.953872 14.15698
11.5 11.431466
11.900001 11.8983135
11.2 11.244057
11.2 11.274507
11.1 11.03793
11.8 11.736106
11.400001 11.444448
11.7 11.807727
11.2 11.192255
11.2 11.116225
11.3 11.500637
11.3 11.256823
11.5 11.5312
11.5 11.671845
11.400001 11.68079
11.8 12.059503
11.788375 11.071672
10.145758 10.049816
11.3 11.335349
11.145758 11.923629
11.7 11.298596
11.599999 11.470143
11.3 11.464533
12.899998 13.175388
13.200015 13.27438
12.1 12.924074
12.299998 11.890292
11.8 11.82739
12.546117 11.850717
12.499997 11.79657
11.5 11.518308
11.1 11.080492
11.3 11.359429
11.3 11.519567
12.1 11.734417
11.2 11.280909
11.2 11.550452
11.5 11.496203
11.5 12.13276
11.3 11.412415
11.3 11.36562
13.000009 11.977215
11.599999 11.613582
13.1 13.489319
10.40103 10.681298
11.900001 11.805419
11.2 11.191483
11.3 11.425652
11.5 11.537309
13.392429 13.385006
12.699998 11.924127
11.599999 11.754908
11.3 11.621006
11.1 11.129269
11.2 11.308413
11.3 11.281793
13.1 12.746483
11.900001 11.795414
11.599999 11.951397
12.699998 12.638973
11.1 11.198291
11.400001 11.452005
11.2 11.422571
14.700326 13.45318
11.8 11.751295
13.1 12.930901
12.799992 12.544559
11.999998 11.921903
11.329148 11.122112
9.79897 9.61874
11.1 11.234769
11.2 11.315523
11.7 11.837082
11.1 11.18587
12.599997 11.788155
11.5 11.460816
11.5 11.090475
10.668636 10.940183
11.487216 10.871389
11.400001 11.369544
11.900001 12.573099
11.900001 11.967931
11.2 11.149994
11.1 11.296508
11.2 11.243243
12.384832 12.592319
10.622879 10.684539
11.2 11.271726
14.1 14.1602745
11.400001 11.439505
11.400001 11.505536
11.900001 11.858421
11.599999 11.598266
11.2 11.311272
13.699981 12.911228
12.699998 12.294904
11.5 11.639555
11.400001 11.455211
11.900001 11.87197
11.2 12.025811
11.1 11.17403
11.180922 12.366912
11.900001 11.450871
13.1 12.511829
11.8 11.766865
11.8 11.813816
11.999998 11.7593775
11.1 11.030138
12.826416 13.253279
12.299998 11.826161
11.8 11.762528
11.999998 11.919031
11.8 11.80897
11.3 11.52191
10.70206 10.673035
12.299998 12.094413
11.1 11.201096
12.399998 13.187306
11.2 11.208487
11.2 11.271555
11.5 11.559469
11.3 11.270505
13.1 12.070938
11.3 11.340507
11.7 11.62919
10.40103 11.287122
11.2 11.336574
11.5 11.562664
14.600313 13.505692
11.900001 11.87574
11.3 11.60937
11.2 11.541585
11.599999 11.399526
11.400001 11.498502
12.299998 13.07798
12.399998 12.0091505
12.599997 12.5866995
11.3 11.421687
11.900001 11.904002
14.400163 13.711725
11.599999 11.512615
11.49794 11.424234
11.2 11.258866
11.400001 11.416151
11.106614 11.144326
11.2 11.184412
11.3 11.328041
9.79897 9.656775
11.8 11.822201
10.40103 10.28601
11.3 11.483375
12.199999 11.612546
11.2 11.18708
11.999998 11.560593
13.800057 12.223947
12.27745 12.181475
11.8 11.768081
11.2 11.189606
11.5 11.504079
11.2 11.191131
11.3 11.471768
12.799992 12.425312
11.599999 11.44034
11.900001 11.717378
11.900001 11.911826
11.900001 11.8927765
11.1 11.059853
11.599999 11.525896
11.5 11.459258
11.901343 11.896321
11.2 11.226951
11.7 11.715012
11.2 11.323205
10.3 10.121151
12.399998 11.661049
11.8 11.827582
11.900001 11.872511
12.499997 11.991265
11.2 11.170718
11.1 11.092016
11.7 11.748403
11.7 11.72637
12.799992 12.386376
11.719789 11.586631
11.400001 11.448051
11.1 11.296799
12.299998 12.495375
11.2 11.280763
11.599999 11.579353
11.5 11.693066
11.123362 11.169168
11.599999 11.671131
11.900001 11.96696
11.1 11.214993
11.821246 12.097781
11.3 11.495874
11.1 11.150838
11.400001 11.400175
11.900001 11.866395
12.899998 12.152475
13.600039 13.614931
11.900001 11.781449
11.5 11.471546
12.199999 11.520185
11.999998 11.947912
11.2 11.535016
13.000009 12.212842
11.2 11.185211
10.92333 11.179281
11.900001 11.852498
12.699998 12.224551
12.058607 11.773162
11.3 11.383917
11.999998 11.883852
11.999998 12.082331
11.5 11.632584
11.1 11.200849
11.900001 11.808316
11.8 11.8339405
11.3 11.889139
12.699998 11.95066
11.5 11.624859
12.599997 11.830957
11.900001 11.846856
11.3 11.448312
11.400001 11.208197
11.8 11.819986
11.599999 11.648337
11.2 11.497313
12.599997 12.970221
11.400001 11.475625
11.999998 11.701723
11.900001 11.891897
11.2 11.080673
11.900001 11.873656
15.600313 15.604886
14.145758 13.670295
11.7 11.655193
11.7 12.494445
11.2 11.155893
11.999998 11.979543
13.1 11.943565
11.8 11.850388
11.622879 12.907924
11.2 11.461906
11.2 11.220757
11.2 11.215058
11.3 11.14217
9.986056 9.543718
11.2 11.277139
11.5 12.268307
11.900001 11.853055
11.3 11.350098
11.900001 11.763361
12.1 11.427006
11.599999 11.8208065
13.321849 13.925445
11.1 11.090626
14.79897 14.496094
11.2 11.26829
13.821246 13.850056
11.599999 11.69235
11.999998 11.689246
12.899998 13.130136
11.400001 11.627068
11.900001 12.215584
11.2 11.171094
11.999998 12.106933
14.1 12.5613365
11.999998 12.076673
11.900001 11.8975935
11.599999 11.985895
10.40103 10.253376
11.999998 12.085862
11.999998 11.966494
11.2 11.489326
11.1 11.631407
11.5 11.623389
12.1 11.759439
11.900001 11.824814
11.19691 11.291855
11.400001 11.495622
11.2 11.340549
11.400001 11.320195
11.2 11.349381
11.1 11.109429
12.399998 12.424551
11.3 11.581277
13.500008 13.033218
10.5 10.26757
11.953872 11.973976
11.2 11.41653
11.8 11.752014
11.8 11.751988
12.499997 11.919411
11.900001 11.79102
11.8 11.49985
13.399989 12.790306
11.1 11.145076
11.2 11.379991
12.399998 12.108984
11.599999 11.6682
12.507823 11.281
11.5 11.456355
11.7 11.744809
11.599999 11.726723
14.500117 13.53929
11.900001 11.890709
11.599999 11.836947
11.999998 11.750829
12.1 13.235703
11.7 11.765645
11.599999 11.503029
11.900001 11.825474
11.212469 11.276028
14.299971 13.225337
15.79897 15.045207
11.3 11.673953
11.5 11.772387
10.40103 10.180068
10.70206 10.527951
11.900001 11.917684
12.927804 13.29323
11.1 11.481281
10.79897 11.2930155
11.900001 11.866403
11.400001 11.22166
12.199999 11.965649
13.202373 11.81692
13.999974 12.808546
12.399998 12.5039
11.3 11.250868
10.40103 10.279873
11.1 11.281094
11.400001 11.460291
11.8 11.740431
14.200179 14.421615
11.1 11.242112
11.3 11.465517
11.822364 11.747993
11.1 11.014233
11.7 11.627885
11.2 11.206486
10.1 10.05422
11.599999 11.637999
11.7 11.873509
11.7 11.879311
11.900001 11.959189
11.3 11.364428
11.400001 11.348854
11.8 11.917549
11.1 11.181484
11.900001 12.841443
11.0 11.141869
11.2 11.528102
11.1 11.678072
11.3 11.363879
12.299998 11.819413
11.3 11.416842
11.7 11.690328
11.400001 11.630912
11.400001 11.414857
11.7 11.739027
13.299971 12.528501
11.900001 11.936843
11.900001 11.85695
12.499997 12.769346
11.3 11.302811
11.900001 11.926529
13.699981 13.831387
11.900001 11.918268
11.7 11.784074
11.599999 11.654033
13.1 12.924746
11.972896 11.638876
11.3 11.4270315
11.900001 11.855697
11.5 10.963875
11.2 11.085958
11.1 11.049497
11.2 11.319647
11.5 11.466291
12.1 12.012536
12.799992 12.763332
14.145758 14.292209
11.2 11.192927
11.5 11.556437
11.599999 11.749762
13.000009 12.702181
11.5 11.633198
11.2 11.508822
11.5 11.209289
11.3 11.406273
12.599997 11.896063
10.70206 10.706482
11.5 11.54775
11.1 11.12936
11.599999 11.712104
11.1 11.1532755
11.900001 11.978446
11.8 11.756888
11.8 11.794009
11.3 11.285496
11.999998 11.936841
11.5 11.713599
11.999998 12.01533
11.900001 12.276777
11.2 11.280381
11.2 11.195875
11.900001 11.901152
11.1 11.807952
11.8 12.075893
11.8 11.88775
11.1 11.318357
11.2 11.18527
11.1 11.51007
12.199999 12.713025
11.2 11.295274
11.3 11.611419
11.3 11.258486
11.2 11.326837
11.999998 11.94547
11.2 11.320348
10.2 10.663944
12.374244 13.201401
11.2 11.453
11.2 11.065808
11.999998 11.94878
11.999998 12.7310505
11.2 11.2396345
11.599999 12.274768
11.599999 11.766272
11.5 11.556024
11.1 11.098529
11.400001 11.519192
10.901343 10.892577
11.5 10.7202835
11.599999 11.581714
11.599999 11.583577
11.900001 11.401371
11.1 11.143393
11.3 11.422029
11.8 11.773072
13.20033 13.420119
11.3 11.708671
11.3 11.295567
11.2 11.386944
11.5 11.508418
11.799998 12.345168
11.400001 11.329973
10.1 10.748407
11.999998 12.018115
11.999998 11.963828
11.900001 11.80679
11.400001 11.756496
11.5 11.246327
12.555932 12.409124
11.2 11.31586
11.2 11.178889
9.79897 9.517004
11.400001 11.514768
12.499997 11.644716
11.3 11.334979
11.2 11.288824
11.1 11.465873
11.95 11.60948
11.999998 11.970198
11.49794 12.05002
10.2 10.744587
11.3 10.881133
11.3 11.44682
11.1 11.066849
11.7 11.751253
12.1 12.378418
11.400001 11.506626
11.2 11.341074
11.599999 11.689356
9.70206 9.495265
11.900001 11.758815
11.2 11.528232
11.1 11.10239
11.3 11.628971
11.2 11.27464
11.2 11.41187
12.299998 11.99676
11.5 11.528327
11.5 11.408436
11.19691 11.502103
11.400001 11.423839
11.3 11.643292
11.900001 11.750099
10.40103 11.3295965
11.2 11.217969
11.2 11.308877
11.900001 11.861697
11.8 11.56851
11.2 11.31512
11.999998 11.957585
12.89588 12.560587
12.699998 11.233403
11.2 11.285845
11.999998 11.8885355
13.000009 12.419795
11.8 11.806703
11.2 11.5251665
11.1 11.474872
11.900001 11.8081455
11.5 11.501955
11.3 11.427647
12.299998 12.069708
11.599999 11.809531
11.1 11.256188
11.2 11.301576
11.599999 11.948497
11.5 11.638473
11.5 12.041291
11.999998 12.5096035
12.199999 11.276006
11.599999 11.622652
11.5 11.472044
11.1 11.173249
13.622879 14.121557
11.7 11.706115
13.1 12.673814
11.89588 11.585699
11.3 11.578202
11.3 11.280502
12.799992 12.849935
11.999998 12.0674095
13.999974 14.32747
11.5 11.539444
12.299998 12.094449
13.79897 14.27614
10.79897 11.113976
11.2 11.2233715
11.3 11.350503
11.2 11.261503
11.3 11.4193325
11.2 11.238069
11.3 11.340874
11.0 10.629434
13.200015 13.346817
10.1 9.966821
11.3 11.419134
11.900001 11.815513
11.400001 11.387474
11.2 11.528353
11.900001 11.867287
11.2 11.283482
11.3 11.132194
11.543697 11.895085
11.7 11.66876
11.900001 11.665237
11.1 11.430423
11.900001 12.056042
11.3 11.339279
11.999998 11.194997
11.2 11.504523
11.993028 11.260306
13.899971 14.0395775
11.2 11.321695
14.1 13.857195
13.500008 13.334769
11.900001 11.971107
11.1 11.041169
11.599999 11.665968
10.1 10.3403225
11.2 11.168727
11.1 11.30172
11.1 10.879367
12.199999 11.998204
11.7 11.758163
12.399998 12.607894
11.2 11.193726
10.622879 10.43466
13.600039 11.937573
13.000009 11.994894
11.108774 11.166887
10.3 10.515109
11.665578 11.633393
10.622879 9.717349
11.3 11.37606
11.3 11.471449
11.3 11.609469
11.8 11.791866
11.5 11.5435505
11.8 11.837529
11.900001 11.882446
11.900001 11.873163
11.2 11.226609
11.1 11.250362
11.3 11.543307
11.8 11.867239
11.3 11.417996
11.1 11.346499
11.1 11.098579
11.5 11.538039
10.738272 10.7294445
11.8 11.1215925
11.8 11.801611
11.0 10.987114
11.3 11.442909
13.777781 13.511462
12.899998 13.738667
11.2 11.316715
11.900001 11.877021
13.899971 12.443189
11.1 11.153679
11.2 11.248695
12.719789 12.16436
11.5 11.590182
11.599999 11.578964
11.2 11.2345705
11.242667 11.571443
10.79897 11.782568
11.900001 11.380245
11.3 11.589189
11.8 11.882829
11.900001 12.102721
11.999998 11.99391
12.499997 12.505538
11.5 11.554224
13.500008 13.351499
11.7 11.823578
11.2 11.284441
12.299998 12.20157
11.1 11.174313
11.900001 11.875408
11.2 11.14322
14.299971 13.890979
11.900001 11.818583
12.759556 13.516868
11.2 11.463273
11.999998 11.758731
11.8 12.064238
11.599999 11.672386
11.8 11.793572
11.3 11.796263
11.622879 11.320656
11.95 12.156373
11.8 12.05663
11.999998 11.932459
11.900001 11.624905
11.1 11.525196
13.200015 13.61236
11.5 11.415918
11.3 11.309681
11.549999 11.873074
12.399998 12.381545
13.800057 12.358228
11.5 11.601826
11.7 11.744678
11.2 11.323115
11.7 11.759806
11.5 11.513036
13.399989 13.27712
11.1 11.321482
11.8447275 11.296637
12.199999 12.18354
12.299998 12.083291
11.3 11.39788
11.1 11.048228
12.299998 11.747873
11.1 11.147151
9.79897 9.753653
11.3 11.397603
11.599999 11.7913475
11.1 11.161799
15.299971 14.914172
11.599999 11.557349
11.1 11.269352
11.400001 11.478087
9.79897 9.647754
11.2 11.167457
14.668636 14.852486
11.900001 12.1050825
11.7 11.68518
11.2 11.213567
11.058607 10.746407
13.399989 12.462705
13.986056 13.984976
11.2 11.145792
11.999998 12.539323
10.1 10.170357
11.2 11.640444
12.788246 12.764748
11.599999 11.893816
11.400001 11.323684
10.40103 10.453873
12.299998 12.342885
11.3 11.35812
11.1 11.269983
11.900001 11.92148
11.400001 11.512621
11.8 11.913056
11.3 11.562291
12.199999 12.004398
11.900001 11.8939295
11.900001 11.96105
11.8 11.764202
15.254902 14.757652
11.2 11.241564
13.299971 13.773674
11.5 11.559106
11.2 11.223283
11.1 11.315515
12.399998 12.875613
12.799992 12.436947
11.2 11.1986065
11.1 11.18664
11.2 11.305051
12.599997 12.621204
11.999998 11.859323
13.999974 13.720358
11.900001 11.892566
12.299998 11.955885
11.999998 11.685179
11.2 11.428403
11.3 11.281519
11.1 11.482898
12.1 11.820387
11.900001 11.901399
11.79897 11.588698
11.3 11.44114
11.1 11.081069
11.400001 11.507648
11.1 11.715719
11.1 11.144434
11.8 11.811763
11.400001 11.402621
11.8 11.42841
11.2 11.418579
11.599999 11.67048
10.2 10.280858
13.500008 13.075419
11.1 11.35384
11.2 11.275563
11.900001 11.928295
11.999998 11.925049
11.1 11.205986
11.7 11.750407
11.900001 11.9018545
11.2 11.287492
11.400001 11.450532
11.900001 11.987406
11.599999 11.831028
11.999998 11.956415
11.901343 11.854696
12.799992 12.785532
11.7 11.691509
11.8 12.187434
11.2 11.416369
11.2 11.323288
11.2 11.304528
11.599999 11.535349
11.1 11.323581
11.8 11.745178
11.8 11.842004
12.299998 12.176515
11.2 11.248718
11.900001 11.893626
11.8 11.54656
11.999998 12.419757
11.5 11.748249
12.699998 11.648577
11.7 11.674317
11.8 11.799225
11.900001 11.842547
10.49794 10.498478
13.314671 11.678952
11.5 11.69748
11.1 11.078056
11.900001 11.873487
11.400001 11.438558
10.520216 10.439628
11.8 12.480129
11.2 11.379709
14.400163 14.251766
11.40103 11.427325
14.500117 13.792817
11.1 11.524445
11.900001 11.942371
12.299998 11.808703
11.1 11.227645
11.5 11.714483
12.299998 12.7642975
12.899998 12.3338
11.2 11.300506
11.3 11.227072
13.600039 13.982791
11.336572 11.291693
11.2 11.264866
12.399998 11.48671
11.400001 11.544845
11.2 11.201792
11.1 11.247994
11.3 11.315625
11.446788 11.339524
11.599999 11.767834
13.1 12.9718
12.499997 12.272571
11.2 11.372969
11.3 11.546467
11.599999 11.619516
12.599997 11.9201
11.8 12.476587
11.5 11.604153
11.45 11.342761
11.1 11.136038
11.2 11.16639
11.2 11.236307
11.2 11.251005
11.1 11.135243
12.299998 12.945308
11.1 11.168277
11.599999 12.398515
11.3 11.491385
9.79897 9.672381
11.1 11.209362
13.200015 11.691847
11.5 11.637992
11.2 11.142661
11.3 11.304549
11.3 11.392027
11.7 11.748634
12.499997 12.851014
11.953872 11.591338
11.7 12.571426
12.0 12.42411
11.239147 11.509455
11.1 11.181279
11.7 11.766828
12.010408 12.011336
12.499997 12.765192
13.864471 14.305477
11.7 11.681063
10.40103 10.385848
11.2 11.195193
11.3 11.244823
13.986056 13.553781
11.999998 11.951401
11.599999 11.7602825
11.7 11.604748
11.2 11.279223
11.1 11.156362
11.999998 11.767735
11.1 11.066908
11.1 11.166725
11.7 12.08361
11.2 11.322667
9.508935 9.446848
11.999998 11.907608
11.3 11.451223
12.418758 12.3224535
11.719789 11.6662
11.3 11.352612
15.480535 15.192213
11.5 11.543239
11.5 11.317308
14.200179 13.707668
11.5 11.587031
11.3 11.3995
12.199999 12.509022
11.2 11.306478
11.8 11.876289
11.5 11.599801
11.1 11.112249
11.999998 12.057582
11.8 11.546214
11.2 11.0237665
11.1 11.130133
11.1 11.101631
11.1 11.065371
11.5 11.160564
11.3 11.707948
15.456548 12.925256
12.699998 11.188451
11.2 11.203723
11.900001 11.815906
12.1 11.828416
11.400001 11.193733
11.2 11.472667
11.2 11.513214
12.19691 13.384611
13.000009 11.914944
11.5 11.58562
11.8 11.623395
11.2 11.346134
11.8 11.409588
11.400001 11.394874
12.299998 12.1745205
11.1 11.2170925
12.699998 12.735802
12.299998 12.126294
11.40103 11.1378565
12.199999 12.114739
13.000009 11.826729
12.799992 12.250249
11.111138 11.068751
11.999998 12.028934
9.923909 9.638781
11.7 11.759946
11.2 11.2070675
11.900001 11.84368
11.400001 11.630747
11.1 11.284948
13.200015 11.71978
11.400001 11.449193
11.5 11.564468
11.400001 11.544193
11.400001 11.318962
12.192825 12.007499
11.999998 12.897902
11.400001 11.32319
13.600039 12.394085
11.2 11.2978
11.1 11.29644
14.901343 13.966801
11.2 11.336835
11.5 11.463705
11.2 11.268529
11.400001 11.436087
11.7 11.695498
11.8 12.234898
11.900001 11.810487
12.799992 13.273839
11.2 11.331541
11.900001 11.833711
11.1 11.361296
11.2 11.280462
13.500008 13.140474
11.711954 11.624629
11.1 11.026142
13.1 13.3579645
11.900001 11.916608
11.900001 11.812295
12.958547 12.635948
11.1 11.194827
11.2 11.33009
11.3 11.28354
10.9 11.4177
10.79897 10.873244
11.5 11.13348
14.8447275 14.885563
11.8 11.911326
11.1 11.13141
13.500008 13.782285
11.7 11.729298
11.254902 11.533913
11.8 11.967698
11.1 11.431657
11.2 11.21287
11.1 11.149482
11.2 11.282418
10.1 10.003154
11.8 11.85122
11.400001 11.3998
11.2 11.081356
14.508935 14.118113
11.1 11.240582
12.599997 12.6098
14.1 13.671485
11.3 11.366945
11.7 11.870883
9.40103 9.318936
11.999998 11.931008
11.3 11.387843
11.212469 11.259489
11.5 11.504968
10.1 10.155383
12.599997 13.068247
10.839154 12.190641
11.7 11.59296
11.2 11.319087
11.900001 11.925677
11.8 12.002521
11.3 11.415821
11.3 11.238944
11.7 11.737793
11.1 11.569281
11.2 11.754004
12.499997 12.344331
14.500117 13.964012
14.40103 14.651187
15.1 13.907467
11.2 11.171659
11.7 11.739619
12.1 12.385904
11.3 11.399266
9.893174 9.911008
11.8 11.910376
11.599999 11.702268
11.5 11.903217
11.900001 11.876098
12.199999 11.879791
11.900001 11.949414
11.2 11.283152
11.1 11.173967
11.1 11.253129
12.06041 11.166122
11.2 11.286308
11.2 11.309943
11.1 11.22547
12.499997 12.689043
11.599999 11.617228
11.900001 11.847893
11.2 11.287781
12.699998 11.759987
10.622879 10.508781
11.8 11.128244
11.8 12.6739855
11.7 11.576015
11.599999 11.751637
13.699981 13.281214
11.1 11.271473
12.543697 12.478836
12.199999 11.653188
11.1 11.169624
11.400001 12.152366
11.900001 12.0225315
11.1 11.333788
13.011954 13.399647
12.699998 11.910032
11.2 11.390898
11.400001 11.4383545
11.900001 11.914458
11.5 11.570654
13.1 13.080983
11.8 11.78813
11.900001 11.834364
11.3 11.348142
12.993441 11.95205
11.900001 11.57919
11.900001 11.909651
11.2 11.236188
11.2 11.156959
11.900001 11.938136
11.900001 11.845402
12.821246 12.265125
11.2 11.399147
12.434419 12.615636
12.899998 12.168418
11.8 11.840798
12.199999 11.65596
11.400001 11.379694
11.2 11.208814
11.599999 11.648681
11.3 12.012807
11.7 11.7664795
12.799992 12.234362
11.2 11.314799
11.459518 11.860098
11.2 11.120148
11.1 11.084153
11.7 11.980639
12.799992 12.2449465
11.400001 11.43005
11.3 11.306158
11.7 11.69686
9.79897 9.619409
11.599999 11.508472
11.1 11.183436
11.534152 10.901132
11.3 11.57305
12.499997 12.48005
11.8 11.837252
11.8 11.795061
11.900001 11.902843
11.7 11.85836
11.5 11.62534
11.400001 11.692725
11.1 11.182454
12.299998 13.077737
12.199999 11.553153
12.199999 11.944294
11.599999 11.664084
11.999998 11.956032
11.400001 11.419426
12.923909 11.259044
12.058607 11.602096
13.699989 13.613525
13.000009 12.834048
11.1 11.09692
11.2 11.273566
11.2 11.198192
13.1 12.774132
11.2 11.345471
10.2 10.684749
11.400001 11.397754
11.1 11.138691
11.3 11.367821
11.8 12.03033
11.1 11.363498
11.2 11.390176
11.1 11.142844
11.900001 11.908539
12.1 11.72339
11.900001 11.907009
11.900001 11.901385
10.70206 10.664404
12.1 12.040605
11.8 11.792676
10.622879 10.830527
12.1 12.905984
11.2 11.166668
11.2 11.301536
11.900001 11.896906
13.1 12.963657
11.7 11.758358
11.5 11.533844
12.466532 10.690718
11.599999 11.243156
11.2 11.332432
11.1 11.348531
11.2 11.167057
11.40103 11.452555
11.400001 11.453509
11.1 11.0948105
12.699998 12.840259
11.400001 11.277513
11.900001 12.752881
11.165502 11.343374
13.299971 13.630621
10.7 10.378227
11.8 11.719879
11.1 11.137949
11.1 11.146864
11.8 11.956187
9.79897 9.602684
9.986056 9.6526985
11.2 11.310126
11.7 11.587096
11.2 11.337719
12.078811 11.275761
12.1 11.311369
12.299998 12.024854
12.199999 12.004462
11.1 11.168184
11.3 11.556046
11.900001 11.878743
11.2 11.252542
11.1 11.219996
11.400001 11.4186
15.200179 14.524352
10.446788 10.563345
12.1 11.716211
11.7 11.788372
11.5 11.48981
11.1 11.275148
12.499997 12.5189
11.7 11.745894
11.900001 11.9201765
11.3 11.33725
12.299998 11.540088
11.999998 12.010498
11.5 11.494377
12.723423 11.34402
12.199999 11.819868
14.1 13.320601
11.900001 11.870151
11.599999 11.605091
12.1 11.772345
11.5 11.652003
10.622879 10.770359
11.2 11.332597
11.2 11.287321
11.2 11.219595
11.400001 12.405792
11.8 11.808556
10.6 10.509424
11.999998 11.896758
11.7 11.891353
11.1 11.157663
11.2 11.2203
12.599997 12.253458
12.899998 12.493023
11.900001 11.896273
11.7 11.925342
11.2 11.302084
11.5 11.885302
11.999998 11.371708
11.5 11.387587
11.8 11.765627
11.2 11.270192
11.599999 11.649912
10.89588 10.854502
11.2 11.016124
11.999998 12.060416
11.3 11.458841
11.599999 11.597627
12.899998 12.688081
11.49794 11.973178
13.299971 13.261293
10.1 10.05348
13.600039 14.189831
11.2 11.302389
11.400001 11.5006485
11.1 11.128713
12.899998 11.238555
11.900001 11.880578
11.400001 11.245951
11.8 11.912253
12.399998 11.5510845
11.1 11.095091
11.1 11.097294
11.599999 11.651066
11.5 11.527119
11.1 11.1105795
11.2 11.210429
10.79897 10.122163
11.7 11.776251
11.3 11.658865
12.399998 11.691047
11.1 11.150885
11.8 11.824266
11.599999 11.630031
11.8 11.744103
11.0 10.429878
13.47675 13.631229
11.5 11.612227
11.5 11.576801
11.5 11.629729
11.5 11.479236
11.599999 11.631993
12.49794 12.520437
11.0 11.375918
13.145758 12.78913
12.199999 12.230753
12.1 12.250996
11.8 11.832019
11.2 11.264391
12.555932 13.145993
11.5 11.881728
11.2 11.151031
11.3 11.413408
11.3 11.3374815
11.900001 11.792945
11.599999 11.483465
11.3 12.0160475
11.2 11.274076
11.7 11.926893
11.1 11.199519
11.5 11.569743
11.5 11.5625105
11.8 11.854661
11.1 11.62162
12.1 11.861983
11.8 11.8176565
11.5 11.639427
11.7 11.791291
11.999998 11.963585
11.3 11.3817215
13.699981 14.010313
10.1 9.914431
11.3 11.051969
15.117729 14.9216385
10.40103 10.924267
11.3 11.386359
11.5 11.444834
13.999974 13.700066
11.1 11.1840925
11.999998 11.5515785
11.3 11.173522
12.799992 12.806053
11.8 11.876985
14.200179 12.924679
12.399998 11.755477
12.899998 12.640809
11.999998 12.059632
11.1 11.161845
10.40103 10.4981985
11.2 11.168343
11.2 11.198999
11.2 11.228024
12.299998 12.111019
11.8 11.750935
13.500008 14.100311
11.400001 11.403901
10.79897 11.836109
11.900001 12.01839
11.400001 11.965432
11.5 11.2946415
11.1 11.353902
11.3 11.363869
11.1 11.104178
10.4 10.447299
11.3 11.339243
11.900001 11.835006
11.2 11.266891
11.2 11.348407
11.2 11.276437
12.1 10.79993
12.499997 11.985006
11.7 11.699187
11.400001 11.282041
12.199999 11.849542
11.1 11.108515
11.2 11.334344
11.999998 11.872202
11.900001 12.033564
11.5 11.579344
11.599999 11.562641
11.5 11.509151
13.299971 13.657127
11.3 11.357578
14.999629 14.972064
11.7 11.779516
11.1 11.569592
11.7 11.724575
10.622879 10.621565
11.901343 11.851747
11.1 11.272916
10.1 12.316077
11.7 11.689122
11.400001 11.413404
11.900001 11.793502
12.300659 12.423068
12.299998 11.561543
10.7 10.313202
11.7 11.4146385
11.8 11.575108
11.7 11.967361
11.3 11.291266
11.7 11.730891
11.2 11.293957
11.400001 11.5089
11.599999 11.506111
11.3 11.2764
11.999998 11.960095
11.7 11.733162
11.2 11.251218
11.8 11.792567
10.4 10.151507
11.2 11.279578
11.043335 11.1207285
10.8 10.481458
12.499997 12.09279
11.900001 11.768124
11.900001 11.905645
11.2 11.219848
11.900001 11.784523
11.19691 12.604003
11.2 11.132095
11.1 11.008356
13.699981 13.539244
12.199999 11.879555
11.400001 11.402357
11.822364 11.829251
13.500008 13.215508
11.599999 11.590645
13.999974 12.067696
14.500117 14.222001
11.3 11.4998045
11.8 12.0076885
11.3 11.314125
11.1 11.138175
11.7 12.020545
14.700326 14.196331
11.5 11.601672
14.200179 14.095633
11.7 11.733965
11.1 10.961277
11.900001 11.8615
11.3 11.531096
13.800057 14.030738
11.2 12.313284
11.49794 11.231031
11.5 11.504258
11.900001 11.686212
11.3 11.30834
10.8 10.730919
11.400001 11.470065
11.1 11.239696
11.7 11.663793
10.40103 10.709202
11.900001 12.277391
11.999998 11.601452
11.2 11.453385
13.500008 12.430563
11.5 11.481982
11.058607 11.193635
11.900001 11.767208
11.900001 11.934841
11.3 11.357407
11.2 11.228491
11.2 11.1666155
11.900001 11.89644
12.399998 11.858034
11.5 11.582408
11.900001 11.756282
10.4 10.573265
11.2 11.207524
11.900001 11.86851
11.599999 11.995538
11.2 11.445627
11.900001 11.946516
11.2 11.346352
11.5 11.576425
11.900001 12.022781
11.3 11.407936
12.199999 11.856238
11.999998 12.054003
11.5 11.581723
11.400001 11.394442
11.5 11.570277
12.251195 11.060412
13.555932 12.917005
12.399998 11.83321
11.581486 12.176821
12.399998 12.062713
11.2 11.253488
12.685027 12.755608
11.2 11.309508
11.7 11.730898
11.2 11.228472
12.499997 11.703971
11.1 11.106048
12.699998 12.768118
11.1 11.198239
11.2 11.245989
11.599999 11.564126
11.900001 12.48757
11.7 11.528696
11.900001 11.921642
12.899998 12.816285
11.900001 11.7945795
11.900001 11.895255
12.1 11.942531
11.599999 11.652603
11.3 11.600348
11.2 11.218498
11.7 11.624397
11.8 11.7919235
11.7 11.876204
11.900001 12.065302
11.5 11.414703
10.7 10.615539
13.899971 13.554416
11.5 11.587353
11.2 11.2825365
14.200179 13.747419
13.600039 12.212212
11.2 11.174574
12.199999 11.985032
11.999998 12.054612
11.900001 11.942318
11.821246 12.172068
11.2 11.323198
12.399998 11.577614
11.999998 11.685729
11.2 11.349802
11.5 12.194921
10.40103 10.218582
11.1 11.57982
12.599997 11.908004
11.900001 12.6877
11.599999 11.630343
11.3 11.4029665
11.7 11.627854
11.599999 11.768696
12.199999 12.036333
11.1 11.081804
11.5 11.502525
11.2 11.184503
11.2 11.29444
11.8 11.785436
13.699981 13.5612335
11.900001 11.84208
11.7 11.637789
11.3 11.372975
11.900001 11.84529
12.1 11.330765
11.2 11.240352
12.1 11.927835
11.5 13.148615
11.8 11.410906
11.2 11.564399
11.1 11.457621
11.3 11.272904
11.7 11.737481
15.79897 11.4268875
11.1 11.074611
11.400001 11.449179
10.1 10.119768
11.49794 11.623078
11.2 11.686314
11.2 11.188934
11.599999 11.924576
11.2 11.512605
11.392429 11.575031
11.7 11.827791
11.2 11.69745
11.900001 11.523983
11.8 11.738967
11.3 11.804631
11.7 11.560205
11.7 11.535511
11.555932 11.025678
11.999998 11.982091
11.999998 11.904593
11.3 11.351537
11.7 11.913423
11.599999 11.341006
11.8 11.436559
11.8 11.791826
12.499997 12.338633
11.3 11.391476
11.2 11.213319
11.3 11.320151
12.199999 12.038814
13.000009 12.965166
11.3 11.554765
11.7 11.88951
11.1 11.285445
11.5 11.4887085
11.5 11.595662
11.900001 11.214587
11.900001 11.973343
11.2 11.450645
11.2 11.266933
11.900001 11.949546
11.599999 11.53099
11.5 11.509485
11.2 11.333425
11.2 11.1460905
12.399998 12.040879
11.5 11.6170635
12.058607 12.069085
11.400001 11.735935
15.400163 15.643599
11.2 11.437909
11.999998 12.237942
11.5 11.412279
11.599999 11.767674
11.599999 11.542559
11.900001 11.980842
11.900001 11.657606
11.5 11.827381
10.1 11.486624
11.900001 11.857269
10.40103 10.888244
11.1 11.137448
11.900001 11.855545
11.400001 11.467864
11.900001 11.864263
11.2 11.20023
11.2 11.36061
13.299971 13.059949
11.999998 11.947445
11.400001 11.353145
11.3 11.502077
11.1 11.01214
12.499997 11.939233
15.1 14.093004
11.2 11.332317
10.7 10.466555
11.8 11.67956
11.5 11.785138
11.8 11.808404
14.40103 15.300997
11.2 11.388253
12.199999 12.687983
11.400001 11.491995
11.3 11.3489485
11.0 11.030896
11.3 11.603644
11.599999 12.281231
11.900001 11.88753
11.1 10.923357
11.8 11.808949
11.7 11.752777
11.1 11.144155
11.400001 11.414128
11.900001 11.904724
11.2 11.186051
11.2 11.431359
11.400001 12.181311
15.299971 14.907542
11.3 11.233972
11.7 11.810446
11.400001 11.492254
11.400001 11.412659
11.5 11.47385
11.1 11.415646
11.5 11.515053
11.1 11.213266
11.900001 11.767559
10.2 10.434259
12.599997 12.712612
12.699998 11.94432
11.1 11.224132
12.899998 11.656346
11.3 11.442336
11.2 11.414247
11.3 11.569798
11.49794 11.543884
11.900001 12.058875
13.409894 13.031418
11.8 11.500067
11.1 10.994126
12.1 11.952683
11.900001 11.83564
11.2 11.240846
11.75 11.650609
11.1 11.288598
11.3 11.324426
12.499997 12.097263
10.40103 10.755578
13.1 13.170615
11.1 11.321792
11.3 11.550699
11.400001 11.592913
11.999998 11.432931
11.2 11.386975
11.2 11.392563
11.1 11.185119
14.145758 14.850299
12.699998 11.764603
13.1 11.70958
11.7 11.667247
11.599999 11.201123
11.2 11.185918
12.499997 12.238127
11.2 11.323738
11.1 11.204374
11.2 11.216133
11.999998 11.786057
11.5 11.575381
11.900001 11.846377
11.3 11.369526
11.400001 11.37252
11.900001 11.890403
10.79897 10.249429
11.8 11.738671
11.400001 11.460958
11.2 11.305959
11.1 11.308498
13.299971 13.315964
11.2 11.266968
11.3 11.355224
11.900001 11.870332
11.2 11.188982
13.800057 13.948921
11.2 11.176259
12.460513 12.446919
11.5 11.693583
12.321849 10.8091345
10.1 10.580472
11.1 11.122237
11.5 11.795553
11.5 11.387145
11.2 11.400881
11.7 11.810551
11.7 12.46052
11.3 11.37516
11.2 11.299069
10.70206 11.16142
11.1 11.156172
10.9 11.07061
12.499997 12.851686
11.5 11.849572
11.2 11.220096
12.899998 13.347698
11.2 11.205062
11.2 11.303466
10.1 10.662165
11.2 11.244044
11.599999 11.517761
10.4 10.387836
14.600313 13.374208
11.7 11.751845
11.900001 11.757111
11.2 11.304895
10.5 10.691933
11.7 11.7315645
13.000009 11.9261675
11.2 11.253827
14.869551 14.995993
11.2 11.255957
12.49794 11.240755
12.899998 12.687545
11.1 11.180045
11.2 11.29409
13.200015 13.437589
11.8 11.876837
13.500008 13.168831
12.699998 12.380123
11.2 11.351057
11.400001 11.510575
11.2 11.352194
12.799992 12.140785
13.200015 11.890864
11.1 11.5162
11.89588 12.590723
11.1 11.127393
11.900001 11.96313
11.5 11.573512
12.599997 11.746895
13.800057 13.491481
11.923909 11.45468
11.5 11.444475
11.2 11.250681
11.2 11.225943
10.49794 10.342559
12.953872 12.344633
11.3 11.389933
11.999998 11.607091
11.1 11.125143
10.418758 10.272175
11.1 11.194265
12.499997 12.083282
14.1 13.765299
11.7 11.70861
12.499997 12.14535
13.500008 13.213241
11.8 11.866623
11.599999 11.6167755
11.7 11.734634
12.199999 11.49679
11.599999 11.099312
12.299998 12.040574
11.8 11.80506
14.299971 13.810957
11.1 11.267833
13.600039 12.8371525
11.900001 11.902578
13.986056 11.867562
10.1 10.016764
11.5 11.574339
13.465243 10.813533
11.400001 11.435152
11.400001 11.44935
11.900001 11.791655
11.599999 11.572338
11.999998 11.880879
12.899998 12.426383
11.2 11.292584
11.115759 11.320904
12.699998 12.08481
11.5 12.150814
11.900001 11.747618
11.5 11.532468
11.3 11.375207
12.699998 11.822593
11.900001 11.924107
12.953872 12.935278
11.8 11.736408
13.899971 14.41305
11.2 11.147555
11.8 11.386687
14.600313 13.957672
11.2 11.319773
11.999998 11.858029
11.711954 11.633625
11.900001 11.9340315
11.900001 11.876182
10.1 10.043217
12.399998 11.881841
9.622879 9.80114
11.2 11.229875
10.70206 10.695644
12.1 12.472948
10.1 10.12034
11.599999 11.455136
11.3 11.580134
11.900001 11.871516
12.699998 12.81402
13.299971 12.799431
11.599999 11.57455
11.2 11.211712
11.400001 11.409138
11.1 11.3308325
12.399998 11.871149
11.3 12.614545
11.599999 11.664795
11.7 12.509815
11.400001 11.654572
13.622879 13.61481
12.199999 11.844958
11.599999 11.778299
11.5 11.581035
11.999998 12.102921
14.1 13.719262
12.699998 13.019757
11.2 11.384622
11.900001 11.991737
12.54855 13.153655
12.399998 12.12368
11.2 11.274991
11.900001 11.867179
11.5 11.719344
11.900001 11.814846
12.399998 11.890874
11.8 11.809667
10.89588 11.39161
12.299998 12.161338
11.1 11.305052
11.1 11.132576
11.599999 11.665102
13.1 12.636769
12.299998 11.9716
11.2 11.244129
11.7 11.728292
11.2 11.792423
10.3 10.5450325
11.999998 11.9229
11.2 11.380464
11.7 11.679771
11.2 11.090394
11.2 11.191456
13.622879 13.582957
11.8 11.642874
11.400001 11.346567
13.214758 12.61233
12.175721 12.857264
13.1 11.792009
11.1 11.348783
11.2 11.155452
11.8 11.752603
6.1 4.6026406
9.506714 9.243365
11.400001 11.610279
13.1 12.829438
10.4 10.765385
11.400001 11.430379
12.078811 11.818247
11.999998 11.894619
11.8 11.7831745
11.599999 11.678877
10.958237 10.751091
11.5 11.630319
12.299998 12.0744705
11.5 11.665591
14.8447275 14.135503
11.900001 11.899771
11.2 11.256267
11.400001 11.519449
11.7 11.723181
12.199999 12.017096
11.999998 12.064469
10.1 10.193369
12.499997 12.096578
11.400001 11.422896
11.2 11.319582
10.4 10.370454
12.599997 12.650311
11.900001 11.663945
11.2 11.308757
12.399998 12.121499
11.900001 11.929838
11.2 11.253051
11.1 11.157566
11.900001 11.887245
11.900001 11.825205
14.299971 13.045602
11.2 11.396189
11.2 11.307951
15.49794 15.375309
11.058607 11.001948
11.599999 11.702008
11.599999 11.614557
11.5 11.487306
11.5 11.608182
11.999998 11.875764
11.599999 11.854419
14.400163 13.306992
13.000009 12.483362
11.1 11.1176605
15.299971 15.211362
11.599999 11.590613
11.2 11.271686
10.622879 10.547537
11.1 11.164808
11.2 11.523936
9.79897 9.555658
11.5 11.352264
11.900001 11.823496
11.2 11.252724
13.1 13.629589
11.599999 11.552657
12.1161 11.276299
11.2 11.24689
11.7 11.7569895
10.1 9.995825
11.2 11.29444
11.5 11.36341
11.8 11.736831
11.1 11.311134
10.622879 10.314553
11.1 11.181388
11.1 11.146373
11.599999 12.349752
12.1 11.28464
11.2 11.238195
11.2 11.200924
11.2 11.447519
10.2 10.338861
11.599999 11.7462015
11.3 11.434739
11.3 11.473425
12.499997 13.295858
11.1 11.175139
11.8 12.20832
12.199999 11.6896305
12.199999 12.245933
11.5 11.709881
11.822364 11.828015
11.7 11.796126
11.599999 12.150264
11.5 11.730882
11.400001 11.45352
12.599997 11.857749
12.699998 12.406984
11.5 11.448718
12.199999 12.270433
11.2 11.398312
11.5 11.390709
12.499997 12.232517
11.5 11.587791
13.47675 13.575246
12.799992 11.643435
11.8 11.805662
13.600039 13.868874
11.900001 11.980625
11.400001 11.953384
13.000009 13.026601
11.2 11.29673
12.199999 11.628621
11.1 11.113598
11.2 11.338083
11.3 11.347452
11.1 11.172642
13.1 12.963246
9.79897 9.635255
12.299998 12.294838
13.600039 13.406209
12.199999 11.834332
11.1 11.072146
12.199999 11.994896
11.400001 11.464694
11.400001 11.516059
12.299998 12.508382
11.7 11.423481
12.799992 12.899729
11.2869625 11.473378
11.815606 13.407166
11.1 12.087832
11.5 11.540415
11.599999 11.667889
12.399998 12.404439
11.400001 11.467115
12.399998 12.431411
11.7 11.762378
11.3 11.3576975
12.1 12.622525
13.800057 11.278052
11.7 11.570268
10.79897 10.928916
11.5 11.300114
11.999998 11.772201
11.1 11.148423
11.999998 11.847621
11.1 11.410269
11.900001 11.855029
11.622879 11.081723
11.400001 11.456318
11.1 11.308481
11.900001 11.794704
11.3 11.279257
10.3 10.986826
10.4 10.5530615
10.5 10.53048
14.145758 14.355708
10.1 10.440199
11.900001 12.071047
11.1 11.079892
11.400001 11.850521
11.900001 11.875881
11.7 11.749017
11.1 11.261173
11.3 11.262153
12.248742 13.720933
10.70206 10.65887
12.199999 11.656929
12.299998 12.463703
11.900001 11.944597
11.3 11.3816185
11.303734 11.359271
11.900001 12.048029
13.180922 12.413902
11.5 11.556386
11.1 11.205074
11.2 11.206797
10.1 10.109062
11.2 11.503024
11.207906 10.698787
11.900001 11.986559
11.2 11.294613
11.2 11.787818
11.1 11.092607
11.400001 11.420214
11.3 11.283607
11.5 11.576637
11.8 11.85256
11.2 11.229278
14.200179 13.736898
11.1 11.370601
11.5 11.274132
11.5 12.2286625
10.9 11.781611
13.200015 11.815664
12.799992 11.909191
12.499997 13.009631
11.599999 11.681214
10.2 10.776584
11.8 11.901928
11.2 11.238487
11.8 11.758014
11.900001 11.890449
11.2 11.347683
10.186186 10.118563
13.399989 13.112338
11.5 11.524299
11.1 11.153035
11.5 11.50885
11.1 11.127927
11.2 11.265137
11.1 11.2994375
12.199999 12.0881405
11.1 11.19116
11.1 11.013527
12.499997 12.698451
11.5 11.5503645
12.199999 12.700155
11.1 11.314797
11.1 11.064152
11.5 11.605537
12.799992 11.590697
11.2 11.962146
12.1 12.061838
11.900001 11.964062
12.418758 12.25258
11.3 11.348644
11.3 11.338976
11.400001 12.055711
12.399998 11.929433
11.999998 12.160093
11.5 11.638795
11.2 11.433865
12.499997 12.266016
11.1 11.019729
10.79897 10.75274
11.3 11.219726
11.2 11.218087
11.2 11.307858
11.999998 12.606069
11.1 10.876786
11.1 11.254686
14.901343 14.789452
12.699998 12.37147
12.199999 12.204651
10.79897 10.594857
11.2 11.929771
11.1 11.065986
11.599999 11.504093
11.1 11.277916
11.1 11.252048
11.599999 11.6493845
12.599997 12.158873
12.199999 12.002733
11.7 11.704471
11.900001 11.874081
11.2 11.340345
11.2 11.410642
11.1 11.104825
11.900001 11.734838
12.299998 12.326206
11.999998 11.764884
11.2 11.353053
14.1 14.276041
9.79897 10.081692
12.899998 12.70648
11.7 11.793129
11.2 11.433987
11.5 11.5185175
11.1 11.51743
11.3 11.540529
11.599999 11.731176
11.900001 11.859534
12.299998 12.083134
11.7 11.687323
11.7 11.732248
11.3 11.308004
12.699998 11.736789
11.2 11.368105
11.1 11.168185
11.3 11.476712
12.1 12.134079
13.200015 14.01161
12.299998 13.230749
11.1 11.146696
11.7 11.78441
11.1 11.383929
11.5 11.241214
11.900001 11.746505
11.8 11.32921
11.7 12.6063595
11.2 11.133238
10.321849 10.130427
11.900001 11.835713
11.1 11.223507
11.900001 11.883377
12.199999 12.23416
11.7 11.675571
11.1 11.400866
10.8 10.976168
14.299971 13.620091
11.1 11.100815
12.699998 11.830341
11.400001 11.592831
11.1 11.263311
11.400001 11.912355
11.1 11.086737
11.1 11.159221
11.3 11.711266
12.399998 12.946922
11.1 11.096089
12.1 11.389452
13.1 11.983322
11.5 11.558934
11.400001 11.47771
10.445824 10.136355
11.2 11.247428
11.3 11.33635
11.400001 11.533629
12.899998 13.161302
13.000009 12.262493
11.900001 11.847509
11.400001 11.484777
11.400001 11.490264
11.900001 12.611397
11.5 11.554913
11.3 11.741694
11.1 11.439729
11.900001 11.854711
10.622879 10.4871025
11.3 11.462788
11.2 11.288495
12.199999 12.011602
11.5 11.460281
11.5 11.512769
11.999998 11.58824
11.3 11.416258
11.3 11.4431
11.1 11.190353
11.2 11.427649
11.3 12.127707
11.8 11.838557
13.299971 13.139968
11.2 11.1617775
11.900001 11.783128
11.599999 12.158259
11.2 11.374898
12.990712 12.800841
14.400163 14.766125
13.500008 12.612257
11.1 11.300585
11.2 11.22413
11.5 11.519341
11.1 11.114422
13.821246 13.993013
11.7 11.729372
11.1 11.464438
11.1 11.145476
12.1 11.771917
12.599997 12.434653
11.1 11.096604
11.7 11.571379
11.2 11.255781
11.400001 11.237276
12.1 11.523001
11.2 11.169166
14.600313 15.1934185
10.70206 10.732128
10.4 10.436425
11.685027 11.440578
15.254902 13.471822
11.1 11.29278
11.8 11.887009
12.499997 11.744158
11.2 11.338299
11.1 11.150717
11.1 11.114684
11.3 11.220837
15.200179 13.862001
13.399989 12.667245
11.29586 10.9656515
12.299998 12.2766905
14.8447275 14.109743
11.900001 11.887043
12.1 11.369868
12.923909 12.326005
12.218045 11.208916
11.900001 11.352587
11.400001 11.3930435
11.999998 11.745728
11.3 11.387212
11.999998 11.590873
11.5 11.540296
11.2 11.262574
12.520216 11.477808
11.45 11.510671
14.79897 13.5173645
11.2 11.17594
11.3 11.277134
10.1 10.553599
11.1 11.003441
11.2 11.277783
11.900001 11.789102
11.999998 12.002867
11.3 11.369367
11.900001 11.844522
11.8 11.777775
11.2 11.310412
11.1 12.905966
12.599997 12.719525
11.3 11.2430725
11.8 11.976526
10.1 10.95319
11.2 11.366547
11.8 11.820736
11.3 12.275036
13.1 13.164171
11.5 11.658042
11.1 11.508751
10.976149 11.484463
11.2 11.328983
12.1 11.329995
13.000009 13.250638
11.900001 11.478612
11.2 11.251167
11.900001 11.718331
11.3 12.289993
10.70206 10.666677
10.1 10.077174
11.1 11.337499
12.145758 12.117536
11.1 11.054661
14.999629 14.351868
11.1 11.156364
13.899971 13.817153
12.1 11.6872
10.622879 10.354741
11.3 11.438249
12.499997 12.99036
11.2 11.340074
12.199999 11.999896
11.999998 11.984428
11.900001 11.998423
13.500008 11.80378
11.1 11.181921
11.2 11.2214985
11.7 11.580656
11.3 11.279056
11.788246 11.021072
11.2 11.1084795
11.2 11.322685
11.400001 11.492854
12.199999 12.2995205
11.7 11.703889
11.999998 11.968463
12.599997 11.794938
11.2 11.290795
11.900001 11.90506
11.1 11.389927
11.599999 11.443783
11.5 11.446041
11.7 11.774512
13.600039 12.462319
11.900001 11.920353
10.622879 11.011785
11.2 11.271939
12.799992 12.611467
11.400001 11.50383
11.8 11.741259
13.500008 12.204965
13.500008 12.493453
11.3 11.522454
11.400001 11.513629
11.2 11.112909
11.900001 12.423554
11.1 11.198066
11.2 11.673462
11.8 11.786395
14.719789 14.734278
12.299998 12.278464
11.3 11.661153
12.499997 12.452635
11.1 11.213614
11.5 11.58891
11.2 11.29794
11.999998 12.501202
11.8 11.837014
13.500008 12.717551
11.900001 11.958241
14.1 13.920556
11.2 11.214237
11.5 11.710663
11.5 11.569723
10.581486 10.475266
11.7 11.841386
14.1 13.5059185
11.2 11.211756
11.2 11.269598
