11.8 12.030521
10.1 10.457536
12.699998 11.73548
11.2 11.296582
11.1 11.140619
12.599997 13.093679
11.8 11.731239
11.8 12.015376
11.3 11.351419
11.1 11.156927
12.351812 12.372636
11.3 12.50783
11.2 11.054953
12.499997 13.20841
12.599997 11.686953
11.2 11.219599
11.900001 12.127266
13.685027 14.825498
11.2 11.256293
11.2 11.342851
11.665431 10.6418295
12.799992 11.984276
11.7 11.699364
10.79897 9.923939
11.2 11.42994
11.2 11.119148
13.972057 13.514897
11.599999 12.116033
9.40103 9.161844
12.1 12.114521
11.900001 11.914159
11.5 11.58461
12.499997 13.610617
11.900001 11.880836
11.1 11.066459
11.1 11.139919
11.5 11.972626
14.1 13.259513
11.3 11.719285
11.3 11.379567
13.1 12.949471
11.400001 11.947154
11.5 11.443682
12.599997 12.1856785
12.543697 12.62859
11.3 11.487022
11.1 11.295411
12.899998 12.315361
12.199999 11.899716
11.7 11.982406
11.3 11.26529
11.900001 11.850651
11.1 11.07882
11.599999 11.627267
11.1 11.030579
11.999998 11.884155
11.599999 11.64191
11.900001 11.9087715
13.608639 13.636164
13.344125 12.864294
11.2 11.2681875
11.1 11.108526
10.622879 10.545538
12.699998 11.807719
11.900001 11.786775
11.999998 11.310669
13.999974 14.205936
12.499997 12.406923
11.999998 11.872659
10.9 10.449452
11.999998 12.0105715
11.7 12.877125
11.2 11.1691
11.8 11.811959
11.3 11.330965
11.7 11.760245
11.900001 11.788881
12.087163 12.549756
11.1 11.076494
13.299971 12.624617
11.5 11.58185
11.900001 11.264631
12.299998 11.818991
13.200015 12.037779
13.0914 13.348542
11.8 12.416647
12.199999 11.204355
12.29382 12.751713
11.7 11.820774
11.1 10.989781
11.8 11.681518
12.5999975 12.056426
11.2 11.582667
11.2 11.3110695
11.2 11.293989
11.2 11.262128
11.400001 11.40891
11.2 11.261042
12.199999 12.304908
11.2 11.244799
12.899998 13.020227
11.2 11.418928
11.900001 11.865895
11.900001 11.849015
14.200179 11.825511
11.8 11.763752
11.599999 11.801377
11.7 11.658908
11.3 11.422933
11.2 11.126872
11.3 11.329468
11.2 11.16156
11.400001 11.371009
11.900001 12.003533
14.40103 14.659199
11.3 11.637782
10.1 10.46292
11.900001 11.7697525
11.400001 11.41385
13.699981 12.900917
10.581486 10.605832
11.5 11.586703
11.599999 11.598314
11.400001 11.66348
15.26892 15.127129
12.199999 12.401572
11.5 12.365679
11.900001 11.86554
11.7 11.897596
11.2 11.307504
11.8 11.749471
12.1 11.839349
12.299998 12.360867
10.70206 10.722568
11.900001 11.838274
11.900001 11.882306
11.3 11.414202
11.3 11.489946
11.7 11.69836
13.167756 12.618654
11.7 11.701022
11.900001 11.524038
11.999998 11.975369
10.869551 9.875709
12.399998 13.09075
11.7 11.93538
13.399989 13.171513
11.900001 11.886608
11.2 11.252886
11.2 11.180018
11.1 11.177993
11.5 11.53799
11.1 11.097447
10.1 10.202643
11.2 11.173079
13.000009 13.307689
14.1 14.146173
11.7 11.91202
11.3 11.525018
10.1 10.641918
12.685027 12.738552
12.1 11.901166
11.1 11.295083
11.5 11.557137
11.078811 10.64491
11.999998 12.038578
10.49794 10.629977
11.5 11.490392
12.901632 13.133055
11.400001 11.505675
11.2 11.411853
10.40103 10.22383
11.543697 11.286281
12.499997 12.335617
11.7 12.09526
11.7 12.003542
12.299998 12.397115
11.5 11.707412
11.1 10.935225
11.2 11.198961
14.1 14.259918
11.999998 12.025412
11.900001 11.90122
12.738272 13.006166
11.7 11.835585
10.79897 10.65606
13.1 12.850949
11.5 11.317559
11.999998 11.959776
11.400001 11.455908
11.1 11.39488
11.1 11.12607
11.8 11.324013
12.195114 11.819615
11.2 11.197212
11.999998 11.942464
11.900001 13.216917
9.70206 9.934358
11.8 11.868303
11.999998 11.9266405
11.5 11.917851
11.400001 11.409329
12.899998 12.936156
12.199999 11.79185
11.400001 11.460089
11.3 11.361063
11.3 11.432129
12.599997 12.332775
13.1 11.705879
11.3 11.407977
12.1 12.232525
12.461728 11.922174
12.899998 12.422542
13.899971 13.5252
9.79897 9.9039545
11.999998 12.230025
10.89588 10.909089
12.499997 12.210823
11.7 11.676104
11.900001 11.830667
10.1 9.704649
13.399989 13.807882
11.2 11.437904
11.900001 11.90768
11.1 11.458356
11.1 11.016975
11.900001 11.935131
12.1 11.890697
11.400001 11.52464
12.199999 12.2133045
11.5 11.494257
10.1 9.795547
11.8 11.7899275
11.7 11.6936245
11.622879 11.563259
10.99279 10.880635
12.599997 12.368819
11.5 11.565426
11.1 11.574669
11.2 11.259848
11.900001 11.916235
10.4 10.399464
12.1 11.922373
11.5 11.595943
11.599999 11.786349
11.8 11.376206
12.699998 12.693291
11.8 11.763317
11.555932 11.386423
12.199999 12.351626
11.900001 11.925849
11.1 11.14576
11.5 11.524105
11.599999 11.615596
11.900001 12.152913
11.3 11.232959
12.685027 12.506141
11.3 11.235168
11.900001 11.864812
10.49794 10.25592
11.1 11.1665745
11.900001 11.879168
12.1 11.843525
11.1 11.342832
11.5 11.492699
10.79897 10.640009
11.8 11.773136
12.599997 12.511395
11.3 11.415624
11.7 11.713811
11.400001 11.773859
11.2 11.264952
11.3 11.301365
11.3 11.379371
10.70206 10.604417
11.861954 10.985756
11.900001 11.844218
11.1 11.043246
12.299998 12.333311
11.2 11.390557
10.70206 10.391068
11.2 11.292668
12.1 11.827842
11.5 11.571713
12.399998 11.84589
14.299971 11.248192
11.3 11.296702
11.2 11.200995
12.799992 13.126495
11.2 11.15434
12.1 11.89844
11.8 11.779665
11.3 11.472379
12.199999 12.05119
13.899971 13.89271
11.7 11.50281
14.738272 14.322283
11.900001 11.633494
11.900001 11.862741
11.3 11.312806
11.3 11.328747
11.2 11.306248
11.2 11.261367
11.599999 11.604825
11.900001 12.077915
11.400001 11.455992
11.5 10.895812
12.1 11.836559
11.2 11.241036
11.3 11.430887
11.1 11.213662
11.999998 11.770815
10.531798 11.070855
11.1 11.315871
11.99279 10.719481
11.900001 12.403421
14.299971 14.838121
11.5 11.482413
11.900001 11.866255
11.3 11.398032
11.5 11.170246
13.864471 13.407661
14.118106 13.233183
11.599999 11.639146
11.900001 11.789598
11.5 11.731463
11.2 11.216514
11.3 11.405668
10.622879 10.738043
11.8 11.973663
12.79897 12.401876
11.999998 11.621443
11.1 11.170472
11.2 11.132707
11.900001 11.890472
11.1 11.364673
11.3 11.499086
11.1 10.8729515
12.499997 12.006102
11.999998 11.943336
12.299998 12.330427
11.1 11.196752
11.900001 11.85245
11.999998 12.023554
14.1 14.09942
13.600039 13.103512
10.1 10.657668
12.799992 11.652206
11.3 11.518522
11.7 11.760937
10.622879 10.888863
11.1 11.235476
10.1 10.852408
12.299998 12.270607
11.1 11.115215
13.1 12.528309
11.900001 11.912963
11.1 11.183792
11.5 11.634743
13.200015 12.59436
11.999998 11.888726
11.3 11.314882
11.5 11.442674
11.3 11.844607
12.199999 11.825843
11.900001 11.837725
10.1 10.850972
12.299998 13.088088
11.400001 11.392806
10.622879 10.584765
11.999998 12.11476
11.2 11.209252
11.400001 11.737055
14.299971 14.329139
11.2 11.258902
11.8 11.814057
10.622879 11.566613
11.5 11.563603
12.199999 12.142098
10.224938 10.444634
11.7 11.825549
12.399998 12.697903
11.999998 11.965039
10.40103 10.105073
11.8 11.903476
11.2 11.340701
11.2 11.226954
12.300659 13.210606
11.7 11.799892
12.299998 11.551094
11.1 11.00556
11.3 10.659558
14.49794 12.824113
11.1 11.59613
11.400001 11.38363
11.7 11.521169
10.1 10.241471
11.3 11.908626
11.1 11.250801
11.7 11.8150425
12.699998 12.87506
11.1 11.401566
11.900001 11.92525
13.923909 12.234818
13.200015 11.741295
13.800057 12.76393
11.400001 11.353342
12.1 12.130676
10.520216 10.370578
11.108774 11.230984
11.5 11.653179
11.2 11.129476
13.1 12.652502
12.199999 12.468347
11.999998 11.875349
13.999974 13.143683
11.999998 12.457306
12.499997 11.654176
11.900001 12.190867
11.999998 11.978044
11.1 11.38555
11.2 11.192121
11.3 11.460166
12.599997 11.877953
11.2 11.207542
11.900001 11.861923
11.999998 11.807204
11.5 11.487647
13.699981 13.6463995
12.499997 12.947004
11.5 11.575561
11.7 11.7874975
11.599999 11.595108
12.448722 11.60328
11.3 11.47517
11.19691 11.852561
11.7 11.611708
11.5 11.491867
11.900001 12.0372925
11.2 11.291829
11.8 11.752075
11.1 11.106281
11.7 11.52537
11.599999 11.4957
12.799992 12.656492
11.8 11.788191
11.2 12.287017
11.900001 11.870161
11.2 11.121945
11.999998 11.744759
11.599999 13.148042
11.599999 11.727967
11.5 11.521415
11.7 11.734962
11.1 11.136673
11.1 11.582678
11.900001 11.610596
11.1 11.160572
11.900001 11.81833
11.2 11.253102
11.599999 11.625695
11.3 11.206799
11.8 11.944132
11.900001 11.72369
11.3 11.258367
13.020819 11.718622
10.1 10.430079
9.70206 9.381707
11.1 11.208022
11.1 11.092816
12.199999 12.066636
11.7 11.57943
11.3 11.2857275
11.8 11.793101
11.5 11.719754
12.399998 11.40652
11.2 11.227816
11.999998 11.98896
11.2 11.375752
12.953872 12.990126
11.599999 11.5347185
12.113436 11.714446
11.3 11.629139
14.1 13.266942
10.1 10.712811
11.2 11.261887
11.5 11.355656
12.1 12.334323
11.599999 11.6042185
11.2 11.340823
11.7 11.798758
11.999998 11.834831
11.1 11.153611
11.999998 11.818053
11.1 11.0791645
11.400001 11.510072
11.640608 12.616918
11.900001 11.894798
11.3 11.54767
11.7 11.702998
11.2 11.179575
11.1 11.15076
12.699998 11.952992
11.5 12.148785
10.622879 10.11533
11.999998 11.82623
11.1 12.008919
11.5 11.291313
11.543697 11.384531
11.5 11.613794
11.8 11.49889
11.3 11.400565
10.652842 10.654513
11.2 11.227364
13.699981 12.954436
10.40103 11.113129
10.79897 10.720788
12.399998 11.239722
11.5 11.663298
11.2 11.306433
11.5 11.186123
10.1 11.3327465
11.8 11.777192
11.7 11.669677
11.5 11.384239
11.7 11.914711
11.2 11.27393
11.1 10.691008
11.5 11.496583
10.70206 10.549307
11.1 11.111287
11.1 11.28127
11.3 11.192802
11.2 11.320572
11.599999 12.01689
11.7 12.129021
11.8 11.597023
11.1 11.119597
11.8 12.1663885
10.70206 10.7712345
11.900001 13.070506
10.79897 11.050884
11.400001 11.353529
12.1 12.00123
11.2 11.331142
11.5 11.379728
11.1 10.961621
11.5 11.652126
11.999998 11.960388
12.777781 10.943655
11.7 11.736091
11.1 11.277416
11.8 12.152702
11.7 11.747468
11.2 11.22879
12.1 12.982288
11.999998 11.9930105
12.499997 12.706716
12.599997 12.76816
11.400001 11.569594
12.1 11.915228
12.299998 12.456638
11.8 11.761668
11.5 11.581136
13.117729 13.104443
11.8 11.774468
12.1 11.51627
11.2 11.214742
13.399989 11.690294
11.2 11.339745
11.5 11.43141
11.2 11.249144
9.79897 9.94222
11.3 11.344266
11.3 11.578842
11.7 11.685454
11.7 11.731996
11.900001 12.689645
11.2 11.203245
11.7 11.784493
11.179355 11.448713
11.8 11.753993
11.900001 11.865055
12.079304 11.927707
11.3 12.430856
11.400001 11.261986
11.235986 10.857611
11.1 11.207139
11.3 11.205607
11.1 11.15017
11.2 11.394278
11.821246 11.655177
11.900001 11.781244
12.299998 12.8096895
11.999998 11.635684
11.900001 12.037485
11.1 11.5297365
11.1 11.019538
11.145275 10.833774
11.400001 11.430348
11.2 11.196567
14.1 13.9305105
10.7 10.989561
11.7 11.69095
12.199999 12.776058
11.400001 11.42031
11.8 11.782731
11.599999 11.563938
11.8 11.775545
12.699998 13.080784
11.3 11.375453
11.7 11.705856
14.351262 14.691079
10.5 10.85427
12.058607 12.342842
11.2 11.229209
11.3 11.290508
11.7 11.962581
11.3 11.658573
11.2 11.249523
11.400001 11.644792
11.1 11.242808
11.8 11.8338375
12.799992 12.135132
11.7 11.720087
11.3 11.318537
13.103601 12.265005
11.5 11.68258
11.1 11.104575
10.1 9.80452
11.1 11.266102
12.599997 12.837141
12.499997 12.252981
11.999998 11.663972
11.7 11.786357
11.5 11.523746
11.1 11.246841
11.3 11.210208
11.8 11.810424
11.8 11.239396
11.1 11.144123
12.599997 11.979715
11.999998 11.879386
12.1 11.860133
11.900001 11.927923
10.49794 10.442217
11.900001 11.903217
11.599999 11.281149
11.900001 11.813685
10.4372425 11.56513
11.2 11.286705
12.1 12.303263
11.7 11.6627245
11.5 11.847996
10.1 9.896746
11.3 11.321185
11.8 11.81912
10.3 10.730885
11.1 11.185046
11.1 11.133749
10.9 12.323905
11.900001 11.8783
14.700326 15.159911
12.199999 12.286169
15.1 15.870598
11.3 11.321789
11.900001 11.947442
11.5 11.492442
11.953872 12.908665
9.40103 9.100672
11.2 11.196801
11.2 11.23481
14.581486 13.109135
11.1 11.408733
11.900001 11.394136
11.5 11.632063
11.2 11.316884
11.599999 11.675757
11.8 11.640739
11.108774 11.2006035
11.599999 11.372607
11.7 11.729891
11.3 11.70994
14.299971 14.316306
13.200015 11.835479
11.2 11.299549
11.2 11.172636
12.508935 12.049558
11.599999 11.586634
11.599999 11.997036
13.953872 14.180835
14.1 14.1496105
12.799998 13.210828
13.299971 14.733797
11.5 11.6625395
11.3 11.529688
11.058607 11.234243
11.3 11.2977495
11.7 11.860532
11.1 11.564716
10.769952 10.720613
11.1 11.195021
11.7 11.76012
11.900001 11.874646
11.599999 11.747338
11.8 11.7856045
12.299998 12.323857
11.2 11.453287
11.8 11.774465
12.299998 11.484844
13.000009 11.710489
11.5 11.651648
11.3 11.536686
11.2 11.356646
13.899971 14.550158
11.2 11.229757
11.999998 11.903439
11.1 11.119822
11.3 11.279367
11.7 11.736168
11.3 11.468079
10.70206 10.755006
12.799992 12.084415
14.700326 15.286583
11.5 11.500491
11.7 11.982681
12.799992 12.492811
12.1 11.646286
11.1 11.088951
11.900001 11.557078
11.7 11.861783
11.900001 11.8871565
12.499997 12.186831
12.074694 12.507282
11.1 11.170501
12.199999 11.762169
12.499997 11.928388
12.499997 12.407647
11.900001 11.973369
11.5 11.606341
11.1 11.1645975
11.900001 11.956715
11.2 11.280272
11.3 11.660311
11.2 11.521268
11.5 11.637411
11.5 11.604551
12.199999 14.019397
11.2 11.442668
11.599999 11.499582
11.8 13.045067
13.600039 12.919128
11.1 11.382212
12.399998 12.11726
10.738272 9.905773
11.3 11.297011
11.3 11.514498
11.1 11.2046385
11.599999 11.763484
11.2 11.440337
11.391998 11.45622
12.1 11.500903
11.999998 12.690997
13.600039 13.446595
11.2 11.240403
11.1 11.300434
10.40103 9.905773
12.499997 11.937452
11.1 11.259418
11.900001 11.848349
11.1 11.285789
11.5 11.610423
11.3 11.393683
11.599999 11.591009
11.2 11.234716
11.900001 11.905886
11.757577 11.97178
11.3 11.396882
11.599999 11.875052
11.999998 11.786166
11.3 11.454085
10.40103 10.422819
11.1 11.920452
12.299998 11.367238
11.8 11.773511
11.3 11.879074
11.2 11.133265
12.1 12.170389
11.1 11.07633
11.2 11.305922
11.999998 11.988001
13.500008 13.670674
11.2 11.442038
12.799992 13.326992
11.2 11.320604
11.900001 11.876163
11.1 11.133045
11.1 11.086074
11.5 11.604281
11.599999 11.498687
12.199999 12.349057
11.400001 11.3732605
10.40103 10.559053
12.1 11.664528
11.2 11.04437
11.2 11.196767
11.2 11.294858
11.5 11.650494
11.599999 11.713397
10.49794 10.303572
12.199999 11.814347
11.2 11.212989
12.1 12.027957
11.5 11.710593
11.1 11.184315
11.8 11.855716
11.45 11.671637
11.2 11.147816
11.5 11.458091
13.186186 12.2290745
11.900001 11.66591
11.8 11.820155
11.1 11.015828
13.035542 13.164999
10.5 9.9447565
11.2 11.217083
11.2 11.2768345
11.900001 12.140844
11.7 11.937228
10.2 10.609265
11.5 11.568521
11.999998 11.944162
11.5 11.610173
11.380575 11.324988
11.3 11.339709
11.1 11.163455
13.200015 13.099195
11.2 11.256516
11.5 11.645998
11.8 12.11371
11.2 11.534371
10.2 10.278903
11.3 11.251979
12.953872 13.622718
11.3 11.485678
11.599999 12.033871
11.5 11.593647
11.400001 11.435047
11.900001 11.803436
11.1 11.227487
11.7 11.644495
10.1 9.964745
11.5 11.393434
12.1 12.126032
11.8 11.675136
11.900001 11.551426
13.1 11.971496
12.599997 11.578017
13.299971 12.677894
11.599999 12.393629
14.600313 14.144272
11.1 11.215007
11.900001 11.877871
14.200179 13.875779
11.999998 11.917339
11.1 11.183505
10.1 10.034213
10.2 10.294952
11.999998 12.042598
11.400001 11.483548
11.400001 11.39193
11.5 11.337043
13.699981 13.842284
11.2 11.052427
11.5 11.219251
11.5 11.58581
10.622879 11.81474
11.999998 12.063138
11.8 11.561299
11.5 11.625832
11.374088 11.039942
11.900001 11.801304
11.1 11.376903
11.2 11.206378
11.2 11.316638
11.5 11.519344
11.7 12.550581
11.999998 11.526614
11.1 11.101068
11.2 11.221608
11.3 11.450128
11.400001 11.422447
11.2 11.229562
11.400001 11.460553
11.2 11.29611
11.2 11.199785
11.8 11.779976
11.2 11.1298275
11.2 11.390733
11.900001 11.932523
11.3 11.475974
11.1 11.15015
11.900001 11.16224
13.899971 13.123662
11.5 12.015069
11.7 11.8708725
14.200179 14.083942
11.2 11.406611
11.7 11.813167
12.499997 12.439741
12.1 11.863199
11.900001 11.836551
13.202373 13.1863785
11.3 11.257245
10.1 9.904351
14.600313 14.73088
11.2 11.190261
12.499997 12.533812
11.599999 11.347279
11.3 11.446101
11.103488 10.848847
11.1 11.300695
11.3 11.31547
11.1 11.247168
11.7 12.730135
12.599997 13.186762
13.446788 11.618829
11.900001 11.884658
11.599999 11.577085
13.1 12.400591
11.2 11.26216
12.899998 12.522867
11.5 11.54892
10.622879 10.341005
12.399998 12.839827
9.40103 9.02229
11.1 11.11134
11.273925 11.632059
11.923909 12.162669
11.3 11.27723
9.893174 9.808376
11.3 11.2609215
11.49794 11.567033
11.7 11.705089
11.900001 11.782345
14.500117 13.04446
11.1 10.824625
11.043335 11.067374
12.399998 12.558321
11.3 11.126489
11.599999 11.711957
12.499997 12.647195
13.000009 13.256717
12.499997 12.931974
11.5 11.551491
11.999998 11.714319
11.400001 11.700141
11.1 11.542882
11.953872 11.881116
11.2 11.115351
11.5 11.350879
11.1 11.248443
11.1 11.0515785
11.2 11.18335
11.7 11.631411
11.3 11.716411
11.999998 11.99384
12.699998 11.636058
14.953872 14.894327
11.2 11.455326
11.900001 11.77591
11.900001 11.885446
11.900001 11.852194
11.1 11.109772
10.1 9.930096
12.699998 12.255541
11.3 11.583088
11.1 11.088361
11.2 11.249919
11.999998 11.906049
9.47675 9.139346
11.1 11.514863
11.3 11.377294
12.899998 13.130788
11.7 11.50067
11.599999 11.589935
11.400001 11.359089
11.7 11.653486
11.7 12.027139
11.900001 11.891106
11.5 11.489083
11.8 12.165337
13.500008 13.4462805
11.5 11.580642
11.900001 11.944568
11.8 11.747215
11.2 11.423675
11.400001 11.508473
11.1 11.219394
11.3 11.772569
11.2 11.274175
10.40103 10.26861
11.599999 11.402748
11.2 11.128048
11.1 11.176004
11.900001 11.894834
11.2139435 11.348145
12.199999 12.488913
11.2 11.183981
11.3 11.409697
11.599999 11.789073
11.400001 11.529671
11.7 11.754257
11.2 11.431674
11.900001 11.869012
11.7 11.669752
11.7 11.733266
11.3 11.423131
11.599999 11.638533
12.699998 11.834782
11.2 11.191097
13.000009 14.162918
11.3 11.833615
11.1 11.183083
11.999998 12.020806
11.1 11.532234
11.999998 11.504457
11.8 11.868617
11.599999 11.515067
11.1 11.197994
11.900001 11.950027
11.400001 11.486924
11.3 11.22871
11.5 11.503775
11.900001 11.870845
11.3 11.395888
12.699998 11.666508
11.7 12.323584
11.1 11.212779
12.499997 12.5925045
11.900001 12.035604
11.8 12.083009
11.400001 11.477097
11.7 11.734166
11.5 11.602781
11.2 11.141546
12.854487 12.193911
11.8 11.882348
11.8 11.74919
11.1 11.332848
11.953872 12.738062
12.1 12.96686
11.900001 11.861213
11.8 11.817158
11.900001 11.651829
13.000009 12.935907
11.400001 11.416688
11.599999 11.570774
11.1 11.179841
11.1 11.098816
11.400001 11.3592005
11.5 11.586295
11.7 11.565917
11.2139435 11.074074
11.40103 11.322062
11.1 11.157961
11.5 11.781355
11.7 11.675324
12.499997 12.508446
11.999998 12.143549
10.40103 10.474552
11.3 11.456716
11.900001 11.818366
10.70206 10.489492
11.400001 11.423116
11.2 11.226434
11.999998 11.565841
11.1 11.049857
12.899998 12.614006
11.7 11.73507
11.8 11.7724695
11.1 10.418098
11.999998 11.501548
11.999998 12.070076
11.3 11.682096
11.1 11.158929
11.8 11.85596
11.3 11.290285
12.699998 11.676657
11.900001 12.097907
11.7 11.494874
11.8 11.803702
11.900001 11.896213
12.058607 12.2820835
11.1 11.08416
11.3 11.320706
11.900001 11.904455
10.89588 10.9168825
11.3 11.2442255
11.3 11.27769
11.5 11.579672
12.199999 12.031462
11.637602 11.709714
11.400001 11.567374
12.799992 11.939599
11.900001 11.910295
12.1 12.541669
11.900001 11.906664
11.2 11.844307
11.1 11.081295
11.999998 12.344141
11.2 11.307527
11.2 11.750242
11.900001 11.806807
11.15 11.2967
11.7 11.751901
11.3 11.297536
11.900001 11.919408
11.5 11.46741
11.1 11.270093
11.5 11.943127
11.2 11.271897
11.599999 11.625804
11.999998 12.139943
11.7 11.440273
11.7 11.71549
11.5 11.599948
11.400001 11.2514
10.555932 10.230627
11.8 12.074205
11.2 11.30459
11.40103 11.51064
13.699981 14.040139
11.400001 11.46408
11.1 11.132454
13.999974 12.904569
12.699998 12.103486
11.2 11.252666
10.40103 10.308327
10.622879 10.968391
12.599997 11.815141
13.999974 14.169258
11.1 10.428608
10.8064165 10.742356
11.3 11.60599
12.199999 12.864821
13.314671 13.804433
10.8 10.606504
12.1 11.368221
12.299998 11.793571
11.2 11.176971
12.799992 12.132058
11.8 11.845735
11.400001 11.41344
15.500117 15.778422
13.399989 13.459656
11.599999 12.296711
13.29382 13.474971
11.2 11.241861
11.2 11.207981
11.1 11.337235
11.8 11.582733
12.299998 12.545934
11.2 11.194346
11.2 11.155081
11.999998 11.963526
11.2 11.376017
11.900001 11.879873
11.2 11.212484
11.2 11.166131
11.5 11.623822
11.1 11.036222
11.7 11.747155
11.900001 11.967941
11.599999 11.4775305
12.399998 11.971821
11.599999 12.102534
11.2 11.168741
11.5 11.507784
12.499997 12.750678
11.2 11.649198
11.5 11.324906
13.699981 12.736144
11.900001 11.821531
13.299971 12.2958
11.8 11.808842
11.3 11.357503
11.999998 12.069123
11.599999 11.614992
11.7 11.726084
11.3 11.322732
11.2 11.300991
11.999998 11.899546
11.599999 11.613192
12.499997 12.38488
12.199999 12.728166
11.2 11.193298
12.399998 11.647465
11.2 11.196552
11.3 11.284298
11.2 11.243496
11.3 11.338407
11.2 11.170615
11.2 11.360577
11.2 11.386314
11.900001 11.808511
12.299998 12.473549
13.19691 11.764671
11.2 13.126901
11.999998 12.050835
11.043335 11.147157
10.49794 10.78623
11.2 11.179759
11.1 11.11839
11.8 11.689281
11.400001 11.707992
11.400001 11.418308
12.555932 14.009432
12.499997 12.035897
11.2 11.346713
11.2 12.01376
11.7 11.748492
11.2 11.356891
11.400001 11.474729
13.600039 13.909365
12.399998 12.150823
12.799992 11.729085
12.799992 12.046111
12.499997 11.6804085
11.400001 11.419795
11.3 11.344241
11.254902 10.987607
11.219187 10.733691
11.5 11.6679535
11.8 11.767697
11.900001 11.911152
11.400001 11.497252
11.7 12.104794
12.449998 12.26612
11.8 11.788014
11.2 11.126404
11.2 11.196261
11.2 11.261083
11.2 11.233513
10.622879 10.6280365
11.900001 11.914003
11.999998 12.632325
11.999998 11.930904
11.1 11.193287
11.999998 11.879467
11.900001 11.410868
10.622879 10.972335
11.3 11.501564
11.599999 11.490008
13.1 14.392851
11.2 11.241726
12.599997 11.585567
11.1 11.193498
14.1 13.503957
11.1 11.423939
11.3 11.469017
11.900001 11.792092
11.599999 11.508523
11.599999 11.663713
11.2 11.37762
9.47675 9.336466
12.066576 10.626809
12.499997 12.272454
11.7 11.673898
12.727088 12.149647
11.400001 11.935267
11.367606 11.506114
11.8 11.729555
11.3 11.39536
11.3 11.513284
11.5 11.691769
11.3 11.521061
11.5 11.469237
11.8 11.806196
10.078811 9.88098
11.400001 11.475318
11.900001 11.885496
11.2 12.25107
10.40103 10.199403
11.3 11.477626
11.1 10.94587
11.1 11.200246
11.1 11.132847
11.5 11.069359
11.5 11.548869
12.608865 11.458065
12.805533 11.121831
11.5 11.483016
11.400001 11.337821
11.8 11.765588
10.1 9.998328
11.599999 11.515432
11.1 11.041107
12.699998 12.118951
11.3 11.504533
13.399989 12.648577
11.7 11.695593
13.000009 11.911106
11.3 11.527502
11.999998 12.202763
11.900001 12.284467
11.2 11.267102
10.79897 9.9398
11.637602 11.545573
11.2 11.338614
11.2 11.202214
11.900001 12.003973
11.8 11.777014
11.462984 11.771829
12.599997 12.974432
11.8 11.801973
12.299998 12.296056
13.236677 12.774282
11.1 11.134764
13.000009 12.817818
11.400001 11.458372
11.3 11.500261
11.5 11.631865
13.300002 13.29711
11.7 11.963895
11.400001 11.405196
11.3 11.360867
11.400001 12.356112
11.3 11.407699
11.1 11.351488
11.8 11.830255
11.2 11.229458
11.7 11.782197
11.5 11.814098
11.1 11.569959
11.1 10.896238
11.2 11.346771
12.1 12.29619
14.700326 14.73267
11.1 11.25271
11.8 11.97297
11.900001 11.640717
10.3 10.966192
12.299998 11.644196
12.899998 13.784184
11.1 11.230056
10.409804 10.420202
13.200015 12.434372
11.900001 11.814197
11.400001 11.474967
11.7 11.723601
13.500008 12.825875
11.599999 11.720496
11.5 11.661676
12.599997 12.093753
11.2 11.301099
11.599999 11.494046
11.2 11.496394
12.199999 11.458637
11.900001 11.599424
11.1 11.542809
11.2 11.710161
12.6934595 13.708218
10.1 10.092745
11.7 11.7309885
12.953872 13.445308
13.02329 12.34615
11.599999 11.294016
11.900001 11.750039
10.165502 9.972541
11.101723 11.207073
11.8 11.838727
11.7 12.202614
11.999998 11.882592
12.299998 12.066894
11.900001 11.933483
13.1 12.484882
12.199999 12.226286
11.45 11.891902
11.900001 11.83545
11.400001 11.520936
11.7 11.77211
12.499997 11.688831
13.000009 11.353863
11.7 11.225903
10.8 11.0466
11.599999 11.725848
12.1 11.7907505
11.7 11.707609
11.2 11.15346
11.2 11.29683
14.1 14.017975
12.199999 12.348327
10.622879 10.525013
11.7 11.760705
11.900001 11.472069
10.40103 10.847203
11.1 11.450424
11.3 11.155557
11.1 11.045282
11.2 11.2803545
10.70206 11.397156
10.8 10.616336
12.869551 14.55934
11.999998 11.894162
11.999998 11.848628
13.399989 13.4002075
10.122276 10.052515
11.1 11.163257
12.399998 12.4338255
11.1 11.363502
11.5 11.467255
11.230182 11.835441
11.599999 11.550991
11.1 11.149274
11.2 11.719181
11.5 11.555092
11.900001 11.801428
11.1 11.202487
11.1 11.12098
11.3 11.506635
12.399998 11.654989
11.999998 11.372091
11.1 11.43632
12.499997 12.380781
11.400001 11.579894
11.8 11.784683
11.7 12.206292
11.5 11.593966
11.8 11.968876
11.1 11.122388
11.900001 11.895554
10.1 11.203756
11.8 11.973554
11.7 11.677548
11.5 11.619467
11.900001 11.275927
12.399998 12.7237215
11.599999 11.922066
11.3 11.624999
12.499997 12.496585
11.400001 11.473415
11.79897 11.429322
11.999998 11.776426
9.79897 10.084754
11.8 11.828618
11.5 11.608294
11.5 11.581246
11.5 11.694612
12.1 12.94066
10.40103 11.145018
11.7 11.713516
11.900001 11.794392
13.299971 12.96213
11.3 11.29638
11.400001 11.365662
11.2 11.222364
11.7 11.647229
11.7 11.561493
11.2 11.220645
12.799992 12.907528
11.3 11.322769
11.1 11.170582
11.7 11.732739
11.999998 11.737781
11.7 12.104171
13.899971 13.651592
12.399998 13.606224
10.887813 11.563394
11.900001 11.958454
10.608639 10.312127
12.299998 12.002116
13.236677 12.343656
9.79897 9.94222
11.5 11.673469
11.427902 11.667984
11.5 11.249274
10.4 10.631274
11.7 11.742089
11.2 11.309323
11.2 11.254273
11.5 11.589289
11.900001 11.893304
12.245694 12.042119
11.900001 11.859056
11.2 11.303592
11.900001 11.785537
11.1 11.557024
11.254902 11.467471
12.199999 13.3926525
11.5 11.43621
11.7 11.86627
11.618801 11.657345
11.999998 11.983685
11.5 11.587459
11.2 11.579996
11.400001 11.467972
12.199999 12.103867
11.2 11.378199
11.400001 11.411549
12.947712 13.203501
11.3 11.258008
11.599999 11.511218
12.599997 11.539468
11.7 11.753152
11.5 11.868677
11.2139435 11.399344
10.40103 10.557868
11.8 11.85641
11.2 11.234489
11.900001 11.795991
11.900001 11.851049
11.8 11.959798
11.1 11.815419
11.2 11.156771
11.7 11.698701
11.400001 11.481688
11.8 11.667034
11.599999 11.632744
9.79897 9.923939
11.1 11.192603
11.599999 11.469233
12.599997 11.653251
12.899998 13.451482
11.8 11.866118
12.622879 12.325201
11.599999 12.817289
11.7 12.084937
12.765546 11.644801
11.3 11.389654
11.5 11.534808
11.900001 11.790572
11.900001 11.759782
11.8 11.828204
10.40103 10.262964
11.8 11.85561
14.1 12.672643
11.900001 11.910334
11.999998 11.852925
11.2 11.316789
11.7 11.685879
11.7 11.729653
11.599999 11.285966
11.8 11.746857
11.5 11.563672
11.2 11.257967
11.487216 12.566908
11.1 11.254765
11.2 11.307413
11.900001 11.850896
11.3 11.596802
11.599999 11.639767
11.1 11.635417
11.2 11.107536
11.671865 13.64482
11.599999 11.808104
14.200179 15.173058
11.900001 13.00303
11.2 11.542894
11.999998 12.056898
14.901343 13.603742
11.900001 11.872041
11.5 11.553064
11.5 11.347866
11.599999 11.539658
10.1 9.959564
13.200015 13.087369
11.599999 11.699575
13.000009 13.830262
11.2 11.356111
11.508935 11.056436
11.8 12.2638855
11.2 11.335743
11.7 11.675118
11.2 11.19775
11.3 11.745214
11.3 11.459624
11.400001 11.366058
11.1 11.143426
11.599999 11.566021
11.900001 11.913605
13.699981 13.560688
11.999998 12.253607
11.999998 11.692491
14.1 12.221547
11.2 11.267915
11.400001 11.299248
11.2 11.724479
11.900001 11.856461
14.600313 13.841485
11.900001 11.331355
11.8 12.049048
11.1 10.806595
13.000009 12.725738
11.599999 11.770587
11.2 11.260021
12.199999 12.277042
11.8 11.918747
11.999998 12.166468
10.7 10.642392
11.3 11.442618
11.7 11.682851
11.1 11.353076
13.953872 14.132438
11.900001 11.878138
11.2 11.180876
13.200015 12.947601
10.581486 10.975769
11.599999 11.574798
12.499997 12.310782
11.2 11.205346
11.3 11.62295
10.4 10.200283
11.900001 11.910652
12.299998 11.962155
11.2 11.297647
11.1 11.977685
11.7 11.847283
10.1 12.220161
11.2 11.322909
12.300659 12.6714525
11.1 11.131117
11.900001 11.842118
11.7 12.475885
12.399998 12.458353
11.400001 11.457374
11.3 11.293669
11.3 11.198769
12.399998 12.787327
11.2 11.275246
11.3 11.325011
12.499997 11.977242
11.5 11.848064
12.738272 11.49941
11.3 11.298563
11.5 11.583605
11.2 11.158898
11.3 11.309676
11.400001 11.401146
11.2 11.143116
11.400001 11.393608
11.1 11.329294
11.999998 11.799581
11.999998 11.984564
11.1 10.81657
11.8 11.741329
11.3 11.385533
11.7 11.706235
15.500117 14.961538
11.2 11.164725
10.40103 10.810048
11.599999 11.630969
11.599999 11.572281
11.1 11.186863
11.2 11.16151
11.5 11.743465
11.999998 12.027579
11.2 11.290435
11.3 11.37268
11.8 11.809629
10.020819 9.948777
11.5 11.482325
10.1 10.694424
10.70206 11.194869
11.599999 11.384485
11.5 11.487505
11.1 11.133242
12.699998 11.567511
11.999998 11.75727
11.1 11.189485
11.3 11.325271
11.1 11.077085
11.5 11.698314
13.000009 12.576436
11.8 11.780055
11.1 11.077861
11.1 11.119744
11.5 11.551887
11.1 11.008755
10.40103 10.364969
11.900001 11.571623
11.3 11.417645
11.1 11.14887
11.5 11.516467
11.900001 11.749902
14.200179 15.188999
11.400001 11.345781
9.668636 9.333347
11.5 11.4103985
11.1 11.140175
10.3 10.404461
11.7 11.729234
11.5 11.558764
11.5 11.602935
12.599997 12.756058
11.1 10.821171
11.8 11.662735
11.8 11.704583
11.3 11.419955
11.2 11.490293
11.2 11.502181
11.1 11.193383
11.986056 11.408775
11.599999 11.621061
14.1 13.998131
11.307609 11.405073
11.999998 12.127069
11.5 11.65715
11.999998 11.923188
11.1 10.779831
11.0 10.548598
11.2 11.292173
13.078811 12.612836
11.3 11.2741165
11.7 11.6957655
11.2 11.288085
11.7 11.981262
11.3 11.399448
10.5 10.400022
12.199999 12.459255
14.600313 14.045281
12.499997 12.543465
12.399998 12.909107
11.3 11.471546
11.2 11.30773
11.5 11.498327
11.2 11.172121
11.999998 11.906358
11.900001 11.80308
11.900001 11.950062
14.711015 15.301624
11.2 11.144682
11.2 11.413442
10.1 10.66982
11.2 11.089242
12.799992 12.433949
12.485103 11.515721
11.3 11.470486
11.400001 11.735029
11.2 11.201056
11.8 11.885405
11.400001 11.528562
14.06468 14.15259
11.1 11.084482
12.597573 12.075052
11.2 8.321066
12.549999 14.071843
11.2 11.311629
11.1 11.127631
11.8 11.865887
13.999974 13.919569
12.1 12.049789
11.3 11.277687
11.29382 10.627077
11.70206 12.024447
11.7 11.780074
11.8 11.668724
11.900001 12.124634
12.899998 12.641055
11.8 11.915572
11.900001 12.238806
11.900001 11.612834
11.2 11.760681
13.1 12.995726
11.5 11.538435
11.3 11.230379
11.900001 11.892377
11.2 11.207602
11.3 11.27365
11.400001 11.412282
11.2 11.252486
10.1 10.270844
11.900001 11.956095
11.2 11.257669
12.299998 12.614268
11.1 11.273708
11.1 10.999776
11.2 11.18376
11.1 10.975397
12.6934595 13.818038
11.599999 12.573628
11.900001 11.855693
11.7 11.7008295
13.1 13.169059
11.999998 11.807586
11.7 11.7132015
13.186186 13.51449
11.1 11.168366
11.5 11.55609
11.3 11.4289
11.400001 11.633169
11.1 11.200341
11.2 11.518427
12.499997 11.672595
13.1 12.825244
11.599999 11.626375
14.555932 14.548031
13.299971 14.083972
11.2 11.252369
11.1 11.189721
11.900001 11.982639
10.1 9.871581
11.1 11.240452
12.699998 13.430608
11.2 11.286016
11.900001 11.875233
11.7 11.672923
11.7 11.742629
11.5 11.551252
13.000009 12.038975
11.7 11.822173
11.400001 11.467603
11.900001 12.140292
11.599999 11.7447815
11.3 11.061817
11.2 11.343166
11.900001 11.93802
11.1 10.588235
12.599997 12.482668
11.900001 11.8343115
11.900001 11.630667
12.117729 12.315604
11.3 11.655996
11.5 11.37692
10.8447275 10.669284
11.1 11.086166
13.200015 12.501623
11.1 11.196403
11.1 11.422143
12.399998 11.901518
11.7 11.497021
10.1 10.045516
11.7 11.695489
11.1 10.8489
11.3 11.302857
11.1 11.201918
11.8 11.67919
11.1 11.177568
12.1 12.005519
11.2 11.263904
11.900001 11.97825
11.599999 11.522592
10.70206 10.417974
11.2 11.250968
13.418758 12.743134
11.8 11.739285
14.359637 15.083565
11.2 11.257437
11.2 11.1794815
11.5 11.50411
11.2 11.168151
12.199999 12.25402
11.2 11.34951
14.466532 14.648233
11.1 11.082957
12.1 13.428992
11.7 12.080717
11.2 11.383851
11.900001 11.285229
11.599999 11.570436
11.599999 11.575174
11.5 11.582638
12.499997 12.394358
10.622879 10.675648
10.608639 10.368769
11.3 11.334741
11.7 11.430558
11.1 11.165011
11.999998 11.970951
11.900001 11.72047
12.399998 11.6612
11.3 11.534222
11.1 11.171679
11.2 11.276114
11.900001 11.885295
11.2 11.116357
11.2 11.206494
12.499997 12.225853
11.2 11.283699
11.8 11.846865
11.599999 11.644497
11.2 11.015092
11.2 11.302339
11.999998 11.631798
10.2 10.228712
11.999998 11.235123
11.7 11.8397455
10.40103 10.654171
11.2 11.260905
11.5 11.597219
11.2 11.3038225
10.622879 10.632054
11.2 11.219521
14.43626 14.20031
11.900001 11.812632
11.599999 11.680925
14.29382 15.112472
11.8 11.786142
11.2 11.204708
12.953872 12.8938265
11.599999 11.623798
11.1 11.185518
11.2 11.19567
11.3 11.485518
11.599999 11.513712
11.999998 11.886831
11.900001 11.840163
11.999998 11.81549
11.2 11.350602
14.1 14.734535
10.2 10.833225
11.3 11.34466
11.400001 11.886778
12.399998 12.803797
12.299998 12.206802
12.699998 11.70941
11.2 11.196371
11.3 11.376481
11.5 11.531173
11.2 11.186837
11.400001 11.83837
11.900001 11.882963
15.108774 14.22879
11.599999 11.898027
13.299971 13.457905
12.599997 12.397152
12.499997 11.844084
11.2 11.270922
12.40103 12.54055
11.1 11.577311
11.900001 11.823153
11.267491 11.931067
13.399989 13.027798
11.2 11.458743
10.7 10.822255
11.5 11.54218
11.1 11.109723
12.199999 12.361012
11.7 11.484821
10.70206 10.897599
11.7 11.479135
12.199999 12.025722
11.3 11.450779
11.7 11.730367
11.2 11.165854
12.1 11.6513605
11.7 11.8727255
11.999998 11.994607
11.400001 11.486337
10.450574 10.532972
12.699998 12.695774
11.3 11.158706
11.3 11.311115
11.5 11.52505
12.499997 12.631565
11.5 11.851087
11.400001 11.695207
13.29382 13.546399
15.1 14.630943
11.400001 11.399214
11.5 11.458509
11.3 11.640698
12.1 12.440739
11.900001 11.7219305
11.999998 12.14824
11.261151 11.422038
11.2 11.278526
12.429754 12.273804
11.7 11.848119
13.899971 14.299044
11.999998 12.047563
11.599999 11.664891
13.000009 13.896743
11.1 11.207492
12.404044 12.936335
11.2 11.314719
11.8 11.811896
10.1 10.16633
11.5 11.384687
11.3 11.543651
11.5 11.468875
11.400001 11.521066
12.499997 14.543917
11.5 11.70434
11.2 11.151276
11.900001 11.937174
11.900001 11.938177
11.136212 11.258763
13.699981 12.581617
11.1 11.343493
11.400001 11.354379
11.7 11.908566
12.199999 12.243502
14.600313 15.362026
11.3 11.53449
11.8 11.354469
11.5 11.537788
11.7 11.7769375
11.400001 11.493174
11.3 11.844028
11.5 11.591518
11.3 11.35329
15.1 14.640997
11.2 11.104292
12.499997 12.303339
12.599997 13.153692
11.8 11.996628
11.1 11.081673
11.343923 11.596871
11.599999 11.823748
11.1 11.550416
12.531798 11.773245
11.2 11.263188
11.5 11.466995
11.3 11.379477
11.5 11.686269
12.699998 12.676932
12.267491 12.573433
13.1 12.965765
11.900001 11.830844
10.622879 10.496462
11.2 11.222643
11.1 11.192986
11.8 11.478249
11.8 11.249973
11.400001 11.426858
12.599997 12.225222
11.7 11.39827
11.7 12.133001
11.230576 11.26481
11.2 11.429919
11.5 11.704569
11.7 11.315559
12.299998 12.096366
11.900001 11.890269
12.287653 12.391952
11.400001 11.412442
11.1 11.18529
11.2 11.253738
14.600313 13.49345
11.2 10.994693
11.2 11.139353
11.3 11.519824
11.7 11.40484
10.622879 10.962925
12.699998 11.895252
11.8 11.430855
12.599997 12.211877
11.900001 12.045655
11.1 11.17417
14.40103 14.256554
11.8 11.776006
11.400001 11.433945
10.8 10.980796
11.2 11.011281
11.5 12.478437
11.2 11.286177
13.399989 13.040616
9.79897 9.656506
11.900001 11.905835
11.2 11.345414
12.599997 12.58444
11.999998 11.70066
11.8 11.321186
11.1 11.116851
10.923909 10.321804
11.1 11.239793
11.89588 11.405564
11.3 11.531372
11.3 11.500105
13.719789 14.141055
11.1 10.817273
11.8 11.781733
13.000009 11.917361
11.900001 11.890008
11.1 11.218571
11.2 11.260232
11.3 11.170085
11.3 11.512045
12.799992 12.561116
12.199999 12.985271
10.3 10.4329
11.8 11.77492
11.400001 11.601602
11.5 11.582263
10.418758 10.446277
11.2 11.2763815
11.3 11.329114
11.400001 11.25288
11.599999 11.602163
11.900001 11.694279
11.5 11.566593
11.1 11.056888
10.622879 10.777599
11.3 11.514104
12.446788 12.545158
11.999998 12.468946
11.058607 11.026461
11.8447275 11.73737
11.1 11.319799
11.7 11.6082735
11.1 11.143153
11.900001 11.873577
11.900001 11.871558
12.599997 12.081112
11.3 11.3226185
11.2 11.414918
11.900001 11.960223
11.4 11.582871
11.2 11.234195
12.1 12.572217
11.1 11.073449
10.6934595 11.217033
11.8 12.043758
11.8 11.739206
12.699998 12.257386
11.599999 12.190495
11.2 11.208168
11.7 12.382673
13.1 12.633716
12.499997 12.964703
10.40103 10.721801
12.899998 12.421353
10.210698 10.769806
11.599999 11.261008
11.900001 11.822879
11.2 11.167326
12.399998 11.496357
11.2 11.205047
11.605162 11.370607
11.900001 11.831369
11.900001 11.455578
11.900001 11.805792
12.584126 11.89425
13.999974 14.104397
11.7 11.601162
11.400001 11.698686
11.1 11.249306
13.399989 12.229636
12.899998 12.546708
11.8 11.721191
11.599999 11.470505
11.2 11.237766
11.400001 11.513981
11.900001 11.86285
11.1 11.143856
11.1 11.047492
11.8 12.112189
12.314671 11.172287
13.500008 12.688756
11.1 11.173821
11.8 12.055546
11.7 11.92077
11.2 11.146681
11.2 11.2373085
11.599999 11.858466
11.400001 12.038863
11.900001 11.897122
11.999998 12.052804
10.6 11.37095
13.40103 12.124645
14.870304 13.941284
11.460513 11.298894
11.2 11.278346
11.3 11.336698
11.7 11.672369
11.2 11.192102
13.500008 13.468867
11.1 11.124438
14.869551 15.375401
12.299998 11.393487
11.3 11.287128
11.2 11.256586
11.3 11.709271
11.3 11.353512
11.999998 12.003759
11.3 11.37453
11.2 11.211264
13.000009 13.16984
11.7 11.959409
11.999998 11.3385725
11.8 11.822939
12.399998 12.615474
12.699998 12.453276
11.1 11.152659
12.505608 12.886077
12.499997 12.43118
12.399998 11.983102
11.5 11.616084
12.1 12.025883
12.520216 12.632766
14.200179 14.755923
10.2 10.463051
11.8 11.593568
10.1 10.113404
11.2 11.088962
11.1 11.142504
13.600039 11.724995
11.400001 12.432952
12.199999 11.875385
11.900001 11.856672
10.1 10.877912
11.900001 11.85822
11.1 11.11873
11.999998 11.408306
11.400001 11.444395
11.5 11.575675
15.200179 14.623037
11.3 11.64797
12.299998 12.137919
11.1 11.137742
11.2 11.18268
11.599999 11.610763
11.900001 11.78691
11.2 11.7553005
11.8 11.876237
11.900001 11.83835
10.3 10.276651
11.3 11.325767
11.900001 11.840988
13.200015 12.972971
12.899998 13.091601
11.999998 12.206691
11.1 11.106945
11.3 11.431438
12.359637 12.561491
12.299998 12.270713
11.400001 11.393819
11.400001 11.496348
10.1 10.447156
11.8 11.865836
11.8 11.877862
11.3 11.278727
11.8 11.841705
12.299998 12.161892
11.1 11.44954
11.599999 11.555464
11.999998 12.22425
11.400001 11.408713
11.3 11.291827
11.8 11.684599
12.399998 12.457142
11.3 11.368741
11.900001 11.962478
11.1 11.165571
11.2 11.543889
11.900001 11.631446
11.1 11.107783
11.2 11.484644
11.2 11.544358
11.3 11.483923
11.8 11.7720995
11.2 11.034068
11.2 11.2719965
13.699981 12.6119375
11.599999 11.698587
11.3 11.262833
11.1 11.232245
11.5 11.601248
11.3 11.323192
11.5 11.643853
11.999998 11.989501
9.947712 9.75121
11.8 11.7789545
11.8 11.814266
11.1 11.038987
11.5 11.440651
11.1 11.070679
12.799992 13.031198
11.7 11.699361
11.7 11.688687
11.900001 11.868649
11.599999 11.607816
11.8 11.828298
10.622879 11.26312
11.400001 11.492469
11.7 11.619374
11.7 11.995675
11.8 12.110202
10.8 11.073394
14.400163 13.656661
11.2 11.247258
11.2 11.226081
11.3 11.573597
14.500117 14.107714
11.1 11.134822
12.599997 11.534666
13.999974 13.382908
11.3 11.4953165
11.8 11.732875
11.3 11.434245
11.1 11.125849
11.3 11.439378
11.1 11.1139765
11.5 12.295874
11.8 11.775647
11.599999 11.643349
11.1 11.064239
11.2 11.471211
11.900001 12.857217
11.1 11.073803
10.622879 10.858454
11.2 11.285075
11.1 11.108173
11.7 11.780841
11.1 11.680586
11.900001 11.874954
12.699998 12.477801
11.5 11.56057
11.8 11.775825
11.1 11.216792
11.400001 11.353681
12.499997 11.727863
11.1 11.01711
11.381498 11.725031
12.499997 12.335919
13.249993 13.421544
11.8 11.771468
11.900001 11.863304
12.799992 12.10228
11.599999 11.546402
11.5 11.804242
9.79897 9.978436
11.3 11.38586
11.3 11.326099
12.899998 13.179669
11.1 11.179536
10.1 9.876619
11.456548 11.658942
11.1 11.449885
10.1 9.939347
11.900001 11.934147
11.2 11.112304
11.7 12.611861
12.199999 11.551561
11.3 11.436278
11.3 11.423421
11.2 11.173175
11.5 11.513824
11.2 11.144596
11.2 11.56373
11.900001 11.806927
11.5 12.796143
11.8 11.161402
13.899971 13.729045
10.3 10.742145
12.599997 12.345961
11.400001 11.554421
14.200179 14.905378
11.2 11.21137
11.900001 11.855905
11.2 11.34095
15.200179 15.903515
12.399998 13.090733
11.2 11.274484
11.1 11.169084
11.599999 11.559799
11.999998 11.804229
11.1 11.197355
11.7 11.756703
11.2 11.418104
11.020819 10.858918
11.599999 11.750606
11.2 11.306667
11.5 11.624819
13.122276 13.216812
11.900001 11.66719
11.2 11.219124
11.3 11.362426
11.2139435 11.589542
11.999998 12.054359
13.000009 12.070496
11.900001 11.938952
11.2 11.229342
11.900001 12.218603
11.5 11.319883
11.400001 11.418826
11.900001 12.066672
11.2 11.14501
11.2 11.210501
14.321849 13.747876
11.900001 11.946819
11.7 11.717914
12.1 11.46663
11.900001 11.855847
12.821246 12.90398
11.2 11.304936
11.685027 11.106066
11.1 11.071251
13.500008 14.251977
13.1 13.636578
11.2 11.308948
11.7 11.538952
11.2 11.31247
12.299998 12.196546
12.499997 11.814093
11.599999 11.809739
11.999998 11.198429
12.899998 12.165282
12.359637 12.279847
11.2 11.270896
11.900001 11.616577
14.79897 14.077117
10.40103 10.207494
11.2 11.400916
11.7 11.913286
12.555932 12.543665
11.2 11.147974
11.2 11.314959
11.3 11.296834
13.699981 11.725414
11.999998 11.959683
11.1 11.239255
11.1 11.314652
12.299998 12.409386
11.7 11.840048
12.899998 11.717581
11.599999 11.990006
10.1 10.379848
11.400001 11.172231
11.3 11.290644
11.900001 11.888642
11.1 11.10884
9.49794 9.611317
11.900001 11.817454
13.899971 12.576077
11.900001 11.4122
11.2 11.36605
11.5 11.637468
12.699998 11.638236
12.499997 12.26645
11.8 12.233628
12.1 11.687996
11.3 11.380528
11.1 11.088909
11.400001 11.4209585
11.1 11.184256
11.400001 11.508642
13.399989 12.951806
11.1 10.9600935
12.399998 12.983205
11.900001 11.867673
14.254902 14.426338
11.999998 11.868857
12.899998 12.876097
11.1 11.188444
11.3 11.297508
12.453596 12.534887
11.599999 11.741725
9.79897 9.673556
11.5 11.490079
15.600313 15.960578
13.500008 13.871017
11.8 12.047222
11.1 11.152387
10.40103 10.46546
11.1 11.203521
12.599997 12.766712
13.200015 12.393108
11.1 11.248164
13.000009 13.539724
11.2 11.308457
10.40103 10.522261
11.8 11.79891
11.2 11.189396
12.1 11.698674
10.1 10.183108
11.8 11.782742
11.5 11.566141
10.70206 10.693736
11.999998 11.602123
12.120452 12.110349
11.2 11.24466
11.2 11.191345
11.1 11.013996
11.900001 12.553738
11.400001 11.409427
11.5 11.583361
11.599999 11.899626
11.2 11.135959
11.1 11.563079
11.7 11.7101555
11.7 11.625126
11.5 11.542358
11.1 11.350965
13.392429 11.775656
11.1 11.284244
12.399998 12.790377
11.2 11.385052
11.1 11.279632
11.2 11.42518
11.7 11.733971
10.690574 10.610212
11.900001 11.90466
11.349999 11.551013
12.899998 13.200887
12.1 12.20676
11.745892 11.881298
10.8 11.139231
11.1 11.098818
12.637602 12.070002
11.900001 11.39192
11.5 11.5700245
12.499997 12.256021
11.3 11.284877
11.900001 11.8409605
12.799992 12.656063
11.900001 11.919016
12.899998 14.521568
11.400001 12.141543
12.699998 12.318214
12.899998 12.8450985
14.1 14.283508
11.8 11.796865
11.599999 11.521684
14.40103 14.412927
11.900001 11.811351
11.8 11.770026
13.000009 13.173942
11.1 11.178701
11.900001 11.915677
11.555932 11.247827
11.2 11.323084
11.599999 11.57893
11.2 11.18247
11.400001 11.646929
11.2 11.999108
11.3 11.377399
11.5 11.488172
12.499997 12.346533
11.900001 11.712243
11.5 11.7225065
11.900001 11.871712
11.49794 11.371296
11.1 11.033723
11.1 11.128229
11.900001 11.873704
10.49794 10.304519
11.2 11.263751
10.1 10.00078
13.000009 11.556133
11.2 11.23063
11.5 11.983137
11.3 11.227657
11.2 11.245548
11.999998 12.006417
11.3 11.392312
12.599997 12.691737
11.8 11.727941
11.3 11.420026
11.900001 11.981028
14.700326 12.587398
11.3 11.307552
11.7 11.795219
12.199999 12.334998
11.400001 11.335189
11.2 11.104429
11.7 11.853789
11.900001 12.085468
11.999998 12.35266
11.1 11.192803
11.2 11.223106
13.511954 12.421964
11.8 12.11168
11.5 11.664058
11.999998 11.63262
11.1 11.776874
11.400001 11.459212
11.999998 12.031284
11.2 11.160317
12.499997 12.45774
10.4 12.306973
11.599999 11.688471
11.7 11.707315
12.499997 12.588215
12.199999 12.566664
11.637602 11.671242
12.601689 12.561525
11.8 11.792895
11.3 11.65682
14.1 12.073585
11.1 11.055978
11.1 11.182265
11.900001 11.798954
11.8 11.690412
11.5 11.522018
11.5 11.595685
11.3 11.348194
11.1 11.215027
10.719789 11.1679325
11.1 11.127029
11.2 11.269238
11.5 11.826171
11.5 11.729981
11.400001 11.388122
11.900001 11.872681
12.639102 12.916429
12.1 12.104044
11.1 11.163113
11.400001 11.461151
11.900001 11.960629
11.8 11.922271
13.1 13.199764
11.1 11.8895855
13.1 12.768546
11.5 11.853848
11.1 11.109177
11.3 11.369909
11.8 12.188164
11.8 11.551489
11.3 11.945783
11.8 11.787941
12.199999 12.823366
11.999998 11.859313
11.3 11.314408
11.5 11.643137
11.2 11.192046
11.5 11.601138
10.40103 10.522278
10.186186 9.994449
10.8 10.908374
11.56133 11.972406
11.1 11.261352
11.2 11.273714
11.999998 12.04473
11.5 11.723261
11.1 11.108105
11.1 11.817676
11.5 11.608267
11.3 11.470401
10.738272 9.9398
11.7 11.745512
11.5 11.639501
11.400001 11.3332405
13.1 11.736538
11.900001 11.727131
11.1 11.350943
11.599999 11.895738
11.8 11.794531
13.699981 13.831062
12.1 13.035561
11.3 11.417211
13.128426 12.727793
14.49794 14.037475
11.999998 11.546845
11.599999 13.355167
11.5 11.699733
10.6 10.471131
15.1 13.462687
12.499997 12.331711
11.5 11.607673
11.1 11.131349
11.8 11.667072
11.900001 11.884323
11.1 11.227959
11.1 11.099691
11.1 11.140254
11.2 11.254918
11.2 11.322375
11.2 12.368371
12.399998 11.60351
10.40103 10.307053
11.5 11.469385
11.2 11.3415
13.200015 13.404984
11.1 11.129712
11.8 11.774319
11.2 11.303201
12.399998 13.394352
10.5 10.658129
11.900001 11.791116
11.8 11.805416
13.49794 11.217208
13.299971 11.679305
13.8409815 15.349173
11.2 11.332365
11.5 11.414536
12.199999 11.921205
11.900001 12.034256
13.600039 12.071673
11.3 11.261318
11.900001 11.921225
11.660667 12.195342
11.70206 10.990487
10.9 10.660536
11.1 11.351631
14.200179 13.149264
11.2 11.177451
11.400001 11.449735
11.5 11.872054
10.2 10.532608
11.599999 11.661521
11.5 11.603049
11.900001 11.908512
11.900001 12.158566
11.997942 11.784966
11.5 11.586495
10.40103 10.401548
11.3 11.319037
11.2 11.22835
11.999998 11.78815
11.900001 11.925906
11.599999 11.575464
12.399998 12.6193075
11.2 11.280634
11.1 11.076989
11.400001 11.3928385
9.1 9.063323
11.400001 11.406461
11.400001 11.2449255
14.200179 13.606582
12.499997 13.048771
10.70206 10.893625
11.7 11.651445
11.849999 12.070882
11.1 11.063403
11.5 11.584517
11.5 12.216045
11.999998 11.885291
11.1 11.210443
10.1 9.8215685
11.3 11.636601
11.1 11.200018
11.900001 11.94825
11.5 11.882789
11.2 11.134567
11.900001 11.99989
11.599999 11.6116
11.3 11.426633
11.599999 11.467196
11.2 11.12112
11.2 11.089265
11.400001 11.538072
12.26877 13.032322
11.2 11.418852
11.2 11.23391
11.3 11.333327
11.5 11.390313
14.1 14.342479
11.2 11.122411
11.7 11.805512
10.70206 10.62535
11.5 11.564393
11.622879 11.453811
11.1 11.297972
11.900001 11.934153
11.599999 11.614957
13.399989 13.212267
11.5 11.819017
11.900001 11.915041
12.1 12.145008
13.999974 12.89014
9.79897 9.980263
11.2 11.24001
13.1 13.284916
9.66703 9.662628
11.999998 11.844285
12.399998 12.482557
11.7 11.681781
11.599999 11.609517
11.5 11.709026
11.5 11.57019
11.400001 11.4831085
11.7 12.043473
11.400001 11.5117655
11.2 11.542186
10.70206 10.783165
10.2 10.238429
12.199999 12.428855
11.900001 11.922966
12.499997 11.816828
11.8 11.627734
11.3 12.081785
11.5 11.560563
12.298596 12.592279
11.7 11.686337
11.7 11.438662
10.622879 10.578823
11.599999 11.68143
11.599999 11.675228
11.900001 11.877259
11.1 11.290033
11.3 11.298398
11.900001 11.844468
11.2 11.125356
11.8 11.793293
11.7 11.775181
12.799992 11.955267
11.900001 11.827102
11.3 11.403165
11.1 11.344181
10.3 10.235296
12.1 12.147167
12.1 12.05357
11.400001 11.41403
11.2 11.49677
11.3 11.533674
11.2 11.221645
10.1 10.541752
11.7 11.810588
12.199999 12.139714
12.399998 12.048471
12.761543 12.414111
11.3 11.161019
11.900001 11.948056
11.3 11.227979
11.5 11.284124
11.8 11.791884
11.2 11.193791
11.3 11.301089
13.8447275 13.946743
11.900001 12.182849
11.79897 12.220233
12.70206 13.057542
11.3 11.420768
12.599997 12.069903
11.999998 12.326616
11.1 11.189552
10.49794 11.203269
11.1 10.960144
12.199999 13.261042
10.49794 10.287713
11.3 11.719805
11.1 10.9782915
11.8 11.999162
11.2 11.248682
11.599999 11.645965
11.999998 12.283466
11.999998 12.488067
11.3 11.379606
12.986056 13.099313
9.70206 9.796691
11.7 11.721168
11.3 11.257484
13.145758 11.809555
11.2 11.192706
11.2 11.196971
11.400001 11.187571
11.2 11.153671
11.900001 11.873927
11.1 11.20277
11.2 11.269774
11.1 11.107617
11.7 11.704781
11.8 12.179343
13.500008 13.050463
13.4372425 13.6044235
11.999998 12.18629
11.5 12.429034
11.5 11.663164
11.5 11.504303
12.399998 13.573367
11.1 11.1924
11.8 11.764758
10.8 11.063456
11.5 11.511745
11.1 11.366937
11.3 11.421958
11.900001 11.436384
12.199999 12.165837
12.899998 12.392042
11.2 11.076085
13.600039 14.192373
12.899998 13.328745
11.3 11.305178
11.599999 11.601938
11.1 11.113363
11.1 11.253116
11.2 11.640686
11.8 11.444761
11.900001 12.152664
11.2 11.184895
11.2 11.438183
12.499997 12.565051
12.399998 12.254246
11.599999 13.224915
11.2 11.383223
11.400001 11.646394
11.1 11.103649
13.899971 14.276777
12.399998 11.918312
9.79897 9.589459
12.1 11.765552
11.8 11.813937
11.2 10.909621
12.299998 12.378116
12.199999 11.389337
11.3 11.501847
11.2 11.46465
11.400001 11.41169
12.299998 11.800332
11.923909 12.917189
11.7 11.8981695
11.8 11.844773
11.49794 11.544851
11.999998 11.974174
11.938632 12.139164
10.70206 10.868997
13.500008 12.528146
11.400001 11.361762
12.622879 11.86686
11.5 11.478221
11.5 11.490273
11.599999 11.766959
11.1 11.236991
11.2 11.317831
11.2 11.191325
11.599999 11.650126
10.427902 10.765227
13.899971 14.081551
10.6 10.365592
11.40103 11.489598
11.1 11.10895
11.999998 12.374199
14.200179 12.0005245
14.200179 14.523368
13.600039 13.722217
11.1 11.108926
11.8 11.569572
11.999998 11.582843
14.79897 14.546519
11.2 11.205936
11.5 11.825469
11.400001 11.462709
13.999974 13.100363
11.5 11.50762
11.3 11.327453
11.8 11.771271
11.738272 10.966444
11.2 11.820074
12.699998 13.55726
11.3 11.2914915
11.2 11.207865
12.699998 11.712774
11.1 11.446197
11.2 11.504468
11.5 11.57006
12.299998 12.576179
11.1 11.267778
11.3 11.456291
11.1 10.503241
11.2 11.206037
11.999998 11.958347
11.900001 11.883048
14.901343 13.447636
11.900001 11.882637
11.8 11.910837
11.1 11.203535
10.70206 10.663239
11.400001 11.460085
12.599997 12.942432
11.400001 11.63175
10.6 10.644081
12.399998 11.722303
11.999998 12.175063
15.262569 16.095675
11.7 11.757573
11.400001 11.198373
11.3 12.194079
11.5 11.53349
13.165502 13.133039
11.999998 12.410211
11.900001 11.906099
11.2 11.238724
11.900001 11.828718
11.1 11.049816
11.2 11.39498
13.699981 13.116344
11.900001 11.856927
11.999998 11.998721
13.800057 13.366263
11.8 11.699925
11.400001 11.341382
11.3 11.480307
11.999998 12.157848
11.900001 11.8970375
10.9 10.547904
11.900001 11.930774
11.1 11.363408
10.2 10.699148
11.1 11.187784
11.7 11.685419
11.900001 11.912078
11.1 11.1649685
11.816699 12.262624
11.2 11.301691
11.1 11.1408615
11.2 11.071589
12.799992 12.48406
13.999974 13.419706
11.1 11.023149
10.2 10.236993
11.5 11.611101
11.2 11.170863
13.600039 13.862827
14.1 13.317537
11.599999 11.644088
11.3 11.280698
9.79897 9.577913
11.1 11.354821
11.5 11.571786
11.8 12.223508
11.8 11.628442
10.321849 10.287393
11.3 11.200135
11.1 12.171965
11.1 11.129481
12.499997 12.269308
11.2 11.282988
11.999998 11.937279
13.899971 11.902155
11.1 10.80291
11.2 11.264389
11.999998 12.154074
11.7 11.88252
12.199999 12.228288
12.399998 12.349574
11.400001 11.566237
12.199999 12.484377
11.8 11.799459
12.499997 12.280681
11.8 11.7276325
11.900001 11.886188
11.599999 11.514577
11.2 11.752374
11.7 12.063465
12.199999 11.585437
11.1 11.153042
9.79897 9.675028
11.7 11.727968
10.1 10.410058
11.2 11.1957245
12.1 11.515423
11.1 11.165286
11.2 11.237198
11.2 11.291148
12.499997 12.701021
11.7 12.488888
11.999998 12.017024
11.1 11.096213
11.3 11.434971
11.7 11.2924185
11.5 11.315556
11.2 11.326769
12.399998 12.197062
10.1 10.311141
11.1 11.1234455
11.599999 11.488948
12.599997 12.569302
10.6 10.479631
11.999998 12.02162
11.599999 11.694453
11.900001 12.315447
11.8 12.188869
11.599999 11.623323
11.5 11.581009
11.400001 11.503146
11.900001 11.858875
13.500008 14.736496
11.900001 11.84987
11.999998 12.013872
11.2 11.341899
11.79897 11.773957
11.1 11.238684
11.400001 11.423988
11.2 11.166934
10.6 10.528661
11.1 11.162839
11.3 11.374515
11.900001 12.041306
12.199999 12.129248
12.899998 13.094492
14.180399 14.4238615
11.900001 11.83771
11.8 11.914541
11.900001 11.823561
11.900001 11.778012
11.1 11.531882
11.599999 11.6807375
11.1 11.213304
11.5 11.638412
12.767562 12.865099
12.399998 12.052011
12.199999 11.782685
11.3 11.411695
11.900001 11.930249
12.299998 11.708385
11.351037 11.471354
13.999974 14.318012
11.2 11.184088
11.1 11.064375
11.599999 11.635784
11.3 11.252195
12.017215 12.175351
11.900001 11.881936
11.5 11.521716
12.1 12.433793
11.2 11.313318
12.986056 13.318039
11.1 11.247024
11.3 11.419545
11.5 11.543775
11.1 11.17054
11.7 11.712282
11.2 11.598593
11.400001 11.414998
11.2 11.191713
11.2 11.528294
11.1 11.173643
11.5 11.575086
12.1 11.799691
11.2 11.293537
12.899998 12.592128
10.6 10.397239
12.399998 11.949062
11.2 11.24717
15.1 14.618881
10.9 10.195469
11.900001 11.857807
11.3 11.435438
11.7 11.743422
11.400001 11.3787155
11.7 11.665858
11.3 11.379174
12.699998 13.545219
14.29897 14.734335
12.1 11.825919
11.1 11.110213
11.7 11.656631
11.999998 12.464451
11.599999 11.654511
11.900001 11.884625
11.900001 11.801148
11.900001 12.142191
12.1 13.668102
14.1 14.261829
11.1 11.129882
11.900001 11.820637
11.8 11.44886
13.364454 12.19191
11.599999 11.48153
11.2 11.188288
11.2 11.192995
11.1 11.214704
11.5 11.459839
11.599999 11.584219
11.400001 11.368749
13.800057 14.121861
11.400001 11.57149
11.2 11.224591
11.900001 12.772618
11.2 11.514105
11.900001 11.689159
12.1 11.31412
11.999998 11.888591
11.900001 11.877276
11.267491 11.762645
12.757577 13.540263
11.900001 11.767634
11.900001 11.948739
11.2 11.543682
11.1 11.22099
11.900001 11.93494
11.2 11.640826
11.999998 11.997617
11.3 11.657899
11.383997 11.711672
11.900001 11.831878
11.40103 10.914386
11.5 11.660126
11.1 11.700057
11.5 11.601739
11.3 11.531679
11.950048 12.888868
11.599999 11.63455
11.3 11.560605
11.5 11.479719
11.2 11.21284
12.300659 12.371042
11.3 11.427059
12.699998 12.4193945
12.699998 12.358942
11.7 11.836735
11.7 11.668607
11.2 11.292968
10.1 10.4582
11.400001 11.437765
11.59621 11.052611
11.400001 11.559283
11.8 11.78049
11.1 11.177932
14.113489 13.374486
12.794648 12.361651
11.2 11.285218
11.900001 11.9472885
11.777781 11.693557
11.7 11.74248
11.999998 11.775039
11.900001 11.850904
11.1 11.097748
11.900001 11.83816
11.400001 11.307372
14.400163 14.352145
11.2 11.298972
13.000009 13.83977
11.900001 11.808399
13.427902 13.67415
11.900001 11.993114
11.400001 11.356559
12.899998 12.634698
13.1 12.281113
11.2 11.344244
14.1 14.1462
11.3 11.282822
11.900001 11.852707
11.5 11.547185
10.70206 10.808969
11.3 11.334101
12.599997 13.2547455
11.900001 11.768635
10.4 10.8132305
10.8 10.485273
11.900001 11.874019
11.2 11.225057
11.1 11.268907
13.200015 12.368225
11.2 11.3807125
11.999998 11.450902
11.3 12.304026
11.2 11.231489
11.1 11.863168
11.3 11.392394
11.5 11.835388
11.7 11.682887
11.900001 11.880533
11.8 11.552748
11.2 11.306209
12.299998 12.294666
12.499997 12.7950325
11.8 12.043027
11.2 11.154751
11.2 11.273692
11.900001 11.850035
10.622879 10.510173
11.900001 11.816146
11.2 11.365655
11.8 11.817713
11.8 11.496069
11.3 11.30032
11.7 11.352682
11.8 12.327963
11.2 11.31906
11.5 11.434643
10.1 10.149229
13.000009 12.284672
11.2 11.269385
13.999974 14.007857
11.900001 11.88244
12.199999 12.132871
11.3 11.575451
11.8 11.881512
11.2 11.239275
11.3 11.575346
13.1 13.279775
11.3 11.53526
12.1 11.496741
11.499027 11.672381
11.2 11.261011
11.599999 11.5827265
11.1 11.035149
12.199999 11.706366
11.2 11.378022
11.999998 11.903418
11.2 11.357521
11.1 11.245112
11.5 12.613285
14.200179 13.652583
11.1 11.404706
11.599999 11.613504
11.999998 11.935008
14.1 13.5003605
12.299998 12.340361
11.7 11.724419
12.699998 12.880046
11.8 11.979843
13.000009 12.254478
11.55 11.605024
11.1 11.30359
11.1 11.179312
11.400001 11.557219
12.1 11.814933
11.900001 11.734353
11.599999 11.647603
11.2 11.281495
11.1 11.1931305
11.1 11.056797
11.599999 12.008335
12.599997 11.490055
10.555932 10.550964
11.1 11.547363
11.5 11.567
11.5 11.576093
12.399998 12.356407
11.999998 11.753472
13.500008 13.463972
11.599999 11.642903
14.700326 13.464228
13.999974 14.441519
11.7 11.505971
11.2 11.443755
11.900001 11.917114
14.329148 14.422301
11.3 11.237291
11.7 11.636414
10.9 11.06432
11.900001 11.931253
11.1 10.926562
11.1 11.196098
11.25 11.351615
14.400163 13.943074
11.2 11.2163515
11.2 11.244348
11.7 11.736793
11.599999 11.654032
11.1755495 11.394812
12.599997 12.236962
12.199999 11.9889
11.2 11.247793
11.599999 11.650495
11.599999 11.613745
11.8 11.405985
11.599999 11.604261
11.3 11.629357
10.70206 11.2802725
11.400001 11.577899
11.1 11.182615
11.5 11.44465
12.1 12.624374
11.7 13.579443
11.1 11.177316
11.2 11.214952
12.2870865 12.428823
12.799992 12.444666
11.2 11.337795
11.400001 11.37263
12.1 11.953196
11.999998 11.996852
11.1 11.014541
11.900001 11.811372
11.2 11.620112
11.3 11.445203
11.999998 11.884356
11.2 11.420516
11.900001 11.906601
11.1 11.186979
13.307609 12.874632
11.1 11.069197
11.2 11.204881
11.3 11.376763
11.400001 11.31899
12.899998 13.298646
11.1 11.148032
11.351812 11.383131
11.5 11.510777
11.900001 11.7758875
11.2 11.03224
12.40103 12.962902
11.8 11.910215
12.799992 12.21105
11.5 11.613778
11.1 11.556196
11.2 11.30834
11.2 11.25627
11.7 11.728107
11.5 11.435055
12.020819 11.6104
12.199999 11.963145
14.1 12.4705515
11.2 11.235891
11.8 11.795459
11.400001 11.491088
10.622879 11.572051
11.2 11.21191
11.8 11.907792
11.2 11.13079
11.999998 11.933813
11.1 12.523039
11.400001 11.420776
11.5 11.569444
11.400001 11.462358
13.000009 13.045936
11.900001 11.983996
11.2 11.278979
11.1 10.904268
12.799992 12.191586
11.3 11.381923
12.599997 13.048839
11.900001 11.914009
14.79897 14.138414
11.900001 11.842871
10.1 10.676046
12.699998 12.833493
11.999998 12.147347
11.622879 11.124474
11.900001 11.891723
11.2 11.202041
11.2 11.278699
11.2 11.186893
12.799992 12.482161
11.900001 11.888205
11.3 11.218978
11.2 11.379246
11.2 11.239521
11.5 11.531631
10.652842 10.9353485
11.5 11.583634
11.5 11.471229
11.3 11.372719
11.3 11.329084
11.900001 11.883854
11.1 11.119637
11.599999 11.468323
11.1 10.954623
11.2 11.203373
11.3 11.2857895
14.299971 14.603176
11.1 11.234342
11.999998 11.887328
11.2 11.293092
13.1 12.988395
11.999998 11.998557
11.999998 11.885042
10.622879 13.924978
10.70206 10.534394
11.5 11.58023
11.1 11.041441
11.3 11.277212
11.8 11.7458315
11.900001 11.479376
12.810108 12.592467
11.8 11.381956
11.900001 11.871558
11.3 11.365453
11.1 11.246192
11.8 11.732186
13.699981 12.662167
12.499997 11.913798
11.175721 11.47906
11.999998 11.677188
11.8 11.8523445
11.2 11.302917
11.1 11.275782
11.3 11.517308
12.599997 12.909875
11.1 11.174213
11.5 11.620612
10.1 10.001018
10.4 10.158968
11.3 11.411871
14.500117 13.963615
11.7 11.703498
11.400001 11.549895
11.5 11.517106
11.999998 11.902853
11.2 11.096241
11.1 11.141193
12.358699 12.7042885
11.2 11.3338785
11.2 11.141395
11.3 12.115391
11.2 11.280207
11.2 11.175496
13.200015 13.376191
14.40103 12.89101
11.8 11.77387
12.699998 12.096825
11.1 11.225318
11.8 11.947871
11.400001 11.5425005
11.3 11.703233
10.598941 11.038078
11.3 11.347148
12.299998 12.381656
12.299998 11.760144
11.999998 11.851911
13.699981 13.3736105
10.224938 10.077927
10.622879 10.719533
11.8 11.888228
11.8 11.871731
11.40103 11.105068
11.803335 12.976768
11.1 11.549826
12.1 12.521213
11.2 11.572672
11.900001 11.886555
11.1 10.995411
11.900001 11.880361
11.599999 11.337563
11.7 12.103833
11.7 11.5572815
11.599999 11.616738
12.668636 12.834356
12.299998 12.2712145
11.599999 11.6085
11.599999 11.640163
11.8 11.435039
11.1 11.135012
11.3 11.860725
12.821246 11.835707
11.900001 11.374345
12.299998 12.716374
11.5 11.301897
11.900001 11.816191
11.2 11.382473
11.2 11.211962
11.3 11.27738
11.900001 11.920294
11.400001 11.334926
11.2 11.135619
15.1 15.49715
11.999998 12.101885
11.2 11.495841
11.3 11.587405
11.2 11.228032
11.8 11.936515
13.600039 12.8007
13.500008 12.987408
11.2 11.261639
11.1 11.053002
11.2 11.219367
11.3 11.449841
11.222634 11.19645
11.1 11.015954
11.1 11.570232
13.000009 13.214815
12.196367 13.296097
13.307609 13.579658
11.1 11.524473
12.1 11.817942
11.599999 11.5180435
11.7 11.518252
11.3 11.281288
11.1 11.290061
11.3 11.405262
12.499997 13.677624
11.3 11.469801
11.599999 11.613698
11.599999 11.621549
11.1 11.254442
11.900001 12.045044
10.70206 10.83928
11.1 11.277381
11.5 12.072802
11.2 11.315029
11.2 11.208498
11.900001 11.927956
13.1 12.980946
11.900001 12.074242
11.392207 11.115395
11.5 11.499451
10.70206 11.057064
12.699998 12.757719
11.7 11.759467
11.900001 12.775839
13.000009 13.880472
11.599999 11.636951
11.2 11.215848
11.3 11.52414
11.400001 11.398425
11.2 11.651117
11.400001 11.422107
11.953872 12.654282
12.299998 12.137049
15.200179 15.632371
11.1 11.160908
11.1 10.916106
11.622879 11.553481
11.400001 11.729698
11.3 11.381973
11.3 11.531186
11.7 11.716665
11.2 11.3792515
11.400001 11.474609
11.8 11.746521
11.8 11.628197
10.8 10.954788
11.8 11.743386
11.8 11.801937
12.299998 12.38123
13.000009 12.645907
11.2 11.163001
11.8 11.618151
11.1 11.31986
10.622879 10.863786
13.000009 13.322537
11.2 11.279138
11.900001 12.294571
12.415514 12.277608
11.8 11.91871
11.900001 11.894677
11.3 11.358944
12.19691 12.282726
11.3 11.740299
11.900001 11.806717
13.500008 13.150515
13.399989 12.162545
10.622879 10.325435
12.1 11.481614
13.899971 13.204582
11.8 11.801866
11.1 11.36097
11.599999 11.3456745
11.599999 11.409752
11.999998 11.796529
11.900001 11.781622
13.299971 12.426614
11.2 11.230732
12.1 11.928875
13.399989 13.832535
12.299998 13.394955
11.5 11.920636
11.1 11.145904
12.699998 12.994256
11.2 11.263223
11.3 12.648098
11.1 11.197922
11.1 11.128482
11.5 11.933923
11.8 11.934405
11.599999 11.255375
11.794648 12.101993
11.5 11.216016
11.7 11.59219
11.1 11.1299095
11.7 11.776327
13.999974 12.916775
11.400001 11.208011
13.699981 13.691205
10.1 9.91544
13.800057 14.276203
10.1 9.980903
12.799992 12.796633
11.7 11.62869
11.3 11.2410345
12.899998 11.863131
11.999998 12.054062
11.900001 11.858882
11.900001 11.643471
12.399998 12.245389
11.7 11.944679
11.8 11.779993
11.1 11.191137
11.1 11.236418
11.8 11.80433
11.2 11.1475315
11.8 11.777234
11.8 11.82535
11.400001 11.334216
11.599999 12.750093
11.599999 10.90168
12.299998 14.0479765
12.499997 11.515823
13.999974 13.835926
11.1 11.3131275
11.5 11.25275
11.8 11.918691
11.599999 11.742694
11.2 11.3709755
11.999998 12.061433
11.8 11.823286
11.8 11.933674
11.7 11.652765
11.3 11.322305
10.516801 10.489323
11.5 11.653824
11.599999 11.563103
11.1 11.467014
11.2 11.218462
13.600039 11.688137
11.900001 11.647816
11.599999 11.704668
11.900001 11.917424
9.978481 9.725598
11.599999 11.5956545
11.1 11.24021
11.3 11.57036
11.1 11.119137
13.500008 13.133781
11.599999 11.567802
9.79897 9.5305
11.900001 11.851377
12.1 11.732845
11.8 11.914856
11.3 11.364594
11.599999 11.771724
11.900001 11.892273
11.7 11.633333
12.299998 13.049892
11.400001 11.4203415
13.555932 12.17459
12.899998 12.438945
11.2 11.291692
11.8 11.772223
10.5 11.461843
11.2 11.289749
12.299998 12.136149
11.1 11.177942
11.900001 11.870825
12.1 12.015244
11.520216 11.262626
11.1 11.043579
13.299971 12.266604
11.5 11.650626
11.8 11.805919
11.3 11.545958
11.1 12.278599
11.900001 12.207765
11.1 11.361509
10.1 11.213947
11.2 11.227538
11.3 11.396549
11.900001 12.075581
12.499997 11.857537
11.2 11.263184
11.2 11.304062
11.3 12.036625
11.999998 11.996315
11.900001 11.883253
14.200179 13.622404
11.999998 11.859179
13.321849 13.283506
11.5 11.924203
12.1 11.444217
11.2 11.554461
11.8 12.066215
11.900001 12.068465
11.2 11.2200985
11.2 11.374576
13.699981 12.640897
12.031815 12.502332
11.400001 11.326061
11.2 11.278792
11.1 11.523981
11.900001 11.922588
11.49794 11.66043
11.2 11.330197
11.999998 11.7914715
11.599999 11.39475
11.2 11.264574
11.8 12.037133
11.8 11.852814
11.7 11.725682
11.622879 11.619624
12.799992 12.51086
11.999998 11.887151
12.199999 11.519657
11.7 11.703987
12.299998 12.097771
11.867003 11.614121
10.3 10.446858
12.1 12.637378
11.2 11.293062
11.1 11.329281
13.800057 13.126587
11.900001 11.673806
12.699998 11.907767
11.2 11.208351
11.5 11.533304
11.1 11.204821
11.900001 11.868694
11.2 11.19227
11.900001 11.903063
9.79897 10.399084
12.299998 11.811578
11.2 11.237605
11.2 11.044993
11.1 11.216312
11.999998 11.902816
12.599997 11.553733
11.8 11.708993
11.2 11.204175
11.5 11.58285
11.900001 11.937084
11.599999 11.828152
11.900001 11.98857
11.900001 11.881556
11.5 11.4924555
11.3 11.357371
12.899998 13.894293
11.1 11.337841
11.1 11.170891
11.2 11.15784
11.2 11.256652
11.599999 11.767253
12.1 11.648932
11.3 11.671286
9.79897 9.646643
13.321849 13.20046
11.8 11.720595
11.900001 11.883154
11.900001 11.809746
14.200179 13.497422
11.1 11.134592
11.2 11.393846
11.1 11.200357
11.900001 11.827241
11.2 11.209851
11.1 11.158655
9.1 9.3832245
11.1 11.0517845
11.8 11.820563
12.199999 12.141709
11.5 11.496357
11.900001 11.851965
11.999998 11.702745
11.1 11.645239
11.3 11.347841
11.3 11.340364
11.7 11.8773575
10.40103 10.095508
11.599999 11.679183
11.1 11.1676445
11.2 11.40929
13.1 13.277508
11.400001 11.647497
13.299971 12.981723
11.79897 11.337249
11.2 11.625923
13.046922 12.906829
11.400001 11.319911
11.900001 12.317037
13.1 11.544623
11.1 11.2152605
12.899998 12.534299
11.2 11.28595
11.5 11.605623
11.599999 11.611577
11.5 11.472627
11.900001 11.816162
11.2 11.132721
11.599999 12.05088
11.3 11.3508005
11.3 11.275924
11.8 11.80748
11.599999 11.758174
11.8 11.77733
11.3 11.384245
12.1 11.776565
11.2 11.139919
11.900001 11.809806
11.2 11.373678
11.3 11.360167
10.622879 10.366498
11.5 11.47016
10.1 10.385333
11.1 11.17814
12.199999 11.63204
11.1 11.567762
11.5 11.646467
11.5 11.514145
11.3 11.576261
11.999998 11.976395
11.999998 11.820136
11.900001 11.940432
11.3 11.391519
11.1 11.2843075
11.900001 11.852611
9.49794 9.30478
12.622879 12.931963
13.800057 12.686573
11.999998 12.928183
11.900001 11.437791
11.400001 11.325142
11.900001 11.412522
12.675118 12.669276
11.8 11.718598
11.8 11.809311
13.000009 12.658865
11.1 11.116206
10.581676 10.743344
12.299998 12.367525
11.400001 11.575107
12.199999 11.856404
11.1 11.073302
11.900001 11.983842
11.7 11.518002
10.9 10.890164
12.699998 11.591469
11.1 11.247537
11.1 11.233343
11.599999 11.554064
11.900001 11.921754
11.1 11.035851
11.2 11.200864
13.1 13.149356
11.8 11.78125
11.900001 11.969875
12.599997 11.936428
11.1 11.172145
12.299998 12.608264
12.1 11.797819
11.7 11.463434
11.2 11.30521
11.1 11.213625
14.200179 15.675029
12.466532 13.337248
11.102177 13.823069
11.3 11.434846
11.999998 11.563467
11.8 11.664399
11.3 11.503193
11.3 11.233237
11.7 12.867127
11.8 11.802998
11.2 11.183547
10.7 10.598784
11.599999 11.713437
13.399989 13.390005
11.999998 11.971653
11.25 11.283084
12.299998 11.9132595
11.900001 11.919077
11.2 11.194457
12.1 11.964188
11.5 11.501889
11.900001 11.789419
11.2 12.560412
11.668636 11.73651
11.5 11.436058
11.2 11.224561
12.1 12.544745
12.899998 12.198988
11.8 11.805439
11.118531 11.260976
11.006578 11.788465
11.5 11.524729
11.999998 11.842977
14.1 13.432796
13.200015 13.750631
10.40103 10.226646
11.3 11.529041
11.8 12.081291
11.2 10.9131365
12.418758 12.607046
12.799992 13.2938595
10.794648 11.519779
11.1 11.135149
11.900001 11.917647
12.79897 13.36185
10.70206 10.636606
11.400001 11.898293
11.2 11.459111
11.999998 12.096245
11.1 11.101316
12.699998 12.096776
10.70206 10.698908
14.500117 14.022146
11.2 11.217725
11.900001 11.614145
11.5 11.841695
11.5 11.719921
13.219187 13.338556
12.370835 13.436227
11.2 11.208012
11.400001 11.294145
11.900001 11.997537
13.321849 13.85186
11.599999 11.621452
12.1 11.873891
11.2 11.480005
11.400001 11.547837
10.1 11.180104
12.899998 12.373143
11.2 11.153611
11.1 11.4895735
11.7 11.693444
11.8 11.803834
11.400001 11.544487
12.799992 12.579515
11.400001 11.5825615
11.400001 11.847411
11.599999 11.653158
11.2 11.674512
10.2 10.556149
11.900001 12.040812
11.900001 11.866448
11.7 11.679839
10.1 10.752745
11.1 11.221589
11.2 11.155106
10.40103 10.850529
11.5 11.663851
11.2 11.170287
11.8 11.9201
11.3 11.319287
11.599999 11.3910475
11.3 11.311493
14.1 14.637693
11.8 11.763389
11.900001 12.034774
10.2 10.780571
12.499997 12.438146
14.757577 15.322674
11.59485 12.796348
11.599999 11.634753
11.3 11.225602
10.29382 10.243764
11.3 11.349434
11.1 10.973753
11.1 11.240938
11.999998 11.968473
11.1 11.071213
11.1 11.133261
11.900001 11.853539
11.599999 11.626557
11.2 11.3351145
14.314671 11.503016
11.2 11.447727
11.400001 11.321468
11.1 11.083664
12.599997 13.377664
11.1 11.355226
9.622879 10.396878
11.900001 11.905872
13.1 11.577313
11.900001 11.932184
11.8 11.794617
11.2 11.391603
11.7 11.940279
11.7 11.693675
11.3 11.320744
11.1 11.107277
11.7 11.997045
9.79897 9.865102
11.900001 12.085272
11.8 11.799734
11.2 11.247981
11.1 11.3408165
14.299971 13.690024
11.599999 11.57899
11.5 11.560238
11.599999 11.625524
11.1 11.091099
12.010095 12.364808
11.1 11.436466
11.599999 11.655972
11.3 11.83062
11.8 11.626506
11.1 11.15321
12.099998 11.564024
10.7 11.382834
12.799992 12.389647
11.19691 11.064915
11.2 11.29283
11.7 11.832815
13.399989 12.459644
13.399989 13.089796
11.8 12.222134
11.2 11.340341
11.400001 11.683601
11.400001 11.360662
11.900001 12.0079
11.2 11.193294
11.2 11.700336
12.299998 11.954639
12.199999 11.29754
11.3 11.258768
12.499997 11.733653
11.3 11.33553
11.999998 11.708645
11.1 11.243713
12.1 11.8510275
11.2 11.231144
11.999998 12.042615
11.999998 11.821714
11.3 11.460115
11.2 11.253344
11.8 11.78806
13.299971 12.824202
11.7 12.203775
11.5 11.53748
11.2 11.565988
12.1 10.945879
11.140959 12.607143
11.7 11.729668
13.550023 12.7244
14.79897 14.993326
11.5 11.58714
11.3 11.541184
11.8 11.772557
11.1 11.129255
9.79897 9.563857
12.499997 12.744845
11.5 11.906884
11.7 13.262827
11.599999 11.755544
11.1 11.060099
10.70206 10.806638
11.900001 12.072372
11.456548 11.384288
11.3 11.348442
12.058607 12.439209
11.900001 11.947835
11.3 11.689931
11.2 11.417007
13.899971 14.125208
11.2 11.190304
11.2 11.199114
11.3 11.27034
10.622879 10.446483
11.2 11.301708
11.1 11.135142
11.2 11.065941
10.70206 10.909788
11.900001 11.909399
11.900001 11.938849
10.89588 10.824863
11.1 11.341713
11.400001 11.734787
11.8 12.223004
11.900001 11.9274025
11.2 11.320045
11.404665 11.15111
11.2 11.045037
11.8 11.231338
13.699981 13.237323
11.2 11.502301
13.236677 13.825451
11.2 11.35492
12.299998 12.039516
11.7 12.331408
12.799992 11.881033
11.2 11.20846
11.389741 11.549739
12.622879 12.1465025
11.999998 11.887413
11.1 11.156543
14.719789 15.174294
11.3 11.258523
13.000009 12.742066
11.3 11.299229
12.685027 12.429421
12.499997 12.133184
11.900001 12.136249
11.3 11.255505
11.400001 11.410277
11.8 11.444344
11.8 11.972535
11.2 11.365698
11.900001 11.865462
11.900001 11.887568
13.699981 12.962564
11.7 11.75629
10.622879 10.297445
11.400001 11.422141
11.7 11.746312
11.7 11.751043
11.7 11.892561
10.4 10.227902
13.699981 15.397064
12.1 11.84941
11.7 11.894895
11.900001 11.8011875
11.5 11.503612
11.999998 11.933418
13.533231 12.692904
10.622879 10.660704
11.3 11.246609
11.1 11.165525
12.799992 12.422978
9.79897 9.530796
11.1 11.136824
11.3 11.327591
11.900001 11.872734
11.7 11.766467
11.900001 12.496858
11.900001 11.817903
11.1 11.185605
11.999998 11.962021
11.1 11.057747
11.2 11.236919
11.3 11.324009
13.299971 13.337381
11.2 11.259449
11.3 11.1977625
11.3 11.240713
11.900001 11.90822
11.7 11.641247
12.399998 11.748603
11.400001 12.065281
11.7 11.880294
11.400001 11.367714
13.000009 12.460794
12.499997 13.654327
13.000009 13.735625
11.2 11.138333
12.1 11.640055
12.599997 12.620552
11.900001 11.870232
11.1 11.225717
11.12 11.067794
11.8 11.880778
11.3 11.283335
11.2 11.531291
11.622879 11.440814
11.900001 11.354921
11.3 11.380262
11.1 11.1708
11.2 11.092614
12.115923 11.3985
12.429754 11.68753
14.200179 12.752461
11.599999 11.6771
11.5 11.55285
11.2 11.279026
11.2 11.200109
13.500008 13.291068
11.8 11.5422945
11.5 11.983396
11.5 11.529345
11.400001 11.865569
11.8 11.851709
11.3 12.056698
11.3 11.2174425
11.8 11.814436
9.79897 9.923379
11.3 11.424792
11.8 12.073809
11.8 12.875641
11.900001 11.91127
11.900001 11.816798
11.2 11.220554
11.242667 11.068461
11.2 11.246845
11.400001 11.385244
10.4 10.236487
12.599997 12.227171
10.4 10.258146
12.1 11.891575
11.2 11.257688
13.399989 13.081542
11.7 11.928829
11.19691 11.408192
12.899998 12.795379
11.5 11.717851
11.2 11.134473
10.70206 10.694339
11.900001 11.944392
12.199999 11.641136
11.2 11.191531
11.2 11.198925
11.400001 11.392238
11.599999 11.69111
11.5 11.33205
13.000009 12.339194
11.599999 11.557316
11.900001 11.734238
11.2 11.114021
13.299971 13.318866
11.3 11.256691
11.599999 11.614453
11.2 11.262015
11.7 11.744929
13.1 13.63764
11.8 11.508774
11.3 11.329696
11.058607 10.241266
11.400001 12.048444
11.2 11.341782
12.599997 11.96035
11.599999 11.796378
11.5 11.268533
11.2 11.282836
11.2 11.173435
11.3 11.580576
11.7 11.958635
11.1 11.069496
11.1 11.27601
11.5 12.08523
11.2 11.229366
11.2 11.283786
12.199999 11.664802
11.2 11.232872
11.8 11.895605
11.8 11.703391
12.1 12.297176
11.7 11.931209
11.5 11.505806
11.400001 11.314092
11.8 11.695709
11.7 11.53066
13.500008 15.163369
11.5 11.599216
11.599999 11.669477
11.2 11.352277
12.738272 12.407578
11.1 11.389729
11.7 11.511562
11.900001 11.883159
11.999998 11.907499
11.900001 12.310173
13.699981 13.132181
11.3 11.264763
11.7 11.723505
12.1 12.281549
11.8 12.188291
12.1 12.074693
11.8 11.946323
11.1 11.165181
11.2139435 11.185724
11.900001 11.9279785
11.900001 11.951648
13.261151 12.880483
11.5 12.307489
11.900001 11.864794
10.7 11.114122
11.8 11.989022
14.200179 14.437201
12.699998 13.656559
10.4 10.458829
11.5 11.696915
11.5 11.606465
11.3 11.361966
13.600039 11.282757
11.923909 12.193632
11.3 11.343859
11.1 11.099108
11.79897 11.604336
12.899998 12.30642
11.3 11.236661
11.2 11.310049
11.2 10.999276
13.850844 13.846606
9.79897 9.68114
11.7 11.847852
11.400001 11.409769
11.900001 11.831171
11.520216 10.658812
11.900001 11.867002
11.5 11.934882
11.900001 12.004938
11.2 11.394799
11.900001 11.884425
11.5 11.732399
12.399998 12.314217
11.900001 12.298773
11.400001 11.467013
11.7 11.667011
12.299998 12.315841
11.5 11.165044
11.400001 11.4263115
12.799992 12.088174
11.400001 11.771108
11.599999 11.937042
11.2 11.038524
11.1 11.180936
12.499997 12.436067
11.900001 11.5591
11.900001 11.885542
11.400001 11.732748
11.900001 11.927162
12.699998 12.096945
11.40103 11.706581
11.2 11.14994
10.618988 10.527968
11.1 11.295546
11.400001 11.179268
13.321849 12.641913
11.8 11.777917
12.299998 12.442327
11.8 11.823992
11.2 11.193442
11.1 11.151208
11.599999 11.570445
12.299998 11.945393
14.1 14.497343
11.999998 11.931063
11.599999 11.411227
11.599999 11.418476
11.7 11.716342
11.400001 11.83545
11.999998 12.178105
12.1 11.433265
12.799992 12.111445
11.8 11.887833
10.40103 10.581922
11.599999 11.680461
11.5 11.499977
11.8 11.781021
11.1 11.258706
12.899998 12.258021
12.1 12.1406
11.3 11.23558
11.599999 11.593723
11.900001 11.881966
11.5 11.576903
11.3 11.393096
11.999998 12.002291
11.7 11.71365
11.1 11.101722
11.2 11.387206
13.719789 12.678437
11.999998 11.489178
12.199999 12.263252
11.8 11.811351
11.400001 11.350275
11.8 11.747101
11.3 11.346954
11.2 11.566776
11.5 11.617922
11.1 11.58439
11.900001 11.870391
13.1 12.839823
10.40103 10.185973
10.1 9.931955
11.5 11.640169
11.1 11.069833
11.8 11.920232
11.999998 12.0540905
11.999998 11.969121
10.1 10.310489
10.9 10.965481
12.1 11.51552
11.1 11.134623
11.599999 11.48979
11.8 11.545403
11.2 11.334587
11.2 11.316859
11.599999 11.681325
11.400001 11.462993
11.2 11.21596
11.599999 11.462306
11.1 12.272082
11.3 11.574627
11.900001 11.914141
11.599999 11.536185
11.999998 11.943137
11.999998 11.937872
11.1 11.111429
11.599999 11.639033
13.000009 12.352425
13.699981 13.265335
14.400163 13.489532
11.5 11.658098
11.5 11.811146
11.8 11.705275
11.5 11.602647
11.599999 11.256901
11.5 11.837632
12.199999 12.006068
10.49794 10.100634
11.400001 11.651525
11.900001 11.4625225
11.5 11.691216
11.900001 11.836552
11.900001 11.499053
11.999998 12.09248
12.1 11.872695
11.400001 11.232141
10.70206 11.713198
11.516017 11.296309
11.3 12.360179
11.2 11.112668
11.2 11.220436
13.200015 12.521031
11.900001 12.385399
11.900001 12.007723
11.599999 11.902142
11.599999 11.550233
11.1 11.24317
11.3 11.5023575
11.599999 11.56305
11.5 11.520584
12.799992 11.742068
14.299971 13.6117115
11.400001 11.469024
11.5 11.5345955
12.1 11.8505745
11.1 11.134578
11.5 11.635926
11.3 11.409498
11.3 11.531185
11.2 11.279404
11.528291 11.617842
11.1 11.120129
12.199999 12.223294
11.2 11.210916
11.1 11.100688
11.3 11.44921
11.3 11.404975
11.3 11.565266
11.900001 11.808231
10.622879 10.755765
11.400001 11.338906
12.899998 12.810996
11.5 11.567438
11.1 10.990983
11.5 11.828223
13.1 12.277721
11.900001 11.875476
11.7 11.706522
11.5 11.241629
11.2 11.210287
11.900001 12.004017
11.2 11.2029505
11.599999 11.354569
11.2 11.193365
11.900001 11.840588
11.1 10.882786
11.599999 11.651088
11.5 11.498547
10.70206 10.998444
11.2 11.175438
11.3 11.471798
13.399989 13.302601
13.1 12.516279
12.399998 11.623226
11.900001 11.921725
12.699998 13.116393
11.5 11.550156
11.321849 11.250169
11.1 11.138664
11.900001 11.761714
12.399998 11.900258
9.986056 10.121366
11.599999 11.9005165
10.40103 10.328394
11.3 11.399381
11.2 11.162879
11.2 11.311427
11.8 11.810705
11.1 11.637306
11.900001 11.992937
11.900001 11.735083
11.7 11.71116
11.999998 11.942392
11.2 11.419151
11.8 11.789199
13.200015 13.337789
11.1 11.311356
13.738272 14.298771
11.2 11.311148
11.400001 11.58128
10.56401 11.204445
11.1 11.304063
11.900001 11.920155
12.4372425 12.495687
11.2 11.250314
11.5 11.521026
11.5 11.637166
11.900001 11.648558
11.599999 11.582434
11.1 11.232947
11.5 11.58166
11.7 11.297305
11.2 11.129971
11.900001 11.876292
11.599999 11.854312
11.2 11.111107
11.400001 11.394728
12.499997 11.997075
10.7 10.515405
11.8 11.856981
13.399989 13.030949
13.200015 12.585623
11.900001 11.865102
11.7 11.791371
11.900001 11.919286
11.2 11.391241
11.7 11.738672
11.2 11.300143
12.814443 12.776082
11.999998 11.93741
11.5 11.673469
11.1 11.13174
11.903272 10.986484
11.5 11.588009
11.400001 11.356228
11.1 11.576699
11.3 11.186302
11.5 12.085388
11.204387 11.2991085
10.1 10.648817
14.1 12.799112
11.400001 11.7004385
12.699998 12.957641
13.000009 12.418031
11.5 11.624949
11.5 11.614247
11.2 11.243874
11.400001 12.075504
11.5 11.465161
11.900001 11.849244
11.3 11.354901
11.900001 11.814652
11.2 11.357588
11.1 11.090085
11.599999 11.94127
11.108774 11.096208
11.2 11.318794
11.8 11.83271
11.999998 12.432219
10.1 9.839032
11.900001 12.126589
12.899998 12.80754
11.5 11.663331
11.2 11.636839
11.3 11.174104
12.299998 12.027054
11.3 11.491941
10.2 9.830592
11.8 12.18856
11.900001 11.88909
11.2 11.281583
11.8 11.916564
11.599999 11.614657
11.2 11.420112
11.2 11.274389
12.199999 11.826704
13.000009 12.261303
11.2 11.361898
11.2 11.207352
11.7 11.308153
11.900001 11.929461
11.2 12.456016
11.1 11.129431
11.900001 11.939647
11.2 11.191119
11.2 11.550646
13.299971 13.744125
11.7 11.758415
11.7 11.45048
12.499997 12.930522
11.7 11.669752
11.2 11.586513
11.7 11.783377
14.700326 14.244306
10.622879 10.636232
11.3 11.271354
13.1 12.152657
11.900001 11.768217
13.800057 12.818833
12.199999 11.761625
11.5 11.815288
11.3 11.328541
11.5 11.923905
11.2 11.859411
11.999998 11.399856
11.2 11.730656
11.599999 11.72624
11.8 11.723501
11.40103 12.174317
11.1 11.138559
13.200015 14.300554
13.899971 12.961359
11.5 12.140589
11.321849 11.229652
12.399998 12.142016
13.138838 12.217258
9.668636 9.348918
12.668636 12.395073
11.2 11.238018
13.200015 12.719419
11.8 11.832367
11.1 11.216188
11.5 11.530718
11.2 11.227985
10.622879 11.108799
12.599997 13.836613
14.8447275 15.046993
11.5 11.7102
12.199999 11.692724
13.299971 12.458853
11.1 11.10041
11.290441 11.155135
11.599999 11.932573
12.199999 11.339813
11.900001 11.933619
11.7 11.799546
13.299971 13.025755
11.5 11.575157
12.499997 11.544834
11.1 11.137184
11.2 11.196001
11.400001 11.409416
11.5 12.239711
12.899998 13.153133
11.999998 11.882548
14.500117 13.001496
12.199999 11.698159
12.1 11.760352
11.7 11.650963
11.5 11.85336
11.1 11.2760935
12.599997 13.660681
11.1 11.234336
13.800057 13.535913
11.2 11.134175
11.900001 11.794563
11.599999 11.65463
11.7 11.827355
12.799992 11.932373
14.1 12.689201
11.3 11.421564
11.1 12.589419
11.7 11.699952
11.2 11.344312
12.499997 12.248021
14.256437 13.596774
11.8 12.224766
11.599999 11.747365
11.8 12.028366
12.599997 12.621689
10.49794 10.411525
12.299998 11.521557
11.2 11.123356
11.2 11.207
11.2 11.155682
13.000009 12.070375
12.399998 12.029561
11.2 11.23376
10.3 10.180046
11.2 11.234482
12.79897 11.793767
11.7 11.703049
11.900001 11.924935
12.499997 11.960421
11.400001 11.413306
11.3 11.326866
11.400001 11.296037
12.699998 11.775147
11.3 11.553866
11.5 11.577102
11.900001 11.885553
11.1 11.096711
11.900001 11.835542
11.7 12.721625
11.599999 11.526799
14.700326 14.814486
11.2 11.235035
11.900001 11.92795
11.7 11.671603
12.149998 11.714817
10.9 11.070134
11.5 11.33806
11.49794 11.670739
14.1 14.481218
11.7 12.210791
10.40103 10.328598
11.5 11.575692
11.3 11.449587
11.900001 11.850771
12.799992 13.330191
12.379841 10.304284
11.900001 11.914588
11.8 11.79237
11.1 11.164715
11.2 11.253794
11.2 11.288966
11.2 11.61388
10.5 10.342844
11.900001 11.874107
13.000009 13.33409
13.800057 13.099198
10.738272 10.705805
13.600039 13.312405
11.599999 11.689588
11.2 11.294244
11.5 11.53419
11.400001 11.324308
11.7 14.289822
11.5 11.394991
11.1 11.069139
12.899998 12.382083
11.400001 11.319166
13.800057 11.979382
11.1 11.098005
12.699998 12.639917
11.900001 11.93093
13.600039 14.241198
11.3 11.3364525
11.400001 11.307996
13.699981 13.552002
12.299998 12.216832
12.020819 12.085896
11.1 11.081161
13.500008 13.594931
14.1 14.210296
11.2 11.210127
11.5 11.488591
11.2 11.318612
11.2 11.298241
11.200007 11.04425
13.1 12.935015
11.8 11.723954
11.2 11.211642
14.151198 12.930405
11.7 11.728687
11.1 11.204152
11.8 11.795784
11.2 11.170258
13.000009 12.90394
10.555932 11.297646
11.2 11.3038435
11.2 11.365285
11.5 11.370072
11.8 11.831097
11.400001 11.415062
11.599999 11.811305
11.2 11.43207
11.2 11.352066
11.400001 11.416319
11.999998 11.9270115
10.5 10.865676
11.8 11.796259
10.622879 10.772919
11.3 11.543489
11.900001 11.906535
10.19691 10.043509
11.2 11.409114
10.637602 10.56324
11.2 11.266622
11.999998 11.9021845
11.8 11.7310095
12.199999 12.224454
11.5 11.619485
11.999998 11.858649
11.1 11.315035
11.3 11.316273
11.106564 11.840087
11.1 10.934797
11.3 11.411697
11.3 11.419631
12.15 11.987644
11.1 11.298633
11.999998 11.820332
11.400001 11.534579
11.3 11.386467
10.622879 10.635939
11.5 11.463968
11.3 11.341905
11.8 11.921578
11.900001 11.892572
12.986056 13.138322
10.2 10.24512
11.900001 11.882354
11.2 11.149615
11.1 11.156638
10.4 10.284701
11.7 11.705596
11.7 11.665256
11.2 11.130023
11.2 11.193903
11.3 11.812783
11.3 11.373292
11.599999 11.6999
11.1 11.188925
11.5 11.479579
13.200015 11.609905
11.881984 11.764268
11.8 11.761262
11.7 11.70536
11.7 11.513518
13.399989 13.126573
11.599999 11.552724
11.2 11.41955
11.8 11.825367
11.400001 11.420465
11.999998 11.615553
12.799992 12.098808
10.70206 10.786197
10.1 11.094852
12.799992 12.779382
11.900001 11.820536
11.8 11.897196
13.899971 13.057068
10.70206 10.5973215
11.999998 12.013371
11.3 11.317176
13.500008 12.953173
11.400001 11.424793
11.2 11.460375
11.900001 11.895699
11.3 11.252376
11.1 11.1181135
11.1 11.114466
11.900001 11.868775
12.599997 11.790161
11.3 11.413384
11.8 11.819192
10.7 10.690699
11.900001 12.033807
11.3 11.721167
11.599999 11.1784
10.4 10.95519
11.5 11.46278
11.2 11.195178
11.900001 11.925013
11.599999 11.580454
12.599997 12.098011
11.655955 11.646109
11.599999 11.506234
11.1 11.08989
11.5 11.7539015
11.5 12.243453
11.1 11.133281
11.2 11.314325
11.400001 11.794964
11.2 11.3650675
14.500117 13.658994
11.900001 11.955413
13.4372425 13.645819
11.599999 11.621408
13.1 12.781743
11.2 11.244489
12.199999 12.388156
12.499997 12.299053
13.000009 12.233839
11.3 11.647439
12.136212 11.916699
11.5 11.467521
11.5 11.782492
11.5 11.555027
13.500008 14.337019
11.900001 12.053047
12.1 11.455471
11.400001 11.135181
11.599999 11.475036
11.2 11.22257
11.3 11.557845
14.901343 12.322344
11.1 11.748991
9.893174 9.666388
11.7 11.670525
11.900001 11.923789
11.599999 11.352388
11.2 11.275675
11.8 11.781833
11.8 11.7104025
12.199999 12.016877
11.1 11.094251
11.7 12.01544
11.7 11.754254
11.900001 12.191965
11.2 11.176308
13.299971 12.958381
11.1 11.396786
11.2 11.397382
11.599999 11.671386
11.8 11.756135
11.999998 11.480459
11.3 11.496546
9.622879 10.35372
11.7 11.735716
11.5 11.483105
10.336572 10.403985
12.299998 12.290153
10.775512 10.865945
11.599999 11.527347
11.900001 11.838317
10.7 10.476388
12.199999 11.658117
11.1 11.393925
11.5 11.4638
14.901343 14.668188
12.599997 12.341784
11.3 11.391593
11.2 11.15577
11.8 11.822903
11.8 11.867577
11.5 11.592401
11.8 11.802473
12.199999 12.204012
12.172629 11.722323
11.900001 11.869421
11.599999 11.632391
12.899998 14.258033
12.299998 12.136309
11.400001 11.560024
11.1 11.110182
11.400001 12.197252
11.7 11.721539
11.599999 11.714263
11.8 11.804732
13.108774 12.215171
11.5 11.506421
15.299971 15.806523
12.769587 13.447509
12.399998 12.361937
13.399989 12.451706
12.19691 12.091828
11.5 11.462426
14.1 13.453743
13.899971 13.890532
12.020819 10.765964
11.900001 11.863934
11.900001 11.964482
11.8 12.147417
10.224938 10.082416
11.2 11.22319
11.7 11.765792
11.7 11.721558
12.199999 12.243657
10.1 10.239273
10.2 10.267388
14.622879 14.473993
11.7 11.081624
11.3 11.454042
12.399998 12.402204
12.1 11.70992
10.1 10.713215
11.900001 11.880628
11.900001 11.996333
12.399998 11.926844
11.599999 11.588375
11.8 11.766674
13.000009 12.602495
12.89588 13.279004
11.5 11.6414385
13.800057 13.312196
11.900001 11.775909
11.900001 11.9796505
11.999998 11.307778
11.5 11.516954
11.2 11.339627
11.1 11.180924
11.900001 11.991726
11.8 11.7878685
11.7 11.69299
11.7 11.33387
12.699998 12.559234
11.599999 11.397165
11.1 11.173822
11.0 10.252999
11.543697 11.198493
11.3 11.706246
11.8 11.734443
11.5 11.410879
12.923909 13.1467705
11.999998 11.838711
12.399998 12.394173
11.900001 11.916244
11.18831 10.797748
12.599997 12.476453
11.599999 12.097811
12.1 11.543541
11.400001 11.297748
11.5 11.528158
12.199999 12.158328
13.800057 12.664664
12.599997 11.77707
12.199999 13.333705
11.900001 11.9072485
11.3 11.366348
11.3 11.405542
11.307609 11.456594
11.2 11.234575
11.400001 11.096775
10.3 10.58554
10.2 10.407586
11.2 11.234347
10.2 10.708785
11.2 11.227583
11.1 11.159372
13.1 12.352974
13.000009 12.715395
11.900001 11.926384
11.1 11.099595
11.8 11.832041
11.599999 11.64028
11.2 11.267681
12.1 12.278204
12.199999 12.088744
11.3 11.3011875
14.299971 13.460928
11.1 11.2104
11.1 11.168427
11.5 11.648545
11.1 11.093906
11.2 11.225402
12.799992 11.819311
13.899971 14.18041
11.599999 11.564462
11.884776 11.8132105
11.599999 11.57578
11.3 11.403874
11.1 11.301692
11.599999 11.714123
11.5 11.06706
14.155518 14.259177
11.2 11.277329
11.8 11.722418
11.1 11.317071
11.8 11.862735
11.2 11.215807
11.999998 11.419838
11.400001 11.425065
11.5 12.177261
11.926936 11.824703
11.3 11.296837
11.7 11.627226
11.70206 11.832398
11.1 11.156795
11.1 11.070795
10.9 10.988959
11.40103 11.497099
11.599999 11.648822
14.1 13.633814
11.1 11.115727
12.599997 12.165738
11.900001 11.915366
11.900001 11.979343
11.900001 11.910776
11.2 11.213408
13.200015 13.12414
11.0 10.847679
11.5 11.538176
12.651294 12.585096
11.5 11.5709305
10.8 11.627328
11.400001 11.537491
11.1 11.078322
11.599999 11.685202
12.299998 12.102708
11.8 11.831757
12.317528 12.02343
13.986056 14.269207
11.1 11.102798
12.299998 11.785257
11.2 11.2519245
11.7 11.718231
11.2 11.237048
12.199999 12.1367
11.8 11.655212
11.8 11.723966
11.400001 11.439736
11.1 11.162156
11.5 11.5674095
11.900001 12.546393
11.999998 11.940986
11.7 11.580227
11.1 11.105369
11.3 11.400259
11.2 11.439281
11.3 11.3915
11.400001 11.342865
10.5 10.609804
11.599999 11.487818
10.1 9.910858
10.1 10.00339
11.5 11.685054
13.399989 12.026817
11.5 11.632304
11.7 11.553672
13.000009 13.000757
11.2 11.252155
11.1 11.152942
12.199999 11.389162
11.8 11.77059
11.599999 11.583836
12.199999 12.112561
11.2 11.267093
11.599999 12.179538
11.1 11.097326
11.5 11.46076
11.1 11.20122
11.1 11.111345
11.7 11.575352
11.1 11.226891
11.8 11.775266
11.1 11.548665
11.2 11.269859
10.70206 10.76957
11.96328 11.477141
13.500008 13.111873
11.900001 11.965062
11.2 11.177045
11.900001 11.900201
11.1 11.14114
12.299998 12.342188
12.199999 12.229349
11.1 11.070373
11.900001 11.749591
12.399998 13.191967
11.5 11.655792
11.999998 11.981298
12.399998 12.647933
11.2 11.278664
10.622879 10.5586195
11.2 11.277007
11.1 11.220591
10.4 10.66904
11.8 11.768466
10.2 10.447386
11.900001 11.847311
14.299971 13.671978
11.7 11.719234
11.999998 11.957381
11.2 11.279073
11.7 12.504513
11.3 11.473668
11.2 11.140055
11.400001 11.733911
11.8 11.741771
11.8 11.780925
10.79897 10.748913
11.3 11.657083
12.299998 12.15674
11.3 11.453741
13.899971 13.365
11.8 11.742717
10.6 10.82877
11.3 11.256637
11.400001 11.380041
11.40103 11.532178
11.5 11.537076
10.3 10.200943
13.79897 14.160934
11.599999 11.53827
11.1 11.251166
11.2 11.432529
12.340956 11.994778
11.2 11.15469
11.8 11.975581
11.900001 11.896196
13.777781 14.150671
11.599999 11.586087
11.900001 11.921152
12.420272 12.293885
13.600039 12.078775
12.299998 11.990268
11.2 11.245085
11.400001 11.465724
12.872113 11.909423
11.1 11.164633
13.999974 14.193113
10.89588 10.919281
11.3 11.434486
11.2 11.224623
11.7 12.241339
11.2 11.487358
11.8 12.148195
13.500008 12.550503
11.1 11.165589
11.2 11.434267
12.199999 11.82283
11.900001 11.891117
11.1 11.063547
11.599999 11.457273
10.40103 10.496963
11.2 11.21109
13.600039 11.2591
11.900001 11.831652
11.2 11.264472
11.8 11.811917
11.2 11.545387
11.2 11.530648
11.2 11.203415
11.9680605 11.265191
11.7 11.766004
11.400001 11.377798
11.1 10.96315
14.600313 14.741578
13.581486 13.612039
11.1 11.164828
10.555932 10.938234
11.2 11.235355
11.2 11.26173
10.759556 10.856061
11.2 11.319675
12.577556 11.952895
11.8 11.852731
11.1 11.101758
11.599999 11.696615
12.899998 12.59137
13.399989 13.582352
11.40103 11.501054
11.1 11.383878
11.5 11.433129
11.2 11.173889
11.999998 12.210718
11.3 11.416169
11.1 11.082172
14.200179 14.712567
13.1 13.788802
11.622879 11.658512
11.900001 12.004552
11.900001 11.816106
11.900001 12.014968
15.1 14.237873
11.2 11.38697
11.2 11.182785
11.2 11.281336
11.1 11.451081
11.599999 11.689972
11.999998 11.920255
11.400001 11.519942
11.5 11.833913
11.1 11.0529
11.7 11.673355
11.900001 11.880529
13.1 13.235357
11.400001 11.469503
11.2 11.237864
11.7 11.723582
11.5 11.468122
11.1 11.428857
12.299998 11.863404
13.321849 11.049445
11.1 11.251706
11.900001 11.870884
11.7 11.632977
11.1 11.637918
11.7 11.645236
11.900001 11.8210125
13.600039 12.279322
11.8 11.751664
11.900001 11.922156
10.2 10.13788
12.299998 13.055097
11.400001 11.219376
12.299998 12.552533
11.5 11.695999
10.4 10.27416
12.199999 12.040823
11.8 12.1037
11.900001 11.862182
11.400001 11.798684
11.3 11.296878
11.3 11.400085
11.8 11.798494
12.399998 13.091535
10.7 11.223928
11.2 11.211242
11.8 11.794872
11.1 11.299406
11.5 11.632656
11.8 11.892784
12.1 12.370753
11.3 11.311188
11.599999 11.935399
11.2 11.160173
11.8 12.573049
11.8 12.306586
11.719789 11.723948
13.299971 11.173534
11.3 11.340465
11.1 11.024197
12.699998 12.688438
11.45 11.466324
11.668636 12.249499
13.40103 13.364522
11.900001 12.017079
11.1 10.96693
11.1 11.185643
12.899998 11.669492
11.2 11.06827
11.400001 11.808654
11.4335785 11.513441
11.1 11.140114
11.2 11.237151
11.3 11.342399
11.999998 12.220728
11.999998 11.979731
11.254902 13.3113985
11.400001 11.287262
11.900001 11.73597
11.3 11.243496
11.65 11.473509
10.8 11.144739
12.799992 13.006895
11.2 11.265432
11.5 11.819125
11.999998 11.561352
11.400001 11.409845
11.900001 11.980901
11.2 11.349713
15.219187 15.139129
11.5 11.504225
10.622879 10.942114
11.2 11.258555
11.2 11.274055
11.3 11.292233
11.8 12.216204
11.7 11.763111
11.3 11.423664
10.40103 10.341715
11.599999 11.552739
11.3 11.275184
11.2 10.814346
11.400001 11.441856
12.1 11.912207
11.999998 11.86251
11.3 11.310649
11.900001 11.871193
11.1 11.268852
11.2 11.273681
11.1 11.057209
14.500117 13.622145
11.400001 11.601374
11.5 11.464827
11.2 11.194059
11.3 11.444021
10.5 10.721084
11.5 11.65631
11.900001 11.908076
10.70206 10.656149
12.399998 11.803804
10.66225 11.041059
12.175721 11.232085
11.8 11.744739
14.299971 14.084465
11.599999 11.392961
11.2 11.552864
11.5 11.68778
11.900001 11.861641
12.599997 12.124216
11.3 11.381614
11.926936 11.863983
11.8 11.84889
13.299971 13.515453
11.599999 11.666281
11.5 11.392219
13.999974 13.421714
13.048454 13.199651
11.1 11.098801
11.3 11.181171
11.1 11.0667715
11.3 11.274647
11.1 11.196539
12.1 12.207246
12.628708 12.510574
11.7 11.8074875
11.7 11.645797
11.49794 11.520456
11.75 11.257071
11.900001 11.879557
11.8 11.745385
11.599999 11.663248
13.299971 12.898499
11.599999 11.592078
12.199999 12.002135
11.2 11.132454
11.8 11.800507
11.999998 11.841912
11.7 11.723518
11.2 11.19903
11.8 11.834473
11.400001 11.432526
11.599999 11.413365
11.1 11.208339
11.8 11.8109
11.8 11.64298
11.7 11.577281
14.500117 14.472907
11.2 11.493779
11.8 11.955026
11.900001 11.88229
12.112837 11.187652
12.199999 12.18238
11.1 12.157427
11.8 11.807677
11.49794 12.646992
11.3 11.2857895
11.5 11.527383
11.3 11.32987
11.3 11.345879
11.3 11.382424
11.7 11.757284
11.900001 11.592138
11.5 11.659191
11.3 11.30284
11.900001 11.916758
11.5 11.621336
12.899998 12.57311
11.5 11.538033
14.500117 13.994611
11.599999 11.985593
11.1 11.046845
13.600039 13.347
11.1 11.557788
11.599999 11.63696
11.2 11.387539
11.5 11.504563
11.400001 11.45857
11.999998 12.389996
11.1 10.991692
13.738272 13.51524
11.7 11.4559555
11.3 11.706696
11.3 11.952507
11.599999 12.767911
13.200015 13.113438
11.1 11.122303
11.2 11.236036
12.685027 12.082046
11.900001 11.847365
11.7 10.837328
11.5 11.567384
11.2 11.230973
11.900001 11.915674
11.8 11.806022
11.400001 11.323924
12.199999 12.098836
11.900001 11.934588
11.599999 11.775895
11.900001 12.04367
11.79897 11.443206
11.400001 11.490525
11.15 11.363976
11.400001 11.357289
12.028118 11.530761
12.299998 11.950382
12.299998 13.161247
11.999998 12.020325
11.3 11.34837
10.622879 10.179143
11.2 11.337632
11.999998 11.496379
14.500117 12.982604
11.3 11.448811
11.8 12.924641
11.3 11.419372
11.7 11.674093
11.900001 11.868062
11.2 11.593884
11.900001 11.995106
11.3 11.009901
12.399998 11.908749
12.299998 12.340861
11.5 11.501745
11.900001 11.853741
10.3 11.263891
10.49794 10.3329115
11.900001 11.932279
11.1 11.069338
11.900001 11.922237
11.599999 11.92681
11.344125 11.741595
11.2 11.542412
11.400001 11.522093
11.5 11.668614
11.999998 11.986641
11.400001 11.730057
11.400001 11.449238
12.6934595 13.88011
11.3 11.653169
11.2 11.361061
11.400001 11.395891
11.1 11.261362
11.999998 11.85468
11.1 10.860674
11.2 11.226803
11.599999 11.823402
11.1 11.172049
11.5 11.5843315
13.000009 12.264563
11.5 11.377239
11.1 11.026529
11.2 11.253959
13.600039 14.060941
11.8 11.878276
11.8 11.689524
10.70206 10.744114
13.1 12.382265
13.399989 13.453458
11.2 11.429525
11.3 11.563068
11.599999 11.700826
14.901343 14.550713
11.7 11.410123
11.599999 12.177863
11.1 11.1209955
11.2 11.19809
12.299998 12.329768
11.2 11.222905
11.2 11.330348
11.900001 11.910659
11.1 11.18821
11.1 11.162059
11.2 11.500577
12.699998 12.50788
11.999998 11.717975
11.900001 11.7629385
14.100029 14.244242
11.2 11.407532
11.599999 11.627591
11.900001 11.865116
11.5 11.590704
11.2 11.082346
12.699998 12.504465
11.719789 11.62497
11.900001 11.989958
11.599999 11.81717
11.7 11.799586
13.000009 11.986184
13.600039 13.217407
11.999998 11.999975
10.3 10.346207
12.199999 12.301648
11.2 11.241568
9.890485 9.862347
11.599999 11.876932
11.3 11.358443
11.400001 11.474743
11.5 12.177557
12.899998 12.091324
11.999998 12.140414
11.29382 11.261033
11.3 11.891448
12.299998 11.978233
11.175305 11.245277
12.599997 11.67853
11.3 11.258066
11.2 11.253061
10.1 9.611509
13.999974 14.358295
13.1 13.051128
11.5 11.384989
11.599999 11.65674
11.900001 12.140559
11.999998 11.947201
11.2 11.243663
11.1 11.294027
11.2 11.315262
11.3 11.302201
11.1 11.306542
11.356133 11.131844
11.1 11.141403
11.7 11.522812
12.499997 11.964171
11.1 11.214569
13.299971 13.071992
13.79897 13.841034
11.599999 11.960662
11.400001 11.493427
11.900001 11.929118
12.299998 12.154767
11.900001 11.858905
13.000009 13.167189
11.999998 11.739836
11.7 11.826515
11.3 11.495058
12.1 11.410866
11.1 11.12808
10.622879 10.640495
11.2 11.311514
13.1 11.650556
12.199999 12.079043
11.1 11.0354805
14.49794 15.902651
11.2 11.314228
11.2 11.342016
11.8 11.791778
11.900001 11.930657
11.900001 11.79408
11.7 11.837487
11.8 12.109231
11.7 11.859381
13.000009 12.353266
12.499997 12.494884
11.321849 10.951093
11.3 11.379449
12.899998 11.985736
11.599999 11.950565
11.5 11.683813
10.40103 11.029842
11.8 11.752629
11.999998 12.003159
12.799992 12.793505
11.7 12.148565
11.900001 11.864188
11.400001 11.392514
11.2 11.07261
11.2 11.243994
11.1 11.111811
11.7 11.669259
11.900001 11.920624
11.400001 11.466165
11.7 11.682151
11.900001 11.956922
11.999998 11.785909
12.899998 11.860182
11.8 12.260145
10.2 10.250866
11.3 11.341936
13.1 13.109677
12.199999 12.178891
12.46955 12.017985
10.5 11.239298
11.599999 11.670553
10.5 10.402806
11.1 11.180986
11.900001 11.883209
11.5 11.462361
13.600039 12.463739
11.3 11.280807
11.900001 11.630524
11.3 11.407102
11.1 11.16826
11.5 11.482035
12.899998 12.469026
11.2 11.226068
11.599999 11.6049185
11.999998 12.595419
12.799992 12.647506
12.699998 13.271355
11.1 11.234152
11.1 11.195559
11.1 11.173571
11.1 10.664221
11.3 11.313903
13.000009 12.507116
11.1 11.212342
11.8 12.007801
11.400001 11.539341
11.2 11.205361
11.999998 11.284225
11.7 11.673315
13.500008 12.86124
11.3 11.288583
11.999998 12.13814
11.8 12.072602
10.145758 9.882184
11.900001 11.420785
11.900001 11.718167
11.5 11.568379
10.7 11.08928
11.8 11.815878
11.900001 11.705463
11.2 11.226009
11.8 11.992811
11.8 11.757008
11.400001 11.430391
11.999998 12.05271
12.6867 12.806214
11.900001 11.949931
11.1 11.720865
11.599999 11.42498
11.1 11.305755
12.599997 12.122743
11.2 11.141585
11.7 11.671078
12.899998 13.82551
12.199999 11.356244
11.2 11.296558
12.499997 12.712865
11.8 11.576982
11.1 11.277761
12.699998 11.363313
11.900001 11.894616
15.299971 14.428038
12.299998 12.378963
11.1 11.09322
11.999998 11.968198
11.8 11.737887
12.199999 11.792741
10.2 10.198143
10.3 10.281549
11.1 10.980128
13.81627 13.302302
10.5 10.64255
11.599999 11.252484
11.900001 11.971776
11.3 11.39888
11.2 11.301222
11.79897 11.657093
12.199999 11.784696
12.923909 11.111679
11.400001 11.181014
11.1 11.020027
11.1 11.159996
10.40103 10.933639
11.2 11.263093
11.3 11.266084
11.2 11.246254
11.8 11.4327755
13.800057 13.456701
12.199999 11.425583
11.900001 11.8250475
10.2 10.133951
11.8 11.848151
15.200179 15.72263
11.1 11.167832
11.1 11.188461
11.3 11.344802
11.400001 11.311239
11.2 11.381461
11.3 11.6031685
11.7 11.707717
11.400001 11.463155
10.224938 10.377683
11.400001 11.356746
11.8 11.777701
11.400001 11.424894
11.400001 11.374789
11.900001 11.534048
11.2 11.180497
14.299971 15.245781
14.299971 13.529402
11.400001 11.389739
11.3 11.310205
11.599999 11.581741
11.1 11.899662
11.8 11.791408
11.400001 11.464775
11.900001 12.158955
11.2 11.117966
10.1 10.1261015
11.3 11.248018
11.1 11.178508
11.900001 11.406017
12.399998 12.755283
11.2 11.2890625
11.8 11.763061
11.2 11.593609
10.1 10.124695
11.900001 11.903665
10.5 10.894566
13.65752 10.903682
11.3 11.315338
11.2 11.229098
11.1 11.102606
11.2 11.146328
11.2 11.810468
11.8 12.06528
11.400001 11.596116
11.2 11.283042
11.1 11.237393
11.2 11.179007
11.1 11.17307
11.1 11.050959
14.834261 15.306374
11.5 11.594341
11.400001 11.578526
11.400001 11.555513
11.7 11.771995
11.900001 12.2130165
11.2 11.178315
11.599999 11.602781
11.5 11.460793
12.950003 12.256251
12.699998 12.731613
11.7 11.67713
11.7 11.773204
12.799992 11.951625
14.108774 14.700102
11.2 11.193694
10.1 10.06559
11.2 11.268759
11.2 11.532896
11.3 11.309868
10.40103 11.058991
12.899998 11.877479
11.923909 11.158068
11.2 11.570376
11.400001 11.268904
11.70206 12.363516
11.1 11.124504
13.800057 12.27764
11.2 11.276671
11.400001 11.265661
11.2 11.150892
12.199999 12.2647085
12.399998 11.883483
13.1 12.20074
10.622879 10.464706
11.1 11.112584
12.899998 11.816063
11.8 11.7933035
11.900001 11.893447
11.2 12.034249
11.900001 11.620698
11.3 11.282847
11.999998 11.960176
11.5 11.542354
11.2 11.155321
12.199999 12.554156
11.599999 11.390649
11.400001 11.505745
11.487216 12.187086
13.487216 13.450726
11.1 11.421152
11.7 11.690477
11.7 11.738589
11.599999 12.032169
11.1 11.104744
12.399998 12.332921
11.900001 12.012264
11.599999 11.795067
11.400001 11.480464
12.499997 12.416011
12.499997 11.851143
10.40103 10.67512
11.2 11.406371
11.900001 11.837799
11.2 11.147636
11.1 10.972253
12.1 11.17488
11.900001 11.856543
11.7 11.713029
11.5 11.537037
11.999998 12.150875
11.8 11.778186
12.307609 12.393089
12.699998 13.452464
13.953872 14.179387
11.5 11.556311
11.3 11.328769
11.2 11.273993
12.199999 11.824256
12.00309 11.905116
11.3 11.444031
11.599999 11.673249
13.200015 11.990098
11.2 11.133851
12.668636 12.818596
10.622879 10.559114
11.3 11.322975
11.2 11.302849
13.668636 11.870183
11.8 11.792876
10.8447275 10.767703
11.6867 11.822027
11.5 12.132513
11.1 11.251365
11.900001 11.878738
11.2 11.245331
12.1 12.441967
12.393091 12.428822
10.40103 10.454023
11.900001 12.479624
12.599997 11.962939
11.3 11.436617
11.1 10.453072
11.1 11.179624
11.1 11.138947
11.5 11.5317745
10.3 10.449415
12.699998 11.885843
11.3 11.336707
11.3 11.49871
10.1 10.081601
11.2 11.277123
10.7 10.915486
11.1 11.120553
11.3 11.510192
13.1 12.140843
10.8 10.864002
11.7 11.658197
11.3 11.277522
11.2 11.429312
10.224938 10.065242
11.1 11.197842
11.1 11.868695
13.000009 11.851129
13.180922 13.538588
11.1 11.132485
11.3 11.480153
11.900001 11.766751
11.7 11.808767
12.193092 11.954398
11.2 11.258638
11.2 11.538068
11.5 11.795302
11.3 11.355198
12.799992 11.737348
11.599999 12.440587
11.1 11.145057
12.299998 11.754537
11.1 11.5354805
11.2 11.57791
11.8 11.391386
11.2 11.331583
11.400001 11.402438
11.7 12.56018
14.500117 13.355122
11.900001 11.8674345
11.5 11.66255
11.49794 12.324446
13.899971 13.368669
11.2 11.357254
11.2 11.323343
11.1 11.253072
11.280072 11.332107
12.499997 13.313982
11.2 11.30933
11.5 11.33044
11.49794 11.518136
11.1 11.084397
11.2 11.197722
12.1 11.73419
11.732644 10.904014
13.299971 13.127828
11.900001 11.843251
11.668636 11.736794
11.599999 11.638936
11.2 11.329467
10.40103 10.388664
11.999998 11.840753
11.1 11.038452
11.2 11.302548
11.2 11.318989
11.2 11.296297
11.599999 11.882101
11.1 11.752096
11.900001 11.860945
11.7 12.406699
11.400001 11.364609
11.8 11.7774
11.2 11.2999115
11.400001 11.441301
11.5 11.481698
11.5 12.237458
12.1 12.151401
12.599997 12.008265
12.1 11.557583
11.400001 11.648531
11.1 11.282741
13.399989 13.634015
11.999998 11.799914
11.599999 11.731149
11.3 11.893853
10.70206 10.636103
11.2 11.17611
11.400001 12.188097
11.1 11.159275
11.900001 11.880578
14.145758 14.440658
11.599999 11.644057
11.2 11.195612
11.8 11.8057375
12.299998 11.968669
11.8 11.700043
11.2 11.296276
11.7 11.35734
11.999998 11.708105
11.900001 11.850631
11.999998 12.09674
12.1 12.001201
11.599999 11.6639805
12.599997 12.98769
12.499997 12.174609
12.199999 12.615012
11.599999 11.442642
11.599999 11.589954
10.935647 10.935635
11.7 11.700133
11.999998 11.376981
10.2 10.228847
11.5 11.55613
11.175305 11.264205
11.1 11.152727
10.40103 10.434896
10.4 10.567111
11.2 11.561045
9.986056 10.056501
11.3 11.332602
12.699998 13.889923
11.400001 11.436504
11.2 11.423993
11.400001 11.503479
11.2 11.3701
11.079304 12.497982
11.1 11.410229
11.1 11.141125
11.2 11.207464
11.999998 12.469886
11.1 11.828777
11.900001 11.908094
12.599997 13.039409
11.2 11.365005
11.900001 11.845315
11.400001 11.609433
11.599999 11.508103
10.79897 10.628279
11.2139435 11.432761
11.2 11.5965185
12.299998 11.665239
11.400001 11.370268
12.577345 12.691556
11.1 11.323993
11.7 11.774862
11.1 11.170715
11.2 11.367358
11.8 11.770168
13.500008 12.849625
11.8 11.718241
11.2 11.301521
13.899971 12.905116
12.599997 12.12755
12.699998 14.200521
11.400001 11.347016
11.3 11.415634
11.599999 11.779241
12.29382 13.351334
11.3 11.39986
11.1 11.175291
11.999998 12.011063
11.1 11.515008
11.900001 11.643503
11.900001 11.875536
12.799992 12.548202
11.2 11.384394
12.299998 11.84003
12.299998 12.15077
11.900001 11.802032
11.2 11.186097
11.2 11.5206785
11.8 11.828305
11.3 11.28705
12.699998 13.2731695
11.7 11.549276
11.7 11.806963
11.1 10.915504
11.1 11.230004
11.7 11.617249
11.3 11.47209
11.5 11.440025
11.999998 11.885228
11.599999 11.635464
11.900001 11.860786
12.899998 11.567523
11.1 11.137306
13.699981 13.817846
12.519075 13.055273
12.499997 12.271654
11.2 11.254676
11.900001 11.899934
11.3 11.371127
11.599999 11.624107
11.2 11.289227
11.1 11.118895
12.699998 11.662103
12.899998 11.752942
11.5 11.535896
12.699998 12.875574
11.599999 11.574052
11.400001 11.421212
11.2 11.298455
11.599999 11.837517
11.900001 11.824274
11.2 11.537864
12.599997 13.134527
11.900001 11.868536
11.2 11.200813
14.400163 13.951813
11.1 11.240494
11.900001 11.85394
10.1 10.173627
11.3 13.252993
11.3 11.4904
11.2 11.035542
10.3 10.381046
11.2 11.224049
11.2 11.272111
11.2 11.203772
12.699998 12.517633
11.5 11.588488
11.2 11.330737
11.3 11.254654
11.5 11.637872
11.599999 11.276418
11.1 10.989135
12.399998 12.437692
11.999998 11.949879
11.2 11.206805
11.5 11.558061
11.5 11.489692
11.400001 11.524423
11.599999 11.602558
11.1 11.026831
9.40103 9.955305
11.900001 11.895406
11.1 11.126777
11.652842 11.985259
11.900001 11.86251
11.5 11.585761
11.900001 12.261108
11.1 11.245728
11.7 11.677277
11.2 12.123305
11.2 11.248282
11.2 11.244553
11.900001 12.140027
11.900001 11.914511
11.8 11.788215
11.400001 11.281811
12.986056 13.124314
11.1 11.034579
11.900001 12.150227
11.2 11.238654
11.953872 12.32696
11.3 11.289388
11.8 12.183717
10.5 10.836728
11.3 11.462282
11.599999 11.618914
12.5 11.995011
11.7 11.6923485
13.1 13.10683
11.400001 11.3911705
14.500117 13.664295
12.520216 12.599789
11.8 11.689205
11.900001 11.890092
11.2 11.1992235
11.900001 11.894262
11.1 11.336971
11.599999 11.586829
11.2 11.381535
11.7 11.730354
11.1 11.261478
13.899971 14.523945
11.599999 11.662702
11.2 11.204837
10.70206 10.768539
11.900001 11.945014
11.3 11.3307295
11.900001 11.888073
11.3 11.685797
11.1 11.204655
11.5 11.660973
11.400001 11.268384
11.2 11.356266
11.3 11.372331
12.199999 12.386822
11.900001 11.880305
11.8 12.069245
11.1 10.955867
11.2 11.258263
11.3 11.315346
12.299998 11.458208
12.1 11.747363
11.900001 11.934417
11.400001 11.468147
11.1 11.637363
14.79897 15.208311
11.1 11.168717
10.8 11.236797
12.499997 12.68169
11.2 11.245889
10.40103 9.965353
11.400001 11.581119
11.999998 12.648372
13.600039 12.940264
11.498559 11.774584
12.299998 12.46121
11.2 11.220741
11.1 11.067084
11.1 11.144344
11.3 11.312646
11.999998 11.8319645
11.999998 12.014476
12.199999 11.608899
11.7 11.667205
11.2 11.411476
11.3 11.360765
11.5 11.666488
11.900001 11.965599
11.2 11.298307
11.2 11.243114
11.1 11.263181
13.1 12.971471
10.738272 10.706812
9.49794 9.357401
11.5 11.719399
11.2 11.58998
10.9 11.334931
11.1 11.2043085
11.7 12.074074
11.3 12.5413
11.3 11.650388
10.622879 10.651203
12.499997 12.572722
10.9 11.146176
11.900001 11.965963
11.400001 11.662381
11.900001 12.013963
11.1 11.230503
11.8 11.585834
11.599999 11.492892
11.599999 11.646875
11.3 11.343461
11.900001 12.019071
11.5 11.438768
11.400001 11.460293
11.999998 12.491949
11.3 11.603552
11.599999 11.561253
11.1 11.245214
11.5 11.704148
11.8 11.7290125
11.1 11.326312
11.900001 11.710423
12.399998 11.564063
11.7 11.387747
11.900001 12.058526
11.1 11.088456
11.2 11.085859
12.199999 12.260757
12.316096 11.61684
11.400001 11.904435
12.299998 12.511368
11.400001 11.460581
11.2 11.221664
12.299998 11.31495
11.3 11.516443
11.2 11.655753
11.329148 11.585748
11.2 11.226835
11.2 11.323896
11.1 11.2204895
11.1 11.222943
11.7 11.684927
12.520216 11.719044
11.2 11.255216
11.999998 12.171282
11.2 11.240275
11.900001 11.740384
11.599999 11.789637
11.900001 11.919004
13.600039 13.409865
13.399989 12.169374
13.357275 12.168313
11.7 11.844655
11.5 11.355784
11.818967 12.115172
11.900001 11.840849
12.299998 11.949586
11.1 11.083311
13.200015 13.418324
12.299998 12.365155
10.5 10.66408
13.1 12.714799
12.199999 12.122666
12.599997 11.774832
11.400001 11.409027
11.599999 11.611498
11.999998 12.468471
11.900001 11.836939
13.000009 12.227529
11.3 11.068823
11.7 11.829544
11.531798 10.840793
10.8 10.796727
13.699981 13.835127
13.299971 12.483163
11.1 11.141395
11.2 11.246217
11.2 11.166952
11.900001 11.846754
11.900001 12.24268
10.49794 10.450481
11.2 11.228358
10.1 9.785219
11.400001 11.554355
11.7 11.97066
11.599999 11.59345
12.799992 12.502464
11.599999 11.608913
14.1 14.133234
11.8 11.898443
11.900001 11.857795
10.622879 10.780675
11.2 11.423144
11.1 11.14444
12.599997 12.2107725
11.900001 11.843948
11.900001 12.055868
11.8 11.795368
10.1 11.149463
11.5 11.242184
11.5 11.590674
10.1 10.388696
10.4 10.339504
11.3 10.939872
11.900001 11.401462
12.1 12.306082
10.1 10.301116
12.999629 12.774462
11.2 11.137513
11.2 11.350955
11.599999 11.476447
13.1 13.238801
11.999998 11.934813
12.430683 11.976281
11.400001 11.670541
11.1 11.141276
12.499997 12.632345
11.381802 11.5692835
11.5 11.653397
11.900001 11.920454
11.900001 12.02994
10.1 9.954889
11.2 11.354009
11.5 11.356572
11.999998 11.961832
11.900001 11.865238
12.788246 12.404254
11.1 11.415623
11.5685215 11.428842
11.5 11.429816
11.2 11.174558
13.200015 12.923723
11.2 11.545675
11.3 11.317819
12.799992 12.942537
11.2 11.195927
11.7 11.662551
11.8 11.260436
11.5 11.361839
11.3 11.397948
11.999998 11.665345
12.199999 12.245806
11.7 12.388027
11.2 11.148476
11.3 11.334955
11.7 11.664014
11.599999 11.591923
11.400001 11.342412
11.1 11.559395
11.1 11.177293
10.49794 11.017254
9.9642315 10.442344
12.199999 11.94267
11.599999 11.62526
14.018398 13.33274
11.7 11.532099
11.2 11.243863
11.2 11.206395
11.900001 11.43227
11.3 11.3309555
11.3 11.347809
13.200015 12.674913
11.1 11.155248
12.847147 12.648823
11.599999 11.594038
11.7 11.783477
11.4809065 11.03525
10.70206 11.365903
11.0 11.137136
11.2 11.324828
11.599999 11.271174
12.299998 12.168612
11.3 11.311555
11.2 11.328178
11.999998 11.976498
11.900001 11.899339
11.8 11.760431
11.2 11.234657
12.399998 12.173609
11.1 11.066115
11.5 11.49593
11.2 11.341657
11.1 11.160739
13.299971 13.535958
11.2 11.213084
11.2 11.296305
11.999998 12.031032
11.79897 11.521021
11.2 11.214407
12.699998 12.187647
11.900001 11.877207
11.1 11.1533
13.800057 13.493806
12.799992 12.392018
11.400001 11.394946
11.5 11.557406
11.1 11.069296
11.2 11.23321
11.1 11.088591
14.400163 12.164755
12.299998 12.153805
12.799992 12.670184
11.900001 11.856998
11.900001 11.8688345
12.499997 12.0467005
11.900001 12.253665
11.1 11.118825
11.599999 11.125927
11.5 11.598576
12.299998 12.778658
11.175305 11.237082
11.599999 11.601811
11.336572 11.213154
11.900001 12.729256
11.1 11.144511
11.3 11.460714
11.5 11.554593
13.1 12.955041
11.599999 11.682099
11.400001 11.362976
11.3 11.373459
12.723423 13.270654
10.2 10.454775
10.70206 10.799046
12.899998 12.891576
11.1 11.1371355
12.299998 12.06726
11.2 11.08858
11.5 11.634867
11.3 11.66779
11.2 11.272814
11.599999 10.936848
11.3 11.330744
11.5 11.256143
11.599999 11.596852
12.299998 12.1925955
12.199999 11.628653
13.466532 13.872961
13.520216 12.395481
11.1 11.282121
11.900001 11.790585
11.599999 11.393008
10.40103 10.457628
13.600039 13.145506
11.999998 12.011432
11.2 11.131006
14.500117 14.1324
11.2 11.27554
11.7 11.855655
11.7 11.715941
11.5 11.528652
12.899998 13.068302
11.900001 13.087636
13.399989 11.89284
12.1 12.022302
11.8 11.762814
11.5 11.481176
11.900001 11.57163
11.599999 11.5767
12.1 11.886585
11.3 11.354437
11.400001 11.435826
12.299998 11.762
11.8 11.922941
10.40103 11.959089
11.2 11.193307
11.3 11.584754
11.2 11.257763
10.70206 10.889814
12.099998 12.789082
12.30831 12.119194
9.890485 9.90237
14.299971 15.000715
12.899998 12.960159
10.668636 10.880497
13.000009 12.959287
12.1 12.250816
11.2 11.384893
12.299998 12.484881
11.2 11.269737
12.399998 11.688111
11.2 11.439113
11.5 11.72036
11.2 11.268197
11.2 11.238626
11.2 11.512778
11.1 11.322578
12.499997 12.3179655
13.1 13.285183
11.900001 11.939698
11.8 11.823538
13.1 12.483084
10.4 10.487755
11.3 11.39732
11.2 11.254567
11.900001 11.832578
11.3 11.502155
11.900001 11.856769
11.900001 11.878332
11.400001 11.608967
13.1 12.670854
11.1 11.2455
10.70206 10.710018
10.00309 12.956737
11.8 11.854975
11.400001 11.413204
11.2139435 11.609862
11.599999 11.73714
11.8 11.775873
9.79897 9.980263
11.2 11.315708
11.1 11.062406
12.986056 12.493812
11.400001 11.2953825
12.799992 12.085005
11.2 11.305772
11.999998 11.575262
12.1 11.980862
11.3 11.306136
11.7 11.855849
11.5 11.59271
11.5 11.594929
13.000009 12.377033
11.7 11.790598
11.5 11.535812
11.3 11.434953
11.1 11.062346
11.7 11.429959
13.500008 13.895498
10.9758215 10.6873865
12.699998 12.626617
11.900001 11.850463
12.189909 13.436869
11.999998 11.975617
11.058607 10.492079
11.5 11.862105
11.900001 11.878672
11.5 11.743499
11.3 11.163906
11.599999 11.671451
13.1 12.924814
10.622879 10.256937
11.1 11.189749
12.499997 12.774237
11.1 11.216949
11.3 11.413733
11.3 11.237447
11.2 11.790787
11.2 11.269209
12.668636 11.867149
11.900001 11.395094
13.299971 12.883286
10.70206 10.343822
12.299998 11.788577
10.1 10.558457
11.2 11.123554
11.3 11.309049
11.1 11.1541195
13.800057 13.539382
12.199999 11.898688
11.7 11.7102375
13.652842 13.828737
11.2 11.220769
11.1 11.11439
11.999998 11.838385
11.3 11.61885
11.1 11.167492
11.017215 11.698441
11.2 11.189522
11.900001 11.836678
12.599997 12.0636425
12.699998 11.6294
11.5 11.302076
13.800057 14.3854475
11.2 11.312949
11.3 11.606857
12.799992 12.729981
11.2 11.324045
12.499997 12.494798
11.5 11.559563
10.6 10.843998
11.999998 12.045391
12.199999 12.145705
14.1 14.541002
11.8 11.755536
11.2 11.261082
11.599999 11.587894
12.1 11.969513
11.7 12.27963
12.899998 13.663091
13.600039 13.649902
11.900001 11.919033
11.999998 11.900454
11.599999 11.37354
14.1 15.028969
11.400001 11.486527
11.2 11.45854
12.399998 11.9017515
12.1 11.628651
11.1 11.098299
12.5685215 12.712998
11.999998 11.984369
11.400001 11.409281
11.0 11.4174
11.1 11.161955
11.900001 12.006165
10.19691 10.081821
11.900001 11.853364
11.3 11.500631
11.3 11.195521
11.900001 11.876511
10.1 10.267674
9.70206 9.366207
11.2 11.289842
11.999998 11.841277
11.1 11.193909
11.2 11.244056
11.1 11.239427
11.7 11.496825
11.999998 11.965896
12.399998 12.537727
11.435792 11.628148
11.999998 11.985261
11.400001 11.678471
11.900001 12.021773
13.40103 13.276774
11.8 12.6518755
11.7 11.800259
11.8 11.738653
11.2 11.183493
11.582672 11.5913725
11.3 11.163435
11.1 11.378717
11.5 11.188694
11.8 11.665883
11.5 11.358921
11.3 11.222383
11.1 11.119
11.921121 11.840425
12.199999 12.0991
11.599999 11.643471
11.7 11.70114
11.254902 11.211015
11.400001 11.465402
11.3 11.354495
11.8 11.96602
11.2 11.133012
11.5 11.646001
11.1 11.116115
11.400001 11.476414
11.3 11.325916
12.399998 12.5275345
11.599999 11.512804
11.8 11.7588215
12.599997 11.819593
10.1 10.363933
11.599999 11.539068
11.999998 11.753549
11.400001 11.98405
11.900001 11.953122
11.900001 12.436237
12.022269 11.814478
11.1 11.16012
11.3 11.396213
11.2 11.274466
11.1 11.2180805
11.1 11.362785
11.8 11.858237
10.9 11.312284
11.2 11.186964
12.199999 12.298782
11.999998 11.868107
11.400001 12.392626
11.2 11.352384
11.1 11.228386
13.543697 14.109526
11.900001 11.930669
12.699998 11.893648
12.499997 12.383082
11.400001 11.421155
11.5 12.058147
15.400163 14.394314
11.1 11.319729
11.2 11.249833
11.2 11.283536
11.1 11.54252
11.1 11.183171
11.2 11.16838
11.999998 11.723434
10.40103 10.654388
11.1878605 11.182663
11.5 11.617611
10.79897 10.801184
13.999974 14.107114
10.40103 9.981343
11.1 11.296324
11.400001 11.526214
11.900001 11.903095
11.999998 11.829859
11.2 11.398789
11.2 11.350805
11.2 11.2581215
11.5 11.919201
11.2 11.356874
11.900001 12.071301
11.599999 11.4163685
11.028118 11.248281
11.400001 11.501032
12.199999 12.277932
11.7 11.924188
11.1 11.341266
11.1 10.975986
12.79897 12.9705
14.496618 14.576139
13.1 13.092529
11.400001 11.677116
11.3 11.271527
11.8 11.822773
11.3 11.285448
11.999998 15.061058
11.3 11.446135
11.1 11.09911
11.999998 12.420377
11.599999 11.436824
11.3 11.354629
11.7 11.787094
11.400001 11.380826
11.999998 11.955488
11.3 11.382655
12.499997 12.213589
10.8 11.014808
11.5 11.602913
12.199999 12.065701
11.2 11.131264
12.599997 12.3532295
11.8 11.872995
11.3 11.351249
11.1 11.555013
12.399998 13.169905
12.899998 12.317935
11.3 11.314792
12.399998 12.272335
10.40103 10.735036
11.5 12.725152
11.400001 11.320832
11.3 11.325468
11.3 11.386959
12.1 11.932648
12.1 11.591789
11.1 11.191668
12.1 11.938948
11.5 11.454864
11.8 11.694539
10.2 10.343247
11.5 11.616055
10.122276 10.020591
13.299971 13.690088
11.8 12.397091
10.1 11.669868
11.2 11.589184
11.999998 11.843557
11.435792 11.399425
11.3 11.63821
11.400001 11.447167
10.1 11.047289
11.900001 11.840996
12.799992 12.503873
11.8 11.756829
11.2 11.18589
11.999998 12.04642
11.5 11.721442
11.2 11.217585
11.3 11.284017
10.70206 10.749428
12.499997 11.859286
12.799992 12.577608
11.599999 11.622661
12.399998 11.849301
11.900001 11.902956
11.3 11.356027
14.59485 14.841467
14.186186 13.873381
11.1 11.311667
11.599999 12.030654
10.4 10.434225
12.1 11.805421
11.2 11.2872505
11.2 11.743196
13.15061 11.804491
11.900001 11.764016
11.999998 11.993742
11.3 11.44838
11.900001 11.992369
11.999998 10.927444
11.400001 11.430048
12.1 12.303345
11.3 11.253227
14.79897 14.623831
11.900001 11.852131
11.966461 12.12767
11.7 11.396564
11.7 11.754936
10.76294 11.006221
11.7 11.739719
11.2 11.185703
11.900001 12.786542
11.7 11.702242
11.599999 11.2930975
11.900001 11.7519865
11.1 11.027195
11.1 11.168675
11.5 11.585789
13.399989 13.177
11.1 11.09127
11.267491 10.482637
11.5 11.368767
12.899998 13.0039215
11.900001 11.678328
11.1 11.546783
12.491108 11.937647
12.299998 12.2466755
10.70206 10.70399
11.684318 11.75588
11.3 11.348748
11.3 11.23468
11.3 11.518191
11.900001 11.847467
11.900001 11.873863
11.1 11.130055
13.321849 13.251553
11.400001 11.455749
11.3 11.3038645
11.900001 11.899567
13.399989 12.979048
11.8 11.480101
11.2 11.29426
11.1 11.029373
13.622879 13.2953205
11.900001 11.841611
11.2 11.321426
11.900001 11.718578
11.900001 12.03208
11.5 11.605896
11.1 11.08573
11.5 11.51393
11.3 11.442221
11.40103 11.170174
10.5 10.261349
11.5 11.582432
11.7 11.978929
11.2 11.438258
11.7 11.433286
12.699998 12.193919
11.599999 11.671322
11.543697 11.426897
12.367606 12.056082
11.900001 12.200473
11.2 11.364363
11.3 11.299487
11.8 11.785166
11.400001 11.423134
12.043096 12.458823
11.4413 11.690227
10.8 11.085863
11.2 11.214389
11.2 11.496347
13.399989 13.274657
14.79897 14.809139
12.799992 12.889233
11.1 11.33859
11.900001 11.866792
11.3 11.363464
11.400001 11.590985
12.299998 12.027512
12.228427 11.472789
10.5 10.753209
12.299998 12.230361
11.321849 11.603359
10.685027 10.44339
11.2 11.294189
11.900001 11.812491
13.1 12.836355
12.906876 12.727434
11.8 11.885592
12.622879 12.680302
11.599999 11.702227
11.2 11.256016
11.1 11.822948
14.40103 12.86491
13.314671 12.071608
11.5 11.713689
11.599999 12.04614
12.299998 12.078121
11.2 11.24945
10.40103 10.179401
12.299998 12.931172
11.2 11.285504
11.999998 13.112632
11.7 11.703704
12.699998 12.42685
11.1 11.24835
11.1 10.956037
14.999629 14.69935
11.2 11.432172
11.999998 11.897579
11.3 11.262494
11.599999 12.206781
11.599999 11.692247
11.2 11.279937
11.1 11.2973
11.999998 12.033408
11.8 11.970558
12.1 11.799742
13.399989 12.70756
11.599999 11.629618
11.400001 11.534346
11.999998 12.024751
11.7 11.934203
11.1 11.235908
13.600039 12.940874
11.999998 12.03727
11.900001 11.764485
12.399998 11.947856
11.8 12.053871
12.719789 11.87349
11.900001 11.884257
11.1 11.215584
10.1 9.915013
11.1 11.178745
11.900001 11.835034
12.299998 11.688867
11.900001 11.9091835
12.1 11.454831
11.2 11.399719
12.899998 13.099418
11.5 11.503325
12.199999 12.683366
11.1 11.174208
11.2 11.235575
11.2 11.249731
12.499997 11.991516
11.900001 11.580723
11.1 11.130512
11.2 11.126324
11.599999 11.577834
11.599999 11.641305
11.1 12.115081
12.199999 11.645112
10.5 10.5161705
11.2 11.499911
11.3 11.258729
13.3174305 12.234728
12.399998 11.511985
12.499997 12.231487
11.400001 11.468082
11.2 11.287838
11.1 11.695271
11.7 11.754757
11.1 11.101318
11.8 11.815559
11.7 11.707449
10.8 11.050699
11.622879 13.986269
11.7 12.262164
10.2 10.184197
11.1 11.063995
11.7 11.759045
12.299998 12.221118
10.622879 10.519875
11.5 11.500031
11.900001 11.562901
11.5 11.506349
11.2 11.146229
11.1 11.265001
11.599999 11.651334
11.1 11.307886
11.900001 11.9951105
11.8 11.491128
11.1 11.163082
11.5 11.60342
11.2 11.154329
11.900001 11.907563
11.8 11.78447
10.1 10.55785
11.599999 11.716248
11.1 11.154002
11.3 11.511836
11.8 11.753313
11.8 11.741004
11.5 11.449323
13.488122 12.844338
11.900001 11.934581
11.8 11.835857
12.199999 11.908092
10.7 11.182101
11.3 11.341933
11.5 11.611845
10.40103 10.672927
11.999998 12.733153
11.900001 11.853442
11.2 11.16572
11.400001 11.444344
11.1 11.25231
11.0 11.290428
11.599999 11.831925
14.180922 14.360692
11.40103 12.579731
12.199999 11.800631
10.1 10.470138
11.3 11.415138
13.299971 13.328291
11.5 11.594755
11.1 12.79341
10.70206 10.7923155
11.3 11.479929
11.2 11.235588
11.900001 12.510948
11.1 11.204231
11.2 11.349241
12.1 12.012845
11.2 11.244444
11.599999 11.637338
12.299998 12.663152
13.600039 13.448657
11.900001 11.518573
11.0 10.927503
13.699981 12.054867
11.999998 11.71307
13.1 12.572413
11.900001 12.2035675
12.499997 13.1857815
13.892513 14.218632
13.117729 13.154671
11.7 11.228313
11.3 11.366492
11.8 11.835921
11.1 11.338036
14.1 14.793106
11.5 11.66044
12.399998 13.183727
11.400001 11.383609
11.599999 12.415571
11.900001 11.737666
11.900001 11.8578415
11.5685215 11.902767
11.1 11.132656
13.600039 12.327342
11.2 11.390037
11.900001 11.886354
11.2 11.257172
11.599999 11.603925
11.900001 11.60093
11.8 11.78908
11.923909 11.605301
11.5 11.262218
10.4 10.768465
11.3 12.023436
11.1 11.199019
11.999998 11.716131
13.694213 13.662971
12.599997 13.1289425
11.8 11.799583
11.3 11.286771
11.7 11.737532
11.7 11.771703
11.3 11.261156
11.1 11.000492
11.1 11.112118
12.299998 11.944034
11.7 11.939813
11.599999 11.600859
11.8 12.528571
11.599999 11.718653
10.6 10.528881
10.49794 10.074318
11.8 11.816421
11.900001 11.930201
11.599999 11.187938
11.400001 11.419191
11.7 11.772691
11.3 11.857077
12.399998 11.930361
10.6 10.63695
11.5 11.586028
11.392429 11.462612
13.155518 12.746746
10.7 10.962885
10.1 10.008643
13.500008 13.598464
11.2 11.502054
11.2 11.17546
11.8 11.674342
11.900001 11.99765
12.299998 12.871752
11.5 11.582776
10.8447275 10.774215
10.637602 11.802542
11.599999 11.679886
11.5 11.606813
11.400001 11.435871
11.400001 11.409733
11.2 11.724855
11.599999 11.649141
13.999974 13.631203
11.3 11.445593
12.1 12.020647
11.1 11.1050415
11.599999 11.659241
13.899971 13.419401
11.2 11.038553
11.1 11.175443
11.900001 11.977237
11.2 11.092325
11.2 11.264207
11.400001 11.457878
12.299998 11.447061
11.5 11.452633
11.2 11.540399
11.1 11.4215145
11.7 13.443678
11.8 11.88422
11.1 11.824785
11.5 11.134021
11.2 11.269478
12.499997 12.302695
11.599999 11.617507
11.900001 11.92451
11.3 11.4155445
11.7 11.641707
11.8 11.435913
10.4 10.791956
11.1 11.199451
11.2 11.132243
11.7 11.606596
11.3 11.376131
11.8 11.8669195
11.1 11.174946
11.400001 11.428622
11.900001 11.841815
11.400001 11.38978
10.1 11.7976
11.3 11.238078
11.7 11.783667
11.5 11.773035
11.2 11.275353
11.599999 11.618677
11.2 11.334858
11.2 11.579993
11.59485 11.412215
13.1604805 12.279976
13.600039 13.1278305
12.757577 13.214695
12.399998 12.32966
11.8 12.0288725
13.1 12.3014555
10.757577 10.525384
11.1 11.130315
11.900001 11.873194
10.70206 11.092858
11.900001 12.001564
13.200015 12.090517
11.7 11.246511
11.2 11.267698
11.5 11.216169
11.8 11.78071
11.2 11.263685
11.1 11.058198
11.999998 11.780261
11.453596 11.2212
12.399998 12.812651
12.1 13.00288
10.1 10.474827
14.1 11.053847
10.622879 10.446052
11.400001 11.301487
12.599997 11.738763
12.27437 12.344123
13.399989 12.254702
9.79897 9.700399
11.599999 11.673682
11.1 11.256845
12.699998 12.525403
11.1 11.128138
10.49794 10.828933
11.1 11.1587305
11.2 11.080883
11.8 11.768286
11.2 11.2183695
15.1 14.880694
11.400001 11.6459875
12.199999 12.179007
11.3 11.234612
11.351812 11.245618
11.2 11.306199
11.900001 11.944464
11.5 11.531242
11.599999 11.620051
13.1 13.012476
11.2 11.272756
11.900001 11.985584
11.2 11.390117
12.399998 13.381252
11.900001 11.869282
12.499997 12.158132
13.40103 13.288239
12.299998 12.050596
11.599999 11.512794
11.3 11.521543
11.2 11.081824
12.199999 12.108572
12.418758 12.481613
11.3 11.399824
11.400001 11.22575
12.104364 11.73483
11.3 11.28137
11.400001 11.384001
11.1 11.140135
13.986056 14.182468
11.8 11.775651
11.900001 11.823472
10.70206 10.774947
12.399998 12.800322
11.3 11.445048
11.599999 11.932917
11.599999 11.587983
11.400001 11.392407
11.2 11.364015
11.599999 11.667293
11.8 11.783966
12.344125 12.555221
11.1 11.217382
13.399989 12.737692
12.899998 12.608732
11.2 11.486097
11.7 11.793396
11.400001 11.357062
11.7 11.75063
12.799992 12.389746
11.8 11.862419
11.400001 11.470472
10.59485 10.480676
11.3 11.306555
11.2 11.551572
14.600313 14.217816
12.899998 12.789535
10.953872 11.16577
11.599999 11.707038
11.400001 11.572437
11.5 11.365761
13.299971 14.356438
11.599999 11.222584
13.200015 13.165693
11.7 11.406148
11.2 11.235554
13.19691 13.282768
12.299998 11.508515
12.1 11.714236
11.900001 11.950606
12.399998 11.587969
10.8447275 11.917436
11.2 11.306933
11.8 11.775662
11.5 11.629125
11.5 11.531619
13.00309 13.398187
11.599999 11.273076
11.2 11.1793
10.79897 10.849165
11.19691 11.209264
11.2 11.803118
11.900001 11.895674
12.799992 12.922533
11.7 11.708014
11.1 11.149877
11.8 12.006142
11.599999 11.457709
11.999998 11.7531395
11.999998 11.936589
11.5 11.5644
11.900001 11.812187
11.2 11.18105
11.8 11.572005
11.900001 11.836768
11.3 11.26688
12.1 11.3829365
11.1 11.189941
11.1 11.151964
11.3 11.358368
11.5 11.48796
12.299998 12.48173
11.2 11.3141985
11.4372425 10.913902
11.1 11.378626
10.8 11.84278
11.622879 11.274877
11.599999 11.672614
11.1 11.267784
11.8 12.138039
11.1 11.12289
11.3 11.267035
11.1 11.026272
14.600313 14.29463
11.1 11.24545
11.999998 12.564487
12.199999 12.057853
11.1 11.059605
12.299998 12.2193
11.2 11.257972
13.000009 12.969106
12.199999 12.661444
11.599999 11.715405
11.7 12.914115
11.1 11.13393
11.5 11.520432
11.2 11.422096
11.5 11.410647
11.2 11.232052
11.2 11.463738
11.400001 11.415756
11.400001 11.428703
10.1 9.996271
11.7 11.733813
15.1 15.372413
11.599999 11.663916
11.1 11.121993
11.1 11.48032
12.399998 11.823366
11.999998 11.984392
11.3 11.1544075
11.747817 11.68163
11.400001 11.773194
11.8 11.853889
13.299971 12.951433
11.900001 12.030405
11.7 11.736283
11.999998 11.953672
12.19691 11.897688
11.1 11.0490675
11.193093 11.173245
12.299998 12.038251
11.218616 10.8259945
11.1 11.297155
11.2 11.417334
11.1 11.03524
13.000009 12.690268
12.1 11.5493355
11.2 11.203943
11.1 11.251892
11.900001 11.856424
11.1 11.141198
11.900001 11.962693
12.1 11.950235
11.3 11.372162
10.3 10.707948
11.1 11.034896
11.7 11.927304
11.2 11.207191
11.8 11.84336
11.400001 11.41584
11.2 11.206822
11.8 11.805336
11.2 11.255857
11.2 11.495795
11.7 11.7307005
13.300659 13.391064
11.3 11.325129
11.79897 12.176992
11.3 11.3489685
10.79897 10.833463
11.999998 11.913292
11.49794 11.6041975
11.2 11.433491
11.900001 11.561417
11.900001 11.969548
11.8 11.774652
11.1 11.133768
11.8 11.629975
11.1 11.10405
12.199999 13.071926
11.2 11.181293
11.2 11.174474
12.581486 11.676633
11.543697 11.900649
11.900001 11.978477
11.900001 11.799019
11.5 11.399235
11.1 11.107547
11.1 11.276249
12.899998 12.832949
11.2 11.0865755
11.8 11.805576
11.1 11.057731
11.2 11.438401
9.79897 9.968672
13.1 12.094771
12.581486 12.694481
11.400001 11.405275
11.900001 11.983929
11.900001 11.819067
11.2 11.629209
11.3 11.415959
11.900001 11.937515
11.1 11.256705
11.2 11.11956
11.1 11.124459
11.5 11.855461
11.1 11.465884
12.299998 11.560168
11.5 11.497237
13.1 13.284075
11.7 11.768551
11.2 11.289345
11.1 11.384893
11.599999 12.1669445
11.2 11.215778
12.531798 13.745446
11.900001 11.897452
11.1 11.091374
11.3 11.6025305
12.499997 11.855079
11.900001 11.838254
11.5 11.364295
11.2 11.197748
11.923909 12.068541
11.8 11.785813
11.3 11.336166
11.1 11.227505
11.8 12.202995
11.5 11.568164
11.900001 11.80389
11.3 11.457098
12.199999 11.742461
10.5 10.831109
10.6 10.650766
14.299971 14.074737
11.7 11.707814
11.1 11.2421875
11.8 11.8116255
14.949485 13.799988
11.7 11.718783
11.8 11.74672
11.2 11.327547
11.400001 11.4700165
11.1 11.058285
11.1 10.748428
11.3 11.6123495
12.599997 12.2382555
11.5 11.537222
11.7 11.764075
11.3 11.325679
11.3 11.412332
12.466532 13.01056
14.200179 12.167468
11.3 11.228678
11.2 11.458035
11.1 11.887954
10.1 10.141085
11.2 11.732773
11.3 11.522718
11.900001 11.837326
11.3 11.574021
11.3 11.358534
11.599999 11.629693
11.400001 11.552503
11.340546 11.185362
11.652842 11.9353285
13.1 13.000266
11.8 11.783684
11.2 11.301874
12.020819 13.720889
11.900001 11.86269
11.900001 11.947326
12.1 12.391166
11.599999 11.561158
11.900001 11.819107
12.399998 12.330518
14.441478 13.747401
11.3 11.236824
11.999998 11.965105
11.999998 11.956512
11.999998 12.244854
11.900001 11.852457
11.1 11.262965
11.599999 11.550382
11.599999 11.755412
11.2 11.282027
11.8 12.147083
11.8 11.826323
13.699981 12.435876
11.3 11.290111
11.7 11.446225
11.3 11.690193
11.2 11.18449
11.2 11.2968855
9.79897 10.065199
11.3 11.418723
11.2 11.298836
10.622879 10.399803
12.799992 12.4093
11.317054 11.472045
11.8 12.028271
11.7 12.494969
12.499997 12.974827
11.5 11.577973
11.2 11.1371565
11.1 11.182027
11.1 11.060803
11.400001 11.599861
11.2 11.284862
11.999998 12.191692
12.699998 13.443395
12.199999 11.798182
11.599999 11.701758
13.899971 13.180211
14.869551 15.108374
13.299971 13.996913
11.599999 11.487517
11.400001 11.584492
11.8 11.928538
12.599997 12.081101
12.1 11.804998
10.40103 10.520229
12.299998 12.065526
10.272631 11.694702
11.2 11.593282
11.900001 11.8996315
11.400001 11.333981
11.999998 11.933219
11.1 11.190106
11.1 11.032762
11.7 11.710608
10.1 9.986312
11.2 11.637567
12.599997 12.3009
13.869551 12.579731
11.3 11.347706
11.3 11.833273
11.599999 11.829838
11.999998 11.733102
11.8 11.863609
12.799992 12.285819
13.200015 11.851197
11.8 11.77356
11.1 11.410983
11.5 11.533116
11.400001 12.062369
11.2 11.1527815
13.899971 14.283315
11.7 11.715659
11.2 11.453404
11.3 11.503269
11.2 11.243483
11.5 11.411797
11.5 11.268687
11.3 11.312707
11.599999 11.617203
11.2 11.338531
11.8 11.770687
11.2 11.560837
11.5 11.539368
11.3 11.228384
11.1 11.13242
11.40103 12.818075
11.900001 11.816239
11.8 11.766435
12.199999 12.582458
11.7 11.643053
11.2 11.255846
11.1 11.177034
11.8 11.992908
11.3 11.300196
10.622879 10.742885
13.399989 12.639203
11.2 11.306076
11.1 10.918488
11.8 11.534498
11.8 11.780916
11.1 11.2319
10.40103 10.424671
11.2 11.336213
11.19691 11.572798
14.1 14.379286
10.020819 10.065199
13.699981 13.376463
11.5 11.49167
11.2 11.219712
11.2 11.438434
11.999998 12.111467
11.70103 11.764098
11.900001 11.889792
11.1 11.151595
11.1 11.060992
12.191515 11.85513
11.599999 11.58689
11.8 12.785412
11.5 11.459861
11.8 11.612972
11.8 11.8428135
13.299971 12.525934
11.400001 11.397124
11.5 11.816936
11.900001 12.022803
11.1 11.641947
11.999998 11.996573
12.399998 11.96678
11.2 11.209064
11.3 11.310129
12.779854 11.458224
11.900001 11.840722
11.3 11.399765
11.5 11.808927
11.8 11.843088
11.400001 11.515586
11.2 11.310407
11.1 11.1236925
11.3 11.281105
11.8 12.116289
11.5 11.491785
11.641513 11.382902
11.2 11.294816
11.1 11.121706
11.1 11.137201
11.400001 11.833877
12.399998 12.198908
12.499997 12.1678915
14.29897 14.043806
10.6 10.718076
11.5 11.67754
10.98941 11.1310215
11.7 11.760182
11.3 11.57639
11.3 11.420626
11.2 11.120455
11.999998 11.981589
11.203953 11.225943
11.1 11.095802
11.900001 11.870081
11.599999 11.478334
11.1 11.215043
11.900001 11.803378
11.599999 11.601802
11.2 11.21386
11.2 11.116236
12.599997 12.276847
11.2 11.224723
11.900001 11.8494425
11.175305 11.181989
12.299998 11.901658
11.900001 11.884622
11.2 11.448203
11.5 12.086766
11.900001 11.76889
12.1 11.94427
11.599999 11.780092
11.5 11.529818
11.5 11.510275
11.738272 12.378993
10.40103 10.307036
11.5 11.655142
11.7 11.681008
11.7 11.16157
11.2 11.170624
15.500117 14.800417
10.608639 10.366872
11.2 11.179518
11.2 11.159447
11.7 12.397811
11.2 11.438851
11.1 11.188305
11.2 11.153501
13.800057 13.0396595
11.5 11.9011345
11.8 11.683075
11.8 11.82503
11.8 11.789158
11.2 11.557286
11.400001 11.486726
13.800057 14.781958
10.1 11.313674
11.2 11.173803
11.49794 11.687187
11.400001 11.557764
11.599999 11.679181
11.2 11.682982
11.869551 11.714803
11.2 12.994162
11.2 11.493934
11.2 11.225235
11.2 11.212157
11.2 11.242939
11.999998 11.902616
11.3 11.5014
13.800057 13.943683
11.999998 11.9121475
13.062573 12.990335
11.900001 11.910847
10.40103 10.378444
11.400001 11.528803
12.699998 12.042565
11.2 11.153384
11.5 11.614548
9.79897 9.643502
11.2 11.493274
10.49794 10.415834
11.900001 11.749105
11.19691 11.053116
11.2 11.169558
11.599999 11.321207
11.400001 11.412535
11.599999 11.486132
11.900001 11.852397
12.1 11.760515
11.2 11.199158
11.2870865 11.502944
12.199999 11.861814
11.999998 11.860367
11.999998 11.527815
11.599999 11.603243
13.899971 13.316214
11.5 11.51975
10.3 9.924313
12.1 12.003221
10.5 10.365028
11.8 11.40003
11.2 11.283867
10.923909 10.711017
12.699998 12.410261
11.900001 11.795492
10.1 10.003895
11.599999 11.469492
11.999998 11.915366
11.900001 11.905578
11.547423 10.479038
12.499997 13.05684
13.1 13.871764
10.40103 10.24841
11.999998 11.549512
11.8 10.945204
11.2 11.160292
12.1 11.832609
12.499997 12.386942
14.446788 14.5269375
13.000009 13.316181
11.900001 11.753629
11.7 11.682647
11.1 11.620783
11.900001 11.86742
11.2 11.234217
11.5 11.473743
11.2 11.276802
11.2 11.192833
11.1 11.328556
11.1 11.440784
10.1 9.894112
11.7 11.720035
12.923909 13.071821
11.599999 11.553978
11.2 11.211232
11.2 11.4783125
12.499997 11.132759
11.599999 11.430997
11.599999 11.624805
12.199999 11.917991
11.1 11.322339
10.1 9.951987
11.3 11.438678
14.200179 14.695047
11.3 11.330861
11.2 11.37174
9.79897 9.644401
11.7 13.400847
11.8 11.770509
11.8 11.67678
13.427902 13.670815
11.2 11.243308
11.999998 12.142232
11.8 11.811457
11.900001 11.830543
12.399998 11.634676
11.1 11.166348
11.2 11.559991
11.3 11.958858
10.8 11.319538
10.49794 9.829783
11.400001 11.49655
11.3 11.547794
11.8 11.729249
11.8 11.800216
11.8 11.710738
11.8 11.6055765
13.999974 13.226178
10.70206 10.859264
11.900001 11.820957
12.299998 12.324688
11.1 11.052623
12.536519 12.811328
11.5 11.560478
11.8 11.398237
11.400001 11.104503
11.8 11.833978
11.900001 12.01566
11.1 11.204403
13.062573 12.935692
11.900001 12.553437
11.999998 11.961507
11.900001 11.910804
11.8 11.767513
11.3 11.281507
10.4 10.882937
11.3 11.327494
11.2 11.280045
11.2 11.217064
11.2 11.341567
10.777781 9.959102
11.3 11.483657
11.7 11.600201
11.5 11.670688
12.799992 12.397001
11.900001 11.88852
11.3 11.548786
11.155518 11.204982
11.7 11.737604
11.3 11.287808
11.400001 11.426268
11.7 11.85856
11.7 12.128045
11.2 11.373101
11.2 11.214623
11.1 11.06631
11.900001 11.58128
11.900001 12.785658
10.79897 10.933415
12.499997 12.06391
10.19691 9.97609
10.7 11.341167
11.7 11.647394
11.1 11.386519
11.400001 11.476584
11.2 11.188729
12.399998 11.974551
11.8 11.786476
12.1 11.852435
11.900001 11.194834
12.399998 11.248806
11.900001 11.898991
11.5 11.61135
11.1 11.411631
11.900001 11.84793
11.3 11.455574
11.2 11.23481
10.7 10.718292
13.600039 14.468389
11.543697 11.468064
11.900001 11.402573
11.30135 11.325102
11.2 11.138299
11.020819 11.725427
11.5 11.925279
11.2 11.337222
10.1 10.923432
13.8447275 12.820858
11.5 11.595048
11.2 11.429603
11.207893 11.252484
13.520216 13.473362
11.3 11.439255
10.3 10.6015415
11.1 11.369319
11.7 11.685183
12.299998 11.813812
11.400001 11.462828
11.1 12.401211
12.1 12.069569
10.1 11.281644
11.2 11.2124
12.899998 13.403716
12.399998 11.539301
11.8 11.643595
11.3 11.513538
10.49794 10.210895
11.2 11.26145
11.2 11.393315
11.599999 11.652208
11.2 11.302333
11.5 11.771245
12.299998 11.711164
11.1 11.057727
11.194204 11.071551
12.199999 12.035821
12.199999 11.642725
11.599999 11.451119
11.7 11.683056
11.254902 11.194261
11.400001 11.371611
11.7 11.825883
11.1 11.476099
13.608639 13.004637
10.3 10.751046
11.900001 11.618432
11.2 11.175632
12.699998 12.025778
11.2 11.232822
12.299998 11.788246
11.400001 11.591725
11.7 11.727207
11.3 11.382282
11.599999 11.690878
13.800057 12.780925
11.8 11.650905
11.8 12.283523
10.8447275 10.701064
11.3 11.298871
11.2 11.221385
11.5 11.545784
11.5 11.634472
11.5 11.518254
10.622879 11.074999
12.299998 12.270305
11.999998 11.980845
11.900001 11.904799
11.999998 11.791696
12.499997 12.589319
14.600313 13.482661
12.299998 12.31945
11.999998 11.963601
11.599999 11.713248
11.999998 12.017957
11.599999 11.580672
11.1 11.352804
11.1 11.148484
11.2 11.361339
11.7 11.570247
11.900001 11.902566
10.70206 10.780674
11.3 11.509388
12.79897 13.133952
13.600039 13.737472
11.8 11.461999
11.999998 11.220486
12.199999 11.781999
11.599999 11.687042
10.1 10.0008135
11.2 11.32028
11.900001 12.346408
11.599999 11.512453
11.2 11.653976
11.2 11.19538
12.699998 11.759309
12.299998 12.608589
11.2 11.2486515
11.1 11.077543
11.2 11.859391
11.7 11.157695
12.29382 12.580163
12.1 12.260811
11.400001 11.454112
11.599999 11.439322
11.2 11.257529
11.2 11.41108
13.1 12.943942
11.7 13.1002035
10.4 10.565077
11.900001 11.807941
11.5 11.577095
11.3 11.21752
12.799992 12.262837
11.8 11.744215
11.3 11.433707
11.3 11.230869
11.999998 11.73856
11.999998 11.87269
11.999998 11.914206
11.3 11.298874
11.3 11.315807
14.200179 14.065605
11.3 11.514663
10.70206 10.680243
11.599999 11.700158
13.200015 13.168043
11.5 11.540333
11.2 11.522937
11.2 11.102014
11.8 11.693159
11.5 11.494307
12.60724 12.009061
11.2 11.261768
12.699998 12.073562
11.8 11.668584
12.499997 11.7644415
11.599999 11.729934
11.999998 11.668408
13.049981 12.58243
13.399989 13.562159
10.622879 11.008898
10.1 10.33098
11.400001 11.479707
11.3 11.393715
12.299998 11.785346
11.2 11.196452
11.8 11.805117
11.242667 11.990114
11.400001 11.473547
11.2 11.2161455
11.3 11.800789
11.2 11.175991
11.2 11.155488
11.999998 12.221333
11.2 11.232634
11.599999 11.613985
11.599999 11.442643
11.599999 11.126743
11.7 11.9020815
12.199999 11.603775
11.2 11.238972
11.2 11.434298
11.1 11.372914
11.1 11.242955
11.2 11.341286
11.2 11.393547
11.2 11.425261
11.900001 11.754878
11.3 11.331865
11.8 11.787007
11.400001 11.696605
11.3 11.325175
11.8 11.637155
11.999998 11.881166
10.8 10.775722
14.79897 14.012416
11.1 11.1649475
12.078811 12.00518
11.2 11.335966
11.900001 12.236105
12.199999 12.23236
11.1 11.153483
11.2 11.976038
13.600039 11.824122
12.5111685 11.880753
10.70206 11.984678
11.1 11.162397
13.200015 13.852496
13.600039 14.129155
11.8 11.787144
11.599999 10.797609
11.2 11.180271
16.518217 14.403866
11.1 11.241914
13.200015 12.981654
11.1 11.530187
12.1 12.032089
9.49794 9.333386
11.999998 11.922528
11.7 11.6940775
12.1 10.97917
11.2 11.189739
11.999998 12.190512
11.5 11.579586
12.829721 11.949102
12.399998 11.6197605
11.400001 12.125127
12.1 12.304081
11.0 10.602217
11.8 11.803113
12.399998 12.330217
11.5 11.495179
12.699998 12.275918
9.49794 10.458634
11.400001 11.425966
11.668636 12.063557
11.2 11.326338
11.1 11.129023
11.999998 11.882965
11.900001 11.9594145
11.3 11.361366
11.8 11.846561
12.799992 13.015157
11.2 11.5409565
11.2 11.34092
11.7 11.752076
11.599999 11.575813
11.8 11.657849
11.5 11.558006
11.5 11.529731
11.1 11.178238
11.5 11.539716
12.399998 13.027433
10.2 10.853382
10.79897 10.720898
14.400163 13.629837
11.1 11.082791
11.7 11.884671
11.986056 12.230513
11.3 11.401314
11.5 11.545432
11.900001 11.907851
11.2 11.230704
11.8 11.8368435
14.70206 14.80354
12.699998 11.998134
11.599999 11.188595
11.2 11.357173
11.900001 12.133027
10.70206 10.765884
11.599999 11.77012
11.8 11.89732
11.1 11.1691
12.680044 12.259557
13.899971 13.923656
12.299998 11.8915205
11.1 11.19778
11.637602 11.682662
12.299998 12.182603
11.1 11.229702
11.900001 11.921894
11.8 11.826011
11.900001 11.958131
11.599999 12.294241
11.400001 11.3713255
11.1 11.119846
11.400001 11.387207
14.1 13.734865
11.2 11.177737
11.1 11.235423
11.2 11.591807
11.1 11.266007
10.1 9.737331
11.3 11.315221
10.5 10.3848
11.89588 12.418851
11.999998 12.050231
11.5 12.509754
11.7 12.006818
15.600313 15.210737
11.1 11.241991
11.3 11.26011
10.5 10.429911
11.900001 11.877777
11.400001 11.493046
11.5 11.52446
11.118106 11.099562
11.999998 11.935402
11.3 11.224235
11.5 11.494302
11.3 11.373564
11.5 11.687519
11.599999 11.632595
11.5 11.655865
12.399998 13.16845
11.2 11.176454
11.599999 11.65965
12.877283 12.825382
11.400001 11.357686
11.5 11.65165
14.500117 14.972633
11.3 11.342709
11.3 11.429559
11.2 11.337968
11.1 11.1980095
11.900001 11.792526
11.8 11.789248
13.155518 13.582582
11.400001 11.411497
11.2 11.338043
11.3 11.374822
11.1 11.205591
12.1 12.0788765
11.2 11.293189
11.900001 12.049803
11.400001 11.469251
12.599997 12.748343
11.8 11.788595
11.400001 11.135395
10.1 9.808332
10.622879 10.664543
11.599999 11.546244
12.599997 13.174795
11.8 11.669963
11.900001 12.444331
11.5 11.44193
11.2 11.393217
11.2 11.728814
11.400001 11.400417
11.2 11.351867
11.8 11.484094
10.8 11.01061
11.900001 11.867263
11.900001 11.880851
11.5 11.4837885
14.175721 12.1139345
11.900001 12.161723
13.1 13.033487
11.2 11.131606
12.499997 13.502496
12.899998 12.480686
11.599999 11.882158
11.7 11.386744
12.199999 12.0512495
11.2 11.681492
11.5 11.423108
11.7 11.6760235
11.599999 11.382142
11.900001 11.80802
14.400163 14.105172
10.622879 10.672869
11.900001 11.877148
14.1 14.556533
11.8 11.476493
11.900001 12.163367
11.7 11.22591
12.9041 12.305658
11.999998 11.861026
12.599997 13.22018
13.000009 12.150875
11.7 11.617486
13.1 13.148507
11.1 11.091121
11.599999 11.659265
11.1 11.1214285
15.108774 12.864845
11.400001 11.534238
11.5 11.740549
11.3 11.83125
12.299998 12.384535
11.3 11.531964
14.200179 13.364242
11.3 11.239348
11.2 11.126203
11.3 11.342663
11.2 11.241053
13.399989 12.132475
11.1 11.214725
11.2 11.324144
11.400001 11.334136
11.7 11.627085
12.699998 13.563953
11.2 11.308566
11.900001 11.879629
13.200015 12.298241
11.5 11.52788
12.899998 11.749488
12.299998 12.100658
11.2 11.281579
11.599999 11.826965
11.599999 11.432753
12.1 11.7917795
11.3 11.249482
10.3 10.560426
11.400001 11.443457
11.8 11.954728
12.199999 12.23509
11.999998 11.852888
11.8 11.742267
11.3 11.4522915
13.299971 13.350101
11.3 11.295831
11.400001 11.876608
13.543697 13.709272
13.500008 13.845917
11.3 11.894132
11.5 11.662918
11.8 11.892961
11.900001 11.886189
11.400001 11.375319
11.2 11.063705
12.058607 10.278883
10.2 10.460651
11.1 11.155399
11.7 12.077495
11.1 11.233617
11.1 11.201164
11.8 11.7328825
11.2 11.109813
12.27437 12.351799
11.3 11.359744
11.1 11.238312
11.599999 11.63054
11.599999 11.798862
11.1 11.126981
15.192754 13.362429
11.2 11.3035755
11.1 11.031732
11.2 11.148927
11.2 11.351382
11.8 11.781342
11.400001 11.347932
11.900001 11.775519
11.900001 11.911441
11.2 11.215766
9.79897 9.968672
11.5 11.557456
12.299998 11.781247
11.7 11.730699
11.2 11.247637
11.3 11.3014345
11.900001 11.950384
11.7 11.719495
11.2 11.281147
11.7 11.458431
11.2 11.369475
11.7 12.076875
11.3 11.329016
11.900001 11.836826
11.900001 11.906942
11.400001 11.367784
11.45 11.358587
11.3 11.434082
10.79897 10.540415
11.2 12.916927
11.8 11.790339
11.7 12.965343
11.5 10.980059
11.2 11.128174
11.999998 11.809838
10.40103 10.357964
11.5 11.710204
12.399998 11.999955
11.1 11.166157
11.2 11.241107
11.2 11.313446
11.2 11.1662855
11.8 11.758745
13.4372425 13.697882
11.999998 11.916673
11.2 11.2715225
11.2 11.172513
11.5 11.376735
13.020819 11.691016
11.5 11.492888
10.70206 10.693206
11.3 11.380999
11.8 11.87853
12.199999 11.461562
10.1 10.508662
11.1 11.087507
11.7 12.135489
14.500117 14.8430805
12.599997 13.5316925
11.599999 11.623943
13.200015 13.17645
11.2 11.18396
11.400001 11.392721
11.3 11.295319
11.1 11.091684
12.399998 12.491516
12.399998 13.088733
11.599999 11.857393
11.2 11.268625
12.399998 12.297058
11.8 11.796122
11.400001 11.208433
11.999998 11.835509
11.5 11.451622
11.2 11.224387
11.900001 11.931671
11.5 11.533425
11.2 11.139311
11.599999 11.660934
12.399998 12.147895
11.2 11.184788
12.058607 11.060439
13.000009 13.52456
11.3 11.583219
11.999998 11.948223
15.058607 12.936412
13.699981 12.468857
11.599999 11.887681
11.900001 12.729353
11.5 11.356212
12.359637 12.437542
11.2 11.301453
14.29897 14.119943
11.3 11.699591
11.5 11.655508
12.399998 11.810755
11.3 11.450524
11.2 11.233802
11.1 11.263506
12.399998 12.096981
11.5 11.3066225
12.299998 11.721176
12.1 12.264836
11.1 11.436369
13.899971 14.049482
11.2 11.14217
11.2 11.439078
11.900001 11.881941
11.2 11.171303
11.599999 11.47942
11.3 11.327325
11.8 11.630937
11.2 11.356852
11.1 11.11172
10.2 10.527143
11.599999 11.659893
12.399998 12.372046
11.2 11.222337
11.2 11.2673235
11.5 11.57111
11.7 11.738925
10.3 10.5683775
11.8 11.76289
12.449998 12.548574
11.1 11.166581
11.2 11.295399
11.599999 11.681408
10.8447275 10.648203
11.599999 11.654813
11.1 11.137748
11.413951 11.381311
11.999998 11.982604
11.1 11.272888
11.400001 11.4204035
11.5 11.68093
11.2 11.295593
11.599999 12.098478
11.7 11.554289
10.40103 10.440268
11.1 11.619631
12.599997 12.261482
11.5 11.288145
11.5 11.554542
11.5 11.201785
11.2 11.200752
11.1 11.367639
11.5 11.473194
12.29074 12.05127
11.2 11.24852
12.599997 12.053666
11.900001 11.773092
11.2 11.284664
11.2 11.469405
11.3 11.346602
11.8 11.465307
11.999998 11.771595
11.1 11.045344
11.7 11.745857
11.999998 12.028692
11.8 11.932473
11.1 11.276991
11.999998 11.777974
11.3 11.340392
11.1 11.130523
11.3 11.335748
11.7 11.721693
12.399998 11.838534
9.79897 9.9718485
12.399998 12.741834
11.2 11.241186
11.8 11.823965
11.900001 11.813514
12.344125 12.592997
11.2 11.159896
11.1 11.130814
11.2 11.236242
12.699998 12.264224
11.3 11.40654
11.8 11.737072
11.2 11.18171
11.400001 11.495397
13.699981 14.550382
10.40103 10.342318
11.8 12.048932
11.900001 11.878727
12.499997 12.417953
11.8 11.8356
11.3 11.4390135
12.799992 13.010618
11.900001 11.873388
11.599999 11.719904
11.2 11.197117
11.2 11.197662
12.1 12.007452
11.1 11.187223
12.622879 11.2943535
10.224938 10.063137
11.1 11.170549
11.2 11.270706
11.5 11.505518
11.900001 11.634616
11.8 11.808987
11.2 11.214447
10.70206 10.737421
11.900001 11.944821
11.8 11.876294
11.2 11.157747
11.8 11.94135
11.2 11.272979
11.5 11.502602
12.622879 12.278191
13.500008 12.445149
11.1 11.112544
11.2 11.340665
11.2 11.214056
11.2 11.212388
13.999974 13.320756
11.900001 11.884726
11.1 11.153158
11.3 11.289345
11.7 11.588708
11.8 11.855838
11.900001 11.909532
11.180922 10.639138
10.622879 10.605745
11.599999 11.7012205
11.599999 11.567126
11.900001 11.917557
10.1 9.863779
11.8 11.916536
11.3 11.630427
15.299971 15.519178
12.899998 12.760699
11.5 11.439906
11.3 11.402846
11.3 11.602114
11.5 13.423533
12.799992 11.787027
11.7 11.716921
11.400001 11.860489
12.299998 13.716451
11.7 11.668863
11.900001 11.890566
11.7 11.857073
11.599999 13.027686
11.8 11.769358
11.900001 11.7697315
11.1 11.158861
11.8 11.723818
11.3 11.301767
11.999998 11.817513
11.999998 11.925734
11.3 11.516626
11.900001 11.91824
10.307609 10.597179
11.599999 11.668287
11.1 11.1641
11.1 11.2208805
11.2 11.188272
11.3 11.488451
11.1 11.0746
14.1 13.082272
11.2 11.199202
11.2 11.090513
11.2 11.119839
12.1 12.034113
11.2 11.229197
14.400163 14.146351
11.1 11.198633
11.8 11.79679
12.399998 11.832226
14.79897 12.042243
11.2 11.106168
12.499997 13.22661
11.5 11.41567
11.900001 11.904015
11.999998 12.901179
12.986056 12.457709
11.8 11.733663
11.3 11.508101
11.900001 11.833365
11.5 11.751489
11.2139435 11.5950985
11.2 11.24829
11.1 11.459376
10.40103 11.072447
11.79897 12.048798
11.900001 11.872846
11.1 10.856838
11.5 11.580711
11.3 11.293023
12.399998 12.281167
11.15 11.213049
11.7 11.529559
14.1 14.191997
10.70206 10.649591
11.400001 11.353705
12.499997 12.189905
11.1 11.244789
11.1 11.735432
11.8 12.685801
11.1 11.099212
11.1 11.31252
11.1 11.111102
11.999998 14.366278
11.5 12.044226
11.1 11.325409
11.1 11.076053
11.2 11.225267
12.399998 12.08919
11.1 11.185114
11.900001 12.01717
11.2 11.260271
11.599999 11.657045
10.40103 10.468947
12.499997 11.650398
11.49794 11.68941
11.1 11.1814
13.59485 13.620931
12.392429 12.839448
11.8 11.791607
11.2 11.200835
11.2 11.234383
13.122276 13.280102
11.7 11.882778
11.400001 11.467992
10.224938 10.102734
11.7 11.8272915
11.999998 11.830652
11.8 11.965798
11.8 11.797392
11.1 11.471771
10.1 10.648668
11.1 12.788556
12.399998 12.383699
11.2 11.225949
11.8 11.738232
11.2 12.255005
11.5 11.700225
11.8 11.31471
14.1 13.884209
11.3 11.412811
11.3 11.194998
11.900001 11.903353
11.900001 11.866818
11.3 11.646507
10.8 10.75805
11.5 11.554606
10.224938 10.130708
12.799992 14.212389
11.5 11.4478035
12.299998 12.5740595
11.5 11.494718
11.8 11.883471
11.5 11.555577
11.1 11.071699
13.500008 11.973394
12.899998 12.388307
12.1 11.734692
11.2 11.191967
11.1 11.124606
11.7 11.294836
10.40103 10.723694
11.7 11.476339
11.2 11.288386
12.1 11.287338
11.2 11.199743
11.900001 11.994778
11.900001 11.875334
12.199999 11.959181
11.3 11.2555065
11.2 11.298088
12.199999 12.114239
10.224938 10.1277485
11.7 12.003354
11.8 12.083083
11.031815 10.475816
10.923909 10.859908
11.5 11.540934
11.3 11.140443
11.2 11.105178
11.599999 11.654078
11.7 11.607458
11.900001 11.870041
12.399998 11.688281
11.2 11.370549
11.2 11.242257
11.2 11.107683
11.2 11.181569
11.7 11.753547
11.400001 11.431087
11.999998 11.857193
11.1 11.174016
13.191515 13.18286
10.3 10.364431
13.1 11.879325
13.200015 12.9743185
11.999998 11.923259
11.1 11.265748
9.70206 9.792143
11.2 11.090723
9.40103 9.896287
11.5 11.570972
11.900001 11.803306
12.499997 12.423757
11.900001 11.891999
11.900001 11.880429
11.900001 11.82207
10.4 10.67996
11.2 11.459056
11.7 11.762608
11.1 11.165395
11.1 11.139343
11.3 11.245002
11.599999 11.615838
11.40103 11.462221
11.2 11.244889
11.5 11.483278
11.900001 11.883383
11.8 11.797266
12.1 11.915445
11.2 11.28464
12.1 11.717412
10.79897 10.6711
11.999998 11.641717
10.581486 10.70385
11.5 11.762781
11.3 11.151224
11.3 11.336181
12.599997 12.269889
13.1 12.821169
12.93459 11.724731
11.599999 11.636191
11.8 11.828522
13.000009 13.570081
11.5 11.576374
13.191515 13.244363
11.1 11.113092
12.599997 12.871351
11.2 11.650803
11.2 11.311606
12.122276 11.734789
11.900001 11.869921
11.3 11.458831
11.1 11.065011
11.900001 11.796219
11.3 11.308254
11.3 11.335951
12.399998 12.094193
11.8 11.783477
11.3 11.5053215
11.2 11.204098
11.2 11.433008
12.299998 13.012491
11.7 11.448998
14.1 14.568584
11.3 11.370267
11.7 11.943326
11.1 11.148443
11.976935 11.996801
11.3 11.348496
11.400001 11.280284
12.499997 11.977825
11.900001 11.92157
11.3 11.380629
11.5 11.498895
11.418758 11.824015
11.599999 11.552637
12.199999 12.127046
11.599999 11.582942
11.999998 11.623084
11.435792 11.567997
11.3 11.41409
11.900001 11.419446
13.1 12.666971
11.2 11.0978985
11.400001 11.438278
12.899998 14.049755
12.499997 11.293048
11.5 11.519601
11.3 11.559819
11.1 11.218135
11.254902 11.369637
11.900001 12.149055
11.599999 11.397702
11.900001 11.892726
11.900001 11.646617
11.400001 11.284314
11.3 11.287051
9.79897 9.593828
12.299998 12.451238
10.70206 11.046321
11.8 11.614891
12.299998 12.331408
11.1 11.313826
11.79897 11.301041
14.999629 15.507046
11.2870865 10.54592
11.7 11.818776
11.8 12.931038
11.400001 11.523073
11.2 11.301608
15.600313 15.129303
11.3 11.123394
11.900001 11.895986
11.900001 11.986903
11.1 11.157974
11.8 12.334182
11.400001 11.719454
12.599997 11.9923935
11.999998 11.682069
11.599999 11.602491
11.7 11.302821
11.2 11.472098
12.699998 11.49536
11.2 11.323597
11.108774 11.301577
11.1 11.145683
12.399998 12.066441
11.599999 12.4475155
11.3 11.3752365
11.8 11.770228
11.400001 11.4350395
11.2 11.391648
11.599999 11.633245
14.79897 14.410573
11.2 11.369669
12.599997 12.773268
11.7 11.917142
11.2 11.225161
11.900001 11.571727
10.020819 9.978436
14.700326 14.02421
12.199999 12.764341
11.8 11.808257
10.79897 10.909305
10.622879 10.702591
11.2 11.196624
11.618557 12.330428
10.1 10.439847
11.1 11.061149
11.8 11.692396
11.456548 11.572575
13.600039 13.637413
10.40103 10.29477
11.5 11.513206
11.3 11.398947
11.2 11.177848
12.399998 13.048787
11.3 11.3097
11.1 11.083533
11.900001 13.079443
12.618579 12.402904
11.78403 12.316542
11.599999 11.399766
11.2 11.261613
12.1 11.417309
11.900001 11.958625
11.1 11.153315
10.224938 10.397628
12.020819 11.600764
11.900001 12.077857
11.2 11.267438
11.900001 11.999811
11.400001 11.394742
11.5 11.840915
14.1 14.630617
12.499997 11.955595
10.1 10.018629
11.2 11.260516
11.757577 11.682179
11.2 11.292177
11.7 11.708705
13.200015 12.680021
11.5 11.633162
14.1 13.586135
11.400001 11.55397
11.8 11.82276
11.1 11.058269
11.2 11.152026
11.8 11.855406
11.2 11.864123
11.5 11.577734
11.8 12.189647
11.2 12.147099
11.999998 11.893984
12.199999 12.277153
11.400001 11.408564
12.1 12.172145
10.581486 11.09167
11.5 11.526568
11.999998 11.86226
11.400001 11.619836
11.8 11.834138
11.8 11.92246
11.999998 11.980428
11.7 11.725352
12.199999 11.743013
11.3 10.210485
11.599999 11.306021
11.8 11.790101
13.800057 13.546541
11.3 11.478158
12.899998 11.380769
10.1 12.310733
10.788375 10.857756
11.2 11.030594
11.1 11.426477
13.899971 13.672693
11.7 11.725164
12.058607 12.097946
11.400001 11.612186
11.5 11.839501
11.2 11.232253
11.1 11.325971
11.2 11.258942
11.2 11.29722
11.2 11.256778
14.1 12.243528
12.499997 12.355437
12.399998 11.970268
11.900001 11.829483
14.200179 13.550573
11.7 11.616691
11.8 11.833644
11.7 11.672278
11.1 12.253375
10.6 10.823553
10.9 11.500675
11.1 11.015967
11.2 11.248184
13.800057 12.620256
11.400001 11.454121
11.900001 11.882041
11.400001 11.440463
11.999998 11.324123
11.7 11.605947
11.1 11.36283
11.8 11.838453
12.599997 12.443277
11.599999 11.739469
12.1 12.346021
11.3 11.544933
11.900001 11.884537
10.622879 10.6516905
11.297911 11.56429
11.3 11.5277815
12.599997 11.789489
11.3 11.358275
11.1 11.114748
11.2 11.157037
13.089405 12.388175
11.923909 12.015394
11.3 11.436587
11.999998 11.913289
11.2 11.164712
10.9 10.493014
12.1 11.463796
11.126872 11.213311
14.700326 13.653367
10.861686 11.133872
11.5 11.741689
13.299971 13.4332905
11.2 11.307619
11.7 11.772292
11.1 11.320889
13.399989 13.398491
11.2 11.250165
11.5 11.689558
11.1 11.210299
11.599999 11.533711
11.2 11.224203
11.400001 11.576599
11.7 11.703769
12.799992 11.939976
11.5 11.560797
10.70206 10.826591
11.400001 11.81004
11.2139435 11.541336
11.7 11.868348
10.40103 10.159509
12.40103 12.484507
11.8 11.845372
11.7 11.326992
11.999998 11.847682
12.1 11.603616
12.877283 11.864911
12.299998 12.291181
11.8 11.809879
10.1 9.915547
11.5 11.791912
11.3 11.666492
11.3 11.308629
11.999998 11.8184
10.351812 9.930543
11.3 11.277261
13.699981 13.325522
10.59485 10.883243
11.1 11.142821
14.1 13.950777
11.7 12.08257
10.1 9.869998
11.1 11.185667
11.999998 12.037363
11.2 11.248934
13.79897 13.633792
10.2 10.30569
11.8 11.858852
11.622879 11.493832
10.3 10.704485
11.2 11.3935585
11.2 12.204729
11.2 11.402747
11.900001 11.89718
14.200179 13.90664
11.400001 11.618463
11.599999 11.340375
11.2 11.333973
11.2 11.205269
11.3 11.490335
11.2 12.013693
11.3 11.375721
11.3 11.293665
11.400001 11.270662
11.900001 11.87712
11.999998 11.864914
11.599999 11.101098
11.900001 11.261353
11.1 11.147095
11.2 11.1605015
13.1 12.421502
10.8 10.591449
11.400001 11.543311
11.2 11.198076
11.1 11.342977
11.3 11.316219
11.8 11.752442
11.2 11.061618
11.3 11.353793
11.2 11.215312
11.2 11.37652
11.8 11.794252
11.2 11.102793
11.599999 11.689456
12.665546 12.563536
14.299971 13.149176
11.900001 11.896151
11.400001 11.705608
11.2 11.22601
11.599999 11.454178
11.807744 12.181665
11.2 11.175569
10.4 10.259182
11.599999 12.229281
11.599999 11.770542
11.900001 11.815134
11.999998 11.773522
11.900001 11.947332
11.8 11.860435
11.1 11.242023
11.599999 11.607631
11.1 11.245133
11.900001 11.838309
11.5 11.459481
12.899998 12.046829
11.1 11.324058
11.1 11.774905
11.1 11.125912
10.2 11.138969
11.599999 11.700517
11.5 11.612219
11.8 12.054004
11.5 12.307763
11.999998 11.917561
11.5 11.709962
12.899998 13.237789
11.1 11.150734
14.200179 14.025294
10.4 10.733574
11.5 11.548864
12.1 12.02827
11.2 11.473398
12.299998 12.223969
11.1 11.066972
11.2 11.379648
11.3 11.271142
11.1 11.173044
11.900001 11.939878
11.1 12.148577
11.7 11.652446
11.999998 11.801652
11.999998 11.610689
10.738272 10.626955
11.2 11.131282
11.400001 11.569456
13.999974 13.093013
11.5 11.600682
12.299998 11.804589
11.5 11.631363
11.2 11.373082
11.599999 11.285641
11.1 11.155506
11.5 11.411146
11.2 11.257223
11.897941 11.8431425
11.400001 11.416373
14.999629 14.366632
12.499997 12.8268175
11.1 11.2007
11.2 11.307119
11.999998 12.389702
11.7 11.842854
10.89724 10.771508
11.599999 11.9733305
12.821246 12.837971
10.9 11.091268
12.847147 12.739897
11.3 11.251094
10.622879 10.758877
11.1 11.158785
11.5 11.432913
10.622879 10.49251
11.8 11.801457
11.900001 11.847529
11.1 11.324135
13.899971 14.399527
11.599999 11.664814
11.5 11.650204
11.7 11.683837
9.79897 9.614875
11.3 11.456532
11.900001 11.948957
11.7 11.771147
11.2 11.293201
11.2 11.200019
13.078811 13.391341
10.79897 11.096238
11.1 11.253235
10.8 10.963242
11.400001 11.406491
14.79897 12.228263
10.1 10.07304
11.2 11.271196
12.1 11.929671
11.3 11.326879
12.799992 12.001376
11.3 11.668104
11.999998 11.986155
11.1 11.174271
11.400001 11.592316
11.1 11.122632
11.599999 11.4666395
11.1 11.361511
11.5 12.10479
11.1 11.23787
10.5 11.155824
11.5 12.694819
12.1 12.188549
11.2869625 11.397527
11.999998 12.23995
11.2 11.283016
12.730784 13.214196
12.199999 12.12118
12.299998 12.144689
11.1 11.159513
11.1 11.115518
12.1 11.807339
11.2 11.499022
11.900001 11.901434
11.3 11.658467
11.599999 11.377342
15.280456 15.162674
10.637602 10.629058
13.399989 12.293798
11.2 11.348304
11.5 11.564201
12.199999 12.253336
11.400001 11.443926
11.1 11.199339
11.999998 12.248272
11.3 11.38002
11.8 11.701006
11.2 11.307735
11.599999 11.659193
11.3 11.42772
11.108774 11.230049
11.599999 11.753879
11.400001 11.498697
11.900001 11.813858
11.2 11.339015
11.900001 11.879067
11.5 11.56267
11.7 11.795753
11.2 11.324692
11.2 11.1856575
11.2 11.241209
11.400001 11.369553
11.900001 11.909611
11.2 11.255572
11.3 11.268397
11.900001 11.877085
11.3 11.362793
11.2 11.322417
13.280456 13.432065
11.8 11.808606
11.5 11.753051
11.8 11.761899
11.5 11.565083
12.199999 11.748887
11.1 11.092102
11.5 11.525874
11.1 11.392
11.400001 11.495671
11.2 11.187162
12.254902 11.9256115
11.900001 11.838379
10.8 10.965412
11.2 11.7691555
12.599997 11.776619
11.900001 11.851696
11.599999 11.57611
11.999998 13.305714
11.2 11.230461
11.999998 11.945421
11.1 11.210282
11.8 11.579283
11.2 11.320388
11.1 11.19838
11.2 11.355817
12.399998 12.469514
11.7 11.758062
11.900001 11.90069
11.2139435 11.411721
11.0 11.189204
11.7 11.674471
11.622879 11.863039
11.2 11.183876
11.8 11.792982
11.999998 11.971109
12.599997 12.585983
11.2 11.227121
10.8 10.246198
11.3 11.283937
11.2 11.387814
11.5 11.604277
11.1 11.146802
12.599997 12.454342
11.641513 11.933162
11.599999 11.638086
12.699998 12.0074625
11.3 11.469889
11.2 11.090587
11.1 11.1785345
12.1 12.619142
10.9 10.979512
11.999998 11.669604
10.336572 11.234477
11.5 11.567663
11.2 11.4251585
11.900001 12.655731
11.1 11.133019
11.79897 11.730054
12.879892 13.405533
12.199999 12.0397835
11.900001 11.756893
13.299971 12.52347
13.543697 13.862683
11.911955 11.830348
12.199999 12.556541
11.2 11.118699
11.3 11.851104
11.2 11.793622
13.1 12.175272
12.504504 12.375657
11.2 11.20528
11.2 11.231903
11.1 11.185795
11.1 11.115487
11.3 11.440753
11.2 11.189536
11.3 11.344705
11.3 11.633509
11.7 11.761413
12.1 12.234663
11.1 11.159342
11.400001 11.415479
10.70206 10.874377
10.738272 10.627366
11.2 11.328765
11.900001 11.6020775
11.900001 11.874861
11.7 12.042314
11.400001 11.670312
11.900001 11.92763
11.400001 11.460685
13.600039 13.006851
13.439989 13.707342
12.199999 11.923687
11.1 11.10626
10.40103 9.869577
11.2 11.105979
11.8 11.812257
13.200015 13.828089
15.175721 15.238406
11.999998 12.69468
11.1 11.1261015
11.8 11.7587185
11.8 11.836799
11.3 11.48468
11.7 11.7119255
10.49794 10.657984
10.627244 11.064146
11.1 11.150715
10.6 10.672585
11.400001 11.456675
12.199999 12.045004
11.3 11.456691
11.8 11.804384
12.299998 12.0706
13.1 12.082958
11.5 11.69398
11.1 11.614285
11.999998 11.940062
11.1 11.138461
11.599999 11.58554
11.2 11.12699
11.5 11.716918
11.7 11.729384
11.1 11.047464
10.3 10.868085
11.5 11.495793
10.3 10.36957
11.2 11.2453985
11.400001 11.609254
11.7 11.597046
11.5 11.622141
11.5 11.606561
11.900001 11.755821
11.2 11.070461
11.1 11.207386
12.499997 12.442993
11.599999 11.594849
11.8 11.774495
11.1 11.237741
12.399998 12.796712
11.7 11.712571
11.8 11.781656
11.900001 11.812923
11.900001 11.883506
11.1 11.266187
11.8 11.804269
15.684434 14.66757
11.5 11.541463
11.2 11.198629
11.3 11.132862
11.1 11.092693
11.3 11.272
12.199999 11.910938
12.599997 12.80225
11.2 11.149707
11.400001 11.459489
11.599999 11.947906
11.1 12.08459
11.599999 11.745044
11.3 11.864124
11.2 11.322108
12.499997 11.567117
11.7 11.670244
11.3 12.201078
11.900001 11.824695
12.599997 11.689538
11.3 11.337016
11.7 11.651918
11.900001 11.687563
11.1 11.173939
11.8 12.11477
12.899998 12.566093
11.2 11.275718
11.2 11.104355
12.499997 11.606933
11.2 11.214184
11.900001 12.077371
11.5 11.489562
11.7 11.711921
11.2 11.435933
11.2 11.186483
11.1 11.096523
11.7 12.235067
11.599999 11.6524725
11.3 11.355752
11.5 11.52036
11.5 11.36855
11.2 11.682038
11.3 11.782458
11.1 11.166889
11.1 11.070636
11.900001 11.903609
11.999998 11.873165
11.900001 11.833059
12.599997 12.494219
13.399989 13.1312065
11.900001 12.018439
12.199999 12.135881
11.5 11.464503
13.800057 13.734191
12.199999 12.483007
11.599999 11.45975
12.299998 11.604476
13.800057 13.261384
12.499997 12.409667
13.699981 12.932596
11.900001 11.763444
11.5 11.404039
11.8 11.748085
11.684318 11.744923
11.900001 12.523708
10.40103 10.483501
12.399998 11.72803
11.7 11.679349
11.5 11.667365
11.2 11.305132
12.299998 11.837988
11.2 11.189009
11.3 11.309414
13.000009 13.726267
12.299998 12.58837
11.2 11.238878
12.699998 13.489306
11.7 11.942122
13.299971 12.76977
14.160929 13.542334
12.122276 12.868549
11.7 12.291409
12.794648 11.451243
11.900001 11.764536
11.5 11.523048
11.900001 12.818925
13.500008 12.721672
11.900001 11.953906
11.5 11.325606
11.400001 11.407746
12.499997 12.40823
11.1 11.504684
11.8 11.829845
11.944664 12.310361
12.899998 12.686687
11.999998 11.890768
14.254902 14.915307
11.7 11.852792
11.8 11.786041
11.2689295 11.419122
11.2 11.307338
13.261151 11.4753
11.599999 11.605285
11.3 11.430384
10.622879 10.46858
11.1 11.24409
11.2 11.246447
11.900001 11.905579
11.2 11.2616825
11.999998 12.086183
14.1 14.170941
10.5 10.205757
13.299971 13.330287
11.900001 11.86819
11.900001 11.907638
10.622879 10.315949
11.2 11.192477
11.599999 11.670924
11.2 11.202468
10.622879 10.50539
11.3 11.562495
11.5 11.9913225
11.8 11.774386
11.7 11.742135
11.2 11.301921
12.799992 12.773675
10.336572 10.894083
11.8 12.487131
11.5 11.793622
12.5685215 13.0846405
11.1 11.161074
12.520216 14.304733
12.399998 11.762681
11.900001 11.874147
11.400001 11.555935
11.400001 11.381532
13.600039 12.635077
12.59485 12.64257
11.1 11.9512415
12.899998 11.768487
10.2 10.316977
10.131517 11.272525
12.799992 12.185662
11.7 11.745953
11.8 11.858016
13.299971 12.013889
11.2 11.253022
11.2 11.2732935
11.3 11.6743
11.145758 11.231049
11.7 11.433954
14.1 15.062062
11.3 11.24543
11.2 11.276045
10.89588 11.109957
12.1 11.603115
14.600313 13.802057
11.3 11.460192
10.1 10.2817
11.520216 11.259454
11.400001 11.739774
11.1 11.614718
11.599999 11.230448
13.899971 12.429317
11.900001 12.169732
12.299998 11.712104
12.249986 12.152277
11.900001 11.969204
13.600039 13.0237255
11.900001 11.863874
11.599999 11.709409
11.1 11.104087
11.1 11.17347
11.900001 11.888765
11.900001 11.87257
12.199999 12.404702
11.5 11.532865
11.3 11.496171
11.900001 11.471918
11.1 11.230658
11.5 11.691888
11.3 11.893918
13.000009 12.056526
11.400001 11.109462
10.1 10.651145
11.400001 11.556821
11.7 11.791689
11.2 11.366533
11.7 12.220006
11.599999 11.289128
12.699998 12.116693
11.5 11.48685
11.999998 12.013906
11.2 11.28776
11.599999 11.344914
12.299998 11.509808
11.8 11.123505
11.1 11.170502
11.599999 11.668315
11.2 12.2481365
11.900001 11.883112
12.199999 12.018283
11.7 11.718043
11.5 11.312059
11.999998 12.038595
10.2 11.218334
11.2 11.298411
12.699998 12.537692
11.599999 11.538382
12.1 12.2124195
11.2 11.27583
13.800057 13.922863
11.400001 11.484321
13.500008 12.804853
12.699998 12.4056225
11.2 11.237416
11.1 11.028773
12.499997 12.17679
12.926814 12.898718
11.7 11.724285
10.40103 10.310808
11.1 11.298432
11.2 11.391482
11.1 11.16696
11.1 11.180189
11.599999 11.543621
11.7 11.81259
11.900001 12.009264
11.2 11.480392
11.400001 11.422817
11.2 11.32503
11.2 11.286788
11.8 11.795069
11.5 11.601524
11.5 11.641602
11.3 11.83704
11.7 11.659809
11.3 11.347392
11.8 11.767253
11.599999 11.670361
13.104364 13.658522
11.3 11.316642
11.900001 11.830965
11.1 11.913671
11.2 11.150908
11.8 11.79161
11.400001 11.4031
11.900001 11.966065
12.299998 12.918578
11.999998 11.762286
11.7 11.64481
11.900001 11.7613325
11.2 11.578046
12.1 12.0528
15.1 14.8712845
9.49794 9.403646
12.199999 11.920278
11.622879 10.768438
12.651294 12.8356085
10.70206 10.931626
14.700326 14.283377
11.900001 11.799739
12.699998 12.876471
12.699998 13.194396
11.1 11.23792
11.5 11.469162
11.5 11.521233
11.999998 11.913246
11.599999 11.675607
11.2 11.2457285
11.2 11.305325
12.799992 12.185068
13.40103 13.49755
12.199999 11.8425
12.399998 13.357672
13.000009 12.349526
11.1 11.068451
11.2 11.273222
11.5 11.908034
11.2 11.454071
12.299998 12.167142
11.2 11.381841
11.1 11.19371
11.3 11.369045
11.8 11.746836
11.1 11.164305
11.400001 11.306316
12.379841 12.764986
13.399989 12.707997
11.2 11.227557
12.699998 13.219535
11.1 11.284469
14.299971 13.995125
11.5 11.7030115
11.7 11.582411
12.199999 11.722225
11.8 11.309886
11.400001 11.403068
10.4 11.102457
11.3 11.247185
11.900001 11.762058
11.2 11.188232
13.1 14.220942
11.900001 11.849768
12.145758 12.415013
11.8 11.781529
12.199999 11.91874
12.699998 12.58227
11.2 11.213123
11.7 11.712762
11.1 11.60535
11.3 11.388633
11.40103 11.390989
11.1 11.181927
11.2 11.202214
11.5 11.659068
10.5 10.912545
11.7 11.58349
10.1 10.750784
11.2 11.253293
12.399998 12.247482
11.900001 11.839667
12.300659 12.397054
11.3 11.286577
11.1 11.118502
11.900001 11.716955
11.3 11.406066
13.600039 13.01507
12.599997 13.04854
11.599999 11.610914
12.499997 12.224854
11.2 11.3522
11.5 11.531999
11.2 11.474162
10.6 10.675583
10.3 10.510792
11.999998 12.239762
11.1 11.328175
11.8 11.752327
11.2 11.184174
12.799992 13.021644
11.0 10.923999
11.5 11.532961
12.199999 11.733438
11.7 11.852501
12.599997 11.936006
12.799992 13.6440525
11.7 11.653805
11.2 11.266174
11.599999 11.455035
11.5 11.493756
11.400001 11.374493
11.2 11.472318
11.599999 11.438271
11.3 11.334874
11.900001 11.880385
11.3 11.400667
11.2 11.159519
11.900001 12.019196
11.7 11.874999
11.2 12.271268
11.7 11.71299
11.1 11.149835
11.3 11.499479
11.900001 11.860199
10.2 10.312748
11.400001 12.4508705
11.8 11.840074
12.299998 12.093744
11.900001 11.884976
13.446788 13.7842655
11.1 11.02186
11.1 11.609675
11.7 11.705181
11.599999 11.36585
10.3 10.733647
11.2 11.194269
13.000009 12.044721
13.699981 13.308513
13.800057 13.869014
12.1 11.972682
11.2 11.30578
11.599999 11.591808
12.799992 11.865787
11.2 11.416854
11.5 11.599531
10.869551 11.44268
11.2 11.129853
10.49794 10.329231
11.400001 11.407637
13.1 13.4049425
11.900001 11.8738985
11.1 10.946952
11.3 11.177053
11.727339 11.506644
11.1 11.235799
11.5 11.558935
11.900001 11.911907
11.8 11.933688
11.7 11.828756
11.2 11.225
11.8 11.557999
10.622879 10.727375
11.1 11.167853
11.7 11.841617
11.5 11.606148
11.2 11.298205
11.900001 12.021404
12.199999 12.9796715
11.7 11.632081
13.923909 12.63645
11.999998 12.457931
11.8 11.597517
11.8 11.847468
11.900001 12.002787
12.599997 12.768159
12.399998 11.647433
10.70206 10.689931
13.79897 14.429977
11.1 11.115284
11.3 11.295964
11.900001 11.922352
11.400001 11.504441
11.3 11.42243
11.599999 11.772782
11.900001 11.859805
11.1 11.58814
11.8 11.846707
9.986056 10.129375
12.799992 12.650958
11.2 11.196199
9.79897 9.554386
12.699998 12.599964
10.70206 13.370268
12.1 11.956019
12.299998 11.597711
11.3 11.316322
14.700326 14.455137
11.122276 11.476171
13.1604805 12.135725
11.999998 11.829677
11.1 11.433476
11.5 11.550183
11.2 11.23431
11.900001 11.71477
11.1 11.068703
11.400001 11.38727
11.400001 11.491473
15.200179 14.616884
11.5 11.623207
11.3 11.692855
11.3 11.408351
11.254902 11.451231
11.400001 11.370004
11.599999 11.559457
11.5 11.445299
11.999998 12.075979
11.2 11.287548
10.1 10.403364
11.2 11.267649
13.000009 13.769559
14.500117 14.359541
11.2 11.196218
11.1 11.0825615
12.096055 12.402071
11.599999 12.198796
11.900001 12.336372
12.899998 12.314636
13.63027 12.245539
11.2 11.350297
11.400001 11.390664
11.999998 11.939043
12.299998 11.883291
11.900001 11.857457
13.500008 12.268416
11.7 11.823868
11.3 11.484407
11.1 11.114049
11.599999 11.689959
11.1 11.258414
11.7 11.723899
10.1 10.124617
11.900001 11.898577
12.532973 12.034103
14.500117 13.8432455
13.749991 14.2993
14.1 14.3248005
11.1 11.238496
10.5 10.8330345
11.900001 11.940089
12.399998 12.091006
10.020819 9.923939
11.599999 11.543907
10.40103 10.5272455
11.2 11.251017
11.5 11.563092
11.1 11.120725
12.199999 12.962891
11.7 11.889449
12.699998 12.767035
11.3 11.462217
12.020819 11.814191
11.5 11.42403
11.999998 12.040159
11.5 11.966553
11.2 11.214002
11.2 11.419992
11.1 11.088788
11.900001 11.863138
11.999998 12.061331
12.199999 12.144154
13.738272 11.701487
11.400001 11.52149
13.500008 13.024269
11.7 11.49591
11.2 10.936269
12.483 12.001235
10.3 10.149614
13.800057 13.233866
13.1 11.614304
13.600039 13.741019
11.7 11.685103
14.400163 14.338037
12.299998 12.07171
11.599999 11.21157
11.900001 11.858422
11.1 11.52186
11.5 12.171871
12.728932 12.949329
11.3 11.350429
10.70206 10.7573395
12.923909 12.635033
11.5 11.551674
13.466532 12.405512
11.578862 11.286379
11.7 11.484032
10.40103 10.980519
12.899998 13.08161
11.1 11.058881
11.2 11.278544
11.900001 11.903491
11.8 11.980764
11.1 11.277262
11.900001 11.786108
11.8 11.783379
11.2 11.340914
11.2 11.83228
11.8 11.21814
11.900001 11.899788
11.2 11.268942
12.299998 12.291911
12.599997 12.217016
12.1 12.433401
11.400001 11.344531
11.5 11.608751
11.2 11.260114
12.699998 12.17049
11.2 11.187906
12.899998 12.284757
11.2 11.381615
11.5 11.53096
11.2 11.176892
11.2 11.25882
11.2 11.104444
11.2 11.389348
11.1 11.586009
11.2 11.230234
11.2 11.298949
12.1 11.9251585
11.8 11.267265
11.900001 11.676054
11.3 11.630768
11.2 11.374754
14.1 15.096241
11.3 11.352143
11.5 11.685212
11.599999 11.524083
12.299998 11.860405
11.1 11.07766
11.400001 11.409899
12.456548 13.544618
12.799992 13.489115
12.299998 11.953798
11.900001 11.871465
13.200015 12.476708
11.8 11.865165
11.2 11.270487
11.599999 11.592255
11.999998 12.014738
11.8 12.30551
12.599997 11.963245
10.1 9.900397
11.999998 11.7785
12.699998 12.087251
11.2 11.401916
11.177759 11.243989
12.1 12.339637
11.5 11.52884
11.1 11.178361
11.8 11.676104
12.1 11.708554
11.900001 11.914387
11.5 11.472231
11.8 11.761412
11.400001 11.658478
11.5 11.538878
11.900001 12.301609
10.383997 10.345817
11.1 11.191689
11.1 11.352615
11.2 11.264847
13.729818 13.642279
11.7 11.941222
11.3 11.417099
11.400001 11.784561
12.881363 12.557787
12.1 11.328835
9.79897 9.6385975
11.2 11.252009
13.999974 14.714956
11.8 11.837419
11.1 11.024515
11.599999 11.516407
11.2 11.674231
11.900001 11.877575
9.40103 9.355242
11.2 11.280465
11.7 12.132064
12.199999 12.52918
12.199999 12.412104
11.2 11.15759
11.2 11.286791
11.25 11.320396
14.145758 13.981763
11.7 11.660651
11.900001 11.827971
11.1 11.090093
11.1 11.127899
11.1 11.240767
11.1 11.204507
11.999998 12.366292
11.5 11.418865
11.8 11.555623
11.1 11.319635
14.400163 13.775227
11.900001 11.958831
13.999974 13.569771
11.7 11.225888
11.5 11.451208
11.5 11.617121
11.999998 11.783819
11.3 11.373175
11.5 11.618245
13.986056 13.325557
11.2 11.404541
11.400001 11.874015
13.000009 13.204767
10.145758 9.925715
11.400001 11.400443
11.400001 11.442722
12.299998 12.295109
11.400001 11.614778
12.499997 12.2791815
11.999998 11.54759
11.400001 11.721069
11.3 11.487601
11.3 11.285996
11.8 11.7820635
11.5 11.935895
11.5 11.553895
11.262469 11.275099
11.999998 11.99696
11.2 11.204125
11.2 11.652841
11.3 11.2259655
11.900001 11.882919
11.1 11.138275
10.49794 10.387172
12.499997 12.276806
13.999974 13.58133
11.1 11.310394
10.622879 10.624345
11.1 11.101598
11.599999 11.401339
11.900001 11.816549
12.199999 12.317798
11.2 11.340105
11.1 11.025307
11.900001 11.615655
11.599999 12.157196
11.400001 11.369049
11.2 11.338824
11.3 11.472669
11.5 11.342991
13.200015 13.01157
11.400001 11.331066
11.7 11.229777
11.400001 11.386122
11.900001 11.9214525
11.3 11.425356
11.1 11.115581
12.399998 12.785927
11.2 11.3978405
13.200015 13.481718
11.1 11.215558
11.599999 11.629995
12.392429 11.620031
11.599999 11.656289
11.3 11.244199
11.5 11.562189
11.1 11.233553
15.29382 15.220438
11.7 11.772081
11.2 11.21323
11.8 12.021011
11.900001 12.025881
13.000009 12.424254
12.1 12.520857
11.1 11.194709
13.800057 14.061102
11.900001 11.967354
11.1 11.130842
11.2869625 11.382649
11.599999 11.480211
11.2 11.226845
11.2 11.249947
11.2 11.147284
11.2 11.653451
11.3 11.299911
11.5 11.432509
11.3 11.363643
13.1 12.749496
11.400001 11.613341
10.986056 11.113091
11.1 11.105384
11.8 11.797423
12.170581 12.090215
11.5 11.896582
13.1 13.691511
11.900001 11.862774
13.000009 12.957834
13.699981 11.987149
11.1 11.119189
11.999998 11.789576
11.1 11.635057
12.199999 12.097004
11.599999 11.577792
10.3 10.2261
11.3 11.236925
12.299998 12.229818
11.900001 11.892062
11.2 11.276642
11.7 11.852724
11.1 11.1210165
11.999998 11.916026
11.2 11.17354
11.599999 11.480015
12.344125 12.324617
11.3 11.501479
11.2 11.266628
11.599999 11.509721
11.900001 11.884063
11.599999 11.536413
11.400001 11.847998
11.599999 12.207165
15.600313 15.2486315
11.1 11.183528
11.5 11.774065
10.854487 11.565452
12.199999 11.988598
11.599999 11.504185
14.5685215 14.88059
11.3 11.2641325
10.622879 11.03393
13.997126 14.5291
14.581486 13.764978
10.8 11.254463
9.49794 9.300912
11.5 11.915279
11.599999 11.675904
11.2 11.284477
12.699998 12.348742
11.2 11.183092
11.599999 11.7670145
11.400001 11.358503
11.400001 11.52835
11.5 11.514506
11.1 11.202738
11.5 11.415513
11.8 11.729344
12.599997 12.087776
11.999998 11.945324
11.8 11.658198
11.1 11.169012
11.2 11.442606
11.999998 11.55498
11.2 11.554769
11.1 11.137732
12.299998 12.108158
11.400001 11.851655
11.7 11.78447
11.8 12.177747
11.999998 12.261342
12.1 11.893124
11.8 11.8045845
11.2 11.393361
12.1 11.729085
12.699998 12.677529
11.8 11.680754
11.900001 11.956133
11.1 11.2494955
11.5 11.231955
11.058607 11.218766
11.900001 11.847443
11.900001 11.719066
11.999998 12.041586
11.1163435 11.306109
11.3 11.201963
11.3 11.470951
11.58426 11.328351
11.400001 11.504058
11.8 11.7658205
13.399989 12.486206
13.821246 13.765044
11.3 11.289407
13.299971 12.672258
14.299971 14.69469
11.637602 10.929323
11.2 11.38283
11.1 10.89702
11.999998 11.9141865
11.8 11.67662
12.599997 12.563055
11.599999 11.972904
10.9 10.820046
11.400001 11.313031
11.5 13.009549
11.2 11.283644
11.7 11.690443
12.499997 13.296528
11.3 11.56919
10.2 10.243341
11.599999 11.765487
11.2 11.189447
11.1 11.054352
12.499997 13.132771
11.7 11.901381
13.600039 12.815594
11.2 11.328559
11.5 11.722135
12.299998 11.44492
11.2 11.214373
11.1 11.148467
11.5 11.557389
12.599997 12.243963
13.1 12.2956085
11.400001 11.705223
11.2 11.255662
11.400001 11.483219
12.401899 12.394276
9.79897 9.604654
11.543697 10.964219
11.400001 11.395361
11.900001 12.020558
11.599999 11.87404
10.70206 10.554728
14.1 14.11116
11.1 11.142948
11.8 11.779977
11.3 11.806322
9.941637 9.847354
11.2 11.657898
11.3 11.588136
11.900001 12.620595
11.599999 11.775972
11.5 11.746822
11.8 11.650264
11.2 11.141321
13.000009 11.930773
14.500117 14.2598
11.3 11.384488
11.8 11.806442
11.7 11.810338
11.1 11.122439
13.200015 12.565647
11.5 11.502027
10.1 10.206042
11.821246 11.485492
11.7 12.851593
11.8 11.934636
12.899998 12.045042
11.79897 11.539522
11.599999 11.77418
11.2 11.258598
11.1 11.1607485
11.599999 11.313267
11.3 11.279011
11.400001 11.74079
11.400001 11.4454565
10.40103 10.304987
10.70206 10.935623
12.799992 12.755652
10.40103 10.801182
12.899998 12.557723
10.869551 9.928211
11.900001 12.048848
11.900001 12.101482
11.1 11.3419075
11.8 11.783728
11.400001 11.478826
11.999998 12.069848
13.500008 12.878973
11.1 11.106515
11.108774 11.240612
11.1 11.062431
10.1 9.982915
11.3 11.5391445
11.2 11.199932
12.299998 12.172001
10.622879 10.676201
12.1 11.695892
11.8 11.800747
11.999998 12.110985
11.400001 11.611632
12.799992 11.805988
11.2 11.3617735
11.8 11.920265
11.1 11.527814
11.1 11.478407
11.2 11.146471
10.5 11.008676
11.400001 11.372891
10.8447275 11.506066
11.8 11.807927
11.599999 11.619204
11.7 11.543461
11.3 11.525793
11.1 11.086374
11.2 11.14282
11.2 11.563977
11.7 11.675625
11.5 11.500613
11.2 11.365184
11.400001 11.425668
11.7 12.094675
11.1 11.274371
12.199999 11.62425
11.49794 11.640754
12.1 11.600764
11.7 11.711715
11.900001 11.888091
11.5 11.5326605
11.900001 11.875259
11.3 11.470536
9.79897 10.018788
13.699981 12.677554
12.1 12.0498705
11.1 11.429273
14.700326 14.335802
11.2 11.646433
11.2 11.335098
11.7 11.271818
11.900001 11.850929
14.400163 13.792443
10.1 10.196679
11.900001 11.821523
11.2 11.580081
11.49794 11.549363
11.400001 11.457404
11.1 11.279796
11.5 11.842184
11.5 11.535573
11.900001 11.715018
11.1 11.748792
11.8 11.84547
11.8 11.793446
11.400001 11.398393
13.600039 13.65646
11.1 11.251795
11.1 11.27026
12.699998 12.097364
11.1 12.315508
11.900001 11.902894
11.599999 11.813951
10.70206 10.748035
13.403085 12.734388
11.999998 11.82529
11.400001 11.337431
10.1 11.266813
11.1 11.155578
11.3 11.338391
12.599997 12.657982
11.1 11.26296
11.2 11.146857
11.5 12.064664
11.2 11.237996
11.3 11.246537
13.1 12.09806
12.799992 13.259425
11.3 11.089879
11.7 11.73943
11.1 11.1103525
10.70206 10.720465
11.900001 11.863908
13.399989 13.717531
12.199999 12.932793
11.3 11.377973
11.2 11.328446
11.900001 11.240938
11.1 11.140731
13.299971 13.195686
11.1 11.224593
12.299998 11.490332
11.599999 11.450014
11.2 11.190345
11.2 11.174957
12.199999 11.85911
11.400001 11.527574
11.900001 11.909566
11.599999 12.196526
11.7 11.711781
11.3 11.655001
12.1 11.325279
11.5 11.539288
11.900001 11.850528
11.8 11.855015
11.599999 11.5196295
11.2 11.1924305
11.7 11.740964
12.599997 13.151112
14.500117 13.979662
11.2 11.261975
11.2 11.207574
11.900001 11.874869
11.8 11.770885
11.2 11.414667
11.1 11.188967
11.900001 11.716736
11.400001 11.44055
11.7 11.489389
10.3 10.16959
11.900001 11.744154
11.900001 11.858416
12.799992 12.243206
11.599999 11.639627
11.8 11.841956
10.1 10.625864
11.599999 11.630561
11.7 11.716959
13.466532 12.978966
12.299998 12.366451
10.59485 10.531313
11.900001 12.137679
10.932683 10.776134
14.273925 13.713501
11.900001 11.8941345
11.5 11.512338
11.1 11.1956
10.7 10.595704
11.3 11.338791
14.19691 11.670524
11.2 11.193195
13.200015 12.252527
11.1 11.489988
11.8 11.718858
12.899998 11.689351
10.1 11.163878
11.1 11.230558
11.8 11.846906
11.2 11.332801
11.2 11.262367
13.200015 12.356509
11.1 11.38267
9.79897 9.620211
11.1 11.206379
12.349492 11.567199
11.1 10.857071
11.5 11.760246
11.1 11.122963
11.3 11.504349
11.1 11.192612
11.1 11.157164
10.70206 10.830391
12.399998 12.116841
11.8 12.035867
11.2 11.254512
11.599999 11.634108
14.600313 13.696542
11.2 11.25874
13.000009 13.695604
12.248742 11.891093
11.400001 11.377521
11.7 11.74279
11.2 11.351506
11.1 11.176258
12.399998 12.397061
13.000009 12.901048
12.299998 12.4909
11.400001 11.418123
10.2 9.95623
11.1 10.887262
11.900001 12.144085
10.3 10.677652
11.2 11.230372
11.8 11.2676735
11.1 11.194766
11.400001 11.400618
11.400001 11.382469
12.1 12.398042
11.599999 11.482255
11.2 11.286382
11.1 11.333988
11.7 11.718258
11.999998 11.706888
11.3 11.473057
11.1 11.129936
11.8 11.805666
11.3 11.340636
12.199999 11.880309
11.2 11.173808
11.900001 11.834025
12.699998 12.226212
11.2 11.221351
14.419664 15.092423
12.599997 13.104773
11.5 11.544466
11.2 11.357976
11.1 11.321675
12.300659 12.282434
11.2 11.160519
11.599999 11.849339
11.400001 11.368264
12.146482 13.490278
12.599997 12.392313
11.1 11.062097
12.899998 12.543997
11.1 11.168694
11.1 11.251359
11.900001 11.842542
11.3 11.55476
11.2 11.175293
11.999998 11.85736
11.900001 11.924593
13.999974 12.82674
10.8 10.875217
11.3 11.403409
11.1 11.073565
11.5 11.619557
11.3 11.427299
13.800057 12.715893
11.5 11.484287
11.1 10.890825
11.599999 11.637855
11.3 11.335779
12.721546 11.876588
13.1 12.746852
11.5 11.699149
11.1 11.106887
11.1 11.428965
11.8 11.428683
10.1 10.317205
11.900001 12.721626
11.3 11.256078
11.782456 11.350182
11.5 11.749081
10.3 10.561513
11.923909 11.740539
10.1 9.923005
11.3 11.251347
11.400001 11.647204
10.6 10.718187
11.1 11.292152
11.400001 11.632177
12.199999 12.687431
11.8 11.633777
11.999998 11.928331
11.599999 11.029927
10.70206 11.112985
11.8 11.686805
13.200015 12.318413
11.3 11.411418
11.1 11.175519
13.200015 12.06734
11.3 11.37394
11.7 11.737731
11.7 11.6851635
11.599999 11.530014
11.2 11.198016
11.599999 11.842423
13.500008 13.104054
12.499997 13.419825
11.8 11.857382
12.899998 13.439876
11.900001 12.026194
11.1 11.12227
11.5 11.72138
11.900001 12.130642
11.999998 11.728462
11.2 11.000299
11.1 11.17589
14.5685215 15.1183605
11.900001 11.906671
11.8 11.812438
12.399998 12.153494
11.900001 11.888975
11.3 11.278648
11.999998 11.983191
11.7 11.980649
10.8 11.112099
11.7 11.678202
11.3 11.505047
11.721602 11.10018
13.248742 13.883585
13.200015 13.1584425
11.2 11.633692
11.8 11.784777
12.199999 11.7862835
11.400001 11.534403
11.1 11.056578
11.2 11.283121
11.2 11.100533
13.299971 13.507247
12.1 12.586784
11.8 11.752502
11.8 11.873344
11.8 11.593055
11.7 11.948421
12.499997 12.084005
11.900001 12.03369
11.999998 12.126624
13.699981 13.158994
12.020819 11.707097
11.7 11.722137
12.1 11.618491
11.900001 11.879592
11.1 11.117964
11.1 11.066304
11.400001 11.459334
12.601689 12.537549
11.1 11.257058
11.999998 11.959348
11.999998 12.148131
12.799992 12.623189
11.8 11.782828
11.2 11.268352
11.5 11.514895
11.2 11.273729
11.999998 11.97531
12.199999 12.3317375
11.8 11.627285
11.599999 11.781178
13.104364 11.020954
10.622879 10.927442
13.899971 13.706823
11.3 11.405031
11.400001 11.312604
11.2 11.243145
11.2 11.377896
11.900001 11.794793
11.2 11.247047
11.923909 11.341594
11.2 11.288914
11.400001 11.737419
11.2 11.892929
11.900001 11.912722
11.8 11.806586
11.7 11.479924
12.55967 12.355228
13.000009 12.344824
11.2 11.255582
11.1 11.101671
11.5 11.650708
11.1 11.271161
9.40103 9.819556
11.400001 11.857099
11.900001 11.450125
11.425138 11.139253
11.1 11.096295
11.242667 11.440146
10.5 10.8445835
12.699998 12.021868
11.1 11.097861
11.3 11.240775
12.1 11.8535595
11.999998 11.865212
11.2 11.326877
13.000009 12.401864
11.999998 12.134697
11.400001 11.421521
14.600313 14.567127
11.738272 11.455
11.1 11.219938
11.8 11.774023
11.1 11.211494
11.900001 11.861207
10.719789 10.591127
11.599999 11.617225
11.400001 11.533527
12.799992 12.570015
11.2 11.237475
11.25 11.286806
11.3 11.669056
12.1 12.492602
12.699998 12.342649
11.599999 11.668102
11.70103 11.776908
13.026317 13.849477
12.191515 12.211417
11.1 10.592365
11.999998 11.871004
11.1 10.956092
11.400001 11.564205
11.900001 11.869415
11.1 11.21152
11.5 11.471066
11.1 11.284226
11.5 11.477346
11.400001 10.873591
11.599999 11.591267
12.199999 12.0062275
11.1 11.218471
11.5 11.720469
11.2 11.284469
11.2 11.28051
11.1 11.170484
11.3 11.474659
11.2 11.1298
11.3 11.285357
11.900001 11.898189
11.2 11.268574
11.599999 11.755352
11.2 11.174771
11.999998 12.68088
11.5 11.6018505
11.400001 11.576612
11.274371 11.236367
14.427902 15.175406
11.900001 12.337179
11.1 11.268239
11.1 11.145447
11.3 11.561677
10.622879 10.193632
11.999998 11.595474
11.999998 11.62295
11.2 11.402131
11.900001 12.380423
11.1 11.126397
11.400001 11.569148
10.1 10.715405
11.2 11.275429
11.8 11.788226
11.8 11.703835
11.599999 11.422914
11.7 11.857405
11.49794 11.350262
11.2 11.196157
11.3 11.230158
12.1 12.107896
11.900001 11.90366
12.199999 12.878874
13.600039 14.010515
13.399989 13.840475
11.900001 11.657714
11.8 12.701599
11.3 11.556253
11.999998 11.396331
12.923909 13.015322
11.1 10.926716
11.8 11.705397
11.2 11.6510105
11.599999 11.58461
11.5 11.531305
11.900001 11.883769
11.2 11.292524
13.699981 13.633566
12.599997 12.565094
11.2 11.249125
11.400001 11.389023
10.1 10.690002
11.900001 11.858951
12.191515 12.1197405
11.1 11.288351
11.3 11.407263
15.200179 13.485873
11.5 11.530457
11.8 11.876394
11.1 11.078102
11.1 11.134981
11.1 11.131757
11.900001 11.758509
12.199999 12.112076
11.900001 11.602095
11.400001 11.402535
11.1 11.2229805
11.2 11.243437
11.900001 11.913303
11.400001 11.370755
11.999998 12.486919
11.2 11.095191
11.2 11.21631
11.900001 11.902424
11.599999 10.666383
11.599999 11.822589
11.2 11.079232
10.70206 10.686754
11.2 11.302109
11.2 11.410679
11.999998 12.077739
11.999998 12.03482
11.2 11.24786
13.200015 12.696078
11.2 11.300101
11.2 11.274312
11.79897 12.5515995
12.299998 11.994644
10.70206 10.688193
10.4 10.804884
11.5 11.596233
12.1 12.0563345
11.5 11.73267
11.599999 11.58528
11.5 11.563799
11.1 11.219636
13.299971 11.84846
11.8 11.275979
11.3 11.47527
14.63786 13.278937
12.299998 12.257367
11.3 11.43777
12.299998 11.841042
11.1 11.106837
12.699998 12.9468775
11.2 11.256471
11.599999 11.572165
11.1 11.090353
11.8 11.788841
11.2 11.07435
11.900001 11.646337
11.900001 11.904096
11.19691 11.11514
12.249994 12.989207
10.1 10.657859
11.7 11.932324
11.2 11.127248
12.765546 12.2895775
11.2 11.397773
11.2 11.217006
13.668636 13.883752
11.5 11.964662
11.599999 11.761502
11.5 11.650526
11.2 11.247394
11.8 11.841361
11.5 11.821916
12.599997 12.646295
12.299998 11.6314945
11.7 11.286459
11.1 11.2016325
11.1 11.437825
11.3 11.579374
11.5 11.624994
12.399998 11.566124
11.8 12.095024
11.2 11.2040615
11.8 12.0282955
11.2 11.288125
12.299998 12.561943
11.2 11.288622
12.79897 13.446087
11.2 11.27457
12.622879 12.638662
11.3 11.273692
11.8 12.043426
11.3 11.326986
11.3 11.268102
11.7 11.911538
11.3 11.290632
11.7 11.949873
11.900001 11.8755045
10.1 10.484619
11.2 11.228562
11.5 12.416746
12.699998 11.940688
11.900001 11.873487
10.2 11.204852
11.1 11.168286
11.8 11.809371
11.8 11.808746
11.8 11.636617
11.5 11.6766205
11.7 11.767564
12.207906 11.753956
11.2 11.125272
11.2 11.198524
11.900001 11.9471655
11.1 11.459103
11.900001 11.664879
13.19691 11.786419
13.145758 13.884153
11.7 11.4862
11.3 11.225288
10.70206 10.713268
11.7 11.824481
13.500008 13.622229
11.3 11.497481
11.5 11.617491
11.400001 11.58349
14.999629 14.8270855
11.999998 11.806753
11.2 11.207444
10.165502 10.023248
11.599999 12.167042
11.999998 11.866769
11.5 11.624987
11.285752 11.674674
11.900001 11.136351
11.1 11.402797
11.3 11.20694
11.8 11.783945
11.1 11.311794
11.999998 12.371423
11.5 11.685938
9.89588 10.002253
11.900001 11.862761
11.1 11.0688
13.699981 13.251299
11.3 11.384644
11.5 11.57201
11.900001 11.881865
11.180922 12.795524
12.180399 11.921209
11.2 11.277204
11.2 11.193605
12.399998 12.447435
11.1 11.19881
11.7 11.389525
11.5 11.887641
10.40103 10.381689
11.1 11.115784
11.400001 11.737804
10.938632 10.964392
10.70206 10.827915
11.400001 11.360749
11.2 11.189453
11.7 11.677081
11.900001 11.872908
11.599999 11.715393
11.7 11.772102
11.2 11.238717
12.899998 13.175273
11.5 11.462128
11.5 11.566826
11.2 11.215755
11.2 11.104728
11.400001 11.441297
11.8 11.669035
11.2 11.429612
11.7 11.28329
12.799992 12.258875
12.799992 12.570271
11.3 11.512303
11.3 11.160606
11.1 11.1074295
11.7 11.457037
11.49794 11.519054
11.329148 11.419676
12.1 11.630684
13.200015 11.853924
11.900001 11.973712
11.400001 11.549517
12.199999 11.770573
13.699981 13.462745
11.2 11.400022
11.5 11.634877
11.5 11.658903
11.400001 11.439433
11.15 11.718117
13.1 13.11023
13.000009 12.040106
11.2 11.105472
12.199999 11.152612
11.8 11.673932
10.622879 10.693018
11.900001 11.804692
12.599997 12.332848
10.40103 10.3019495
14.700326 13.386405
10.49794 10.408272
11.2 11.203235
11.999998 11.930389
11.2 11.235663
10.5 10.540624
11.5 11.524892
11.3 11.506072
11.1 11.140779
11.2 11.330075
11.900001 11.9140835
11.900001 11.837416
11.2 11.142468
11.2 11.216299
11.1 11.00258
11.2 11.457046
11.8 11.854802
10.40103 12.917613
11.7 11.771542
11.900001 11.968584
11.599999 11.602235
11.999998 11.9106245
11.1 11.14877
12.449997 11.825877
11.3 11.320741
11.622879 11.57279
11.29382 11.660419
11.400001 11.34691
10.79897 10.773432
11.400001 11.412221
10.49794 10.832622
11.2 11.23752
10.6 10.919065
11.3 11.303049
11.3 10.968054
11.3 11.473044
12.199999 11.38016
11.599999 11.549409
11.2 11.181512
12.699998 12.376685
12.199999 12.143675
12.199999 12.290267
11.1 11.176419
11.900001 11.943062
13.299971 13.942718
11.2 11.249629
13.800057 13.060334
11.900001 11.609129
14.200179 14.356765
11.7 12.184517
11.599999 11.693978
12.499997 12.1358
11.7 11.664923
11.5 11.913207
11.2 11.520436
11.2 11.14758
11.3 11.564763
11.3 11.23745
11.1 11.148917
10.738272 10.003957
12.299998 12.576117
10.1 10.258292
11.900001 11.898708
11.3 11.798924
11.400001 11.514952
11.599999 11.797357
11.900001 11.8591
11.1 11.159122
11.7 11.719323
11.2 11.548942
11.400001 11.374889
14.49794 14.499179
11.900001 11.894305
14.145758 12.512525
11.5 12.15493
11.8 11.815358
11.2 11.53518
11.8 11.882383
11.2 11.279361
11.622879 11.451003
11.5 11.487105
13.359637 13.315056
12.299998 11.534503
11.2 11.463532
11.1 11.407567
11.900001 11.870236
11.3 11.681963
11.900001 11.452888
13.000009 11.774226
11.7 12.117607
10.6 11.597477
13.622879 13.947182
11.3 11.338439
11.599999 11.620441
11.5 11.57597
11.79897 12.033074
11.3 11.391357
11.1 11.138931
11.1 11.635542
11.8 11.80004
13.200015 12.739973
11.5 11.058497
11.7 11.673829
11.1 11.154999
11.5 11.618843
11.7 12.034512
11.999998 11.892173
11.5 11.595555
11.3 11.405964
10.2 10.234813
11.599999 11.641676
11.2 11.15707
12.399998 12.088271
11.2 11.183882
13.699981 12.63004
13.000009 12.372066
11.3 11.24633
11.2 11.242196
11.3 11.219049
11.3 11.327079
10.3 10.316519
11.900001 11.821331
11.900001 11.786437
10.7 10.701279
10.70206 10.449076
11.400001 11.477432
11.5 11.8135395
12.499997 11.38958
9.456548 10.570601
11.900001 11.868614
13.1 12.000777
11.599999 11.819897
11.2 11.253532
11.7 11.171554
11.999998 13.689168
11.2 11.25754
11.3 11.754566
12.1 12.474001
13.600039 13.424748
9.79897 9.600585
11.5 11.572443
11.599999 11.486519
11.999998 11.884117
12.199999 12.208532
11.7 11.767758
11.8 11.791319
11.900001 11.974858
11.400001 11.476348
11.1 11.150835
11.8 11.864282
11.1 11.191703
11.8 11.86722
11.5 11.502561
11.3 11.293614
11.1 11.1232395
11.7 11.667624
11.512516 12.097014
13.399989 12.947697
11.7 11.663037
11.5 11.320275
11.1 11.169885
11.8 11.894348
12.599997 12.547865
11.2 11.217723
11.599999 11.598824
11.1 11.1693535
11.3 11.291126
11.3 11.307599
13.699981 13.431055
11.3 11.777573
11.2 11.542436
11.5 11.477999
11.400001 11.550969
12.1161 11.390217
11.2 11.180896
11.3 11.263297
11.900001 11.847901
11.5 11.540039
11.2 11.287506
12.199999 12.135471
11.599999 11.68597
11.5 11.559581
11.900001 11.817399
12.499997 13.158238
11.2 11.238407
11.8 11.209505
11.254902 11.124562
12.399998 11.521961
12.1264105 12.314877
11.7 11.805889
13.399989 14.0177555
13.15061 14.709158
11.2 11.199292
12.399998 12.540926
11.999998 11.605692
12.599997 12.418592
12.299998 11.926978
11.599999 11.61971
12.199999 12.356167
11.3 11.484049
11.020819 11.14257
11.599999 11.852133
11.5 11.665143
11.1 11.5204735
10.1 10.99961
11.1 11.146874
11.5 11.849172
11.999998 11.92787
11.2 11.406527
11.7 11.55168
10.6 10.798794
11.35 11.478001
12.299998 11.514035
11.2 11.207324
12.399998 11.734345
11.1 11.444424
11.400001 11.469158
11.1 11.428975
14.400163 14.502556
11.1 11.191094
13.299971 13.632465
11.5 11.628092
11.8 11.798693
11.400001 11.505918
11.5 11.5812
11.599999 11.542998
11.2 11.427671
13.000009 13.838495
12.599997 13.069616
11.1 11.205542
11.5 11.463539
11.400001 11.524536
11.400001 11.571624
11.5 11.541057
11.5 11.60093
14.400163 13.944445
11.900001 11.856332
12.986056 13.274198
11.8 11.784115
10.70206 10.656835
11.3 11.405093
11.1 11.193231
11.622879 11.467937
11.7 11.641175
11.599999 11.583688
13.000009 13.5636425
11.2 11.022515
11.3 11.349427
11.999998 11.946938
10.1 10.519484
11.3 11.387269
11.2 11.157487
11.5 11.487944
11.999998 11.831348
11.7 11.324089
11.1 11.449467
12.299998 12.030687
12.199999 12.249319
14.500117 14.305042
11.7 11.435503
11.900001 11.85438
12.599997 12.577721
11.3 11.509301
11.2 11.218746
11.254902 11.520078
11.1 11.48122
12.899998 12.062187
11.900001 11.688563
11.2 11.421242
14.1 12.889683
11.2 11.220612
11.1 11.0994005
11.599999 11.460372
11.400001 11.295539
10.1 11.014352
12.299998 11.857636
10.70206 10.609586
13.600039 12.933144
11.2 11.220165
11.8 11.750843
11.2 11.304993
12.899998 11.977322
14.600313 12.200663
11.2 11.254788
12.599997 13.05505
11.3 11.359865
11.3 11.584462
14.202373 15.0230255
10.5 10.414081
11.1 11.212269
14.200179 13.505676
11.900001 11.604882
11.2 11.196249
11.400001 11.652717
11.2 11.181895
10.89588 10.880737
11.1 11.065475
11.2 11.191223
11.900001 11.895767
12.899998 12.202376
11.456548 11.485116
11.7 11.724949
11.5 11.5602255
12.719789 10.928862
11.999998 13.0552845
11.7 11.9814825
11.400001 11.522897
11.1 11.399337
11.8 11.968407
14.500117 14.178583
13.399989 12.724813
11.1 11.217686
12.199999 11.713819
11.3 11.5441675
12.199998 11.870345
13.446788 14.179131
11.900001 11.959607
11.8 11.61779
11.1 10.89807
12.599997 11.28407
11.2 11.201798
11.2 11.470003
11.020819 10.603683
11.900001 12.207374
11.5 11.467389
12.399998 12.523355
12.699998 13.136261
11.900001 11.901266
12.719036 11.778312
13.1 12.966581
11.900001 11.858293
11.5 11.343661
11.900001 11.811939
11.2 11.425621
11.2 11.230485
11.400001 11.431385
11.880176 11.758175
11.7 11.663169
12.899998 13.338396
11.1 11.064521
11.8 11.83545
11.2 11.2106905
11.2 11.221891
11.999998 11.840857
11.900001 11.899243
11.599999 11.572037
12.799992 12.642703
11.400001 11.445977
11.2 11.304683
11.1 11.219109
11.900001 11.879476
11.8 11.785984
12.499997 12.488299
11.2 11.160336
11.900001 11.907167
11.3 11.351497
12.1 11.574182
12.799992 11.656155
10.2 11.257427
11.8 11.716521
11.900001 11.831079
11.5 11.484564
11.1 11.358824
11.2 11.522682
15.299971 14.962221
11.2 11.245907
11.70103 11.69892
11.2 11.443279
11.49794 11.513052
11.2 11.072298
11.2 11.268602
11.599999 11.553366
13.1 12.112707
11.1 11.58875
11.8 11.674245
11.7 11.424614
11.900001 12.051386
10.622879 10.476137
11.2 11.284763
12.1 11.438744
13.600039 13.028083
12.499997 11.9463625
9.1 9.563791
11.2 11.19949
11.900001 12.000696
11.166968 11.381451
11.3 12.223294
11.8 11.820085
11.400001 11.3795395
11.3 11.606273
11.1 11.118547
11.2 11.292536
13.020819 11.918894
11.2 11.39158
11.599999 11.56724
11.599999 11.850256
13.200015 12.484878
11.599999 11.433525
11.5 11.621841
11.400001 11.424417
14.400163 12.746705
11.900001 12.6039295
12.899998 12.62963
11.1 11.084591
11.2 11.155415
11.8 11.798336
11.2 11.18163
11.1 11.234075
11.5 12.057964
11.2 11.398301
12.1 12.039646
11.7 11.838581
9.79897 9.592487
11.2 11.184808
11.599999 11.512939
11.900001 11.852941
11.1 10.839899
11.2 11.183593
11.5 11.54725
12.622879 12.734322
11.900001 12.081076
11.3 11.345221
12.520216 11.341945
11.2 11.603398
11.599999 11.689222
12.199999 12.1043825
11.1 11.884623
11.1 10.985842
11.2 11.580105
14.299971 14.751287
11.3 11.647351
13.500008 13.69505
11.3 11.313179
12.299998 12.309338
13.321849 12.518295
11.108774 11.126956
12.555932 12.694238
13.200015 12.604547
11.999998 11.901592
11.3 11.372257
11.400001 11.482781
11.5 11.463814
11.8 11.795072
11.1 11.355908
13.000009 12.266587
11.2 11.251459
14.1 14.165348
11.3 11.387646
11.900001 11.933338
12.899998 11.730353
11.8 11.698722
12.299998 12.326074
11.2 11.273983
11.1 11.293491
11.3 11.445778
11.2 11.419811
11.2 11.10457
11.3 11.483639
11.2 12.146162
12.199999 11.850003
10.9 10.92282
11.900001 11.872253
11.3 11.385313
12.199999 12.738133
12.699998 12.519222
11.3 11.334843
12.199999 11.979354
11.1 11.000408
11.2 11.200093
11.3 11.609455
11.3 11.52436
11.599999 11.598605
11.900001 11.897609
14.500117 14.18665
11.15399 11.31002
10.622879 11.435885
11.2 11.343106
14.79897 12.539019
11.2 11.331727
13.299971 13.039886
11.1 11.332616
11.5 11.602552
11.1 11.032685
11.2 11.218547
11.2 11.25937
12.299998 11.949206
10.70206 12.699138
10.63529 11.237444
11.599999 11.650848
11.599999 11.643637
11.2 11.662615
11.2 11.274218
12.899998 11.94082
11.5 11.511573
11.2 11.380851
13.500008 13.868803
11.400001 11.452412
11.2 11.211526
11.2 11.311414
11.999998 13.143227
11.1 11.323699
11.2 11.257318
12.799992 11.91954
11.7 11.690011
12.499997 11.530982
13.899971 14.215789
11.1 11.197919
11.7 11.835366
11.3 11.366516
10.5 10.5924
11.5 11.363909
11.1 11.172518
13.399989 11.768497
11.599999 12.218415
11.2 10.693642
11.5 11.422747
11.599999 11.701537
11.1 11.197431
11.3 11.451211
13.399989 13.426262
11.2 11.447998
11.7 11.732309
12.699998 11.910651
11.599999 11.751924
11.900001 12.092917
11.3 11.473734
13.59485 11.416025
11.1 11.163839
11.7 11.681779
13.299971 12.469014
11.5 11.801201
11.2 11.52972
11.900001 11.95568
11.3 11.531635
11.900001 11.90183
11.5 11.413094
13.79897 13.901027
11.2 11.313877
11.2 11.079314
11.2 11.229569
12.499997 11.91368
11.1 11.141318
13.800057 14.171054
11.1 11.126463
13.399989 12.380758
11.1 11.116553
9.79897 9.928211
11.900001 11.855878
11.5 11.702516
14.644068 14.66173
12.47675 11.269217
11.254902 11.180799
11.5 11.502315
11.8 11.363622
11.999998 11.783595
11.7 11.912538
11.900001 11.897917
11.2 11.312724
10.1 10.902749
11.599999 11.555024
11.3 11.378562
11.2 11.442031
11.900001 12.176152
11.1 11.3842
11.2 11.246373
12.399998 12.052537
11.8 11.718611
11.7 11.78391
12.499997 12.832195
13.699981 12.697306
11.2 11.198255
11.900001 12.022169
11.1 11.307292
11.7 11.709878
11.599999 11.673451
11.3 11.231693
12.399998 11.63472
11.400001 12.276772
11.1 11.197227
11.5 11.416126
11.0914 11.965382
11.2 11.176359
11.5 11.49289
11.1 11.210978
11.1 11.132687
11.999998 11.797643
13.344125 11.957125
11.2 11.276009
10.446788 11.1970625
11.999998 13.134651
11.2 11.12018
11.5 11.789213
12.499997 11.742546
12.299998 12.532942
10.70206 10.739178
11.2 11.230496
11.5 11.564568
11.3 11.369233
11.900001 11.919543
11.2 11.22836
11.8 11.741259
11.2 11.182662
11.999998 11.916833
11.900001 11.900305
11.47675 11.474056
11.2 11.235476
10.40103 10.640551
11.900001 11.904735
11.900001 11.879176
10.1 11.044913
11.1 11.17691
12.299998 11.377828
11.8 11.87203
11.70206 11.090877
11.8 11.68182
11.3 11.34247
11.2 11.27175
11.400001 11.755214
11.900001 11.830832
11.8 12.004617
11.900001 12.127547
11.1 11.07477
11.599999 12.468317
12.399998 11.540125
11.2 11.3867655
11.8 11.6621065
11.1 11.073174
10.79897 10.747873
14.1 14.712934
10.1 9.961405
11.3 11.280136
11.599999 11.563464
11.900001 11.828971
11.2 11.286033
11.900001 11.810388
11.7 11.788575
11.2 11.32176
12.899998 12.922251
11.900001 11.86057
11.2 11.348184
11.400001 11.312449
14.1 13.545513
11.900001 11.8091955
12.299998 11.975919
13.043096 13.283506
10.70206 10.658546
12.399998 11.804654
10.1 9.702852
11.8 11.839699
11.7 11.736572
12.399998 12.104213
11.5 11.260027
11.999998 11.950634
11.999998 12.032816
11.5 11.591556
11.900001 11.909922
12.399998 12.358321
9.777781 11.162746
11.1 11.22859
11.1 11.127152
11.400001 11.915791
11.5 11.377768
12.199999 11.652113
11.599999 11.681534
13.800057 13.77163
11.900001 11.926275
11.599999 11.277088
11.2 11.3789425
12.499997 11.51806
11.5 11.347243
11.3 11.393639
11.3 11.248943
11.599999 11.833876
11.900001 11.859551
11.3 11.389047
11.359637 11.07857
11.8 11.886588
11.3 11.653488
11.1 11.177705
11.3 11.349065
12.651294 12.367873
11.900001 11.795533
11.2 10.744278
11.8 11.805791
13.864471 14.124163
11.900001 11.987219
11.8 13.245222
11.599999 12.082284
13.000009 11.806087
11.2 11.303031
11.900001 11.970377
11.8 11.377123
11.599999 11.645408
10.3 10.162152
11.999998 11.928494
11.2 11.469797
11.5 11.539061
11.2 11.2223015
11.2 11.18328
11.900001 11.940579
11.900001 11.882448
11.400001 11.422703
9.79897 9.617297
11.3 11.457449
12.299998 11.886434
11.7 11.906652
10.7 11.132483
11.599999 11.377174
11.3 11.314972
11.40103 10.817687
11.7 11.683938
13.800057 13.46992
11.900001 11.851032
11.2 11.296661
10.70206 10.832042
11.400001 11.538219
12.199999 12.060407
11.8 11.759093
11.5 11.699021
11.900001 11.837226
11.8 11.838583
12.499997 12.629368
11.1 11.220567
11.2 11.252504
11.8 11.839207
11.5 11.503715
11.1 11.100613
11.900001 11.863915
11.7 11.557621
11.2 11.15793
12.299998 11.863973
11.900001 11.873829
11.900001 11.886284
11.900001 12.456505
11.599999 11.4861145
12.299998 13.069281
11.900001 11.83518
11.5 11.508233
11.900001 11.832109
12.599997 12.039772
11.400001 11.629797
11.400001 11.149002
11.1 11.153964
11.2 11.19827
11.900001 11.862735
11.8 11.814373
11.1 11.127311
11.3 11.3859005
10.1 10.912332
13.1 13.56238
11.900001 11.510412
11.409804 11.833328
11.8 11.77637
11.8 12.037157
12.499997 12.377508
12.359637 11.84915
11.8 11.784373
11.400001 11.487597
11.3 11.415832
12.499997 12.614551
11.2 11.205791
11.900001 11.846311
11.79897 11.826779
11.0 10.792223
11.483266 11.536531
11.599999 11.515544
11.2 11.442264
10.622879 10.897152
14.722107 11.695565
12.1 11.903138
11.5 11.445641
11.300659 11.154464
12.199999 12.390575
11.2 11.297987
11.3 11.418374
11.5 11.321576
11.5 11.611929
11.1 11.262933
10.622879 11.010972
10.1 9.779188
10.79897 11.171414
11.7 11.587655
11.900001 11.494315
13.699981 11.9071245
11.999998 12.006952
11.900001 11.955387
11.3 11.190673
11.5 11.634277
11.55 12.815287
11.900001 11.8892765
11.2 11.2743225
11.2 11.059237
11.8 11.775805
11.900001 11.88336
11.900001 11.880738
11.900001 12.833272
13.000009 12.772004
11.1 11.665758
11.400001 11.560365
11.599999 11.629221
11.7 11.729633
11.8 11.645578
11.5 11.439893
11.900001 11.880952
11.2 11.297999
11.2 11.132646
11.3 11.216991
11.900001 12.418643
11.1 11.13583
11.2 11.270128
11.3 12.069214
13.600039 14.299131
11.2 11.229851
11.1 11.242281
11.2 11.372138
11.8 11.821516
11.7 11.686813
11.400001 11.488442
12.699998 12.081396
11.599999 11.39744
11.1 11.3580475
11.3 11.207323
11.400001 11.523978
12.399998 12.22599
11.1 11.084397
11.1 11.142732
11.5 11.450672
10.40103 10.355153
11.7 11.920346
11.3 11.887423
13.200015 13.033081
11.2 11.260726
11.1 11.004094
11.2 11.230376
11.202373 12.519546
12.499997 11.858964
11.1 11.3647785
11.2 11.368181
13.299971 11.868855
11.1 11.235222
11.1 11.2701645
11.599999 11.6773815
11.2 11.23286
12.599997 12.746877
11.5 11.716908
10.418758 10.50285
10.3 10.577238
11.400001 11.393746
11.3 11.423283
12.299998 11.896142
11.130118 11.14414
11.900001 11.550982
11.1 11.096176
12.1 11.988834
13.299971 13.580026
11.1 11.133789
11.400001 12.148628
13.49794 13.388303
11.5 11.507446
11.7 11.637827
11.1 11.072463
11.900001 11.931946
11.900001 11.774979
10.3 10.925669
11.3 11.41397
10.8 10.663534
11.400001 11.435718
11.5 11.527001
11.400001 11.415518
11.3 11.781275
11.1 11.267601
10.456548 10.196799
13.299971 12.947356
11.2 11.414585
13.000009 12.5493145
11.1 11.105155
13.200015 12.409363
14.200179 14.266268
14.500117 13.011721
11.900001 11.949857
11.1 11.164463
11.7 11.640955
11.2 11.227653
11.5 11.392441
11.3 11.27417
11.7 11.56618
11.1 11.099383
12.799992 13.108217
11.3 11.348373
11.2 11.402039
12.299998 12.30159
11.5 11.811785
10.1 9.986399
14.81658 14.665483
12.217476 11.526425
11.1 11.280782
11.1 11.327662
11.400001 11.38976
11.2 11.359016
13.1 12.484432
11.1 11.109952
13.1 12.636969
12.633132 12.906829
11.5 11.588713
11.2 11.23639
11.599999 11.690253
11.8 11.6597
12.1 11.282153
11.400001 11.606131
11.2 11.165762
11.3 11.402709
11.8 11.8017645
11.7 11.789685
12.499997 11.794751
11.3 11.422004
11.999998 11.95866
11.7 11.996932
10.622879 10.489996
11.400001 11.399232
11.900001 11.863036
11.599999 11.733333
11.900001 12.209807
13.899971 13.607234
11.5 11.532985
11.2 11.180145
11.1 11.203483
13.699981 13.8828945
11.8 12.546361
12.299998 12.067598
12.299998 12.621676
11.3 11.179294
11.1 11.11907
11.2 11.099602
11.3 11.412722
11.400001 11.277777
11.3 11.352013
11.8 11.319656
10.5685215 10.791265
11.1 11.73359
10.1 9.909361
12.899998 11.966522
11.6157 11.767444
12.652842 12.728313
11.2 11.117704
11.5 11.556583
11.599999 12.133542
11.400001 11.221392
11.2 11.283244
12.299998 12.631818
11.599999 11.6579275
11.3 11.461617
11.178996 11.257969
11.999998 12.575837
11.3 11.686818
10.207906 10.387567
11.900001 11.907612
11.900001 11.360279
12.499997 12.222026
11.3 11.7092705
11.186186 11.394698
12.199999 11.913277
12.499997 12.472186
11.900001 11.981124
11.7 11.741007
12.1 12.17333
11.900001 12.270475
11.5 11.483344
13.399989 13.246305
11.3 11.665911
11.7 11.661355
10.869551 9.9398
11.1 11.130199
11.400001 11.620751
11.2 11.662747
11.3 11.112402
11.599999 11.677502
10.1 10.054644
11.1 11.255761
11.7 11.760698
11.900001 11.818842
11.3 11.43791
13.699981 13.750652
11.599999 11.584855
11.3 11.7431965
11.1 11.150766
11.400001 11.440057
11.900001 12.065316
11.400001 11.457788
10.70206 10.802349
11.3 11.433895
11.400001 11.410101
11.2 11.284642
12.1 11.033928
13.000009 11.527034
11.2 11.198813
11.900001 11.688265
11.599999 11.622688
11.8 11.736245
11.2 11.333231
11.7 11.660566
11.999998 12.680213
11.599999 11.632349
11.599999 11.7106695
11.0 11.3303175
11.5 11.44525
11.900001 11.894286
11.2 11.273112
11.2 11.2485285
11.2 11.219873
14.999629 14.6300125
10.1 11.796261
11.8 11.762083
13.699981 13.3745365
11.1 11.197521
11.5 11.726004
11.3 11.919908
11.8 11.894205
11.2 11.246468
12.199999 12.1160145
11.999998 11.707132
10.70206 10.659817
13.986056 11.863108
11.599999 11.755414
11.7 11.862133
11.5 11.464823
10.351812 10.143362
11.2 11.154907
11.2 11.240558
9.79897 9.731251
11.1 11.256427
11.7 11.482475
12.799992 12.0303335
12.499997 12.557341
11.900001 11.82911
13.21351 12.703164
11.3 11.520277
13.299971 13.270518
11.2 11.618658
11.5 11.624872
11.1 11.120869
11.900001 11.98587
11.5 11.531985
11.8 11.745562
12.1 11.3128605
11.3 11.350708
11.999998 11.598659
11.2 11.207464
11.900001 12.203507
12.299998 12.710417
11.900001 11.863604
11.7 11.792655
11.1 11.236786
11.8 11.458129
11.7 11.661935
11.8 11.688793
13.231403 14.436827
11.145758 11.161027
12.299998 12.497982
13.200015 13.309588
9.923909 10.306962
11.2 11.245321
12.699998 12.354301
11.3 11.460736
11.1 11.357818
11.25 11.404451
11.7 11.856337
11.900001 11.930974
14.1 14.459969
11.400001 11.764565
12.1 11.991514
11.2 11.333745
11.5 11.571719
11.2 12.854271
13.1 12.078153
11.599999 11.4665785
11.3 11.403342
11.3 11.334102
11.5 11.474232
11.2 11.18366
11.8 12.48476
11.2 11.284235
10.89588 10.90307
11.79897 11.697037
11.999998 11.900616
11.400001 11.461588
11.3 11.267573
11.1 11.232173
12.626186 12.413464
11.2 11.4373255
11.8 11.850002
10.6 10.611212
12.359637 12.750879
11.999998 11.765906
11.5 11.71923
11.2 11.299343
11.3 11.302256
11.599999 11.932562
13.000009 12.704869
11.79897 11.372875
11.8 11.800142
11.400001 11.459928
12.299998 11.606988
11.1 11.249933
12.299998 11.711633
11.1 11.13556
11.599999 12.489363
11.8 11.84758
11.2 11.202206
11.45 11.554908
12.089405 13.318516
12.599997 12.141317
11.599999 11.511038
11.599999 11.648246
11.1 11.360617
11.2 11.174489
12.499997 13.052488
11.1 10.931033
13.000009 12.73501
11.400001 11.674028
11.7 11.939926
11.7 12.966374
11.3 11.862724
10.2 10.880316
11.7 11.730483
11.400001 11.345203
11.1 11.114861
11.5 11.487332
11.1 11.5072
11.2 11.1203165
12.199999 12.1588745
11.3 11.279319
11.5 11.231286
11.2 11.372736
11.5 11.554916
11.599999 11.601085
11.2 11.1348
11.400001 11.460575
11.1 11.181402
11.671865 11.965291
13.899971 13.932136
11.7 11.632848
11.543697 11.808076
11.1 11.281151
11.7 11.591337
11.1 11.1663
11.8 11.868524
11.2 11.206587
12.344125 12.381019
11.400001 11.357155
11.8 13.10419
11.8 11.820495
13.19691 12.131193
11.900001 11.847646
12.1 12.389278
11.999998 11.866412
11.3 11.285735
11.1 10.906616
11.900001 12.107936
11.599999 11.64424
13.200015 12.923124
11.5 11.594128
11.999998 11.970826
13.4372425 13.555259
11.5 11.565026
12.699998 13.002815
11.2 11.298801
11.5 11.574075
11.5 11.537148
11.8 11.811528
11.236677 11.713029
11.8 11.576746
11.5 11.539715
11.2 11.2676525
11.0 11.494761
12.299998 12.045036
11.999998 11.8253765
11.418758 11.136674
10.869551 11.104604
11.900001 11.656708
11.2 11.238752
11.8 11.786789
12.005018 11.842955
12.1 12.102832
11.7 11.701461
11.2 11.138582
11.1 11.349477
10.3 10.760155
11.2 11.436491
11.599999 11.731231
11.900001 11.872092
11.599999 11.578627
13.1 13.597974
11.999998 11.841029
11.900001 11.608062
11.5 11.579989
11.599999 12.281671
11.999998 12.065215
12.199999 12.100865
11.3 11.317212
12.1 11.877813
11.999998 12.794162
12.924482 10.967689
11.1 11.177035
11.900001 11.901306
11.900001 11.8699255
12.499997 12.480827
11.8 11.729011
11.1 11.183937
11.3 11.68188
13.000009 13.537984
10.2 10.332158
11.1 11.094502
11.2 11.207484
12.199999 11.783587
11.7 11.6976
11.2 11.182062
10.622879 10.435392
10.609058 11.10859
11.900001 11.844985
13.000009 12.897969
11.400001 11.384053
12.478272 12.162767
13.600039 13.627427
11.7 11.712167
11.2 11.238088
11.7 11.656287
11.8 11.767303
11.2 11.256064
12.199999 12.079688
14.2870865 13.815411
9.1 8.91285
11.2 11.308871
11.2 11.252841
11.2 11.393513
12.299998 12.232646
11.3 11.42627
11.900001 11.902287
11.900001 11.953931
11.182751 11.239559
10.40103 11.096942
11.2 11.206564
12.199999 11.560454
11.1 11.562008
11.900001 11.880019
11.3 11.2286215
11.747817 11.806282
11.3 11.383197
11.2 11.270266
11.7 12.354523
12.899998 12.900152
11.7 11.709856
11.8 11.912809
11.5 11.425502
10.1 9.87743
13.1 14.742295
11.1 11.185729
11.8 12.045692
11.999998 12.39717
11.400001 11.346716
13.79897 14.024227
11.999998 11.729935
11.2 11.226987
11.5 11.458374
11.5 11.6239605
11.59485 11.5655985
11.3 11.385179
13.1 13.269133
11.2 11.332626
13.000009 13.671612
12.499997 12.245224
11.8 11.722115
11.8 11.8041
11.3 11.336752
11.7 11.782003
11.2 11.331517
11.400001 11.531887
11.5 11.7895155
11.1 11.3527565
11.2 11.201194
11.999998 12.0182295
11.7 12.011063
11.7 11.719273
11.5 11.594038
11.7 11.8294525
11.5 11.507605
11.1 11.126614
11.8 11.646307
11.5 11.32786
11.599999 11.802335
11.5 11.606863
13.336572 12.978966
11.900001 11.828498
10.446788 9.481522
11.2 11.580935
13.200015 13.0708
11.599999 11.749907
11.3 11.362446
11.1 11.07863
12.899998 12.081204
11.1 12.379673
11.400001 11.458879
12.599997 13.336111
13.39303 13.67901
11.900001 11.906899
10.1 10.535315
11.5 11.8247
12.199999 11.80054
11.3 11.575632
11.3 11.276294
11.900001 11.883108
11.5 11.465523
11.5 11.421779
11.599999 11.689809
11.900001 11.860783
12.1 11.751243
11.3 11.320756
11.400001 11.293573
11.7 11.999011
11.2 11.243563
11.2 11.046335
11.2 11.306171
11.599999 11.738553
11.3 11.394051
11.2 11.175859
11.1 11.345906
11.7 11.777085
11.3 11.403958
11.3 11.32546
12.199999 12.530544
11.2 11.244548
11.7 11.45058
11.5 11.5181675
11.2 11.002537
13.200015 12.604015
12.1 11.53053
11.8 11.864725
11.599999 11.605992
10.250515 11.695236
11.3 11.351877
12.199999 11.796944
11.3 11.257952
11.5 11.571834
11.5 11.400703
11.1 11.417986
12.299998 11.279225
11.5 11.503185
13.777781 13.236573
11.3 11.391785
12.245087 12.374743
11.999998 11.795606
12.1 11.5619755
12.1 11.90426
12.499997 11.886373
11.3 11.188843
10.49794 10.828749
11.999998 12.079243
13.000009 13.162075
10.40103 10.407853
11.5 11.501684
11.599999 11.667664
10.9 11.414732
11.3 11.351317
12.300659 12.050964
10.6 10.531496
11.1 11.322228
11.5 11.686922
11.5 11.778157
11.5 11.810009
11.2 11.354489
10.4 10.643431
13.299971 11.262439
12.499997 11.876298
11.400001 11.337153
11.1 11.167787
11.400001 11.166334
11.8 11.681207
11.2 11.221483
11.2 11.3048115
11.400001 11.431815
11.400001 11.452463
11.3 11.343095
11.986056 12.136612
11.2 11.3116865
11.400001 11.494851
11.8 11.819096
12.499997 11.540074
11.8 11.814809
11.5 11.618469
12.699998 12.252972
10.9 10.625
11.8 12.242081
12.1 11.73597
13.953872 12.255909
11.900001 11.9197
11.884098 12.021829
11.1 11.2342205
11.599999 11.662272
11.599999 11.834655
11.2 11.134916
15.1 14.18688
11.2 11.339375
12.158986 11.440029
11.2 11.353521
11.2 11.264579
11.2 11.354474
11.5 11.7254
11.1 11.53063
14.21351 14.802181
12.699998 13.326668
10.4 10.702001
13.000009 12.345962
11.599999 11.552459
11.2 11.188945
11.999998 11.921535
13.000009 11.804842
12.668636 11.982336
11.8 11.41154
11.445824 10.575351
11.7 11.74974
11.1 11.095123
11.254902 11.168639
11.2 11.215801
10.1 9.968672
10.40103 10.615005
13.299971 13.238603
11.8 11.815217
11.2 11.248409
11.5 11.561837
11.2 11.293786
11.400001 11.794638
12.499997 12.760258
11.3 11.348199
12.039302 12.388175
11.1 10.622606
11.1 11.087643
11.599999 11.934183
13.600039 13.63073
10.1 10.562895
11.900001 11.88892
11.400001 11.536951
10.59485 10.352734
13.000009 13.348374
15.999629 15.6461735
12.599997 13.043705
11.2 11.253993
11.7 11.847001
11.2 11.441551
11.1 11.232323
11.318286 11.384782
11.7 11.695604
14.805467 13.621349
11.900001 11.749925
10.2 10.633355
11.900001 11.861206
11.543697 11.3237095
12.399998 12.62551
11.1 11.247529
12.799992 12.684609
11.2 11.1894045
11.400001 11.272742
11.400001 11.636183
11.5 11.5099325
11.2 11.32651
11.900001 11.899707
11.2 11.230993
11.1 11.120381
11.8 11.881129
11.2 11.221189
12.499997 12.074639
11.3 11.442573
12.719789 11.976699
11.2 11.3051815
11.1 11.437583
11.177759 11.266285
12.199999 11.777609
11.599999 11.834198
11.900001 11.470349
12.499997 11.577366
11.5 11.639856
11.599999 11.562859
12.399998 12.478992
13.600039 13.897301
13.399989 12.129189
11.2 11.220242
13.299971 13.416308
11.3 11.606925
13.500008 13.739091
11.8 11.827647
11.3 11.351143
12.901632 13.254397
11.2 11.418973
11.5 11.3401575
12.1 12.075515
12.499997 13.13939
11.900001 11.927412
10.3 10.830741
11.5 11.536798
11.3 11.36159
10.40103 10.566769
11.2 11.178215
11.8 11.75518
11.999998 12.179061
11.400001 11.333201
13.1 12.931577
14.600313 13.73745
12.299998 12.151229
11.2 11.330713
11.999998 11.672462
11.5 11.327199
13.344125 12.473213
15.359637 14.426678
11.5 11.565186
11.2 11.243807
9.79897 9.923939
11.900001 11.862458
11.400001 11.4833145
11.719789 11.968877
11.2 11.357509
11.599999 11.640259
11.1 11.134074
12.699998 13.684271
9.79897 9.629039
10.1 10.52055
11.1 11.166135
11.5 11.690321
12.199999 12.134737
11.2 11.31534
11.2 11.185998
11.986056 12.035644
11.3 11.381316
11.2 11.2525625
11.508935 12.312733
10.79897 10.764392
10.1 10.883091
9.79897 9.565653
11.1 11.590167
11.1 10.84673
12.299998 12.048019
11.8 11.810921
11.7 12.307924
9.70206 9.87575
11.3 11.355047
11.900001 11.822947
12.799992 12.529436
11.599999 11.010728
11.599999 11.53566
14.999629 12.696681
12.899998 12.6277275
11.3 11.667339
15.600313 15.506508
12.199999 12.38142
11.7 11.699079
11.1 11.025474
11.900001 11.892595
13.399989 13.115339
11.599999 11.636904
11.2 11.289599
12.899998 13.050429
11.5 11.634043
11.400001 11.623045
11.900001 11.766773
11.8 11.776493
11.15061 11.814725
10.40103 10.446385
11.2 11.239072
11.5 12.913205
11.2 11.228062
12.399998 12.406912
12.699998 12.397799
11.400001 11.6513
14.901343 14.451439
11.19691 11.188342
12.314129 11.854798
13.399989 14.1721525
13.299971 12.682929
10.70206 10.812721
11.2 11.218756
11.1 11.542306
11.2 11.29427
11.3 11.309394
12.299998 12.12351
14.600313 14.357729
11.999998 12.019935
11.599999 11.296326
11.1 11.131377
11.400001 11.479988
13.1 13.0148945
11.058607 11.018766
11.400001 11.252401
11.900001 11.872534
11.1 11.092707
11.2 11.233029
11.1 11.143263
11.3 11.321531
11.3 11.358332
11.900001 11.870512
11.999998 11.92866
11.599999 11.732695
12.155518 11.575554
13.999974 13.533425
11.8 11.706641
14.200179 14.306255
11.900001 12.050012
10.1 10.605829
12.499997 12.040383
13.70206 13.449623
11.900001 12.00176
11.3 11.413832
11.821246 11.5774765
11.8 12.018168
11.5 11.61612
11.224938 11.870187
11.1 11.171622
13.1 13.116589
11.900001 11.925688
11.900001 11.857665
11.8 11.785788
11.599999 11.5080595
11.1 11.100821
11.3 12.576311
11.1 11.116575
11.7 11.721502
10.321849 10.474419
11.2 11.185756
11.8 11.57963
11.400001 11.401501
11.1 11.283456
11.2 11.609004
11.5 11.519101
11.900001 11.862517
12.1 11.947579
11.2 11.147441
10.40103 10.395809
12.499997 12.806095
11.400001 11.638531
14.1 13.636223
11.900001 11.87955
12.299998 11.503542
11.2 11.2529
12.699998 12.2789
11.1 11.392135
11.5 11.4285755
11.599999 11.656609
13.000009 12.169938
11.1 11.091268
11.900001 11.898674
11.5 11.449218
10.3 11.157887
11.2 11.273179
11.999998 12.031071
11.2 11.158646
11.2 11.212403
12.499997 13.171428
11.8 11.6658745
11.900001 11.808515
11.1 11.146029
11.599999 11.843726
11.1 11.212706
10.738272 10.620298
11.599999 12.201772
10.79897 10.88081
13.800057 14.132997
11.5 11.486107
12.699998 11.975479
11.2 11.373962
11.2 11.216931
11.8 11.788856
11.1 11.328214
11.5 11.628946
11.999998 11.578619
11.3 11.451934
11.7 11.328382
13.1 11.392221
11.900001 11.86652
11.999998 11.899459
11.3 11.300884
11.8 11.754506
10.5 10.4072
11.8 11.593929
11.7 11.441712
10.1 10.903971
11.3 11.645506
11.11059 11.193079
13.399989 12.939622
11.1 11.207743
12.299998 12.625454
12.399998 11.753478
11.8 11.761564
14.282827 11.093718
11.599999 11.67794
11.1 11.057478
11.2 11.202901
11.599999 11.5955105
11.2 11.209908
11.900001 11.932671
11.8 11.779188
11.7 11.984254
10.1 10.556494
11.164493 10.71876
11.3 11.275315
11.2 11.361844
11.2 11.339777
11.999998 11.883778
11.2 11.125542
11.999998 12.350459
11.900001 11.839185
12.499997 12.346082
11.2 11.178176
11.1 11.12294
11.1 11.183796
11.7 11.727869
13.699981 12.771763
11.1 11.24163
12.1 11.893877
12.299998 12.265321
11.5 11.530633
13.075391 14.580721
11.5 11.460182
11.2 11.274312
11.3 11.311275
12.549997 12.816627
11.8 11.772852
11.56133 12.315444
11.2 11.159872
11.900001 11.933645
11.8 11.798354
11.2 11.347967
12.299998 11.547041
11.2 11.111189
10.622879 11.144226
11.3 11.2169075
11.19691 10.98295
11.999998 12.184495
11.2 11.449013
12.89588 12.791979
11.2 11.686904
10.224938 10.091013
11.8 11.756288
14.1 13.538782
11.5 11.589632
11.3 11.368064
11.2 11.173024
11.5 11.550673
11.5 11.851115
11.5 11.608542
11.5 11.480824
11.2 11.526856
12.199999 11.716787
12.799992 13.182862
11.5 11.463638
11.1 11.209552
11.2 11.31136
12.299998 11.679727
11.599999 11.741416
11.400001 11.402764
11.2 11.278438
11.400001 11.493401
11.2 11.180402
11.900001 11.818095
11.900001 11.879132
11.900001 11.928861
11.2 11.210129
11.900001 11.886418
11.2 11.164863
11.599999 11.399873
10.40103 11.970161
11.1 11.272556
11.622879 11.752675
13.299971 13.183632
11.400001 11.480929
11.1 11.648175
11.2 11.235188
11.1 11.155328
11.5 11.274996
11.900001 11.939829
12.299998 12.136619
11.2 11.174376
11.1 11.152186
11.0 10.9928665
11.5 11.549909
11.7 12.058366
11.5 11.579677
11.2 11.205875
11.5 11.762293
13.058607 13.044173
11.2 11.276293
11.400001 11.09831
11.900001 11.6498995
12.299998 12.289141
11.900001 11.865048
11.7 11.737601
11.2 11.2223425
11.900001 11.870223
11.2 11.39549
11.2 11.251685
11.7 11.817862
11.599999 11.42305
11.900001 11.946627
11.8 11.8109865
11.400001 11.284591
12.742065 13.2593155
11.3 11.574791
11.2 11.831502
12.699998 12.995239
12.699998 12.555142
11.1 11.61888
11.1 11.039608
11.3 11.515938
11.2 11.236692
11.7 11.67696
13.000009 12.08714
11.999998 12.27068
11.5 11.369828
11.599999 11.55994
11.7 11.189852
11.3 11.481645
11.40103 11.390991
12.499997 12.2234535
11.7 11.764817
11.1 11.243866
12.399998 12.4221525
10.9 10.692663
11.1 11.308815
11.400001 11.434058
11.999998 11.894514
12.1 12.287359
11.5 11.579228
11.7 11.76737
12.499997 12.4715185
11.2 11.276758
11.999998 12.033219
11.3 11.460181
13.000009 12.040035
11.2 11.286508
11.900001 11.809395
10.3 10.624748
11.2 11.251657
11.900001 11.8635435
11.8 11.33566
11.900001 11.836349
11.599999 11.652304
11.204387 11.286049
10.622879 10.935863
15.1 13.81452
11.900001 11.808325
13.299971 12.994068
11.2 11.200816
11.2 11.232205
10.622879 10.548433
11.8 11.985863
11.7 11.678636
12.1 11.901755
11.2 11.648618
11.2 11.236762
11.999998 11.84411
12.299998 11.3012
11.2 11.147257
13.000009 13.138465
11.2 11.4757395
11.999998 11.931199
13.999974 13.207103
11.5 11.344265
12.699998 12.732782
13.600039 12.503194
12.1 12.944237
13.600039 12.465208
11.7 11.791733
11.900001 11.851567
13.200015 13.047567
11.2 11.1771755
13.336572 13.380758
11.999998 11.048638
11.2 11.540048
10.622879 10.088092
11.2 11.105562
11.3 11.236262
11.1 11.458627
12.499997 12.648466
11.1 11.142213
11.7 11.711769
12.399998 12.235416
11.2 11.493133
11.2 11.2108755
11.2 11.27319
11.5 12.218974
11.2 11.370711
11.5 11.134627
11.5 11.525159
11.7 11.75234
11.7 11.652005
11.400001 11.496646
11.2 11.288036
11.2 11.294403
11.900001 11.91939
11.2 11.3285475
11.999998 11.437777
11.5 11.699303
11.599999 13.058319
11.1 11.079169
12.399998 12.9292965
11.599999 11.6297655
11.19691 11.471347
11.7 11.711191
12.299998 12.2042055
12.699299 12.855098
11.5 11.557683
11.900001 11.990148
11.999998 11.915789
11.599999 11.613723
11.5 11.473237
11.8 11.864737
11.1 11.433065
12.499997 12.742821
11.5 11.427741
11.7 11.928464
10.7 10.971345
12.599997 12.106799
11.3 11.3696165
11.3 11.707688
11.900001 11.99508
12.199999 11.929104
11.599999 11.808296
12.699998 13.299431
11.599999 11.526775
11.8 11.82434
11.400001 11.447691
12.199999 12.125122
11.400001 12.173623
13.399989 12.005472
11.900001 12.1414385
11.599999 11.680157
12.399998 12.148829
11.1 11.214913
13.500008 13.899637
11.1 11.220608
11.2 11.263211
11.900001 11.879413
11.254902 11.414148
11.8 11.40734
11.2 11.29636
11.999998 11.490019
11.2 11.179152
11.900001 11.940731
11.2 11.479188
11.900001 11.757229
10.777781 9.948777
11.5 11.542973
11.900001 11.757005
10.622879 10.424791
13.200015 11.690731
11.49794 11.545738
11.900001 11.976798
13.1 13.322161
11.1604805 11.278021
11.3 11.323409
11.1 11.403205
11.2 11.521866
11.2 11.223564
11.3 11.337954
10.9 10.799189
11.8 11.835566
10.3 9.843255
11.900001 11.860675
10.923909 10.754795
13.699981 12.402996
11.5 11.670181
11.5 11.909555
11.3 11.348306
11.7 11.693736
11.7 11.965792
11.1 11.235883
10.40103 11.043305
11.2 11.24693
11.599999 11.634045
11.599999 11.334706
11.12048 11.190848
12.1 12.642737
10.622879 10.648935
11.8 11.744957
12.199999 13.60062
13.699981 13.156605
12.589455 12.376025
11.599999 11.670814
11.3 11.250697
11.900001 11.981692
11.2 11.343598
11.999998 12.108075
11.476309 11.127511
10.549771 11.356671
12.399998 11.885946
11.900001 11.835756
10.938632 10.740903
10.9 10.714949
10.4 11.218781
12.699998 12.666973
12.299998 12.1910305
11.999998 12.470394
13.399989 13.194045
11.900001 12.006207
13.1 11.239333
14.200179 12.998058
9.79897 9.58833
10.40103 11.857855
11.400001 11.4712925
11.8 11.778643
11.2 11.315761
11.400001 11.392722
11.5 11.548224
13.191515 13.180076
10.70206 10.746886
11.3 11.378689
13.299971 13.158369
11.999998 11.915216
11.2 11.119951
11.5 11.577633
11.1 11.16016
12.1 11.686446
12.199999 12.115116
11.1 11.293719
13.500008 13.839776
11.7 11.665625
11.1 11.043496
11.2 11.400762
10.242667 9.928211
11.8 11.959044
10.577556 10.985003
11.1 11.052409
10.555932 10.685346
13.999974 13.133347
11.900001 12.107676
11.7 11.677919
11.1 11.17807
11.7 11.537109
11.2 11.118735
11.2 11.370001
11.1 11.308487
11.900001 11.761929
11.3 11.379599
10.2 9.991828
11.900001 11.916563
11.2 11.262437
11.2 11.705459
11.5 11.718523
12.499997 13.154757
11.1 11.024747
10.5 10.519407
10.869551 10.922303
11.2 11.41394
11.8 11.93205
11.7 11.69314
11.400001 11.44747
11.599999 11.768655
11.3 11.426728
11.8 11.797653
11.3 11.407735
11.2 11.302095
12.199999 12.087748
11.2 11.431736
12.199999 12.286047
11.7 11.734621
13.200015 13.202804
11.8 11.9635515
10.70206 10.667555
11.2 11.546151
11.1 11.155352
11.5 11.559946
11.3 11.92741
11.400001 11.277465
12.799992 12.790443
11.999998 12.610932
11.900001 11.890801
11.40103 11.305424
11.1 11.386745
11.2 11.260347
11.2139435 11.386276
11.2 11.120603
11.8 13.327029
11.3 11.341893
11.599999 11.424005
12.499997 12.195306
12.1 11.727041
14.700326 14.171547
11.400001 11.4472885
13.219187 11.450761
12.599997 13.142711
11.1 11.266344
11.900001 11.352168
11.1 11.548438
11.1 11.129898
11.8 11.768158
14.254902 14.685001
13.699981 14.143027
12.1 10.802087
11.8 12.644805
12.1 12.992365
10.555932 10.806674
11.3 11.326839
10.058607 10.118235
11.1 11.003438
13.200015 12.069002
13.622879 11.763406
11.900001 11.898226
13.1 13.1763315
13.699981 13.387968
11.400001 11.401377
11.599999 11.614843
11.1 11.952229
10.1 10.99991
11.2 11.309657
11.1 12.470852
11.2 11.485193
11.239147 11.824746
11.599999 11.634971
11.1 11.120493
11.900001 12.175373
11.400001 11.237169
12.599997 11.625129
11.900001 11.895794
11.2 11.211142
11.1 11.038435
11.3 11.571305
11.900001 11.937029
11.3 11.213373
12.399998 11.683739
11.986056 11.462939
11.8 11.839893
11.2 11.204452
14.1 14.379495
11.5 11.668931
11.1 11.156995
13.800057 12.042002
11.5 11.603127
10.242667 11.280502
11.2 11.351351
12.299998 11.966317
11.8 11.789003
11.5 11.951089
11.1 11.151734
11.7 12.165594
11.7 11.330082
11.7 11.727486
11.520216 11.330349
13.1 12.740655
11.349999 11.471941
11.400001 11.447448
11.2 11.48391
11.7 11.797432
13.800057 11.983503
11.400001 11.330457
11.400001 11.476296
11.400001 12.373903
11.7 11.640757
11.2 11.203104
11.599999 11.739674
12.668636 12.640127
11.2 11.199679
11.400001 11.4463825
11.999998 12.118687
14.1 13.048613
11.900001 11.666295
11.1 10.980691
11.900001 11.857402
11.1 10.851321
12.399998 12.17622
11.1 11.068372
12.699998 11.797886
12.199999 11.636167
12.499997 11.872901
11.2 11.189189
11.2 11.274775
12.599997 11.639069
11.2 11.200983
11.8 11.798189
12.499997 12.179714
11.2 11.306721
11.2 11.49139
12.799992 12.06202
11.2 11.3361225
11.999998 12.147673
13.321849 13.145396
10.145758 10.011199
11.900001 11.5253
11.5 11.576244
11.1 11.101296
11.1 11.094931
11.999998 11.989186
11.1 11.083087
11.999998 11.923856
11.400001 11.3764105
12.1 12.33589
12.1 12.524654
11.900001 11.903313
11.2 11.497316
11.900001 11.903702
12.699998 12.562867
11.5 11.453354
11.8 12.074157
11.999998 12.22389
13.299971 13.313097
11.5 11.66406
11.3 11.305314
11.2 11.160161
11.1 11.151676
11.999998 11.646352
11.900001 11.9388485
11.5 11.604832
11.2 11.216421
11.900001 11.444319
11.999998 11.939267
11.2 11.202327
11.5 11.535931
11.999998 11.900417
11.999998 11.943085
11.999998 11.654012
12.399998 12.77509
12.239662 13.84978
11.8 11.804041
12.299998 12.291894
10.3 10.845212
11.2 11.171907
14.500117 13.633971
14.79897 14.573748
11.35 11.469231
11.0 10.2959585
11.900001 11.939736
11.5 11.682988
11.2 11.162347
11.1 11.179006
11.8 11.791183
11.5 11.235098
11.8 11.79009
11.7 11.855604
11.599999 11.66255
11.1 11.060185
10.805533 11.742838
11.3 11.311704
10.70206 11.186883
11.2 11.218116
11.1 11.247103
13.000009 14.111747
11.2 11.333053
11.2 11.272151
11.1 11.181143
13.1 13.1720705
12.1 11.432672
11.280576 11.415682
10.1 10.393556
11.2 11.375306
11.599999 11.179982
11.2 11.22727
11.1 11.092947
11.400001 11.774228
11.900001 11.588395
14.500117 14.500986
10.622879 10.673713
11.7 11.818203
11.3 11.3737335
11.5 11.596093
11.400001 11.342488
10.40103 10.676204
11.3 11.486703
11.8 11.753321
12.499997 12.278067
12.850003 12.369844
13.219187 11.286083
11.1 11.154646
11.3 11.412644
11.599999 11.45531
12.399998 12.61091
11.2 11.232137
11.5 11.6258
11.2 11.200079
11.900001 11.811711
10.5 10.960267
11.599999 11.646793
11.2 11.200697
12.399998 12.337413
11.2 11.248998
11.1 11.291691
11.400001 11.276735
12.199999 13.036273
11.599999 11.671237
12.599997 12.349369
11.2 11.235366
13.986056 13.708218
11.8 11.686445
11.3 11.33552
13.399989 12.80402
11.2 11.283311
11.2 11.35181
10.3 10.683197
11.8 11.841642
11.2 11.320232
11.5 11.599062
10.79897 10.673294
11.5 11.507595
12.1 11.486595
11.8 11.716552
11.900001 11.938848
11.999998 11.836441
11.7 11.471304
11.7 11.395772
12.601689 12.607834
11.5 11.5260105
11.1 11.077312
11.2 11.425603
11.2 11.08268
11.202373 11.539314
10.872113 10.867091
11.400001 11.338894
11.2 11.325842
10.40103 10.9556265
12.190621 11.979439
10.1 11.127929
11.5 11.629093
11.2 11.237051
11.1 11.541774
10.3 10.076797
11.8 11.792323
11.79897 11.264389
11.900001 11.890024
11.400001 11.2569895
11.599999 11.540918
10.5 10.698143
10.40103 10.394084
14.1 13.438042
11.8 11.82506
11.5 11.459754
11.2 11.245415
13.600039 13.320002
11.900001 11.772714
11.8 11.779119
11.400001 11.41366
11.900001 12.158635
12.199999 12.146433
11.7 11.928339
11.2 11.294769
11.7 11.73847
12.299998 12.270661
11.2 11.113759
12.399998 11.849817
11.273925 11.362101
11.999998 11.873169
12.807404 12.988808
11.999998 11.908005
9.47675 9.105989
11.1 11.186428
13.500008 12.782666
13.650009 13.651798
12.651294 12.920821
11.900001 12.799226
11.8 11.692813
13.999974 11.764385
11.2 11.217217
11.5 11.4144
11.3 11.281019
11.2 11.401066
13.1 12.878054
11.5 11.573979
11.999998 11.654323
11.289096 11.563394
13.622879 13.609736
11.599999 11.608976
11.900001 11.916462
14.600313 14.217561
11.3 11.335913
11.2 11.228543
11.5 11.309894
11.599999 11.545836
13.500008 12.551593
12.1 12.166205
11.3 11.364011
12.299998 12.022002
11.1 11.159348
11.1 11.565442
11.2 11.021257
10.1 11.417828
13.000009 14.3169565
11.599999 11.247461
14.881657 11.751959
11.2 11.265731
11.900001 12.156559
11.999998 12.028776
12.1 11.8208475
12.599997 11.643553
12.499997 12.7943945
11.40103 11.144384
11.900001 11.941951
11.5 11.558772
11.8 11.8521595
11.900001 11.892291
11.599999 11.681735
12.799992 12.648118
11.2 11.386666
11.7 11.647887
11.3 11.498895
11.1 11.193952
11.3 11.81705
11.3 11.55032
11.8 11.866793
11.3 11.565945
11.8 12.038512
11.900001 11.55292
11.104364 11.387882
11.15 11.365431
11.5 11.55078
11.1 11.220917
11.1 11.354926
12.599997 12.234726
11.1 11.889152
11.400001 11.442903
12.399998 11.988773
11.1 11.311499
12.149149 12.540784
11.7 11.756843
11.1 11.13873
11.900001 12.082351
11.1 11.125046
10.1 10.769086
11.900001 11.913992
11.2 11.241918
11.2 11.197177
12.1 11.311376
12.599997 12.281952
11.2 11.091936
10.622879 10.663429
12.899998 13.446144
13.000009 13.060104
11.400001 11.439863
12.899998 12.451571
11.3 11.318673
11.400001 11.295325
11.400001 11.400046
11.400001 11.281829
11.999998 11.895389
11.8 11.798426
11.5 11.922142
11.1 11.317465
11.3 11.370918
11.3 11.480258
11.1 11.094307
13.299971 13.158633
11.7 11.769497
11.5 11.476084
11.5 11.8182
13.600039 12.259192
11.5 11.519952
11.5 11.612964
11.685027 12.294115
10.5 11.055479
11.599999 11.643099
11.2 11.30976
11.599999 11.562418
11.1 11.226596
12.699998 12.574696
11.8 11.77069
11.5 11.496989
11.3 11.494776
11.599999 11.421995
11.5 11.5228405
13.200015 12.575656
11.400001 11.375469
11.986056 11.616034
12.1 12.01644
11.400001 11.408919
11.2 11.1516695
11.2 11.296221
11.900001 11.671247
12.392429 11.738032
13.399989 12.717775
11.2 10.683737
11.2 11.172885
12.601689 12.541533
11.2 11.358987
12.1 11.94233
11.8 11.790988
10.165502 9.990148
11.2 11.155777
12.499997 12.812607
12.899998 12.874003
11.2 11.252873
14.351812 14.691456
14.500117 13.566801
11.999998 11.975102
10.70206 10.926783
11.5 11.502747
11.5 11.506873
11.5 11.65596
11.5 12.412836
11.599999 12.045859
13.200015 12.536902
12.485103 11.653082
11.7 11.711409
11.2 11.658808
11.2 11.361731
11.900001 11.9116
12.499997 12.253707
11.8 12.013465
11.2 11.298488
11.900001 11.919143
11.1 11.134462
12.399998 13.033942
11.999998 11.935021
11.999998 11.96344
12.40103 11.503624
11.900001 11.93671
11.2 11.151553
11.5 11.495213
13.500008 13.162934
11.400001 11.588232
12.399998 12.166092
11.2 11.117736
11.900001 12.470251
11.2 11.408292
11.3 11.306765
12.199999 12.156518
12.299998 13.317891
11.8 11.802515
11.1 11.201968
10.6 10.239798
11.1 11.227808
11.3 11.32791
11.1 11.281491
11.3 12.608427
11.400001 11.362865
11.900001 11.942491
11.7 11.63753
13.1 12.745187
11.1 10.834244
13.254902 13.259552
11.738272 11.567827
11.8 11.607577
13.800057 13.179253
11.5 11.578378
11.1 11.061075
11.1 11.329009
11.5 11.447816
14.600313 14.398786
11.599999 11.593401
12.699998 12.949797
11.1 11.376271
10.79897 10.715376
11.1 11.07914
12.1 12.40919
11.1 11.248578
11.1 10.831508
11.5 11.4836645
11.999998 11.933728
11.2 11.238542
14.200179 14.382329
13.4372425 12.762163
12.499997 12.655332
11.5 11.610371
12.399998 11.534696
11.1 11.350471
11.400001 11.439288
11.1 11.120059
10.1 9.980263
11.5 11.667754
11.923909 12.43521
13.399989 13.865556
11.622879 11.636719
11.7 11.959856
11.2 11.313311
11.1 11.05895
11.599999 11.530093
11.581486 11.577113
13.200015 11.949744
12.899998 13.3843775
11.2 11.228623
11.3 11.314374
12.699998 12.308689
12.685027 13.0883
11.999998 11.892715
11.8 11.789255
10.2 11.041368
11.2 11.190861
12.299998 10.597722
11.1 11.130745
11.400001 11.348576
12.299998 12.201995
11.2 11.418243
11.5 11.6775675
11.1 11.416206
11.599999 11.673552
11.2 11.376925
11.400001 11.491757
11.2 11.387048
13.531798 13.108836
11.1 11.178628
11.599999 11.817151
12.1 13.096107
11.2 11.103852
11.900001 11.9696245
12.299998 11.951265
13.800057 13.487198
13.200015 11.957057
11.999998 11.923031
11.1 12.144236
11.900001 12.50317
13.299971 12.75071
11.2 11.296884
12.199999 12.244027
13.800057 13.363757
11.599999 11.5919075
11.8 11.841266
11.7 11.764429
11.2 11.220821
11.8 11.984117
11.8 11.74651
11.1 11.140808
11.498559 11.327781
11.3 11.346745
12.1 11.607541
11.1 11.15479
11.5 11.778156
11.999998 12.224135
11.599999 11.723518
10.40103 10.456918
11.900001 12.04683
11.2 11.061823
12.8447275 13.047428
13.000009 12.220687
11.3 11.634782
11.900001 11.925774
11.2 11.447513
11.2 11.630965
11.1 11.101546
11.3 11.353262
11.8 12.087555
11.667832 12.822362
11.1 11.270456
13.000009 12.646982
11.599999 11.171232
11.2 11.25779
11.900001 11.8576975
12.199999 12.113466
11.999998 11.834922
10.622879 10.606373
10.79897 11.464924
11.932683 12.275989
12.199999 11.783978
11.2 11.330352
11.900001 11.864599
11.020819 10.884379
11.8 11.821548
11.7 11.682023
12.199999 11.45688
11.900001 11.849776
11.2 11.147707
14.1 14.336388
11.900001 12.403297
11.3 11.487463
14.299971 14.05066
11.2 11.129822
11.599999 11.462721
11.5 11.530135
11.400001 11.57415
11.3 11.969448
10.8 11.041341
11.2 11.185188
11.900001 11.85139
14.321849 13.432959
11.900001 11.968593
11.5 11.528367
13.399989 13.558043
11.3 11.531399
11.7 11.307469
11.2 11.294848
12.953999 13.495442
11.2 11.324232
11.1 11.171788
11.1 11.374581
11.3 11.305019
11.5 11.594705
11.1 11.331899
11.8 11.71458
13.899971 13.716809
11.5 11.608323
11.999998 11.885346
12.699998 12.367241
11.900001 11.892271
11.2 11.291868
11.999998 11.897853
11.8 11.787922
12.799992 12.007806
11.900001 11.778265
11.1 11.1455145
12.499997 11.61544
11.8 12.835339
11.2 11.268844
13.699981 14.191389
12.299998 14.478149
11.8 11.778909
11.1 10.959946
11.2 11.2106085
10.5 10.956606
11.900001 11.8885
11.400001 11.113162
11.3 11.268045
11.1 11.069116
12.899998 13.060144
12.299998 11.987184
11.70103 11.699944
11.400001 11.405855
11.3 11.414598
11.8 11.824461
12.1 11.867636
13.200015 12.584078
11.400001 11.442111
11.5 11.580839
11.900001 11.835377
11.3 11.47369
11.8 11.725134
11.400001 11.429265
11.40103 11.032924
11.1 11.225767
12.699998 13.136394
11.5 12.554736
11.1 11.24373
11.900001 11.841501
12.71261 12.920748
12.499997 11.258056
13.699981 12.497494
11.49794 11.512764
11.599999 11.878909
12.799992 12.258775
13.531798 13.404618
11.2 11.24928
11.2 11.214934
11.3 11.36611
11.8 11.797748
11.3 11.476863
11.1 11.121514
11.400001 11.37077
12.199999 12.198763
11.8 11.55043
11.599999 12.109172
10.2 10.315766
11.1 11.15083
11.2 11.157277
10.1 10.261742
10.70206 11.202888
11.3 11.447747
11.1 11.083803
11.900001 11.750334
11.3 11.34514
11.1 11.228714
12.537707 12.194114
11.599999 11.738242
10.555932 10.206314
11.5 11.690929
11.1 11.1758585
11.400001 11.372313
12.869551 12.108812
11.7 11.748395
11.400001 11.226455
12.599997 11.886987
12.199999 12.140893
11.400001 11.688498
11.2 11.254745
14.652842 12.433312
11.1 11.158189
11.7 11.550848
12.324754 13.991492
11.1 10.438745
11.2 11.500199
11.2 11.34945
12.499997 11.856077
11.400001 11.727531
11.1 11.049108
11.2 11.339772
11.8 11.870119
12.1 11.699865
14.1 13.006796
11.999998 12.172562
12.812984 12.308643
11.3 11.265678
12.1 11.805971
11.400001 11.376484
11.599999 11.6298685
11.900001 12.259811
11.999998 12.043684
11.7 11.577785
11.999998 11.811287
11.2 11.220493
11.669136 12.85403
11.900001 11.686573
11.5 11.482509
11.84958 11.783399
11.900001 11.908373
11.7 11.696248
11.5 11.680654
11.2 11.231059
11.900001 11.79817
11.5 11.603518
11.2 11.3387575
13.600039 13.683003
11.923909 11.572607
11.900001 11.900625
11.254902 11.860843
11.2 11.450607
11.7 11.954068
11.900001 12.021285
11.5 11.48347
11.900001 12.061407
11.3 11.247331
13.299971 11.948044
11.999998 11.413477
11.2 11.275524
11.900001 11.67396
11.1 11.166596
11.900001 11.932694
13.899971 11.695293
11.900001 11.904608
10.1 9.863572
11.5 11.516348
14.236677 14.775366
9.40103 8.974079
11.7 11.811423
11.400001 11.287969
11.8 11.738722
11.599999 11.315788
11.3 11.351513
11.7 11.772141
11.2 11.24107
11.8447275 11.670737
11.5 11.372463
12.1 11.820172
9.79897 9.644338
12.7090645 13.649584
11.3 12.084854
11.2 11.219369
11.5 11.623175
12.1 12.012941
10.4 10.1597805
10.40103 10.525537
11.7 12.015621
11.900001 11.868534
12.1 12.300386
12.399998 12.051557
11.2 11.26059
11.900001 11.912153
13.699981 12.468795
11.599999 11.607071
9.893174 9.764902
11.3 11.364794
11.900001 11.957372
13.49794 12.926617
11.8 11.843455
13.500008 13.323497
12.799992 11.909596
13.800057 11.9204235
14.200179 13.353674
11.599999 11.773097
11.5 11.59873
11.3 11.33182
10.1 10.17643
11.696879 12.100185
11.8 12.110574
11.79897 11.517453
11.699999 12.293264
11.3 11.429926
11.8 12.092874
11.5 11.770809
12.699998 11.721763
11.5 11.464828
12.399998 11.752853
11.2 11.087231
11.2 11.283318
12.359637 12.479699
11.900001 11.966653
11.5 11.553416
10.4 10.121397
16.141392 15.247297
13.399989 13.762467
11.7 11.484361
15.1 14.413672
11.1 11.088594
11.599999 11.634397
11.3 11.170187
13.200015 12.566734
11.999998 11.950269
11.7 11.487138
11.8 11.863928
12.199999 12.681086
11.3 11.193169
11.2 11.196596
13.899971 12.542067
11.567883 11.200539
11.900001 11.917184
11.900001 11.906951
11.3 11.729622
11.1 11.047171
11.8 11.863157
11.8447275 11.462412
11.3 11.562891
11.1 11.186282
10.40103 10.270811
11.652842 11.948824
11.2 11.292243
11.900001 11.902077
11.2 11.084455
11.7 11.74287
11.3 11.441203
12.699998 11.376164
11.5 11.624653
11.900001 11.86124
11.7 11.780506
12.699998 11.968763
11.3 11.218522
11.5 11.474835
14.299971 13.864109
12.1 11.782459
11.7 11.729096
11.900001 11.587065
12.199999 12.489056
11.1 11.185107
11.7 11.521646
13.21351 13.166873
10.1 9.9851885
11.5 11.495584
11.5 11.865485
11.2 11.161171
11.900001 11.90825
11.900001 11.761719
13.399989 13.398866
10.40103 10.395611
11.5 11.638325
11.900001 11.724128
10.79897 11.242346
12.1 11.783291
11.5 11.520039
11.3 11.612786
11.1 11.180729
11.999998 11.8630905
11.3 11.228475
11.8 11.745601
12.599997 11.819631
11.599999 11.608946
12.199999 12.325259
11.400001 11.34799
11.1 11.032972
11.1 11.069631
11.999998 11.973963
11.2 11.310782
12.299998 12.931017
12.199999 11.8472395
11.1 11.139151
11.999998 11.755341
11.8 11.856507
11.5 11.59606
11.7 11.6004
10.1 10.949455
11.2 11.190996
10.351812 9.912374
11.1 11.150509
11.1 11.019864
11.1 11.120413
11.3 11.379982
11.2 11.371589
12.633132 12.983117
12.499997 12.656449
11.999998 12.344062
11.2 11.235669
11.999998 11.860826
11.400001 11.549461
11.400001 11.451591
11.400001 11.469035
11.400001 11.348118
11.1 11.065027
11.999998 11.404493
11.599999 11.675329
11.400001 11.469489
12.1 11.755692
11.3 11.558236
11.2 11.33052
11.2 10.948997
11.058607 11.1594515
11.900001 11.91486
11.1 11.230631
11.5 11.47312
11.1 11.215878
11.2 11.232974
11.8 11.971478
10.40103 10.339277
11.7 11.733052
11.900001 11.908185
11.2 11.246035
11.1 11.246956
11.5 11.458812
11.8 11.577167
10.777781 11.674924
11.3 11.257263
11.5 11.439192
11.900001 11.875376
11.7 11.738605
14.814443 12.258307
11.5 11.872698
11.1 11.157151
11.3 11.350317
11.400001 11.641585
11.3 11.7867775
11.599999 11.511223
10.3 10.431965
11.3 11.375989
11.5685215 11.50566
10.581486 10.555723
11.7 11.744701
12.953872 11.952478
11.900001 11.884812
11.1 11.294336
11.2 11.249451
11.7 11.632897
11.599999 11.645573
11.400001 11.571845
11.3 11.447657
11.4 11.499326
12.899998 13.861439
11.1 11.273623
13.487216 13.37347
13.500008 12.321139
11.8 11.614991
11.1 11.08541
11.599999 11.380308
11.999998 11.834888
12.1 12.422847
13.999974 13.138822
12.70206 10.494513
11.3 11.52065
11.900001 11.36352
12.1 12.005062
12.1 12.523146
10.3 10.543396
11.900001 12.000244
11.2 11.163203
11.7 11.67371
11.8 11.744594
11.5 11.643393
11.5 11.646044
11.999998 11.721155
11.1 11.068399
11.3 11.474611
11.869551 11.535232
11.3 11.4162655
13.1 13.248482
11.400001 11.916961
11.8 11.786272
11.1 11.183477
11.1 11.197596
11.2 11.296153
11.1 11.187072
10.3 10.0758505
10.70206 10.759757
11.999998 12.009088
12.299998 12.353813
11.599999 11.824734
10.40103 10.285943
11.5 11.442131
11.900001 11.66317
12.1 11.264029
11.5 11.474187
10.1 10.093695
11.7 11.884975
11.400001 11.439324
11.999998 12.388564
11.8 12.156861
11.999998 11.713594
11.2 11.243421
11.900001 11.871223
11.8 11.690387
11.5 11.568305
11.999998 11.991377
11.1 11.158685
11.1 11.663254
11.7 11.742011
11.400001 11.0939045
10.078811 9.881209
11.8 11.827469
11.599999 11.6082325
11.2 11.245751
11.3 11.343317
11.999998 12.923666
11.5 11.38486
11.3 11.613341
11.400001 11.195732
11.5 11.545717
11.7 11.737018
11.1 11.281886
10.70206 10.755757
11.427902 11.459741
12.899998 13.488912
11.8 11.724961
11.999998 12.015151
13.399989 12.531253
11.3 11.278577
13.299971 13.103449
12.1 12.06376
11.1 11.238223
10.5 10.770147
11.3 11.752238
11.599999 11.279329
11.7 11.730507
11.1 11.038961
10.79897 11.3523035
13.600039 13.234581
11.1 11.135287
11.1 11.770935
11.8 11.80361
11.2 11.274243
12.199999 12.029061
11.2 11.303355
11.900001 11.9259815
13.1 13.619502
11.900001 11.901904
11.2 11.254024
11.1 11.115263
11.5 11.34446
11.1 11.037456
12.699998 13.016764
11.1 11.087736
11.2 11.244951
11.2 11.079434
13.200015 13.234322
10.4 11.916787
11.1 11.057316
11.7 11.514774
11.900001 11.939315
10.2 10.697758
11.2 11.212456
12.1 11.963681
11.1 11.223973
11.2 11.172128
11.2 11.357692
11.5 11.525869
13.600039 13.681759
11.2 11.287613
12.199999 12.465986
13.500008 13.053652
11.2 11.158328
11.5 11.510367
11.8 11.938936
11.8 11.785611
11.8 11.757613
11.400001 11.333343
11.3 11.419789
11.599999 11.730316
11.900001 11.872971
11.2 11.070049
11.599999 11.593582
11.900001 11.780007
11.2 11.216087
11.020819 11.111079
12.299998 12.525591
9.70206 9.639839
12.299998 11.858462
11.400001 11.337626
11.3 11.418999
11.5 11.367801
12.1 12.012187
12.299998 11.67547
11.2 10.791897
11.7 11.215685
11.1 11.341655
11.2 11.253004
12.799992 13.957804
11.8 11.811659
11.7 11.722674
11.599999 11.603716
10.1 10.204029
11.5685215 11.529722
9.79897 9.875709
11.8 11.781929
11.329148 11.457498
12.699998 12.949044
11.2 11.196409
10.923909 10.700809
13.800057 13.102201
11.3 11.433215
11.5 11.636368
11.5 11.562608
10.1 9.876879
11.400001 11.330188
11.8 11.703343
10.2 11.549024
11.400001 11.562369
11.599999 11.667702
11.3 11.272568
11.2 11.191814
11.5 11.523596
12.499997 12.451365
11.900001 11.865061
11.3 11.393855
11.8 12.040833
11.1 11.0625925
12.699998 13.040066
10.47675 10.780634
11.1 11.033763
13.899971 13.362139
11.5 11.574467
12.599997 11.587089
11.5 11.536637
11.2 11.348925
13.500008 12.3503685
13.1 14.264778
12.877283 11.372733
10.7 10.655946
10.70206 10.998422
11.2 11.563493
11.8 11.790478
11.5 11.402536
11.3 11.251833
11.599999 11.411975
11.8 11.802672
10.622879 10.616522
11.999998 11.868964
11.900001 11.860519
11.5 11.571134
11.3 11.577623
11.543697 11.889321
11.400001 11.3621
12.399998 11.45155
11.599999 10.1755085
11.8 11.842895
12.199999 12.844188
11.2 11.101478
11.8 11.811805
11.1 11.035314
11.1 10.938729
12.199999 12.288658
11.2 11.289273
11.400001 11.604624
14.1 14.390658
11.5 11.216305
11.7 11.679774
11.520216 11.527026
11.3 11.740612
11.1 11.311026
13.899971 13.299105
12.199999 12.097513
11.5 11.564864
11.3 11.68296
11.8 13.274218
13.299971 12.9911
11.2 11.201103
11.900001 11.741594
11.699999 11.953021
11.400001 11.769336
11.900001 12.017897
11.8 11.559376
11.8 11.819711
11.400001 11.056841
12.543697 12.895283
12.1 12.1916065
11.999998 11.9557705
11.2 11.157731
12.555932 12.730879
11.2 11.212192
11.3 11.245924
12.499997 12.015566
12.248742 13.482077
11.3 11.357656
11.5 11.539983
11.3 11.678569
11.3 11.248487
11.400001 11.421764
11.2 11.337421
14.400163 13.8410015
12.299998 12.321965
11.1 11.121437
11.3 11.3748455
10.622879 10.636654
11.8 11.679693
11.5 11.500585
10.5 10.70602
11.3 11.282262
11.2 11.206644
11.900001 11.283159
11.900001 12.164383
11.2 11.243326
11.1 11.121267
11.2 11.492075
11.900001 11.992368
11.1 11.215652
11.1 11.102578
11.2 11.546059
11.900001 12.117616
11.2 11.178618
10.2 10.114825
11.400001 11.725027
11.5 11.776439
11.2 11.273147
12.199999 11.842106
11.1 11.131891
11.5 11.205824
11.900001 11.958158
11.3 12.099437
11.400001 11.402136
11.900001 11.887142
11.900001 11.424814
11.7 11.715196
11.7 11.142387
11.900001 12.841477
11.3 11.308291
11.3 11.558653
13.500008 13.756887
11.2 11.2528
11.7 11.648372
13.600039 13.2698145
10.1 11.44906
14.5685215 15.6378765
12.899998 13.067256
11.2 11.088097
11.5 11.573166
12.499997 11.744393
11.1 11.132248
10.70206 10.929587
11.900001 11.919736
11.8 11.729934
12.1 12.191512
11.2 11.234899
11.2 11.138662
11.900001 11.882391
11.5 11.687694
14.1 14.465288
13.299971 13.010007
11.8 12.006371
11.599999 11.608741
11.5 13.537789
11.821246 12.138459
11.1 11.593896
9.40103 9.041458
11.5 11.528333
11.400001 11.440555
11.8 11.80571
11.900001 11.782687
12.199999 11.559669
13.191515 13.28075
12.1 11.354638
12.668636 12.54056
11.1 11.131283
11.599999 11.635591
12.699998 12.699449
11.900001 11.886992
11.5 11.535241
11.1 11.615221
11.8 11.667238
12.1 11.8877325
11.5 11.598586
13.600039 13.119215
11.599999 11.691355
11.8 11.831032
11.400001 11.382269
11.900001 11.894122
11.7 11.553103
11.900001 11.9760475
11.1 11.172881
11.400001 11.624089
11.5 11.81616
11.2 11.344017
11.3 11.344816
11.18302 12.603803
12.799992 12.531239
11.900001 11.883878
11.1 11.824015
13.699981 12.873574
12.899998 12.30294
11.1 11.595295
11.180922 11.216545
13.699981 12.983092
11.1 10.969852
11.3 11.338414
10.622879 11.593095
11.1 11.193292
10.40103 10.757251
11.1 11.163283
12.499997 11.921254
11.999998 11.895358
11.599999 12.256853
11.7 11.7921095
11.8 11.795011
11.3 11.097748
11.1 11.075802
11.3 11.377847
11.400001 11.412174
13.000009 12.58699
13.1 12.99956
10.7 10.979813
11.719789 12.60772
11.2 11.210006
12.599997 12.198359
12.199999 12.113042
11.1 11.0995865
11.900001 11.84816
11.900001 11.770212
11.5 11.569791
11.599999 14.036291
10.622879 10.65983
11.1 11.179668
11.8 11.997904
11.7 11.708188
11.8 11.7746315
11.8 11.887962
12.199999 11.844219
11.999998 12.475943
14.299971 13.531439
11.599999 11.554342
11.1 11.246416
11.7 11.859854
11.8 11.709601
11.900001 11.88124
11.900001 11.856398
11.999998 11.957564
12.699998 13.622371
10.49794 11.302954
11.2 11.6595545
11.8 11.615163
10.7 11.351297
13.49794 13.478283
9.122276 9.465879
11.1 11.360754
12.899998 11.618526
11.400001 11.548285
11.1 11.206698
11.900001 11.896466
12.399998 12.405441
11.900001 11.867366
11.400001 11.484625
11.400001 11.367837
11.124064 11.335672
11.900001 11.904896
11.5 11.500443
11.49794 11.604917
11.599999 11.641529
12.599997 14.291647
11.2 11.55899
11.5 11.679793
10.70206 10.918705
11.1 11.247756
11.1 11.143973
11.5 11.468928
11.2 11.451061
12.299998 11.951554
11.1 11.442339
12.299998 11.574392
11.7 11.878386
14.299971 13.777685
11.8 11.700229
13.299971 12.958427
11.2 11.4910755
11.2 11.259701
10.40103 10.564124
10.70206 10.814312
12.899998 13.784304
11.3 11.446938
11.2 11.190662
11.1 11.091006
12.599997 11.675085
10.1 10.176335
11.1 11.105596
11.2 11.221605
11.2 11.179336
12.399998 12.416233
12.299998 11.99265
11.5 11.426327
11.2 11.492358
11.1 11.3423605
11.8 11.53985
12.1 11.730955
11.79897 12.493655
12.1 12.78605
11.8 11.820588
10.581486 10.925514
11.1 11.2602415
11.900001 12.021559
12.199999 12.118112
11.2 11.33982
12.1 12.249231
11.5 11.522076
11.699999 12.85285
14.400163 13.09439
12.799992 12.5332775
13.299971 12.525223
10.59485 10.483042
12.399998 11.802481
12.899998 12.865088
11.5 11.428629
11.3 11.379414
11.5 11.431444
11.2 11.647547
12.499997 11.6315775
12.799992 12.084575
12.799992 12.737097
11.2 11.306868
13.1 12.388803
11.2 11.255789
10.79897 10.771929
12.299998 11.990847
11.900001 11.807181
11.599999 12.439461
11.8 11.730834
11.1 11.048036
11.900001 11.872283
11.5 11.494781
11.8 11.854101
11.900001 11.802124
11.900001 11.798987
11.5 11.398055
11.7 11.767408
13.899971 14.242453
12.399998 12.27326
11.3 11.365525
11.2 11.175109
11.400001 11.841878
12.299998 12.137166
11.2 11.249154
11.999998 12.00772
11.3 11.464224
11.8 11.787722
11.900001 11.995102
11.999998 11.997893
13.1 13.73904
11.7 11.646778
11.7 11.8455
11.8 11.844994
11.379819 11.335657
10.1 9.808903
9.70206 9.95503
11.8 11.869051
10.79897 9.968672
13.800057 13.659604
13.999974 14.00651
11.400001 11.55385
11.3 11.237837
11.2 11.183854
11.3 11.309165
11.999998 12.353437
13.652842 14.776766
11.2 11.239771
11.3 11.52001
11.1 11.166624
11.999998 11.856142
11.2 11.282242
11.7 11.807498
10.622879 10.65651
11.3 11.359709
11.8 12.662431
10.1 9.862131
11.3 11.404495
11.1 11.025895
11.1 11.192836
11.999998 11.965444
12.1 11.947575
12.499997 12.655586
11.900001 12.016724
13.129657 12.62812
11.3 11.375911
12.699998 12.176282
11.5 11.385797
11.3 11.326294
11.2 11.3446045
11.400001 11.442795
11.8 12.015987
11.400001 11.446671
12.738272 12.870236
12.899998 12.179479
15.1 15.147292
12.299998 12.005345
11.254902 11.394058
11.7 11.82235
12.1 11.787068
13.821246 14.128651
13.399989 13.493858
11.2 11.291799
10.1 10.046934
11.7 11.802929
11.1 11.25227
10.5 10.305203
11.7 11.308092
14.1 14.403116
11.2 11.259297
11.900001 11.881687
11.1 11.120321
11.1 11.518448
11.608639 10.85553
11.3 11.360357
11.400001 11.314293
11.1 11.133432
11.8 11.542341
11.400001 11.4957075
15.321849 14.879443
11.599999 11.298705
11.1 11.286546
11.1 11.098344
10.1 11.819366
11.5 11.644321
11.8 11.819912
13.299971 12.032038
11.7 11.451384
11.2 11.9352665
11.8 11.89887
13.000009 12.073697
11.599999 11.216343
13.399989 13.039131
12.299998 11.5490055
11.599999 11.712946
11.2 11.249447
11.7 11.711631
11.2 11.203776
11.599999 11.578184
11.1 11.286322
12.699998 13.002706
13.1 12.660432
13.699981 13.423483
11.999998 11.874516
11.5 11.478946
11.5 11.752246
11.900001 11.725303
11.5 12.396331
11.2 11.307445
13.399989 11.911479
11.7 11.687243
11.2 11.245763
11.1 11.15623
11.138579 11.813546
11.3 11.247616
13.043096 13.280603
11.2 11.217341
11.900001 12.168099
10.1 10.289544
10.3 10.083532
11.1 11.074842
11.3 11.231221
11.1 11.178931
11.2 11.205045
11.400001 11.507335
11.5 11.630957
11.900001 11.893043
11.2 11.274544
11.1 11.100229
12.399998 13.154812
11.900001 11.958212
11.5 11.663334
10.8 10.80846
11.2 11.258293
11.558421 10.729951
11.2 11.146745
11.900001 11.915447
11.7 11.735462
11.1 11.496316
13.399989 13.546679
11.2 11.521865
13.999974 13.971352
13.299971 12.221391
12.899998 12.086199
11.2 11.066891
11.3 11.25163
10.1 9.934542
11.5 11.650966
12.799992 12.945056
11.599999 11.635263
12.299998 12.139481
11.1 11.384232
12.199999 11.268593
11.999998 12.472363
11.3 11.441318
11.599999 12.555388
13.000009 12.667767
11.5 11.525574
11.2 11.538095
11.8 12.013126
11.999998 11.945472
11.2 11.406472
11.900001 11.886253
11.999998 11.950261
11.2 11.218618
11.999998 11.979892
11.400001 11.518383
11.2 11.847426
12.299998 11.732554
11.8 11.606194
11.7 11.799623
11.3 11.308491
11.710834 11.79628
11.7 11.979867
11.400001 11.461188
11.108774 11.198783
11.900001 11.458475
11.5 11.472912
11.900001 11.896347
11.400001 11.487386
11.2 11.236316
11.2 11.252212
11.8 12.26615
13.699981 11.436246
11.3 11.203615
11.2 11.198332
11.2 11.293154
13.1 13.25821
11.400001 11.412766
11.2 11.385517
11.2 11.335535
12.399998 11.566089
11.900001 11.74166
11.900001 13.750445
11.400001 11.391586
11.400001 11.537078
11.900001 11.655743
10.70206 10.621372
11.1 11.383772
12.599997 13.452867
11.2 11.345097
11.1 11.21004
11.1 11.181037
10.622879 10.569545
14.40103 13.109715
13.299971 12.971879
11.8 11.75913
10.1 10.195888
11.1 11.184052
11.5 11.632611
11.5 11.435328
14.600313 13.836987
11.900001 11.854639
10.4 10.693346
11.8 12.0001335
11.400001 11.533413
11.3 11.25798
10.622879 10.592935
10.70206 10.697414
12.0813 12.042051
11.2 11.263781
11.3 11.637478
10.7 11.358929
11.3 11.3103075
11.900001 11.996879
12.699998 13.309299
11.7 12.502367
11.900001 11.872792
11.7 11.159985
11.3 11.284656
12.299998 12.270028
11.8 11.25585
11.555932 11.629387
11.599999 11.634591
11.2 11.306034
11.1 11.0620365
12.299998 12.83679
12.399998 12.39812
13.600039 14.006372
11.400001 11.573525
11.599999 11.640177
11.5 11.806354
11.1 11.312024
11.400001 11.427428
11.5 11.288493
11.7 11.852872
14.1 13.985325
14.1 14.070034
11.3 11.480564
11.2 11.157268
11.2 11.170694
11.531798 10.633644
10.3 10.844162
11.2 11.189732
11.3 11.235895
12.1 12.180677
11.2 11.131409
11.2 11.492385
11.3 11.320015
11.400001 11.106069
11.599999 11.626326
11.1 11.621788
11.599999 11.669053
11.1 10.942462
11.999998 12.130747
11.2 11.199651
11.8 12.058398
13.299971 13.030752
11.40103 11.208772
11.2 11.259724
11.400001 11.400633
11.599999 11.56036
11.1 11.132076
10.986056 12.249076
11.5 11.544694
11.2 11.326111
10.2 10.339986
11.8 11.809813
11.900001 12.426085
11.2 11.308964
12.199999 12.355164
11.3 11.412313
11.702686 11.66825
12.199999 11.90891
12.399998 12.301754
13.999974 13.115353
11.2 11.320594
11.999998 11.252214
11.999998 11.810481
11.2 11.185384
11.5 11.401559
13.1 13.327175
11.900001 11.865245
11.1 11.205567
11.2 11.265678
11.2 11.305167
11.599999 12.187124
13.000009 13.682302
11.2 11.360445
11.900001 11.963832
13.117729 14.036321
11.400001 11.109024
13.1 12.487885
13.043096 13.440144
11.999998 11.788705
10.40103 10.231006
12.299998 12.253182
11.1 11.180288
11.1 11.246508
10.4 10.495831
11.261151 11.353663
11.8 11.970893
11.2 11.171146
10.3 10.419624
11.8 12.197093
11.1 11.414281
11.2 11.076303
11.400001 11.3393755
11.5 11.7624655
13.155421 13.68914
10.622879 10.690888
11.1 11.274498
12.299998 12.018098
11.400001 11.406758
11.7 11.760678
11.1 11.134788
11.5 11.536859
12.799992 12.91061
11.1 11.0787525
11.900001 12.0077
11.2 11.259684
10.79897 10.9617
11.3 11.376672
11.3 11.475562
11.7 11.377157
11.400001 11.474703
12.499997 11.831169
11.356133 11.250223
11.999998 11.938586
12.199999 12.47482
11.400001 11.213096
11.900001 11.68188
11.1 11.243346
11.599999 11.38697
14.999629 14.057336
12.399998 11.922661
11.599999 11.736089
11.5 11.289228
11.400001 11.778837
11.8 12.366283
10.622879 10.490461
11.2 11.227916
11.1 11.177627
11.599999 11.557835
11.5 11.608853
11.1 11.127624
12.1 11.796799
11.2 11.239013
11.5 11.604993
11.7 11.768943
11.1 11.125857
11.3 11.406812
11.1 11.248731
11.7 11.706587
11.5 11.474067
11.3 11.40286
11.999998 12.182648
10.2 10.13343
12.199999 12.808161
10.70206 10.909338
12.299998 11.740819
11.8 11.707044
13.800057 13.087547
12.299998 12.387818
11.400001 11.593575
11.1 11.011183
11.1 11.185638
13.200015 12.345892
11.400001 11.401473
12.499997 11.414823
12.199999 12.031557
11.2 11.298698
11.7 11.839791
11.19691 11.054662
12.499997 11.630889
11.900001 11.8086815
11.7 11.771708
11.8 11.83622
11.2 11.241918
11.2 11.262385
11.999998 12.1700945
11.1 11.165256
11.1 11.217261
11.400001 11.272185
11.400001 11.339733
11.1 11.2648325
11.900001 11.90406
13.359637 12.9953985
11.79897 12.826071
11.2 11.34015
13.180922 13.43148
11.2 11.198553
11.900001 12.17552
11.999998 12.1299
11.2 11.263816
11.5 11.788357
11.1 11.472426
11.5 11.507531
11.19691 11.432138
11.7 12.062491
10.1 10.007629
11.5 11.6416025
11.1 10.897105
11.2 11.2249155
11.8 11.380045
11.900001 11.892788
11.2 11.380444
11.400001 11.364196
11.8 11.67175
10.9 11.16995
11.5 11.573471
11.599999 11.597568
11.3 11.413084
10.70206 10.891417
10.1 9.875709
11.400001 11.822757
11.599999 11.720943
11.999998 11.267931
11.900001 11.890268
11.2 11.275469
12.899998 13.03958
11.2 11.910773
10.627244 10.74925
11.599999 11.657552
11.3 11.749716
11.7 11.689858
10.678396 11.062367
11.8 11.799983
12.799992 12.960022
11.8 11.756427
11.3 11.314112
11.400001 11.47693
12.699998 13.5255
11.1 10.52455
11.999998 11.8936
11.400001 11.854716
11.599999 11.710431
11.5 11.815815
11.5 11.565057
11.900001 11.823936
11.1 11.567956
10.49794 10.27154
11.1 11.137306
11.599999 11.6130295
11.2 11.300771
11.1 11.340354
12.1 11.777239
13.999974 12.395566
11.400001 11.258197
11.3 11.300957
11.8 11.874729
12.299998 12.23014
11.8 12.11716
11.7 11.727912
9.47675 8.94736
11.5 11.918272
11.2 11.829865
12.299998 11.801979
11.5 11.465366
11.8 11.752641
11.1 11.136616
11.599999 12.25524
11.2 11.244136
11.999998 11.867232
11.1 11.108507
12.599997 12.727667
11.8 11.7475815
11.3 11.435397
12.399998 11.820505
11.400001 11.395061
13.899971 13.678037
10.589405 11.211133
11.8 11.756455
11.400001 11.494792
11.900001 11.8270235
12.399998 11.749421
11.8 11.228349
13.136212 13.316821
13.1 12.405952
11.1 11.215345
11.2 11.2452965
11.8 11.865627
11.3 11.452338
11.2 11.24341
11.3 11.485887
11.7 11.750312
11.3 11.48114
11.900001 11.844872
11.3 11.451291
13.699981 13.87052
11.2 11.452918
11.999998 11.898581
13.899971 13.021381
11.900001 11.799551
12.599997 12.036641
11.5 11.480356
11.212469 11.224768
11.900001 11.90003
11.1 11.279554
11.2 11.192059
11.900001 11.83979
11.599999 11.744854
11.7 11.7899885
11.400001 11.491986
11.900001 11.735588
11.5 11.522097
11.0 11.885738
11.599999 11.579578
12.1 13.01779
12.299998 11.57137
11.5 11.691502
11.2 11.278131
11.1 11.207627
12.1 12.549941
11.400001 11.285636
11.912762 11.258363
13.200015 13.027186
11.122276 11.441323
11.8 11.774554
11.5 11.418262
11.1 11.643474
11.2 11.221137
12.1 11.582412
13.581486 13.38703
10.622879 11.337192
12.499997 12.16377
12.799992 12.535472
12.797429 12.555262
11.5 11.650764
11.1 11.104762
11.8 11.848846
11.2 11.423131
12.699998 12.787163
11.7 11.077737
12.599997 11.966272
11.999998 11.854784
10.8 10.632492
11.8 11.761635
11.900001 11.639328
11.5 11.610866
10.8 11.188818
11.3 11.26342
11.900001 11.27915
11.400001 11.352457
11.599999 11.664857
11.400001 11.313896
12.70206 14.211605
11.1 11.132036
11.599999 11.870033
11.2 11.278466
11.254902 11.148112
11.2 11.236205
11.999998 11.800223
11.1 11.156776
12.03968 11.504489
13.899971 13.25998
11.7 11.307703
12.299998 12.210218
13.685027 13.384635
11.1 10.895645
11.7 11.63283
11.900001 12.145328
11.400001 11.417218
11.2 11.194005
11.900001 12.457435
11.999998 11.960735
11.400001 11.417302
11.1 11.571366
14.400163 14.261074
11.2 11.30069
12.699998 12.011658
12.499997 12.111694
11.900001 11.904923
13.200015 13.039181
11.7 11.714219
14.79897 14.948535
14.600313 12.011414
11.1 11.233605
11.2 11.121788
12.199999 12.763533
11.900001 11.857579
11.900001 11.605195
11.3 11.234823
11.1 11.204952
11.2 11.130832
13.1 14.376778
11.2 11.086961
12.199999 11.79113
11.5 11.683379
11.599999 11.763394
11.999998 12.288708
11.1 11.211358
11.2 11.276777
12.699998 12.526634
14.999629 14.842192
11.5 11.565466
11.1 11.109878
11.2 11.165195
11.400001 11.418585
11.5 11.201607
12.835182 12.735554
15.299971 14.647314
11.599999 11.686037
14.1 14.511841
11.654827 11.753037
11.1 11.178977
11.400001 11.385737
11.3 11.466035
11.2 11.269545
11.3 11.2819805
11.2 11.408369
11.1 11.238941
12.199999 12.351479
11.400001 11.2400875
11.8 11.838098
13.456548 12.067044
11.1 11.358088
13.401807 13.580052
11.2 11.235334
11.400001 11.564611
12.499997 11.860157
13.531798 12.833566
11.599999 12.072096
11.1 11.216338
11.1 11.146714
11.1 11.193044
11.336572 11.314888
11.599999 11.656857
11.5 11.727439
13.1 12.336347
11.2 11.207488
11.5 11.503371
11.2 11.164145
12.199999 12.635577
11.0 10.880081
12.499997 11.779234
11.8 11.745967
11.7 11.7258215
11.2 11.12044
11.2 11.244996
12.299998 12.201959
10.5685215 11.301056
11.900001 11.888722
11.8 11.71663
11.1 11.192347
11.1 11.134809
10.5 11.135208
11.900001 11.843982
15.1 14.453721
11.5 11.338677
11.8 11.893566
11.400001 11.422085
11.8 11.776124
11.3 11.264744
10.89588 10.839023
11.2 11.260542
13.1 12.967032
11.1 11.455776
11.999998 11.312285
11.900001 11.709827
11.1 11.321003
11.7 11.718558
10.29382 10.167556
11.7 11.681149
11.3 11.580941
11.1 11.239016
11.2 11.159087
11.1 11.321788
11.900001 11.913506
11.1 11.185334
11.2 11.224997
11.599999 12.114306
11.1 11.198154
11.900001 11.943065
10.627244 10.87035
11.5 11.5245905
11.599999 11.475211
11.1 11.185768
11.900001 11.876285
11.3 11.327652
11.3 11.262699
11.2 11.434742
11.1 10.76274
11.3 11.346723
11.400001 11.391222
11.1 11.08815
11.2 11.046668
11.2 11.238911
11.543697 11.570891
11.7 12.335601
11.3 11.230558
11.8 11.469941
11.400001 11.723489
11.1 11.045432
13.1 13.229095
11.3 11.581988
12.699998 11.932696
11.2 11.290358
11.900001 11.853694
13.000009 11.808357
13.500008 12.800219
11.599999 11.571931
11.900001 11.935531
11.2 11.119667
10.854487 11.424695
11.900001 11.685045
11.599999 11.590845
11.1 11.107202
11.900001 11.80922
11.3 11.483612
11.599999 11.592756
11.900001 12.0865135
9.49794 9.367531
11.900001 11.932948
11.5 11.632355
11.599999 11.815783
11.3 11.287671
11.1 11.098348
11.8 12.13309
11.2 11.400471
11.5 11.50416
12.199999 12.254055
11.999998 11.720836
11.900001 11.899616
11.2 11.173608
11.900001 11.947358
13.699981 12.791955
11.599999 11.745415
11.2 11.188418
11.599999 12.025422
11.5 11.786863
13.000009 11.846612
11.599999 11.647878
11.3 11.316579
10.79897 11.2266035
11.145758 11.274711
11.2 11.126703
12.899998 11.751668
11.7 11.7654915
11.8 11.796341
11.8 11.779562
13.777781 13.594582
11.2 11.22225
13.699981 13.129576
11.2 11.367382
11.1 11.237537
13.200015 12.840827
12.899998 12.831735
11.5 11.425306
14.1 12.835009
11.900001 11.943636
11.900001 11.866713
11.599999 11.601935
10.1 10.316776
12.599997 12.446836
11.8 11.794664
11.2 11.14916
11.900001 11.801591
11.900001 11.866307
11.5 11.429491
12.393282 12.427401
11.5 11.507199
12.199999 11.756733
10.8 11.177557
11.1 11.764135
11.900001 11.887286
11.1 11.060694
12.1 12.7390585
11.2 11.118188
12.399998 12.5351515
11.3 11.480214
14.300659 13.506458
11.999998 12.088769
11.2 11.122759
11.999998 13.978479
11.599999 11.492801
13.1 11.34567
11.1 11.365022
11.1 11.196406
11.1 10.984664
11.5 11.606445
11.7 11.605717
11.1 11.22021
13.986056 13.818038
11.2 11.198956
12.299998 11.729049
11.7 12.249634
11.999998 12.100332
11.599999 11.500771
11.400001 11.534706
11.900001 11.881539
11.2 11.3276415
11.3 11.34522
11.8 11.76142
11.7 12.657933
11.999998 11.716643
11.599999 11.745664
11.900001 11.942198
12.010095 12.93803
15.079304 14.817055
11.1 11.294442
11.7 11.712333
10.70206 10.677609
11.400001 11.077314
11.1 11.067136
11.400001 11.571491
12.699998 11.653453
11.6157 11.802754
11.599999 11.5929165
13.800057 13.337278
12.699998 11.381519
11.900001 11.926761
11.2 11.456867
11.2 11.2462015
11.7 11.735638
11.900001 11.992047
10.49794 12.075665
12.1 11.734061
11.900001 11.917371
11.999998 11.62561
12.299998 12.203465
14.79897 14.243827
12.299998 11.5334635
11.2 11.045025
11.599999 11.477363
10.40103 11.008903
11.2 11.138696
12.599997 14.461622
11.5 11.484157
13.999974 14.066061
12.058607 11.694773
11.2 11.249344
13.500008 13.096683
11.599999 11.626708
11.3 12.370031
11.900001 11.985092
11.7 11.694513
11.8 11.806948
11.7 11.304671
11.2 11.577215
11.1 11.086129
11.2 11.239028
11.2 11.134529
12.9500065 11.44543
11.2 11.204378
11.175305 11.304192
11.599999 11.844105
11.900001 11.719237
11.2 11.405384
11.2 11.215567
11.953872 11.87638
11.599999 11.350858
11.5 11.632102
11.799999 11.925184
11.8 11.956745
11.8 11.771477
13.000009 13.482152
11.999998 12.173345
11.400001 11.477782
11.2 11.2568445
11.1 11.262913
12.399998 12.277582
13.999974 13.559486
11.1 11.095943
11.3 11.341171
14.600313 14.672943
11.400001 11.823708
10.40103 10.392048
13.699981 14.002964
11.8 11.750644
10.622879 10.575644
11.2 11.324979
10.7 10.577791
11.900001 12.187222
10.49794 11.256855
11.3 11.465218
12.200179 12.93287
12.499997 11.855393
11.599999 11.45233
11.400001 11.576981
11.599999 11.654343
11.999998 11.8252735
12.199999 12.140564
11.3 11.336031
11.3 11.396258
11.8 11.577691
11.2 11.2467575
11.2 11.395076
11.900001 11.914965
11.999998 12.281101
12.1 11.8387985
11.999998 11.911934
11.5 11.520832
11.999998 12.059407
11.2 11.181447
11.2 11.0985565
11.900001 11.940941
11.1 11.082677
10.70206 10.52688
10.70206 11.576941
11.2 11.316939
11.1 11.580035
12.299998 11.855288
12.299998 11.805902
11.2 11.117177
11.549999 11.630085
11.599999 11.675603
13.600039 12.933677
11.1 11.16367
11.1 11.140793
11.8 11.781611
11.12048 11.122948
12.399998 12.341978
11.599999 11.763583
11.1 11.442736
11.900001 11.789651
11.900001 11.936258
11.3 11.362374
11.1 10.860298
11.3 11.199988
11.1 11.048464
11.900001 11.896967
11.5 11.652193
11.2 11.084084
13.600039 13.6537285
11.8 11.811833
14.553289 12.028635
12.199999 11.768075
11.2139435 11.4654665
12.399998 12.095076
11.8 11.765701
11.900001 11.932527
13.299971 13.434519
11.2 11.220464
10.655955 10.373663
11.1 11.153726
11.7 12.067698
11.5 11.825863
11.8 11.855269
11.2 11.257246
14.020819 14.647713
11.7 11.607732
12.1 11.798774
10.3 10.726753
11.8 11.276743
14.79897 14.630464
11.900001 11.801157
11.3 11.32974
11.999998 11.38173
11.1 11.140714
11.7 11.903117
11.1 11.118671
12.599997 12.6286745
11.3 11.305325
11.5 11.368945
12.299998 12.6378565
11.999998 11.921035
11.2 11.252239
13.299971 13.648163
11.8 11.496722
11.3 11.399436
11.7 11.332874
12.1 12.195046
11.900001 11.879796
11.999998 11.945689
13.399989 12.7610855
11.8 11.732261
13.1 12.582353
11.3 11.267924
12.299998 12.143149
11.1 11.187731
11.2 11.11422
11.900001 11.813656
11.2 11.221456
11.3 11.33528
11.1 11.232458
13.254902 12.117765
13.200015 13.155097
11.5 11.420912
13.643358 13.690315
11.400001 11.625281
11.999998 11.844296
12.899998 12.604738
11.2 12.023723
11.900001 11.882593
11.7 11.688308
11.7 12.144085
11.1 11.133624
11.900001 11.985258
11.900001 11.973088
11.5 11.35222
12.699998 12.383917
11.599999 11.61592
11.2 11.237667
12.793687 11.568336
11.599999 11.6472435
11.5 11.583469
11.2 11.916995
11.5 11.482931
12.299998 11.784839
11.1 11.09319
12.599997 12.188262
11.900001 11.906038
11.2 11.300255
11.900001 11.865309
11.889032 11.946937
11.5 11.77987
11.1 11.105202
11.400001 11.391162
12.199999 12.12057
12.399998 11.884523
11.5 12.881924
11.8 11.794099
11.7 11.677267
11.5 11.5945835
13.000009 12.801822
11.8 11.787641
11.900001 11.862644
11.900001 11.890788
10.70206 10.474054
11.3 11.320768
11.900001 11.85652
11.3 11.687277
11.900001 11.952426
11.900001 11.728404
11.5 11.483862
12.199999 11.736591
10.777781 9.923379
12.020819 12.22752
13.000009 11.958679
11.999998 11.381521
11.2 11.265085
13.637602 13.445237
11.900001 11.897144
11.900001 11.846545
11.2 11.253504
11.999998 11.891756
11.0 10.554223
12.299998 12.094058
11.1 11.045531
12.1 12.048035
11.1 11.232563
11.900001 12.004899
11.900001 11.851931
10.622879 10.5060625
12.499997 13.211797
11.8 11.645241
11.5 11.5417595
12.1 11.957234
12.40103 12.7132015
13.399989 12.060703
11.2 11.315993
11.900001 11.967741
11.1 11.063913
11.400001 11.441314
11.1 11.095792
14.050077 14.376467
11.400001 11.486853
11.3 11.165986
11.5 11.322152
11.7 12.226515
11.2 11.169941
11.953872 12.330129
11.999998 12.043534
12.1 11.871289
11.1 11.097446
12.499997 13.7065
11.599999 11.687556
11.8 11.852053
11.7 12.0478325
11.8 12.006098
11.2 11.161836
11.2 11.102119
11.7 11.458202
11.1 11.167067
11.2 11.364111
11.7 11.869639
11.599999 11.561334
12.399998 13.213699
11.3 11.188538
11.599999 12.308346
11.3 11.283971
11.2 11.438251
11.2 11.060392
11.2 11.249238
11.2 11.497946
10.8 10.562419
12.199999 12.118765
11.900001 11.900965
11.8 11.778137
11.599999 11.641213
11.8 12.206479
11.8 11.775048
12.199999 12.275539
11.1 11.162123
13.000009 13.881495
11.5 11.469606
12.199999 11.928477
12.1 11.403881
11.5 11.493087
11.2 11.47617
11.9 11.852462
10.581486 10.610247
10.70206 10.974657
11.2 11.325549
11.3 11.228531
11.8 11.80128
10.3 10.363021
12.510107 11.783563
11.2 11.301905
13.622879 13.576792
11.400001 11.657294
12.499997 12.582107
11.8 11.773891
13.299971 13.923087
11.5 11.681622
11.3 11.405109
11.5 11.461785
12.799992 12.64662
11.3 11.357723
11.999998 12.205231
11.900001 11.873438
12.499997 12.035471
11.5 11.452154
12.299998 12.31756
11.79897 11.479371
11.2 11.1065235
13.000009 11.834441
11.1 11.188303
1.3 2.1549692
12.499997 12.442703
11.1 11.055047
12.599997 12.735885
11.3 11.656268
11.7 11.802484
11.637602 11.282743
13.500008 13.326055
12.599997 12.607571
11.1 11.651716
12.1161 11.483081
11.2 11.186271
11.7 11.952887
11.400001 11.460069
11.900001 11.929498
12.299998 13.338092
12.299998 12.402464
11.900001 12.062508
11.3 11.760582
11.2 11.065628
11.8 11.879437
13.000009 13.296671
12.499997 11.862327
11.1 11.19287
11.8 12.02253
11.1 11.12137
11.3 11.42148
12.1 11.85006
11.599999 11.746328
11.2 11.202131
11.8 11.798342
11.1 11.242638
14.999629 13.940552
11.599999 12.109957
11.7 11.733306
11.1 11.162499
11.2 11.219948
11.999998 11.422059
11.8 11.816218
11.7 11.782258
12.399998 11.83248
11.7 11.57996
11.5 11.531658
11.599999 11.423901
13.352575 12.718564
10.40103 10.105073
11.2 11.623527
14.145758 14.189376
13.581486 13.815172
11.5 11.456103
11.900001 11.87306
10.8 11.025116
14.555932 13.847029
10.70206 10.858637
11.2 11.263933
11.599999 11.327295
11.2 11.214605
11.900001 11.887386
12.1 11.815937
11.5 11.597827
14.1 12.653308
12.799992 12.485673
11.1 11.509387
11.7 12.283425
11.8 11.914046
11.1 11.179612
11.999998 11.933767
11.2 11.210958
11.7 11.622274
12.1 11.604414
11.7 11.776379
10.2 10.363928
11.3 11.113077
11.2 11.164577
11.900001 11.851092
11.953872 11.990994
11.56133 11.962763
11.5 11.624494
11.5 11.800789
11.8 11.875951
13.418758 12.890868
11.5 11.551255
11.400001 11.428631
11.400001 11.432441
11.8 11.789113
11.900001 12.213877
11.599999 11.590934
13.1 13.492955
11.999998 11.330859
11.2 11.489746
12.456548 12.24449
11.1 11.099684
11.999998 11.627855
11.999998 12.060954
11.999998 11.837431
11.2 11.329458
13.800057 12.667569
11.1 11.203656
11.900001 11.63429
11.5 12.037708
11.1 11.208406
11.599999 11.628783
11.900001 11.970385
12.499997 13.309777
11.599999 11.865378
13.048455 12.543255
12.399998 12.361945
11.1 11.303888
11.999998 11.919299
11.1 11.040754
12.499997 12.100807
11.1 11.219546
11.8 11.804185
11.1 11.097288
11.999998 11.920422
11.900001 11.875944
11.1 11.227638
11.5 11.498534
11.1 11.304688
11.1 11.262286
11.400001 12.020583
11.4372425 11.345604
11.400001 11.804651
11.999998 11.933632
11.3 11.490179
11.1 11.144443
11.400001 11.334728
11.8 11.881896
11.900001 11.823213
12.1 12.302183
10.609157 10.776978
11.1 11.150349
11.1 11.07689
11.3 11.315514
11.1 11.109283
12.199999 11.534751
11.1 11.140746
11.2 11.210773
11.1 11.396893
11.2 11.210725
12.399998 12.482659
15.299971 13.774051
11.599999 11.513103
12.1 11.598395
11.2 11.3574295
11.7 11.867802
11.900001 11.8538885
11.2 11.254066
11.999998 12.125962
11.999998 12.1601715
11.8 11.741155
12.199999 11.723308
11.2 11.249049
12.543697 13.012623
11.400001 11.291895
11.599999 11.776031
11.900001 11.852437
11.7 11.70176
11.3 11.334049
11.999998 11.747399
11.400001 11.261969
11.2 11.181609
11.2 11.260897
11.900001 11.583651
15.520216 11.533627
11.2 11.298343
13.899971 13.202841
11.1 11.518769
11.3 11.547604
12.899998 11.683865
13.500008 13.80452
11.2 12.059434
11.1 11.120435
11.1 11.579969
12.649994 12.749533
12.299998 11.911534
11.900001 11.745786
11.900001 11.83462
11.900001 11.844555
11.900001 11.252066
14.901343 12.381646
10.40103 10.37541
11.999998 12.07551
11.581486 13.756761
11.8 11.746953
11.999998 11.850274
11.8 12.221337
12.199999 12.171415
11.3 11.410805
11.400001 11.444901
11.1 11.151724
11.2 11.1301155
11.999998 12.124794
11.1 11.130904
14.500117 14.090485
12.254902 12.468747
13.200015 12.976274
11.1 11.124744
13.1 13.254432
11.3 11.477595
11.400001 11.582014
11.400001 11.409453
12.1 12.028116
11.1 11.349311
11.1 11.119206
11.599999 11.628975
10.40103 11.828211
14.901343 14.570221
11.999998 12.270198
11.5 11.181658
11.3 11.366562
11.400001 11.3618555
11.2 11.423115
11.5 11.5228195
11.599999 11.239031
11.999998 11.933677
11.540743 11.23252
11.3 11.358037
11.3 11.372268
10.4 10.464153
11.999998 11.9591255
11.3 11.390193
11.999998 11.792174
11.5 11.634674
11.79897 11.868223
11.1 11.249714
11.8 11.827595
11.8 11.950982
11.599999 11.368747
11.1 11.136941
11.1 11.305666
11.7 11.771749
12.399998 12.542388
12.899998 11.931779
11.2 11.442251
12.099999 13.299035
10.1 10.283823
11.2 11.236139
10.608639 10.432078
12.199999 12.433545
12.812199 13.0192585
11.2 11.214564
11.2 10.82245
11.900001 11.913088
12.1 11.779505
11.3 11.406543
11.599999 11.987448
11.1 11.254782
11.2 11.375493
11.900001 11.86217
11.8 12.050711
11.599999 11.50457
10.869551 11.1591015
12.1 12.468993
13.000009 11.793532
11.2 11.177457
10.165502 9.931158
11.8 11.799455
11.400001 11.792133
12.786133 13.342767
12.1 12.26428
10.1 10.954611
11.5 11.422067
11.3 11.473743
10.9 10.673194
14.200179 12.904159
12.1 11.8249855
11.2 11.2242365
11.400001 11.932923
11.599999 11.306429
11.400001 11.683376
11.999998 11.402332
11.2 11.356124
11.1 11.68581
10.1 10.5776
11.7 11.679778
11.0 10.644865
10.6 10.37029
11.7 11.892378
11.1 11.237652
12.199999 12.317034
11.2 11.249727
11.2 11.221322
11.1 11.154103
11.89588 12.432739
11.3 11.255591
11.400001 11.372768
12.299998 12.299569
11.999998 11.920633
14.299971 14.753621
11.900001 10.893385
11.7 11.733243
11.25 11.519622
11.2 11.15506
11.599999 11.524034
11.3 11.51929
13.699981 13.030593
11.8 12.255118
12.901632 13.157369
11.5 11.585318
12.299998 11.758684
11.3 11.410102
11.900001 11.863989
12.199999 12.6099
11.2 11.232063
13.719789 13.187406
11.900001 13.081822
11.900001 11.758667
11.3 11.320042
11.2 11.240418
11.5 11.475825
11.999998 11.888202
11.3 11.242262
11.8 11.818109
13.1 12.722223
11.7 11.57146
11.599999 11.636204
11.1 11.155698
11.900001 11.924588
11.5 11.580168
11.5 11.76355
11.7 11.929504
11.2 11.270484
11.49794 11.643594
14.400163 14.047096
11.1 11.403189
11.7 11.754013
11.900001 11.805744
12.199999 12.32366
11.1 10.641339
12.599997 13.056602
11.3 11.437055
13.600039 12.582243
11.3 11.662477
14.299971 14.45356
11.1 11.194689
11.3 12.028393
11.1 11.244899
11.3 11.404515
11.2 11.297547
12.992498 11.951001
11.7 11.623121
11.999998 11.868873
12.899998 12.460674
11.2 11.234917
11.3 11.603527
11.999998 12.191279
9.47675 8.977776
11.999998 11.601224
14.40103 12.792511
11.3 11.429488
11.900001 12.4452915
11.2 11.307728
13.899971 13.751654
11.5 11.743038
10.2 10.73853
11.900001 11.9719095
11.2 11.239387
11.8 11.52747
11.2 11.226439
11.900001 12.07243
13.500008 12.383727
13.999974 14.031349
12.699998 12.0291605
11.900001 11.932182
11.3 11.416116
13.4372425 13.494586
13.200015 12.145124
11.2 11.042086
11.900001 11.910644
11.8 11.89594
11.777781 11.746312
11.5 11.58421
11.2 11.308687
10.622879 10.672043
11.3 11.314105
11.3 11.971867
11.599999 11.244862
11.8 11.540542
12.19691 11.972315
11.5 11.616947
11.999998 12.061216
12.422393 13.105745
11.5 11.508982
11.3 11.397329
11.2 11.248191
10.1 10.031763
9.40103 9.1505995
10.70206 10.68812
11.900001 11.865201
11.7 11.676012
12.757577 12.965373
12.599997 12.070893
12.699998 12.343764
11.999998 12.000406
11.3 11.504156
11.1 11.668889
11.3 11.440522
11.7 11.69404
11.2 11.572234
11.2 11.390951
10.5 10.676752
11.3 11.26312
11.1 11.122609
11.2 11.66504
11.900001 11.788616
10.70206 10.903784
11.2 11.285947
12.699998 12.876692
11.8 11.57363
11.2 11.165558
11.2 11.124935
12.399998 12.42968
11.1 10.730349
11.2 11.108266
11.900001 11.922996
13.200015 14.380859
11.2 11.09782
12.299998 11.81433
11.8 12.061772
12.399998 12.041555
11.1 11.199532
11.999998 11.877894
11.1 11.136504
11.2 11.279028
12.199999 12.518219
11.5 11.531154
11.1 10.769213
11.1 11.85296
11.7 11.789902
10.70206 10.835144
10.6 10.544823
11.1 11.258081
12.399998 11.989832
11.400001 11.317177
11.5 11.532759
13.399989 13.367189
11.400001 11.893528
12.199999 11.994245
12.199999 11.815993
10.1 10.227976
11.2 11.713315
11.599999 11.589076
12.1 12.0259695
12.899998 12.121728
12.015424 13.008336
10.3 10.55118
11.2 11.262784
11.1 11.106956
12.599997 12.514841
11.599999 11.483336
11.5 11.450894
11.599999 11.627363
11.599999 11.580483
11.2 11.183697
11.1 11.0567
11.3 11.332387
11.2869625 11.340652
13.000009 13.032179
11.1 11.901083
13.999974 12.489479
13.59485 13.630677
11.599999 11.710228
11.1 11.457616
11.400001 11.479032
11.2 11.234402
11.2 11.301096
11.999998 12.033806
12.199999 11.833523
11.2 11.285347
13.200015 13.235161
11.7 11.64761
11.7 11.714805
11.599999 11.624675
11.49794 11.345049
12.899998 12.939102
11.1 11.2477
11.5 11.567055
11.599999 11.9987955
11.5 11.911667
11.5 11.506451
11.1 11.131217
11.2 11.308209
10.1 9.816692
12.499997 12.222704
11.2 11.122996
11.1 11.546284
12.199999 11.874736
11.1 11.169075
13.600039 13.563484
10.622879 11.352361
11.2 11.082993
11.106614 11.145775
11.7 11.6314745
11.2 11.235865
11.8 11.790507
11.555047 11.5956
11.1 11.259644
11.145758 11.0654955
15.140959 15.416563
11.599999 11.569893
11.5 11.74596
11.5 11.533161
11.7 11.812231
10.70206 10.806892
12.599997 12.676874
11.400001 11.448019
11.599999 11.610746
11.900001 11.913538
11.2 11.146563
10.70206 10.512095
13.500008 12.446898
11.2 11.129491
11.7 11.69783
11.900001 12.062143
11.8 11.817068
11.400001 11.5106325
11.5 12.161512
11.8 11.881263
11.5 11.338942
13.299971 13.708915
12.299998 12.966408
11.1 10.916137
10.40103 9.940945
13.999974 13.439796
11.900001 11.515137
11.3 11.243449
11.900001 11.621323
12.399998 12.496253
11.900001 11.92059
11.8 11.650665
11.8 11.7818165
11.5 11.591765
11.3 11.444482
11.3 11.306307
11.1 11.105787
11.1 11.210879
10.622879 10.494104
13.500008 12.176274
11.5 11.641678
11.999998 11.964054
11.8 11.801156
12.399998 13.000244
10.923909 10.833809
11.599999 11.666644
11.999998 12.099865
11.7 11.750676
11.1 11.351198
11.599999 11.6308365
11.599999 11.569555
11.900001 11.897828
11.900001 11.898817
12.499997 12.415653
13.399989 12.983305
11.400001 11.395273
11.8 11.855267
12.299998 11.952323
11.3 11.168946
11.900001 11.943079
11.2 11.322944
11.3 11.373079
11.5 11.55017
13.299971 12.981889
12.699998 13.241856
11.2 11.403235
11.2 11.310051
11.3 11.28362
11.2 11.236601
11.2 11.316368
11.1 11.117547
11.599999 11.527514
11.2 11.222815
11.8 11.838367
11.79897 11.531634
11.2 11.300357
11.1 11.034553
11.900001 11.890617
11.900001 11.995755
11.900001 11.9157505
11.7 12.714043
10.1 9.962458
11.900001 11.969658
11.900001 12.133254
11.599999 11.576994
13.399989 13.954966
10.516801 10.957505
11.7 11.719034
12.314671 12.469605
11.3 11.676553
12.299998 12.272107
12.299998 12.785629
11.599999 11.623785
14.600313 13.062481
11.7 12.148452
11.999998 11.512014
13.399989 12.880184
11.900001 12.154267
11.900001 11.877333
12.799992 12.365648
11.8 11.62639
13.299971 13.707008
11.555932 12.140424
11.599999 11.679393
11.020819 11.196837
11.1 11.127411
11.599999 11.881114
11.8 11.388057
11.400001 11.393321
11.999998 11.812606
12.6934595 14.104493
12.40103 12.55497
12.199999 12.092604
11.900001 11.893618
11.8 11.928976
12.1 11.921022
12.1 11.809596
11.400001 11.507017
11.900001 11.865464
11.5 11.325761
10.923909 10.961127
13.299971 11.751029
11.599999 11.571303
12.499997 11.747277
14.200179 14.220335
11.2 11.317084
11.3 11.288923
11.8 11.868247
11.599999 11.67062
11.7 11.731618
12.199999 12.29714
11.2 11.30427
13.699981 13.42755
11.8447275 13.071759
11.7 12.058928
12.307609 13.15337
11.1 11.391379
10.70206 10.499843
11.1 11.189881
11.2 11.348909
11.3 11.25673
11.2 11.226071
14.299971 13.594165
11.2 11.340888
11.3 11.306827
11.599999 11.521574
12.399998 12.376847
11.3 11.408695
11.1 11.208361
11.5 11.575985
11.3 11.309625
11.8 11.873956
11.331801 11.723381
11.400001 11.378826
11.2 11.316141
11.8 11.860549
11.70206 11.777192
11.7 11.624479
10.70206 10.77774
11.2 11.135437
11.900001 11.973743
10.9 11.191219
11.900001 11.842656
11.3 11.309294
15.500117 14.712547
11.3 11.308542
11.2 11.230996
11.2 11.319548
11.900001 11.828323
12.49794 11.379255
11.8 11.874574
11.5 11.939557
11.1 11.158785
11.900001 12.350646
11.5 11.542994
11.2 11.294071
11.900001 11.880852
11.2 11.357345
11.900001 12.83773
11.2 11.324527
11.900001 11.971396
13.899971 11.172867
11.2 11.31592
10.9 10.748816
11.900001 11.905869
9.79897 9.739639
11.2 11.22807
11.2 11.259845
11.900001 11.833154
11.1 11.332413
11.1 11.058252
12.1 11.980429
11.900001 12.059431
11.599999 11.641388
11.2 11.239726
11.3 11.311272
11.3 11.381376
12.6934595 14.0655365
10.40103 10.580145
11.400001 11.509009
10.1 10.122949
10.70206 10.82892
11.400001 11.280474
11.3 11.423581
11.3 11.467901
13.600039 12.921016
10.40103 10.474295
11.3 11.388484
11.400001 11.349852
11.5 11.703616
12.699998 12.540614
11.7 11.706038
11.1 11.101452
15.600313 15.518526
11.599999 11.717263
12.199999 11.744231
12.499997 12.404674
10.2 10.721561
11.900001 12.614685
12.499997 12.006357
12.597573 12.85423
11.400001 11.428932
11.900001 11.833169
11.900001 11.929668
11.900001 11.905769
11.1 11.173379
13.1 12.11435
11.7 11.530217
11.2 11.207284
11.400001 11.427065
12.1 12.403627
11.5 11.902488
11.1 12.280245
11.900001 11.831725
11.900001 11.898991
11.1 11.261778
11.2 11.233292
11.8 11.798276
11.3 11.499937
10.622879 10.6197405
11.1 11.282092
13.145758 12.695343
11.5 11.666317
11.999998 12.041918
11.1 11.278
12.299998 12.151802
11.8 11.818998
11.2 11.197359
13.200015 13.979802
11.599999 11.624138
12.1 11.947212
11.2 11.235781
11.599999 11.582213
11.8 11.835875
12.1 12.028797
14.600313 13.842975
12.699998 11.409664
11.5 11.738227
11.900001 13.196075
11.1 11.061342
11.599999 11.593039
11.900001 11.882464
11.900001 11.87405
11.3 11.297616
11.7 12.87764
11.999998 12.130696
11.999998 11.916806
11.2 11.180752
12.599997 12.329972
11.8 11.683244
11.3 11.227382
11.3 11.649544
11.900001 11.852374
11.409804 10.82125
11.5 11.821116
12.399998 11.9488125
11.1 11.138526
10.49794 10.400904
11.900001 11.965038
11.400001 11.329114
11.999998 12.538947
11.900001 11.878217
11.400001 11.400207
11.49794 11.570309
10.1 10.901382
13.800057 13.648848
11.15 11.277425
11.2 11.673844
11.1 11.23305
12.199999 11.8764105
11.1 11.100412
11.8 11.85427
14.500117 14.246025
11.2 11.162951
12.899998 12.231566
11.3 11.377704
11.1 11.115266
11.2 11.355391
11.8 11.895562
13.699981 13.796785
10.622879 10.585209
13.399989 11.3052635
12.199999 12.063846
11.2 11.382759
11.900001 12.116661
11.2 11.174835
11.900001 11.742732
11.5 11.45876
11.599999 11.693668
11.999998 13.73229
12.399998 11.926047
10.1 10.042639
11.0 11.12196
11.3 11.24147
11.7 11.751303
12.199999 12.031852
11.8 11.777214
11.1 11.080042
11.3 11.522046
11.3 11.605594
11.400001 11.284805
11.400001 11.475893
11.900001 12.057311
11.900001 11.633437
11.2 11.577293
11.3 11.272241
14.500117 14.284893
9.79897 9.642212
11.3 11.167514
11.8 11.706824
11.1 11.159107
10.1 9.829427
11.1 11.1978035
13.1 11.935812
13.767562 13.923296
11.999998 12.827761
11.2 11.351787
10.1 9.780388
9.79897 9.623148
13.399989 13.598936
11.7 11.5981
11.2 11.18252
11.8 11.91604
14.299971 14.362758
10.1 9.999316
11.400001 11.408503
11.8 11.953099
10.4 10.576762
12.399998 12.164531
10.723423 10.596554
11.999998 12.012454
13.500008 12.846362
11.7 11.783798
13.1 12.969729
12.145758 12.270704
12.899998 11.326027
11.8 11.618678
11.1 11.240203
11.900001 11.883657
11.599999 11.809121
11.3 11.456525
11.2 11.182053
11.1 11.299223
11.400001 11.383224
11.1 11.212635
11.8 11.767274
11.1 11.214716
11.2 11.152708
12.1 12.013765
13.699981 12.607641
13.800057 14.023395
11.2 11.201191
11.1 11.135181
11.7 11.868495
11.2 11.251086
11.1 11.140235
11.2 11.168472
11.1 11.128206
11.5 11.386274
13.321849 13.38724
11.1 11.144739
11.555932 11.300586
11.8 11.613331
11.2 11.298863
11.999998 11.944021
11.3 11.456108
13.600039 12.12908
13.600039 12.98362
14.326648 12.593508
11.2 11.603391
11.2 11.296654
11.999998 11.726736
11.599999 11.682885
11.400001 11.673542
12.299998 12.242751
11.2 11.802569
11.2 12.304952
11.1 10.993701
11.999998 11.799438
11.5 11.4451065
11.1 10.988441
11.7 11.487277
13.020819 12.997547
11.2 11.190244
11.7 11.761307
11.7 11.511051
14.547158 12.290222
11.069375 11.546646
11.8 11.53614
11.3 11.462107
11.8 11.640884
11.1 11.596546
11.7090645 11.631117
11.3 11.362156
11.5 11.669437
10.622879 10.72041
11.400001 11.710894
11.400001 11.50491
11.700326 11.373388
11.1 11.392468
13.500008 12.310043
11.3 11.408342
11.400001 11.797371
11.999998 11.289726
10.1 10.131536
11.1 11.136422
10.622879 10.561377
11.900001 12.005924
11.5 11.687632
11.7 11.535438
11.7 11.655852
11.5 11.891608
11.3 11.479804
11.2 11.205548
11.2 11.2943325
11.3 11.565829
10.4 10.941403
12.598941 12.46706
11.900001 11.857328
11.2 11.325881
10.8 10.699399
11.3 11.204567
10.70206 10.587713
11.900001 11.829789
15.700326 15.4626045
12.199999 11.820373
12.299998 12.022009
13.254902 13.216083
11.622879 12.265468
11.8 11.84052
11.2 11.184843
12.637602 11.447315
11.7 12.11328
11.900001 11.98313
13.699981 14.10473
11.2 10.994316
12.499997 12.325168
11.599999 11.667631
11.900001 11.792976
11.3 11.407499
11.2 11.315863
10.1 10.487952
11.400001 11.440821
11.3 11.257495
11.1 11.222442
11.2 11.2329
11.7 11.44441
11.599999 11.60572
11.400001 11.367909
11.999998 12.89772
12.399998 11.872646
12.299998 11.821332
11.900001 11.933272
11.1 11.25524
11.599999 11.83017
12.299998 12.055225
11.8 11.783393
11.400001 10.75683
14.200179 14.39269
11.400001 11.4973955
11.8 11.732083
11.599999 11.5049925
11.3 11.434094
11.2 11.368174
13.219187 12.739496
11.400001 11.3728695
13.000009 12.987669
11.900001 11.879849
11.3 11.366551
12.299998 11.646613
10.1 9.932428
11.400001 11.794208
11.5 11.433906
12.299998 12.299748
14.145758 13.624184
11.7 11.593363
11.599999 11.506164
11.599999 11.478873
11.2 11.318119
11.999998 11.763028
11.8 11.804476
11.1 11.058856
11.599999 11.411253
11.3 11.265835
11.400001 11.49739
11.2 11.252403
11.400001 11.9135475
11.2 11.284861
12.299998 11.932405
11.5 11.551346
11.7 11.755644
12.1 12.115457
11.3 11.293925
13.200015 12.509649
11.3 11.390941
11.1 12.069567
11.5 11.6479
11.5 11.73267
11.599999 11.917735
13.1 12.394726
11.7 11.727492
13.200015 13.9046335
11.2 11.368229
13.699981 12.087548
11.599999 11.345408
11.900001 11.431954
11.999998 11.79548
11.2 11.220089
11.900001 11.921688
12.19691 12.234562
11.599999 11.385001
11.2 11.549088
11.900001 11.833243
11.5 11.445596
11.400001 11.26828
11.900001 11.875034
11.5 11.399533
11.5 11.63879
11.2 11.333453
13.299971 14.466034
13.200015 12.925838
11.599999 12.100272
11.2 11.682192
11.3 11.259689
12.299998 12.374625
11.3 11.4422655
11.5 11.679258
11.599999 11.803814
11.400001 11.326694
11.400001 11.470606
11.8 11.834148
11.5 11.329599
11.8 12.583128
11.1 12.144215
12.499997 12.495746
11.2 11.199303
10.622879 10.871921
11.8 11.782388
11.599999 11.564905
12.799992 12.47244
11.900001 11.920761
11.599999 11.30602
11.900001 12.0891075
11.2 11.255862
11.999998 11.780016
11.3 11.663602
11.900001 11.8671
11.3 11.408811
11.900001 12.382265
11.900001 11.849018
11.1 11.101556
11.7 11.800432
14.400163 14.68604
12.799992 13.389498
11.2 11.670453
11.2 11.184365
11.400001 11.6069565
11.900001 11.809216
11.900001 11.915755
11.999998 11.489516
11.1 11.163398
11.1 11.126709
12.899998 11.651919
11.2 11.0881195
11.380575 11.412367
11.1 11.262799
11.2 11.255996
11.1 11.853821
11.2 11.580804
11.5 11.488986
11.599999 11.573632
10.8 10.755316
11.599999 11.675541
11.900001 11.847304
11.7 11.696538
11.900001 11.828753
12.199999 11.558984
14.500117 13.70673
11.599999 11.664166
10.5 10.847769
11.5 11.595731
11.1 11.07695
11.900001 11.990628
11.2 11.218324
13.399989 12.176147
11.900001 12.099652
11.7 11.768353
11.1 11.502625
11.400001 11.340085
13.821246 13.581361
12.1 12.2205925
11.7 10.903914
11.599999 11.620495
11.3 11.700245
10.622879 10.414993
11.2 11.280725
11.599999 11.9697075
11.1 11.200613
11.5 11.392143
11.5 11.561014
11.1 11.134573
10.869551 10.849945
11.599999 11.692506
10.40103 10.28649
11.1 11.0004635
12.899998 13.234778
11.7 11.74318
11.5 11.463309
11.599999 11.721684
11.2 11.542037
11.5 11.491279
11.2 11.292072
11.999998 12.058282
12.199999 12.201723
11.2 11.286412
10.622879 10.631005
14.901343 13.722872
11.900001 12.294432
11.8 11.9084
11.999998 11.955747
11.5 11.701659
11.555932 11.895993
11.599999 11.588768
11.3 11.51135
14.375724 14.873408
10.1 10.2537985
11.900001 11.885512
11.5 11.50539
11.3 11.3894415
11.599999 11.723759
11.3 11.32839
11.3 11.323163
11.2 11.25827
11.599999 11.605399
11.900001 11.862572
11.599999 12.944735
12.299998 12.1644745
11.2 11.28302
11.900001 11.87819
12.699998 13.306402
11.1 11.146604
12.299998 12.823376
11.8 11.792989
11.3 11.382111
12.199999 12.261536
11.999998 12.135553
11.2 11.22334
13.699981 13.363768
10.1 10.2998085
13.000009 12.7961
10.70206 10.799552
10.70206 11.244223
10.70206 10.875154
11.599999 11.606104
11.900001 11.829599
11.2 11.237885
11.8 11.80487
11.1 11.140964
10.5 10.443844
11.8 12.135528
11.212469 11.241782
9.923909 10.129375
11.5 11.466038
11.7 11.689025
11.2 11.168901
11.599999 11.542436
11.849336 12.016648
13.600039 12.351656
11.400001 11.366335
10.70206 11.021384
11.400001 11.555051
13.699981 14.279253
10.40103 10.426131
11.2 11.210011
11.3 11.325049
11.2 11.278057
10.40103 10.889642
11.3 11.4881525
11.8 11.811146
11.1 11.12078
11.1 11.000706
11.3 11.307726
11.400001 11.191474
11.400001 11.448083
11.600844 11.704927
11.1 11.202777
11.5 11.649664
11.2 11.494863
13.000009 11.522884
11.900001 11.899607
11.1 11.134214
11.1 11.172502
11.8 12.009091
11.2 11.223205
11.2 11.157396
11.3 11.3025255
14.500117 13.977831
11.1 11.163228
11.3 11.249918
11.599999 11.736575
11.2 11.308266
11.400001 11.429099
11.1 11.162089
11.400001 11.385775
11.900001 12.222642
11.8 11.773115
10.8 10.339092
11.2 11.466571
12.199999 12.334845
11.3 11.488103
11.2 11.26858
12.599997 11.66919
11.5 11.495135
11.8 11.783144
11.5 12.111403
11.8 12.008772
11.2 11.249307
12.499997 13.214057
11.900001 12.003326
12.199999 11.989744
11.3 11.339075
11.1 11.602775
11.900001 11.843165
11.999998 12.08077
13.299971 12.96481
12.699998 11.805442
11.2 11.320538
11.999998 12.413406
11.999998 11.936026
11.7 11.800145
11.900001 11.929798
12.1 11.890106
11.2 11.2888
11.3 11.649134
11.1 11.235488
11.5 11.612195
11.900001 11.82884
12.8447275 12.878082
14.999629 14.879668
11.5 11.455647
11.900001 11.920784
11.900001 11.92602
11.400001 11.442349
11.999998 11.6787
11.2 11.150438
11.2 11.223008
11.7 11.732686
11.900001 11.880826
11.7 11.659538
10.2 9.987103
11.8 11.774625
11.400001 11.681832
11.7 12.376699
11.3 11.906691
11.599999 12.116281
10.1 10.711876
11.5 11.505433
11.900001 11.709359
11.1 11.290759
11.999998 11.551529
11.400001 11.644718
11.900001 12.20462
11.1 10.988813
11.599999 12.719985
12.1 11.968175
12.923909 12.716841
11.5 11.605971
10.9 10.406366
11.2 11.430382
13.800057 11.262022
11.599999 11.537285
11.3 11.4181795
11.599999 11.726808
11.900001 11.818216
13.999974 13.276776
15.581486 15.49492
11.2870865 11.472483
11.2 11.255189
11.7 11.602154
11.8 11.787209
12.199999 12.309918
13.1 12.727227
11.3 11.427786
11.900001 11.626469
12.088853 12.362429
11.900001 11.577733
10.40103 10.912751
11.1 11.333388
11.599999 11.743122
11.900001 11.910241
11.999998 12.074841
11.5 11.571619
11.900001 11.942075
14.700326 14.940823
11.1 11.2439785
11.1 11.122726
11.400001 11.75318
11.2 11.211709
11.900001 11.910889
11.1 11.217461
11.5 11.377271
12.63529 10.516266
13.1 12.3465605
11.1 11.148082
10.1 9.650997
11.3 11.405229
11.1 10.939056
11.3 11.7408905
11.5 11.885122
11.2 12.38867
11.3 11.283746
11.5 11.471236
10.996197 11.262361
11.3 11.546048
11.8 11.817624
10.29382 10.231332
10.70206 10.921301
11.2 10.939549
11.900001 11.915872
11.900001 12.130442
11.900001 11.868409
11.1 11.247403
13.000009 13.716837
11.5 11.5240135
11.5 11.474144
11.1 11.272665
11.1 11.139157
11.599999 11.528051
12.020819 11.931016
12.1 11.713685
11.5 11.690944
11.1 10.963165
14.600313 13.848149
12.699998 11.152921
11.400001 11.772128
11.2 11.156325
12.199999 12.066081
11.900001 11.925591
12.599997 12.532962
11.1 11.164281
11.2 12.204531
11.900001 11.931953
11.5 11.533512
11.3 11.295547
11.2 11.353385
11.375724 11.0746765
13.399989 14.557235
11.3 11.273006
11.900001 11.845915
11.2 11.261015
12.1 12.3305435
11.2 11.130082
11.900001 11.79572
11.900001 11.982227
11.1 11.234985
11.1 11.69383
11.3 11.446327
11.5 11.629391
14.427902 15.128359
11.400001 11.536348
11.5 11.499346
11.400001 11.385291
14.145758 14.363026
11.8 12.079245
11.2 11.265288
11.900001 11.767754
13.000009 12.919678
11.3 11.719446
11.1 11.113178
11.8 11.747718
11.359637 10.7663965
11.1 11.124696
11.5 11.659791
11.599999 12.163244
11.1 11.129775
10.541291 10.370096
11.5 11.6146
11.900001 11.963752
11.900001 12.0403185
11.1 11.745237
11.400001 11.375019
11.1 10.954677
11.3 11.517687
11.900001 11.882107
11.8 11.853569
10.7 10.455249
11.999998 11.698823
12.599997 12.734636
12.299998 11.715947
11.7 11.753354
11.3 11.394026
12.651294 12.737833
11.2 11.562176
11.5 11.521346
12.399998 12.100845
11.400001 11.574664
12.046395 11.69353
11.3 11.1819105
11.8 11.876229
11.5 11.536725
10.972896 11.320037
11.900001 11.85172
11.2 11.278346
13.999974 14.124024
12.399998 12.509314
11.1 11.219147
11.900001 12.265005
11.8 11.889844
11.3 11.3621235
11.5 11.612701
11.1 11.189806
11.5 11.416017
11.2 11.371665
11.5 11.588111
11.7 11.749251
12.499997 12.279794
12.199999 12.192629
11.3 11.513365
11.7 11.671151
14.668636 15.119661
10.40103 10.292202
11.7 11.347465
10.6 10.346415
10.79897 10.47903
11.900001 11.811617
11.999998 12.0304
11.49794 11.408192
11.1 11.122673
11.2 11.299387
11.2 11.187663
11.7 11.684054
11.999998 11.962266
11.7 11.707892
11.999998 12.406852
11.2 11.130463
12.1 11.868926
11.7 11.316209
11.8 11.919464
11.8 11.848536
10.70206 10.648213
12.899998 11.990953
14.1 14.54446
11.5 11.6730585
13.399989 12.699411
9.79897 9.784765
11.3 11.347471
9.70206 9.502348
10.1 9.805566
11.2 11.220249
12.1 11.91104
11.2 11.260224
11.599999 11.62576
13.191515 13.097629
11.2 11.437744
11.8 11.939011
11.5 11.4862385
11.3 11.382956
11.599999 11.546925
11.599999 11.699931
11.7 11.895092
11.3 11.286533
13.299971 13.731348
12.399998 12.147374
13.622879 13.799437
11.5 11.498393
12.1 12.334133
11.2 11.242176
10.40103 10.478611
12.120642 12.237116
11.400001 11.435279
11.3 11.383737
12.499997 12.591576
11.1 11.117166
11.2 11.113298
11.599999 11.750501
11.7 11.744192
11.2 11.943537
11.1 11.942844
10.1 10.86126
11.2 11.4051075
12.1 11.987817
11.3 11.5902405
11.599999 11.531079
11.5 11.4114685
11.2 11.108731
12.199999 12.020553
10.79897 10.736543
11.2 11.197977
10.40103 10.397255
11.087163 10.702215
12.899998 12.641321
11.5 11.67198
11.3 11.625469
11.058607 11.1590395
12.1 11.900321
13.899971 13.216571
12.499997 12.276412
10.2 10.180839
11.8 12.393883
11.900001 12.293353
11.3 11.458707
11.1 11.072698
10.4 10.614506
11.3 11.453754
11.2 11.246927
11.599999 11.362638
11.1 11.038938
11.5 11.471478
11.2 11.384934
11.8 11.786217
11.2 11.059294
11.8 11.886979
11.900001 12.0706835
11.400001 11.392253
10.49794 10.452268
12.399998 12.266848
12.899998 11.367859
11.1 11.237761
11.7 11.744267
11.3 11.353007
11.1 11.16614
13.1 12.81396
11.2 11.533349
11.400001 11.436999
11.2 11.242957
11.999998 11.921389
11.1 11.205442
11.999998 11.740445
10.622879 11.174355
11.3 11.287937
9.79897 9.672667
11.2 11.257697
12.699998 12.428917
11.400001 11.470308
12.170581 12.50131
11.8 11.831308
11.900001 11.91372
12.180922 11.860491
11.8 11.664816
11.7 11.607753
11.900001 11.727882
11.999998 12.181481
11.8 11.685
11.400001 11.407476
11.7 11.543932
11.2 11.666896
11.1 11.111998
11.719789 10.438255
10.622879 10.731168
11.999998 11.936607
11.1 11.025119
12.399998 12.040028
13.1 13.00898
12.499997 12.872616
11.999998 11.937994
10.40103 9.980263
11.8 11.781569
11.999998 11.941934
11.400001 11.5784235
11.8 11.90396
11.2 11.198357
11.1 11.124859
11.7 11.781312
11.1 11.360287
13.8447275 13.04615
11.999998 12.124021
11.400001 12.174497
11.2 11.297276
11.2 11.371156
12.399998 12.457423
12.299998 12.26512
11.1 11.064347
12.699998 13.38662
11.2 11.248523
11.2 11.643211
11.3 11.308249
11.999998 11.933811
11.2 11.042765
11.3 11.348136
11.1 11.889203
12.899998 12.776197
11.2 11.191907
11.118106 11.237464
11.5 11.537698
11.8 11.956611
11.2 11.270558
11.900001 12.193337
12.199999 11.8936825
13.600039 14.137912
11.2 11.25957
11.1 11.109383
11.400001 11.461467
11.5698 11.67493
11.1 11.189101
11.1 11.212241
11.2 11.215224
11.900001 11.838321
12.1 11.807587
11.599999 11.578658
11.7 11.7814
11.599999 11.324184
12.40103 13.197739
11.1 12.105693
11.2 11.254018
11.3 11.377606
11.7 11.762967
11.999998 11.701387
11.8 11.804693
11.7 11.901496
11.5 11.512471
11.8 11.797754
11.3 11.353445
12.299998 12.207127
11.8 11.726388
11.3 11.26424
11.3 11.4464035
13.699981 12.43201
11.900001 11.875636
11.999998 11.97307
11.1 11.192572
11.900001 11.812647
11.900001 11.819542
11.400001 11.636255
13.399989 13.505588
11.2 11.413415
11.1 11.119651
11.900001 11.94676
11.599999 11.62046
11.999998 11.55681
11.2 11.267569
11.3 11.441718
11.2 11.264679
10.6 10.778009
11.599999 12.307245
11.2 11.240887
10.79897 10.664158
11.3 11.321992
11.7 11.804039
11.900001 11.866598
11.2 11.03192
11.7 12.076748
11.900001 11.909105
11.5 11.151675
11.1 11.01923
11.1 11.165881
11.1 11.184596
11.1 11.111242
10.40103 10.445497
11.900001 12.074642
11.400001 11.843109
11.1 11.248527
11.3 11.597247
10.7 10.856909
12.499997 12.453488
10.5 10.667063
11.344125 11.534591
11.2 11.306983
11.1 11.3100605
11.8 11.838123
11.5 11.458592
11.900001 11.8415365
11.2 11.084237
10.2 10.697929
11.599999 11.282082
9.750965 10.244555
11.70103 11.754064
11.3 11.371255
14.299971 14.592828
11.599999 11.647028
11.400001 11.562072
11.1 11.231251
11.1 11.689654
11.599999 11.695663
11.2 11.377393
11.2 11.152641
11.400001 11.5712385
13.000009 13.43375
11.2 11.175963
11.8 11.592517
11.599999 11.395445
11.3 11.4608755
11.8 11.787987
13.860608 13.805054
11.2 11.3804
11.2 11.087951
12.765546 11.86498
11.1 11.18184
11.7 11.905355
11.1 11.074648
11.8 11.432946
11.7 11.795696
12.777781 12.533705
11.8 11.822345
10.40103 10.436399
11.3 11.365084
11.2 11.781537
11.5 11.484465
11.400001 11.451869
11.2 11.6463995
11.5 11.391203
11.5 11.399255
11.2 11.275026
13.399989 13.17001
11.5 11.688018
11.2 11.279785
11.8 11.791082
11.900001 11.930634
11.3 11.18097
11.400001 12.193043
12.699998 11.937266
11.400001 11.72444
11.8 11.771961
11.999998 12.137508
11.2 11.071027
13.219187 12.646313
11.8 11.969794
10.4372425 10.383603
11.900001 11.903345
12.199999 11.928891
11.1 11.198596
12.299998 11.93082
12.1 12.085436
11.599999 12.138771
11.97999 12.156783
11.2 11.506339
12.499997 12.0326185
11.900001 11.835542
11.5 11.471573
11.7 11.722044
13.399989 12.81624
11.2 11.381755
11.999998 11.294146
13.899971 13.291338
14.088687 14.309851
14.805467 12.573374
11.2 11.451939
11.1 11.022953
11.2 11.405843
11.3 11.536927
11.1 11.110619
11.400001 11.4141655
13.299971 11.999784
11.89588 11.918304
11.520216 11.273305
11.400001 11.476055
11.8 11.646414
11.900001 11.903751
11.999998 11.869259
11.7 11.9495325
11.8 11.733214
12.199999 11.831644
11.8 12.141364
11.2 11.518144
11.5 11.038868
11.900001 11.924549
11.2 11.336006
11.2 11.294541
11.599999 11.67169
12.54 12.186591
12.799992 12.63194
11.3 11.581068
11.3 11.366942
10.622879 10.668638
11.900001 11.587764
11.637602 11.518486
11.999998 11.953342
12.299998 12.427298
11.900001 11.915417
11.195826 12.1972065
15.1 14.695274
11.3 11.428907
11.8 11.859706
11.1 11.167233
11.599999 11.688331
11.900001 12.453135
11.5 11.617888
14.1 14.195382
12.199999 12.11336
11.1 11.090507
11.599999 11.654899
12.499997 12.30445
11.1 10.899568
14.200179 14.142877
11.224938 11.214329
11.2 11.226854
11.1 11.328559
11.2 11.301427
12.199999 11.532286
11.1 11.148517
11.900001 11.932158
10.058607 10.038586
11.999998 11.800307
10.1 11.973753
11.1 11.340638
10.70206 10.642164
11.2 11.107533
11.999998 11.121607
13.699981 14.124052
13.699981 11.645901
11.7 11.492101
11.2 11.345806
11.599999 11.647028
11.5 11.754702
11.3 11.541452
11.2 11.340052
12.622879 12.33872
13.899971 13.177385
11.2 11.057948
11.599999 12.029148
13.200015 12.769024
11.336121 11.006722
14.700326 14.768448
11.3 11.3666
11.599999 11.621694
11.999998 12.015157
11.5 11.658266
14.1 12.81151
11.3 11.361136
11.3 11.402683
11.3 11.348067
12.199999 11.411033
13.500008 14.317049
11.1 11.265023
11.198542 12.024696
13.000009 11.871522
10.6 11.857658
12.699998 12.10602
11.3 11.309353
12.299998 12.38107
11.404665 11.299085
11.3 11.455115
11.1 11.24217
11.400001 11.479141
11.8 11.666748
10.70206 10.462878
11.400001 11.585969
14.183691 13.6732
11.7 11.630967
11.1 11.05201
11.599999 11.235346
11.2 11.377643
11.2 11.321118
13.200015 12.164553
12.299998 11.962086
10.1 10.162401
11.900001 11.887586
11.2 11.236121
11.3 11.332209
11.1 11.061978
11.1 11.183901
11.1 11.10023
11.400001 11.587944
11.2 11.282078
12.599997 11.581021
10.622879 11.4796505
11.7 11.739076
11.3 11.481829
11.2 11.325038
11.3 11.57687
11.2 11.510058
13.000009 12.971199
14.700326 13.764457
11.1 11.1113615
11.7 11.683849
12.899998 12.611409
11.599999 12.0685005
12.599997 13.035315
11.1 11.205484
11.999998 11.96319
11.8 11.657412
11.999998 11.970027
11.1 11.4707985
11.900001 11.846968
11.821246 11.887845
11.2 11.234986
10.7 10.263494
11.2 11.179063
12.586782 11.975433
11.2 11.293429
11.1 11.250096
11.900001 11.910737
12.799992 12.467542
11.8 11.80237
11.400001 11.436017
11.2 11.296154
12.499997 12.15136
11.7 11.695473
11.2 11.177728
11.2 11.23599
13.200015 12.115869
12.281115 12.948215
10.4 10.177362
10.3 10.492048
11.274371 11.4334345
12.499997 12.156445
12.799992 12.145086
11.400001 11.4410305
11.8 11.886409
11.900001 11.598881
11.3 11.652334
11.1 11.432674
11.7 11.83609
12.028305 11.863198
11.400001 11.647971
11.900001 11.817568
11.2 11.2214155
11.1 11.455526
11.900001 11.852326
11.400001 11.369794
11.2 11.215537
11.2 11.330696
11.3 11.3461895
11.2 11.24793
11.8 11.502473
10.70206 10.721474
11.2 11.258144
11.1 11.285788
11.900001 11.321391
11.5 12.015319
11.900001 11.816834
12.199999 13.214095
11.3 11.316189
13.97615 14.174908
11.1 11.558105
12.799992 13.063265
11.2 11.395915
11.5 11.59415
11.3 11.478292
11.8 11.771266
11.2 11.160471
11.3 11.362486
11.19691 11.41641
11.599999 11.665605
12.499997 12.532214
11.7 11.815112
12.199999 11.784018
11.3 11.468933
13.89588 11.898617
13.19691 13.62136
10.6 10.979147
12.199999 11.514852
11.900001 11.892581
11.2 11.680748
15.058607 14.411446
11.8 11.773191
13.340332 12.976204
12.446788 12.44007
11.1 11.533088
13.1 13.148855
11.2 11.316981
11.3 11.298214
10.3 11.231063
11.2 11.093683
11.1 11.283635
12.499997 11.649268
11.7 11.826336
11.8 11.756763
12.446788 13.134743
11.400001 11.369041
14.125949 13.997663
11.7 11.510146
11.999998 12.0653305
11.900001 11.87788
11.2 11.416927
11.2 11.184323
11.5 11.808012
11.2 11.255866
11.175305 11.1937275
11.2 11.308207
11.400001 11.385239
10.4 10.519413
11.170581 13.055223
11.8 11.806301
11.3 11.381656
11.2 11.219115
11.8 11.84054
11.2 11.110413
12.699994 13.385817
11.3 12.142045
11.1 11.286117
11.900001 11.821697
12.8447275 11.078922
11.400001 11.490499
11.3 11.305048
13.699981 13.239669
11.2 11.313738
12.199999 12.122244
11.5 11.538062
11.1 11.320439
11.900001 11.6969385
11.108774 11.228174
11.1 11.22782
13.000009 12.523355
11.7 12.267759
11.900001 11.706951
12.599997 13.2275095
11.2 11.864386
11.8 11.837351
11.3 11.5170965
12.799992 13.180068
11.999998 12.08596
13.200015 13.160947
10.79897 10.976567
10.2 10.906535
11.3 11.403256
12.899998 12.32636
11.2 11.15043
11.1 11.157742
11.999998 12.24065
11.599999 11.79867
11.7 11.443468
11.900001 11.765705
11.1 11.380222
11.7 11.760521
12.699998 12.382083
11.8 11.841625
11.155518 10.917394
12.8447275 11.175346
11.2 11.19356
11.7 11.608853
11.3 11.294586
14.986056 15.121415
11.8 11.934776
14.375724 14.843731
11.7 11.719441
11.599999 11.611456
11.599999 11.605393
12.799992 13.13052
11.900001 11.733386
11.1 10.793282
11.3 11.381962
11.999998 11.43077
11.900001 11.854947
11.7 11.694193
11.400001 11.482764
11.777781 12.123001
11.999998 11.775231
11.1 11.13614
11.999998 11.783593
11.8 11.842843
11.1 11.606986
11.400001 11.389236
12.499997 12.312834
14.500117 14.846117
11.3 11.453107
11.2 11.235053
11.999998 11.679663
11.8 11.803949
11.747817 11.657452
11.400001 11.308775
11.79897 11.614039
13.000009 12.761341
12.399998 11.866388
11.900001 11.970771
11.400001 11.734612
12.899998 13.128609
11.5 11.859115
11.7 11.559538
11.599999 11.837605
11.900001 11.93088
11.5 11.514777
10.6 10.375253
11.1 11.418255
12.899998 13.59973
12.199999 11.838112
11.999998 11.931981
11.1 11.177075
11.2 11.230718
10.70206 10.828081
11.8 11.84915
11.2 11.162735
11.5 11.559161
11.3 11.205561
11.685027 11.825873
11.5 12.101635
12.499997 11.453232
11.7 11.777243
11.5 11.598295
11.3 11.356852
11.8 11.870861
13.608639 13.754759
11.8 11.817357
11.400001 11.541679
11.900001 11.94469
14.500117 14.360198
11.2 11.056695
13.899971 12.839947
12.899998 12.135012
10.4 10.3807125
13.1 12.5742445
11.999998 12.023825
11.400001 11.294303
11.7 11.590598
11.599999 11.761833
11.3 11.542045
14.79897 13.907667
11.8 11.80211
11.2 11.923365
9.79897 9.556287
12.233122 12.165491
11.2 11.300069
11.3 11.328075
11.5 11.560559
11.900001 12.431995
11.3 11.299972
11.2 11.487708
11.5 11.662663
11.2 11.104189
11.1 11.028876
11.2 11.189813
10.3 10.835824
11.2 11.249724
12.299998 12.45646
11.3 11.462483
11.8 11.77919
10.923909 10.829166
11.2 11.289256
11.1 11.139399
11.2 11.371006
11.2 11.168774
11.999998 12.486075
12.399998 12.252084
11.1 11.222851
12.899998 13.272072
11.599999 11.489294
11.599999 11.616979
11.2 11.261042
12.1 11.419173
11.2 11.293627
11.3 11.40136
11.900001 11.392786
11.400001 11.268182
11.1 11.17844
11.5 11.536778
11.599999 11.366326
11.3 11.421884
11.2 11.3605175
11.3 11.517227
11.1 11.103726
14.1 14.079669
11.5 11.677739
11.1 11.074724
10.7 11.379082
11.5 11.508429
11.1 11.24041
11.900001 11.8421135
11.2 11.445336
10.47675 10.527445
13.000009 12.951141
11.3 11.294218
12.799992 11.7935
11.2 11.268856
11.175794 11.298658
11.1 11.08807
11.254902 11.251728
11.599999 11.441594
11.1 10.910859
11.3 11.411487
13.1 11.561896
11.1 11.229307
11.7 11.720932
11.900001 11.880689
11.8 11.785511
12.499997 12.6997175
12.499997 12.7374525
11.7 11.7473545
12.399998 12.9177
11.1 11.947906
13.000009 12.728393
11.8 11.466082
12.637602 12.748225
11.2 11.142117
12.299998 12.356973
11.15 11.2213745
11.3 11.267649
11.5 11.614281
9.79897 9.638275
9.70206 9.797084
11.900001 11.749047
11.2 11.680193
9.79897 9.679991
11.5 11.472451
11.2 11.11603
11.7 12.489497
11.2 11.221444
11.1 11.18023
11.8 11.823133
11.1 11.390708
11.5 11.478924
12.299998 11.851957
11.999998 12.152623
11.2 11.182965
11.599999 11.66293
11.1 11.097834
11.599999 11.440453
11.2 11.284865
11.8 11.918616
11.900001 12.120357
11.8 11.93353
11.2 11.269646
12.499997 11.763083
11.392429 12.324408
14.700326 11.434596
11.7 11.317589
11.2 11.255067
11.900001 12.01046
11.8 11.7462435
11.7 11.718035
11.900001 11.914876
11.599999 11.634417
11.1 11.452335
11.2 11.231209
11.8 11.759361
11.7 11.552945
11.1 11.258352
11.8 11.830276
12.020819 12.213182
11.1 11.125291
11.7 12.267982
11.900001 11.956104
11.900001 11.832878
11.2 11.164252
11.7 12.250643
11.400001 11.794804
11.900001 11.913935
9.47675 9.331983
11.999998 11.904795
13.1 12.823121
11.7 11.801065
11.900001 11.822238
12.199999 11.891231
11.2 11.305137
11.5 11.309956
11.599999 11.659744
11.1 11.081424
11.999998 11.751875
11.3 11.254937
11.8 11.508914
11.2 11.165317
11.2 11.143408
12.1 12.099079
11.0 11.430096
9.79897 9.647387
11.5 11.599292
11.1 11.210232
12.899998 12.733471
11.2 11.235938
11.7 11.349671
12.199999 11.838891
11.2 11.107813
11.8 11.7089815
11.8 11.777268
11.5 11.538635
11.2 11.109682
11.900001 11.883143
11.900001 11.765714
12.1 11.603906
11.7 11.767103
11.5 12.016225
12.199999 11.656489
14.901343 14.756819
11.400001 11.238453
11.7 11.852793
11.7 11.585726
11.900001 11.850373
11.343923 11.585359
11.599999 11.492196
13.897412 13.708218
9.1 10.320806
11.986056 12.560482
11.3 11.289483
10.1 11.055687
11.900001 11.910125
11.999998 12.332508
11.599999 11.922059
11.49794 11.521904
12.622879 12.633574
12.399998 12.348612
11.2 11.046067
11.7 11.678232
11.2 11.317031
11.1 11.127027
11.599999 12.249054
11.1 12.698916
10.49794 12.118684
11.254902 11.309238
11.1 11.121085
11.5 11.481052
12.499997 12.481649
11.2 11.25678
11.8 12.224715
11.3 11.156928
11.2 11.346172
11.400001 11.565564
11.5 11.23496
11.2 11.571909
11.5 11.717643
11.3 11.548826
11.400001 11.431024
13.648455 14.290746
11.757577 11.899376
11.599999 11.655278
11.400001 11.4373455
11.5 11.506947
11.5 11.96222
12.199999 12.217321
12.399998 11.496708
10.8 11.464666
11.49794 11.509892
11.8 11.45483
11.3 11.595983
11.2 11.576914
11.8 11.659218
13.699981 12.463789
11.400001 11.37772
10.49794 10.334875
9.79897 9.481967
11.400001 11.407028
13.000009 12.085987
11.1 11.146055
12.599997 13.460718
12.799992 12.4212475
11.5 11.491845
11.5 11.397524
11.599999 11.735188
11.2 11.235254
13.321849 13.399535
11.8 11.808394
11.1 11.098224
15.999629 13.316285
11.1 11.082625
11.2 11.205752
11.5 11.755977
11.8 11.828054
11.7 11.778931
11.1 11.033982
11.5 11.6942425
11.999998 12.634899
12.599997 11.73665
11.599999 11.843595
11.400001 11.505682
11.900001 11.819973
12.299998 11.779417
11.2 11.645958
11.2 11.505638
13.399989 13.411718
11.5 11.516207
11.999998 13.057346
11.900001 11.848707
11.599999 11.59595
11.999998 12.458029
11.999998 12.197614
10.779135 11.395737
11.2 11.188238
12.199999 13.089453
11.599999 11.561728
11.900001 11.924578
11.599999 11.354733
11.2 12.443806
11.2 11.3661585
11.599999 11.588662
14.901343 14.904192
11.599999 11.78637
11.8 11.835923
11.900001 11.379131
11.2 11.154505
11.2 11.313926
11.7 11.817162
11.1 11.259123
11.900001 11.974379
11.3 11.507048
10.1 12.099147
13.200015 13.128469
12.499997 12.18036
11.1 11.197627
11.8 12.43254
11.2 11.229857
10.3 11.806334
11.999998 11.919428
11.3 11.261902
11.1 11.06921
11.2 11.203046
11.543697 12.43182
11.7 11.785488
11.900001 11.872035
11.1 11.34084
11.900001 11.919538
11.1 11.214598
11.5 13.158743
11.999998 11.957899
10.622879 10.317574
11.710834 11.654052
11.900001 11.345352
13.1 12.86048
11.8 11.813669
14.329148 14.520101
14.923909 14.048256
11.8 11.681217
10.70206 11.240507
12.1 12.422765
11.900001 11.907061
11.400001 11.3425665
12.1 11.905372
11.2 11.237055
11.5 11.272136
11.900001 11.821317
11.69176 11.698344
11.1 11.174409
11.3 11.776256
11.900001 11.89201
11.3 11.30555
11.900001 11.688857
11.3 11.307808
11.3 11.431362
11.56133 11.504712
11.1 11.186299
14.299971 13.938526
11.8 11.706565
11.5 11.696151
12.399998 11.776165
11.5 12.182386
11.999998 11.998955
11.2 11.292896
11.8 11.751911
11.2 11.246703
11.599999 11.84679
11.1 11.191733
12.199999 11.882459
12.1 11.939919
11.5 11.567297
14.1 13.7783375
11.3 11.22201
11.8 11.777207
11.8 11.760555
11.5 11.449139
11.2 11.253547
12.199999 11.561058
11.578862 11.40997
11.3 11.340873
12.1 11.985322
11.400001 11.538729
11.900001 11.980439
11.8 11.933245
12.300659 12.416996
11.2 11.273293
12.199999 12.132844
12.699998 12.308225
11.3 11.2603245
11.8 11.962263
11.2 11.533283
11.3 11.340507
12.1 12.374832
11.1 11.114655
11.7 11.838662
11.5 12.335336
12.199999 12.0110655
11.1878605 11.181563
12.799992 12.559409
11.599999 11.613342
11.254902 11.450784
12.1 12.027942
14.321849 14.635279
11.7 11.739173
11.8 11.755726
11.49794 11.385584
11.400001 11.71324
11.900001 11.809137
11.2 11.184352
11.2 11.578864
11.5 11.583449
11.2 11.226921
11.2 11.445468
12.599997 14.071869
11.900001 11.93606
11.1 11.228883
12.1 11.729486
11.2 11.32691
11.2 11.239211
12.499997 13.205859
11.404665 11.3882475
11.2 11.250739
11.999998 11.944581
11.599999 11.622625
10.1 9.778059
11.900001 11.879891
13.399989 13.095583
13.737937 14.073664
11.7 11.724676
11.3 11.474305
11.3 11.248587
11.953872 11.755557
12.499997 12.029308
10.1 9.870035
11.1 11.340709
13.299971 13.348426
11.400001 11.432902
11.2 11.552481
11.3 10.970705
11.900001 12.660089
11.1 11.184361
10.1 10.220717
10.1 9.774021
11.3 11.275324
14.901343 12.1755
11.599999 11.604916
11.3 11.25308
12.180922 12.303577
9.79897 9.633114
11.3 11.590902
11.400001 11.284518
11.1 11.110627
11.1 12.047307
10.79897 11.604781
11.599999 11.814919
13.321849 13.494369
14.999629 14.474929
12.058607 11.847647
11.2 11.368595
11.5 11.618224
11.1 11.293863
11.599999 11.473556
11.1 11.118341
11.2 11.222445
11.2 11.696836
11.599999 11.56699
11.5 11.491899
14.162119 13.8497505
11.2 11.135795
11.8 11.765198
11.3 11.838038
11.2 11.209855
11.1 11.405571
11.2 11.164573
11.1 11.474503
11.1 11.022771
11.8 11.780851
11.1 10.832796
11.2 11.360521
11.5 11.487459
12.278486 11.616096
11.400001 11.518422
11.7 11.602106
11.9041 12.268068
14.901343 14.730093
11.2 11.241826
11.8 11.901089
11.1 11.194226
11.2 11.197018
12.427902 13.678262
11.599999 11.371721
11.3 11.281896
14.1 13.804287
11.5 11.639587
11.7 11.638149
11.2 11.269982
11.1 11.090122
11.1 11.185421
11.1 11.189632
11.900001 11.790157
11.2 11.385558
11.349999 11.98092
11.900001 11.926854
11.2 11.239054
11.1 11.152817
11.1 11.197644
11.1 11.005052
11.7 11.487855
15.508935 15.0334835
11.5 11.585695
11.400001 11.396969
12.299998 11.957287
11.599999 11.450744
13.375724 13.514701
11.8 11.707696
12.1 12.334901
11.2 11.252816
11.1 11.107404
14.307609 14.52794
11.198147 11.034752
11.3 11.490252
11.1 11.209813
12.399998 11.791369
12.953872 12.975449
10.79897 10.960201
11.3 11.310096
10.5 11.606223
12.499997 11.786572
12.599997 11.714919
11.8 11.865501
11.2 11.185232
11.400001 11.282607
11.400001 11.682181
11.5 11.603392
12.499997 12.214449
11.3 11.590676
11.0 11.334463
12.599997 12.100616
12.199999 11.93887
13.699981 14.060697
11.2 11.155441
12.399998 12.032498
11.2 11.431675
11.900001 11.732868
11.8 12.10337
11.321849 11.279484
11.3 11.316828
11.400001 11.452616
11.5 11.3695755
11.2 11.262955
13.299971 12.6521
11.1 11.168127
13.399989 12.242756
11.599999 11.437602
11.2 11.539301
13.200015 13.304422
11.599999 11.677674
13.461511 12.284508
11.900001 11.78064
10.555932 10.7898655
11.3 11.574357
11.7 11.740046
11.5 11.6173315
11.2 11.283828
11.900001 11.909605
12.399999 12.808353
11.900001 11.963399
11.900001 12.032013
11.900001 11.932988
12.599997 12.751982
11.3 11.390259
11.900001 11.50738
13.058607 11.706033
11.8 11.808711
10.40103 10.18668
11.5 11.580387
11.5 11.568512
12.799992 11.360749
14.200179 13.152351
11.006578 10.764559
11.999998 11.359652
11.5 11.370857
11.2 11.30439
11.7 11.749103
10.622879 10.615319
11.400001 11.711561
12.020819 11.813482
11.336514 11.493967
12.1 11.626907
11.1 11.132103
14.200179 13.384716
11.1 11.616314
9.890485 9.802929
12.351812 12.4893265
14.79897 14.403132
12.1 12.161768
11.8 11.767782
11.1 11.104854
11.599999 11.549889
11.1 11.049608
12.1 12.278964
14.49794 14.333
11.2 11.342577
11.7 11.796693
13.508935 13.600195
11.2 11.653637
12.359379 12.3033495
11.392429 11.380835
11.599999 12.446588
12.799992 12.805477
11.3 11.718167
11.1 11.972834
11.1 11.101271
11.1 10.932508
11.999998 11.911896
11.400001 11.61923
11.1 11.079854
11.1 11.313663
11.3 11.318832
11.3 12.070481
12.399998 12.435322
12.199999 11.268526
11.435792 11.309637
11.7 11.457546
11.1 11.141054
12.199999 11.719918
11.400001 11.438577
11.3 11.315778
11.1 11.530423
14.1 14.196898
13.000009 11.392247
13.899971 13.809116
11.900001 11.890028
13.299971 12.001584
12.699998 11.967878
11.900001 11.890594
10.2 10.180991
11.3 11.601718
11.2 11.6779995
10.4 10.459758
11.1 11.088994
11.900001 11.908103
11.900001 11.977942
12.1 11.899641
10.4 10.681715
11.7 11.651348
10.543697 10.79726
11.1 11.082959
11.1 11.437447
11.900001 11.848414
11.2 11.180625
11.7 11.785052
11.1 11.226247
11.3 11.390883
12.899998 12.426262
11.7 11.910061
11.400001 11.370815
11.1 11.182058
11.2 11.088175
13.299971 13.60549
12.699998 12.675734
11.3 11.455971
13.200015 13.336699
11.2 11.240146
11.999998 11.874668
10.4 10.739933
11.1 11.392889
11.900001 12.111874
11.3 11.356786
12.699998 11.631819
11.7 11.771749
11.8 11.791695
11.3 10.97529
11.2 11.191824
11.1 11.173798
11.1 11.501313
11.400001 11.576263
11.1 11.279866
11.400001 11.700706
11.2 11.237072
11.1 11.157653
11.2 11.206024
11.5 11.777337
11.3 11.4254055
11.8 11.44947
11.3 11.29098
11.900001 11.827308
11.1 10.593747
12.1 11.4108
11.5 11.233605
11.1 11.228209
10.40103 10.382017
11.900001 11.885695
11.1 11.166617
11.2 11.285978
11.5 11.994191
11.1 11.3853035
11.1 11.267442
12.199999 12.142027
11.7 11.665931
13.200015 12.973283
11.3 11.340998
11.1 11.157659
9.40103 9.088434
11.1 11.22981
11.2 11.23303
12.399998 12.087664
11.599999 11.852557
11.2 11.784683
12.399998 12.332933
14.321063 14.593068
11.7 11.618134
11.3 11.612719
11.5 11.61825
11.1 11.057929
11.66225 12.239669
11.2 11.198726
11.637602 11.5634985
11.5 11.717009
11.2 11.271712
14.622879 14.269367
11.8 11.332703
11.900001 11.90865
11.463512 12.222389
10.2 10.522819
11.2 11.157091
10.70206 10.797597
11.8 11.917547
11.7 11.696595
11.5 11.556485
11.1 11.48583
11.2 11.208737
11.999998 12.008893
11.2 11.160239
11.2 11.217239
11.3 11.335286
11.7 11.698029
12.899998 12.817237
11.1 11.312363
11.2 11.32389
11.1 11.126705
11.599999 11.652327
11.321849 11.033907
11.1 10.86459
10.6 10.528035
13.500008 14.394957
11.8 11.386186
12.599997 12.148452
10.2 10.478931
11.5 11.541737
11.1 11.190568
11.1 11.13243
10.1 10.032418
11.2 11.165941
11.1 11.363109
10.40103 10.237734
11.2 11.619198
11.400001 11.52852
11.1 11.19989
10.5 10.828449
11.5 11.568573
11.1 11.183037
12.399998 12.024667
11.2 11.270643
14.200179 13.608416
11.3 11.308334
11.2 11.470306
11.2 11.180187
13.399989 12.453926
13.1 12.460228
11.5 11.559991
11.1 11.167141
14.261151 14.210006
11.3 11.274548
9.79897 9.578291
11.2 11.279372
11.8 11.557882
11.599999 11.738884
13.800057 14.440221
13.066142 12.662264
10.8 10.817859
11.400001 11.361255
11.8 11.729262
11.3 11.940111
11.1 11.163923
11.1 11.239195
10.1 9.85827
9.79897 9.5907135
11.7 11.928588
11.8 11.826941
12.058607 11.4464
11.1 11.413693
11.999998 11.998714
11.400001 11.447019
11.400001 12.092475
11.1 11.064765
11.900001 11.7223
11.599999 11.911986
11.1 11.038082
14.219187 15.101694
11.5 12.552429
11.1 11.224409
11.1 11.21533
11.599999 11.037323
11.3 11.35477
10.79897 11.035763
11.2 11.41523
11.2 11.347678
11.1 11.18985
12.299998 12.250199
11.2 11.143166
13.000009 13.080651
12.427902 12.003944
11.5 11.593171
11.1 11.127365
11.400001 11.713329
10.1 10.027586
11.3 11.090293
12.794648 12.748724
10.40103 10.427706
11.40103 11.377439
11.7 11.774344
11.2 11.391593
10.9 10.794155
11.900001 11.871658
11.3 11.508425
11.900001 12.159953
11.2 11.353821
11.2 11.497364
13.267491 13.38529
11.400001 11.38726
12.199999 12.433113
11.7 11.680379
9.79897 9.691433
11.599999 11.32553
11.1 11.1017275
11.7 11.811803
11.2 11.185321
11.5 11.557683
11.2 11.061114
11.900001 11.89048
11.2 11.4031925
11.999998 11.945865
11.5 11.579635
11.8 11.800452
11.900001 11.890808
12.899998 12.758092
10.622879 10.932929
11.999998 11.723485
11.400001 11.404198
10.622879 10.828868
11.629299 11.846976
11.2 11.197278
11.2 11.556433
11.1 11.029791
11.2 11.304993
11.1 11.163746
12.1 12.153389
11.8 11.695177
11.599999 11.984261
11.3 11.22983
12.1 12.125201
11.400001 11.403495
11.5 11.349941
11.1 11.192258
11.5 11.773456
12.299998 11.6214075
14.999629 14.257025
11.5 11.496315
11.999998 11.957667
13.1 12.482359
11.400001 11.398021
12.378189 12.442838
14.49794 13.287157
11.8 11.763371
11.999998 11.722271
11.7 11.656706
11.5 11.557787
11.1 11.135026
11.3 11.399985
15.1 14.769009
11.400001 11.47337
11.8 11.826489
11.2 11.202251
11.1 11.280576
13.122276 13.456715
11.7 12.215446
10.1 10.096838
11.1 11.100512
11.2 11.2897625
11.900001 11.946654
11.3 11.637818
14.1 14.029617
11.1 11.0513315
12.499997 12.443076
11.2 11.207547
12.899998 12.839693
11.1 11.150608
11.1 11.087391
10.923909 11.1109295
13.1 13.026854
11.7 11.756511
11.5 11.350391
11.900001 11.891374
11.3 11.456513
11.5 11.621999
11.0 10.861361
11.2 11.23825
11.2 11.369313
13.000009 12.793964
10.555932 10.207751
11.8 11.749514
11.900001 11.900287
11.1 11.476366
12.299998 12.039045
11.2 11.132682
12.1 11.2298
11.359637 10.518798
11.3 11.374637
11.1 10.934772
12.1 12.140954
13.581486 13.510213
11.2 11.200026
11.2 11.400647
11.400001 11.47798
11.900001 12.717467
14.1 14.401419
11.1 11.849913
11.1 11.213605
12.399998 12.146926
12.1 12.186048
11.2 11.496819
11.555932 11.291124
11.900001 11.770534
11.400001 11.4741535
11.400001 11.719801
11.2 11.282235
12.020819 11.71245
10.2 10.727947
11.1 11.049173
11.2 11.15777
12.699998 12.035671
11.3 11.338035
11.8 11.326255
12.367606 11.881001
10.4 10.204853
11.3 11.290258
11.1 11.188311
11.900001 11.829088
11.2 11.069443
11.2 11.339773
11.599999 12.431553
11.1 11.095907
11.8 12.10971
11.400001 11.176905
12.399998 12.229052
11.7 11.350743
11.400001 11.593429
11.5 11.53208
11.900001 11.866834
11.400001 11.4414835
10.8 11.133172
11.2 11.192885
11.8 11.79793
11.2 11.121343
10.1 10.185971
14.777781 15.135232
11.5 11.69164
11.8 11.585013
12.760172 11.2055435
10.9 11.0800085
13.999974 15.2558775
11.1 11.080221
14.622879 14.622174
11.101305 11.501762
11.1 11.003
14.400163 14.295676
10.719789 10.5963
11.400001 11.345311
11.900001 11.841148
11.1 11.089655
11.900001 12.725038
11.2 11.253351
11.7 11.604978
11.1 11.511909
11.5 11.592583
11.777781 12.468139
11.3 11.336282
11.599999 11.669876
11.599999 11.596293
12.1 11.37883
11.2 11.396503
11.5 11.535983
12.199999 12.023756
12.461511 12.6406355
11.1 11.186759
11.1 11.188097
11.1 11.08224
11.2 11.258477
11.3 11.381108
11.5 11.498953
11.900001 11.883105
11.8 11.77898
12.1 11.493421
11.599999 11.612266
11.3 11.393735
11.2 11.127228
11.7 11.727741
11.8 11.600366
11.900001 11.71706
11.5 11.490495
11.900001 11.869426
12.499997 12.350135
11.3 11.541086
11.2 11.22795
11.400001 11.371819
13.1 13.173873
11.5 11.571413
11.1 11.132026
11.5 11.553464
13.351812 13.57272
11.3 11.324503
11.1 11.148143
11.599999 11.265045
11.2 11.189633
11.3 11.350993
11.5 11.700097
11.1 11.474384
11.599999 11.642904
13.1 13.2007065
11.3 11.248106
11.1 11.148771
10.1 9.95046
14.299971 13.388676
11.3 11.317893
11.599999 11.493679
12.040815 12.073993
11.5 11.575089
10.9 11.365673
11.1 11.304603
11.999998 12.092049
10.622879 10.386962
11.1 11.236735
11.2 11.307526
11.2 11.181731
10.662469 11.134462
11.599999 11.573417
11.1 11.074053
11.400001 11.369945
11.1 11.103208
11.599999 11.609203
11.1 11.221853
14.8447275 14.194036
13.899971 13.295184
11.2 11.3525915
11.2 11.227009
13.899971 14.316845
11.1 11.023695
11.8 11.627713
11.900001 11.559156
11.5 11.6837435
11.400001 11.3618965
12.199999 11.612736
11.900001 11.877641
11.999998 12.010725
10.70206 10.241634
11.2 11.263071
12.499997 13.256913
11.2 11.215625
11.5 11.57242
13.800057 13.409163
12.051963 11.732634
11.900001 11.926497
10.1 10.035966
11.1 10.942433
12.1 11.282058
11.599999 11.535002
11.2 11.2367525
13.600039 13.928629
11.2 11.360091
14.299971 13.7689
12.899998 12.321992
11.400001 11.245253
11.1 11.148647
11.5 11.505984
12.299998 11.770019
11.999998 12.009713
11.3 11.269281
11.5 11.570853
11.8 11.900582
10.622879 11.454334
13.999974 13.73794
11.2 11.349526
11.8 11.794057
11.900001 12.088265
11.2 11.183425
11.5 11.526761
11.5 11.517659
11.599999 11.570637
11.7 11.720922
11.2 11.221996
11.2 11.196935
12.1999855 12.993277
11.1 11.14739
11.900001 11.912997
11.2 11.258263
11.3 11.388014
11.999998 11.774285
11.999998 12.28504
11.900001 11.80347
11.7 11.614002
11.2 11.219485
11.1 11.081541
12.399998 12.166768
12.499997 11.571423
11.5 10.813068
11.900001 12.131058
11.599999 11.7943535
11.400001 11.714072
12.599997 13.090503
11.900001 11.862684
11.900001 11.861624
11.1 11.184019
11.8 11.772975
11.900001 11.874319
11.900001 11.884318
14.40103 12.70155
11.3 11.38771
11.900001 11.915779
13.2704735 13.047796
11.900001 12.283624
11.2 11.247682
13.699981 13.781179
13.800057 13.509927
9.79897 9.917876
11.3 11.489628
11.5 11.827855
11.999998 12.03011
11.999998 11.536713
12.699998 12.685295
12.299998 12.550763
11.900001 11.733332
11.599999 11.899082
11.3 11.331345
12.499997 11.993635
11.400001 11.454685
11.999998 12.083108
12.499997 12.660883
11.1 11.141585
13.399989 14.039629
10.622879 10.621664
11.400001 11.397102
13.321849 13.440144
11.2 11.485038
11.2 11.291396
11.400001 11.46804
11.2 11.928656
11.3 11.562904
12.399998 13.102877
11.3 11.514159
11.1 11.148041
11.1 11.214814
13.1 11.358314
11.599999 11.603302
11.3 11.316457
11.5 12.363116
12.359637 12.221719
12.699998 13.660692
11.7 11.768213
11.1 12.05012
11.400001 11.291704
11.3 12.796273
11.5 11.785632
11.7 11.586961
11.900001 12.025399
11.900001 11.844723
11.7 11.523025
12.299998 12.53743
11.5 11.687502
14.299971 14.236549
11.400001 11.588812
11.1 11.246455
11.2 11.282281
13.1 13.340841
11.7 12.83847
12.900001 13.134957
11.3 11.482472
12.79897 11.681722
11.2 11.221003
11.900001 11.774143
13.1 12.979634
11.3 11.220188
11.900001 11.846334
11.1 11.30092
12.199999 12.244405
12.599997 11.693486
12.699998 11.844726
10.70206 10.936087
12.555932 12.539106
11.1 11.151356
11.2 11.348068
11.1 11.195038
11.2 11.21584
11.900001 12.071724
12.21351 12.034838
12.19691 11.952734
13.1 12.121282
11.5 11.762294
11.599999 11.414047
11.2 11.34355
12.599997 12.234589
11.79897 11.527568
11.900001 11.870053
11.8447275 12.332136
13.899971 13.717772
11.530626 10.894181
11.5 12.062503
11.999998 11.91836
12.128261 11.204398
11.999998 11.979158
11.900001 11.916082
11.5 11.660136
11.8 11.849399
11.40103 11.389606
11.900001 11.895759
12.199999 11.753144
12.1 12.267492
11.900001 11.760083
11.599999 11.654028
11.239147 11.394479
11.555932 11.13951
10.40103 10.403893
11.7 11.724271
11.2 11.2627945
11.5 11.97416
12.799992 12.694799
11.3 11.386438
11.2 11.165518
11.900001 11.858975
11.599999 11.412191
11.5 11.644761
11.999998 11.517998
10.145758 9.851068
12.599997 11.568368
11.400001 11.323135
11.3 11.322265
11.900001 11.850159
12.499997 12.824804
11.2 11.421033
11.599999 11.765815
11.5 11.355628
11.7 11.621634
11.400001 11.795383
11.8 11.812029
12.699998 12.245729
12.1 12.052722
11.400001 11.434495
11.2 11.109985
11.400001 11.818253
11.2 11.193089
11.5 11.583368
11.2 11.355651
11.1 11.210995
10.224938 10.195899
11.5 11.4371195
11.2 11.334302
11.8 11.511024
11.2 11.165175
11.2 11.510528
12.399998 12.756232
10.7 10.798152
11.7 11.348545
11.900001 11.93226
11.400001 12.025344
12.1 12.120657
11.8 11.759089
11.5 11.645201
11.2 11.261257
11.7 11.94978
11.900001 11.79406
11.3 11.300915
11.1 11.241669
12.899998 11.529696
11.900001 11.858116
10.2 10.410878
11.400001 11.345746
11.1 11.300295
10.4 10.208003
11.2 11.219653
11.599999 11.484355
10.1 10.612431
11.2 11.251427
10.4 10.022278
12.199999 12.52477
11.900001 11.840146
11.7 11.73057
11.1 11.321923
11.2 11.634397
11.2 11.2592325
11.2 11.352169
11.599999 11.674562
11.999998 12.021656
11.599999 11.615001
12.599997 12.302826
11.1 11.161948
11.1 11.671164
10.40103 10.299807
11.7 11.737808
11.543697 11.982072
13.299971 12.278155
11.76354 11.299379
11.400001 10.8043165
11.8 11.827464
11.1 11.186432
11.7 11.7654295
13.999974 12.230446
11.8 11.526782
11.3 11.258833
11.2 11.389484
12.19691 11.447989
12.199999 12.528952
11.900001 11.841081
13.15061 12.5525675
11.3 11.293486
11.3 11.486653
11.1 11.142831
13.1 12.712355
11.66117 11.141792
13.869806 12.610579
11.3 11.559396
11.1 11.245138
11.3 11.424897
11.599999 11.654319
14.600313 14.814489
13.020819 12.192396
11.8 11.349617
11.8 11.8020735
11.535334 11.185881
11.2 11.203327
11.599999 11.63565
11.7 11.758123
11.900001 11.677793
11.8 11.840761
11.3 11.2407675
11.1 11.557332
12.299998 11.52102
11.230768 11.600604
11.5 11.579074
11.2 11.455419
10.4 10.28189
11.8 11.97691
11.999998 11.884274
11.5 11.906097
11.599999 11.6587
14.200179 14.221634
12.499986 12.01064
12.299998 11.809116
11.7 11.53381
11.7 11.734352
11.900001 11.926747
11.3 11.352218
11.5 11.809068
11.1 11.092087
13.1 12.449529
11.400001 11.429143
11.3 11.504023
11.7 11.357763
11.2 11.177911
11.5 11.605632
14.999629 15.462206
12.499997 12.339142
11.1 11.223338
11.0 11.390741
11.1 10.789778
11.900001 11.843342
11.400001 11.33555
11.1 10.987579
12.926814 13.562147
11.2 11.268063
11.3 11.419298
10.9 11.045273
12.1 11.645599
11.1 11.208513
11.3 11.371604
11.900001 11.976513
12.1 12.249297
11.2 11.357388
11.900001 11.809339
11.5 11.838759
11.5 11.698855
11.8 11.80817
11.8 11.589665
11.7 11.644522
11.7 11.68026
11.2 11.0883045
14.058607 14.410166
11.999998 12.04071
11.2 11.506292
11.900001 11.879708
12.1 12.028667
11.8 11.73096
11.999998 12.022719
12.536519 12.385792
11.2 11.177462
11.2 11.481695
9.79897 9.737456
11.2 11.196848
9.40103 9.172537
11.560548 12.013209
10.40103 10.348605
11.7 11.746699
11.5 12.248218
11.3 11.296831
11.1 11.053939
11.2 11.349578
11.2 11.237994
10.145758 9.992801
11.3 11.328228
11.2 11.2026825
11.19691 11.011824
15.1 14.135185
11.8 11.619921
11.1 11.18791
11.3 11.27737
11.2 11.152766
11.1 11.343518
12.51862 12.097027
11.900001 12.049757
11.900001 11.958497
11.8 11.772822
11.1 11.261578
11.5 11.658268
11.3 11.536039
11.3 11.58624
11.2 11.459616
13.999974 13.477467
11.900001 11.881501
12.199999 11.962556
11.7 11.692835
10.8 11.028752
11.400001 11.408667
12.1 11.463196
11.900001 11.856642
11.599999 11.893619
11.944213 11.608198
11.2 11.453257
11.3 11.373043
12.759379 12.034815
11.145758 11.4972
11.2 11.473305
11.599999 11.650044
13.500008 12.732103
11.599999 11.56377
11.2 11.251581
11.900001 11.873706
11.599999 11.895443
11.3 11.296453
12.199999 12.021731
11.900001 12.12524
11.2 11.306256
11.8 11.634429
12.699998 12.202548
10.70206 10.485138
11.8 11.594732
10.3 10.548065
11.599999 11.790343
11.375724 10.897248
11.900001 11.932469
11.2 12.084612
11.1 11.043812
11.3 11.196214
11.1 11.205166
13.299971 12.877313
11.900001 11.68994
11.1 11.177286
11.2 11.299989
12.799992 12.059639
11.900001 11.952351
11.2 11.196725
11.1 10.983417
11.8 11.799372
11.1 11.184522
11.599999 11.815506
11.2 11.41616
11.2 11.273579
11.1 11.662047
11.2 11.169765
11.400001 11.61138
10.122276 9.942891
11.1 11.139814
13.999974 13.079498
11.900001 11.762681
11.900001 11.889837
11.900001 11.517586
11.900001 11.652415
10.9 10.813249
11.599999 11.375459
11.3 11.421097
13.600039 13.761286
11.2 11.574178
11.2 11.181465
11.5 11.558243
11.8 11.724529
11.2 11.219207
11.900001 12.046556
12.499997 11.898929
9.79897 9.494835
11.400001 11.383773
11.2 11.224804
12.299998 12.206199
11.900001 11.855844
11.999998 11.5329
11.2 11.1114025
11.1 11.065563
11.8 11.787202
11.900001 11.844078
11.7 11.675713
13.050004 13.559345
10.901343 10.81908
13.899971 12.809387
10.830955 10.613554
11.999998 11.817788
11.900001 11.86558
11.2 11.551618
11.3 11.365315
13.1 12.384014
11.1 11.05711
11.175305 11.261597
11.1 11.044596
11.8 12.792696
14.700326 14.805981
11.900001 12.454918
11.1 11.391222
11.400001 11.475523
12.1 11.659129
11.2 11.338912
11.599999 11.559827
12.1 12.581904
11.900001 11.363131
11.7 11.172777
10.6 10.945303
11.5 11.603019
11.5 11.550522
11.8 11.8172
11.118106 11.14776
12.299998 11.721707
11.7 11.71134
11.3 11.40383
11.599999 11.2223425
11.1 11.613224
11.1 11.096592
13.699981 13.441161
13.622879 13.600363
13.299971 13.755326
11.1 11.121043
11.400001 11.187774
10.622879 10.453763
11.8 11.858355
11.1 11.119642
11.599999 11.646638
11.1 10.893898
12.899998 12.86575
11.2 11.090002
11.900001 11.8540945
11.7 11.6402
10.70206 10.764224
11.7 12.005504
11.5 11.544477
11.5 11.656926
11.400001 12.128466
11.400001 11.433223
12.40103 11.948245
14.065731 15.340065
11.1 11.129294
11.7 11.806976
11.8 11.801622
11.7 11.717565
11.5 11.621542
11.3 11.576328
11.7 11.774291
11.45 11.603396
11.574222 11.478484
11.3 11.264368
11.400001 11.455044
11.2 11.153421
11.2 11.324167
11.900001 11.879611
11.2 11.177591
11.5 11.567287
11.2 11.322386
11.367606 10.762273
11.1 11.368958
11.1 11.282939
11.8 11.801388
11.999998 11.997294
11.599999 11.567443
11.2 11.173693
11.2 11.21272
11.999998 11.557927
12.299998 12.369291
10.1 9.997843
11.599999 11.565984
11.5 11.835827
12.699998 12.799059
11.2 11.093608
11.8 11.755888
10.40103 10.363429
11.2 11.237085
11.2 11.307968
11.900001 11.925826
11.2 11.093829
11.900001 11.898484
11.7 11.835112
12.599997 12.42143
11.999998 11.904019
11.2 11.181643
10.321849 10.420646
13.000009 13.2935295
11.2 11.164614
11.8 11.78795
11.599999 11.835532
11.8 11.790419
11.1 11.060675
11.1 11.125542
11.2 11.212746
11.2 11.1661215
10.1 9.834988
11.1 11.090198
11.1 11.143807
11.1 11.060527
11.7 11.792519
13.1 12.393296
11.599999 11.370305
12.899998 13.92799
11.8 11.618691
12.599997 12.667918
11.5 11.52396
11.7 11.727266
11.5 11.42631
11.5 11.484488
10.70206 10.832702
11.900001 11.868837
11.2 11.253835
11.2 11.193735
11.2 11.348861
12.699998 11.692511
11.2 11.689719
11.599999 11.375729
11.400001 11.493318
12.399998 12.430519
11.900001 11.837539
11.900001 11.875571
11.7 11.637221
11.2 11.308543
11.3 11.521518
13.399989 13.042629
11.2 11.285734
11.7 11.499944
11.2 11.396186
13.200015 12.563063
14.09948 13.226252
12.199999 12.492903
11.1 11.229048
11.400001 11.4074335
11.2 11.237678
10.40103 10.23007
13.800057 13.681216
11.400001 11.288523
12.140959 11.283333
11.2 11.33946
11.890485 12.523145
11.1 11.155262
11.5 11.620565
11.599999 11.602051
11.1 11.190865
11.7 11.756732
11.5 11.71502
11.599999 11.926433
11.599999 11.60638
11.400001 11.364081
11.1 11.860461
11.5 11.639412
11.900001 11.831885
13.046922 12.085556
11.7 11.719189
11.3 11.401532
11.1 11.364718
11.2 11.359024
13.1 12.71377
14.79897 14.531054
10.8 10.768742
11.202373 12.161838
11.900001 11.850767
11.1 11.386185
11.599999 12.388235
11.7 11.950367
12.199999 12.043632
11.108774 11.240972
12.399998 12.15939
11.3 11.4295225
11.2 11.265957
11.400001 11.505646
10.3 10.968319
13.1 12.431681
11.400001 11.949639
11.799998 12.318115
13.600039 13.253592
10.79897 10.467565
11.2 11.194955
11.2 11.256628
11.1 11.213646
11.900001 11.790255
11.1 11.110427
11.5 11.508157
11.869551 11.027104
12.399998 11.815228
11.400001 11.341275
13.854961 10.553319
12.699998 12.831781
12.499997 12.487785
11.1 11.138115
12.499997 11.874334
10.608639 12.5994835
11.1 11.350689
11.3 11.276398
11.5 12.306026
13.409804 12.993468
11.2 11.165454
11.900001 11.926754
11.599999 11.650488
11.3 11.883628
11.8 11.705537
11.140959 11.914086
12.1 12.084841
11.2 11.20377
11.900001 11.667352
12.1 11.80163
11.2 11.13352
14.280456 14.537697
11.900001 11.8715
10.2 10.346849
11.3 11.375145
11.1 11.148603
11.3 11.334645
11.5 11.78836
11.599999 11.6135645
11.3 11.687057
11.599999 11.3114
11.8 11.742412
11.900001 11.903198
10.5 10.45956
11.2 11.069386
11.5 11.530127
12.199999 12.423395
11.2 11.190912
11.900001 11.933594
11.3 11.807799
11.7 11.724462
11.5 11.645965
14.999629 15.22215
11.400001 11.291766
11.3 11.399089
10.40103 10.202822
11.5 11.447872
12.199999 12.139686
11.8 11.780304
9.79897 9.585782
11.400001 11.3263645
11.8 11.791964
11.3 11.271617
11.106614 11.15236
11.3 11.691494
11.999998 11.562116
11.599999 12.319119
13.299971 12.331528
13.29382 13.3810625
12.1 11.483522
11.999998 12.086236
11.2 11.154673
11.8 11.924767
11.400001 10.880633
11.1 11.126703
11.40103 11.198571
11.999998 12.276563
11.5 11.536643
11.8 11.830019
11.400001 11.515803
11.599999 12.570647
11.8 11.790509
11.1 11.056255
11.8 11.792822
11.900001 11.877613
10.1 10.743313
11.900001 11.698889
10.1 9.763983
12.899998 12.789377
11.8 11.813051
11.900001 11.835172
11.8 11.782719
13.409804 13.210136
11.2 11.1878
11.7 11.687272
13.999974 12.97314
11.2 11.266694
12.690067 13.211441
13.47675 13.564703
11.599999 11.630319
13.800057 13.703794
13.999974 12.759474
10.4 10.637462
11.599999 11.79097
12.699998 11.880162
11.5 11.571861
11.1 11.611371
11.1 11.440171
11.900001 11.884877
11.599999 11.820297
11.8 11.748596
11.2 11.273869
11.1 11.129658
11.400001 11.466792
11.900001 11.866446
11.999998 12.023535
11.5 11.532322
11.5 11.666679
10.40103 10.304557
11.999998 11.6564865
11.900001 11.638489
11.1 11.067426
11.2 11.245901
12.299998 12.263008
11.3 11.451213
11.1 11.134551
11.5 11.752977
12.799992 12.117682
11.1 11.073774
12.633132 11.51582
11.8 11.726371
13.600039 14.3875675
11.1 11.074454
14.145758 14.393482
14.200179 14.206882
11.1 11.745653
11.3 11.316378
11.2 11.22727
11.7 11.873088
12.699998 12.028292
10.70206 10.646063
14.1 12.339391
11.2 11.334578
12.1 11.777836
13.500008 14.348432
11.5 11.725935
11.5 11.537439
11.2 11.721979
11.2 11.381467
10.70206 10.644831
11.2 11.65171
13.299971 13.371317
11.2 11.382202
11.7 11.678213
9.79897 9.454242
11.7 11.466897
11.900001 11.6893015
12.799992 12.69529
11.400001 11.871017
11.1 11.09031
11.2 11.239445
11.5 11.601814
11.900001 11.870627
10.40103 10.215052
11.1 11.116571
11.5 11.533689
11.3 11.847734
11.8 11.858247
11.5 11.540527
11.1 11.215888
10.986056 10.557898
12.199999 13.419331
11.3 11.373313
11.79897 11.686408
11.8 12.225092
11.8 10.664546
11.5 11.404458
10.738272 10.621594
11.2 11.129876
11.2 11.2241125
11.738272 11.762069
13.399989 12.27546
12.1 11.993863
11.3 11.411082
14.200179 13.453384
11.1 11.161392
12.1 11.988068
12.919643 12.886306
11.2 11.339485
12.599997 11.772527
13.299971 13.119767
11.1 11.13776
14.652842 15.299346
11.1 11.19196
11.8 11.788137
11.3 11.36194
11.900001 11.487613
11.8 11.927129
11.2 11.285849
11.8 11.750378
11.900001 11.751981
11.900001 11.816101
11.8 12.094656
11.7 11.7097
11.2 11.185707
13.500008 13.04479
11.599999 11.703521
11.585452 12.410981
12.299998 11.653289
10.8 11.414094
11.8 12.013022
11.900001 11.881778
11.3 11.452634
11.719789 11.7161045
11.5 11.535999
11.900001 11.894657
11.8 11.801665
11.2 11.667382
13.299971 12.591933
11.1 11.339155
11.2 11.382322
11.400001 11.531308
11.400001 11.547905
11.400001 11.282828
11.3 11.515968
12.699998 11.834182
14.49794 15.171041
11.1 11.184957
11.900001 11.888937
11.999998 11.797291
11.3 11.319163
11.2 11.392513
12.1 12.164927
11.5 11.574629
11.1 11.245341
11.8 11.532648
11.900001 12.467184
12.399998 11.931812
11.900001 11.794003
11.999998 11.773683
11.2 11.249333
13.699981 13.083062
11.1 11.099843
11.400001 11.390648
12.699998 12.901773
11.2 11.289621
13.899971 14.339188
11.7 12.32309
11.900001 11.870175
11.999998 11.844696
10.70206 11.740208
11.2 11.224
11.400001 11.426068
12.599997 11.930103
11.5 11.587203
11.900001 11.909215
11.400001 11.65599
11.7 11.708715
11.1 11.321065
13.1 12.93867
11.900001 11.502585
11.400001 11.441604
11.400001 11.432542
10.1 9.867142
11.400001 11.377733
11.2 11.135322
12.02263 12.740739
11.2 11.274372
12.499997 12.491087
12.199999 11.500767
11.2 10.993385
13.800057 13.915174
11.3 11.266965
11.3 11.315253
10.1 11.41291
13.299971 13.429984
10.3 11.86713
14.299971 11.883751
11.1 11.317045
11.900001 12.073483
11.2 11.549172
11.1 11.184711
11.599999 11.6540575
11.212469 11.150198
13.699981 13.657655
11.400001 11.2722645
11.180922 11.203587
10.622879 10.685088
12.499997 12.867741
10.70206 10.501695
12.599997 13.051601
12.299998 12.558266
11.599999 11.497228
11.5 11.572631
11.999998 11.855373
11.900001 11.91525
10.700015 10.900548
14.901343 11.890796
11.1 11.150392
10.2 10.31983
11.685027 11.373142
11.5 11.59762
11.2 11.841754
11.2 11.307638
9.79897 9.959102
11.8 11.770728
11.7 11.721293
11.2 11.368202
11.900001 11.895076
13.1 12.751676
11.7 11.668875
11.3 11.359528
12.799992 13.019724
12.299998 11.693629
11.900001 11.340278
12.799992 12.452897
11.2 11.489981
11.1 11.220547
11.599999 11.467019
11.1 11.220664
11.900001 11.905482
12.299998 12.277913
11.3 11.314606
11.7 11.697261
11.7 11.696132
14.986056 14.358154
11.599999 11.521423
11.5 11.907356
11.7 11.683992
11.7 11.8614
11.3 11.363804
10.5 10.814665
11.1 11.219457
11.7 11.754087
11.999998 11.995013
11.2 11.476121
11.8 11.809284
11.400001 11.475942
11.1 11.657891
15.200179 14.657259
11.900001 11.83508
11.1 11.142614
11.999998 11.98325
11.2 11.454051
11.400001 11.714295
11.3 11.262843
11.3 11.265939
11.2 11.183133
11.2 11.930985
12.799992 11.719479
13.899971 13.145529
13.399989 13.368202
10.2 10.993975
11.5 11.539201
11.400001 11.468928
11.2 11.311708
11.400001 11.373077
13.1 13.136224
11.3 11.478927
11.900001 12.220288
10.5 10.886348
14.622879 11.937611
11.2 11.410659
11.5 11.848585
10.6 10.677868
11.1 11.08246
11.7 11.81129
12.499997 11.813284
11.1 11.137287
11.5 11.638007
11.1 11.179525
11.900001 11.855397
11.2 11.409407
11.5 11.35905
12.299998 11.668784
12.199999 11.559092
11.3 11.415899
11.3 11.431627
11.599999 11.624991
11.7 11.291813
14.40103 14.110565
11.2 11.211438
11.5 11.539044
12.399998 13.182455
11.400001 11.526845
10.70206 10.775157
11.2 11.246496
11.7 11.527572
12.418758 11.435927
11.900001 11.90533
11.2 11.3305
11.5 11.157314
11.999998 11.981199
11.1 11.231652
11.7 11.86812
12.299998 12.329024
10.622879 10.846803
11.1 11.196282
12.1 11.695373
10.753647 12.494204
11.3 11.4246025
12.699998 13.901294
12.281115 11.369913
11.2 12.54116
11.1 11.523922
11.999998 11.826201
11.3 11.48711
13.000009 11.867842
11.2 11.248499
11.5 11.525329
13.200015 11.878452
11.3 11.375722
11.3 11.602137
11.1 11.207179
11.1 11.349906
12.399998 12.106294
11.3 11.20171
11.999998 11.750301
11.1 11.043112
11.2 11.283437
10.520216 10.838524
11.3 11.206547
12.299998 12.384154
11.400001 11.357335
10.078811 9.8419285
12.499997 12.342015
11.599999 11.60187
11.900001 12.384279
11.999998 11.632564
11.3 11.8297615
11.900001 11.80955
11.999998 11.914717
11.5 11.7906475
11.8 12.402186
11.599999 11.781832
11.2 11.237495
12.499997 12.994272
11.1 10.847148
11.49794 11.930827
12.637602 12.299266
11.3 11.383589
11.1 11.204964
12.668636 12.718069
11.5 11.453717
12.799992 12.547192
11.400001 11.488702
11.3 11.790741
10.40103 10.417149
11.2 11.214895
11.986056 11.440875
11.1 11.202312
11.1 11.191457
12.719789 13.024563
11.2 11.258403
11.1 11.242776
11.5 11.070211
12.599997 12.681361
11.599999 11.297563
11.2 11.265516
11.1 10.994466
12.299998 12.6785755
10.516801 10.946206
11.2 11.273833
11.5 11.35696
11.8 11.412311
12.699998 12.540239
11.599999 11.374587
11.900001 11.958557
11.2 11.317413
11.1 11.491583
12.299998 11.408507
11.1 11.206856
12.399998 11.318134
11.8 11.917553
11.5 11.555116
13.000009 11.903032
11.1 11.354542
14.901343 14.434838
11.8 11.745069
14.113228 11.212678
11.1 11.015806
10.79897 11.262829
13.986056 13.512276
11.1 11.345629
11.599999 11.693656
11.5 11.674903
11.1 11.077893
11.400001 11.806177
11.8 12.171917
10.1 11.392149
11.400001 11.425497
10.719789 10.475128
12.199999 11.677447
11.999998 11.955882
11.5 11.631919
12.499997 12.042248
11.999998 11.897779
11.1 11.362882
11.900001 11.849158
11.1 11.115941
11.3 11.302058
11.400001 11.839692
10.40103 10.237446
11.869551 11.169167
12.224938 12.671349
11.900001 11.875982
14.4000435 14.941909
11.1 11.118988
11.140959 11.85212
11.900001 11.949607
12.199999 11.948689
11.1 11.191955
11.7 11.457467
11.2 11.238013
11.2 11.243504
11.5 11.060982
11.400001 11.440182
10.5685215 10.374386
11.400001 11.833131
11.5 11.687121
11.5 11.7004385
11.599999 11.205426
11.5 11.535133
10.49794 10.152984
11.1 11.02411
11.900001 11.897995
11.900001 12.235928
11.900001 11.896268
11.599999 11.619799
11.900001 11.861951
11.8 11.87487
11.1 11.119519
13.777781 13.658116
11.2 11.260958
11.7 11.898559
11.2 11.212118
11.710109 11.890971
11.2 11.181624
11.1 11.210469
11.1 11.79267
10.622879 10.668291
14.600313 14.403553
11.900001 11.862995
11.2 11.8594265
11.3 11.404595
11.7 11.794291
12.399998 12.289173
11.2 11.232065
11.900001 12.052277
12.199999 12.263211
10.2 10.21604
12.199999 11.818106
11.1 11.231128
11.999998 11.831795
11.2 10.813008
11.2 11.171786
11.3 11.494469
13.299971 13.14516
11.5 11.635069
11.1 11.642302
11.7 12.252558
12.399998 12.466657
11.400001 11.363825
10.1 11.53268
12.515898 11.517319
12.599997 12.791689
13.000009 13.159202
11.1 11.055122
10.70206 10.641108
11.479343 12.295063
11.999998 11.384255
11.900001 11.856279
11.900001 11.844169
11.5 11.327262
11.599999 11.59956
11.1 11.204226
12.399998 11.598334
11.599999 11.80926
11.400001 11.786961
11.7 11.648093
11.599999 12.025183
11.19691 11.074894
11.8 11.804101
11.2 11.106761
11.191515 11.4127865
13.699981 13.662178
10.622879 10.763807
10.1 9.925495
11.3 11.879637
11.1 11.558454
11.7 11.598056
11.3 11.286782
12.299998 11.950209
11.900001 11.834978
11.8 11.798314
11.2 11.387034
9.70206 9.373586
11.900001 12.0864525
11.599999 11.784601
12.1 12.09506
11.900001 12.471909
11.1 11.115441
11.3 11.189914
13.1 13.028251
12.199999 12.113839
11.999998 11.687721
11.8 11.924915
11.5 11.9753895
12.499997 12.786818
11.7 11.724006
11.900001 12.267545
11.2 11.243465
11.5 11.501877
11.8 11.815764
12.299998 12.257612
11.999998 11.889337
11.599999 11.484926
11.900001 11.84532
10.6 11.021917
10.70206 10.868944
11.400001 11.32915
11.5 11.752301
11.3 11.371566
11.2 11.252595
13.1 13.030416
10.857208 11.269638
12.199999 12.166891
11.999998 12.265198
11.599999 11.567703
11.8 11.798307
12.299998 12.493585
11.51454 11.463422
12.899998 13.498723
11.5 11.342258
13.500008 13.462538
11.1 10.974855
11.2 11.206832
11.3 11.480661
11.7 11.69857
11.1 11.028755
11.2 11.273123
12.899998 11.862082
11.7 11.882689
13.000009 12.533808
11.2 11.289521
11.5 11.470602
11.599999 11.390015
12.199999 12.270955
11.686266 11.695153
11.2 11.496135
12.1 12.261741
11.5 11.524276
13.200015 12.53072
11.599999 11.591198
11.923909 11.973898
11.2 11.2000885
11.599999 11.648087
13.242667 11.163694
11.3 11.359284
11.900001 11.917655
11.1 11.329166
11.2 11.242413
11.7 11.559943
11.1 11.265933
11.2 11.06587
11.5 11.560729
11.400001 11.471554
12.699998 12.040242
11.1 11.065069
11.1 11.099719
12.199999 11.973403
11.2 11.230349
11.999998 11.776063
12.1 11.93169
11.3 11.358289
11.8 11.710737
11.400001 11.406512
11.7 11.86334
12.199999 12.29741
11.900001 12.000476
12.299998 12.196007
12.199999 13.34984
11.999998 11.976511
11.599999 11.503841
11.5 11.063145
11.1 11.087887
11.3 11.198725
11.5 11.779637
11.300659 11.581791
11.7 11.743495
11.5 11.569186
11.900001 11.849253
11.2 11.282511
12.19691 11.95916
11.7 11.716907
11.999998 12.031576
11.7 11.531172
10.627244 11.865523
11.3 11.3636465
11.400001 11.405441
11.2 11.208185
11.1 11.193456
11.599999 11.876408
11.999998 11.928929
11.7 11.731544
11.599999 11.667674
11.389741 11.658006
11.900001 11.826055
11.599999 11.334841
11.7 11.605036
11.999998 12.030544
12.1 11.886651
12.299998 12.526164
11.900001 11.860005
11.7 11.729785
11.70103 11.654246
11.1 11.1468935
13.821246 12.302235
11.5 11.598466
11.900001 11.936525
11.900001 11.660115
13.1 12.478994
11.5 11.561538
11.599999 11.894964
11.3 11.206547
11.1 11.176002
11.3 10.847468
12.299998 11.909483
11.400001 11.234347
11.1 11.289997
11.8 11.783307
11.8 12.01594
11.8 11.86205
11.2 11.289708
12.199999 11.929711
11.5 11.689225
13.000009 13.029134
11.2 11.482566
12.499997 12.147369
10.443902 10.850609
12.40103 12.7812195
12.499997 11.7936945
10.622879 10.760007
11.5 11.699214
10.7 10.955639
11.8 11.938872
11.8 11.786059
11.599999 11.804215
11.900001 11.791647
11.7 11.995578
11.7 11.81136
10.608639 10.488119
11.900001 11.86709
11.400001 11.56664
11.953872 11.787722
11.1 10.996655
11.400001 11.460419
11.1 11.054782
11.336572 11.327958
12.899998 13.157436
11.2 11.448082
11.2 11.513231
13.000009 13.280517
11.900001 11.94805
13.1 12.690032
12.1 12.437511
11.2 11.239077
11.999998 12.075196
9.40103 9.1363125
11.3 11.305111
12.1 11.679942
12.799992 13.692993
11.2 11.160854
11.7 11.747787
11.1 11.209529
11.599999 11.372394
11.1 11.205249
11.5 11.820794
11.8 11.905727
11.7 11.674714
11.1 11.179182
11.3 11.417069
11.5 11.510113
11.1 11.1462555
11.1 11.3949175
11.2 11.325953
11.2 11.289118
11.3 11.2529545
11.1 11.123639
11.8 12.016944
11.2 11.316034
11.8 11.7403345
13.49794 13.623539
11.900001 11.887067
11.2 10.927052
10.652842 10.551116
13.800057 13.92732
15.180922 15.353622
11.400001 11.669392
11.900001 11.588064
11.1 11.276041
11.5 11.504971
11.900001 11.958721
9.978481 9.717598
11.2 11.412421
12.420572 12.129128
11.2869625 11.235439
11.5 12.521872
11.5 11.495804
11.5 11.592487
11.3 11.176002
11.5 11.592
10.1 10.189116
12.799992 12.432738
11.999998 11.993892
11.900001 11.932625
11.5 11.6914
11.1 11.816886
12.799992 12.344626
13.000009 12.465108
11.8 11.824657
12.112214 11.643453
14.757577 14.600355
12.199999 11.943903
11.8 11.77901
13.79897 12.513824
12.399998 11.351253
11.2 11.189126
10.3 10.310168
11.900001 11.714947
11.1 11.160758
12.599997 11.287807
11.2 11.458417
11.49794 11.354887
12.583288 13.463734
12.953872 13.074766
14.145758 14.39835
11.2 11.250455
11.1 11.154415
11.7 11.702424
12.499997 12.53049
11.1 11.282839
11.2 11.180532
11.2 11.264685
11.400001 11.178822
11.2 11.142793
11.7 12.323428
11.999998 11.697262
11.1 11.19448
12.599997 11.857044
11.7 11.70804
11.207906 10.65319
11.1 11.236809
11.900001 11.770641
11.599999 11.403927
11.3 11.388439
11.2 11.270334
11.7 11.8825035
11.8 11.697265
14.200179 11.981674
11.2 11.2230835
11.2 11.244924
11.400001 11.7256155
11.1 11.049383
11.2 11.027538
11.2 11.265293
11.7 12.09919
11.2 11.312739
11.5 11.5649395
11.900001 11.933128
13.200015 12.56214
11.520216 11.414062
11.400001 11.402988
11.7 12.10799
11.2 10.977569
13.000009 12.097667
11.2 12.095367
11.8 11.782688
11.2 11.65712
12.799992 13.127275
11.8 11.7401905
11.599999 11.755422
10.1 10.263811
11.2 11.25928
11.1 11.10122
10.89588 10.984557
11.400001 11.352233
11.400001 11.448063
11.1 11.203342
10.321849 11.5846815
11.5 10.9037895
11.1 11.51204
12.599997 11.736901
11.1 11.132173
11.5 11.472112
13.000009 11.786265
11.999998 11.756099
10.70206 10.671544
11.1 11.121116
11.8 11.856952
11.7 11.693179
11.1 11.07185
12.1 11.840423
15.1 13.885201
11.7 11.471588
11.1 11.211811
14.19691 13.660084
11.115759 11.139868
13.685027 13.315209
11.2 11.454312
11.40103 11.687528
11.999998 11.813019
11.854487 11.752995
11.1 11.16481
11.999998 11.992922
11.986056 12.619228
11.3 11.269594
11.2 11.203831
11.400001 11.342353
11.1 11.195908
11.900001 11.918076
11.5 11.4168825
11.2 11.076561
12.19691 12.1129265
11.309011 11.323985
11.8 11.7898445
11.599999 11.530663
11.999998 11.648211
11.198455 11.240171
9.79897 9.395235
11.5 11.887557
11.900001 11.812639
11.2 11.050964
12.599997 13.043489
11.3 11.545198
11.1 11.120062
11.2 11.307118
11.18351 11.367698
11.3 11.313093
13.399989 13.252142
11.70103 11.71267
11.5 11.735453
10.2 10.02553
12.399998 13.824001
12.499997 12.672105
12.399998 12.296877
11.3 11.313765
12.299998 12.354428
11.7 11.751528
11.8 11.793345
10.40103 11.550664
11.400001 11.425195
13.299971 13.430783
11.5 11.311254
13.399989 13.432437
11.1 11.072196
11.1 11.455489
11.2 11.384612
14.1 13.673539
11.400001 11.478418
11.599999 11.660664
12.1 11.145656
11.999998 11.835284
12.499997 12.492244
11.40103 11.119282
11.7 11.641882
12.299998 11.62675
11.900001 11.961136
11.2 11.23513
11.2 11.161066
11.2 11.319962
11.900001 11.827471
12.199999 12.222209
12.1 11.775656
11.900001 11.992046
11.900001 12.245019
11.2 11.187653
11.2 11.17138
11.2 11.039254
11.19691 11.197703
11.1 11.427476
13.699981 13.774613
10.49794 10.099342
10.4 10.550097
11.2 11.216246
11.3 11.601509
11.2 11.285321
11.7 11.7786665
11.2 11.310433
11.8 11.840204
14.47675 11.958137
11.8 11.70795
11.7 11.833961
11.7 11.61647
11.1 11.291103
11.8 12.304374
9.79897 9.583075
11.7 11.535874
11.999998 11.924387
11.900001 11.771006
12.599997 12.618937
11.1 11.145013
11.900001 11.875316
12.399998 11.875176
13.1 12.558
10.4 10.2759495
11.400001 11.311312
12.399998 12.192736
11.3 11.219301
11.7 11.808676
11.599999 11.639439
11.8 11.647067
11.599999 11.650881
10.4 10.697027
10.70206 10.815742
11.175305 11.249844
11.900001 12.127329
14.600313 14.054978
11.2 11.351335
11.1 11.511165
11.400001 11.431883
11.3 11.302181
11.1 11.705313
10.095678 9.912016
11.8 11.959392
11.900001 11.898323
11.400001 11.238888
11.8 11.777903
11.2 11.204375
13.399989 12.018721
11.3 11.336454
10.49794 10.412853
11.1 11.161584
11.3 11.580976
11.8 11.90916
11.3 11.861799
11.900001 11.803306
12.699998 12.217771
11.1 11.126382
11.599999 11.698329
12.199999 12.538826
13.600039 11.65874
11.2 11.215218
12.599997 11.624989
11.999998 11.751269
10.1 11.101807
11.2 11.364191
11.400001 11.417702
11.900001 11.573642
11.400001 11.485809
11.5 11.585384
11.3 11.354729
12.7038 11.52885
11.3 11.347425
11.1 11.139255
13.299971 13.846718
11.8 11.778094
11.1 11.157329
11.1 11.129193
11.3 11.332755
11.2 11.281333
11.900001 11.90512
11.400001 11.559103
11.2 11.184948
12.299998 12.453945
11.1 11.37169
11.900001 11.825111
11.8 11.737425
11.2 11.215749
11.2 11.261317
11.622879 11.634233
11.2 11.221695
11.599999 12.249568
13.70206 14.83069
11.5 12.308591
12.418758 12.594463
11.599999 11.981442
11.2 11.2410345
13.953872 13.5441675
11.3 11.609007
11.400001 11.42138
11.900001 11.85841
11.1 11.138325
12.499997 11.304342
11.1 11.209238
11.999998 11.778168
11.900001 12.444543
11.1 11.113655
11.900001 11.830161
12.191515 11.959498
14.1 13.698105
11.5 11.595561
12.799992 11.973936
14.254902 13.545408
11.400001 11.431307
11.400001 11.594273
12.856081 12.186407
12.399998 12.118053
11.3 11.880572
10.70206 11.052979
11.254902 11.114703
11.3 11.243995
11.400001 11.280654
13.2870865 12.812584
11.900001 12.612682
11.1 11.29723
11.3 11.311754
12.699998 11.322653
12.1 11.793263
12.599997 12.334597
11.5 11.861833
13.000009 13.94799
12.499997 13.027971
11.3 12.32065
10.9 10.657606
10.1 10.487312
11.2 11.004627
11.8 11.775434
11.671333 12.092777
12.70206 13.113932
11.900001 12.091961
11.1 11.006712
11.400001 11.391497
12.699998 13.343548
11.8 11.654954
13.508935 12.08622
13.500008 13.569875
11.400001 11.689078
11.5 11.481347
13.699981 13.654573
11.400001 11.425284
11.8 11.614113
11.1 11.144446
11.900001 11.8819895
11.2 11.196967
12.1 12.311808
11.2 11.245887
11.8 12.065362
14.999629 14.227875
12.29382 12.405394
12.499997 12.079163
11.3 11.400635
11.1 10.960724
11.599999 11.625391
9.79897 9.623184
11.2 11.485525
11.7 11.616377
11.900001 12.061498
11.3 11.5377865
11.1 11.22121
12.155518 12.673191
11.999998 13.105942
11.400001 11.27237
11.2 11.3400135
14.79897 13.17255
11.599999 11.530886
11.5 11.501868
14.200179 13.020351
12.399998 12.866232
11.3 11.292395
12.499997 12.256723
11.999998 11.900234
11.999998 11.818382
10.1 10.293044
12.899998 12.625315
11.999998 11.8859005
11.400001 11.473929
11.400001 11.885506
11.7 11.842763
10.5 11.240421
13.000009 13.233592
11.3 11.42221
11.900001 11.858013
12.199999 11.456737
11.8 11.755958
11.900001 11.890964
13.800057 12.998076
10.1 9.9937105
11.8 11.769693
11.999998 11.938067
10.1 9.9982395
11.7 11.831002
11.1 11.00336
11.1 11.313743
12.699998 11.580332
11.999998 11.898898
11.999998 11.190047
11.5 11.744514
11.3 11.800793
11.2 11.264402
11.400001 11.269806
10.321849 10.299455
11.3 11.421869
13.000009 13.488659
11.599999 11.6008625
12.15 12.0577135
9.905 10.366568
13.499203 13.211072
12.685027 11.688316
11.1 10.877741
11.2 11.218233
11.400001 11.617827
14.500117 12.672618
11.1 11.041008
12.15061 11.496244
11.999998 11.89258
13.180922 13.384999
11.5 11.5690155
11.999998 12.194169
10.40103 10.48146
12.00309 11.8196335
11.872113 12.410728
12.299998 12.7315035
11.5 11.566009
11.5 11.496068
11.2 11.221761
11.2 11.404714
11.3 11.323695
11.8 11.837894
12.1 12.018728
14.200179 14.557556
11.2 11.277536
11.3 11.344758
11.2 11.277526
11.2 11.176553
11.2 11.180156
11.1 11.215318
11.599999 11.727955
11.2 11.898846
11.2 11.325794
11.7 11.725641
13.299971 11.86805
11.3 11.385374
11.3 11.199189
11.1 11.204141
12.608639 12.7244215
11.400001 11.415178
11.900001 11.854253
11.5 11.816633
11.900001 11.880356
11.2 11.4514
11.196367 10.33067
11.400001 11.390847
10.40103 11.320377
11.5 11.523729
11.329885 10.474215
11.3 11.385425
11.2 11.272478
11.400001 11.329365
11.2 11.324869
11.343923 11.592965
11.2 11.371763
11.2 11.342486
11.5 11.372874
11.1 11.618693
10.8447275 10.971122
13.500008 12.129642
11.70206 11.442884
11.1 11.164501
11.8 11.810961
11.2 11.208614
11.400001 11.398135
11.599999 11.582352
11.999998 11.7977295
11.5 11.493799
11.2 11.216754
11.7 11.822763
11.5 11.684146
11.8 12.351039
11.1 10.688021
11.1 11.222794
11.3 11.513223
11.1 11.261747
12.299998 11.779493
11.2 11.1970215
11.2 11.642902
13.899971 13.588177
11.900001 11.875102
11.1 11.126434
11.2 11.269418
11.900001 11.917257
11.2 11.027169
11.1 11.372563
11.5 11.64026
12.1 11.883627
11.599999 11.671344
11.999998 12.717557
12.299998 11.880663
11.5 11.75068
11.2 11.454499
11.2 11.316143
11.1 11.255187
11.2 11.19633
11.5 11.580555
11.900001 11.8653345
11.599999 11.620357
11.900001 12.587902
11.900001 12.438822
11.8 11.761591
11.7 11.458537
11.7 11.76737
11.900001 11.900777
11.2 11.385467
11.7 11.2954
11.020819 11.134159
11.2 11.314815
11.900001 11.945646
11.8 11.760514
11.020819 10.98761
9.79897 9.607232
11.1 11.26661
11.2 11.385518
13.000009 13.382498
11.900001 12.035801
11.1 11.3359165
11.8 11.864978
11.1 11.419288
11.900001 11.892643
10.1 10.365109
10.8 11.124585
12.199999 12.018864
11.5 11.541995
11.3 11.427084
11.400001 11.387849
11.1 11.033527
11.3 11.162653
9.79897 9.565653
12.531798 10.638479
11.400001 11.500033
11.599999 11.62605
11.1 11.614526
13.999974 13.294158
11.900001 11.665412
12.299998 11.922097
11.2 11.225545
12.1 11.925402
11.8 11.941268
12.199999 12.127844
11.1 10.97517
11.5 11.320196
11.599999 11.624926
11.5 11.308965
11.8 11.855721
12.899998 12.905983
12.899998 11.872058
11.3 11.2591715
10.1 10.351227
11.2 11.17678
13.000009 12.301611
11.5 11.703694
11.5 12.127045
12.299998 12.425505
10.40103 11.182057
12.40643 11.586672
11.1 11.160535
11.7 11.551765
11.999998 11.544537
11.900001 11.674222
14.847425 14.081887
11.400001 11.641546
11.999998 12.095459
11.2 11.164035
11.1 11.304246
11.1 11.073832
11.999998 12.012345
12.299998 13.810063
11.8 12.120973
11.1 11.164403
11.5 12.054764
12.010095 11.817837
11.599999 11.827668
11.2 11.087021
11.267491 11.000389
12.101985 11.899571
12.299998 12.636961
14.400163 15.010359
10.40103 11.339528
11.900001 11.902708
10.4 10.693447
13.500008 12.938803
11.2 11.416245
12.399998 11.5083275
11.2 11.158562
12.1 11.917501
11.900001 11.878154
11.1 11.649202
11.3 11.339117
11.7 11.798164
11.1 11.420057
10.4 10.653945
12.499997 11.708575
10.1 10.15064
13.1 13.573203
11.900001 11.329424
11.2 11.129534
12.199999 12.94362
11.900001 11.183334
12.599997 12.221994
11.3 11.401764
11.2 11.339421
11.3 11.305764
11.999998 11.990068
11.599999 11.761331
11.1 11.091255
13.000009 13.2533455
11.19691 11.10192
11.400001 11.325309
11.1 11.185639
13.1 13.047091
11.2 11.252847
11.3 11.234212
11.2 11.265323
11.8 11.909841
14.784246 14.763659
11.3 11.352908
10.520216 10.497046
11.8 11.928964
11.2 11.235128
11.900001 11.941189
11.581486 11.977426
11.8 11.817075
11.400001 11.380996
11.7 11.773137
11.1 11.483859
13.399989 13.23428
11.3 11.347003
13.2870865 14.323494
11.999998 11.77674
11.5 11.575491
11.7 11.656517
11.900001 11.805924
11.400001 11.398283
11.400001 11.257505
10.79897 10.818084
11.5 11.520817
11.3 11.422235
11.7 12.703224
11.1 11.32611
11.5 11.31091
11.40103 10.854179
12.19691 11.629298
12.329148 12.392665
10.1 11.125385
11.3 11.358671
11.900001 11.594829
10.40103 10.745691
11.1 11.4944
11.224938 11.261234
11.8 11.774738
11.599999 11.635188
10.1 9.708134
11.2 11.22475
12.699998 12.53725
11.175305 11.252263
14.600313 13.10938
11.1 11.197844
11.900001 11.696028
10.622879 10.538424
10.971278 10.408634
11.2 11.313931
12.699998 13.242219
11.900001 11.843239
11.1 11.004108
11.900001 11.871267
13.899971 14.022288
11.2 11.346771
11.1 11.722601
12.199999 12.4151745
11.1 11.438713
12.499997 12.85296
10.953872 10.656586
13.000009 12.790662
11.8 11.835701
12.299998 12.505695
11.5 11.368699
12.199999 11.25415
11.2 11.247644
11.8 11.272449
11.400001 11.044835
11.1 11.058252
11.3 11.41135
11.5 11.55295
11.3 11.399565
11.2 11.251558
11.1 11.022247
11.7 11.413666
11.2 11.341311
11.3 11.264938
11.8 11.828888
11.3 11.264249
11.336572 11.327257
12.299998 12.27092
11.8 11.810989
11.79897 10.850938
11.900001 11.891846
11.900001 12.10421
11.599999 11.727559
13.800057 13.660599
11.3 11.744134
11.1 11.096442
11.8 12.1157875
11.5 11.516936
11.2 11.234227
11.2 11.251766
11.1 11.153585
12.1 12.058711
11.900001 11.944733
13.500008 13.7021885
11.2 11.171194
11.3 11.752861
11.3 11.413064
11.5 11.596934
11.900001 11.806179
13.399989 12.761856
11.900001 11.88771
11.5 11.943839
11.900001 11.893886
10.487216 10.57925
12.699998 12.551568
12.5698 12.089742
11.7 11.889224
11.7 11.715872
11.2 11.142472
10.622879 10.570918
11.5 11.532892
12.499997 12.517984
11.3 11.510122
12.199999 11.861477
11.900001 11.98948
11.400001 11.613799
11.757577 11.3274
11.900001 11.798292
12.499997 12.473685
10.40103 11.809995
11.7 11.682029
11.1 11.096405
11.7 11.766161
11.404665 11.044842
12.199999 12.540739
10.47675 10.618048
12.699998 12.95479
12.499997 12.6078005
12.599997 11.710432
12.499997 12.069326
11.2 11.252142
11.1 11.234019
11.1 11.095395
11.8 11.816737
11.2 11.361012
11.8 11.804593
11.999998 11.912427
10.321849 10.489199
11.7 11.968231
11.599999 11.712978
11.900001 11.771596
11.900001 11.867782
11.3 11.364264
11.2 11.277595
11.1 11.185979
11.400001 11.602841
11.599999 11.590175
11.900001 11.892272
13.699981 13.00467
11.1 11.2148695
11.3 11.904268
11.2 11.216924
12.199999 12.034535
11.3 11.24703
11.999998 11.867799
11.999998 11.585821
11.5 11.481085
11.900001 11.334597
13.399989 12.6209345
11.2 11.3403
11.599999 11.72349
11.5 11.596334
12.699998 12.405928
13.899971 12.99017
11.7 12.176722
11.599999 11.481643
11.3 11.2479725
11.2 11.246836
11.654828 11.572536
14.901343 12.534979
11.599999 11.626369
11.599999 11.841161
14.901343 15.029529
11.2 12.651799
11.3 11.391757
11.2 11.245428
11.3 11.545816
11.999998 12.062322
14.1 13.57989
11.900001 11.437028
10.4 10.241019
12.299998 12.779958
13.200015 12.386094
11.7 11.717394
11.2 11.27039
11.599999 11.78914
11.3 11.546217
11.1 11.159493
11.3 11.216475
11.599999 12.318199
11.5 11.525673
11.3 11.711844
11.2 11.246149
12.174634 12.491745
11.1 11.111082
11.599999 11.693673
10.831188 11.023777
11.900001 11.910751
11.1 11.23773
11.900001 12.316885
11.900001 11.998246
11.1 11.156107
11.1 11.18878
12.299998 12.359224
12.199999 11.92026
11.400001 11.523054
11.900001 11.982236
11.2 11.192949
11.599999 11.688949
11.999998 12.242948
11.2 11.232316
10.40103 10.898575
11.2 11.264815
11.400001 11.438392
11.599999 11.61491
12.1 12.036119
11.274371 11.525056
11.1 11.22589
11.999998 12.103973
11.3 11.089057
11.3 11.221886
11.1 11.185868
11.8 11.7989855
11.1 11.212929
11.5 11.480257
11.3 11.506507
11.2 11.38163
12.299998 11.808342
11.2 11.232258
13.600039 13.353865
11.2 11.292695
11.5 11.565113
11.1 11.229983
11.1 11.313571
11.900001 11.7472725
11.599999 11.399765
11.2 11.231502
12.299998 11.388794
11.8 11.782391
12.499997 11.691072
12.399998 12.47205
11.7 12.951941
11.3 11.354667
11.8 11.844846
11.7 11.694207
11.7 11.664193
11.2 11.343569
9.79897 9.948777
13.087163 12.662559
11.7 11.53444
11.2 11.323773
11.2 11.241446
11.900001 12.030411
12.1 12.049166
11.1 11.154717
11.3 11.701696
11.3 11.5828905
11.3 11.336639
11.2 11.31451
11.400001 11.591809
11.2 11.191575
11.900001 11.871235
11.8 11.637366
11.8 11.80669
12.599997 12.717283
10.2 10.732594
11.900001 11.569388
12.499997 12.550564
12.499997 12.128655
11.1 11.344087
11.599999 11.908406
11.2 11.311404
11.2 11.402574
13.1 12.287012
10.1 10.263199
13.299971 13.496845
11.400001 11.78298
12.299998 11.450494
11.1 11.114085
12.375724 11.9035845
11.2 11.801986
11.3 11.457737
13.500008 13.280242
11.5 11.52323
11.5 11.873724
13.800057 13.294577
12.499997 11.990561
11.1 11.2134
10.4 10.567683
11.400001 11.471861
11.5 11.61311
11.3 11.294238
11.999998 11.4979105
11.400001 11.551742
10.700015 11.327762
12.299998 11.768279
11.8 11.791701
12.499997 11.76678
11.8 11.833909
11.5 11.805163
10.7 10.446836
12.299998 12.04523
11.900001 11.804194
11.2 11.283545
13.200015 12.550147
11.2 11.158822
11.900001 11.908814
10.1 10.275368
14.299971 13.499918
11.999998 11.949386
11.599999 11.907155
11.1 11.077702
11.900001 11.90783
12.299998 11.606198
11.2 11.5152
11.5 11.575561
11.2 11.310649
11.5 11.403372
10.4 10.816383
11.7 11.874089
11.0 10.46246
11.2 11.209325
11.2 11.221249
10.40103 10.420216
11.1 11.142383
11.5 11.619912
11.900001 11.48866
11.2 11.154593
11.400001 11.350626
11.1 10.907677
11.900001 11.900467
11.3 11.667961
9.79897 9.632832
11.3 11.296312
11.2 11.202015
11.2 11.338134
11.2 11.279561
11.400001 11.299726
11.1 11.163908
11.8 11.910103
11.8 12.159485
10.9 10.869827
13.200015 12.98308
10.8 10.92662
11.900001 11.968708
10.1 10.06151
11.8 11.507133
11.999998 11.706424
11.999998 12.129984
11.1 11.118577
11.599999 11.544399
12.299998 12.724646
11.5 11.599953
10.4 10.401121
11.400001 11.78771
11.2 11.296008
11.400001 11.542334
12.199999 12.311348
12.699998 11.609086
9.79897 9.87502
11.8 11.713844
13.79897 13.843867
12.299998 12.479961
11.900001 11.914294
11.900001 12.061172
11.3 11.5221815
11.1 11.186625
13.200015 12.024744
11.1 11.080915
11.900001 11.89395
11.2 11.227701
11.900001 11.904303
11.8 11.497937
11.7 11.302
11.5 11.484804
11.900001 12.2282295
11.3 11.4326935
11.2 11.260277
10.719789 10.536347
11.1 11.11049
11.2 11.26051
11.7 11.765867
9.1 9.057728
10.70206 10.618561
11.7 11.921577
11.3 11.342904
13.500008 13.5347595
11.900001 11.65635
11.3 11.150869
11.400001 11.3041525
11.1 11.14945
11.5 11.470064
11.400001 11.465395
13.622879 13.821114
11.599999 12.89992
13.899971 14.3238735
11.3 11.389251
11.3 11.247838
12.84958 12.179397
12.299998 11.562786
11.1 10.869274
11.7 11.648213
11.1 11.34167
12.499997 11.655918
11.999998 11.671391
11.900001 11.858728
13.800057 11.9108925
11.2 11.5099325
11.2 11.134813
11.2 11.162049
12.499997 12.6368885
11.599999 11.739099
13.600039 13.247816
10.1 10.062204
11.3 11.393973
12.1 12.227727
11.2 11.158856
12.799992 13.538457
11.1 11.061199
12.1 11.787427
11.5 11.508054
15.200179 15.289339
11.2 11.227936
13.1 12.097039
13.500008 13.226194
12.499997 12.106835
11.400001 11.548928
12.1 11.863317
13.000009 11.797362
11.7 11.673483
11.1 11.098795
11.7 11.74891
10.581486 10.829861
11.7 11.695377
12.1 11.916596
11.3 11.643792
12.499997 13.155512
12.1 12.086015
10.70206 10.854754
12.499997 11.754402
12.433482 10.406617
11.1 11.307329
11.0 10.908775
11.8 11.846529
12.899998 12.780317
11.1 10.793692
12.1 12.089905
11.1 11.021832
11.7 11.593612
11.400001 11.185894
11.2 11.186216
12.299998 12.04994
13.299971 13.3587055
11.2 11.2132225
13.800057 13.379916
11.177759 11.224551
11.5 11.532601
11.900001 12.078869
11.2 11.30029
13.299971 14.039468
11.400001 11.40345
14.700326 14.115233
11.2 11.2792425
11.2 11.293742
12.799992 11.979999
11.1 11.604941
15.500117 15.03999
12.058607 12.49356
11.2 11.419753
12.1 12.00036
12.1 12.038755
11.1 11.222526
11.3 11.257949
12.699998 11.84545
12.699998 12.513891
11.900001 11.626689
11.400001 11.415304
13.923909 14.481537
11.999998 11.981723
12.058607 12.133693
11.3 11.258849
11.2 11.545261
11.400001 11.223907
13.000009 13.750544
11.900001 11.75951
11.8 11.881586
11.400001 11.675366
11.900001 11.909585
11.8 11.908326
11.8 11.765954
11.8 11.845828
10.70206 10.441842
12.199999 12.4606
13.500008 11.931765
11.3 11.32359
11.2 11.149693
12.986056 12.939311
12.1 11.793834
11.8 11.578371
13.953872 13.890536
11.5 11.596707
11.900001 11.936864
11.2 11.260424
11.2 11.282205
11.1 11.093488
11.8 11.663954
11.400001 11.472068
11.7 11.801799
11.2 11.234454
11.2 11.255049
11.3 11.551615
11.3 11.226798
11.5 11.559346
11.5 11.647557
11.400001 11.6399145
11.8 12.508529
11.788375 11.117025
10.145758 10.12996
11.3 11.302162
11.145758 11.748218
11.7 11.522988
11.599999 11.591215
11.3 11.338498
12.899998 13.193291
13.200015 12.366473
12.1 12.664856
12.299998 12.107438
11.8 11.787058
12.546117 12.232828
12.499997 11.715545
11.5 11.613833
11.1 11.245507
11.3 11.440307
11.3 11.64949
12.1 11.750915
11.2 11.200939
11.2 11.274079
11.5 11.507864
11.5 12.142956
11.3 11.47261
11.3 11.256658
13.000009 12.116528
11.599999 11.604999
13.1 13.607251
10.40103 10.559914
11.900001 11.8213005
11.2 11.30829
11.3 11.297061
11.5 11.5039425
13.392429 13.356819
12.699998 11.45852
11.599999 11.761234
11.3 11.60982
11.1 11.119909
11.2 11.327223
11.3 11.4213
13.1 12.840681
11.900001 11.891329
11.599999 11.979162
12.699998 12.618849
11.1 11.14028
11.400001 11.54956
11.2 11.274461
14.700326 14.1156025
11.8 11.789957
13.1 12.698127
12.799992 12.707727
11.999998 12.074175
11.329148 11.449684
9.79897 9.597396
11.1 11.17491
11.2 11.297613
11.7 11.746031
11.1 11.169333
12.599997 11.900692
11.5 11.48364
11.5 11.107979
10.668636 10.913699
11.487216 10.99795
11.400001 11.32257
11.900001 12.351672
11.900001 11.85826
11.2 11.176209
11.1 11.191693
11.2 11.1832
12.384832 12.827036
10.622879 10.776903
11.2 11.281486
14.1 13.773571
11.400001 11.42199
11.400001 11.583261
11.900001 12.100624
11.599999 11.580204
11.2 11.218643
13.699981 13.18158
12.699998 12.436804
11.5 11.527986
11.400001 11.384322
11.900001 11.974447
11.2 11.67459
11.1 11.270603
11.180922 10.8785305
11.900001 11.531095
13.1 12.478479
11.8 11.654379
11.8 11.841186
11.999998 11.588257
11.1 10.744313
12.826416 12.655451
12.299998 12.053462
11.8 11.799464
11.999998 11.94172
11.8 11.823803
11.3 11.957681
10.70206 10.73397
12.299998 12.169485
11.1 11.119476
12.399998 12.41335
11.2 11.161664
11.2 11.239707
11.5 11.541797
11.3 11.272081
13.1 12.091989
11.3 11.266159
11.7 11.627936
10.40103 11.592239
11.2 11.20978
11.5 11.685269
14.600313 13.8599825
11.900001 11.8722315
11.3 11.574248
11.2 11.561584
11.599999 11.305421
11.400001 11.4129305
12.299998 12.612548
12.399998 12.089985
12.599997 12.410136
11.3 11.390348
11.900001 12.297728
14.400163 14.112001
11.599999 11.58706
11.49794 11.44978
11.2 11.259402
11.400001 11.451833
11.106614 11.141237
11.2 11.222415
11.3 11.298389
9.79897 9.617157
11.8 11.767396
10.40103 10.300482
11.3 11.432458
12.199999 11.68575
11.2 11.362358
11.999998 11.527153
13.800057 12.0194845
12.27745 12.246598
11.8 11.847047
11.2 11.257423
11.5 11.484091
11.2 11.309778
11.3 11.560815
12.799992 12.68187
11.599999 11.569949
11.900001 11.710131
11.900001 11.821438
11.900001 11.804913
11.1 11.173212
11.599999 11.653091
11.5 11.337346
11.901343 11.622485
11.2 11.169108
11.7 11.688946
11.2 11.747143
10.3 9.931919
12.399998 11.649062
11.8 11.803133
11.900001 11.856486
12.499997 11.909889
11.2 11.230175
11.1 11.09557
11.7 11.796703
11.7 11.729027
12.799992 11.941029
11.719789 11.321475
11.400001 11.510974
11.1 11.345481
12.299998 12.049784
11.2 11.370726
11.599999 11.774265
11.5 11.500315
11.123362 11.0458975
11.599999 11.561541
11.900001 11.8772745
11.1 11.447207
11.821246 11.72598
11.3 11.800919
11.1 11.228506
11.400001 11.390073
11.900001 11.873694
12.899998 12.31561
13.600039 13.75362
11.900001 11.761206
11.5 11.644406
12.199999 11.402773
11.999998 11.964322
11.2 11.598848
13.000009 12.969393
11.2 11.200393
10.92333 11.24478
11.900001 11.847217
12.699998 12.457618
12.058607 11.560791
11.3 11.41335
11.999998 12.496837
11.999998 12.249619
11.5 11.769417
11.1 11.146273
11.900001 11.86
11.8 11.822023
11.3 11.557504
12.699998 12.031094
11.5 11.565587
12.599997 11.994695
11.900001 11.862932
11.3 11.569156
11.400001 11.285935
11.8 11.811316
11.599999 11.666829
11.2 11.576765
12.599997 14.033426
11.400001 11.451586
11.999998 11.84917
11.900001 11.868728
11.2 11.069365
11.900001 11.824601
15.600313 15.588541
14.145758 13.448608
11.7 11.935635
11.7 12.254276
11.2 11.169677
11.999998 11.893768
13.1 11.8688345
11.8 11.691374
11.622879 12.219976
11.2 11.457736
11.2 11.275437
11.2 11.131725
11.3 11.425237
9.986056 10.037677
11.2 11.201773
11.5 12.284535
11.900001 11.875006
11.3 11.4722395
11.900001 11.8093605
12.1 11.322824
11.599999 11.751035
13.321849 12.581307
11.1 11.041741
14.79897 14.902075
11.2 11.246824
13.821246 13.207896
11.599999 11.546671
11.999998 11.9798
12.899998 12.812873
11.400001 11.5898285
11.900001 11.966107
11.2 11.2769
11.999998 11.929722
14.1 13.892127
11.999998 11.939983
11.900001 11.886407
11.599999 12.498643
10.40103 10.402374
11.999998 11.97167
11.999998 12.17731
11.2 11.424072
11.1 11.606161
11.5 11.928488
12.1 11.847904
11.900001 11.687618
11.19691 11.1662
11.400001 11.597033
11.2 11.261916
11.400001 11.618954
11.2 11.378442
11.1 11.100314
12.399998 12.515619
11.3 11.707123
13.500008 13.394571
10.5 10.300477
11.953872 11.945236
11.2 11.379976
11.8 11.653311
11.8 11.819039
12.499997 12.052594
11.900001 11.70892
11.8 11.7036705
13.399989 13.150414
11.1 11.091878
11.2 11.282451
12.399998 11.92754
11.599999 11.596919
12.507823 12.04095
11.5 11.4754305
11.7 11.8524685
11.599999 11.409595
14.500117 12.465558
11.900001 11.871066
11.599999 12.125853
11.999998 11.712076
12.1 12.327085
11.7 11.913704
11.599999 11.247705
11.900001 11.970222
11.212469 11.149134
14.299971 13.6949
15.79897 15.894625
11.3 11.497033
11.5 11.917659
10.40103 9.949826
10.70206 10.847395
11.900001 11.66071
12.927804 13.497792
11.1 11.246795
10.79897 10.992019
11.900001 11.912116
11.400001 11.11106
12.199999 11.977214
13.202373 13.11471
13.999974 13.614383
12.399998 13.229719
11.3 11.324962
10.40103 10.2571125
11.1 11.265009
11.400001 11.50031
11.8 11.769714
14.200179 14.468527
11.1 11.110851
11.3 11.43294
11.822364 11.72856
11.1 11.094686
11.7 11.689769
11.2 11.2103
10.1 10.060472
11.599999 11.685496
11.7 11.73652
11.7 12.089676
11.900001 12.053354
11.3 11.379193
11.400001 11.425836
11.8 11.85017
11.1 11.066135
11.900001 12.546533
11.0 11.198954
11.2 11.47736
11.1 11.771894
11.3 11.334589
12.299998 11.962589
11.3 11.248178
11.7 11.768964
11.400001 12.181617
11.400001 11.502437
11.7 11.611714
13.299971 13.198011
11.900001 11.925918
11.900001 11.878316
12.499997 12.539673
11.3 11.352347
11.900001 11.867912
13.699981 13.931131
11.900001 11.880899
11.7 11.852234
11.599999 11.720616
13.1 13.004031
11.972896 11.566665
11.3 11.627377
11.900001 11.878126
11.5 11.314655
11.2 11.746564
11.1 11.090117
11.2 11.219209
11.5 11.685439
12.1 13.292379
12.799992 12.742962
14.145758 14.311762
11.2 11.168468
11.5 11.526901
11.599999 11.521867
13.000009 13.033724
11.5 11.768861
11.2 11.34132
11.5 11.280691
11.3 11.3955345
12.599997 11.968254
10.70206 10.611351
11.5 11.575937
11.1 11.075778
11.599999 11.596006
11.1 11.16529
11.900001 11.910766
11.8 11.703949
11.8 11.807071
11.3 11.280701
11.999998 11.892679
11.5 11.682094
11.999998 11.97847
11.900001 12.32971
11.2 11.339394
11.2 11.175449
11.900001 11.906242
11.1 11.99082
11.8 11.8584585
11.8 11.824152
11.1 11.39762
11.2 11.064744
11.1 11.318263
12.199999 12.958908
11.2 11.205493
11.3 11.514029
11.3 11.099512
11.2 11.260683
11.999998 11.909181
11.2 11.32455
10.2 10.867299
12.374244 13.4458685
11.2 11.591607
11.2 11.097006
11.999998 11.910807
11.999998 12.908392
11.2 11.183299
11.599999 11.910778
11.599999 11.777363
11.5 11.60249
11.1 11.145916
11.400001 11.6500845
10.901343 10.87811
11.5 10.820903
11.599999 11.648232
11.599999 11.65095
11.900001 11.732287
11.1 11.076345
11.3 11.431688
11.8 11.809139
13.20033 13.538051
11.3 11.352622
11.3 11.251319
11.2 11.366668
11.5 11.860016
11.799998 12.448815
11.400001 11.2676325
10.1 10.966284
11.999998 12.397599
11.999998 12.173911
11.900001 11.862602
11.400001 11.574796
11.5 11.50216
12.555932 12.76056
11.2 11.388634
11.2 11.30563
9.79897 10.018633
11.400001 11.319979
12.499997 11.539967
11.3 11.321843
11.2 11.363571
11.1 11.80263
11.95 12.092181
11.999998 11.889669
11.49794 11.695311
10.2 10.550453
11.3 11.013915
11.3 11.674729
11.1 11.107632
11.7 11.736605
12.1 12.082569
11.400001 11.488987
11.2 11.280317
11.599999 11.598241
9.70206 9.844534
11.900001 11.644136
11.2 11.618668
11.1 11.098951
11.3 11.642237
11.2 11.348118
11.2 11.339753
12.299998 12.385474
11.5 11.581857
11.5 11.523604
11.19691 11.450524
11.400001 11.388715
11.3 11.8022995
11.900001 11.94977
10.40103 12.09362
11.2 11.134614
11.2 11.182126
11.900001 11.85665
11.8 11.756015
11.2 11.2453375
11.999998 12.053079
12.89588 12.56703
12.699998 11.343224
11.2 11.097665
11.999998 11.862773
13.000009 12.660607
11.8 11.8033
11.2 11.86013
11.1 11.30769
11.900001 11.861755
11.5 11.414613
11.3 11.30042
12.299998 12.028554
11.599999 11.615349
11.1 11.266556
11.2 11.45262
11.599999 11.798311
11.5 11.645696
11.5 11.834712
11.999998 12.060956
12.199999 11.538299
11.599999 11.635188
11.5 11.3903885
11.1 11.225546
13.622879 13.604828
11.7 11.76269
13.1 12.730129
11.89588 12.388473
11.3 11.481263
11.3 11.428469
12.799992 12.382778
11.999998 12.202435
13.999974 14.23784
11.5 11.307663
12.299998 12.2808
13.79897 14.067732
10.79897 11.4119835
11.2 11.15684
11.3 11.266973
11.2 11.219029
11.3 11.300656
11.2 11.593909
11.3 11.426232
11.0 10.855195
13.200015 13.247384
10.1 9.950394
11.3 11.298591
11.900001 11.868547
11.400001 11.460836
11.2 11.5562725
11.900001 11.881475
11.2 11.358585
11.3 11.275297
11.543697 11.95248
11.7 11.662224
11.900001 11.891898
11.1 11.363405
11.900001 12.179495
11.3 11.5054
11.999998 11.242251
11.2 11.4911785
11.993028 11.23594
13.899971 13.7397785
11.2 11.293769
14.1 14.192311
13.500008 13.197511
11.900001 11.913943
11.1 11.123891
11.599999 11.775865
10.1 10.945998
11.2 11.235676
11.1 11.255239
11.1 10.927795
12.199999 12.304915
11.7 11.73844
12.399998 12.726519
11.2 11.266391
10.622879 10.628028
13.600039 12.090222
13.000009 12.726226
11.108774 11.233945
10.3 10.094413
11.665578 11.671961
10.622879 10.263079
11.3 11.295167
11.3 11.581455
11.3 12.133745
11.8 11.827118
11.5 11.477284
11.8 11.825435
11.900001 11.793659
11.900001 11.812019
11.2 11.280469
11.1 11.42718
11.3 11.589704
11.8 11.730698
11.3 11.364411
11.1 11.12331
11.1 11.128501
11.5 11.550484
10.738272 10.505322
11.8 11.421641
11.8 11.724494
11.0 11.22795
11.3 11.431187
13.777781 12.609495
12.899998 14.025787
11.2 11.257605
11.900001 11.855181
13.899971 12.513938
11.1 11.091079
11.2 11.223304
12.719789 12.544001
11.5 11.360033
11.599999 11.599557
11.2 11.198254
11.242667 11.525034
10.79897 12.3276005
11.900001 11.607167
11.3 11.819772
11.8 11.860394
11.900001 12.303873
11.999998 12.082508
12.499997 12.802561
11.5 11.526322
13.500008 13.54491
11.7 11.670899
11.2 11.359954
12.299998 12.338043
11.1 11.198481
11.900001 11.914082
11.2 11.201201
14.299971 13.653691
11.900001 11.892109
12.759556 13.514105
11.2 11.65684
11.999998 11.7011
11.8 11.831368
11.599999 11.669186
11.8 11.690176
11.3 11.781996
11.622879 11.041789
11.95 12.095253
11.8 11.942496
11.999998 11.976909
11.900001 11.765984
11.1 11.246584
13.200015 13.538239
11.5 11.160166
11.3 11.325268
11.549999 11.877491
12.399998 12.51074
13.800057 12.828845
11.5 11.471279
11.7 11.718016
11.2 11.267944
11.7 11.663425
11.5 11.547334
13.399989 12.377785
11.1 11.067104
11.8447275 11.3959
12.199999 12.154956
12.299998 11.726656
11.3 11.299911
11.1 11.225068
12.299998 12.318135
11.1 11.262702
9.79897 9.479952
11.3 11.345307
11.599999 11.648272
11.1 11.471286
15.299971 15.238833
11.599999 11.492748
11.1 11.1623125
11.400001 11.485108
9.79897 9.638457
11.2 11.21037
14.668636 14.792145
11.900001 12.3518305
11.7 11.791518
11.2 11.2197895
11.058607 10.838375
13.399989 12.83803
13.986056 13.952031
11.2 11.313175
11.999998 12.216169
10.1 10.12448
11.2 11.428784
12.788246 12.82528
11.599999 12.063373
11.400001 11.278263
10.40103 10.2341385
12.299998 11.937582
11.3 11.278646
11.1 11.219098
11.900001 11.846949
11.400001 11.767132
11.8 11.778026
11.3 11.933797
12.199999 12.237354
11.900001 11.892399
11.900001 11.971172
11.8 11.765291
15.254902 13.966141
11.2 11.298546
13.299971 13.289775
11.5 11.4232645
11.2 11.18464
11.1 11.314771
12.399998 13.625651
12.799992 12.886698
11.2 11.151048
11.1 11.020759
11.2 11.183754
12.599997 12.513681
11.999998 11.922689
13.999974 13.351606
11.900001 11.828749
12.299998 12.068782
11.999998 12.045879
11.2 11.369543
11.3 11.268391
11.1 11.41325
12.1 11.814456
11.900001 11.883419
11.79897 11.799128
11.3 11.429363
11.1 11.2177925
11.400001 11.619967
11.1 11.41229
11.1 11.212973
11.8 11.9505205
11.400001 11.462318
11.8 11.435257
11.2 11.31751
11.599999 11.601125
10.2 10.08231
13.500008 12.529616
11.1 11.210738
11.2 11.207221
11.900001 11.912092
11.999998 11.869295
11.1 11.286283
11.7 11.920096
11.900001 11.953511
11.2 11.203349
11.400001 11.453653
11.900001 12.123232
11.599999 11.894114
11.999998 11.95804
11.901343 12.293607
12.799992 12.820515
11.7 11.736332
11.8 11.854866
11.2 11.321348
11.2 11.1814165
11.2 11.181959
11.599999 11.488071
11.1 11.235817
11.8 11.856518
11.8 11.779796
12.299998 12.186025
11.2 11.223342
11.900001 11.815917
11.8 11.617645
11.999998 12.133139
11.5 11.609162
12.699998 11.976232
11.7 11.722487
11.8 11.7547245
11.900001 11.878972
10.49794 10.305842
13.314671 11.768615
11.5 11.506325
11.1 11.150188
11.900001 11.851444
11.400001 11.4035425
10.520216 10.389882
11.8 12.63964
11.2 11.251395
14.400163 13.801656
11.40103 11.495895
14.500117 14.083775
11.1 11.784741
11.900001 11.915754
12.299998 11.75354
11.1 11.180923
11.5 11.535751
12.299998 12.500634
12.899998 12.47869
11.2 11.323971
11.3 11.150326
13.600039 14.6313305
11.336572 11.21539
11.2 11.178926
12.399998 11.448928
11.400001 11.618312
11.2 11.384905
11.1 11.359269
11.3 11.474155
11.446788 11.517062
11.599999 11.700015
13.1 13.414782
12.499997 12.289864
11.2 11.392537
11.3 11.55804
11.599999 11.542066
12.599997 12.267867
11.8 12.045821
11.5 11.567638
11.45 11.385609
11.1 11.120508
11.2 11.229889
11.2 11.233472
11.2 11.161681
11.1 11.087171
12.299998 13.021567
11.1 11.311069
11.599999 12.032714
11.3 11.450325
9.79897 9.685793
11.1 11.091888
13.200015 11.761116
11.5 11.948217
11.2 11.181415
11.3 11.349473
11.3 11.361556
11.7 11.846783
12.499997 12.686833
11.953872 11.309438
11.7 12.664503
12.0 12.4455
11.239147 11.347012
11.1 11.167873
11.7 11.625511
12.010408 11.94089
12.499997 12.65006
13.864471 14.290151
11.7 11.859944
10.40103 10.208686
11.2 11.1953335
11.3 11.197651
13.986056 13.888455
11.999998 11.990442
11.599999 11.657969
11.7 11.700036
11.2 11.264544
11.1 11.135442
11.999998 11.890709
11.1 11.092355
11.1 11.1411085
11.7 11.978586
11.2 11.231564
9.508935 9.623606
11.999998 11.844628
11.3 11.487151
12.418758 12.538545
11.719789 11.769194
11.3 11.179566
15.480535 15.221691
11.5 11.483605
11.5 11.282523
14.200179 13.431873
11.5 11.779581
11.3 11.385864
12.199999 12.528977
11.2 11.34345
11.8 11.755091
11.5 11.618825
11.1 11.1899605
11.999998 11.986029
11.8 11.82771
11.2 11.235406
11.1 11.105092
11.1 11.20006
11.1 11.123348
11.5 11.244904
11.3 11.778709
15.456548 12.972189
12.699998 11.550907
11.2 11.192587
11.900001 11.899933
12.1 11.044607
11.400001 11.254213
11.2 11.312369
11.2 11.356539
12.19691 13.54988
13.000009 11.768298
11.5 11.614764
11.8 11.789531
11.2 11.506044
11.8 11.390404
11.400001 11.352088
12.299998 12.3082905
11.1 11.1245985
12.699998 12.010719
12.299998 12.232595
11.40103 10.93621
12.199999 12.182792
13.000009 11.973225
12.799992 12.257227
11.111138 11.110813
11.999998 12.0400505
9.923909 10.121366
11.7 11.734252
11.2 11.22794
11.900001 11.889416
11.400001 11.481332
11.1 11.267126
13.200015 11.95372
11.400001 11.41501
11.5 11.455451
11.400001 11.559424
11.400001 11.343212
12.192825 12.043689
11.999998 12.840747
11.400001 11.347861
13.600039 13.264025
11.2 11.244323
11.1 11.164601
14.901343 14.3724575
11.2 11.3855295
11.5 11.680919
11.2 11.293069
11.400001 11.474295
11.7 11.647406
11.8 11.591395
11.900001 11.894636
12.799992 12.551097
11.2 11.240018
11.900001 11.862666
11.1 12.11641
11.2 11.341731
13.500008 12.763802
11.711954 11.5727215
11.1 11.145475
13.1 12.931624
11.900001 11.992733
11.900001 12.0018425
12.958547 12.449292
11.1 11.108943
11.2 11.173862
11.3 11.408603
10.9 11.34345
10.79897 10.752959
11.5 11.333904
14.8447275 15.026918
11.8 11.860418
11.1 11.166267
13.500008 12.968438
11.7 11.664257
11.254902 11.264958
11.8 11.757802
11.1 11.11277
11.2 11.203276
11.1 11.218473
11.2 11.310133
10.1 10.006885
11.8 11.836679
11.400001 11.517624
11.2 11.161292
14.508935 14.766203
11.1 11.30245
12.599997 12.08792
14.1 13.673465
11.3 11.345483
11.7 11.896271
9.40103 9.060491
11.999998 12.045568
11.3 11.354951
11.212469 11.17603
11.5 11.333662
10.1 10.308636
12.599997 13.229553
10.839154 11.871376
11.7 11.711052
11.2 11.455208
11.900001 11.8803215
11.8 11.898165
11.3 11.30358
11.3 11.376265
11.7 11.674641
11.1 11.234686
11.2 11.433547
12.499997 12.336835
14.500117 15.166391
14.40103 15.247723
15.1 13.411308
11.2 11.212902
11.7 11.849126
12.1 12.363018
11.3 11.330615
9.893174 9.782523
11.8 11.812066
11.599999 11.536584
11.5 12.072093
11.900001 11.907959
12.199999 11.595045
11.900001 11.877535
11.2 11.422874
11.1 11.204479
11.1 11.607737
12.06041 10.8818865
11.2 11.206958
11.2 11.395027
11.1 11.424428
12.499997 12.9041395
11.599999 11.563295
11.900001 11.883551
11.2 11.290061
12.699998 11.860916
10.622879 10.775979
11.8 10.80252
11.8 12.65244
11.7 11.6397295
11.599999 11.584721
13.699981 13.304495
11.1 11.80538
12.543697 13.03397
12.199999 11.891666
11.1 11.105161
11.400001 12.039525
11.900001 12.040611
11.1 11.270546
13.011954 13.09692
12.699998 11.829236
11.2 11.388336
11.400001 11.482769
11.900001 11.834373
11.5 11.507885
13.1 12.963889
11.8 11.803875
11.900001 11.876493
11.3 11.370239
12.993441 12.882708
11.900001 11.862388
11.900001 11.63066
11.2 11.208009
11.2 11.045938
11.900001 11.913221
11.900001 11.744258
12.821246 12.272396
11.2 11.306334
12.434419 12.857283
12.899998 12.137022
11.8 11.829097
12.199999 11.903093
11.400001 11.335636
11.2 11.37329
11.599999 11.641314
11.3 12.00462
11.7 11.745975
12.799992 11.841858
11.2 11.20706
11.459518 11.859478
11.2 11.212557
11.1 11.147517
11.7 11.784102
12.799992 13.022166
11.400001 11.317966
11.3 11.375033
11.7 11.6988325
9.79897 9.546428
11.599999 11.576179
11.1 11.08624
11.534152 11.725391
11.3 11.810503
12.499997 12.401796
11.8 11.785883
11.8 11.72826
11.900001 12.130134
11.7 11.770062
11.5 11.627813
11.400001 11.725381
11.1 11.239694
12.299998 12.812605
12.199999 11.546455
12.199999 11.797259
11.599999 12.232804
11.999998 11.875284
11.400001 11.327222
12.923909 11.287551
12.058607 11.590295
13.699989 13.704465
13.000009 13.023702
11.1 11.152426
11.2 11.115931
11.2 11.279759
13.1 12.985992
11.2 11.193665
10.2 10.444516
11.400001 11.53803
11.1 11.136461
11.3 11.299148
11.8 12.063016
11.1 11.284801
11.2 11.238166
11.1 11.146867
11.900001 11.862659
12.1 12.033798
11.900001 11.901539
11.900001 11.906414
10.70206 10.598913
12.1 11.988153
11.8 11.821892
10.622879 10.62208
12.1 13.082084
11.2 11.240112
11.2 11.29
11.900001 11.824144
13.1 13.040809
11.7 11.838784
11.5 11.4318695
12.466532 10.663221
11.599999 11.288517
11.2 11.235847
11.1 11.627793
11.2 11.2546625
11.40103 11.421178
11.400001 11.51106
11.1 11.11016
12.699998 13.646738
11.400001 11.217044
11.900001 12.285756
11.165502 11.27024
13.299971 13.814648
10.7 10.475199
11.8 11.797476
11.1 11.081316
11.1 11.157408
11.8 11.92967
9.79897 10.113514
9.986056 10.079989
11.2 11.317451
11.7 11.84195
11.2 11.210881
12.078811 11.727657
12.1 11.255877
12.299998 12.087489
12.199999 11.901471
11.1 11.113066
11.3 11.637663
11.900001 11.886582
11.2 11.261989
11.1 11.423103
11.400001 11.407645
15.200179 13.63361
10.446788 10.366414
12.1 11.795549
11.7 11.731353
11.5 11.558653
11.1 11.073736
12.499997 12.390371
11.7 11.700006
11.900001 12.1894655
11.3 11.398502
12.299998 11.5423155
11.999998 12.051074
11.5 11.519357
12.723423 11.46454
12.199999 12.030069
14.1 13.679268
11.900001 11.899529
11.599999 11.671811
12.1 12.092258
11.5 11.684492
10.622879 10.320254
11.2 11.389152
11.2 11.253922
11.2 11.265186
11.400001 12.156592
11.8 11.77088
10.6 10.806562
11.999998 11.922941
11.7 11.748579
11.1 11.0834675
11.2 11.110235
12.599997 12.2147255
12.899998 12.430748
11.900001 11.953595
11.7 11.642665
11.2 11.2501545
11.5 11.730826
11.999998 11.360248
11.5 11.230114
11.8 11.784701
11.2 11.266118
11.599999 11.556068
10.89588 11.246481
11.2 11.200296
11.999998 12.168565
11.3 11.456445
11.599999 11.478551
12.899998 12.740312
11.49794 11.888672
13.299971 12.834276
10.1 9.954198
13.600039 14.321486
11.2 11.114923
11.400001 11.488689
11.1 11.1289215
12.899998 11.659269
11.900001 11.967369
11.400001 11.64039
11.8 11.973251
12.399998 11.648364
11.1 11.132265
11.1 11.565082
11.599999 11.567159
11.5 11.554798
11.1 11.052923
11.2 11.257561
10.79897 9.928211
11.7 11.7064
11.3 11.72366
12.399998 11.982548
11.1 11.148671
11.8 11.817801
11.599999 11.576205
11.8 11.792161
11.0 10.797571
13.47675 13.32436
11.5 11.458158
11.5 11.673689
11.5 11.592385
11.5 11.545917
11.599999 11.639544
12.49794 12.109045
11.0 10.9265585
13.145758 13.28621
12.199999 12.046269
12.1 12.336525
11.8 11.822607
11.2 11.225516
12.555932 13.221932
11.5 11.824302
11.2 11.07979
11.3 11.427594
11.3 11.32899
11.900001 11.84557
11.599999 11.539457
11.3 11.899244
11.2 11.235146
11.7 11.928729
11.1 11.193512
11.5 11.583779
11.5 11.548023
11.8 11.805903
11.1 12.397989
12.1 11.9408455
11.8 11.769835
11.5 11.900518
11.7 11.720507
11.999998 11.909061
11.3 11.4288845
13.699981 14.294846
10.1 10.0476885
11.3 10.8946295
15.117729 14.8809395
10.40103 11.72276
11.3 11.248664
11.5 11.530449
13.999974 13.706657
11.1 11.204342
11.999998 11.726699
11.3 11.115309
12.799992 12.654414
11.8 11.806721
14.200179 13.400011
12.399998 11.727189
12.899998 12.696846
11.999998 12.188429
11.1 11.132979
10.40103 10.814678
11.2 11.23731
11.2 11.139927
11.2 11.111955
12.299998 12.152465
11.8 11.791206
13.500008 14.39599
11.400001 11.452305
10.79897 11.494874
11.900001 12.497507
11.400001 11.849392
11.5 11.388775
11.1 11.417403
11.3 11.282801
11.1 11.104803
10.4 10.662076
11.3 11.363223
11.900001 11.955034
11.2 11.28504
11.2 11.449402
11.2 11.2221775
12.1 11.090479
12.499997 11.883253
11.7 11.695382
11.400001 11.382734
12.199999 11.866127
11.1 11.321689
11.2 11.287083
11.999998 11.959297
11.900001 11.90204
11.5 11.512002
11.599999 11.70814
11.5 11.578043
13.299971 12.726173
11.3 11.299683
14.999629 14.95646
11.7 11.686685
11.1 11.559518
11.7 11.686502
10.622879 10.6933
11.901343 11.958401
11.1 11.245605
10.1 11.796623
11.7 11.6634655
11.400001 11.413521
11.900001 12.137811
12.300659 12.420453
12.299998 11.6199255
10.7 10.342281
11.7 11.2107315
11.8 11.721901
11.7 11.706089
11.3 11.381474
11.7 11.678075
11.2 11.367271
11.400001 11.46788
11.599999 11.644964
11.3 11.216013
11.999998 11.951411
11.7 11.70716
11.2 11.32012
11.8 11.811033
10.4 10.65967
11.2 11.516064
11.043335 11.147711
10.8 10.620476
12.499997 12.049368
11.900001 11.8050995
11.900001 11.841189
11.2 11.218003
11.900001 12.040866
11.19691 13.091228
11.2 11.22873
11.1 11.301637
13.699981 13.353393
12.199999 11.884869
11.400001 11.357321
11.822364 11.810019
13.500008 13.623734
11.599999 11.648615
13.999974 11.960808
14.500117 13.859961
11.3 11.522611
11.8 11.861784
11.3 11.446792
11.1 11.104851
11.7 12.178288
14.700326 14.218342
11.5 11.702258
14.200179 13.644743
11.7 11.701972
11.1 11.178114
11.900001 11.899029
11.3 11.499392
13.800057 13.995712
11.2 11.895445
11.49794 10.857459
11.5 11.719858
11.900001 11.686086
11.3 11.280658
10.8 10.80545
11.400001 11.453577
11.1 11.108359
11.7 11.721498
10.40103 10.313507
11.900001 12.416363
11.999998 11.440836
11.2 11.40026
13.500008 12.846595
11.5 11.813328
11.058607 11.130782
11.900001 11.908956
11.900001 11.865052
11.3 11.403396
11.2 11.2091875
11.2 11.096421
11.900001 11.840821
12.399998 11.84025
11.5 11.493812
11.900001 11.824653
10.4 10.371507
11.2 11.212872
11.900001 11.8784485
11.599999 12.203864
11.2 11.260891
11.900001 11.863888
11.2 11.174902
11.5 11.656955
11.900001 11.977996
11.3 11.648725
12.199999 12.229031
11.999998 11.955682
11.5 11.768747
11.400001 11.381639
11.5 11.612043
12.251195 11.552066
13.555932 13.295736
12.399998 12.188101
11.581486 12.616196
12.399998 11.926381
11.2 11.051891
12.685027 12.568221
11.2 11.266615
11.7 11.709875
11.2 11.218226
12.499997 11.598758
11.1 11.054896
12.699998 12.564576
11.1 11.109063
11.2 11.229525
11.599999 11.554552
11.900001 12.286004
11.7 11.703929
11.900001 11.890281
12.899998 12.791297
11.900001 11.619022
11.900001 11.881649
12.1 12.141064
11.599999 11.591636
11.3 11.407995
11.2 11.233354
11.7 11.7893
11.8 12.3331
11.7 12.000197
11.900001 12.137281
11.5 11.575496
10.7 10.353356
13.899971 13.784709
11.5 11.482131
11.2 11.333157
14.200179 14.521998
13.600039 13.028073
11.2 11.246453
12.199999 12.156012
11.999998 12.323552
11.900001 12.212398
11.821246 12.007087
11.2 11.226082
12.399998 11.939901
11.999998 11.962184
11.2 11.193636
11.5 11.737038
10.40103 10.281364
11.1 11.556771
12.599997 12.377767
11.900001 11.9604025
11.599999 11.684981
11.3 11.603598
11.7 11.776962
11.599999 11.668842
12.199999 11.847844
11.1 11.070109
11.5 11.543899
11.2 11.265057
11.2 11.221881
11.8 11.825099
13.699981 13.539348
11.900001 11.802889
11.7 12.031354
11.3 11.3797035
11.900001 11.857355
12.1 11.348768
11.2 11.152133
12.1 11.918304
11.5 12.403441
11.8 11.259238
11.2 11.337582
11.1 11.607257
11.3 11.240235
11.7 11.689152
15.79897 12.261781
11.1 11.096434
11.400001 11.385102
10.1 10.796953
11.49794 11.569677
11.2 11.416847
11.2 11.059487
11.599999 11.577332
11.2 11.724353
11.392429 12.406383
11.7 11.602716
11.2 11.433819
11.900001 11.535559
11.8 11.781818
11.3 11.5911
11.7 11.666176
11.7 11.64837
11.555932 11.335704
11.999998 11.961454
11.999998 11.83094
11.3 11.396621
11.7 12.010208
11.599999 11.494105
11.8 11.682699
11.8 11.679923
12.499997 12.585286
11.3 11.393273
11.2 11.437334
11.3 11.652109
12.199999 12.40638
13.000009 12.955916
11.3 11.392345
11.7 11.778339
11.1 10.937006
11.5 11.437996
11.5 11.55221
11.900001 11.334927
11.900001 12.332755
11.2 11.326818
11.2 11.148683
11.900001 11.947722
11.599999 11.4704275
11.5 11.398754
11.2 11.274742
11.2 11.231645
12.399998 11.9014015
11.5 11.530201
12.058607 12.00814
11.400001 11.478376
15.400163 15.022124
11.2 11.180398
11.999998 12.895775
11.5 11.531469
11.599999 11.975986
11.599999 11.478818
11.900001 11.882813
11.900001 11.693406
11.5 11.780584
10.1 12.283932
11.900001 11.852417
10.40103 10.546399
11.1 11.109306
11.900001 11.87889
11.400001 11.448238
11.900001 11.871281
11.2 11.326543
11.2 11.058675
13.299971 13.894269
11.999998 12.166278
11.400001 11.3902855
11.3 11.787272
11.1 11.022736
12.499997 11.991935
15.1 14.269289
11.2 11.230394
10.7 10.650881
11.8 12.027959
11.5 11.752297
11.8 11.806886
14.40103 15.067279
11.2 11.402968
12.199999 12.47747
11.400001 11.371864
11.3 11.322277
11.0 10.5140915
11.3 11.677685
11.599999 12.065411
11.900001 11.912715
11.1 10.954729
11.8 11.894517
11.7 11.790349
11.1 11.1264715
11.400001 11.389773
11.900001 11.930039
11.2 11.202807
11.2 11.585396
11.400001 12.346448
15.299971 15.377565
11.3 11.195152
11.7 12.037117
11.400001 11.4978695
11.400001 11.39233
11.5 11.572668
11.1 11.341685
11.5 11.493329
11.1 11.114871
11.900001 11.851686
10.2 10.83937
12.599997 13.217038
12.699998 12.199924
11.1 11.080519
12.899998 11.754419
11.3 11.504777
11.2 11.294231
11.3 11.301238
11.49794 11.382085
11.900001 11.732574
13.409894 13.428311
11.8 11.630912
11.1 11.124079
12.1 11.455117
11.900001 11.971213
11.2 11.122008
11.75 11.594048
11.1 11.231689
11.3 11.306885
12.499997 12.5155115
10.40103 11.244643
13.1 13.121589
11.1 11.177248
11.3 11.549454
11.400001 11.585749
11.999998 11.571718
11.2 11.357267
11.2 11.394688
11.1 11.082788
14.145758 14.516316
12.699998 11.9248085
13.1 11.668378
11.7 11.85824
11.599999 11.261833
11.2 11.198339
12.499997 11.868678
11.2 11.315606
11.1 11.248717
11.2 11.257347
11.999998 11.85733
11.5 11.402497
11.900001 11.877014
11.3 11.329701
11.400001 11.43339
11.900001 11.871963
10.79897 9.980263
11.8 11.610046
11.400001 11.631142
11.2 11.240239
11.1 11.196176
13.299971 13.172879
11.2 11.250481
11.3 11.617941
11.900001 11.914877
11.2 11.342753
13.800057 14.508185
11.2 11.2894945
12.460513 13.002157
11.5 11.663516
12.321849 11.080042
10.1 10.8507395
11.1 10.890607
11.5 11.495546
11.5 11.470156
11.2 11.155885
11.7 11.708206
11.7 12.589754
11.3 11.39097
11.2 11.277152
10.70206 10.860753
11.1 11.151386
10.9 10.988985
12.499997 13.012363
11.5 11.479793
11.2 11.299507
12.899998 13.556332
11.2 11.203501
11.2 11.213101
10.1 10.6924515
11.2 11.1504135
11.599999 11.477408
10.4 10.732074
14.600313 13.545173
11.7 11.727255
11.900001 11.826013
11.2 11.365834
10.5 10.935214
11.7 11.7161045
13.000009 12.754545
11.2 11.233139
14.869551 15.1309595
11.2 11.188538
12.49794 13.318107
12.899998 12.87891
11.1 11.198895
11.2 11.1826315
13.200015 13.63541
11.8 11.8167925
13.500008 14.216335
12.699998 12.416974
11.2 11.433336
11.400001 11.442214
11.2 11.286979
12.799992 11.821341
13.200015 12.2042675
11.1 11.5379305
11.89588 13.17927
11.1 11.065569
11.900001 11.957099
11.5 11.655334
12.599997 11.875613
13.800057 13.119776
11.923909 11.63834
11.5 11.562299
11.2 11.230281
11.2 11.175355
10.49794 10.561507
12.953872 12.197849
11.3 11.355133
11.999998 11.409755
11.1 11.026187
10.418758 10.484461
11.1 11.171757
12.499997 12.129261
14.1 13.793466
11.7 11.701827
12.499997 12.07054
13.500008 13.401027
11.8 11.851383
11.599999 11.726413
11.7 11.73101
12.199999 11.583323
11.599999 11.117576
12.299998 12.348437
11.8 11.825587
14.299971 13.926007
11.1 11.125782
13.600039 13.098537
11.900001 11.780266
13.986056 12.543373
10.1 9.792416
11.5 11.553858
13.465243 11.396961
11.400001 11.444158
11.400001 11.375539
11.900001 11.748147
11.599999 11.617448
11.999998 11.801181
12.899998 12.520717
11.2 11.221284
11.115759 11.260875
12.699998 11.84535
11.5 12.474626
11.900001 11.774284
11.5 11.470994
11.3 11.331393
12.699998 12.377106
11.900001 11.929308
12.953872 12.971825
11.8 11.701438
13.899971 14.81821
11.2 11.08633
11.8 11.576539
14.600313 13.696228
11.2 11.0673275
11.999998 12.160863
11.711954 11.543001
11.900001 12.012732
11.900001 11.87572
10.1 10.409424
12.399998 11.843562
9.622879 9.689474
11.2 11.228013
10.70206 10.618291
12.1 11.963101
10.1 10.036885
11.599999 11.665325
11.3 11.313323
11.900001 11.849885
12.699998 12.487973
13.299971 13.158368
11.599999 11.558073
11.2 11.198492
11.400001 11.329323
11.1 11.471313
12.399998 12.183092
11.3 12.060317
11.599999 11.623963
11.7 13.070412
11.400001 11.591519
13.622879 13.776732
12.199999 11.824487
11.599999 11.774683
11.5 11.549121
11.999998 11.993144
14.1 13.097208
12.699998 12.751342
11.2 11.3920145
11.900001 12.418639
12.54855 13.532081
12.399998 11.869808
11.2 11.283591
11.900001 11.911202
11.5 11.546934
11.900001 11.841064
12.399998 12.241857
11.8 11.855479
10.89588 11.271126
12.299998 12.381461
11.1 11.184048
11.1 11.176369
11.599999 11.598779
13.1 12.565805
12.299998 11.875913
11.2 11.188995
11.7 11.68707
11.2 11.477787
10.3 10.451823
11.999998 12.456976
11.2 11.196751
11.7 11.65751
11.2 11.151192
11.2 11.193243
13.622879 13.800861
11.8 11.870288
11.400001 11.464022
13.214758 12.7917385
12.175721 12.724352
13.1 12.274017
11.1 11.230997
11.2 11.282836
11.8 11.771571
6.1 4.95031
9.506714 10.11236
11.400001 11.499358
13.1 13.719123
10.4 10.952781
11.400001 11.389946
12.078811 11.783786
11.999998 11.748166
11.8 11.791556
11.599999 11.656623
10.958237 10.801554
11.5 11.634378
12.299998 12.177038
11.5 11.712096
14.8447275 13.514999
11.900001 11.884937
11.2 11.218135
11.400001 11.454388
11.7 11.831485
12.199999 12.385484
11.999998 11.9149
10.1 10.273733
12.499997 12.611816
11.400001 11.468989
11.2 11.31294
10.4 10.067869
12.599997 13.129051
11.900001 11.853685
11.2 11.318169
12.399998 11.899258
11.900001 11.871166
11.2 11.319597
11.1 11.187956
11.900001 11.838555
11.900001 11.77753
14.299971 13.5795145
11.2 11.450875
11.2 11.258842
15.49794 14.960071
11.058607 11.177861
11.599999 11.702395
11.599999 11.5937395
11.5 11.492257
11.5 11.432734
11.999998 11.926582
11.599999 12.05133
14.400163 14.222261
13.000009 13.006752
11.1 11.1785345
15.299971 15.199433
11.599999 11.672415
11.2 11.249503
10.622879 10.318452
11.1 11.170678
11.2 11.811564
9.79897 9.535427
11.5 11.393282
11.900001 11.825381
11.2 11.23116
13.1 13.859911
11.599999 11.448439
12.1161 11.260597
11.2 11.253724
11.7 11.867983
10.1 9.936396
11.2 11.225508
11.5 11.384279
11.8 11.606552
11.1 11.178102
10.622879 10.466407
11.1 11.10787
11.1 11.185004
11.599999 12.480371
12.1 11.296311
11.2 11.429036
11.2 11.26807
11.2 11.592206
10.2 10.251743
11.599999 11.709975
11.3 11.578276
11.3 11.437928
12.499997 13.751828
11.1 11.147116
11.8 12.172151
12.199999 11.770222
12.199999 12.356801
11.5 11.664765
11.822364 11.809097
11.7 11.891687
11.599999 12.350466
11.5 11.564377
11.400001 11.468966
12.599997 11.929082
12.699998 12.421611
11.5 11.503148
12.199999 12.276206
11.2 11.166457
11.5 11.437577
12.499997 12.023249
11.5 11.614291
13.47675 12.98507
12.799992 11.738992
11.8 11.743002
13.600039 13.828274
11.900001 11.964207
11.400001 11.916201
13.000009 13.356471
11.2 11.256018
12.199999 11.93736
11.1 11.172285
11.2 11.410823
11.3 11.527276
11.1 11.073228
13.1 12.784641
9.79897 9.894207
12.299998 12.357483
13.600039 13.443835
12.199999 11.701781
11.1 11.061721
12.199999 12.124695
11.400001 11.422938
11.400001 11.578954
12.299998 12.2304
11.7 11.783847
12.799992 13.039081
11.2869625 11.418895
11.815606 13.384015
11.1 11.952453
11.5 11.591444
11.599999 11.873657
12.399998 11.854569
11.400001 11.472177
12.399998 12.119832
11.7 11.762795
11.3 11.245751
12.1 12.270438
13.800057 11.362788
11.7 11.620941
10.79897 10.689557
11.5 11.257468
11.999998 12.181174
11.1 11.15822
11.999998 12.027126
11.1 11.247078
11.900001 11.90187
11.622879 10.892615
11.400001 11.311193
11.1 11.2256155
11.900001 11.83328
11.3 11.283628
10.3 10.626843
10.4 10.705279
10.5 10.524386
14.145758 14.593931
10.1 10.041893
11.900001 12.474009
11.1 11.163154
11.400001 11.626344
11.900001 11.873349
11.7 11.731016
11.1 11.274139
11.3 11.589199
12.248742 13.915061
10.70206 10.7909975
12.199999 11.6248255
12.299998 12.311812
11.900001 11.858601
11.3 11.495821
11.303734 11.393214
11.900001 12.054433
13.180922 12.169605
11.5 11.570391
11.1 11.171125
11.2 11.202118
10.1 10.089152
11.2 11.373788
11.207906 10.718522
11.900001 11.949347
11.2 11.173775
11.2 11.444005
11.1 11.043748
11.400001 11.4539385
11.3 11.462765
11.5 11.534541
11.8 11.7682085
11.2 11.253471
14.200179 14.243523
11.1 11.062377
11.5 11.509608
11.5 12.466112
10.9 11.6637945
13.200015 12.908763
12.799992 11.790343
12.499997 13.242353
11.599999 11.649563
10.2 10.784794
11.8 12.684497
11.2 11.169941
11.8 11.766941
11.900001 11.907172
11.2 11.098156
10.186186 10.014578
13.399989 13.522806
11.5 11.628206
11.1 11.213043
11.5 11.531132
11.1 11.11131
11.2 11.397074
11.1 11.133016
12.199999 12.192695
11.1 11.23353
11.1 11.074723
12.499997 12.925188
11.5 11.588054
12.199999 12.531107
11.1 11.443232
11.1 11.119417
11.5 11.478054
12.799992 11.631339
11.2 12.202974
12.1 11.960943
11.900001 11.900328
12.418758 12.374299
11.3 11.326525
11.3 11.277891
11.400001 11.6409025
12.399998 11.932789
11.999998 12.055845
11.5 11.652841
11.2 11.178874
12.499997 13.373235
11.1 11.125632
10.79897 10.776071
11.3 11.418062
11.2 11.287504
11.2 11.63478
11.999998 12.178958
11.1 10.878212
11.1 11.234922
14.901343 14.741631
12.699998 12.421641
12.199999 12.111628
10.79897 10.492425
11.2 11.670812
11.1 11.055682
11.599999 11.682399
11.1 11.453586
11.1 11.556673
11.599999 11.611899
12.599997 11.840719
12.199999 12.173115
11.7 11.868353
11.900001 11.854012
11.2 11.220778
11.2 11.655323
11.1 11.156707
11.900001 11.723319
12.299998 12.620794
11.999998 11.584906
11.2 11.338576
14.1 14.473017
9.79897 9.923379
12.899998 12.771497
11.7 11.686615
11.2 11.412247
11.5 11.548543
11.1 12.180067
11.3 11.600201
11.599999 11.700631
11.900001 11.830328
12.299998 11.908378
11.7 11.645301
11.7 11.6786995
11.3 11.3074875
12.699998 11.918053
11.2 11.233391
11.1 11.124031
11.3 11.321965
12.1 12.250352
13.200015 13.931969
12.299998 13.35731
11.1 11.1075325
11.7 11.871826
11.1 11.412198
11.5 11.211369
11.900001 11.92269
11.8 11.260781
11.7 11.8029995
11.2 11.117773
10.321849 10.38205
11.900001 11.853745
11.1 11.054541
11.900001 11.940035
12.199999 12.389736
11.7 11.76353
11.1 11.405716
10.8 10.88134
14.299971 13.148225
11.1 10.881134
12.699998 12.006438
11.400001 11.424048
11.1 11.231316
11.400001 11.547245
11.1 11.035845
11.1 11.275287
11.3 11.504606
12.399998 12.056395
11.1 11.092396
12.1 12.245206
13.1 11.902064
11.5 11.509789
11.400001 11.472659
10.445824 10.580278
11.2 11.297892
11.3 11.453742
11.400001 11.453115
12.899998 12.669187
13.000009 12.437011
11.900001 11.846181
11.400001 11.481003
11.400001 11.428591
11.900001 12.833862
11.5 11.567208
11.3 12.039696
11.1 11.321546
11.900001 11.873711
10.622879 10.66504
11.3 11.431267
11.2 11.321979
12.199999 11.7919
11.5 11.726318
11.5 11.530665
11.999998 11.674539
11.3 11.3058605
11.3 11.286094
11.1 11.408867
11.2 11.51811
11.3 11.421654
11.8 12.126417
13.299971 12.767029
11.2 11.190141
11.900001 11.758708
11.599999 12.724271
11.2 11.375421
12.990712 12.82152
14.400163 15.345709
13.500008 12.813478
11.1 11.228087
11.2 11.257115
11.5 11.461728
11.1 11.257334
13.821246 13.232827
11.7 11.762687
11.1 12.0670185
11.1 11.178801
12.1 11.825806
12.599997 11.861364
11.1 11.173968
11.7 11.849761
11.2 11.1216345
11.400001 11.471267
12.1 11.447739
11.2 11.097172
14.600313 14.236849
10.70206 10.824202
10.4 10.9095545
11.685027 11.798511
15.254902 12.866104
11.1 11.245983
11.8 11.684629
12.499997 11.760907
11.2 11.408057
11.1 11.406388
11.1 11.184203
11.3 11.55782
15.200179 14.122184
13.399989 13.163744
11.29586 11.252791
12.299998 11.936629
14.8447275 14.1300125
11.900001 12.095526
12.1 11.246774
12.923909 12.614795
12.218045 11.536485
11.900001 11.276156
11.400001 11.410026
11.999998 11.817248
11.3 11.367555
11.999998 11.664832
11.5 11.54705
11.2 11.358674
12.520216 11.407893
11.45 11.486929
14.79897 15.135851
11.2 11.232977
11.3 11.531311
10.1 10.161655
11.1 10.987552
11.2 11.380545
11.900001 11.800704
11.999998 11.981693
11.3 11.296225
11.900001 11.860799
11.8 11.820367
11.2 11.209513
11.1 13.339986
12.599997 12.951412
11.3 11.2893715
11.8 11.867851
10.1 10.820076
11.2 11.238689
11.8 11.821013
11.3 12.263065
13.1 13.10196
11.5 11.631132
11.1 11.765326
10.976149 11.293393
11.2 11.233166
12.1 11.488352
13.000009 13.292631
11.900001 11.59227
11.2 11.275436
11.900001 11.741483
11.3 12.236805
10.70206 10.86167
10.1 10.1056595
11.1 11.486973
12.145758 12.3197
11.1 11.332073
14.999629 14.417546
11.1 11.327024
13.899971 13.81089
12.1 11.743877
10.622879 10.717199
11.3 11.41469
12.499997 12.723316
11.2 11.208357
12.199999 12.105979
11.999998 11.917574
11.900001 11.929085
13.500008 12.007415
11.1 11.013308
11.2 11.125797
11.7 11.5977125
11.3 11.350174
11.788246 12.271429
11.2 11.124344
11.2 11.353757
11.400001 11.313754
12.199999 12.097194
11.7 11.697514
11.999998 11.796697
12.599997 12.010543
11.2 11.187884
11.900001 11.9128065
11.1 11.208425
11.599999 11.397117
11.5 11.62775
11.7 11.691512
13.600039 12.839849
11.900001 11.792788
10.622879 11.005308
11.2 11.208814
12.799992 13.181011
11.400001 11.366244
11.8 11.742372
13.500008 12.421146
13.500008 12.491318
11.3 11.287208
11.400001 11.413117
11.2 11.115209
11.900001 13.5323925
11.1 11.224636
11.2 11.343832
11.8 11.600842
14.719789 14.75489
12.299998 12.11797
11.3 11.686562
12.499997 12.834408
11.1 11.11409
11.5 11.710158
11.2 11.15013
11.999998 11.969141
11.8 11.80056
13.500008 13.2964325
11.900001 11.906015
14.1 14.495809
11.2 11.310594
11.5 11.783552
11.5 11.591817
10.581486 10.430668
11.7 11.710195
14.1 13.406725
11.2 11.200993
11.2 11.372604
