11.8 12.045227
10.1 9.718258
12.699998 12.497665
11.2 11.230958
11.1 11.160667
12.599997 13.720285
11.8 11.827145
11.8 12.067837
11.3 11.394254
11.1 11.2102165
12.351812 12.522772
11.3 11.934641
11.2 11.246704
12.499997 12.736492
12.599997 11.862057
11.2 11.240292
11.900001 12.269901
13.685027 14.913628
11.2 11.271484
11.2 11.153485
11.665431 10.696463
12.799992 12.171629
11.7 11.640902
10.79897 10.2492485
11.2 11.219215
11.2 11.203896
13.972057 12.687885
11.599999 12.770596
9.40103 9.27961
12.1 12.020302
11.900001 11.923887
11.5 11.442606
12.499997 12.575499
11.900001 11.902121
11.1 11.097821
11.1 11.157671
11.5 12.039623
14.1 13.130331
11.3 11.746563
11.3 12.141361
13.1 12.8066845
11.400001 11.47491
11.5 11.5808525
12.599997 12.011099
12.543697 12.741661
11.3 11.401303
11.1 12.243698
12.899998 11.64953
12.199999 11.514954
11.7 12.648527
11.3 11.271193
11.900001 11.92696
11.1 11.373741
11.599999 11.672379
11.1 11.170919
11.999998 11.895611
11.599999 11.589342
11.900001 11.98814
13.608639 13.452496
13.344125 12.906782
11.2 11.2320175
11.1 11.1415825
10.622879 10.700344
12.699998 11.962524
11.900001 11.926571
11.999998 11.470259
13.999974 13.925068
12.499997 12.333466
11.999998 11.978256
10.9 10.573296
11.999998 11.991207
11.7 12.155038
11.2 11.195849
11.8 11.817448
11.3 11.289511
11.7 11.684866
11.900001 12.13143
12.087163 11.878998
11.1 11.106953
13.299971 13.329031
11.5 11.480778
11.900001 11.999847
12.299998 12.186945
13.200015 12.104778
13.0914 12.490221
11.8 11.850504
12.199999 11.219169
12.29382 12.239173
11.7 11.739632
11.1 11.128451
11.8 11.884319
12.5999975 12.637407
11.2 11.711965
11.2 11.285519
11.2 11.512321
11.2 11.2093525
11.400001 11.461979
11.2 11.207432
12.199999 12.195005
11.2 11.228609
12.899998 12.375799
11.2 11.241236
11.900001 11.902506
11.900001 12.116928
14.200179 12.163563
11.8 11.762329
11.599999 11.893967
11.7 11.696459
11.3 11.569599
11.2 11.19239
11.3 11.321323
11.2 10.978905
11.400001 11.54532
11.900001 12.238964
14.40103 13.807373
11.3 11.35023
10.1 10.049714
11.900001 11.872683
11.400001 11.588787
13.699981 13.442299
10.581486 10.544757
11.5 11.51372
11.599999 11.680049
11.400001 11.804186
15.26892 15.177952
12.199999 12.255548
11.5 12.778141
11.900001 11.875757
11.7 11.711906
11.2 11.261065
11.8 11.857103
12.1 11.891052
12.299998 12.612652
10.70206 10.772521
11.900001 12.141592
11.900001 11.932764
11.3 11.225639
11.3 11.325907
11.7 11.750605
13.167756 13.39135
11.7 11.771704
11.900001 11.3821535
11.999998 12.061216
10.869551 10.267717
12.399998 12.928778
11.7 11.847832
13.399989 13.02533
11.900001 11.903074
11.2 11.188545
11.2 11.296974
11.1 11.195469
11.5 11.530056
11.1 11.299538
10.1 10.257822
11.2 11.252953
13.000009 13.127941
14.1 13.797461
11.7 11.625563
11.3 11.452392
10.1 10.927156
12.685027 12.443111
12.1 11.982233
11.1 11.167936
11.5 11.559818
11.078811 11.167679
11.999998 12.051123
10.49794 10.460272
11.5 11.567627
12.901632 13.118456
11.400001 11.464183
11.2 11.334419
10.40103 10.313282
11.543697 11.401452
12.499997 12.402008
11.7 12.938845
11.7 11.998026
12.299998 12.442877
11.5 11.615356
11.1 11.2128105
11.2 11.149603
14.1 14.261862
11.999998 12.0057335
11.900001 11.943457
12.738272 12.627451
11.7 11.624212
10.79897 10.8083725
13.1 12.695538
11.5 11.322081
11.999998 11.67654
11.400001 11.403435
11.1 11.509905
11.1 11.277384
11.8 11.6172085
12.195114 11.766416
11.2 11.201744
11.999998 12.010923
11.900001 12.144819
9.70206 9.963367
11.8 11.835144
11.999998 11.927713
11.5 11.621622
11.400001 11.432411
12.899998 13.23543
12.199999 11.926634
11.400001 11.519373
11.3 11.276687
11.3 11.340839
12.599997 11.915955
13.1 12.950962
11.3 11.5011425
12.1 12.215435
12.461728 12.07794
12.899998 11.974445
13.899971 13.884758
9.79897 10.003733
11.999998 12.551495
10.89588 10.937727
12.499997 12.03137
11.7 11.688053
11.900001 11.896424
10.1 10.092759
13.399989 14.030102
11.2 11.85021
11.900001 11.888569
11.1 11.386367
11.1 11.159309
11.900001 11.914461
12.1 11.91346
11.400001 11.461189
12.199999 11.251476
11.5 11.389547
10.1 10.125895
11.8 11.842215
11.7 11.788031
11.622879 12.223591
10.99279 11.310795
12.599997 12.727509
11.5 11.524076
11.1 11.593103
11.2 11.248964
11.900001 11.915304
10.4 10.410082
12.1 12.17164
11.5 11.642121
11.599999 11.880915
11.8 11.546459
12.699998 12.315771
11.8 11.814404
11.555932 11.708843
12.199999 12.533503
11.900001 12.226484
11.1 11.108286
11.5 11.47702
11.599999 11.647409
11.900001 12.183701
11.3 11.436176
12.685027 12.857357
11.3 11.322346
11.900001 11.908005
10.49794 10.5352955
11.1 11.118023
11.900001 11.921236
12.1 12.298168
11.1 11.231703
11.5 11.492731
10.79897 10.721624
11.8 11.959997
12.599997 12.305059
11.3 11.356216
11.7 11.724346
11.400001 11.733068
11.2 11.245706
11.3 11.273508
11.3 11.30482
10.70206 10.769293
11.861954 10.742935
11.900001 11.938228
11.1 11.174473
12.299998 12.266788
11.2 11.216017
10.70206 10.758974
11.2 11.439646
12.1 11.944001
11.5 11.539478
12.399998 11.998781
14.299971 11.56583
11.3 11.297099
11.2 11.255246
12.799992 12.539188
11.2 11.188116
12.1 11.51922
11.8 11.771208
11.3 11.462231
12.199999 12.090427
13.899971 13.739281
11.7 11.649155
14.738272 14.896568
11.900001 11.642836
11.900001 11.915539
11.3 11.306955
11.3 11.319679
11.2 11.34702
11.2 11.186879
11.599999 11.623388
11.900001 12.591547
11.400001 11.973684
11.5 11.4303875
12.1 11.934527
11.2 11.226255
11.3 11.343517
11.1 11.223759
11.999998 12.113741
10.531798 11.042654
11.1 11.345941
11.99279 10.746862
11.900001 12.318621
14.299971 12.541777
11.5 11.612295
11.900001 11.917303
11.3 11.293392
11.5 11.266689
13.864471 13.4855175
14.118106 13.597113
11.599999 11.634203
11.900001 11.883284
11.5 11.481262
11.2 11.302649
11.3 11.387859
10.622879 10.854738
11.8 12.034678
12.79897 12.148454
11.999998 12.129707
11.1 11.150103
11.2 11.216169
11.900001 11.853262
11.1 11.206165
11.3 11.511718
11.1 11.218054
12.499997 12.052338
11.999998 12.022741
12.299998 12.53237
11.1 11.199358
11.900001 11.897589
11.999998 11.967332
14.1 12.657791
13.600039 13.094097
10.1 10.414331
12.799992 11.814814
11.3 11.370208
11.7 11.788645
10.622879 10.976341
11.1 11.224825
10.1 11.650192
12.299998 12.310558
11.1 11.21717
13.1 12.816265
11.900001 11.918106
11.1 11.105364
11.5 11.63765
13.200015 12.2253475
11.999998 12.844973
11.3 11.53429
11.5 11.634523
11.3 11.687014
12.199999 12.409935
11.900001 11.648748
10.1 10.620558
12.299998 13.0206375
11.400001 11.427406
10.622879 10.639019
11.999998 11.9417095
11.2 11.343749
11.400001 11.460408
14.299971 14.227964
11.2 11.273624
11.8 11.887398
10.622879 11.724123
11.5 11.568047
12.199999 12.233154
10.224938 10.203253
11.7 11.9868965
12.399998 12.745188
11.999998 12.010078
10.40103 10.299582
11.8 11.863208
11.2 11.336502
11.2 11.244268
12.300659 13.117283
11.7 11.705523
12.299998 11.3373165
11.1 11.384409
11.3 10.563831
14.49794 12.961746
11.1 11.232344
11.400001 11.416939
11.7 11.717834
10.1 10.262952
11.3 11.362934
11.1 11.290575
11.7 11.718679
12.699998 12.569647
11.1 11.359924
11.900001 11.935657
13.923909 12.652933
13.200015 11.646696
13.800057 13.157089
11.400001 11.487923
12.1 12.2676525
10.520216 10.557469
11.108774 11.230429
11.5 11.54006
11.2 11.179489
13.1 13.041029
12.199999 12.3463955
11.999998 12.023373
13.999974 13.347847
11.999998 12.478769
12.499997 11.743508
11.900001 12.171829
11.999998 12.014721
11.1 11.302544
11.2 11.237993
11.3 11.416182
12.599997 12.124851
11.2 11.224699
11.900001 11.883663
11.999998 11.857531
11.5 11.860773
13.699981 13.385233
12.499997 12.7843895
11.5 11.298817
11.7 11.74848
11.599999 11.682015
12.448722 11.368401
11.3 11.49704
11.19691 11.675058
11.7 11.414431
11.5 11.485443
11.900001 12.128485
11.2 11.441439
11.8 12.288429
11.1 11.1279335
11.7 11.761927
11.599999 11.573595
12.799992 12.491968
11.8 11.801342
11.2 12.275635
11.900001 11.885271
11.2 11.236486
11.999998 11.713099
11.599999 12.950695
11.599999 11.45779
11.5 11.566423
11.7 11.729739
11.1 11.260685
11.1 11.321774
11.900001 11.625671
11.1 11.14888
11.900001 11.858616
11.2 11.4557495
11.599999 11.6995535
11.3 11.279432
11.8 12.158369
11.900001 12.314611
11.3 11.395363
13.020819 12.486509
10.1 10.180347
9.70206 9.700136
11.1 11.147852
11.1 11.14657
12.199999 12.1389
11.7 11.329439
11.3 11.296738
11.8 11.876543
11.5 12.076871
12.399998 11.574247
11.2 11.22141
11.999998 11.949577
11.2 11.201305
12.953872 13.01679
11.599999 11.700979
12.113436 12.111979
11.3 12.167225
14.1 13.71422
10.1 10.51856
11.2 11.31399
11.5 11.371048
12.1 12.041403
11.599999 11.622418
11.2 11.330467
11.7 11.93765
11.999998 11.963637
11.1 11.161804
11.999998 11.91936
11.1 11.161329
11.400001 11.420195
11.640608 12.253504
11.900001 11.894247
11.3 11.824436
11.7 11.723549
11.2 11.211477
11.1 11.153486
12.699998 12.183119
11.5 12.061205
10.622879 10.649478
11.999998 11.698059
11.1 11.727901
11.5 11.199837
11.543697 11.2013855
11.5 11.552984
11.8 11.587669
11.3 11.400034
10.652842 10.533526
11.2 11.203363
13.699981 13.030624
10.40103 11.170188
10.79897 10.8622875
12.399998 11.355202
11.5 11.585782
11.2 11.353127
11.5 11.870935
10.1 10.325424
11.8 11.840704
11.7 11.800991
11.5 11.511273
11.7 11.60866
11.2 11.230415
11.1 10.867741
11.5 11.576229
10.70206 10.768466
11.1 11.182241
11.1 11.21893
11.3 11.252124
11.2 11.280867
11.599999 11.602554
11.7 12.555954
11.8 11.99478
11.1 11.163184
11.8 12.096207
10.70206 10.815218
11.900001 12.669968
10.79897 10.924326
11.400001 11.431601
12.1 11.908775
11.2 11.231985
11.5 11.525536
11.1 10.790462
11.5 11.73769
11.999998 12.279158
12.777781 11.237242
11.7 11.755697
11.1 11.287117
11.8 12.275869
11.7 11.798933
11.2 11.328644
12.1 12.189073
11.999998 11.888247
12.499997 13.244812
12.599997 12.319471
11.400001 11.632048
12.1 11.892132
12.299998 12.145218
11.8 11.8815
11.5 11.531425
13.117729 12.947594
11.8 11.797979
12.1 11.50761
11.2 11.248732
13.399989 12.531792
11.2 11.370684
11.5 11.522076
11.2 11.238325
9.79897 10.229904
11.3 11.282478
11.3 11.463792
11.7 11.690981
11.7 11.7393055
11.900001 12.0151005
11.2 11.260485
11.7 11.831303
11.179355 11.345366
11.8 11.886465
11.900001 11.881507
12.079304 12.37726
11.3 11.789265
11.400001 11.360014
11.235986 11.407005
11.1 11.1909895
11.3 11.268766
11.1 11.157915
11.2 11.389197
11.821246 11.664072
11.900001 11.898191
12.299998 12.51483
11.999998 11.970257
11.900001 11.904077
11.1 11.582532
11.1 11.182352
11.145275 10.874302
11.400001 11.472603
11.2 11.17823
14.1 13.749771
10.7 10.57272
11.7 11.662373
12.199999 12.869516
11.400001 11.432184
11.8 11.882915
11.599999 11.516502
11.8 11.819663
12.699998 13.045181
11.3 11.311095
11.7 11.806345
14.351262 14.546272
10.5 10.714096
12.058607 12.3954735
11.2 11.252508
11.3 11.261646
11.7 11.8523445
11.3 11.4097595
11.2 11.19913
11.400001 11.588219
11.1 11.21047
11.8 11.827747
12.799992 12.207298
11.7 11.750771
11.3 11.227276
13.103601 12.637295
11.5 11.591196
11.1 11.121797
10.1 10.159752
11.1 11.223929
12.599997 12.5985775
12.499997 12.653616
11.999998 12.150463
11.7 11.777864
11.5 11.578989
11.1 11.028807
11.3 11.415022
11.8 11.833649
11.8 11.661325
11.1 11.194878
12.599997 12.435122
11.999998 11.948189
12.1 11.903449
11.900001 12.024986
10.49794 10.902168
11.900001 11.912537
11.599999 11.247774
11.900001 11.881594
10.4372425 10.572817
11.2 11.26939
12.1 12.274179
11.7 11.786009
11.5 12.188864
10.1 10.097724
11.3 11.32788
11.8 11.918144
10.3 10.740805
11.1 11.170337
11.1 11.23328
10.9 12.051189
11.900001 11.925886
14.700326 15.469503
12.199999 12.378675
15.1 15.577656
11.3 11.30789
11.900001 11.960293
11.5 11.540594
11.953872 12.947594
9.40103 9.32394
11.2 11.248713
11.2 11.214775
14.581486 13.839075
11.1 11.7486725
11.900001 11.636289
11.5 12.212986
11.2 11.237873
11.599999 11.637602
11.8 11.513733
11.108774 11.209656
11.599999 11.538191
11.7 11.746833
11.3 11.855759
14.299971 14.064289
13.200015 11.592498
11.2 12.091266
11.2 11.294811
12.508935 12.541029
11.599999 11.661291
11.599999 11.999304
13.953872 14.09656
14.1 14.155565
12.799998 12.752592
13.299971 15.52565
11.5 11.536829
11.3 11.435725
11.058607 11.062077
11.3 11.3513775
11.7 12.179611
11.1 11.226807
10.769952 10.765121
11.1 11.152142
11.7 11.680691
11.900001 11.927369
11.599999 11.732609
11.8 11.817685
12.299998 12.154442
11.2 11.438673
11.8 11.861612
12.299998 11.541407
13.000009 12.307347
11.5 11.7041645
11.3 11.451101
11.2 11.341501
13.899971 14.770584
11.2 11.262281
11.999998 11.975876
11.1 11.220562
11.3 11.344355
11.7 11.793348
11.3 11.567682
10.70206 10.784414
12.799992 12.575205
14.700326 15.039402
11.5 11.702432
11.7 12.298864
12.799992 12.250067
12.1 11.8526945
11.1 11.061302
11.900001 11.535427
11.7 11.925678
11.900001 11.884903
12.499997 11.891923
12.074694 11.817127
11.1 11.147766
12.199999 11.993324
12.499997 12.006071
12.499997 12.152007
11.900001 12.302673
11.5 11.689663
11.1 11.176933
11.900001 12.154448
11.2 11.239981
11.3 11.377579
11.2 11.363667
11.5 11.568119
11.5 11.607468
12.199999 14.740849
11.2 11.383524
11.599999 11.480116
11.8 11.617481
13.600039 12.272171
11.1 11.339422
12.399998 11.947268
10.738272 10.184183
11.3 11.287188
11.3 11.440201
11.1 11.278076
11.599999 11.210999
11.2 11.766205
11.391998 11.437639
12.1 11.524855
11.999998 12.35544
13.600039 13.882885
11.2 11.191118
11.1 11.361698
10.40103 10.184183
12.499997 12.654745
11.1 11.357186
11.900001 11.910748
11.1 11.137149
11.5 11.517172
11.3 11.334936
11.599999 11.626161
11.2 11.222673
11.900001 11.911953
11.757577 12.030639
11.3 11.303868
11.599999 11.660811
11.999998 11.781663
11.3 11.404758
10.40103 10.406579
11.1 11.496264
12.299998 11.460409
11.8 11.841007
11.3 11.87569
11.2 11.19692
12.1 12.009747
11.1 11.113752
11.2 11.217503
11.999998 11.971041
13.500008 12.659452
11.2 11.299799
12.799992 13.044167
11.2 11.445358
11.900001 11.918644
11.1 11.1622505
11.1 11.128578
11.5 11.499598
11.599999 11.509407
12.199999 12.449814
11.400001 11.43606
10.40103 10.422712
12.1 11.853279
11.2 11.210064
11.2 11.325388
11.2 11.202826
11.5 11.50522
11.599999 11.635668
10.49794 10.528698
12.199999 12.209948
11.2 11.194313
12.1 12.082696
11.5 11.602978
11.1 11.204425
11.8 11.850566
11.45 11.759537
11.2 11.199902
11.5 11.321117
13.186186 12.068663
11.900001 11.8277645
11.8 11.856945
11.1 11.056797
13.035542 12.893312
10.5 10.373999
11.2 11.257889
11.2 11.219051
11.900001 11.999922
11.7 11.871763
10.2 10.459238
11.5 11.485655
11.999998 12.061876
11.5 11.546455
11.380575 11.434219
11.3 11.366882
11.1 11.172169
13.200015 13.490484
11.2 11.186192
11.5 11.800866
11.8 11.959799
11.2 11.275576
10.2 10.278047
11.3 11.367336
12.953872 13.6183605
11.3 11.401972
11.599999 11.78496
11.5 11.16107
11.400001 11.443066
11.900001 11.829208
11.1 11.121492
11.7 12.022251
10.1 10.024093
11.5 11.333832
12.1 11.72072
11.8 12.216394
11.900001 11.602921
13.1 12.161425
12.599997 12.1290455
13.299971 13.025106
11.599999 12.372721
14.600313 14.583494
11.1 11.306122
11.900001 11.926941
14.200179 13.417635
11.999998 11.960308
11.1 11.170944
10.1 10.159447
10.2 10.264351
11.999998 12.011154
11.400001 11.500715
11.400001 11.374784
11.5 11.503353
13.699981 12.888042
11.2 11.392878
11.5 11.233921
11.5 11.530895
10.622879 11.622536
11.999998 12.149424
11.8 11.759666
11.5 11.484606
11.374088 12.05451
11.900001 11.917951
11.1 11.281489
11.2 11.179138
11.2 11.212075
11.5 11.323481
11.7 11.746864
11.999998 11.42632
11.1 11.136998
11.2 11.282112
11.3 11.294777
11.400001 11.511242
11.2 11.187771
11.400001 11.428759
11.2 11.369425
11.2 11.263946
11.8 11.582365
11.2 11.165009
11.2 12.013569
11.900001 11.8922615
11.3 11.224887
11.1 11.143534
11.900001 11.399731
13.899971 13.626265
11.5 11.555145
11.7 11.548031
14.200179 14.38715
11.2 11.316841
11.7 11.698244
12.499997 12.832104
12.1 11.830398
11.900001 11.926821
13.202373 13.826981
11.3 11.332
10.1 10.090816
14.600313 13.856571
11.2 11.240718
12.499997 12.452984
11.599999 11.352459
11.3 11.426949
11.103488 11.123901
11.1 11.300238
11.3 11.5098915
11.1 11.241875
11.7 12.488228
12.599997 13.047274
13.446788 12.126188
11.900001 11.91317
11.599999 11.554284
13.1 12.819826
11.2 11.2091675
12.899998 12.541595
11.5 11.537995
10.622879 10.4675865
12.399998 13.238028
9.40103 9.36248
11.1 11.151642
11.273925 11.554243
11.923909 11.980095
11.3 11.270071
9.893174 9.827959
11.3 11.3663845
11.49794 11.645893
11.7 11.837987
11.900001 11.897099
14.500117 13.799452
11.1 11.291794
11.043335 11.068134
12.399998 12.142309
11.3 11.590542
11.599999 11.71776
12.499997 12.469681
13.000009 12.874149
12.499997 13.115612
11.5 11.582539
11.999998 11.825007
11.400001 11.460915
11.1 11.5223255
11.953872 11.87011
11.2 11.213512
11.5 11.369839
11.1 11.168863
11.1 11.1691065
11.2 11.239897
11.7 11.598551
11.3 11.610983
11.999998 12.220217
12.699998 12.049494
14.953872 14.928154
11.2 11.427589
11.900001 12.252285
11.900001 11.929321
11.900001 11.908915
11.1 11.159395
10.1 10.049612
12.699998 13.205433
11.3 11.665081
11.1 11.157932
11.2 11.1933
11.999998 11.93035
9.47675 9.557079
11.1 11.422712
11.3 11.315884
12.899998 12.576328
11.7 11.617704
11.599999 11.669469
11.400001 11.412577
11.7 11.865007
11.7 12.197231
11.900001 11.970884
11.5 11.575335
11.8 12.446451
13.500008 13.54455
11.5 11.483364
11.900001 11.886219
11.8 11.800663
11.2 11.218601
11.400001 11.437127
11.1 11.120249
11.3 11.976951
11.2 11.23093
10.40103 10.345371
11.599999 11.681801
11.2 11.199112
11.1 11.293173
11.900001 11.911282
11.2139435 11.284281
12.199999 12.21014
11.2 11.182819
11.3 11.372108
11.599999 12.656065
11.400001 11.599165
11.7 12.1570015
11.2 11.782104
11.900001 11.891139
11.7 11.505484
11.7 11.669189
11.3 11.316288
11.599999 11.445066
12.699998 11.882137
11.2 11.261988
13.000009 14.020805
11.3 11.533207
11.1 11.317291
11.999998 11.972242
11.1 12.410427
11.999998 11.445028
11.8 11.861549
11.599999 11.5538025
11.1 11.143078
11.900001 12.111015
11.400001 11.515326
11.3 11.275809
11.5 11.554267
11.900001 11.875493
11.3 11.416676
12.699998 11.663107
11.7 11.858572
11.1 11.170141
12.499997 12.260992
11.900001 11.908049
11.8 11.846323
11.400001 11.59177
11.7 12.092403
11.5 11.485722
11.2 11.214844
12.854487 12.556349
11.8 11.840397
11.8 11.594269
11.1 11.541486
11.953872 12.221482
12.1 12.603746
11.900001 11.919004
11.8 11.940504
11.900001 11.453643
13.000009 13.331802
11.400001 11.614838
11.599999 11.704456
11.1 11.208752
11.1 11.250975
11.400001 11.483665
11.5 11.575612
11.7 11.577856
11.2139435 11.230314
11.40103 10.731136
11.1 11.19046
11.5 11.99642
11.7 11.594887
12.499997 12.29459
11.999998 12.23093
10.40103 10.498087
11.3 12.108776
11.900001 11.302189
10.70206 10.744143
11.400001 11.43615
11.2 11.195072
11.999998 11.52475
11.1 11.144191
12.899998 13.121698
11.7 11.807312
11.8 11.791227
11.1 10.394619
11.999998 11.605438
11.999998 12.415285
11.3 11.646137
11.1 11.143487
11.8 12.615786
11.3 11.358639
12.699998 11.942923
11.900001 12.0890465
11.7 11.43531
11.8 12.062157
11.900001 11.82292
12.058607 12.235737
11.1 11.122421
11.3 11.553801
11.900001 11.94422
10.89588 10.9225445
11.3 11.566231
11.3 11.452008
11.5 11.523016
12.199999 12.358892
11.637602 11.639435
11.400001 11.591073
12.799992 12.009933
11.900001 11.907555
12.1 12.107898
11.900001 11.912373
11.2 11.430754
11.1 11.184027
11.999998 12.1305275
11.2 11.232321
11.2 11.682558
11.900001 11.878891
11.15 11.268855
11.7 11.728184
11.3 11.511586
11.900001 11.887203
11.5 11.760868
11.1 11.137661
11.5 11.979769
11.2 11.21143
11.599999 11.674358
11.999998 12.370182
11.7 11.621006
11.7 11.69309
11.5 11.579872
11.400001 11.366397
10.555932 10.73629
11.8 11.890397
11.2 11.203444
11.40103 11.433208
13.699981 13.531034
11.400001 11.447844
11.1 11.1378145
13.999974 13.915525
12.699998 11.93092
11.2 11.30396
10.40103 10.550986
10.622879 10.68899
12.599997 11.903274
13.999974 14.198032
11.1 11.118107
10.8064165 10.766228
11.3 11.489519
12.199999 12.954
13.314671 13.047668
10.8 10.695162
12.1 11.488602
12.299998 12.416071
11.2 11.219032
12.799992 11.899134
11.8 11.840549
11.400001 11.3966465
15.500117 15.776403
13.399989 12.792334
11.599999 12.427881
13.29382 13.69507
11.2 11.187384
11.2 11.225978
11.1 11.2358
11.8 11.881842
12.299998 12.564405
11.2 11.503719
11.2 11.29029
11.999998 12.049597
11.2 11.261869
11.900001 11.904936
11.2 11.188248
11.2 11.239073
11.5 11.484854
11.1 11.098507
11.7 11.636747
11.900001 12.180025
11.599999 11.226204
12.399998 12.110317
11.599999 12.004677
11.2 11.19849
11.5 11.726805
12.499997 12.776493
11.2 11.583681
11.5 11.244368
13.699981 13.1135235
11.900001 11.909527
13.299971 12.741098
11.8 11.9598675
11.3 11.335156
11.999998 12.215372
11.599999 11.576131
11.7 11.790688
11.3 11.418732
11.2 11.201887
11.999998 12.073229
11.599999 11.637236
12.499997 13.07472
12.199999 12.151907
11.2 11.253138
12.399998 12.278059
11.2 11.278524
11.3 11.246597
11.2 11.234959
11.3 11.325576
11.2 11.217457
11.2 11.270052
11.2 11.691114
11.900001 11.918951
12.299998 12.095339
13.19691 11.991165
11.2 13.542879
11.999998 11.995229
11.043335 11.133804
10.49794 10.416452
11.2 11.251385
11.1 11.1948395
11.8 11.87631
11.400001 11.707754
11.400001 11.33873
12.555932 12.763935
12.499997 11.694241
11.2 11.236431
11.2 11.813053
11.7 11.836737
11.2 11.34136
11.400001 11.409319
13.600039 13.477028
12.399998 12.184378
12.799992 11.68274
12.799992 12.143925
12.499997 12.281205
11.400001 11.44055
11.3 11.25975
11.254902 11.627518
11.219187 10.774826
11.5 11.583353
11.8 11.860973
11.900001 11.915803
11.400001 11.459076
11.7 11.763453
12.449998 12.0355625
11.8 11.801994
11.2 11.205235
11.2 11.244753
11.2 11.1672325
11.2 11.152662
10.622879 10.608484
11.900001 11.911844
11.999998 12.342456
11.999998 11.992384
11.1 11.170656
11.999998 11.927942
11.900001 12.15435
10.622879 10.774216
11.3 11.309746
11.599999 11.62244
13.1 13.49498
11.2 11.302685
12.599997 11.473784
11.1 11.174715
14.1 13.528696
11.1 12.076063
11.3 11.491426
11.900001 11.921492
11.599999 11.475895
11.599999 11.897049
11.2 11.519456
9.47675 9.526258
12.066576 12.879837
12.499997 12.274544
11.7 11.795971
12.727088 12.283007
11.400001 12.010262
11.367606 11.507639
11.8 11.806492
11.3 11.355169
11.3 11.444603
11.5 11.908964
11.3 11.467712
11.5 11.541893
11.8 11.806554
10.078811 10.044647
11.400001 11.468156
11.900001 11.887575
11.2 12.11932
10.40103 10.370018
11.3 11.2953205
11.1 11.115034
11.1 11.28151
11.1 11.152649
11.5 11.318899
11.5 11.798069
12.608865 12.694866
12.805533 13.556496
11.5 11.473684
11.400001 11.545378
11.8 11.831415
10.1 10.092327
11.599999 11.619312
11.1 11.150877
12.699998 11.941065
11.3 11.323471
13.399989 12.806719
11.7 11.720234
13.000009 12.795519
11.3 11.707869
11.999998 12.243708
11.900001 11.785841
11.2 11.195129
10.79897 10.152359
11.637602 11.19854
11.2 11.3190975
11.2 11.212002
11.900001 11.897513
11.8 12.091122
11.462984 11.64958
12.599997 12.981842
11.8 11.809997
12.299998 12.205752
13.236677 13.805843
11.1 11.102512
13.000009 13.294065
11.400001 11.49058
11.3 11.557745
11.5 11.547376
13.300002 13.256752
11.7 11.958658
11.400001 11.306059
11.3 11.243755
11.400001 11.886958
11.3 11.56415
11.1 11.21534
11.8 11.824549
11.2 11.203384
11.7 11.842374
11.5 12.17734
11.1 11.135727
11.1 11.172197
11.2 11.323162
12.1 12.007084
14.700326 14.855444
11.1 11.067947
11.8 11.956905
11.900001 11.846379
10.3 10.633875
12.299998 12.05846
12.899998 12.563879
11.1 11.162193
10.409804 11.042723
13.200015 12.946619
11.900001 11.906965
11.400001 11.42483
11.7 11.773748
13.500008 13.164858
11.599999 11.70674
11.5 11.558033
12.599997 12.509983
11.2 11.224462
11.599999 11.431854
11.2 11.3828945
12.199999 12.002327
11.900001 11.519579
11.1 11.81209
11.2 11.49373
12.6934595 13.503399
10.1 10.0533905
11.7 11.687321
12.953872 13.098232
13.02329 12.506468
11.599999 11.257797
11.900001 11.9784355
10.165502 10.0126705
11.101723 11.634424
11.8 11.846199
11.7 12.516739
11.999998 11.873348
12.299998 12.246874
11.900001 11.894968
13.1 12.166435
12.199999 11.953059
11.45 11.608023
11.900001 11.924952
11.400001 11.440583
11.7 11.817524
12.499997 11.361665
13.000009 12.111671
11.7 11.333687
10.8 10.730598
11.599999 11.742674
12.1 11.837175
11.7 11.707651
11.2 11.365656
11.2 11.23822
14.1 13.474756
12.199999 12.313978
10.622879 10.672953
11.7 11.712555
11.900001 11.6562195
10.40103 10.767311
11.1 11.906747
11.3 11.313925
11.1 11.176424
11.2 11.211985
10.70206 10.844908
10.8 10.623457
12.869551 14.422348
11.999998 12.316509
11.999998 11.927679
13.399989 13.061119
10.122276 10.07736
11.1 11.143475
12.399998 12.521309
11.1 11.174185
11.5 11.53537
11.230182 11.966716
11.599999 11.654165
11.1 11.298504
11.2 11.529327
11.5 11.520907
11.900001 11.907561
11.1 11.133654
11.1 11.196869
11.3 11.611322
12.399998 11.962051
11.999998 11.26708
11.1 11.26509
12.499997 12.076214
11.400001 11.505694
11.8 11.850498
11.7 11.88346
11.5 11.48967
11.8 12.081287
11.1 11.016911
11.900001 11.927013
10.1 10.125093
11.8 11.973784
11.7 11.875151
11.5 11.5194645
11.900001 11.233126
12.399998 12.7173
11.599999 11.982027
11.3 11.47011
12.499997 11.937761
11.400001 11.370552
11.79897 11.436758
11.999998 11.915794
9.79897 10.164097
11.8 11.646734
11.5 11.652369
11.5 11.538742
11.5 11.6570425
12.1 12.692326
10.40103 11.434454
11.7 11.945511
11.900001 11.898525
13.299971 12.86598
11.3 11.306175
11.400001 11.411353
11.2 11.167656
11.7 11.702345
11.7 11.622042
11.2 11.2570305
12.799992 13.022091
11.3 11.458654
11.1 11.151968
11.7 11.722094
11.999998 11.617865
11.7 12.261375
13.899971 13.282003
12.399998 12.955374
10.887813 11.487013
11.900001 11.898617
10.608639 10.6056185
12.299998 11.962196
13.236677 13.343983
9.79897 10.229904
11.5 11.612364
11.427902 11.06115
11.5 11.697702
10.4 10.613033
11.7 11.681833
11.2 11.243313
11.2 11.204088
11.5 11.498598
11.900001 11.908642
12.245694 11.979486
11.900001 11.894857
11.2 11.203196
11.900001 11.912167
11.1 11.542965
11.254902 11.499676
12.199999 12.140108
11.5 11.199093
11.7 11.743881
11.618801 11.669042
11.999998 12.0261135
11.5 11.586466
11.2 11.984349
11.400001 11.572299
12.199999 12.609127
11.2 11.244911
11.400001 11.455696
12.947712 12.831936
11.3 11.26281
11.599999 11.584841
12.599997 12.411617
11.7 11.675791
11.5 12.133354
11.2139435 10.994774
10.40103 10.395024
11.8 11.962296
11.2 11.336664
11.900001 11.920607
11.900001 11.893177
11.8 11.887133
11.1 11.795055
11.2 11.207234
11.7 11.813257
11.400001 11.340314
11.8 11.441248
11.599999 11.639009
9.79897 10.2492485
11.1 11.11532
11.599999 11.423178
12.599997 11.783459
12.899998 13.006571
11.8 11.844936
12.622879 12.431343
11.599999 13.319157
11.7 12.290218
12.765546 11.699045
11.3 11.315941
11.5 11.529177
11.900001 11.885517
11.900001 12.238331
11.8 11.816699
10.40103 10.343498
11.8 11.909992
14.1 13.54583
11.900001 11.859703
11.999998 11.977327
11.2 11.334047
11.7 11.7379055
11.7 11.74357
11.599999 11.262344
11.8 11.806692
11.5 11.561026
11.2 11.22089
11.487216 12.679329
11.1 11.182173
11.2 11.218023
11.900001 11.903387
11.3 11.438093
11.599999 11.681112
11.1 12.380436
11.2 11.228243
11.671865 11.716667
11.599999 11.5457115
14.200179 15.348902
11.900001 11.816036
11.2 11.582319
11.999998 12.174736
14.901343 13.814299
11.900001 11.883432
11.5 11.581378
11.5 11.265167
11.599999 11.61945
10.1 10.056143
13.200015 13.364834
11.599999 11.654524
13.000009 13.721256
11.2 11.232637
11.508935 11.396391
11.8 12.03107
11.2 11.234328
11.7 11.778091
11.2 11.376096
11.3 11.407549
11.3 11.518207
11.400001 11.387114
11.1 11.134911
11.599999 11.772375
11.900001 11.900564
13.699981 12.640924
11.999998 11.909386
11.999998 12.0335045
14.1 12.061075
11.2 11.190301
11.400001 11.433868
11.2 11.628357
11.900001 11.961529
14.600313 12.053705
11.900001 11.222368
11.8 11.888395
11.1 10.609496
13.000009 12.903986
11.599999 12.031761
11.2 11.332928
12.199999 12.236107
11.8 11.755104
11.999998 12.254631
10.7 10.722731
11.3 11.444256
11.7 11.733004
11.1 12.040365
13.953872 13.470413
11.900001 11.949961
11.2 11.251884
13.200015 13.377575
10.581486 10.868322
11.599999 11.749554
12.499997 12.127115
11.2 11.206493
11.3 11.648546
10.4 10.380293
11.900001 11.88769
12.299998 12.150057
11.2 11.21209
11.1 11.931885
11.7 11.652927
10.1 11.974449
11.2 11.243328
12.300659 12.680105
11.1 11.133415
11.900001 12.12545
11.7 12.060844
12.399998 12.442818
11.400001 11.485619
11.3 11.258856
11.3 11.316832
12.399998 12.497547
11.2 11.227901
11.3 11.363546
12.499997 12.119873
11.5 11.517618
12.738272 11.037843
11.3 11.308344
11.5 11.5217285
11.2 11.181538
11.3 11.248646
11.400001 11.377314
11.2 11.213682
11.400001 11.450295
11.1 11.234522
11.999998 11.934028
11.999998 12.201296
11.1 11.213189
11.8 11.624899
11.3 11.385094
11.7 11.7385845
15.500117 15.235184
11.2 11.204676
10.40103 10.586451
11.599999 11.628502
11.599999 11.686144
11.1 11.217291
11.2 11.19817
11.5 12.024448
11.999998 12.234711
11.2 11.185899
11.3 11.406725
11.8 11.819223
10.020819 10.267691
11.5 11.5318
10.1 10.463678
10.70206 10.918665
11.599999 11.586594
11.5 12.039663
11.1 11.1536875
12.699998 11.643619
11.999998 11.913408
11.1 11.158852
11.3 11.190517
11.1 11.100807
11.5 12.205654
13.000009 13.105314
11.8 11.800629
11.1 11.143982
11.1 11.151083
11.5 11.593008
11.1 11.188004
10.40103 10.585163
11.900001 11.545741
11.3 11.41324
11.1 11.1064625
11.5 11.548241
11.900001 11.898081
14.200179 13.623072
11.400001 11.484076
9.668636 9.519377
11.5 11.817932
11.1 11.118842
10.3 10.317985
11.7 11.731379
11.5 11.575466
11.5 11.641195
12.599997 12.959789
11.1 10.701189
11.8 11.56596
11.8 11.925919
11.3 11.441876
11.2 11.210257
11.2 11.557045
11.1 11.162875
11.986056 12.179125
11.599999 11.527556
14.1 12.975302
11.307609 11.3588505
11.999998 11.9333105
11.5 11.506594
11.999998 11.985891
11.1 11.105209
11.0 10.861273
11.2 11.211939
13.078811 12.747103
11.3 11.345638
11.7 11.7008705
11.2 11.488932
11.7 11.413014
11.3 11.706463
10.5 10.507252
12.199999 12.025051
14.600313 14.384672
12.499997 12.558872
12.399998 12.664131
11.3 11.42512
11.2 11.4759865
11.5 11.705992
11.2 11.185986
11.999998 11.966013
11.900001 11.928255
11.900001 11.9240265
14.711015 14.77837
11.2 11.258167
11.2 11.66608
10.1 10.48201
11.2 11.247668
12.799992 12.460197
12.485103 11.50391
11.3 11.317888
11.400001 11.683283
11.2 11.16515
11.8 11.905468
11.400001 11.421129
14.06468 13.93973
11.1 11.170355
12.597573 12.30839
11.2 8.704477
12.549999 14.67449
11.2 11.263634
11.1 11.137464
11.8 11.844824
13.999974 12.965519
12.1 12.251493
11.3 11.231436
11.29382 11.108001
11.70206 11.722225
11.7 11.723229
11.8 11.830663
11.900001 12.292956
12.899998 12.870636
11.8 11.883381
11.900001 12.045069
11.900001 11.732697
11.2 12.259515
13.1 12.65579
11.5 11.553743
11.3 11.235012
11.900001 11.899546
11.2 11.228757
11.3 11.419985
11.400001 11.410204
11.2 11.18647
10.1 10.13726
11.900001 11.912373
11.2 11.211597
12.299998 13.445345
11.1 11.152979
11.1 11.086895
11.2 11.272391
11.1 11.125196
12.6934595 13.518875
11.599999 12.320475
11.900001 11.835281
11.7 11.702272
13.1 13.169054
11.999998 11.876137
11.7 11.843366
13.186186 13.830507
11.1 11.2795925
11.5 11.551022
11.3 11.258144
11.400001 11.666296
11.1 11.133064
11.2 11.686911
12.499997 11.567133
13.1 13.285696
11.599999 11.646608
14.555932 14.590731
13.299971 13.151764
11.2 11.183908
11.1 11.814144
11.900001 12.085731
10.1 10.0241165
11.1 11.136801
12.699998 12.792732
11.2 11.260269
11.900001 11.912394
11.7 11.30009
11.7 11.904137
11.5 12.199641
13.000009 12.131504
11.7 12.360493
11.400001 11.51078
11.900001 11.949824
11.599999 11.7420435
11.3 11.203629
11.2 11.289116
11.900001 11.929129
11.1 10.498544
12.599997 12.462534
11.900001 11.919715
11.900001 11.876411
12.117729 12.045277
11.3 11.451429
11.5 11.541544
10.8447275 10.787671
11.1 11.151958
13.200015 12.834492
11.1 11.211868
11.1 11.35882
12.399998 11.697884
11.7 11.462285
10.1 10.07476
11.7 11.958388
11.1 11.446521
11.3 11.362408
11.1 11.143219
11.8 11.856276
11.1 11.1453
12.1 12.039175
11.2 11.217445
11.900001 12.174295
11.599999 11.567095
10.70206 10.764063
11.2 11.264446
13.418758 13.407217
11.8 11.887112
14.359637 14.495516
11.2 11.276962
11.2 11.211229
11.5 11.460279
11.2 11.222664
12.199999 12.615871
11.2 11.2263775
14.466532 14.771807
11.1 11.10495
12.1 12.824133
11.7 11.691376
11.2 11.245548
11.900001 11.6063175
11.599999 11.361252
11.599999 11.50984
11.5 11.660815
12.499997 12.102554
10.622879 10.653622
10.608639 10.544144
11.3 11.435719
11.7 11.341452
11.1 11.128803
11.999998 12.002274
11.900001 11.642265
12.399998 11.439396
11.3 11.445229
11.1 11.14402
11.2 11.281366
11.900001 11.899415
11.2 11.221376
11.2 11.216558
12.499997 12.661234
11.2 11.227499
11.8 11.825174
11.599999 11.5681
11.2 11.293133
11.2 11.2839
11.999998 12.090295
10.2 10.284473
11.999998 11.442059
11.7 11.89407
10.40103 10.4509945
11.2 11.198609
11.5 11.569864
11.2 11.352922
10.622879 10.70841
11.2 11.249305
14.43626 13.97434
11.900001 11.893438
11.599999 11.620766
14.29382 14.547344
11.8 11.793764
11.2 11.196602
12.953872 13.217293
11.599999 11.73984
11.1 11.121973
11.2 11.209288
11.3 11.444473
11.599999 11.63321
11.999998 11.945465
11.900001 11.886505
11.999998 12.15036
11.2 11.260378
14.1 14.808195
10.2 10.644194
11.3 11.54473
11.400001 11.943323
12.399998 12.422497
12.299998 12.486401
12.699998 11.862253
11.2 11.170829
11.3 11.44006
11.5 11.448631
11.2 11.208622
11.400001 11.736202
11.900001 11.918013
15.108774 13.711557
11.599999 11.918794
13.299971 13.254692
12.599997 12.560623
12.499997 11.78165
11.2 11.440773
12.40103 12.356844
11.1 12.165641
11.900001 11.969255
11.267491 11.739999
13.399989 13.21792
11.2 11.385948
10.7 10.607637
11.5 11.588549
11.1 11.253574
12.199999 12.222015
11.7 11.296991
10.70206 10.824169
11.7 12.036203
12.199999 12.599022
11.3 11.331927
11.7 11.92257
11.2 11.18832
12.1 11.688263
11.7 11.967941
11.999998 12.038912
11.400001 11.472134
10.450574 10.687202
12.699998 12.789288
11.3 11.170036
11.3 11.278149
11.5 11.558739
12.499997 12.526995
11.5 11.689278
11.400001 12.1652565
13.29382 13.338026
15.1 15.1772785
11.400001 11.417553
11.5 11.409967
11.3 11.423188
12.1 12.95685
11.900001 11.64674
11.999998 12.091195
11.261151 11.507911
11.2 11.223402
12.429754 12.229145
11.7 11.760286
13.899971 13.461782
11.999998 11.99425
11.599999 11.620878
13.000009 12.739719
11.1 11.32892
12.404044 13.220545
11.2 11.211515
11.8 11.878176
10.1 10.1122
11.5 11.55864
11.3 11.408676
11.5 11.560694
11.400001 11.463768
12.499997 14.226679
11.5 11.632751
11.2 11.223575
11.900001 11.917875
11.900001 11.9060955
11.136212 11.1346245
13.699981 13.353361
11.1 11.21447
11.400001 11.524334
11.7 11.826792
12.199999 12.091873
14.600313 14.765306
11.3 11.376237
11.8 11.433046
11.5 11.557393
11.7 11.865385
11.400001 11.550222
11.3 12.387247
11.5 11.582843
11.3 11.276741
15.1 15.128611
11.2 11.205019
12.499997 12.286153
12.599997 12.345125
11.8 11.778475
11.1 11.142633
11.343923 11.227435
11.599999 11.75433
11.1 11.28733
12.531798 11.267822
11.2 11.214235
11.5 11.653492
11.3 11.407654
11.5 11.992685
12.699998 12.376715
12.267491 12.616741
13.1 12.805426
11.900001 11.997576
10.622879 10.709208
11.2 11.181696
11.1 11.154279
11.8 11.4212055
11.8 11.387535
11.400001 11.396206
12.599997 11.993069
11.7 11.31476
11.7 11.572472
11.230576 11.238676
11.2 11.357725
11.5 11.677486
11.7 11.300758
12.299998 12.095709
11.900001 11.884717
12.287653 12.431162
11.400001 11.458606
11.1 11.16033
11.2 11.225234
14.600313 13.916542
11.2 11.327353
11.2 11.30654
11.3 11.433996
11.7 11.369474
10.622879 11.19359
12.699998 11.7848625
11.8 11.394598
12.599997 12.410107
11.900001 12.004896
11.1 11.218597
14.40103 14.106926
11.8 11.83062
11.400001 11.413218
10.8 10.788212
11.2 11.2123165
11.5 12.504196
11.2 11.228879
13.399989 12.597717
9.79897 9.668981
11.900001 11.894077
11.2 11.43033
12.599997 13.231077
11.999998 11.817877
11.8 11.188368
11.1 11.170411
10.923909 10.434439
11.1 11.314351
11.89588 12.081615
11.3 11.59933
11.3 11.345463
13.719789 13.708597
11.1 11.099526
11.8 11.754126
13.000009 12.544027
11.900001 12.053534
11.1 11.135193
11.2 11.53293
11.3 11.312679
11.3 11.424067
12.799992 12.530806
12.199999 12.977615
10.3 10.34785
11.8 11.897133
11.400001 11.482246
11.5 11.460527
10.418758 10.262341
11.2 11.203625
11.3 11.257483
11.400001 11.266645
11.599999 11.645454
11.900001 11.840769
11.5 11.506407
11.1 11.315012
10.622879 10.776381
11.3 11.398062
12.446788 12.270708
11.999998 13.001478
11.058607 11.028581
11.8447275 11.872499
11.1 11.161453
11.7 11.674257
11.1 11.215695
11.900001 11.899281
11.900001 11.930805
12.599997 12.3725605
11.3 11.315468
11.2 11.233246
11.900001 11.888012
11.4 11.521048
11.2 11.230944
12.1 11.84729
11.1 11.108843
10.6934595 11.282857
11.8 12.31406
11.8 11.605637
12.699998 11.998423
11.599999 11.720629
11.2 11.204977
11.7 12.200279
13.1 13.577286
12.499997 13.522518
10.40103 10.490314
12.899998 12.284401
10.210698 10.274664
11.599999 11.25798
11.900001 11.921421
11.2 11.229338
12.399998 12.342007
11.2 11.196203
11.605162 11.355715
11.900001 11.824032
11.900001 11.366511
11.900001 11.905398
12.584126 11.947312
13.999974 14.010031
11.7 12.018686
11.400001 12.260383
11.1 11.132288
13.399989 12.218399
12.899998 12.344921
11.8 11.826658
11.599999 12.187744
11.2 11.206652
11.400001 11.475138
11.900001 11.879036
11.1 11.180661
11.1 11.09053
11.8 11.958967
12.314671 12.265083
13.500008 13.438051
11.1 11.177071
11.8 12.034
11.7 12.221353
11.2 11.21949
11.2 11.197044
11.599999 12.000805
11.400001 11.871523
11.900001 11.910426
11.999998 12.119572
10.6 10.478977
13.40103 11.133702
14.870304 14.130041
11.460513 10.460825
11.2 11.261941
11.3 11.332174
11.7 11.716258
11.2 11.257213
13.500008 13.056072
11.1 11.273123
14.869551 14.945122
12.299998 11.558683
11.3 11.299597
11.2 11.225973
11.3 11.518713
11.3 11.252937
11.999998 12.004212
11.3 11.306402
11.2 11.3252945
13.000009 13.023718
11.7 11.845878
11.999998 11.85013
11.8 11.830183
12.399998 12.653683
12.699998 12.31348
11.1 11.152225
12.505608 11.791051
12.499997 12.7864895
12.399998 11.905638
11.5 11.552408
12.1 11.867943
12.520216 12.607271
14.200179 14.078543
10.2 10.513479
11.8 11.774103
10.1 10.056999
11.2 11.447063
11.1 11.140547
13.600039 11.743908
11.400001 11.551916
12.199999 12.072733
11.900001 11.877069
10.1 10.410727
11.900001 11.887049
11.1 11.174614
11.999998 12.134595
11.400001 11.285444
11.5 11.453097
15.200179 15.09593
11.3 11.454416
12.299998 12.446035
11.1 11.1639
11.2 11.225018
11.599999 11.872627
11.900001 11.915716
11.2 11.492577
11.8 11.879131
11.900001 11.997619
10.3 10.245754
11.3 11.273264
11.900001 11.697722
13.200015 12.812714
12.899998 13.374769
11.999998 12.084997
11.1 11.1858425
11.3 11.394594
12.359637 12.360567
12.299998 12.316837
11.400001 11.298861
11.400001 11.599379
10.1 10.442783
11.8 11.872795
11.8 11.939053
11.3 11.472822
11.8 11.870386
12.299998 12.296499
11.1 11.6783905
11.599999 11.553268
11.999998 12.22772
11.400001 11.384197
11.3 11.325284
11.8 11.713156
12.399998 12.869104
11.3 11.2803
11.900001 12.170548
11.1 11.146053
11.2 11.366922
11.900001 11.523389
11.1 11.145398
11.2 12.032553
11.2 11.288538
11.3 11.423149
11.8 11.913649
11.2 11.212425
11.2 11.199577
13.699981 13.580118
11.599999 11.849535
11.3 11.463903
11.1 11.120466
11.5 11.494431
11.3 11.353637
11.5 11.488901
11.999998 11.952799
9.947712 9.837383
11.8 11.889961
11.8 11.838987
11.1 11.178835
11.5 11.567396
11.1 11.151386
12.799992 12.745451
11.7 11.596158
11.7 11.852527
11.900001 11.9218645
11.599999 11.794929
11.8 11.954155
10.622879 11.541821
11.400001 11.49762
11.7 11.7049465
11.7 12.079697
11.8 12.08559
10.8 10.756985
14.400163 13.6593
11.2 11.229689
11.2 11.214088
11.3 11.49363
14.500117 14.75815
11.1 11.401697
12.599997 12.07523
13.999974 13.303499
11.3 11.414623
11.8 11.86503
11.3 11.443718
11.1 11.154289
11.3 11.28075
11.1 11.171186
11.5 12.5547085
11.8 11.871813
11.599999 11.773531
11.1 11.132818
11.2 11.861038
11.900001 12.704926
11.1 11.20875
10.622879 11.020178
11.2 11.238302
11.1 11.149561
11.7 11.608391
11.1 11.688574
11.900001 11.893028
12.699998 13.13866
11.5 11.656658
11.8 11.833094
11.1 11.136843
11.400001 11.343157
12.499997 11.570654
11.1 10.955345
11.381498 11.242594
12.499997 11.719072
13.249993 13.367338
11.8 11.807733
11.900001 11.995205
12.799992 12.148264
11.599999 11.6397705
11.5 11.677511
9.79897 10.245392
11.3 11.548107
11.3 11.390651
12.899998 13.502441
11.1 11.215853
10.1 10.147699
11.456548 11.417065
11.1 11.24024
10.1 10.059578
11.900001 11.941045
11.2 11.16571
11.7 11.968973
12.199999 11.590746
11.3 11.404505
11.3 11.505022
11.2 11.228205
11.5 11.536331
11.2 11.178598
11.2 11.343983
11.900001 11.8901005
11.5 11.592789
11.8 11.285942
13.899971 13.887711
10.3 10.534223
12.599997 12.583033
11.400001 11.487312
14.200179 14.580589
11.2 11.219332
11.900001 11.89612
11.2 11.233845
15.200179 15.249165
12.399998 12.904341
11.2 11.342643
11.1 11.198941
11.599999 11.69195
11.999998 11.97168
11.1 11.182156
11.7 11.70809
11.2 11.252361
11.020819 11.279426
11.599999 11.648117
11.2 11.226299
11.5 11.566969
13.122276 13.1118965
11.900001 11.64365
11.2 11.366552
11.3 11.371453
11.2139435 11.623289
11.999998 12.086626
13.000009 11.952795
11.900001 11.814518
11.2 11.201174
11.900001 11.241278
11.5 11.172338
11.400001 11.439598
11.900001 11.971691
11.2 11.194187
11.2 11.206774
14.321849 13.874298
11.900001 11.911648
11.7 11.726093
12.1 11.446388
11.900001 11.907283
12.821246 12.07625
11.2 11.300903
11.685027 11.177294
11.1 11.119003
13.500008 14.029663
13.1 13.030199
11.2 11.214012
11.7 11.696175
11.2 11.248543
12.299998 12.185926
12.499997 11.966713
11.599999 11.958441
11.999998 11.236331
12.899998 12.027607
12.359637 12.542732
11.2 11.215189
11.900001 11.884314
14.79897 13.833147
10.40103 10.437452
11.2 11.206595
11.7 11.835276
12.555932 12.457024
11.2 11.187384
11.2 11.139519
11.3 11.419567
13.699981 11.414516
11.999998 13.109167
11.1 11.181192
11.1 11.810755
12.299998 11.957575
11.7 11.932751
12.899998 13.115927
11.599999 11.908671
10.1 10.4367485
11.400001 11.215771
11.3 11.293951
11.900001 11.94528
11.1 11.126389
9.49794 9.6852665
11.900001 11.878838
13.899971 12.377899
11.900001 11.210888
11.2 11.542088
11.5 11.622694
12.699998 12.045027
12.499997 12.15225
11.8 12.439585
12.1 12.12261
11.3 11.387928
11.1 11.2195425
11.400001 11.47732
11.1 11.178753
11.400001 11.512259
13.399989 12.662788
11.1 11.1252775
12.399998 13.870571
11.900001 11.894425
14.254902 14.283133
11.999998 11.859969
12.899998 12.845659
11.1 11.041813
11.3 11.253683
12.453596 12.604546
11.599999 11.593158
9.79897 9.657616
11.5 11.492737
15.600313 15.518503
13.500008 13.413961
11.8 11.9169655
11.1 11.140961
10.40103 10.644739
11.1 11.216169
12.599997 12.970644
13.200015 12.158619
11.1 11.161003
13.000009 13.9568
11.2 11.304454
10.40103 10.486183
11.8 11.830044
11.2 11.234478
12.1 11.767586
10.1 10.073395
11.8 11.80257
11.5 11.5493965
10.70206 10.700529
11.999998 11.537617
12.120452 12.27859
11.2 11.146477
11.2 11.333931
11.1 11.022421
11.900001 12.349606
11.400001 11.396355
11.5 11.537273
11.599999 11.807102
11.2 11.2221985
11.1 11.9694
11.7 11.716261
11.7 11.799278
11.5 11.375727
11.1 11.308365
13.392429 12.17177
11.1 11.141745
12.399998 12.7818775
11.2 11.314318
11.1 12.1452675
11.2 11.282263
11.7 11.809013
10.690574 11.1493435
11.900001 11.903425
11.349999 11.614178
12.899998 12.943171
12.1 12.781925
11.745892 11.9183445
10.8 10.802231
11.1 11.270109
12.637602 11.604574
11.900001 12.11079
11.5 11.513743
12.499997 12.351126
11.3 11.311569
11.900001 12.090061
12.799992 12.489248
11.900001 11.925671
12.899998 13.972767
11.400001 11.624809
12.699998 12.486143
12.899998 12.774149
14.1 14.319056
11.8 11.861434
11.599999 11.323708
14.40103 14.18152
11.900001 11.904762
11.8 11.784641
13.000009 13.277571
11.1 11.181012
11.900001 11.943667
11.555932 11.198986
11.2 11.268702
11.599999 11.494949
11.2 11.196546
11.400001 11.512368
11.2 11.952513
11.3 11.374874
11.5 11.542597
12.499997 12.091503
11.900001 11.826815
11.5 11.623554
11.900001 11.924002
11.49794 11.517622
11.1 11.178334
11.1 11.247211
11.900001 11.906685
10.49794 10.561604
11.2 11.192772
10.1 10.187977
13.000009 11.985121
11.2 11.168005
11.5 12.391466
11.3 11.225278
11.2 11.32622
11.999998 11.980988
11.3 11.3381
12.599997 12.36607
11.8 11.75569
11.3 11.284779
11.900001 11.910273
14.700326 13.378515
11.3 11.277188
11.7 11.800159
12.199999 12.331226
11.400001 11.257602
11.2 11.208063
11.7 11.744999
11.900001 12.00675
11.999998 13.203972
11.1 11.176981
11.2 11.281479
13.511954 14.017632
11.8 11.915731
11.5 11.50317
11.999998 11.995155
11.1 12.015432
11.400001 11.421629
11.999998 12.017252
11.2 11.315493
12.499997 12.73097
10.4 10.774357
11.599999 11.641369
11.7 11.414927
12.499997 12.76055
12.199999 12.489912
11.637602 11.775682
12.601689 12.7097435
11.8 11.884806
11.3 11.530298
14.1 12.52025
11.1 11.061655
11.1 11.208122
11.900001 11.895326
11.8 11.748711
11.5 11.531319
11.5 11.522257
11.3 11.257118
11.1 11.034615
10.719789 11.06015
11.1 11.167753
11.2 11.248173
11.5 11.904398
11.5 11.797911
11.400001 11.920216
11.900001 11.928255
12.639102 13.322546
12.1 11.889331
11.1 11.115339
11.400001 11.445835
11.900001 12.075729
11.8 11.796625
13.1 12.969305
11.1 11.07915
13.1 12.481064
11.5 11.908987
11.1 11.143394
11.3 11.314198
11.8 11.704615
11.8 11.641552
11.3 12.127764
11.8 11.834492
12.199999 12.283257
11.999998 12.093245
11.3 11.28924
11.5 11.564206
11.2 11.188526
11.5 11.4940815
10.40103 10.690436
10.186186 10.164528
10.8 10.760398
11.56133 11.904316
11.1 11.085627
11.2 11.1775
11.999998 12.009422
11.5 11.806503
11.1 11.1604185
11.1 13.482723
11.5 11.5303
11.3 11.307422
10.738272 10.152359
11.7 11.702656
11.5 11.674053
11.400001 11.469158
13.1 11.795385
11.900001 11.592949
11.1 11.44964
11.599999 11.674431
11.8 11.792708
13.699981 14.095385
12.1 13.206924
11.3 11.426079
13.128426 13.70393
14.49794 12.944899
11.999998 11.376511
11.599999 12.72364
11.5 11.715954
10.6 10.445944
15.1 13.258205
12.499997 12.29578
11.5 11.534327
11.1 11.1868
11.8 11.679483
11.900001 11.919154
11.1 11.279138
11.1 11.174252
11.1 11.154644
11.2 11.287323
11.2 11.179972
11.2 11.743097
12.399998 11.55356
10.40103 10.436172
11.5 11.610005
11.2 11.233639
13.200015 13.622005
11.1 11.187613
11.8 11.864944
11.2 11.263554
12.399998 13.283249
10.5 10.584326
11.900001 11.939601
11.8 11.879808
13.49794 11.259321
13.299971 11.271812
13.8409815 14.718132
11.2 11.194637
11.5 11.5288315
12.199999 12.131739
11.900001 11.956255
13.600039 12.071618
11.3 11.110916
11.900001 11.90436
11.660667 11.88125
11.70206 11.423456
10.9 10.884394
11.1 11.222597
14.200179 13.105095
11.2 11.232389
11.400001 11.542429
11.5 11.636387
10.2 10.454275
11.599999 12.185358
11.5 11.637644
11.900001 11.925428
11.900001 11.900942
11.997942 11.577383
11.5 12.088835
10.40103 10.452763
11.3 11.344786
11.2 11.195784
11.999998 11.96149
11.900001 11.925237
11.599999 11.577408
12.399998 12.366341
11.2 11.263397
11.1 11.148466
11.400001 11.510681
9.1 9.092348
11.400001 11.387547
11.400001 11.4519615
14.200179 14.186422
12.499997 12.955172
10.70206 10.833437
11.7 11.728197
11.849999 11.932734
11.1 11.193171
11.5 11.795805
11.5 11.739782
11.999998 11.977303
11.1 11.247782
10.1 10.145841
11.3 11.490839
11.1 11.100584
11.900001 11.922575
11.5 11.718723
11.2 11.23068
11.900001 11.919122
11.599999 11.656851
11.3 11.353214
11.599999 11.356192
11.2 11.237373
11.2 11.262272
11.400001 11.664976
12.26877 12.808706
11.2 11.348957
11.2 11.265093
11.3 11.285153
11.5 11.438246
14.1 13.637747
11.2 11.215725
11.7 11.797289
10.70206 10.721905
11.5 11.548407
11.622879 11.516778
11.1 11.360996
11.900001 11.953453
11.599999 12.894369
13.399989 13.289433
11.5 11.561485
11.900001 11.768467
12.1 12.288752
13.999974 13.241501
9.79897 10.257425
11.2 11.226442
13.1 13.05286
9.66703 9.528238
11.999998 11.871471
12.399998 12.850908
11.7 11.729712
11.599999 11.817083
11.5 11.891148
11.5 11.502506
11.400001 11.437265
11.7 12.111519
11.400001 11.474315
11.2 11.836232
10.70206 10.517633
10.2 10.388688
12.199999 11.867418
11.900001 11.909704
12.499997 12.464777
11.8 11.862696
11.3 11.870097
11.5 11.534006
12.298596 12.396498
11.7 11.814501
11.7 11.299772
10.622879 10.657206
11.599999 11.671602
11.599999 11.670383
11.900001 12.010478
11.1 11.25639
11.3 11.3495865
11.900001 11.906008
11.2 11.263026
11.8 11.837193
11.7 11.764946
12.799992 11.990531
11.900001 11.910101
11.3 11.313372
11.1 11.194317
10.3 10.559752
12.1 12.113512
12.1 12.287586
11.400001 11.445009
11.2 11.617201
11.3 11.493752
11.2 11.184284
10.1 10.230391
11.7 11.872556
12.199999 12.190533
12.399998 12.25368
12.761543 12.74309
11.3 11.370523
11.900001 11.917841
11.3 11.197147
11.5 11.304747
11.8 11.855353
11.2 11.231127
11.3 11.281845
13.8447275 13.97735
11.900001 11.853422
11.79897 12.419506
12.70206 12.721268
11.3 11.317871
12.599997 11.868453
11.999998 12.465857
11.1 11.178072
10.49794 10.58975
11.1 11.158663
12.199999 12.616631
10.49794 10.576708
11.3 11.492979
11.1 11.11804
11.8 12.479233
11.2 11.239815
11.599999 11.6384735
11.999998 12.186508
11.999998 12.57102
11.3 11.301476
12.986056 13.592117
9.70206 9.529549
11.7 11.714707
11.3 11.30443
13.145758 12.750753
11.2 11.229971
11.2 11.215296
11.400001 11.271494
11.2 11.218921
11.900001 11.908014
11.1 11.133842
11.2 11.33779
11.1 11.146324
11.7 11.790049
11.8 12.066538
13.500008 12.988478
13.4372425 13.613836
11.999998 12.090145
11.5 12.567711
11.5 11.5015335
11.5 11.540153
12.399998 13.646355
11.1 11.189489
11.8 11.774071
10.8 10.750908
11.5 11.578606
11.1 11.576349
11.3 11.368572
11.900001 11.37517
12.199999 12.124202
12.899998 12.6985
11.2 11.316598
13.600039 13.050026
12.899998 13.48093
11.3 11.315748
11.599999 11.613386
11.1 11.116934
11.1 11.228151
11.2 11.331648
11.8 11.704937
11.900001 12.08847
11.2 11.228748
11.2 11.338528
12.499997 12.539997
12.399998 12.752842
11.599999 13.49217
11.2 11.329342
11.400001 11.846633
11.1 11.084757
13.899971 13.57954
12.399998 12.098455
9.79897 9.700096
12.1 12.023891
11.8 11.772354
11.2 11.220037
12.299998 12.271563
12.199999 11.522037
11.3 11.410617
11.2 11.226448
11.400001 11.482942
12.299998 13.235245
11.923909 11.910957
11.7 12.098127
11.8 11.83543
11.49794 11.343472
11.999998 11.938312
11.938632 11.96685
10.70206 10.748062
13.500008 13.504808
11.400001 11.498144
12.622879 12.723513
11.5 11.533796
11.5 11.731642
11.599999 11.9676895
11.1 11.169294
11.2 11.188665
11.2 11.332361
11.599999 11.64763
10.427902 10.394373
13.899971 13.933479
10.6 10.492587
11.40103 11.353348
11.1 11.26005
11.999998 12.160252
14.200179 11.753233
14.200179 14.292358
13.600039 13.359856
11.1 11.121933
11.8 11.909395
11.999998 11.369148
14.79897 14.936157
11.2 11.24514
11.5 11.8956375
11.400001 11.410135
13.999974 12.1970005
11.5 11.491741
11.3 11.385195
11.8 11.823053
11.738272 11.811634
11.2 11.487787
12.699998 14.032549
11.3 11.276991
11.2 11.202387
12.699998 12.174425
11.1 11.4261
11.2 11.321947
11.5 11.659513
12.299998 12.937042
11.1 11.183069
11.3 11.285533
11.1 10.400986
11.2 11.20071
11.999998 11.924984
11.900001 11.926243
14.901343 13.741318
11.900001 11.915511
11.8 11.802385
11.1 11.2235775
10.70206 10.765388
11.400001 11.371481
12.599997 12.787924
11.400001 11.667543
10.6 10.815533
12.399998 11.903517
11.999998 12.019726
15.262569 15.443388
11.7 11.797462
11.400001 11.368711
11.3 11.751541
11.5 11.512388
13.165502 12.803732
11.999998 11.793251
11.900001 11.958378
11.2 11.31628
11.900001 11.900282
11.1 11.100231
11.2 11.285019
13.699981 13.1563
11.900001 11.908215
11.999998 12.017984
13.800057 13.093756
11.8 11.823043
11.400001 11.582048
11.3 12.146458
11.999998 12.058325
11.900001 11.935764
10.9 10.723876
11.900001 11.892174
11.1 11.238373
10.2 10.446709
11.1 11.184269
11.7 11.918096
11.900001 12.233856
11.1 11.119621
11.816699 11.939997
11.2 11.328719
11.1 11.16288
11.2 11.205787
12.799992 12.763109
13.999974 14.23197
11.1 11.110079
10.2 10.283485
11.5 11.490325
11.2 11.271152
13.600039 13.655235
14.1 13.379456
11.599999 11.556701
11.3 11.27734
9.79897 9.710115
11.1 11.355501
11.5 11.491348
11.8 12.316158
11.8 11.852024
10.321849 9.979158
11.3 11.191284
11.1 11.723471
11.1 11.14136
12.499997 12.295172
11.2 11.178389
11.999998 11.926725
13.899971 13.175217
11.1 11.201715
11.2 11.299837
11.999998 11.999426
11.7 11.6381855
12.199999 11.887055
12.399998 12.384884
11.400001 11.473158
12.199999 12.9274845
11.8 11.833308
12.499997 12.249758
11.8 11.913219
11.900001 12.0233135
11.599999 11.553217
11.2 12.283655
11.7 11.949055
12.199999 11.831417
11.1 11.207813
9.79897 9.704712
11.7 11.699564
10.1 10.565322
11.2 11.2312355
12.1 12.047756
11.1 11.153698
11.2 11.238171
11.2 11.098824
12.499997 12.8741
11.7 12.306557
11.999998 12.19017
11.1 11.147508
11.3 11.321867
11.7 11.225349
11.5 11.251083
11.2 11.231058
12.399998 12.324461
10.1 10.254748
11.1 11.161684
11.599999 11.512536
12.599997 12.56661
10.6 10.393299
11.999998 12.016846
11.599999 11.573734
11.900001 12.115498
11.8 12.43862
11.599999 11.596961
11.5 11.621101
11.400001 11.42877
11.900001 11.932827
13.500008 14.520788
11.900001 11.9139185
11.999998 11.95483
11.2 11.21991
11.79897 12.067371
11.1 11.210412
11.400001 11.424324
11.2 11.260487
10.6 10.46846
11.1 11.119632
11.3 11.290018
11.900001 12.249901
12.199999 12.158024
12.899998 12.497259
14.180399 13.927778
11.900001 11.903833
11.8 11.981554
11.900001 11.893114
11.900001 11.674782
11.1 11.495673
11.599999 11.6723385
11.1 11.22344
11.5 11.477703
12.767562 12.442806
12.399998 12.332953
12.199999 11.919901
11.3 11.463628
11.900001 11.94755
12.299998 11.8475065
11.351037 11.141861
13.999974 14.284491
11.2 11.188938
11.1 11.129545
11.599999 12.249887
11.3 11.366514
12.017215 12.322357
11.900001 11.896354
11.5 11.515379
12.1 12.403925
11.2 11.392065
12.986056 12.630123
11.1 11.164106
11.3 11.189423
11.5 11.548802
11.1 11.127455
11.7 11.684944
11.2 11.770739
11.400001 11.438169
11.2 11.244789
11.2 11.550964
11.1 11.15715
11.5 11.454308
12.1 11.530613
11.2 11.149952
12.899998 12.172567
10.6 10.508932
12.399998 12.023085
11.2 11.217827
15.1 14.646103
10.9 10.350561
11.900001 11.88925
11.3 11.317849
11.7 11.729185
11.400001 11.442061
11.7 11.492268
11.3 11.275887
12.699998 13.125271
14.29897 14.37751
12.1 11.889496
11.1 11.071583
11.7 11.759144
11.999998 12.705687
11.599999 11.619685
11.900001 11.912142
11.900001 11.855684
11.900001 12.092783
12.1 13.571735
14.1 14.134317
11.1 11.10775
11.900001 11.915258
11.8 11.390316
13.364454 12.49651
11.599999 11.599678
11.2 11.192757
11.2 11.263826
11.1 11.114752
11.5 11.717133
11.599999 11.573236
11.400001 11.391411
13.800057 13.765221
11.400001 11.515619
11.2 11.243354
11.900001 11.881424
11.2 11.19936
11.900001 11.949633
12.1 11.372221
11.999998 11.988222
11.900001 11.916939
11.267491 11.741629
12.757577 13.134426
11.900001 11.974606
11.900001 11.92264
11.2 11.487856
11.1 11.112431
11.900001 11.903646
11.2 11.543806
11.999998 12.191138
11.3 11.5238495
11.383997 12.090923
11.900001 11.8863735
11.40103 10.805071
11.5 12.023434
11.1 11.202892
11.5 11.679075
11.3 11.876665
11.950048 12.676428
11.599999 11.579428
11.3 11.465811
11.5 11.559877
11.2 11.542404
12.300659 12.305964
11.3 11.292522
12.699998 12.241688
12.699998 12.635279
11.7 11.723968
11.7 11.726938
11.2 11.161781
10.1 10.313673
11.400001 11.450317
11.59621 11.97765
11.400001 11.51865
11.8 11.8429165
11.1 11.1691265
14.113489 13.890791
12.794648 12.161758
11.2 11.232662
11.900001 11.9717045
11.777781 12.19426
11.7 11.565186
11.999998 11.843847
11.900001 11.895329
11.1 11.109753
11.900001 12.14539
11.400001 11.411839
14.400163 14.653677
11.2 12.067098
13.000009 13.866175
11.900001 11.906051
13.427902 12.756176
11.900001 11.933437
11.400001 11.335979
12.899998 13.079891
13.1 12.9578705
11.2 11.398273
14.1 14.134068
11.3 11.003091
11.900001 11.887768
11.5 12.090923
10.70206 10.754419
11.3 11.420002
12.599997 12.057707
11.900001 11.866922
10.4 10.543568
10.8 10.830864
11.900001 11.917385
11.2 11.509851
11.1 11.206934
13.200015 12.462059
11.2 11.196409
11.999998 11.754395
11.3 12.755371
11.2 11.23081
11.1 11.414785
11.3 11.4304905
11.5 11.9631195
11.7 11.824616
11.900001 11.966421
11.8 11.671684
11.2 11.363614
12.299998 12.89996
12.499997 12.533718
11.8 11.989536
11.2 11.152113
11.2 11.306791
11.900001 12.017444
10.622879 10.678596
11.900001 12.077492
11.2 11.269249
11.8 11.862774
11.8 11.460019
11.3 11.275711
11.7 11.460323
11.8 12.53853
11.2 11.58169
11.5 11.550161
10.1 10.155525
13.000009 11.789955
11.2 11.69352
13.999974 13.966511
11.900001 11.958321
12.199999 12.0983515
11.3 11.532579
11.8 11.783579
11.2 11.221539
11.3 11.411701
13.1 12.851669
11.3 11.390952
12.1 11.424234
11.499027 12.201828
11.2 11.28224
11.599999 11.668856
11.1 11.148471
12.199999 11.762258
11.2 11.200334
11.999998 11.925084
11.2 11.293291
11.1 11.28501
11.5 13.408344
14.200179 13.504332
11.1 11.481215
11.599999 11.577621
11.999998 11.977049
14.1 13.223389
12.299998 11.921614
11.7 11.741505
12.699998 12.819891
11.8 11.952913
13.000009 12.949251
11.55 11.68936
11.1 11.238724
11.1 11.177006
11.400001 11.377299
12.1 11.882118
11.900001 11.701448
11.599999 11.692764
11.2 11.262093
11.1 11.259561
11.1 11.167039
11.599999 12.389677
12.599997 11.551598
10.555932 10.462824
11.1 11.274675
11.5 11.544367
11.5 11.502953
12.399998 12.663511
11.999998 12.100626
13.500008 13.839521
11.599999 11.695759
14.700326 14.1521
13.999974 14.0833645
11.7 12.0063305
11.2 11.330688
11.900001 11.964646
14.329148 14.469406
11.3 11.271593
11.7 12.118248
10.9 10.710697
11.900001 11.919548
11.1 11.01853
11.1 11.196199
11.25 11.432503
14.400163 14.331657
11.2 11.280056
11.2 11.288599
11.7 11.713788
11.599999 11.612263
11.1755495 11.1807575
12.599997 12.870579
12.199999 11.95592
11.2 11.226055
11.599999 11.620674
11.599999 11.746498
11.8 11.438395
11.599999 11.57379
11.3 11.598665
10.70206 11.236996
11.400001 11.545525
11.1 11.183444
11.5 11.505873
12.1 12.449251
11.7 14.512573
11.1 11.054648
11.2 11.238873
12.2870865 12.275404
12.799992 12.421005
11.2 11.246382
11.400001 11.413295
12.1 12.217592
11.999998 12.005234
11.1 11.123935
11.900001 11.868744
11.2 11.37227
11.3 11.403629
11.999998 11.928881
11.2 11.439098
11.900001 11.895037
11.1 11.228835
13.307609 13.311247
11.1 11.194032
11.2 11.168922
11.3 11.328506
11.400001 11.28067
12.899998 12.458599
11.1 11.186655
11.351812 11.375917
11.5 11.497223
11.900001 11.879019
11.2 11.171724
12.40103 12.285611
11.8 11.935663
12.799992 12.124735
11.5 11.618779
11.1 11.841949
11.2 11.333517
11.2 11.26317
11.7 11.83214
11.5 11.582142
12.020819 11.440426
12.199999 12.186193
14.1 12.716278
11.2 11.208471
11.8 11.860119
11.400001 11.403502
10.622879 11.911438
11.2 11.1879
11.8 11.882068
11.2 11.213018
11.999998 11.954708
11.1 11.431501
11.400001 11.41856
11.5 11.577986
11.400001 11.454149
13.000009 13.019207
11.900001 11.887896
11.2 11.333107
11.1 11.118442
12.799992 12.132544
11.3 11.267656
12.599997 13.163912
11.900001 11.91129
14.79897 14.211344
11.900001 11.96698
10.1 10.164753
12.699998 13.026072
11.999998 12.489691
11.622879 11.26403
11.900001 11.88556
11.2 11.151005
11.2 11.227509
11.2 11.26856
12.799992 13.479153
11.900001 11.912728
11.3 11.267798
11.2 11.211958
11.2 11.21998
11.5 11.541849
10.652842 11.292328
11.5 11.508232
11.5 11.513748
11.3 11.423719
11.3 11.328209
11.900001 11.920242
11.1 11.144672
11.599999 11.619528
11.1 11.065762
11.2 11.20904
11.3 11.404484
14.299971 14.203201
11.1 11.244896
11.999998 12.168291
11.2 11.244726
13.1 13.816999
11.999998 11.962
11.999998 11.945301
10.622879 13.410875
10.70206 10.755203
11.5 11.445971
11.1 11.011681
11.3 11.281809
11.8 11.806002
11.900001 11.954807
12.810108 12.74094
11.8 11.54704
11.900001 11.881259
11.3 11.343567
11.1 11.394336
11.8 11.871296
13.699981 13.722548
12.499997 12.050447
11.175721 11.587086
11.999998 11.443937
11.8 11.827183
11.2 11.213909
11.1 11.2343235
11.3 11.807734
12.599997 12.86973
11.1 11.187487
11.5 11.47258
10.1 10.426628
10.4 10.170664
11.3 11.3642845
14.500117 14.336651
11.7 11.727596
11.400001 11.648038
11.5 11.52714
11.999998 11.881441
11.2 11.176088
11.1 11.121199
12.358699 13.133255
11.2 11.230928
11.2 11.220575
11.3 12.231575
11.2 11.297146
11.2 11.236586
13.200015 12.96611
14.40103 12.561024
11.8 11.821656
12.699998 12.254118
11.1 11.134926
11.8 12.020811
11.400001 11.532923
11.3 11.452438
10.598941 11.131645
11.3 11.343143
12.299998 12.548473
12.299998 12.0717125
11.999998 11.928471
13.699981 13.774393
10.224938 10.239678
10.622879 10.720928
11.8 11.822838
11.8 11.9181595
11.40103 11.1042385
11.803335 11.989819
11.1 12.034784
12.1 12.642698
11.2 11.301802
11.900001 11.927698
11.1 11.078592
11.900001 11.845007
11.599999 11.397839
11.7 12.115551
11.7 11.765223
11.599999 11.594093
12.668636 12.691338
12.299998 12.095774
11.599999 11.955681
11.599999 11.631276
11.8 11.378536
11.1 11.181897
11.3 11.3860445
12.821246 12.622793
11.900001 11.192933
12.299998 12.599873
11.5 11.3948
11.900001 11.771442
11.2 11.212248
11.2 11.284538
11.3 11.296198
11.900001 11.8867855
11.400001 11.334568
11.2 11.300467
15.1 15.17424
11.999998 12.315226
11.2 11.343115
11.3 11.429298
11.2 11.294209
11.8 11.860888
13.600039 13.139931
13.500008 13.723391
11.2 11.21129
11.1 11.11359
11.2 11.221661
11.3 11.46526
11.222634 11.223923
11.1 11.306873
11.1 11.118551
13.000009 13.211664
12.196367 12.103485
13.307609 13.105801
11.1 12.074823
12.1 11.542312
11.599999 11.57529
11.7 11.685862
11.3 11.27104
11.1 11.187956
11.3 11.331993
12.499997 13.072031
11.3 11.418589
11.599999 11.6687565
11.599999 11.522331
11.1 11.239586
11.900001 12.145256
10.70206 10.7599125
11.1 11.135601
11.5 11.938601
11.2 11.25378
11.2 11.20904
11.900001 11.97242
13.1 12.656433
11.900001 12.272564
11.392207 11.167435
11.5 11.561333
10.70206 10.813649
12.699998 12.377308
11.7 11.721083
11.900001 13.776016
13.000009 12.459656
11.599999 11.628696
11.2 11.207281
11.3 11.392693
11.400001 11.411941
11.2 11.648184
11.400001 11.362871
11.953872 12.210124
12.299998 11.93582
15.200179 15.778786
11.1 11.133438
11.1 11.212843
11.622879 11.658964
11.400001 11.567974
11.3 11.382144
11.3 11.483368
11.7 11.690962
11.2 11.428217
11.400001 11.488591
11.8 11.6296215
11.8 11.776271
10.8 10.881758
11.8 11.843012
11.8 12.030178
12.299998 12.1243
13.000009 12.90593
11.2 11.266851
11.8 11.654868
11.1 11.500906
10.622879 10.754726
13.000009 13.151396
11.2 11.231552
11.900001 12.711998
12.415514 12.362087
11.8 11.595526
11.900001 11.89883
11.3 11.358383
12.19691 12.341873
11.3 11.705242
11.900001 11.871586
13.500008 13.056854
13.399989 12.810068
10.622879 10.584766
12.1 11.56974
13.899971 13.260099
11.8 11.6468525
11.1 11.248384
11.599999 11.708201
11.599999 11.355116
11.999998 11.613798
11.900001 11.6935005
13.299971 12.670555
11.2 11.233555
12.1 11.855637
13.399989 13.351486
12.299998 13.430609
11.5 11.707027
11.1 11.138777
12.699998 12.973032
11.2 11.14776
11.3 12.204342
11.1 11.178362
11.1 11.155111
11.5 11.925647
11.8 11.871407
11.599999 11.2664585
11.794648 11.621233
11.5 11.276725
11.7 11.657402
11.1 11.186194
11.7 11.738117
13.999974 13.265678
11.400001 11.283422
13.699981 13.250698
10.1 10.204425
13.800057 13.755236
10.1 10.186083
12.799992 13.003168
11.7 11.727411
11.3 11.420624
12.899998 12.445642
11.999998 12.287762
11.900001 11.968348
11.900001 11.983301
12.399998 13.822538
11.7 11.754099
11.8 11.8437195
11.1 11.281024
11.1 11.215809
11.8 11.82345
11.2 11.260574
11.8 11.834657
11.8 11.892221
11.400001 11.36945
11.599999 11.81715
11.599999 10.61582
12.299998 13.337067
12.499997 11.42001
13.999974 13.724676
11.1 11.293888
11.5 11.561741
11.8 11.996892
11.599999 11.654062
11.2 11.273605
11.999998 12.070383
11.8 11.857042
11.8 12.071904
11.7 11.766937
11.3 11.370579
10.516801 10.592533
11.5 11.529188
11.599999 11.466391
11.1 11.456238
11.2 11.28429
13.600039 12.588585
11.900001 11.59316
11.599999 11.644309
11.900001 11.8764305
9.978481 9.993198
11.599999 11.708298
11.1 11.190044
11.3 11.372
11.1 11.195963
13.500008 12.7075405
11.599999 11.643812
9.79897 9.7474785
11.900001 11.927595
12.1 12.118391
11.8 11.818941
11.3 11.500482
11.599999 12.035358
11.900001 11.911892
11.7 11.719673
12.299998 13.090883
11.400001 11.363306
13.555932 12.413725
12.899998 12.852837
11.2 11.217123
11.8 11.792218
10.5 11.359183
11.2 11.240114
12.299998 12.414982
11.1 11.157645
11.900001 11.914808
12.1 11.483738
11.520216 11.598207
11.1 11.288905
13.299971 12.793451
11.5 11.467757
11.8 11.822184
11.3 11.419912
11.1 11.187649
11.900001 11.992462
11.1 11.218697
10.1 10.599461
11.2 11.22983
11.3 11.519193
11.900001 12.002491
12.499997 11.843645
11.2 11.227794
11.2 11.315613
11.3 11.564426
11.999998 11.719764
11.900001 12.270793
14.200179 13.766203
11.999998 11.941622
13.321849 13.220566
11.5 11.743433
12.1 11.591227
11.2 11.382222
11.8 11.981333
11.900001 12.046145
11.2 11.311541
11.2 11.2429085
13.699981 13.473444
12.031815 12.011435
11.400001 11.442102
11.2 11.3250065
11.1 11.159357
11.900001 12.155457
11.49794 11.47905
11.2 11.201155
11.999998 12.0082855
11.599999 11.512773
11.2 11.289701
11.8 12.118528
11.8 11.938507
11.7 11.769104
11.622879 11.507359
12.799992 12.96982
11.999998 11.955427
12.199999 12.210096
11.7 11.503502
12.299998 12.188931
11.867003 11.548037
10.3 10.238009
12.1 13.216541
11.2 11.392775
11.1 11.473103
13.800057 13.280338
11.900001 11.879599
12.699998 11.749356
11.2 11.258619
11.5 11.518011
11.1 11.238882
11.900001 12.103021
11.2 11.199169
11.900001 11.90427
9.79897 9.824521
12.299998 12.340693
11.2 11.222643
11.2 11.179094
11.1 11.118965
11.999998 12.065508
12.599997 11.769697
11.8 11.856316
11.2 11.218163
11.5 11.536565
11.900001 11.963284
11.599999 11.902452
11.900001 11.987705
11.900001 12.134848
11.5 11.55797
11.3 11.478525
12.899998 13.934889
11.1 11.195044
11.1 11.208828
11.2 11.257921
11.2 11.37855
11.599999 11.691847
12.1 12.450567
11.3 11.426075
9.79897 9.7516
13.321849 13.595442
11.8 11.440294
11.900001 11.936968
11.900001 13.070862
14.200179 13.166697
11.1 11.13575
11.2 11.337603
11.1 11.102082
11.900001 11.9205
11.2 11.244934
11.1 11.092617
9.1 9.130091
11.1 11.122818
11.8 11.83914
12.199999 12.085009
11.5 11.681699
11.900001 12.074244
11.999998 11.800627
11.1 11.695638
11.3 11.364796
11.3 11.35466
11.7 11.7976885
10.40103 10.197905
11.599999 11.64864
11.1 11.191925
11.2 11.39588
13.1 13.232908
11.400001 11.509592
13.299971 13.26165
11.79897 11.477879
11.2 11.985874
13.046922 12.736736
11.400001 11.491785
11.900001 12.192289
13.1 11.668699
11.1 11.179068
12.899998 12.639326
11.2 11.23547
11.5 11.490736
11.599999 11.552412
11.5 11.493193
11.900001 11.908449
11.2 11.283037
11.599999 12.456478
11.3 11.236475
11.3 11.243241
11.8 11.870398
11.599999 11.819639
11.8 12.191917
11.3 11.460918
12.1 11.939384
11.2 11.283285
11.900001 11.909817
11.2 11.234644
11.3 11.364489
10.622879 10.4525585
11.5 11.417606
10.1 10.250755
11.1 11.314198
12.199999 11.208393
11.1 11.922161
11.5 11.873805
11.5 11.521268
11.3 11.380253
11.999998 12.003338
11.999998 12.16753
11.900001 11.905848
11.3 11.291145
11.1 11.244682
11.900001 11.912279
9.49794 9.333123
12.622879 12.577469
13.800057 12.422159
11.999998 12.591061
11.900001 11.583204
11.400001 11.417166
11.900001 11.331285
12.675118 12.450861
11.8 11.571613
11.8 11.883276
13.000009 12.860174
11.1 11.106819
10.581676 11.089884
12.299998 12.421806
11.400001 11.467951
12.199999 11.896111
11.1 11.135321
11.900001 11.464462
11.7 11.400247
10.9 10.664198
12.699998 12.0025
11.1 11.167999
11.1 11.1959915
11.599999 11.645506
11.900001 11.953188
11.1 11.060785
11.2 11.233437
13.1 13.013851
11.8 11.850338
11.900001 11.904953
12.599997 12.030809
11.1 11.44816
12.299998 12.055629
12.1 11.842076
11.7 11.818014
11.2 11.264936
11.1 11.248234
14.200179 14.886789
12.466532 13.784067
11.102177 13.406965
11.3 11.216925
11.999998 12.200199
11.8 11.698387
11.3 11.490446
11.3 11.206785
11.7 12.5027275
11.8 11.860779
11.2 11.196032
10.7 10.565788
11.599999 11.761235
13.399989 13.914301
11.999998 12.048746
11.25 11.389611
12.299998 12.597324
11.900001 11.892048
11.2 11.211357
12.1 13.065079
11.5 11.556097
11.900001 11.75535
11.2 12.451771
11.668636 11.715403
11.5 11.683172
11.2 11.251711
12.1 13.337423
12.899998 12.620569
11.8 11.814133
11.118531 11.218423
11.006578 11.939678
11.5 11.551557
11.999998 11.643658
14.1 11.632825
13.200015 14.201086
10.40103 10.5248165
11.3 11.360638
11.8 11.847082
11.2 11.267965
12.418758 13.065004
12.799992 12.529251
10.794648 11.434
11.1 11.183182
11.900001 11.898142
12.79897 12.971743
10.70206 10.7566185
11.400001 11.87081
11.2 11.412485
11.999998 12.016985
11.1 11.199123
12.699998 12.01914
10.70206 10.757069
14.500117 13.553257
11.2 11.280111
11.900001 11.68541
11.5 11.678291
11.5 11.716955
13.219187 12.716335
12.370835 14.633875
11.2 11.265352
11.400001 11.366358
11.900001 11.970598
13.321849 13.777269
11.599999 11.634472
12.1 12.225868
11.2 11.411627
11.400001 11.569149
10.1 11.667139
12.899998 12.02775
11.2 11.222178
11.1 11.481941
11.7 11.705999
11.8 11.79109
11.400001 11.61466
12.799992 12.205484
11.400001 12.008193
11.400001 11.958988
11.599999 11.455837
11.2 11.337246
10.2 10.44651
11.900001 11.913637
11.900001 11.8960905
11.7 11.595256
10.1 10.469973
11.1 11.197208
11.2 11.208645
10.40103 10.569946
11.5 11.715563
11.2 11.22895
11.8 11.84956
11.3 11.268061
11.599999 11.446672
11.3 11.202156
14.1 14.1408615
11.8 11.783188
11.900001 11.9207115
10.2 10.509014
12.499997 12.858936
14.757577 15.029243
11.59485 11.370914
11.599999 11.659171
11.3 11.36423
10.29382 10.268332
11.3 11.327354
11.1 11.245716
11.1 11.203798
11.999998 11.949383
11.1 11.1908
11.1 11.145624
11.900001 11.913795
11.599999 11.608498
11.2 11.221546
14.314671 13.105083
11.2 11.260201
11.400001 11.382465
11.1 11.236834
12.599997 13.157806
11.1 11.42035
9.622879 10.013855
11.900001 11.9628525
13.1 12.895317
11.900001 12.0268345
11.8 11.826761
11.2 11.271959
11.7 11.924418
11.7 11.80934
11.3 11.346308
11.1 11.298304
11.7 12.304582
9.79897 10.045137
11.900001 12.030827
11.8 11.781054
11.2 11.471819
11.1 11.326502
14.299971 13.865126
11.599999 11.555017
11.5 11.422909
11.599999 11.643551
11.1 11.112865
12.010095 11.90308
11.1 11.181818
11.599999 11.678648
11.3 11.287508
11.8 11.781787
11.1 11.407856
12.099998 11.53157
10.7 11.244173
12.799992 12.543951
11.19691 11.046577
11.2 11.293554
11.7 11.891103
13.399989 11.979175
13.399989 13.201185
11.8 11.972482
11.2 11.218258
11.400001 11.628065
11.400001 11.482687
11.900001 11.977428
11.2 11.239841
11.2 11.333485
12.299998 11.878822
12.199999 12.440947
11.3 11.461723
12.499997 12.456833
11.3 11.23938
11.999998 11.69132
11.1 11.145726
12.1 12.037339
11.2 11.236105
11.999998 12.370234
11.999998 11.96176
11.3 11.440699
11.2 11.622459
11.8 11.832554
13.299971 13.680689
11.7 12.3277855
11.5 11.595885
11.2 11.538765
12.1 10.85223
11.140959 11.9010315
11.7 11.723953
13.550023 12.307819
14.79897 14.902672
11.5 11.575541
11.3 11.343251
11.8 11.8157215
11.1 11.136147
9.79897 9.723955
12.499997 12.510284
11.5 12.001738
11.7 13.002897
11.599999 11.9051895
11.1 11.1249275
10.70206 10.78023
11.900001 11.932727
11.456548 11.136719
11.3 11.254986
12.058607 12.466011
11.900001 12.000622
11.3 11.263413
11.2 11.457568
13.899971 13.959179
11.2 11.202339
11.2 11.303057
11.3 11.307357
10.622879 10.618762
11.2 11.31156
11.1 11.180298
11.2 11.2729
10.70206 10.8106
11.900001 11.898785
11.900001 12.129076
10.89588 10.947151
11.1 11.402424
11.400001 11.697073
11.8 12.2251625
11.900001 11.900618
11.2 11.427891
11.404665 11.085087
11.2 11.231238
11.8 11.3342705
13.699981 13.844456
11.2 11.404457
13.236677 13.294125
11.2 11.232395
12.299998 11.931547
11.7 12.492983
12.799992 11.851067
11.2 11.2037735
11.389741 11.42244
12.622879 11.837496
11.999998 11.979471
11.1 11.231197
14.719789 15.007441
11.3 11.364027
13.000009 13.238037
11.3 11.469414
12.685027 12.844185
12.499997 12.154728
11.900001 11.5242605
11.3 11.298985
11.400001 11.425742
11.8 11.660326
11.8 12.2656555
11.2 11.537035
11.900001 11.917827
11.900001 11.969624
13.699981 13.126579
11.7 11.777587
10.622879 10.716796
11.400001 11.406527
11.7 11.770067
11.7 11.734105
11.7 11.752863
10.4 10.299059
13.699981 14.327854
12.1 11.942247
11.7 11.765897
11.900001 11.698986
11.5 11.492392
11.999998 12.017876
13.533231 12.973951
10.622879 10.679262
11.3 11.960484
11.1 11.13407
12.799992 12.289963
9.79897 9.642174
11.1 11.155354
11.3 11.352417
11.900001 11.9408455
11.7 11.830925
11.900001 12.226619
11.900001 11.898793
11.1 10.917509
11.999998 11.927629
11.1 11.130451
11.2 11.30691
11.3 11.232103
13.299971 12.740366
11.2 11.229799
11.3 11.213728
11.3 11.304026
11.900001 11.937729
11.7 11.730618
12.399998 11.67534
11.400001 11.869791
11.7 12.314255
11.400001 11.3754425
13.000009 13.3613205
12.499997 12.638512
13.000009 13.129063
11.2 11.152508
12.1 11.796455
12.599997 12.467009
11.900001 12.159065
11.1 11.087942
11.12 11.155041
11.8 11.806025
11.3 11.320097
11.2 11.6030655
11.622879 11.569813
11.900001 11.825712
11.3 11.289738
11.1 11.08073
11.2 11.187847
12.115923 11.575738
12.429754 13.104481
14.200179 13.596491
11.599999 11.632944
11.5 11.570789
11.2 11.227032
11.2 11.211544
13.500008 12.505764
11.8 12.141363
11.5 12.4548
11.5 11.513628
11.400001 11.611313
11.8 11.859995
11.3 12.725513
11.3 11.319321
11.8 11.804622
9.79897 10.231192
11.3 11.288555
11.8 11.738491
11.8 13.735432
11.900001 11.970829
11.900001 11.880662
11.2 11.186159
11.242667 11.100828
11.2 11.300554
11.400001 11.439209
10.4 10.2686825
12.599997 11.978058
10.4 10.318203
12.1 12.169007
11.2 11.2302065
13.399989 13.058922
11.7 12.16313
11.19691 11.38096
12.899998 12.366283
11.5 11.844359
11.2 11.241268
10.70206 10.742205
11.900001 11.889093
12.199999 12.031809
11.2 11.229481
11.2 11.358583
11.400001 11.372896
11.599999 11.701301
11.5 11.226107
13.000009 12.563028
11.599999 11.72072
11.900001 11.910986
11.2 11.222963
13.299971 12.167594
11.3 11.352974
11.599999 11.663452
11.2 11.214722
11.7 11.686687
13.1 13.703606
11.8 11.798013
11.3 11.661169
11.058607 10.774511
11.400001 11.750166
11.2 11.216412
12.599997 11.991446
11.599999 12.071661
11.5 11.614681
11.2 11.158836
11.2 11.210234
11.3 11.945694
11.7 11.751795
11.1 11.1243305
11.1 11.180738
11.5 11.43313
11.2 11.21114
11.2 11.1945095
12.199999 12.027742
11.2 11.220663
11.8 11.947477
11.8 11.7409725
12.1 12.857155
11.7 11.722977
11.5 11.533609
11.400001 11.24576
11.8 11.861498
11.7 11.394188
13.500008 15.199766
11.5 12.088606
11.599999 11.734207
11.2 11.404694
12.738272 12.09713
11.1 11.327007
11.7 11.620178
11.900001 11.881518
11.999998 11.971228
11.900001 12.17758
13.699981 13.036228
11.3 11.251795
11.7 11.746321
12.1 12.339338
11.8 12.097002
12.1 12.12734
11.8 12.256126
11.1 11.29225
11.2139435 11.447088
11.900001 11.932604
11.900001 11.971813
13.261151 12.567814
11.5 11.87327
11.900001 11.902111
10.7 11.596813
11.8 11.838591
14.200179 13.781702
12.699998 13.035671
10.4 10.540962
11.5 11.547176
11.5 11.461897
11.3 11.330862
13.600039 11.31367
11.923909 12.323093
11.3 11.2728195
11.1 11.111225
11.79897 11.866419
12.899998 12.293457
11.3 11.13378
11.2 11.236736
11.2 11.231601
13.850844 13.882479
9.79897 9.704727
11.7 12.035276
11.400001 11.427275
11.900001 11.914745
11.520216 11.045205
11.900001 11.9070835
11.5 11.389048
11.900001 11.961466
11.2 11.365037
11.900001 11.886883
11.5 11.875385
12.399998 12.723608
11.900001 12.679478
11.400001 11.539118
11.7 11.704796
12.299998 12.34161
11.5 11.23329
11.400001 11.449088
12.799992 12.446354
11.400001 11.4097595
11.599999 12.044037
11.2 11.282346
11.1 11.09746
12.499997 12.2206955
11.900001 11.704279
11.900001 11.9081745
11.400001 11.588821
11.900001 12.165276
12.699998 12.394098
11.40103 11.063566
11.2 11.198889
10.618988 10.51009
11.1 11.238234
11.400001 11.191761
13.321849 12.447346
11.8 11.798256
12.299998 12.265558
11.8 11.830807
11.2 11.185004
11.1 11.0894375
11.599999 12.047493
12.299998 12.033707
14.1 14.373632
11.999998 11.974945
11.599999 11.65736
11.599999 11.346402
11.7 11.913956
11.400001 11.642998
11.999998 12.286702
12.1 12.120165
12.799992 12.2400055
11.8 11.835159
10.40103 10.815718
11.599999 11.6633415
11.5 11.567706
11.8 11.896061
11.1 11.158087
12.899998 11.978256
12.1 12.09202
11.3 11.254753
11.599999 11.53175
11.900001 11.873203
11.5 11.526836
11.3 11.314869
11.999998 11.994202
11.7 11.805613
11.1 11.152332
11.2 11.395603
13.719789 11.976826
11.999998 12.771528
12.199999 12.0948925
11.8 11.853522
11.400001 11.492723
11.8 11.88011
11.3 11.619518
11.2 11.207422
11.5 11.771719
11.1 11.204628
11.900001 11.948208
13.1 11.929468
10.40103 10.474687
10.1 10.197222
11.5 11.506325
11.1 11.127684
11.8 11.87798
11.999998 11.980942
11.999998 11.9285965
10.1 10.260092
10.9 10.774757
12.1 11.879911
11.1 11.159182
11.599999 11.352547
11.8 11.51515
11.2 11.255484
11.2 11.328787
11.599999 11.675194
11.400001 11.500299
11.2 11.228552
11.599999 11.583931
11.1 11.549297
11.3 11.42486
11.900001 11.921656
11.599999 11.585922
11.999998 11.9654255
11.999998 11.978279
11.1 11.162682
11.599999 11.598831
13.000009 12.472586
13.699981 13.027367
14.400163 13.86693
11.5 11.537306
11.5 12.348873
11.8 11.789894
11.5 11.552242
11.599999 11.252187
11.5 11.492006
12.199999 11.576807
10.49794 10.635971
11.400001 11.583321
11.900001 11.78645
11.5 11.5686035
11.900001 11.905531
11.900001 11.4325905
11.999998 12.322493
12.1 11.928972
11.400001 11.358513
10.70206 11.554146
11.516017 11.341181
11.3 11.783016
11.2 11.165291
11.2 11.222906
13.200015 12.625696
11.900001 12.459267
11.900001 12.18988
11.599999 12.464409
11.599999 11.624891
11.1 11.144502
11.3 11.382475
11.599999 11.5163555
11.5 11.540085
12.799992 12.758886
14.299971 13.509581
11.400001 11.595161
11.5 11.537958
12.1 11.748544
11.1 11.158842
11.5 11.620403
11.3 11.35899
11.3 11.351001
11.2 11.217367
11.528291 11.494825
11.1 11.1910515
12.199999 12.036531
11.2 11.174193
11.1 11.121747
11.3 11.510524
11.3 11.318931
11.3 11.427008
11.900001 11.91754
10.622879 10.666939
11.400001 11.490725
12.899998 13.058239
11.5 11.555346
11.1 11.051218
11.5 12.220465
13.1 12.809267
11.900001 11.868027
11.7 11.652009
11.5 11.1990185
11.2 11.194861
11.900001 11.931551
11.2 11.208543
11.599999 11.250259
11.2 11.259513
11.900001 11.892638
11.1 11.193258
11.599999 11.700626
11.5 11.478584
10.70206 10.757523
11.2 11.253696
11.3 11.429205
13.399989 12.527004
13.1 12.750784
12.399998 13.071247
11.900001 11.932812
12.699998 12.750469
11.5 11.367615
11.321849 11.0345745
11.1 11.498831
11.900001 11.880814
12.399998 11.857892
9.986056 9.838097
11.599999 11.751294
10.40103 10.67469
11.3 11.571674
11.2 11.187208
11.2 11.244183
11.8 11.867347
11.1 11.639826
11.900001 11.936039
11.900001 12.048336
11.7 11.742316
11.999998 12.0114
11.2 11.402332
11.8 11.793508
13.200015 13.127111
11.1 11.386278
13.738272 13.580414
11.2 11.293985
11.400001 11.531773
10.56401 10.68145
11.1 11.220727
11.900001 11.9115305
12.4372425 12.63628
11.2 11.239289
11.5 11.606167
11.5 11.495972
11.900001 11.799733
11.599999 11.618714
11.1 11.344318
11.5 11.578345
11.7 11.3709545
11.2 11.265278
11.900001 11.8892975
11.599999 11.806673
11.2 11.21278
11.400001 11.419577
12.499997 12.907797
10.7 10.507818
11.8 11.833477
13.399989 12.927294
13.200015 12.70587
11.900001 11.908356
11.7 11.893742
11.900001 11.831612
11.2 11.222708
11.7 11.831896
11.2 11.409599
12.814443 12.206749
11.999998 11.907032
11.5 11.54731
11.1 11.169541
11.903272 10.545613
11.5 11.535136
11.400001 11.411121
11.1 11.70092
11.3 11.333578
11.5 11.492863
11.204387 11.303234
10.1 10.113594
14.1 13.510981
11.400001 11.484866
12.699998 13.349833
13.000009 12.574331
11.5 11.623585
11.5 11.529863
11.2 11.209893
11.400001 12.257736
11.5 11.443411
11.900001 11.908493
11.3 11.501259
11.900001 11.881746
11.2 11.244678
11.1 11.128418
11.599999 11.588622
11.108774 11.225306
11.2 11.357389
11.8 11.992978
11.999998 12.616356
10.1 10.145645
11.900001 11.941816
12.899998 13.321358
11.5 11.960894
11.2 11.436338
11.3 11.1985035
12.299998 11.852375
11.3 11.24806
10.2 10.356783
11.8 12.190138
11.900001 11.94618
11.2 11.720252
11.8 11.934519
11.599999 12.001198
11.2 11.300802
11.2 11.377565
12.199999 12.542049
13.000009 13.246174
11.2 11.244339
11.2 11.2195015
11.7 11.779751
11.900001 11.922268
11.2 12.402683
11.1 11.15336
11.900001 11.906786
11.2 11.21273
11.2 11.358614
13.299971 13.783209
11.7 11.750836
11.7 11.347846
12.499997 12.762939
11.7 11.654091
11.2 12.071636
11.7 11.716547
14.700326 14.566641
10.622879 10.8729
11.3 11.267562
13.1 12.641655
11.900001 11.959574
13.800057 13.193047
12.199999 11.808296
11.5 11.53838
11.3 11.362225
11.5 11.807583
11.2 11.974468
11.999998 11.484186
11.2 11.288042
11.599999 11.853842
11.8 11.814331
11.40103 11.477648
11.1 11.219803
13.200015 14.032904
13.899971 12.93767
11.5 12.464191
11.321849 11.5982
12.399998 11.503494
13.138838 12.44972
9.668636 9.475133
12.668636 12.960007
11.2 11.324226
13.200015 12.558855
11.8 11.8513565
11.1 11.216463
11.5 11.520229
11.2 11.2758465
10.622879 11.184368
12.599997 14.639387
14.8447275 14.877857
11.5 11.8594
12.199999 12.150988
13.299971 12.127527
11.1 11.125738
11.290441 10.462126
11.599999 12.2542095
12.199999 11.381578
11.900001 12.357239
11.7 11.716979
13.299971 12.52582
11.5 11.548994
12.499997 12.193718
11.1 11.10522
11.2 11.243218
11.400001 11.496509
11.5 11.489437
12.899998 13.058634
11.999998 12.02552
14.500117 12.879309
12.199999 11.417889
12.1 11.802426
11.7 11.819161
11.5 12.109779
11.1 11.173344
12.599997 14.074566
11.1 11.384926
13.800057 13.774971
11.2 11.218945
11.900001 12.019293
11.599999 11.479433
11.7 11.435316
12.799992 12.352617
14.1 12.966303
11.3 11.280931
11.1 12.312504
11.7 11.743486
11.2 11.274696
12.499997 12.488085
14.256437 12.938326
11.8 12.11001
11.599999 11.6637335
11.8 12.419052
12.599997 12.576862
10.49794 10.429409
12.299998 11.731073
11.2 11.193148
11.2 11.30039
11.2 11.310711
13.000009 12.159656
12.399998 12.046644
11.2 11.264725
10.3 10.350452
11.2 11.183722
12.79897 11.721998
11.7 11.986416
11.900001 11.906681
12.499997 11.97809
11.400001 11.513351
11.3 11.373364
11.400001 11.289761
12.699998 11.54281
11.3 11.3353195
11.5 11.4836235
11.900001 11.93482
11.1 11.143955
11.900001 11.969345
11.7 12.477261
11.599999 11.6287365
14.700326 14.560728
11.2 11.224262
11.900001 11.888216
11.7 11.784075
12.149998 11.626737
10.9 11.241598
11.5 11.427664
11.49794 11.639782
14.1 14.302612
11.7 11.7868
10.40103 10.74011
11.5 11.560106
11.3 11.544337
11.900001 11.891414
12.799992 12.74555
12.379841 12.374451
11.900001 11.902959
11.8 11.874399
11.1 11.133924
11.2 11.344231
11.2 11.314701
11.2 11.339689
10.5 10.478727
11.900001 11.90406
13.000009 13.522568
13.800057 12.55924
10.738272 10.70236
13.600039 13.509602
11.599999 11.639295
11.2 11.29195
11.5 11.667677
11.400001 11.409275
11.7 14.3179035
11.5 11.928585
11.1 11.126911
12.899998 12.804262
11.400001 11.588145
13.800057 12.707108
11.1 11.12711
12.699998 13.295439
11.900001 11.98665
13.600039 13.529699
11.3 11.4341
11.400001 11.480246
13.699981 13.357513
12.299998 12.330481
12.020819 11.936599
11.1 11.290498
13.500008 13.259739
14.1 14.309942
11.2 11.232084
11.5 11.548525
11.2 11.253935
11.2 11.434721
11.200007 10.81485
13.1 13.70105
11.8 11.805443
11.2 11.224423
14.151198 13.321964
11.7 11.73818
11.1 11.148864
11.8 11.852831
11.2 11.199274
13.000009 12.990889
10.555932 11.427569
11.2 11.288538
11.2 11.425586
11.5 11.379276
11.8 11.748922
11.400001 11.429802
11.599999 11.6605015
11.2 11.304432
11.2 11.356823
11.400001 11.456495
11.999998 11.918287
10.5 10.706354
11.8 11.848658
10.622879 10.755373
11.3 11.409309
11.900001 11.900933
10.19691 10.318306
11.2 11.357903
10.637602 10.57682
11.2 11.185976
11.999998 12.014513
11.8 11.632416
12.199999 12.20572
11.5 11.198999
11.999998 11.927511
11.1 11.163927
11.3 11.370766
11.106564 11.551479
11.1 11.249277
11.3 11.487438
11.3 11.413599
12.15 11.969654
11.1 11.310171
11.999998 11.950592
11.400001 11.585643
11.3 11.331877
10.622879 10.642525
11.5 11.460859
11.3 11.509354
11.8 12.185289
11.900001 11.893332
12.986056 13.916445
10.2 10.458172
11.900001 11.959267
11.2 11.270104
11.1 11.154898
10.4 10.524672
11.7 11.772658
11.7 11.746649
11.2 11.182398
11.2 11.241083
11.3 11.542955
11.3 11.321234
11.599999 11.703836
11.1 11.199707
11.5 11.636538
13.200015 12.71999
11.881984 11.878446
11.8 11.840845
11.7 11.682817
11.7 11.354931
13.399989 13.38505
11.599999 11.706705
11.2 11.208454
11.8 11.858661
11.400001 11.414894
11.999998 11.350191
12.799992 12.628424
10.70206 10.741665
10.1 10.757679
12.799992 12.903809
11.900001 11.938307
11.8 11.863241
13.899971 13.592108
10.70206 10.424852
11.999998 11.916138
11.3 11.288609
13.500008 12.921402
11.400001 11.434513
11.2 11.436053
11.900001 12.103067
11.3 11.296138
11.1 11.141827
11.1 11.1110115
11.900001 11.872361
12.599997 12.666559
11.3 11.356398
11.8 11.875883
10.7 10.501333
11.900001 12.056252
11.3 11.513714
11.599999 11.268107
10.4 10.580804
11.5 11.527176
11.2 11.28177
11.900001 11.908411
11.599999 11.926443
12.599997 11.931641
11.655955 11.353106
11.599999 11.611406
11.1 11.126339
11.5 11.751694
11.5 11.984972
11.1 11.162418
11.2 11.261105
11.400001 11.698439
11.2 11.807407
14.500117 13.521286
11.900001 11.900003
13.4372425 12.607758
11.599999 11.61417
13.1 13.304657
11.2 11.287825
12.199999 12.683729
12.499997 12.3687935
13.000009 12.22163
11.3 12.163559
12.136212 12.220397
11.5 11.464273
11.5 11.902157
11.5 11.511015
13.500008 14.147219
11.900001 12.108612
12.1 11.266895
11.400001 11.205437
11.599999 11.566597
11.2 11.186113
11.3 11.418579
14.901343 12.818386
11.1 12.029405
9.893174 9.821342
11.7 11.640131
11.900001 11.897204
11.599999 11.259304
11.2 11.253273
11.8 12.286554
11.8 11.8918495
12.199999 12.124958
11.1 11.146166
11.7 11.632172
11.7 11.675112
11.900001 12.218847
11.2 11.246099
13.299971 12.210319
11.1 11.18404
11.2 11.228292
11.599999 11.669746
11.8 11.839853
11.999998 11.50125
11.3 11.331295
9.622879 10.057131
11.7 11.70756
11.5 11.502648
10.336572 10.558493
12.299998 12.237686
10.775512 10.923079
11.599999 11.325592
11.900001 11.925089
10.7 10.483319
12.199999 11.755154
11.1 11.150454
11.5 11.534374
14.901343 14.348337
12.599997 12.399654
11.3 11.275158
11.2 11.282555
11.8 11.8494005
11.8 11.843584
11.5 11.542828
11.8 11.826504
12.199999 12.129503
12.172629 12.135945
11.900001 11.950246
11.599999 11.640583
12.899998 13.658184
12.299998 12.363758
11.400001 11.576677
11.1 11.204494
11.400001 12.708155
11.7 11.76203
11.599999 11.643298
11.8 11.690835
13.108774 12.6150875
11.5 11.544767
15.299971 15.618784
12.769587 12.890657
12.399998 12.588472
13.399989 12.343334
12.19691 12.207325
11.5 11.413076
14.1 14.112118
13.899971 13.440123
12.020819 10.759302
11.900001 11.906638
11.900001 11.928276
11.8 11.983532
10.224938 10.241512
11.2 11.257192
11.7 11.749341
11.7 11.84139
12.199999 12.448648
10.1 10.3396
10.2 10.267074
14.622879 13.708662
11.7 11.151207
11.3 11.513618
12.399998 12.310656
12.1 11.866648
10.1 10.307826
11.900001 11.846598
11.900001 11.897486
12.399998 12.379757
11.599999 11.637428
11.8 11.8212595
13.000009 12.215689
12.89588 12.992058
11.5 11.715168
13.800057 13.258295
11.900001 11.782691
11.900001 11.968544
11.999998 11.350931
11.5 11.53901
11.2 11.195734
11.1 11.182964
11.900001 11.982487
11.8 11.845945
11.7 11.755288
11.7 11.189235
12.699998 12.316272
11.599999 11.340387
11.1 11.201912
11.0 10.683533
11.543697 10.956011
11.3 11.479927
11.8 11.789021
11.5 11.671579
12.923909 12.734821
11.999998 12.460445
12.399998 12.6213
11.900001 11.89263
11.18831 11.091049
12.599997 12.078224
11.599999 12.270813
12.1 11.44416
11.400001 11.457859
11.5 11.536522
12.199999 12.190334
13.800057 12.99024
12.599997 11.892931
12.199999 13.581102
11.900001 11.924212
11.3 11.283958
11.3 11.359702
11.307609 11.418454
11.2 11.1167145
11.400001 11.205757
10.3 10.482622
10.2 10.261656
11.2 11.322382
10.2 10.692362
11.2 11.093382
11.1 11.171956
13.1 12.617451
13.000009 12.972265
11.900001 11.910406
11.1 11.146976
11.8 12.223106
11.599999 11.658303
11.2 11.299257
12.1 12.242071
12.199999 12.041464
11.3 11.240435
14.299971 13.681026
11.1 11.230996
11.1 11.179321
11.5 11.561261
11.1 11.177849
11.2 11.270243
12.799992 11.829729
13.899971 13.428198
11.599999 11.598108
11.884776 11.886742
11.599999 11.924156
11.3 11.29405
11.1 11.166901
11.599999 11.773903
11.5 11.180809
14.155518 14.506674
11.2 11.196527
11.8 11.826418
11.1 11.215616
11.8 11.838356
11.2 11.225346
11.999998 11.526936
11.400001 11.33765
11.5 11.826487
11.926936 11.928005
11.3 11.290332
11.7 11.311262
11.70206 11.29225
11.1 11.093972
11.1 11.133013
10.9 11.42931
11.40103 11.236988
11.599999 11.585684
14.1 13.605515
11.1 11.15627
12.599997 11.823751
11.900001 11.905233
11.900001 11.783268
11.900001 11.967918
11.2 11.167347
13.200015 13.990438
11.0 10.915503
11.5 11.540409
12.651294 12.901833
11.5 11.510549
10.8 11.525009
11.400001 11.7943325
11.1 11.128526
11.599999 11.679991
12.299998 12.4744625
11.8 12.030302
12.317528 12.187883
13.986056 13.190538
11.1 11.088684
12.299998 11.833132
11.2 11.27759
11.7 11.688717
11.2 11.198458
12.199999 12.184116
11.8 11.69836
11.8 11.7744465
11.400001 11.409899
11.1 11.151508
11.5 11.516645
11.900001 12.518946
11.999998 12.017979
11.7 11.571745
11.1 11.116993
11.3 11.3354645
11.2 11.30615
11.3 11.72492
11.400001 11.352163
10.5 10.830681
11.599999 11.430563
10.1 10.178113
10.1 10.157208
11.5 11.551176
13.399989 12.154484
11.5 11.530926
11.7 11.487459
13.000009 12.603659
11.2 11.250345
11.1 11.13673
12.199999 11.386707
11.8 11.769402
11.599999 11.551662
12.199999 12.182681
11.2 11.181622
11.599999 12.022982
11.1 11.111076
11.5 11.596444
11.1 11.395069
11.1 11.17882
11.7 11.624628
11.1 11.186956
11.8 11.832504
11.1 11.821169
11.2 11.586571
10.70206 10.76243
11.96328 11.221104
13.500008 12.632719
11.900001 11.940918
11.2 11.237374
11.900001 11.92741
11.1 11.150959
12.299998 12.167295
12.199999 12.054034
11.1 11.150454
11.900001 11.82444
12.399998 13.451683
11.5 11.660059
11.999998 11.981016
12.399998 13.669224
11.2 11.243383
10.622879 10.251902
11.2 11.235302
11.1 11.264418
10.4 10.578899
11.8 11.77095
10.2 10.42055
11.900001 11.897295
14.299971 12.820833
11.7 11.786842
11.999998 11.979937
11.2 11.474713
11.7 12.273384
11.3 11.342102
11.2 11.214851
11.400001 11.477766
11.8 11.858374
11.8 11.88934
10.79897 10.826723
11.3 11.48431
12.299998 12.242992
11.3 11.465887
13.899971 13.123507
11.8 11.723633
10.6 10.674917
11.3 11.38924
11.400001 11.49247
11.40103 11.132492
11.5 11.55288
10.3 10.299707
13.79897 13.997648
11.599999 11.788195
11.1 11.251741
11.2 11.265668
12.340956 12.026966
11.2 11.266129
11.8 12.0903015
11.900001 11.935845
13.777781 13.704304
11.599999 11.783691
11.900001 11.75345
12.420272 12.341154
13.600039 12.03257
12.299998 12.902369
11.2 11.392214
11.400001 11.522663
12.872113 12.243433
11.1 11.147761
13.999974 13.001013
10.89588 10.865269
11.3 11.407087
11.2 11.248367
11.7 11.89231
11.2 11.322424
11.8 11.326633
13.500008 13.385117
11.1 11.251345
11.2 11.313221
12.199999 11.889124
11.900001 11.899677
11.1 11.086737
11.599999 11.626711
10.40103 10.657141
11.2 11.194274
13.600039 11.306759
11.900001 11.911411
11.2 11.210346
11.8 11.347038
11.2 11.667328
11.2 11.319412
11.2 11.1871395
11.9680605 11.805407
11.7 11.705341
11.400001 11.902462
11.1 11.165688
14.600313 14.436417
13.581486 13.694355
11.1 11.137467
10.555932 10.506388
11.2 11.237656
11.2 11.306714
10.759556 10.638737
11.2 11.28109
12.577556 12.012304
11.8 11.721777
11.1 11.108213
11.599999 11.680473
12.899998 12.636805
13.399989 13.296059
11.40103 11.341412
11.1 11.106457
11.5 11.50736
11.2 11.1526375
11.999998 12.469971
11.3 11.253191
11.1 11.146534
14.200179 14.192627
13.1 13.946493
11.622879 11.723795
11.900001 11.989161
11.900001 12.011566
11.900001 11.926168
15.1 14.812962
11.2 11.317558
11.2 11.2388115
11.2 11.207144
11.1 11.941345
11.599999 11.454515
11.999998 11.996014
11.400001 11.598335
11.5 11.652626
11.1 11.138007
11.7 11.848711
11.900001 11.927967
13.1 13.070156
11.400001 11.392984
11.2 11.318729
11.7 11.746416
11.5 11.512781
11.1 11.228382
12.299998 12.20091
13.321849 11.523462
11.1 11.332161
11.900001 11.893695
11.7 11.649862
11.1 11.1196995
11.7 11.664368
11.900001 11.863521
13.600039 12.416868
11.8 11.789358
11.900001 11.952723
10.2 10.30286
12.299998 12.472015
11.400001 11.391642
12.299998 12.244327
11.5 11.639862
10.4 10.696368
12.199999 11.916033
11.8 12.097082
11.900001 12.0999775
11.400001 11.790215
11.3 11.588372
11.3 11.550635
11.8 11.559523
12.399998 12.933699
10.7 11.049381
11.2 11.206406
11.8 11.87233
11.1 11.185818
11.5 11.653944
11.8 11.744737
12.1 12.393227
11.3 11.3954935
11.599999 11.376499
11.2 11.192054
11.8 12.0261135
11.8 11.914448
11.719789 11.644561
13.299971 11.142862
11.3 11.245577
11.1 11.11854
12.699998 13.084414
11.45 11.627697
11.668636 11.3658085
13.40103 13.210136
11.900001 12.39661
11.1 11.234815
11.1 11.115719
12.899998 11.643135
11.2 11.167641
11.400001 11.616501
11.4335785 11.250626
11.1 11.208719
11.2 11.260193
11.3 11.272093
11.999998 12.779343
11.999998 11.938362
11.254902 13.6603985
11.400001 12.237843
11.900001 11.890867
11.3 11.300311
11.65 11.422171
10.8 11.226403
12.799992 12.827728
11.2 11.260836
11.5 11.464457
11.999998 11.701662
11.400001 11.506084
11.900001 11.918213
11.2 11.231537
15.219187 15.073708
11.5 11.685913
10.622879 10.682186
11.2 11.239414
11.2 11.3926525
11.3 11.231024
11.8 11.982042
11.7 11.657085
11.3 11.33168
10.40103 10.455645
11.599999 11.763898
11.3 11.301527
11.2 10.564274
11.400001 11.401569
12.1 12.166752
11.999998 12.530382
11.3 11.403574
11.900001 11.909648
11.1 11.186624
11.2 11.359737
11.1 11.158384
14.500117 13.9112835
11.400001 11.489175
11.5 11.56381
11.2 11.265156
11.3 11.388277
10.5 10.50057
11.5 11.982742
11.900001 11.882798
10.70206 10.779953
12.399998 12.016287
10.66225 12.471504
12.175721 11.750667
11.8 11.877846
14.299971 14.308989
11.599999 11.422089
11.2 11.28577
11.5 11.617123
11.900001 11.879004
12.599997 11.573868
11.3 11.509165
11.926936 11.922827
11.8 11.888077
13.299971 13.199991
11.599999 11.665568
11.5 11.578497
13.999974 13.54023
13.048454 12.555397
11.1 11.092428
11.3 11.355559
11.1 11.178049
11.3 11.209639
11.1 11.868448
12.1 12.584614
12.628708 12.028248
11.7 11.514723
11.7 11.671227
11.49794 11.459608
11.75 11.374266
11.900001 11.907644
11.8 11.803562
11.599999 11.561882
13.299971 13.955999
11.599999 11.826681
12.199999 12.020287
11.2 11.307159
11.8 11.847263
11.999998 11.958443
11.7 11.719227
11.2 11.236397
11.8 11.841032
11.400001 11.405133
11.599999 11.713729
11.1 11.145487
11.8 11.849911
11.8 11.712173
11.7 11.585106
14.500117 13.498116
11.2 11.421301
11.8 11.8950615
11.900001 11.8833885
12.112837 11.534998
12.199999 12.058693
11.1 11.739136
11.8 11.822639
11.49794 11.603575
11.3 11.419393
11.5 11.48023
11.3 11.348916
11.3 11.305538
11.3 11.343052
11.7 11.816544
11.900001 11.656361
11.5 11.525917
11.3 11.262516
11.900001 11.895922
11.5 11.533005
12.899998 12.767866
11.5 11.53448
14.500117 13.981365
11.599999 11.81148
11.1 11.129696
13.600039 13.357178
11.1 12.251989
11.599999 11.758057
11.2 11.392921
11.5 11.552351
11.400001 11.484399
11.999998 12.057493
11.1 11.124908
13.738272 13.28677
11.7 11.358299
11.3 11.353136
11.3 11.482534
11.599999 13.211231
13.200015 12.651646
11.1 11.175974
11.2 11.225973
12.685027 11.466827
11.900001 11.934596
11.7 10.51096
11.5 11.535532
11.2 11.411996
11.900001 11.901932
11.8 11.890213
11.400001 11.377284
12.199999 12.049282
11.900001 11.879227
11.599999 11.8023205
11.900001 11.961389
11.79897 11.542232
11.400001 11.574463
11.15 11.382961
11.400001 11.2466755
12.028118 11.125507
12.299998 12.052799
12.299998 12.592131
11.999998 11.982727
11.3 11.333829
10.622879 10.697141
11.2 11.196228
11.999998 11.668865
14.500117 13.930698
11.3 11.323004
11.8 12.775782
11.3 11.326954
11.7 11.683733
11.900001 12.012409
11.2 11.345039
11.900001 12.048571
11.3 11.311299
12.399998 11.9641075
12.299998 12.391449
11.5 11.589733
11.900001 11.762936
10.3 11.794155
10.49794 10.567701
11.900001 11.91225
11.1 11.255934
11.900001 11.899015
11.599999 11.862433
11.344125 11.284592
11.2 11.36718
11.400001 11.468006
11.5 11.79628
11.999998 11.984678
11.400001 11.888517
11.400001 11.56782
12.6934595 13.49737
11.3 11.476162
11.2 11.705282
11.400001 11.402621
11.1 11.676573
11.999998 11.891819
11.1 10.991909
11.2 11.190599
11.599999 11.637735
11.1 11.200293
11.5 11.581031
13.000009 12.178074
11.5 11.44165
11.1 11.140022
11.2 11.281356
13.600039 13.761515
11.8 11.544682
11.8 11.277805
10.70206 10.737393
13.1 12.7075615
13.399989 13.821304
11.2 11.294341
11.3 11.679389
11.599999 11.601263
14.901343 14.645874
11.7 11.6124935
11.599999 13.213343
11.1 11.16894
11.2 11.223434
12.299998 12.299492
11.2 11.232515
11.2 11.20479
11.900001 11.929989
11.1 11.175829
11.1 11.187691
11.2 11.50682
12.699998 12.463776
11.999998 12.4845085
11.900001 11.878016
14.100029 13.931215
11.2 11.733681
11.599999 11.8399
11.900001 11.8961525
11.5 11.587738
11.2 11.984581
12.699998 12.6821995
11.719789 11.842184
11.900001 11.920477
11.599999 11.943691
11.7 11.644653
13.000009 11.442585
13.600039 13.292902
11.999998 12.03215
10.3 10.402197
12.199999 12.286375
11.2 11.191351
9.890485 9.841367
11.599999 11.811129
11.3 11.362438
11.400001 11.5203705
11.5 12.028484
12.899998 13.267151
11.999998 11.935514
11.29382 11.4999485
11.3 11.678478
12.299998 12.193941
11.175305 11.199625
12.599997 11.776458
11.3 11.296291
11.2 11.233134
10.1 10.215847
13.999974 13.570351
13.1 12.81278
11.5 11.346609
11.599999 11.672144
11.900001 11.910523
11.999998 12.013277
11.2 11.286215
11.1 11.223799
11.2 11.481931
11.3 11.255236
11.1 11.091637
11.356133 11.118546
11.1 11.2469845
11.7 11.519562
12.499997 12.32036
11.1 11.115251
13.299971 13.193928
13.79897 14.043259
11.599999 11.946177
11.400001 11.427019
11.900001 11.902271
12.299998 12.235598
11.900001 12.145977
13.000009 12.96879
11.999998 12.085119
11.7 11.80216
11.3 11.325293
12.1 11.375397
11.1 11.188843
10.622879 10.65085
11.2 11.236149
13.1 12.876316
12.199999 11.73846
11.1 11.167121
14.49794 15.6046505
11.2 11.4256935
11.2 11.270706
11.8 11.80785
11.900001 11.906019
11.900001 11.852335
11.7 11.73678
11.8 12.252361
11.7 11.96859
13.000009 12.110329
12.499997 12.814272
11.321849 11.248228
11.3 11.423769
12.899998 11.999569
11.599999 12.069605
11.5 11.668379
10.40103 11.042057
11.8 11.843575
11.999998 11.971381
12.799992 13.028547
11.7 12.041412
11.900001 11.907696
11.400001 11.384117
11.2 11.201008
11.2 11.218235
11.1 11.176731
11.7 11.769474
11.900001 11.916882
11.400001 11.4006
11.7 11.645117
11.900001 11.872551
11.999998 11.512571
12.899998 12.666546
11.8 12.331335
10.2 10.33367
11.3 11.368401
13.1 13.499142
12.199999 12.263134
12.46955 12.484394
10.5 11.323149
11.599999 11.470988
10.5 10.370504
11.1 11.141266
11.900001 11.904062
11.5 11.444962
13.600039 12.642342
11.3 11.297386
11.900001 11.6561165
11.3 11.41287
11.1 11.171091
11.5 11.6625595
12.899998 12.766823
11.2 11.2551
11.599999 11.623684
11.999998 12.319143
12.799992 13.161665
12.699998 12.853506
11.1 11.855452
11.1 11.12574
11.1 11.142296
11.1 10.6318035
11.3 11.286692
13.000009 12.48564
11.1 11.140829
11.8 12.269136
11.400001 11.491264
11.2 11.206794
11.999998 11.234531
11.7 11.587032
13.500008 12.961533
11.3 11.424845
11.999998 11.93197
11.8 11.678742
10.145758 10.15781
11.900001 11.635318
11.900001 11.755635
11.5 11.861885
10.7 10.7223625
11.8 11.8934765
11.900001 11.687415
11.2 11.273111
11.8 12.275267
11.8 11.8887005
11.400001 11.463362
11.999998 11.854927
12.6867 12.275322
11.900001 11.916452
11.1 11.377496
11.599999 11.460479
11.1 11.240788
12.599997 12.022053
11.2 11.206787
11.7 11.749721
12.899998 13.260672
12.199999 12.270446
11.2 11.529953
12.499997 12.483637
11.8 11.635881
11.1 11.226416
12.699998 11.464651
11.900001 11.893402
15.299971 15.567961
12.299998 12.233208
11.1 11.149067
11.999998 11.980374
11.8 11.459974
12.199999 12.110004
10.2 10.346857
10.3 10.362362
11.1 11.118814
13.81627 12.518204
10.5 10.4944935
11.599999 11.33934
11.900001 11.59387
11.3 11.427425
11.2 11.236816
11.79897 11.815596
12.199999 12.073736
12.923909 11.031006
11.400001 11.267426
11.1 11.223653
11.1 11.159092
10.40103 10.719259
11.2 11.317375
11.3 11.388266
11.2 11.329935
11.8 11.454236
13.800057 13.288834
12.199999 11.85915
11.900001 11.917809
10.2 10.440676
11.8 11.922964
15.200179 15.838284
11.1 11.247261
11.1 11.161076
11.3 11.357325
11.400001 11.3612175
11.2 11.438105
11.3 11.539246
11.7 11.76638
11.400001 11.446081
10.224938 10.163323
11.400001 11.458143
11.8 11.860228
11.400001 11.434823
11.400001 11.476799
11.900001 11.337322
11.2 11.214109
14.299971 15.465416
14.299971 13.795652
11.400001 11.434872
11.3 11.882689
11.599999 11.593336
11.1 11.555037
11.8 11.838115
11.400001 11.473722
11.900001 12.246012
11.2 11.231077
10.1 10.212725
11.3 11.242099
11.1 11.138891
11.900001 11.396034
12.399998 12.646044
11.2 11.289457
11.8 11.850441
11.2 11.288495
10.1 10.172949
11.900001 11.925289
10.5 10.592478
13.65752 10.710819
11.3 11.278191
11.2 11.281227
11.1 11.116205
11.2 11.267893
11.2 12.121782
11.8 11.947592
11.400001 11.625261
11.2 11.456507
11.1 11.224499
11.2 11.184178
11.1 11.147396
11.1 10.658442
14.834261 14.876757
11.5 11.441689
11.400001 11.514244
11.400001 11.509726
11.7 11.815729
11.900001 12.093121
11.2 11.290213
11.599999 11.673059
11.5 11.495249
12.950003 12.698742
12.699998 12.231823
11.7 11.786396
11.7 11.695213
12.799992 11.808582
14.108774 14.479338
11.2 11.239832
10.1 10.112556
11.2 11.301367
11.2 11.729462
11.3 11.336919
10.40103 10.775335
12.899998 11.885958
11.923909 10.5784235
11.2 11.426233
11.400001 11.355446
11.70206 12.322319
11.1 11.167892
13.800057 13.229729
11.2 11.218367
11.400001 11.291063
11.2 11.188892
12.199999 12.132504
12.399998 12.100258
13.1 11.653531
10.622879 10.743666
11.1 11.159643
12.899998 12.439829
11.8 11.784146
11.900001 11.907993
11.2 12.102627
11.900001 11.590817
11.3 11.267971
11.999998 11.986407
11.5 11.557009
11.2 11.235298
12.199999 13.177526
11.599999 11.324364
11.400001 11.650179
11.487216 12.0860405
13.487216 13.480183
11.1 11.21203
11.7 11.423058
11.7 11.724111
11.599999 11.77903
11.1 11.185687
12.399998 12.656576
11.900001 12.010496
11.599999 11.698612
11.400001 11.406942
12.499997 12.703644
12.499997 11.956512
10.40103 10.713655
11.2 11.606384
11.900001 11.902535
11.2 11.354855
11.1 10.969868
12.1 10.638559
11.900001 11.952816
11.7 11.589098
11.5 11.551521
11.999998 12.100534
11.8 11.873304
12.307609 11.917084
12.699998 12.944635
13.953872 14.125494
11.5 11.531813
11.3 11.320946
11.2 11.289153
12.199999 11.857746
12.00309 12.639088
11.3 11.383692
11.599999 11.659201
13.200015 12.227358
11.2 11.167351
12.668636 12.518389
10.622879 10.633537
11.3 11.284491
11.2 11.292926
13.668636 12.226982
11.8 11.823925
10.8447275 10.728155
11.6867 12.197678
11.5 11.829021
11.1 11.265423
11.900001 12.255308
11.2 11.325855
12.1 12.090355
12.393091 11.767759
10.40103 10.383753
11.900001 12.148973
12.599997 12.359631
11.3 11.7305
11.1 10.5960655
11.1 11.003084
11.1 11.160297
11.5 11.503771
10.3 10.369903
12.699998 11.862593
11.3 11.36796
11.3 11.561701
10.1 10.137924
11.2 11.218779
10.7 10.872518
11.1 11.155897
11.3 11.439032
13.1 12.584486
10.8 10.662672
11.7 11.743042
11.3 11.324903
11.2 11.420063
10.224938 10.21027
11.1 11.135611
11.1 11.398235
13.000009 11.924299
13.180922 13.163391
11.1 11.151964
11.3 11.338924
11.900001 11.912612
11.7 11.995677
12.193092 12.315901
11.2 11.207283
11.2 11.359
11.5 11.5968685
11.3 11.347773
12.799992 12.032921
11.599999 12.491125
11.1 11.136258
12.299998 12.176914
11.1 11.2783165
11.2 11.338034
11.8 11.398085
11.2 11.225482
11.400001 11.346331
11.7 12.524456
14.500117 13.851278
11.900001 11.838018
11.5 11.663175
11.49794 11.911329
13.899971 13.288351
11.2 11.507751
11.2 11.261578
11.1 11.161376
11.280072 11.319462
12.499997 13.456293
11.2 11.306099
11.5 11.587504
11.49794 11.506941
11.1 11.139107
11.2 11.400372
12.1 11.865627
11.732644 11.326854
13.299971 12.356998
11.900001 11.913958
11.668636 11.57893
11.599999 11.620972
11.2 11.205648
10.40103 10.364055
11.999998 12.040168
11.1 11.119442
11.2 11.3348255
11.2 11.207507
11.2 11.560495
11.599999 11.9140415
11.1 11.63081
11.900001 11.910209
11.7 12.337585
11.400001 11.835723
11.8 11.788784
11.2 11.232384
11.400001 11.45351
11.5 11.603621
11.5 11.742201
12.1 12.12064
12.599997 12.756592
12.1 11.911072
11.400001 11.588497
11.1 11.172869
13.399989 13.324921
11.999998 11.731165
11.599999 11.8277645
11.3 11.627966
10.70206 10.746231
11.2 11.194984
11.400001 12.108261
11.1 11.219128
11.900001 12.098343
14.145758 14.820448
11.599999 11.644909
11.2 11.23105
11.8 11.831673
12.299998 12.145197
11.8 11.838188
11.2 11.344389
11.7 11.360617
11.999998 11.70384
11.900001 11.913708
11.999998 12.017963
12.1 12.754585
11.599999 11.709372
12.599997 12.440159
12.499997 11.751801
12.199999 12.080307
11.599999 11.342892
11.599999 11.701104
10.935647 10.93397
11.7 11.733643
11.999998 11.357376
10.2 10.276722
11.5 11.5731945
11.175305 11.301252
11.1 11.242405
10.40103 10.631256
10.4 10.366575
11.2 11.218246
9.986056 9.802923
11.3 11.540979
12.699998 13.321959
11.400001 11.431553
11.2 11.339844
11.400001 11.479753
11.2 11.217972
11.079304 12.6719475
11.1 11.584986
11.1 11.103933
11.2 11.216785
11.999998 12.0277
11.1 11.335067
11.900001 11.9667225
12.599997 12.663542
11.2 11.420593
11.900001 11.908595
11.400001 11.49168
11.599999 11.910606
10.79897 10.71249
11.2139435 11.392729
11.2 11.825052
12.299998 11.949322
11.400001 11.40703
12.577345 12.525879
11.1 11.268908
11.7 11.817743
11.1 11.098244
11.2 11.240458
11.8 11.893003
13.500008 13.426737
11.8 11.748299
11.2 11.210299
13.899971 13.050789
12.599997 12.1900215
12.699998 13.4526825
11.400001 11.355812
11.3 11.525028
11.599999 12.280083
12.29382 12.635628
11.3 11.351011
11.1 11.131979
11.999998 11.971863
11.1 11.584173
11.900001 11.470764
11.900001 11.830586
12.799992 12.724167
11.2 11.262512
12.299998 11.960097
12.299998 12.208176
11.900001 11.893863
11.2 11.226196
11.2 11.338825
11.8 11.847168
11.3 11.2682495
12.699998 12.873745
11.7 12.312309
11.7 11.932203
11.1 11.029175
11.1 11.199938
11.7 12.057523
11.3 11.576796
11.5 11.523693
11.999998 12.079884
11.599999 11.737754
11.900001 11.923689
12.899998 12.2767725
11.1 11.127412
13.699981 13.546349
12.519075 12.73373
12.499997 12.196129
11.2 11.2086935
11.900001 11.892817
11.3 11.830364
11.599999 11.662519
11.2 11.269661
11.1 11.157473
12.699998 12.33337
12.899998 11.618191
11.5 11.709868
12.699998 12.867517
11.599999 12.096511
11.400001 11.416822
11.2 11.237069
11.599999 11.72267
11.900001 11.848583
11.2 11.705121
12.599997 13.170973
11.900001 11.921978
11.2 11.253731
14.400163 14.533897
11.1 11.203606
11.900001 11.921276
10.1 10.202789
11.3 11.90254
11.3 11.396011
11.2 11.250397
10.3 10.31568
11.2 11.200197
11.2 11.278251
11.2 11.26105
12.699998 12.074017
11.5 11.523113
11.2 11.217337
11.3 11.303179
11.5 11.450117
11.599999 11.29472
11.1 11.187599
12.399998 12.251465
11.999998 11.9743
11.2 11.222387
11.5 11.546577
11.5 11.50742
11.400001 11.525412
11.599999 12.669443
11.1 11.169153
9.40103 9.591452
11.900001 11.891972
11.1 11.312176
11.652842 11.887606
11.900001 12.517458
11.5 11.606527
11.900001 12.239887
11.1 11.200939
11.7 11.884739
11.2 12.129293
11.2 11.267223
11.2 11.28196
11.900001 12.46928
11.900001 11.946949
11.8 11.787161
11.400001 11.146065
12.986056 13.094225
11.1 11.171288
11.900001 12.0611315
11.2 11.277269
11.953872 12.159367
11.3 11.274328
11.8 12.364479
10.5 10.662498
11.3 11.363604
11.599999 11.583136
12.5 12.48728
11.7 11.701807
13.1 12.416025
11.400001 11.507828
14.500117 14.075987
12.520216 12.338545
11.8 11.934711
11.900001 11.893797
11.2 11.230122
11.900001 11.910755
11.1 11.30506
11.599999 11.656962
11.2 11.37718
11.7 11.87801
11.1 11.186476
13.899971 14.276859
11.599999 11.544563
11.2 11.1701975
10.70206 10.771015
11.900001 12.015039
11.3 11.389063
11.900001 11.911536
11.3 11.697725
11.1 11.161341
11.5 11.41325
11.400001 11.270669
11.2 11.557017
11.3 11.332649
12.199999 12.824385
11.900001 11.906635
11.8 12.230375
11.1 11.158648
11.2 11.221117
11.3 11.3474245
12.299998 11.639305
12.1 11.693588
11.900001 11.975946
11.400001 11.460417
11.1 11.470103
14.79897 14.405903
11.1 11.154776
10.8 10.861591
12.499997 12.719965
11.2 11.006361
10.40103 10.341049
11.400001 11.534647
11.999998 12.201885
13.600039 13.185936
11.498559 11.92745
12.299998 12.017239
11.2 11.301891
11.1 11.096419
11.1 11.162853
11.3 11.401019
11.999998 11.92928
11.999998 12.066551
12.199999 11.687069
11.7 12.546349
11.2 11.334854
11.3 11.387447
11.5 11.600197
11.900001 11.924736
11.2 11.254444
11.2 11.135006
11.1 11.179533
13.1 12.635727
10.738272 10.696657
9.49794 9.393525
11.5 11.448138
11.2 11.328501
10.9 11.70899
11.1 11.1693325
11.7 11.585358
11.3 13.238335
11.3 11.571491
10.622879 10.649586
12.499997 12.801712
10.9 11.383816
11.900001 11.972364
11.400001 11.68866
11.900001 11.888819
11.1 11.166352
11.8 11.688421
11.599999 11.377058
11.599999 11.639502
11.3 11.431881
11.900001 12.043278
11.5 11.394697
11.400001 11.457685
11.999998 11.30777
11.3 11.642569
11.599999 11.634008
11.1 11.303564
11.5 11.526055
11.8 11.901054
11.1 11.872063
11.900001 11.936159
12.399998 11.35527
11.7 11.981298
11.900001 12.039007
11.1 11.125656
11.2 11.163845
12.199999 11.904182
12.316096 11.891923
11.400001 11.637607
12.299998 12.181187
11.400001 11.510909
11.2 11.231596
12.299998 11.47888
11.3 11.538012
11.2 11.568962
11.329148 11.156662
11.2 11.212753
11.2 11.2475605
11.1 11.183844
11.1 11.304443
11.7 11.733175
12.520216 11.729294
11.2 11.247831
11.999998 12.0406
11.2 11.234182
11.900001 11.867031
11.599999 11.801652
11.900001 12.068798
13.600039 13.603664
13.399989 13.41921
13.357275 14.182657
11.7 12.193115
11.5 11.704224
11.818967 11.649173
11.900001 11.871868
12.299998 12.133297
11.1 11.322563
13.200015 13.208565
12.299998 12.220631
10.5 10.390761
13.1 12.789499
12.199999 12.008524
12.599997 12.394842
11.400001 11.428616
11.599999 11.83209
11.999998 12.2239685
11.900001 11.899403
13.000009 12.3010235
11.3 11.149948
11.7 11.793342
11.531798 11.412482
10.8 10.825796
13.699981 13.443172
13.299971 13.05628
11.1 11.134657
11.2 11.264476
11.2 11.18751
11.900001 11.898741
11.900001 12.88772
10.49794 10.485458
11.2 11.239477
10.1 10.172691
11.400001 11.550301
11.7 12.205808
11.599999 11.651377
12.799992 12.26684
11.599999 11.665319
14.1 14.289148
11.8 11.815657
11.900001 11.88096
10.622879 10.638503
11.2 11.270279
11.1 11.14299
12.599997 12.757017
11.900001 11.892232
11.900001 12.293501
11.8 11.873788
10.1 10.257486
11.5 11.202381
11.5 11.6963005
10.1 11.005983
10.4 10.618354
11.3 11.318431
11.900001 11.847927
12.1 11.506395
10.1 10.108067
12.999629 13.270359
11.2 11.220913
11.2 11.305775
11.599999 11.765984
13.1 13.55554
11.999998 11.887032
12.430683 12.077375
11.400001 11.885294
11.1 11.169563
12.499997 13.012362
11.381802 11.457815
11.5 11.571463
11.900001 11.896646
11.900001 11.92348
10.1 10.156311
11.2 11.2953615
11.5 11.802415
11.999998 11.641561
11.900001 11.885374
12.788246 12.484064
11.1 11.327963
11.5685215 11.385511
11.5 11.503017
11.2 11.193382
13.200015 12.424902
11.2 11.965256
11.3 11.254196
12.799992 12.578075
11.2 11.419689
11.7 11.692364
11.8 11.431395
11.5 11.49099
11.3 11.301357
11.999998 12.116114
12.199999 12.162821
11.7 12.052544
11.2 11.252209
11.3 11.269602
11.7 11.687668
11.599999 11.600466
11.400001 11.418051
11.1 11.601534
11.1 11.184207
10.49794 10.925564
9.9642315 10.738012
12.199999 12.067045
11.599999 11.651616
14.018398 12.425518
11.7 11.538708
11.2 11.20186
11.2 11.199215
11.900001 11.472935
11.3 11.3973465
11.3 11.273439
13.200015 12.717846
11.1 11.138638
12.847147 12.649384
11.599999 11.538904
11.7 11.7969055
11.4809065 11.595616
10.70206 10.70644
11.0 10.511581
11.2 12.300528
11.599999 11.391423
12.299998 12.359032
11.3 11.3826275
11.2 11.247853
11.999998 12.02343
11.900001 11.917662
11.8 11.861904
11.2 11.260444
12.399998 12.356121
11.1 11.0238495
11.5 11.482941
11.2 11.25108
11.1 11.260958
13.299971 13.725927
11.2 11.166208
11.2 11.181116
11.999998 11.878929
11.79897 11.831228
11.2 11.322224
12.699998 12.7198715
11.900001 12.077524
11.1 11.043003
13.800057 13.38364
12.799992 12.442837
11.400001 11.417201
11.5 11.548337
11.1 11.159542
11.2 11.297861
11.1 11.165148
14.400163 12.86198
12.299998 13.155178
12.799992 12.332588
11.900001 11.902182
11.900001 11.916896
12.499997 12.084348
11.900001 11.94876
11.1 11.152064
11.599999 11.20965
11.5 11.431515
12.299998 12.861418
11.175305 11.305939
11.599999 11.681053
11.336572 11.203697
11.900001 12.047588
11.1 11.123592
11.3 11.320705
11.5 11.490723
13.1 13.365303
11.599999 11.682957
11.400001 11.519079
11.3 11.29412
12.723423 12.516928
10.2 10.541441
10.70206 10.735018
12.899998 12.651947
11.1 11.181601
12.299998 11.8772745
11.2 11.233202
11.5 11.505389
11.3 11.613985
11.2 11.201204
11.599999 11.510677
11.3 11.626507
11.5 11.303226
11.599999 11.614204
12.299998 11.965178
12.199999 12.111738
13.466532 14.103439
13.520216 13.589861
11.1 11.249851
11.900001 11.890538
11.599999 11.503285
10.40103 10.7088375
13.600039 13.383856
11.999998 11.977323
11.2 11.241028
14.500117 13.32416
11.2 11.177628
11.7 11.928041
11.7 11.707894
11.5 11.586592
12.899998 12.902725
11.900001 12.102845
13.399989 12.186108
12.1 11.753153
11.8 11.826099
11.5 11.54181
11.900001 11.871937
11.599999 11.699601
12.1 11.380678
11.3 11.346775
11.400001 11.283579
12.299998 11.446528
11.8 11.936911
10.40103 12.000864
11.2 11.222317
11.3 13.0577965
11.2 11.439444
10.70206 10.761301
12.099998 12.494209
12.30831 12.731531
9.890485 9.816173
14.299971 14.6753235
12.899998 12.795048
10.668636 11.368177
13.000009 12.427223
12.1 12.073825
11.2 11.47518
12.299998 12.3790455
11.2 11.245211
12.399998 11.705107
11.2 11.47529
11.5 11.662626
11.2 11.296413
11.2 11.240362
11.2 11.5597105
11.1 11.235857
12.499997 12.915848
13.1 12.852943
11.900001 12.227057
11.8 11.902883
13.1 12.812653
10.4 10.226928
11.3 11.301708
11.2 11.361341
11.900001 12.022627
11.3 11.377718
11.900001 11.879587
11.900001 11.910608
11.400001 11.453442
13.1 12.44009
11.1 11.105664
10.70206 10.77195
10.00309 10.762945
11.8 11.75131
11.400001 11.456857
11.2139435 11.490274
11.599999 11.642065
11.8 11.844434
9.79897 10.257425
11.2 11.230114
11.1 11.119333
12.986056 13.331331
11.400001 11.403469
12.799992 12.2592
11.2 11.420504
11.999998 11.93273
12.1 12.28899
11.3 11.264166
11.7 12.04573
11.5 11.563393
11.5 11.513247
13.000009 13.25223
11.7 11.804079
11.5 11.486864
11.3 11.335562
11.1 11.090805
11.7 11.301933
13.500008 13.73266
10.9758215 11.075614
12.699998 12.286759
11.900001 11.894205
12.189909 13.314629
11.999998 12.239571
11.058607 10.274916
11.5 11.873844
11.900001 11.93281
11.5 11.487968
11.3 11.331499
11.599999 11.452203
13.1 12.054024
10.622879 10.831087
11.1 11.267712
12.499997 12.028639
11.1 11.035973
11.3 11.395441
11.3 11.296628
11.2 11.332877
11.2 11.270021
12.668636 11.989372
11.900001 11.564304
13.299971 12.7564335
10.70206 11.343298
12.299998 12.802532
10.1 10.199034
11.2 11.239702
11.3 11.45191
11.1 11.247029
13.800057 13.985292
12.199999 12.11762
11.7 11.711403
13.652842 13.629066
11.2 11.227058
11.1 11.1608
11.999998 11.852373
11.3 11.58596
11.1 11.134892
11.017215 11.668865
11.2 11.198311
11.900001 11.915621
12.599997 12.314901
12.699998 11.823593
11.5 11.3110695
13.800057 14.145508
11.2 11.250685
11.3 11.463835
12.799992 12.716021
11.2 11.297227
12.499997 12.230607
11.5 12.312639
10.6 10.693558
11.999998 11.96187
12.199999 12.396254
14.1 14.251879
11.8 11.849504
11.2 11.26203
11.599999 11.523971
12.1 11.953642
11.7 12.363724
12.899998 13.840578
13.600039 12.744743
11.900001 11.903349
11.999998 11.966848
11.599999 11.18474
14.1 14.469923
11.400001 11.47543
11.2 11.341913
12.399998 12.075905
12.1 11.698635
11.1 11.152308
12.5685215 12.5397625
11.999998 11.984583
11.400001 11.404875
11.0 11.163679
11.1 11.250305
11.900001 11.92341
10.19691 10.254637
11.900001 11.894195
11.3 11.415916
11.3 11.184483
11.900001 11.899336
10.1 10.3210335
9.70206 9.722342
11.2 11.3298855
11.999998 11.878724
11.1 11.330375
11.2 11.263931
11.1 11.237047
11.7 11.47982
11.999998 11.939606
12.399998 12.154969
11.435792 11.614995
11.999998 11.997828
11.400001 11.313875
11.900001 12.043588
13.40103 13.979359
11.8 12.5923
11.7 11.920679
11.8 11.815727
11.2 11.235407
11.582672 11.913866
11.3 11.396782
11.1 11.276499
11.5 12.212299
11.8 11.74243
11.5 11.305433
11.3 11.243967
11.1 11.193266
11.921121 11.906286
12.199999 12.169628
11.599999 11.586652
11.7 11.742748
11.254902 11.222336
11.400001 11.52882
11.3 11.320511
11.8 11.955957
11.2 11.214067
11.5 11.431324
11.1 11.170717
11.400001 11.160051
11.3 11.366696
12.399998 12.281188
11.599999 11.546246
11.8 11.864587
12.599997 11.990555
10.1 10.484766
11.599999 11.54878
11.999998 11.969397
11.400001 11.810501
11.900001 12.155668
11.900001 12.098108
12.022269 12.009801
11.1 11.114756
11.3 11.341705
11.2 11.191656
11.1 11.115236
11.1 11.553389
11.8 11.889448
10.9 11.608788
11.2 11.193842
12.199999 12.137022
11.999998 11.967381
11.400001 12.235154
11.2 11.334735
11.1 11.403666
13.543697 13.559977
11.900001 11.921562
12.699998 12.8363285
12.499997 12.53157
11.400001 11.417671
11.5 11.67697
15.400163 14.291117
11.1 11.5266285
11.2 11.239736
11.2 11.283937
11.1 11.151465
11.1 11.187672
11.2 11.239634
11.999998 11.9319725
10.40103 10.499304
11.1878605 11.205682
11.5 11.513823
10.79897 10.808722
13.999974 13.660177
10.40103 10.464213
11.1 11.179674
11.400001 11.408912
11.900001 11.893046
11.999998 11.8783245
11.2 11.260859
11.2 11.229389
11.2 11.276708
11.5 12.494064
11.2 11.433758
11.900001 12.075592
11.599999 11.442839
11.028118 11.232372
11.400001 11.342231
12.199999 12.0810585
11.7 12.171629
11.1 11.21224
11.1 11.18107
12.79897 13.824188
14.496618 14.780867
13.1 12.551323
11.400001 11.28318
11.3 11.337835
11.8 11.9029
11.3 11.297667
11.999998 14.453579
11.3 11.309763
11.1 11.154144
11.999998 12.129055
11.599999 11.540953
11.3 11.354477
11.7 11.717175
11.400001 11.503303
11.999998 11.950773
11.3 11.586644
12.499997 12.256187
10.8 10.754593
11.5 11.661324
12.199999 12.499681
11.2 11.169563
12.599997 12.782394
11.8 11.90991
11.3 11.272791
11.1 11.470763
12.399998 13.179125
12.899998 12.175735
11.3 11.311436
12.399998 12.029589
10.40103 10.556749
11.5 12.157232
11.400001 11.308491
11.3 11.358221
11.3 11.704583
12.1 11.937527
12.1 11.662842
11.1 11.120001
12.1 12.218103
11.5 11.458563
11.8 11.858608
10.2 10.314068
11.5 11.528309
10.122276 10.129824
13.299971 14.22876
11.8 12.812538
10.1 11.249947
11.2 11.360193
11.999998 11.792873
11.435792 11.3919525
11.3 11.5631485
11.400001 11.652285
10.1 11.530039
11.900001 11.586222
12.799992 12.878883
11.8 11.879475
11.2 11.136503
11.999998 12.145353
11.5 11.37001
11.2 11.150347
11.3 11.184996
10.70206 11.18652
12.499997 11.866599
12.799992 12.767349
11.599999 11.649393
12.399998 11.8822975
11.900001 11.90296
11.3 11.323179
14.59485 14.804003
14.186186 14.272284
11.1 11.267138
11.599999 11.829553
10.4 10.445974
12.1 11.834345
11.2 11.202013
11.2 11.522776
13.15061 12.190235
11.900001 11.925358
11.999998 11.951527
11.3 11.41097
11.900001 12.12044
11.999998 11.838999
11.400001 11.468338
12.1 11.981423
11.3 11.253618
14.79897 14.340164
11.900001 11.902974
11.966461 12.225237
11.7 11.324858
11.7 11.960613
10.76294 10.416798
11.7 11.628803
11.2 11.224568
11.900001 12.564997
11.7 11.851057
11.599999 11.315395
11.900001 11.905679
11.1 11.21064
11.1 11.11315
11.5 11.648961
13.399989 12.923262
11.1 11.092048
11.267491 10.961668
11.5 11.440397
12.899998 13.046534
11.900001 11.843437
11.1 11.367159
12.491108 12.124712
12.299998 12.508244
10.70206 10.759399
11.684318 11.740648
11.3 11.316675
11.3 11.283871
11.3 11.369822
11.900001 11.89566
11.900001 11.928072
11.1 11.1246395
13.321849 13.398415
11.400001 11.393453
11.3 11.331474
11.900001 11.914234
13.399989 13.328022
11.8 11.613863
11.2 11.248695
11.1 11.176323
13.622879 13.832432
11.900001 11.993586
11.2 11.515778
11.900001 11.287703
11.900001 12.049057
11.5 11.527288
11.1 11.160278
11.5 11.602879
11.3 11.826613
11.40103 10.690498
10.5 10.845709
11.5 11.531521
11.7 11.906902
11.2 11.221689
11.7 12.265598
12.699998 13.256489
11.599999 11.511232
11.543697 11.4955635
12.367606 12.296223
11.900001 12.04763
11.2 11.529324
11.3 11.395113
11.8 11.895138
11.400001 11.341209
12.043096 11.824219
11.4413 11.694004
10.8 10.798685
11.2 11.392969
11.2 11.703886
13.399989 12.772209
14.79897 14.795799
12.799992 12.918295
11.1 11.167112
11.900001 11.894172
11.3 11.40486
11.400001 11.470816
12.299998 12.106331
12.228427 11.387375
10.5 11.319424
12.299998 12.33321
11.321849 11.528624
10.685027 10.855106
11.2 11.255762
11.900001 11.896454
13.1 12.756912
12.906876 11.913845
11.8 11.914057
12.622879 12.232595
11.599999 11.642673
11.2 11.31196
11.1 11.947718
14.40103 13.482079
13.314671 12.355799
11.5 11.570492
11.599999 11.846554
12.299998 12.505993
11.2 11.217117
10.40103 10.503301
12.299998 12.209866
11.2 11.264808
11.999998 13.534
11.7 11.781952
12.699998 12.717024
11.1 11.174179
11.1 12.092674
14.999629 14.461538
11.2 12.056894
11.999998 11.972079
11.3 11.3576145
11.599999 11.634167
11.599999 11.628803
11.2 11.303797
11.1 11.281138
11.999998 12.080893
11.8 11.890018
12.1 11.741522
13.399989 13.310286
11.599999 11.848831
11.400001 11.548944
11.999998 12.104269
11.7 11.885821
11.1 11.369542
13.600039 13.223396
11.999998 12.07899
11.900001 11.818769
12.399998 11.928299
11.8 11.670837
12.719789 12.419954
11.900001 11.914568
11.1 11.308905
10.1 10.1772175
11.1 11.207632
11.900001 11.917726
12.299998 11.393591
11.900001 11.948202
12.1 12.285212
11.2 11.189098
12.899998 13.394039
11.5 11.5111685
12.199999 12.266534
11.1 11.184479
11.2 11.204546
11.2 11.202372
12.499997 12.300421
11.900001 11.909217
11.1 11.08963
11.2 11.278517
11.599999 11.821709
11.599999 11.684914
11.1 11.620373
12.199999 11.68001
10.5 10.607379
11.2 11.462933
11.3 11.263264
13.3174305 13.060141
12.399998 11.210829
12.499997 12.212467
11.400001 11.330162
11.2 11.227959
11.1 12.01198
11.7 11.938461
11.1 11.114581
11.8 11.72052
11.7 11.755493
10.8 10.781881
11.622879 14.9562
11.7 11.72098
10.2 10.243133
11.1 11.226963
11.7 11.6916275
12.299998 12.232334
10.622879 10.678654
11.5 11.590183
11.900001 11.568971
11.5 11.510366
11.2 11.250488
11.1 11.277107
11.599999 11.911415
11.1 11.349295
11.900001 11.885668
11.8 11.354824
11.1 11.217817
11.5 11.214471
11.2 11.240379
11.900001 11.925999
11.8 11.831771
10.1 10.263877
11.599999 11.606928
11.1 11.20025
11.3 11.615074
11.8 11.808388
11.8 11.720319
11.5 11.547943
13.488122 12.898254
11.900001 12.036329
11.8 11.848547
12.199999 11.922153
10.7 10.717202
11.3 11.279598
11.5 11.629564
10.40103 10.49811
11.999998 12.748693
11.900001 11.900759
11.2 11.2533455
11.400001 11.476227
11.1 11.180784
11.0 11.35538
11.599999 11.860233
14.180922 14.352705
11.40103 11.898228
12.199999 11.804487
10.1 10.618934
11.3 11.396896
13.299971 12.897305
11.5 11.594266
11.1 10.460768
10.70206 10.77186
11.3 11.628308
11.2 11.227104
11.900001 12.544695
11.1 11.127802
11.2 11.280216
12.1 12.134254
11.2 11.270237
11.599999 11.642466
12.299998 11.839402
13.600039 13.740852
11.900001 11.760412
11.0 11.025049
13.699981 13.286095
11.999998 12.289974
13.1 12.321779
11.900001 12.043451
12.499997 12.651804
13.892513 14.4366
13.117729 12.847523
11.7 11.404562
11.3 11.317703
11.8 11.826841
11.1 11.4813175
14.1 14.330879
11.5 11.456409
12.399998 13.544424
11.400001 11.444777
11.599999 12.411877
11.900001 11.906015
11.900001 11.944208
11.5685215 12.126545
11.1 11.224589
13.600039 11.749916
11.2 11.30699
11.900001 11.881837
11.2 11.280713
11.599999 11.433674
11.900001 11.885442
11.8 11.861362
11.923909 11.426737
11.5 11.259645
10.4 10.698616
11.3 12.237055
11.1 11.152092
11.999998 11.859535
13.694213 13.449762
12.599997 12.546011
11.8 11.86537
11.3 12.226208
11.7 11.687834
11.7 11.726025
11.3 11.398668
11.1 11.11662
11.1 11.19552
12.299998 11.5721655
11.7 12.106309
11.599999 11.653124
11.8 12.798147
11.599999 11.616141
10.6 10.78375
10.49794 10.608847
11.8 11.884256
11.900001 11.917589
11.599999 11.168499
11.400001 11.413007
11.7 12.101269
11.3 11.37958
12.399998 12.015933
10.6 10.962128
11.5 11.474933
11.392429 11.351694
13.155518 12.870321
10.7 10.649655
10.1 10.098503
13.500008 13.268929
11.2 12.089252
11.2 11.213003
11.8 11.860432
11.900001 11.968235
12.299998 13.069647
11.5 11.57519
10.8447275 10.728397
10.637602 11.422562
11.599999 11.771612
11.5 11.487566
11.400001 11.375919
11.400001 11.456532
11.2 11.360323
11.599999 11.8203125
13.999974 13.137888
11.3 11.25051
12.1 11.91889
11.1 11.109288
11.599999 11.545913
13.899971 12.855417
11.2 11.191549
11.1 11.183726
11.900001 12.116606
11.2 11.225882
11.2 11.24663
11.400001 11.41658
12.299998 11.8978405
11.5 11.36002
11.2 11.268299
11.1 11.365906
11.7 13.433195
11.8 12.161804
11.1 11.959709
11.5 11.227274
11.2 11.201431
12.499997 11.990856
11.599999 11.58988
11.900001 11.888726
11.3 11.32498
11.7 11.657999
11.8 11.412172
10.4 10.323996
11.1 11.211084
11.2 11.289066
11.7 11.769314
11.3 11.327073
11.8 11.91431
11.1 11.200378
11.400001 11.5507965
11.900001 11.894548
11.400001 11.373757
10.1 11.813974
11.3 11.43548
11.7 11.755232
11.5 11.542329
11.2 11.416607
11.599999 11.558238
11.2 11.27904
11.2 11.249426
11.59485 11.237679
13.1604805 13.158045
13.600039 13.519512
12.757577 11.91126
12.399998 12.398521
11.8 11.895265
13.1 12.687561
10.757577 10.57979
11.1 11.373499
11.900001 11.902832
10.70206 11.544739
11.900001 11.612589
13.200015 12.711746
11.7 11.37317
11.2 11.236523
11.5 11.231663
11.8 11.803585
11.2 11.244076
11.1 11.127407
11.999998 12.063519
11.453596 11.43669
12.399998 12.996275
12.1 12.332701
10.1 10.704544
14.1 10.727575
10.622879 10.614815
11.400001 11.337894
12.599997 11.877668
12.27437 12.210232
13.399989 11.832565
9.79897 9.687516
11.599999 11.6058035
11.1 11.219618
12.699998 12.991291
11.1 11.1922455
10.49794 10.618915
11.1 11.325804
11.2 11.179295
11.8 11.84041
11.2 11.224907
15.1 14.853846
11.400001 11.591745
12.199999 12.6817875
11.3 11.316216
11.351812 11.310871
11.2 11.280643
11.900001 11.893324
11.5 11.657978
11.599999 11.640844
13.1 12.924461
11.2 11.694746
11.900001 11.933271
11.2 11.412116
12.399998 13.878954
11.900001 11.947012
12.499997 12.251911
13.40103 13.257021
12.299998 12.000719
11.599999 11.473587
11.3 11.531633
11.2 11.225361
12.199999 12.124226
12.418758 11.191389
11.3 11.364968
11.400001 11.314907
12.104364 11.780939
11.3 11.345123
11.400001 11.483089
11.1 11.143091
13.986056 14.280239
11.8 11.87108
11.900001 11.91989
10.70206 10.790037
12.399998 12.551256
11.3 11.804131
11.599999 11.7190895
11.599999 11.705271
11.400001 11.394571
11.2 11.152628
11.599999 11.567768
11.8 11.81339
12.344125 11.99354
11.1 11.721827
13.399989 13.505089
12.899998 12.967588
11.2 12.209206
11.7 11.742565
11.400001 11.364786
11.7 11.771736
12.799992 12.755383
11.8 11.868323
11.400001 11.863066
10.59485 10.920718
11.3 11.298
11.2 11.367546
14.600313 14.198475
12.899998 12.660749
10.953872 11.109726
11.599999 11.589272
11.400001 11.577008
11.5 11.327095
13.299971 13.85775
11.599999 11.269314
13.200015 13.197365
11.7 11.362339
11.2 11.35027
13.19691 13.2645645
12.299998 11.994896
12.1 11.514286
11.900001 11.936373
12.399998 11.844688
10.8447275 12.570654
11.2 12.101403
11.8 11.814955
11.5 11.534735
11.5 11.639885
13.00309 13.114983
11.599999 11.5021715
11.2 11.195808
10.79897 10.9574375
11.19691 11.284695
11.2 11.36448
11.900001 11.910364
12.799992 12.388937
11.7 11.756065
11.1 11.141684
11.8 12.363874
11.599999 11.613227
11.999998 11.729004
11.999998 11.944956
11.5 11.5759115
11.900001 11.995598
11.2 11.216304
11.8 11.902115
11.900001 11.937637
11.3 11.250378
12.1 11.482922
11.1 11.141529
11.1 11.167709
11.3 11.321528
11.5 11.49455
12.299998 12.215288
11.2 11.244017
11.4372425 11.361088
11.1 11.145657
10.8 12.009119
11.622879 11.401083
11.599999 11.678696
11.1 11.190598
11.8 12.353394
11.1 11.160791
11.3 11.257334
11.1 11.119747
14.600313 14.194521
11.1 11.163029
11.999998 12.235468
12.199999 12.12443
11.1 11.143221
12.299998 12.501354
11.2 11.1859455
13.000009 12.836723
12.199999 13.554852
11.599999 11.682604
11.7 12.602472
11.1 11.128286
11.5 11.520586
11.2 11.607906
11.5 11.54714
11.2 11.300795
11.2 11.256025
11.400001 11.422917
11.400001 11.580554
10.1 10.016603
11.7 11.867043
15.1 15.19071
11.599999 11.606375
11.1 11.203342
11.1 11.158157
12.399998 12.135223
11.999998 11.986395
11.3 11.4789715
11.747817 11.711645
11.400001 11.569215
11.8 11.90106
13.299971 13.299534
11.900001 11.956336
11.7 11.741175
11.999998 11.916872
12.19691 12.263105
11.1 11.187312
11.193093 11.195684
12.299998 11.444464
11.218616 11.085001
11.1 11.156118
11.2 11.689779
11.1 11.213905
13.000009 12.435692
12.1 11.871136
11.2 11.226219
11.1 11.185211
11.900001 11.919725
11.1 11.018971
11.900001 11.962662
12.1 12.0627165
11.3 11.407513
10.3 10.988489
11.1 11.231169
11.7 11.570217
11.2 11.415207
11.8 11.9082365
11.400001 11.463579
11.2 11.172248
11.8 11.832778
11.2 11.217036
11.2 11.18989
11.7 11.716784
13.300659 13.529491
11.3 11.44652
11.79897 11.473043
11.3 11.323866
10.79897 10.744336
11.999998 12.08238
11.49794 11.494694
11.2 11.432585
11.900001 11.836103
11.900001 11.917271
11.8 11.830879
11.1 11.128695
11.8 11.350582
11.1 11.121698
12.199999 12.730976
11.2 11.092237
11.2 11.18349
12.581486 11.8576565
11.543697 11.688297
11.900001 11.881255
11.900001 11.933346
11.5 11.507992
11.1 11.172148
11.1 11.169138
12.899998 12.470938
11.2 11.296837
11.8 11.788282
11.1 11.170692
11.2 11.5198555
9.79897 10.166857
13.1 12.445541
12.581486 13.41662
11.400001 11.432823
11.900001 11.888413
11.900001 11.917931
11.2 11.272837
11.3 11.281532
11.900001 11.961369
11.1 11.134775
11.2 11.1966
11.1 11.1707325
11.5 11.4656105
11.1 11.451229
12.299998 12.103754
11.5 11.294762
13.1 13.308023
11.7 11.739452
11.2 11.299619
11.1 11.209749
11.599999 11.964521
11.2 11.253723
12.531798 12.316298
11.900001 11.925682
11.1 11.181931
11.3 11.419064
12.499997 12.31205
11.900001 11.859377
11.5 11.447048
11.2 11.211193
11.923909 11.862647
11.8 11.844813
11.3 11.273264
11.1 11.203566
11.8 12.140841
11.5 11.596514
11.900001 12.509748
11.3 11.446658
12.199999 12.341068
10.5 10.814026
10.6 10.755853
14.299971 13.448265
11.7 11.901981
11.1 11.141064
11.8 11.86459
14.949485 14.143772
11.7 11.770248
11.8 11.786146
11.2 11.204988
11.400001 11.430525
11.1 11.183573
11.1 10.733964
11.3 11.756655
12.599997 11.915205
11.5 11.522638
11.7 11.743401
11.3 11.296419
11.3 11.387835
12.466532 12.755167
14.200179 12.518742
11.3 11.382515
11.2 11.248919
11.1 11.424327
10.1 10.073267
11.2 11.549067
11.3 11.296864
11.900001 11.912817
11.3 11.522339
11.3 11.419683
11.599999 11.671488
11.400001 11.455851
11.340546 11.21711
11.652842 11.940983
13.1 12.903658
11.8 11.825845
11.2 11.208536
12.020819 13.532589
11.900001 11.961096
11.900001 11.956734
12.1 11.419243
11.599999 11.567745
11.900001 11.892681
12.399998 11.641947
14.441478 14.689255
11.3 11.339916
11.999998 11.951686
11.999998 11.92017
11.999998 12.39571
11.900001 11.991649
11.1 11.212362
11.599999 11.589716
11.599999 12.112568
11.2 11.266151
11.8 11.915443
11.8 11.846134
13.699981 12.897476
11.3 11.2806635
11.7 11.861943
11.3 11.828198
11.2 11.209967
11.2 11.212074
9.79897 10.281971
11.3 11.24777
11.2 11.280655
10.622879 10.692663
12.799992 12.660473
11.317054 11.435419
11.8 11.991556
11.7 12.013978
12.499997 12.685005
11.5 11.56958
11.2 11.19561
11.1 11.286966
11.1 11.120428
11.400001 11.7611065
11.2 11.218506
11.999998 12.538494
12.699998 12.702013
12.199999 12.034328
11.599999 12.012148
13.899971 13.051479
14.869551 14.973679
13.299971 13.120235
11.599999 11.612097
11.400001 11.744644
11.8 11.854042
12.599997 12.207911
12.1 11.4163
10.40103 10.414028
12.299998 12.285292
10.272631 11.101194
11.2 11.258652
11.900001 11.893816
11.400001 11.3651905
11.999998 12.004954
11.1 11.1795025
11.1 11.150536
11.7 11.731483
10.1 10.258654
11.2 11.288295
12.599997 14.029509
13.869551 13.164658
11.3 11.248322
11.3 11.881567
11.599999 11.72993
11.999998 12.932072
11.8 11.799222
12.799992 12.393406
13.200015 13.033152
11.8 11.846466
11.1 11.2247925
11.5 11.625181
11.400001 11.767569
11.2 11.236713
13.899971 13.572765
11.7 11.756613
11.2 11.557486
11.3 11.372215
11.2 11.17594
11.5 11.466045
11.5 11.66832
11.3 11.685708
11.599999 11.756109
11.2 11.325391
11.8 11.805582
11.2 11.825676
11.5 11.707785
11.3 11.309996
11.1 11.277281
11.40103 12.087118
11.900001 11.88689
11.8 11.903315
12.199999 12.100937
11.7 11.705536
11.2 11.379351
11.1 11.153278
11.8 11.900379
11.3 11.307764
10.622879 10.662851
13.399989 13.351994
11.2 11.187614
11.1 11.201807
11.8 11.688269
11.8 11.824579
11.1 10.975471
10.40103 10.424129
11.2 11.402414
11.19691 11.053918
14.1 14.098042
10.020819 10.281971
13.699981 13.685873
11.5 11.447647
11.2 11.305185
11.2 11.352228
11.999998 12.180471
11.70103 11.840523
11.900001 11.896248
11.1 11.230522
11.1 11.159517
12.191515 11.873087
11.599999 11.718819
11.8 12.428066
11.5 11.305754
11.8 11.510683
11.8 11.845604
13.299971 13.203016
11.400001 11.611765
11.5 11.742258
11.900001 12.021606
11.1 11.5763
11.999998 11.971305
12.399998 12.140783
11.2 11.240338
11.3 11.281893
12.779854 11.492344
11.900001 11.905117
11.3 11.361099
11.5 11.550499
11.8 11.773256
11.400001 11.449444
11.2 11.239985
11.1 11.139252
11.3 11.325612
11.8 11.910025
11.5 11.575767
11.641513 11.481138
11.2 11.280218
11.1 11.157818
11.1 11.15901
11.400001 11.444263
12.399998 12.437777
12.499997 12.20611
14.29897 13.582525
10.6 10.719366
11.5 11.601221
10.98941 11.730375
11.7 12.058344
11.3 11.387079
11.3 11.337034
11.2 11.253445
11.999998 11.979237
11.203953 11.25124
11.1 11.343468
11.900001 11.934341
11.599999 11.4020605
11.1 11.2379
11.900001 12.019686
11.599999 11.693788
11.2 11.193617
11.2 11.174389
12.599997 12.287174
11.2 11.223076
11.900001 11.911726
11.175305 11.308699
12.299998 12.535112
11.900001 11.903542
11.2 11.323393
11.5 11.449131
11.900001 11.870726
12.1 12.098997
11.599999 11.898005
11.5 11.602665
11.5 11.566153
11.738272 12.2554455
10.40103 10.546032
11.5 11.956598
11.7 11.802174
11.7 11.221386
11.2 11.373819
15.500117 14.878796
10.608639 10.570852
11.2 11.144321
11.2 11.168263
11.7 12.2522545
11.2 11.23941
11.1 11.158173
11.2 11.19796
13.800057 13.294836
11.5 11.738385
11.8 11.7356
11.8 11.884094
11.8 11.809417
11.2 12.082474
11.400001 11.532007
13.800057 13.982994
10.1 10.789003
11.2 11.211435
11.49794 11.5805645
11.400001 11.510536
11.599999 11.780308
11.2 12.140315
11.869551 12.614189
11.2 12.632988
11.2 11.28833
11.2 11.196011
11.2 11.207176
11.2 11.51144
11.999998 12.016502
11.3 11.523383
13.800057 14.5047245
11.999998 11.916515
13.062573 12.969065
11.900001 11.958113
10.40103 10.441889
11.400001 11.593401
12.699998 12.124481
11.2 11.238462
11.5 11.544271
9.79897 9.663765
11.2 11.516047
10.49794 10.539408
11.900001 11.896477
11.19691 11.11167
11.2 11.18965
11.599999 11.486239
11.400001 11.3706875
11.599999 11.611877
11.900001 11.901606
12.1 11.803486
11.2 11.245055
11.2870865 11.299316
12.199999 11.864417
11.999998 11.935556
11.999998 11.73299
11.599999 11.690266
13.899971 13.763487
11.5 11.5040455
10.3 10.47615
12.1 11.912649
10.5 10.586664
11.8 11.372429
11.2 11.303852
10.923909 10.719417
12.699998 12.57185
11.900001 11.412088
10.1 10.105085
11.599999 11.439589
11.999998 11.956585
11.900001 11.912107
11.547423 10.613383
12.499997 13.090597
13.1 14.248663
10.40103 10.540251
11.999998 11.625177
11.8 10.864809
11.2 11.365938
12.1 12.034874
12.499997 13.322861
14.446788 14.49192
13.000009 13.270081
11.900001 11.9188175
11.7 11.796566
11.1 11.517178
11.900001 11.95484
11.2 11.168005
11.5 11.493881
11.2 11.743504
11.2 11.227245
11.1 12.291443
11.1 11.131762
10.1 10.191219
11.7 11.719645
12.923909 12.816561
11.599999 11.586268
11.2 11.213142
11.2 11.217329
12.499997 11.18387
11.599999 11.456401
11.599999 11.726597
12.199999 11.94486
11.1 11.321385
10.1 10.216144
11.3 11.381914
14.200179 14.512413
11.3 11.361456
11.2 11.38311
9.79897 9.651491
11.7 14.534927
11.8 11.865547
11.8 11.846325
13.427902 13.983271
11.2 11.356651
11.999998 11.609892
11.8 11.828133
11.900001 11.892471
12.399998 12.306776
11.1 11.10405
11.2 11.428057
11.3 11.785395
10.8 11.421688
10.49794 10.473028
11.400001 11.331516
11.3 11.255487
11.8 11.971382
11.8 11.815737
11.8 11.833302
11.8 11.771698
13.999974 13.690466
10.70206 10.769951
11.900001 11.869352
12.299998 13.77508
11.1 11.16918
12.536519 12.767731
11.5 11.522739
11.8 11.542159
11.400001 11.313211
11.8 12.235605
11.900001 11.916843
11.1 11.1589155
13.062573 13.266516
11.900001 12.383156
11.999998 11.582605
11.900001 11.931142
11.8 11.787855
11.3 11.301653
10.4 11.084225
11.3 12.177109
11.2 11.263069
11.2 11.494579
11.2 11.36576
10.777781 10.283228
11.3 11.4855995
11.7 11.861341
11.5 11.561039
12.799992 12.560978
11.900001 11.958914
11.3 11.294733
11.155518 11.254526
11.7 11.691335
11.3 11.163541
11.400001 11.466148
11.7 11.842923
11.7 12.149866
11.2 11.275404
11.2 11.163677
11.1 11.167307
11.900001 11.903786
11.900001 12.784937
10.79897 10.767557
12.499997 12.200451
10.19691 10.206001
10.7 11.199497
11.7 11.68008
11.1 11.240744
11.400001 11.326313
11.2 11.126145
12.399998 11.748791
11.8 11.878375
12.1 11.843323
11.900001 11.975819
12.399998 11.3224125
11.900001 11.902488
11.5 11.567968
11.1 11.267366
11.900001 11.886442
11.3 11.620725
11.2 11.19483
10.7 10.751461
13.600039 14.524876
11.543697 11.577364
11.900001 11.602427
11.30135 11.209499
11.2 11.251408
11.020819 10.769172
11.5 11.717926
11.2 11.229601
10.1 10.343494
13.8447275 13.177572
11.5 11.601343
11.2 11.253791
11.207893 11.374718
13.520216 13.537897
11.3 11.337155
10.3 10.379223
11.1 11.139635
11.7 12.046076
12.299998 11.777595
11.400001 11.475935
11.1 12.60047
12.1 12.227973
10.1 10.929136
11.2 11.273944
12.899998 12.532759
12.399998 11.343807
11.8 11.867182
11.3 11.287771
10.49794 10.444548
11.2 11.159038
11.2 11.263735
11.599999 11.866207
11.2 11.41539
11.5 11.875561
12.299998 11.281215
11.1 11.147701
11.194204 10.761084
12.199999 12.707233
12.199999 11.637821
11.599999 11.527359
11.7 11.791794
11.254902 11.221952
11.400001 11.7293415
11.7 11.812971
11.1 11.317354
13.608639 14.114029
10.3 10.304049
11.900001 11.396885
11.2 11.165224
12.699998 12.418249
11.2 11.202724
12.299998 11.938794
11.400001 11.550364
11.7 11.814377
11.3 11.336662
11.599999 11.9586525
13.800057 13.36582
11.8 11.583521
11.8 11.949366
10.8447275 10.703409
11.3 11.468536
11.2 11.200097
11.5 11.588087
11.5 11.609644
11.5 11.539734
10.622879 10.92812
12.299998 12.280043
11.999998 11.983248
11.900001 11.874842
11.999998 11.941467
12.499997 12.491207
14.600313 13.675072
12.299998 12.275436
11.999998 11.988207
11.599999 11.665756
11.999998 11.955267
11.599999 11.654818
11.1 11.215385
11.1 11.200167
11.2 11.492121
11.7 11.748953
11.900001 11.914055
10.70206 10.784149
11.3 11.301783
12.79897 13.684204
13.600039 13.554306
11.8 11.476643
11.999998 11.269185
12.199999 11.967466
11.599999 11.704041
10.1 10.015831
11.2 11.458937
11.900001 12.063686
11.599999 11.742184
11.2 11.692947
11.2 11.189042
12.699998 12.146065
12.299998 12.815363
11.2 11.437399
11.1 11.784285
11.2 11.937605
11.7 11.41264
12.29382 12.366629
12.1 12.548616
11.400001 11.320049
11.599999 11.502052
11.2 11.214957
11.2 11.538521
13.1 13.209646
11.7 13.359707
10.4 10.449787
11.900001 11.885536
11.5 11.747657
11.3 11.297814
12.799992 12.466419
11.8 11.812608
11.3 11.49836
11.3 11.17353
11.999998 12.022518
11.999998 11.948532
11.999998 12.016577
11.3 11.378183
11.3 11.206952
14.200179 15.289654
11.3 11.383369
10.70206 10.775204
11.599999 11.7058735
13.200015 13.021179
11.5 11.502988
11.2 11.746374
11.2 11.205271
11.8 11.523703
11.5 11.551818
12.60724 11.978186
11.2 11.18828
12.699998 12.560686
11.8 11.876162
12.499997 11.962854
11.599999 11.722369
11.999998 11.599265
13.049981 12.561441
13.399989 13.220184
10.622879 11.299812
10.1 10.273289
11.400001 11.416063
11.3 11.489452
12.299998 13.009932
11.2 11.206657
11.8 11.882744
11.242667 12.126756
11.400001 11.427086
11.2 11.10268
11.3 11.766149
11.2 11.224607
11.2 11.179176
11.999998 12.156113
11.2 11.20751
11.599999 11.709761
11.599999 11.834829
11.599999 11.323168
11.7 12.0734005
12.199999 12.044103
11.2 11.216377
11.2 11.353717
11.1 11.358096
11.1 11.116852
11.2 11.323219
11.2 11.274061
11.2 11.44622
11.900001 11.818518
11.3 11.373392
11.8 11.81525
11.400001 11.58275
11.3 11.319524
11.8 11.898676
11.999998 12.015776
10.8 11.02647
14.79897 14.148487
11.1 11.1930065
12.078811 10.978451
11.2 11.467283
11.900001 11.98863
12.199999 12.160351
11.1 11.150278
11.2 12.386831
13.600039 11.810847
12.5111685 10.595224
10.70206 12.248751
11.1 11.180086
13.200015 14.513775
13.600039 14.266737
11.8 11.827032
11.599999 11.231371
11.2 11.093862
16.518217 14.89612
11.1 11.193378
13.200015 13.745106
11.1 11.301729
12.1 12.544487
9.49794 9.500572
11.999998 11.967085
11.7 11.740448
12.1 12.307657
11.2 11.262329
11.999998 12.43545
11.5 11.593577
12.829721 12.026748
12.399998 11.657106
11.400001 11.583754
12.1 11.557213
11.0 10.443405
11.8 11.896162
12.399998 12.739248
11.5 11.556682
12.699998 12.697357
9.49794 10.709778
11.400001 11.291584
11.668636 12.496508
11.2 11.220954
11.1 11.15351
11.999998 11.992582
11.900001 11.940114
11.3 11.354427
11.8 11.830631
12.799992 13.107428
11.2 11.689659
11.2 11.588823
11.7 11.798965
11.599999 11.878542
11.8 11.707979
11.5 11.535591
11.5 11.612461
11.1 10.5585
11.5 11.538546
12.399998 12.781115
10.2 10.426802
10.79897 10.814924
14.400163 14.170233
11.1 11.174979
11.7 11.767292
11.986056 12.309869
11.3 11.240829
11.5 11.4334135
11.900001 11.897068
11.2 11.300543
11.8 11.79265
14.70206 14.771265
12.699998 12.107653
11.599999 11.189215
11.2 11.217411
11.900001 11.925282
10.70206 10.717236
11.599999 11.725666
11.8 11.672285
11.1 11.155737
12.680044 13.437132
13.899971 13.727676
12.299998 11.856796
11.1 11.154844
11.637602 11.274742
12.299998 12.327574
11.1 11.111836
11.900001 11.95413
11.8 12.406227
11.900001 11.898603
11.599999 12.487886
11.400001 11.603392
11.1 11.125498
11.400001 11.466743
14.1 13.413992
11.2 11.223755
11.1 11.159262
11.2 11.194189
11.1 11.207396
10.1 10.282047
11.3 11.32873
10.5 10.408741
11.89588 11.948634
11.999998 12.297368
11.5 12.38044
11.7 12.14012
15.600313 15.424213
11.1 11.136251
11.3 11.329336
10.5 10.3466625
11.900001 11.938589
11.400001 11.547785
11.5 11.478445
11.118106 11.182369
11.999998 11.904732
11.3 11.427078
11.5 11.50223
11.3 11.248116
11.5 11.559301
11.599999 11.638983
11.5 11.52619
12.399998 12.580996
11.2 11.220136
11.599999 11.689396
12.877283 12.640263
11.400001 11.357946
11.5 11.706596
14.500117 14.403341
11.3 11.358801
11.3 11.394823
11.2 11.278292
11.1 11.122917
11.900001 12.153782
11.8 11.842508
13.155518 12.725142
11.400001 11.408535
11.2 11.267166
11.3 11.246824
11.1 12.022928
12.1 11.608089
11.2 11.275902
11.900001 12.390547
11.400001 11.4028
12.599997 13.198002
11.8 11.829353
11.400001 11.210821
10.1 10.245972
10.622879 10.794262
11.599999 11.560492
12.599997 13.313217
11.8 11.550325
11.900001 12.272411
11.5 11.542406
11.2 11.329578
11.2 11.397219
11.400001 11.481907
11.2 11.270009
11.8 11.934861
10.8 10.846973
11.900001 11.899462
11.900001 11.883144
11.5 11.518839
14.175721 12.865473
11.900001 11.87203
13.1 13.015747
11.2 11.257738
12.499997 12.779524
12.899998 13.304029
11.599999 11.720678
11.7 11.462795
12.199999 11.935999
11.2 11.884724
11.5 11.530743
11.7 11.712091
11.599999 11.236956
11.900001 12.017746
14.400163 13.995632
10.622879 10.757502
11.900001 11.922268
14.1 14.394857
11.8 11.582151
11.900001 12.257328
11.7 11.603254
12.9041 12.742241
11.999998 11.97044
12.599997 12.853664
13.000009 12.253248
11.7 11.727129
13.1 13.071348
11.1 10.7022295
11.599999 11.502683
11.1 11.210571
15.108774 14.088188
11.400001 11.485596
11.5 11.734782
11.3 11.897327
12.299998 12.452023
11.3 11.800203
14.200179 13.993549
11.3 11.31193
11.2 11.182749
11.3 11.605413
11.2 11.308361
13.399989 12.787655
11.1 11.181854
11.2 11.171228
11.400001 11.528487
11.7 11.601709
12.699998 13.66375
11.2 11.141195
11.900001 11.91963
13.200015 12.754688
11.5 11.445402
12.899998 12.081077
12.299998 12.083649
11.2 11.229338
11.599999 11.705015
11.599999 11.593557
12.1 11.888636
11.3 11.327726
10.3 10.612808
11.400001 11.450223
11.8 12.010664
12.199999 12.511175
11.999998 13.014225
11.8 12.048195
11.3 11.460949
13.299971 13.7707615
11.3 11.293282
11.400001 11.691029
13.543697 13.656101
13.500008 13.15851
11.3 11.734213
11.5 12.102072
11.8 11.924593
11.900001 11.940144
11.400001 11.302755
11.2 11.221579
12.058607 10.822666
10.2 10.413239
11.1 11.136488
11.7 12.097563
11.1 11.304865
11.1 11.066675
11.8 11.8813
11.2 11.182344
12.27437 12.283859
11.3 11.308407
11.1 11.199223
11.599999 11.66723
11.599999 11.982405
11.1 11.126135
15.192754 13.536037
11.2 11.473459
11.1 11.1550045
11.2 11.25976
11.2 12.256409
11.8 11.881802
11.400001 11.426115
11.900001 11.852566
11.900001 11.931364
11.2 11.2131405
9.79897 10.166857
11.5 11.52977
12.299998 12.783363
11.7 11.962604
11.2 11.264421
11.3 11.282846
11.900001 11.93064
11.7 11.793377
11.2 11.36095
11.7 11.280431
11.2 11.315624
11.7 12.0728245
11.3 11.267742
11.900001 11.923775
11.900001 11.9452915
11.400001 11.229734
11.45 11.608576
11.3 11.389805
10.79897 10.727687
11.2 13.379532
11.8 11.760038
11.7 12.6786995
11.5 10.761553
11.2 11.318222
11.999998 11.667189
10.40103 10.528285
11.5 11.758287
12.399998 12.410467
11.1 11.130672
11.2 11.183117
11.2 11.1600895
11.2 11.207135
11.8 11.871721
13.4372425 13.60458
11.999998 12.004857
11.2 11.30966
11.2 11.1878195
11.5 11.653355
13.020819 11.968828
11.5 11.489286
10.70206 10.537413
11.3 11.329672
11.8 11.8948765
12.199999 11.498396
10.1 10.352154
11.1 11.116898
11.7 11.916967
14.500117 14.816357
12.599997 12.729504
11.599999 11.66037
13.200015 13.052996
11.2 11.262362
11.400001 11.365996
11.3 11.314615
11.1 11.107509
12.399998 13.2714615
12.399998 12.955893
11.599999 11.66037
11.2 11.235808
12.399998 12.227085
11.8 11.796814
11.400001 11.251352
11.999998 11.955015
11.5 11.448152
11.2 11.218805
11.900001 11.919834
11.5 11.490663
11.2 11.326012
11.599999 11.65502
12.399998 12.149684
11.2 11.219351
12.058607 11.057269
13.000009 13.273552
11.3 11.282227
11.999998 11.956598
15.058607 13.229126
13.699981 13.32563
11.599999 11.889357
11.900001 12.769272
11.5 11.190666
12.359637 12.364246
11.2 11.186806
14.29897 14.267422
11.3 11.316654
11.5 11.67152
12.399998 11.673544
11.3 11.346764
11.2 11.302671
11.1 11.180398
12.399998 11.88496
11.5 11.43244
12.299998 12.069572
12.1 12.009724
11.1 11.192503
13.899971 14.269278
11.2 11.271276
11.2 11.2682
11.900001 11.917864
11.2 11.258139
11.599999 11.550716
11.3 11.302158
11.8 11.839898
11.2 11.301474
11.1 11.144869
10.2 10.455601
11.599999 11.64514
12.399998 12.64426
11.2 11.230158
11.2 11.220669
11.5 11.523518
11.7 11.416719
10.3 10.3606615
11.8 11.783434
12.449998 12.936211
11.1 11.153744
11.2 11.193328
11.599999 11.679167
10.8447275 10.52109
11.599999 11.536831
11.1 11.071487
11.413951 11.488498
11.999998 12.054761
11.1 11.103059
11.400001 11.428268
11.5 11.866793
11.2 11.21477
11.599999 12.7324505
11.7 11.571342
10.40103 10.507324
11.1 11.228416
12.599997 12.348034
11.5 11.376257
11.5 11.601252
11.5 11.552262
11.2 11.214285
11.1 11.181374
11.5 11.686284
12.29074 11.539221
11.2 11.186693
12.599997 12.835579
11.900001 11.815516
11.2 11.247229
11.2 11.241383
11.3 11.306786
11.8 11.57089
11.999998 11.808454
11.1 11.321418
11.7 11.472622
11.999998 11.924667
11.8 11.808666
11.1 11.211851
11.999998 11.797153
11.3 11.349733
11.1 11.170616
11.3 11.2838125
11.7 11.906429
12.399998 12.001465
9.79897 10.215752
12.399998 12.740307
11.2 11.202982
11.8 12.082509
11.900001 11.829815
12.344125 12.4464035
11.2 11.436465
11.1 11.141341
11.2 11.169983
12.699998 12.490253
11.3 11.287949
11.8 11.892471
11.2 11.173956
11.400001 12.216052
13.699981 14.194344
10.40103 10.514087
11.8 12.884443
11.900001 11.904165
12.499997 12.274975
11.8 11.860575
11.3 11.503684
12.799992 12.635046
11.900001 11.924986
11.599999 11.752942
11.2 11.214981
11.2 11.23331
12.1 12.070469
11.1 11.148646
12.622879 11.941919
10.224938 10.186144
11.1 11.305147
11.2 11.241064
11.5 11.559889
11.900001 11.798683
11.8 11.8436165
11.2 11.256611
10.70206 10.756371
11.900001 11.901659
11.8 11.847771
11.2 11.166653
11.8 12.125003
11.2 11.25547
11.5 11.562983
12.622879 12.578123
13.500008 12.545465
11.1 11.120432
11.2 11.206116
11.2 11.30545
11.2 11.179426
13.999974 13.545502
11.900001 11.88766
11.1 11.082083
11.3 11.309773
11.7 11.748167
11.8 11.829654
11.900001 11.889423
11.180922 10.530634
10.622879 10.615196
11.599999 11.82184
11.599999 11.778797
11.900001 11.959166
10.1 10.251955
11.8 11.956402
11.3 11.43643
15.299971 15.373043
12.899998 12.578581
11.5 11.55341
11.3 11.297738
11.3 11.338091
11.5 11.847094
12.799992 11.755152
11.7 11.7645035
11.400001 11.385456
12.299998 14.410639
11.7 11.998973
11.900001 12.02248
11.7 11.7265
11.599999 12.591961
11.8 11.6821
11.900001 12.040651
11.1 11.244707
11.8 11.861979
11.3 11.395189
11.999998 12.421839
11.999998 12.035429
11.3 11.3540745
11.900001 11.920427
10.307609 10.5255785
11.599999 11.633192
11.1 11.129383
11.1 11.152906
11.2 11.231111
11.3 11.453771
11.1 11.175552
14.1 12.8967285
11.2 11.323326
11.2 11.178788
11.2 11.219589
12.1 12.0064945
11.2 11.19484
14.400163 14.132641
11.1 11.129391
11.8 11.853794
12.399998 13.155455
14.79897 13.012381
11.2 11.182241
12.499997 13.218863
11.5 11.38777
11.900001 11.874718
11.999998 12.282923
12.986056 12.90439
11.8 11.770243
11.3 11.747013
11.900001 11.927967
11.5 11.459269
11.2139435 11.405851
11.2 11.32037
11.1 11.508979
10.40103 13.487436
11.79897 12.270879
11.900001 11.911737
11.1 11.23439
11.5 11.533105
11.3 11.31381
12.399998 12.226618
11.15 11.838115
11.7 11.629702
14.1 13.9598675
10.70206 10.766176
11.400001 11.53117
12.499997 12.088097
11.1 11.200516
11.1 11.534618
11.8 13.870573
11.1 11.187136
11.1 11.216688
11.1 11.124022
11.999998 14.460461
11.5 12.6369915
11.1 11.253376
11.1 11.124807
11.2 11.318605
12.399998 11.954774
11.1 11.121218
11.900001 11.926121
11.2 11.266809
11.599999 11.59773
10.40103 10.401062
12.499997 11.7955885
11.49794 11.613316
11.1 11.262529
13.59485 13.559311
12.392429 12.53533
11.8 11.844787
11.2 11.21278
11.2 11.334791
13.122276 13.198477
11.7 11.986269
11.400001 11.364287
10.224938 10.234493
11.7 11.806271
11.999998 12.581608
11.8 12.032782
11.8 11.889336
11.1 11.079329
10.1 10.207115
11.1 11.258764
12.399998 12.528971
11.2 11.243202
11.8 11.815481
11.2 12.699659
11.5 11.460665
11.8 11.929211
14.1 14.178602
11.3 11.590614
11.3 11.290079
11.900001 11.8851795
11.900001 11.912037
11.3 11.583893
10.8 11.029359
11.5 11.545399
10.224938 10.206188
12.799992 13.128176
11.5 11.478595
12.299998 12.576685
11.5 11.450949
11.8 11.806236
11.5 11.741745
11.1 11.213857
13.500008 12.425171
12.899998 11.660986
12.1 11.561424
11.2 11.282059
11.1 11.258015
11.7 11.289232
10.40103 10.458704
11.7 11.420345
11.2 11.216509
12.1 11.238818
11.2 11.202211
11.900001 11.938847
11.900001 11.905748
12.199999 12.194725
11.3 11.297343
11.2 11.255632
12.199999 11.958649
10.224938 10.102034
11.7 12.453978
11.8 11.832317
11.031815 11.151649
10.923909 11.032075
11.5 11.419975
11.3 11.60096
11.2 11.212492
11.599999 11.649523
11.7 11.64888
11.900001 11.889273
12.399998 12.545179
11.2 11.449205
11.2 11.275234
11.2 11.216476
11.2 11.25654
11.7 11.7294235
11.400001 11.557322
11.999998 11.956903
11.1 11.153599
13.191515 13.306965
10.3 10.3548565
13.1 11.928286
13.200015 13.3787
11.999998 11.939
11.1 11.129667
9.70206 9.702549
11.2 11.219925
9.40103 9.577697
11.5 11.55826
11.900001 11.921614
12.499997 12.425497
11.900001 11.964498
11.900001 11.931566
11.900001 11.846504
10.4 10.470436
11.2 11.275793
11.7 11.8436985
11.1 11.138899
11.1 11.125439
11.3 11.263817
11.599999 11.738705
11.40103 11.26849
11.2 11.298098
11.5 11.419617
11.900001 11.924812
11.8 11.829859
12.1 12.230076
11.2 11.154867
12.1 12.661671
10.79897 11.010593
11.999998 12.271311
10.581486 10.517561
11.5 11.778389
11.3 11.363291
11.3 11.326533
12.599997 12.495586
13.1 13.042124
12.93459 12.655506
11.599999 11.926924
11.8 11.830349
13.000009 12.641073
11.5 11.529476
13.191515 13.503458
11.1 11.173105
12.599997 11.6509905
11.2 11.685833
11.2 11.304455
12.122276 11.675634
11.900001 11.889324
11.3 11.454018
11.1 11.174229
11.900001 12.167173
11.3 11.323854
11.3 11.342756
12.399998 12.2849455
11.8 11.844223
11.3 11.35243
11.2 11.199108
11.2 11.121555
12.299998 13.1412735
11.7 11.3848095
14.1 13.225029
11.3 11.2566395
11.7 12.262212
11.1 10.799059
11.976935 11.993319
11.3 11.495454
11.400001 11.405878
12.499997 12.746719
11.900001 11.860464
11.3 11.284167
11.5 11.476585
11.418758 11.518316
11.599999 11.63657
12.199999 12.159914
11.599999 11.427113
11.999998 11.570652
11.435792 11.516315
11.3 11.275341
11.900001 11.419735
13.1 12.512632
11.2 11.147166
11.400001 11.386325
12.899998 13.564983
12.499997 11.838888
11.5 11.717661
11.3 11.31093
11.1 11.195114
11.254902 11.287104
11.900001 11.928518
11.599999 11.587112
11.900001 11.88939
11.900001 12.214045
11.400001 11.470875
11.3 11.335852
9.79897 9.6570425
12.299998 12.354704
10.70206 10.540265
11.8 11.828255
12.299998 12.348614
11.1 11.34334
11.79897 11.444996
14.999629 14.936344
11.2870865 11.024544
11.7 11.756453
11.8 13.625711
11.400001 11.575334
11.2 11.305873
15.600313 14.9172
11.3 11.065001
11.900001 11.902714
11.900001 11.973716
11.1 11.1055565
11.8 12.893904
11.400001 11.695642
12.599997 11.709209
11.999998 12.216003
11.599999 11.663261
11.7 11.769368
11.2 12.476786
12.699998 11.88857
11.2 11.173535
11.108774 11.265502
11.1 11.129463
12.399998 11.795244
11.599999 11.893795
11.3 11.393629
11.8 11.900416
11.400001 11.435156
11.2 11.296146
11.599999 11.794498
14.79897 14.21228
11.2 11.552517
12.599997 12.758701
11.7 12.101718
11.2 11.226761
11.900001 12.126682
10.020819 10.245392
14.700326 14.055643
12.199999 12.192539
11.8 11.833706
10.79897 10.912537
10.622879 10.618036
11.2 11.278156
11.618557 12.473772
10.1 11.201326
11.1 12.289596
11.8 11.767758
11.456548 11.344711
13.600039 13.190334
10.40103 10.553854
11.5 11.537998
11.3 11.606771
11.2 11.27009
12.399998 12.452702
11.3 11.363818
11.1 11.126316
11.900001 12.837534
12.618579 12.421886
11.78403 11.330803
11.599999 11.159618
11.2 11.326708
12.1 11.970362
11.900001 11.8926735
11.1 11.121485
10.224938 10.266666
12.020819 11.86678
11.900001 12.185225
11.2 11.331663
11.900001 11.927257
11.400001 11.298893
11.5 11.709415
14.1 14.554777
12.499997 12.116647
10.1 10.387127
11.2 11.306768
11.757577 12.357555
11.2 11.252363
11.7 11.714527
13.200015 13.1272545
11.5 11.573965
14.1 13.355858
11.400001 11.44746
11.8 11.876577
11.1 11.149895
11.2 11.206076
11.8 11.894255
11.2 11.760805
11.5 11.499189
11.8 11.953596
11.2 11.720666
11.999998 11.915711
12.199999 12.573965
11.400001 11.437229
12.1 12.829554
10.581486 10.867882
11.5 11.53421
11.999998 11.7873745
11.400001 11.630699
11.8 11.808517
11.8 12.036774
11.999998 12.255873
11.7 11.839668
12.199999 12.0515785
11.3 10.702152
11.599999 11.1897955
11.8 11.854809
13.800057 13.865232
11.3 11.3188
12.899998 11.326988
10.1 12.129889
10.788375 10.819939
11.2 11.503422
11.1 11.25699
13.899971 13.822113
11.7 12.069363
12.058607 12.215633
11.400001 11.440508
11.5 11.546072
11.2 11.280861
11.1 11.221307
11.2 11.285776
11.2 11.287403
11.2 11.231401
14.1 12.436644
12.499997 12.5624695
12.399998 12.104492
11.900001 11.882684
14.200179 13.886934
11.7 11.670984
11.8 12.118454
11.7 11.693832
11.1 11.352591
10.6 10.614204
10.9 11.412235
11.1 11.186113
11.2 11.263124
13.800057 13.254017
11.400001 11.496379
11.900001 11.907284
11.400001 11.43129
11.999998 11.333246
11.7 11.64267
11.1 11.279629
11.8 11.798176
12.599997 12.03919
11.599999 11.685179
12.1 12.350609
11.3 11.299812
11.900001 11.880835
10.622879 10.711198
11.297911 11.6602955
11.3 11.238768
12.599997 11.883326
11.3 11.436513
11.1 11.123203
11.2 11.229427
13.089405 12.342461
11.923909 11.889037
11.3 11.334572
11.999998 12.110613
11.2 11.2410755
10.9 10.807905
12.1 11.2825
11.126872 11.203844
14.700326 13.171177
10.861686 11.194706
11.5 11.854365
13.299971 13.565187
11.2 11.346573
11.7 11.828635
11.1 11.197342
13.399989 13.581709
11.2 11.213778
11.5 11.607597
11.1 11.256512
11.599999 11.420874
11.2 11.214753
11.400001 11.338594
11.7 11.582162
12.799992 12.422041
11.5 11.947252
10.70206 10.662424
11.400001 11.783535
11.2139435 11.456707
11.7 11.903313
10.40103 10.615923
12.40103 12.423027
11.8 12.49497
11.7 11.215075
11.999998 11.701584
12.1 12.149873
12.877283 12.188584
12.299998 11.882648
11.8 11.858667
10.1 10.251255
11.5 11.475378
11.3 11.339685
11.3 11.305204
11.999998 12.083842
10.351812 10.541735
11.3 11.251938
13.699981 13.145973
10.59485 11.14201
11.1 11.160721
14.1 14.279943
11.7 11.840481
10.1 10.134653
11.1 11.212181
11.999998 11.943182
11.2 11.325544
13.79897 14.156925
10.2 10.458096
11.8 11.821617
11.622879 11.5672035
10.3 10.526678
11.2 11.415974
11.2 12.382795
11.2 11.485729
11.900001 11.911829
14.200179 14.124851
11.400001 11.395764
11.599999 12.009871
11.2 11.326117
11.2 11.204891
11.3 11.159201
11.2 11.425858
11.3 11.26746
11.3 11.364025
11.400001 11.513882
11.900001 11.912812
11.999998 11.943527
11.599999 11.368309
11.900001 11.277254
11.1 11.146642
11.2 11.278095
13.1 13.162888
10.8 10.598358
11.400001 11.535837
11.2 11.20345
11.1 11.2818985
11.3 11.477684
11.8 11.83622
11.2 11.214226
11.3 11.392656
11.2 11.22102
11.2 11.457843
11.8 11.856598
11.2 11.218011
11.599999 12.365028
12.665546 12.915201
14.299971 13.894352
11.900001 11.89212
11.400001 11.613245
11.2 11.190058
11.599999 11.30884
11.807744 11.915821
11.2 11.220316
10.4 10.459429
11.599999 12.136045
11.599999 11.682273
11.900001 11.92675
11.999998 11.953312
11.900001 11.9255905
11.8 11.886325
11.1 11.177168
11.599999 11.607714
11.1 11.101925
11.900001 11.898028
11.5 11.240304
12.899998 11.835606
11.1 11.181004
11.1 12.126644
11.1 11.322241
10.2 10.463875
11.599999 11.774904
11.5 11.720995
11.8 11.881578
11.5 12.918236
11.999998 11.945322
11.5 11.736819
12.899998 13.399008
11.1 11.228726
14.200179 13.627451
10.4 10.743992
11.5 11.765017
12.1 11.94503
11.2 11.27943
12.299998 11.786776
11.1 11.207342
11.2 12.1656475
11.3 11.271915
11.1 11.296303
11.900001 11.930962
11.1 11.899096
11.7 11.7370205
11.999998 12.257324
11.999998 11.511555
10.738272 10.620224
11.2 11.256691
11.400001 11.418218
13.999974 12.623323
11.5 11.586109
12.299998 11.724644
11.5 11.4731655
11.2 11.690523
11.599999 11.423147
11.1 11.141844
11.5 11.60537
11.2 11.320776
11.897941 11.907393
11.400001 11.433723
14.999629 14.248714
12.499997 13.416439
11.1 11.241123
11.2 11.33201
11.999998 12.398546
11.7 11.8889885
10.89724 10.700832
11.599999 12.32342
12.821246 10.669015
10.9 11.144313
12.847147 12.691891
11.3 11.567705
10.622879 10.776991
11.1 11.178551
11.5 11.350868
10.622879 10.675905
11.8 11.837172
11.900001 11.894486
11.1 11.257612
13.899971 14.01136
11.599999 11.464367
11.5 11.481529
11.7 11.549862
9.79897 9.803051
11.3 11.45242
11.900001 11.940334
11.7 11.712409
11.2 11.236713
11.2 11.167049
13.078811 13.689804
10.79897 11.111889
11.1 11.15576
10.8 10.796722
11.400001 11.518507
14.79897 12.363934
10.1 10.052944
11.2 11.263107
12.1 11.986759
11.3 11.567556
12.799992 12.13253
11.3 11.333242
11.999998 11.992279
11.1 11.155058
11.400001 11.52565
11.1 11.149981
11.599999 11.683044
11.1 11.356096
11.5 12.25334
11.1 11.137175
10.5 10.679552
11.5 11.905294
12.1 11.740849
11.2869625 11.240299
11.999998 12.420197
11.2 11.237911
12.730784 13.686626
12.199999 12.068681
12.299998 11.834072
11.1 11.140142
11.1 11.1354065
12.1 11.770302
11.2 12.203236
11.900001 11.918475
11.3 11.777033
11.599999 11.330435
15.280456 14.888817
10.637602 10.60113
13.399989 12.312492
11.2 11.334137
11.5 11.845074
12.199999 12.241909
11.400001 11.426443
11.1 11.161802
11.999998 13.01819
11.3 11.312065
11.8 11.552448
11.2 11.374666
11.599999 11.6559925
11.3 11.25276
11.108774 11.24179
11.599999 11.677216
11.400001 11.58559
11.900001 11.787416
11.2 11.27854
11.900001 11.912489
11.5 11.500864
11.7 11.737427
11.2 11.210773
11.2 11.1881075
11.2 11.244696
11.400001 11.460964
11.900001 11.911575
11.2 11.247951
11.3 11.328298
11.900001 11.919325
11.3 11.055678
11.2 11.2322445
13.280456 13.065731
11.8 11.82869
11.5 11.473505
11.8 11.808212
11.5 11.557871
12.199999 11.557575
11.1 11.208946
11.5 11.535889
11.1 11.714797
11.400001 11.436312
11.2 11.241367
12.254902 12.179934
11.900001 11.909435
10.8 11.04018
11.2 11.578361
12.599997 11.70579
11.900001 11.929973
11.599999 11.648566
11.999998 12.536608
11.2 11.203697
11.999998 11.959591
11.1 11.159277
11.8 11.817238
11.2 11.375299
11.1 11.260617
11.2 11.222189
12.399998 12.615822
11.7 11.682374
11.900001 11.919504
11.2139435 11.272137
11.0 11.125406
11.7 11.816015
11.622879 12.059828
11.2 11.257945
11.8 11.7664795
11.999998 12.14567
12.599997 12.847317
11.2 11.296135
10.8 10.287471
11.3 11.3698
11.2 11.382476
11.5 11.519691
11.1 11.2538185
12.599997 12.635473
11.641513 11.805588
11.599999 11.631969
12.699998 12.12785
11.3 11.336399
11.2 11.194675
11.1 11.212422
12.1 11.878353
10.9 10.776828
11.999998 12.0886345
10.336572 10.453329
11.5 11.526293
11.2 11.333908
11.900001 11.968199
11.1 11.108889
11.79897 11.786498
12.879892 12.831549
12.199999 12.510061
11.900001 12.379696
13.299971 12.528551
13.543697 13.728397
11.911955 11.934166
12.199999 12.374264
11.2 11.216537
11.3 11.363666
11.2 12.041224
13.1 11.516037
12.504504 12.405994
11.2 11.148651
11.2 11.273819
11.1 11.177305
11.1 11.16605
11.3 11.520044
11.2 11.237508
11.3 11.430302
11.3 11.68779
11.7 11.796884
12.1 12.71977
11.1 11.171369
11.400001 11.540287
10.70206 10.982023
10.738272 10.715395
11.2 11.285217
11.900001 11.679323
11.900001 11.94368
11.7 11.818699
11.400001 11.386684
11.900001 11.899508
11.400001 11.511333
13.600039 12.984016
13.439989 13.929554
12.199999 12.158487
11.1 11.127432
10.40103 10.53974
11.2 11.246357
11.8 11.844663
13.200015 13.465811
15.175721 14.736921
11.999998 12.200583
11.1 11.131432
11.8 11.910818
11.8 11.84895
11.3 11.381468
11.7 11.701257
10.49794 10.593374
10.627244 10.490768
11.1 11.153395
10.6 10.587383
11.400001 11.4538555
12.199999 12.197744
11.3 11.379946
11.8 11.809774
12.299998 12.298149
13.1 12.631956
11.5 11.444954
11.1 11.372038
11.999998 11.973841
11.1 11.190884
11.599999 11.638203
11.2 11.191456
11.5 11.595633
11.7 11.843584
11.1 11.135441
10.3 10.634598
11.5 11.547196
10.3 10.417402
11.2 11.466326
11.400001 11.579271
11.7 11.283012
11.5 11.429659
11.5 11.351615
11.900001 11.887325
11.2 11.266086
11.1 11.149555
12.499997 12.284088
11.599999 11.663172
11.8 11.843292
11.1 11.340001
12.399998 13.294355
11.7 11.8277645
11.8 11.843611
11.900001 11.56016
11.900001 11.896257
11.1 11.188395
11.8 11.843104
15.684434 14.305153
11.5 11.517672
11.2 11.225952
11.3 11.2047205
11.1 11.137188
11.3 11.351995
12.199999 11.93478
12.599997 12.382887
11.2 11.296281
11.400001 11.865951
11.599999 12.565279
11.1 11.503196
11.599999 11.849497
11.3 11.570826
11.2 11.20615
12.499997 12.121128
11.7 11.722572
11.3 11.952859
11.900001 11.906487
12.599997 11.788677
11.3 11.356697
11.7 11.642603
11.900001 11.808281
11.1 11.174616
11.8 11.960929
12.899998 12.840368
11.2 11.202818
11.2 11.192327
12.499997 11.530066
11.2 11.248616
11.900001 11.638031
11.5 11.217348
11.7 11.721359
11.2 11.351982
11.2 11.213989
11.1 11.145005
11.7 11.657684
11.599999 11.357489
11.3 11.436932
11.5 11.459564
11.5 12.235943
11.2 11.3976555
11.3 11.872961
11.1 11.158152
11.1 11.205531
11.900001 11.904663
11.999998 12.006403
11.900001 11.899265
12.599997 12.914522
13.399989 13.318085
11.900001 11.7938385
12.199999 12.166715
11.5 11.674946
13.800057 13.688009
12.199999 12.088002
11.599999 12.119673
12.299998 11.496645
13.800057 13.418726
12.499997 12.269283
13.699981 13.137514
11.900001 12.11359
11.5 11.475637
11.8 11.703138
11.684318 11.728366
11.900001 11.777306
10.40103 10.338976
12.399998 12.192284
11.7 11.822964
11.5 11.493192
11.2 11.219365
12.299998 11.743858
11.2 11.191942
11.3 11.2677555
13.000009 12.830795
12.299998 12.426115
11.2 11.234877
12.699998 13.267525
11.7 12.324991
13.299971 12.6735115
14.160929 14.029427
12.122276 11.61153
11.7 12.519421
12.794648 12.72193
11.900001 11.911129
11.5 11.661549
11.900001 12.9586315
13.500008 11.64476
11.900001 11.905594
11.5 11.330057
11.400001 11.405149
12.499997 12.595621
11.1 12.01424
11.8 11.861847
11.944664 12.101147
12.899998 12.175028
11.999998 12.150635
14.254902 14.915979
11.7 11.832243
11.8 11.857603
11.2689295 11.340178
11.2 11.378832
13.261151 12.227882
11.599999 11.695019
11.3 11.387222
10.622879 10.713832
11.1 11.171507
11.2 11.252831
11.900001 11.71661
11.2 11.171827
11.999998 12.030537
14.1 14.478992
10.5 10.493338
13.299971 12.93026
11.900001 11.922382
11.900001 11.912558
10.622879 10.707978
11.2 11.230021
11.599999 11.564016
11.2 11.242108
10.622879 10.647004
11.3 11.381259
11.5 12.411394
11.8 11.833418
11.7 11.739983
11.2 11.275814
12.799992 12.800409
10.336572 10.647011
11.8 11.960321
11.5 11.719788
12.5685215 12.384794
11.1 11.147957
12.520216 14.411892
12.399998 11.639187
11.900001 11.870932
11.400001 11.43258
11.400001 11.447112
13.600039 12.840807
12.59485 12.764288
11.1 12.062952
12.899998 12.137278
10.2 10.525364
10.131517 12.016558
12.799992 12.062643
11.7 11.911148
11.8 11.688866
13.299971 12.669903
11.2 11.252663
11.2 11.348362
11.3 11.428274
11.145758 10.467228
11.7 11.782276
14.1 14.872223
11.3 11.252239
11.2 11.205976
10.89588 10.812197
12.1 11.880312
14.600313 13.878925
11.3 11.342568
10.1 10.854919
11.520216 11.980888
11.400001 11.937304
11.1 11.257847
11.599999 11.253323
13.899971 12.4974
11.900001 12.055065
12.299998 12.313412
12.249986 12.735729
11.900001 11.883005
13.600039 13.50069
11.900001 11.88839
11.599999 11.67718
11.1 11.127958
11.1 11.206271
11.900001 11.911823
11.900001 11.892963
12.199999 11.97926
11.5 11.504757
11.3 11.476021
11.900001 11.440899
11.1 11.152655
11.5 11.555838
11.3 11.637948
13.000009 12.502638
11.400001 11.344799
10.1 11.238682
11.400001 11.578576
11.7 11.711603
11.2 11.355406
11.7 12.349516
11.599999 11.260714
12.699998 13.042194
11.5 11.583271
11.999998 11.974705
11.2 11.220216
11.599999 11.319508
12.299998 11.535196
11.8 11.243378
11.1 11.097797
11.599999 11.640137
11.2 11.717489
11.900001 12.023243
12.199999 12.026268
11.7 11.671782
11.5 11.421788
11.999998 12.178854
10.2 10.939814
11.2 11.235466
12.699998 11.803949
11.599999 11.549629
12.1 12.051116
11.2 11.15295
13.800057 14.173134
11.400001 11.407098
13.500008 12.942242
12.699998 12.658016
11.2 11.32646
11.1 11.113084
12.499997 11.959745
12.926814 12.762669
11.7 11.970156
10.40103 10.472933
11.1 11.334729
11.2 11.224062
11.1 11.226317
11.1 11.170462
11.599999 11.55167
11.7 11.744257
11.900001 11.553625
11.2 11.272747
11.400001 11.477061
11.2 11.262844
11.2 11.202797
11.8 11.819231
11.5 11.595115
11.5 11.582239
11.3 11.87936
11.7 11.658991
11.3 11.394657
11.8 11.85041
11.599999 12.118455
13.104364 12.62401
11.3 11.23597
11.900001 11.907995
11.1 11.86614
11.2 11.218417
11.8 11.8393955
11.400001 11.386403
11.900001 11.922579
12.299998 12.776808
11.999998 12.116396
11.7 11.716998
11.900001 11.897943
11.2 11.568118
12.1 11.770174
15.1 15.345005
9.49794 9.379686
12.199999 12.202395
11.622879 11.092785
12.651294 12.696032
10.70206 10.740578
14.700326 15.284222
11.900001 11.873551
12.699998 13.26775
12.699998 12.690596
11.1 11.243967
11.5 11.569401
11.5 11.487341
11.999998 11.905952
11.599999 11.578812
11.2 11.250362
11.2 11.258427
12.799992 12.256538
13.40103 13.305538
12.199999 11.761221
12.399998 13.30201
13.000009 12.45253
11.1 11.307869
11.2 11.227282
11.5 13.087004
11.2 11.23896
12.299998 12.114178
11.2 11.329552
11.1 11.236607
11.3 11.25562
11.8 11.697079
11.1 11.110676
11.400001 11.369259
12.379841 12.437738
13.399989 13.206144
11.2 11.366913
12.699998 13.028105
11.1 11.189651
14.299971 13.432997
11.5 11.579699
11.7 11.704549
12.199999 11.927582
11.8 11.301373
11.400001 11.406027
10.4 11.343555
11.3 11.283258
11.900001 12.242863
11.2 11.192696
13.1 13.207979
11.900001 11.905716
12.145758 12.083752
11.8 11.872695
12.199999 11.958462
12.699998 12.924814
11.2 11.19108
11.7 11.720921
11.1 11.666578
11.3 11.343769
11.40103 11.366451
11.1 11.27663
11.2 11.192556
11.5 11.96833
10.5 10.462996
11.7 11.463751
10.1 10.53261
11.2 11.288298
12.399998 12.253605
11.900001 11.890297
12.300659 12.116064
11.3 11.245613
11.1 11.139992
11.900001 12.134251
11.3 11.333645
13.600039 13.301067
12.599997 12.675356
11.599999 11.688618
12.499997 12.03569
11.2 11.215811
11.5 11.536032
11.2 11.350277
10.6 10.33553
10.3 10.295504
11.999998 11.914936
11.1 11.335777
11.8 11.870939
11.2 11.245237
12.799992 14.81776
11.0 10.9036045
11.5 11.556015
12.199999 11.64538
11.7 11.679268
12.599997 12.412113
12.799992 12.972433
11.7 11.70993
11.2 11.209089
11.599999 11.402477
11.5 11.569646
11.400001 11.37359
11.2 11.355538
11.599999 11.538584
11.3 11.37062
11.900001 11.926319
11.3 11.43903
11.2 11.215054
11.900001 11.969568
11.7 11.783823
11.2 12.399208
11.7 11.737658
11.1 11.750673
11.3 11.299723
11.900001 11.935339
10.2 10.244789
11.400001 12.494034
11.8 11.865747
12.299998 12.582426
11.900001 11.905393
13.446788 13.486158
11.1 11.169149
11.1 11.590814
11.7 11.880782
11.599999 11.22945
10.3 10.552685
11.2 11.399897
13.000009 11.827917
13.699981 13.555401
13.800057 12.995359
12.1 12.042334
11.2 11.269989
11.599999 11.663229
12.799992 12.019553
11.2 11.166338
11.5 11.655371
10.869551 11.505046
11.2 11.285608
10.49794 10.582399
11.400001 11.362728
13.1 13.360008
11.900001 11.906342
11.1 11.118635
11.3 11.210441
11.727339 11.331773
11.1 11.176462
11.5 11.585554
11.900001 11.923204
11.8 11.882908
11.7 11.887028
11.2 11.231792
11.8 10.766262
10.622879 10.682772
11.1 11.1671505
11.7 11.613769
11.5 11.550863
11.2 11.2483635
11.900001 12.015725
12.199999 12.40037
11.7 11.732784
13.923909 13.927643
11.999998 11.998171
11.8 11.5920925
11.8 11.8723345
11.900001 11.889467
12.599997 12.477627
12.399998 11.821599
10.70206 10.771148
13.79897 13.703123
11.1 11.232971
11.3 11.401374
11.900001 11.903417
11.400001 11.537527
11.3 11.376408
11.599999 12.127005
11.900001 12.010302
11.1 11.612129
11.8 11.854471
9.986056 9.819653
12.799992 12.834957
11.2 11.220772
9.79897 9.631595
12.699998 12.583012
10.70206 12.385395
12.1 11.876912
12.299998 11.719748
11.3 11.369704
14.700326 14.26454
11.122276 11.489433
13.1604805 12.026231
11.999998 11.325682
11.1 11.15941
11.5 11.524286
11.2 11.202932
11.900001 11.847918
11.1 11.172745
11.400001 11.345327
11.400001 11.55073
15.200179 14.444811
11.5 11.753832
11.3 11.336804
11.3 11.457443
11.254902 11.329472
11.400001 11.489187
11.599999 11.465885
11.5 11.485157
11.999998 11.948765
11.2 11.238319
10.1 10.435827
11.2 11.201853
13.000009 13.324049
14.500117 14.230759
11.2 11.246424
11.1 11.148756
12.096055 12.3153305
11.599999 12.506474
11.900001 12.074863
12.899998 12.373194
13.63027 12.740431
11.2 11.284534
11.400001 11.893381
11.999998 11.964989
12.299998 12.628532
11.900001 11.863745
13.500008 12.166803
11.7 11.724009
11.3 11.955149
11.1 11.189386
11.599999 11.679146
11.1 11.364132
11.7 11.741262
10.1 10.075564
11.900001 11.942194
12.532973 12.135846
14.500117 14.030682
13.749991 14.139212
14.1 14.312807
11.1 10.873262
10.5 10.707294
11.900001 11.889065
12.399998 12.391939
10.020819 10.2492485
11.599999 11.576181
10.40103 10.412136
11.2 11.194356
11.5 11.531134
11.1 11.151096
12.199999 12.925104
11.7 11.6204605
12.699998 13.530083
11.3 11.446033
12.020819 11.885006
11.5 11.414032
11.999998 11.96316
11.5 11.578651
11.2 11.192656
11.2 11.248024
11.1 11.124506
11.900001 11.9086685
11.999998 12.448677
12.199999 12.213232
13.738272 13.605568
11.400001 11.56723
13.500008 12.44335
11.7 11.518471
11.2 11.126277
12.483 12.699625
10.3 10.329931
13.800057 13.818729
13.1 11.520885
13.600039 13.768402
11.7 11.727003
14.400163 14.486128
12.299998 12.179779
11.599999 11.353542
11.900001 11.920778
11.1 11.199899
11.5 11.909164
12.728932 12.744411
11.3 11.333046
10.70206 10.761705
12.923909 12.701675
11.5 11.4415
13.466532 12.480852
11.578862 11.2757225
11.7 11.466093
10.40103 11.456921
12.899998 12.7080345
11.1 11.109587
11.2 11.20713
11.900001 11.888609
11.8 12.085541
11.1 11.181219
11.900001 12.271418
11.8 11.843803
11.2 11.430862
11.2 11.486642
11.8 11.154631
11.900001 11.93409
11.2 11.264004
12.299998 11.940036
12.599997 13.121084
12.1 12.364859
11.400001 11.376775
11.5 11.567475
11.2 11.19314
12.699998 12.213614
11.2 11.235718
12.899998 12.222094
11.2 11.220163
11.5 11.407913
11.2 11.214544
11.2 11.17844
11.2 11.202585
11.2 11.325163
11.1 11.089113
11.2 11.237802
11.2 11.255821
12.1 11.963137
11.8 11.581485
11.900001 11.903639
11.3 11.372795
11.2 11.276684
14.1 14.408047
11.3 11.261419
11.5 11.940519
11.599999 11.44413
12.299998 11.508646
11.1 11.110285
11.400001 11.45146
12.456548 12.640966
12.799992 13.19799
12.299998 11.96524
11.900001 11.993908
13.200015 12.806416
11.8 11.9015
11.2 11.3557415
11.599999 11.84076
11.999998 12.001833
11.8 12.231613
12.599997 12.594656
10.1 9.949825
11.999998 11.535337
12.699998 11.935865
11.2 11.21594
11.177759 11.171665
12.1 12.073151
11.5 11.399499
11.1 11.176512
11.8 11.742116
12.1 11.6067295
11.900001 11.875732
11.5 11.537136
11.8 11.821972
11.400001 11.481735
11.5 11.593613
11.900001 11.946484
10.383997 10.446388
11.1 11.164482
11.1 11.175966
11.2 11.20573
13.729818 13.607403
11.7 11.833473
11.3 11.350967
11.400001 11.563047
12.881363 12.675415
12.1 11.544361
9.79897 9.619829
11.2 11.268081
13.999974 14.518198
11.8 11.870447
11.1 11.1279335
11.599999 11.568192
11.2 11.310467
11.900001 11.913527
9.40103 9.497
11.2 11.367992
11.7 11.990694
12.199999 12.41497
12.199999 12.466347
11.2 11.214443
11.2 11.282068
11.25 11.385721
14.145758 13.794218
11.7 11.706673
11.900001 11.879774
11.1 11.12774
11.1 11.231371
11.1 11.251437
11.1 11.2319565
11.999998 12.054539
11.5 11.597118
11.8 11.474598
11.1 11.195761
14.400163 13.641302
11.900001 11.93502
13.999974 13.645409
11.7 11.5409
11.5 11.512812
11.5 11.965721
11.999998 11.795491
11.3 11.407381
11.5 11.603943
13.986056 13.947695
11.2 11.333227
11.400001 12.6866455
13.000009 13.180017
10.145758 10.108913
11.400001 11.400129
11.400001 11.449896
12.299998 12.165625
11.400001 11.437599
12.499997 12.437134
11.999998 11.73764
11.400001 11.566328
11.3 11.657551
11.3 11.424593
11.8 11.793066
11.5 12.227695
11.5 11.665258
11.262469 11.2454
11.999998 11.970665
11.2 11.211691
11.2 11.472038
11.3 11.353157
11.900001 11.933456
11.1 11.134948
10.49794 10.397626
12.499997 12.509373
13.999974 13.438522
11.1 11.285627
10.622879 10.597096
11.1 11.137127
11.599999 11.359676
11.900001 11.91971
12.199999 12.218491
11.2 11.663574
11.1 11.146511
11.900001 11.602205
11.599999 12.104557
11.400001 11.427334
11.2 11.0664015
11.3 11.356025
11.5 11.310709
13.200015 12.817059
11.400001 11.357611
11.7 11.180765
11.400001 11.530605
11.900001 11.928173
11.3 11.3312435
11.1 11.183001
12.399998 12.583473
11.2 11.561098
13.200015 13.49571
11.1 11.302473
11.599999 11.724255
12.392429 12.412394
11.599999 11.748447
11.3 11.21756
11.5 11.565565
11.1 11.29488
15.29382 15.185083
11.7 11.698715
11.2 11.394619
11.8 12.169077
11.900001 11.961964
13.000009 12.714277
12.1 12.492735
11.1 11.124004
13.800057 15.046276
11.900001 11.912886
11.1 11.103397
11.2869625 11.323448
11.599999 11.475443
11.2 11.201883
11.2 11.323408
11.2 11.205213
11.2 11.75991
11.3 11.250465
11.5 11.513922
11.3 11.684637
13.1 12.421644
11.400001 11.205093
10.986056 10.764742
11.1 11.200092
11.8 11.822033
12.170581 12.234056
11.5 11.636568
13.1 13.702177
11.900001 11.931801
13.000009 12.924286
13.699981 12.402044
11.1 11.1574
11.999998 11.790934
11.1 11.779853
12.199999 12.219357
11.599999 11.890209
10.3 10.429079
11.3 11.319057
12.299998 12.228083
11.900001 11.893995
11.2 11.717732
11.7 11.912122
11.1 11.133648
11.999998 11.945546
11.2 11.253429
11.599999 11.589769
12.344125 12.485764
11.3 11.338079
11.2 11.415531
11.599999 11.740577
11.900001 11.93324
11.599999 11.664749
11.400001 11.943922
11.599999 12.196279
15.600313 14.950987
11.1 11.197624
11.5 12.59178
10.854487 11.256588
12.199999 12.137812
11.599999 11.533535
14.5685215 14.506405
11.3 11.250164
10.622879 11.480631
13.997126 13.643532
14.581486 12.47875
10.8 11.691629
9.49794 9.345735
11.5 12.386934
11.599999 11.796131
11.2 11.215191
12.699998 12.30028
11.2 11.292553
11.599999 11.874108
11.400001 11.308613
11.400001 11.491716
11.5 11.478104
11.1 11.184214
11.5 11.500132
11.8 11.756191
12.599997 12.447098
11.999998 11.913303
11.8 12.52042
11.1 11.150924
11.2 11.645201
11.999998 11.644056
11.2 11.549979
11.1 11.147054
12.299998 12.260132
11.400001 11.397985
11.7 12.448404
11.8 12.292309
11.999998 12.868496
12.1 11.648424
11.8 11.829645
11.2 11.2729645
12.1 11.714272
12.699998 13.079819
11.8 11.857696
11.900001 11.901436
11.1 11.242537
11.5 11.278894
11.058607 10.88717
11.900001 11.890148
11.900001 11.889177
11.999998 12.025543
11.1163435 11.29904
11.3 11.218433
11.3 11.379549
11.58426 11.297841
11.400001 11.286878
11.8 11.90686
13.399989 13.038088
13.821246 13.802343
11.3 11.491205
13.299971 12.448385
14.299971 14.653326
11.637602 11.308719
11.2 11.346784
11.1 11.178787
11.999998 12.053106
11.8 11.854158
12.599997 12.396799
11.599999 12.038025
10.9 10.796391
11.400001 11.314735
11.5 12.286701
11.2 11.258133
11.7 12.0736885
12.499997 12.277643
11.3 11.472015
10.2 10.27658
11.599999 11.760567
11.2 11.160071
11.1 11.118178
12.499997 13.138905
11.7 11.9495735
13.600039 12.487358
11.2 11.198903
11.5 11.637463
12.299998 11.677052
11.2 11.160332
11.1 11.168451
11.5 11.632273
12.599997 12.275501
13.1 12.268759
11.400001 11.369467
11.2 11.209875
11.400001 11.508001
12.401899 12.560101
9.79897 9.649716
11.543697 11.328768
11.400001 11.370264
11.900001 12.193066
11.599999 11.95627
10.70206 10.730417
14.1 14.265894
11.1 11.157224
11.8 11.827917
11.3 11.937756
9.941637 9.8926115
11.2 11.350457
11.3 11.505585
11.900001 12.497732
11.599999 11.819247
11.5 12.408081
11.8 12.223911
11.2 11.544752
13.000009 12.289501
14.500117 14.439461
11.3 11.397093
11.8 11.794842
11.7 11.759844
11.1 11.091824
13.200015 12.048103
11.5 11.5033455
10.1 10.32086
11.821246 11.389696
11.7 12.7182865
11.8 11.932625
12.899998 12.063471
11.79897 11.919085
11.599999 12.219769
11.2 11.239752
11.1 11.180614
11.599999 10.896925
11.3 11.228441
11.400001 11.906351
11.400001 11.419476
10.40103 10.556599
10.70206 10.880774
12.799992 12.8862095
10.40103 11.312172
12.899998 12.414257
10.869551 10.202033
11.900001 11.939352
11.900001 12.036179
11.1 11.105625
11.8 11.831484
11.400001 11.446869
11.999998 11.933538
13.500008 12.96838
11.1 11.128844
11.108774 11.198044
11.1 11.215353
10.1 10.165422
11.3 12.102848
11.2 11.200453
12.299998 11.9692955
10.622879 10.448507
12.1 11.796856
11.8 11.838213
11.999998 12.16531
11.400001 11.539693
12.799992 12.108393
11.2 11.199882
11.8 11.877033
11.1 11.130325
11.1 11.489553
11.2 11.214663
10.5 10.757967
11.400001 11.36198
10.8447275 11.274776
11.8 11.857065
11.599999 11.682295
11.7 11.663296
11.3 11.398635
11.1 11.148796
11.2 11.25222
11.2 11.579983
11.7 11.725374
11.5 11.718208
11.2 11.345312
11.400001 11.464897
11.7 11.775929
11.1 11.181084
12.199999 11.346477
11.49794 11.628124
12.1 11.86678
11.7 11.619355
11.900001 12.181494
11.5 11.662629
11.900001 11.918541
11.3 11.456225
9.79897 10.248688
13.699981 12.836441
12.1 12.173978
11.1 11.120274
14.700326 14.683401
11.2 11.382786
11.2 11.19792
11.7 11.212107
11.900001 11.905283
14.400163 13.976225
10.1 10.431421
11.900001 11.957615
11.2 11.27566
11.49794 11.579323
11.400001 11.35429
11.1 11.114764
11.5 11.865896
11.5 11.547968
11.900001 11.874008
11.1 11.71619
11.8 11.878332
11.8 11.816446
11.400001 11.446356
13.600039 13.763008
11.1 11.391031
11.1 11.19825
12.699998 12.279541
11.1 11.936497
11.900001 11.916447
11.599999 11.770868
10.70206 10.761885
13.403085 12.114014
11.999998 11.467083
11.400001 11.5126915
10.1 11.386571
11.1 11.213762
11.3 11.419386
12.599997 12.666866
11.1 11.1932335
11.2 11.259089
11.5 12.001568
11.2 11.207052
11.3 11.27078
13.1 12.354263
12.799992 12.845699
11.3 11.338388
11.7 11.765716
11.1 11.220184
10.70206 10.773094
11.900001 11.91367
13.399989 13.501736
12.199999 12.277885
11.3 11.325155
11.2 11.324662
11.900001 11.544991
11.1 11.214285
13.299971 12.991531
11.1 11.168432
12.299998 11.317734
11.599999 11.365343
11.2 11.100935
11.2 11.206963
12.199999 11.759703
11.400001 11.515387
11.900001 11.922157
11.599999 11.931984
11.7 11.7547455
11.3 11.457293
12.1 11.814716
11.5 11.592961
11.900001 11.889589
11.8 11.7852
11.599999 11.592187
11.2 11.199602
11.7 11.733755
12.599997 12.6838875
14.500117 14.318075
11.2 11.197374
11.2 11.338547
11.900001 11.911501
11.8 11.810135
11.2 11.2896
11.1 11.277908
11.900001 11.696909
11.400001 11.750477
11.7 11.943525
10.3 10.62841
11.900001 11.997297
11.900001 11.867239
12.799992 12.174582
11.599999 11.617184
11.8 11.866543
10.1 11.345125
11.599999 11.627768
11.7 11.626094
13.466532 12.72386
12.299998 12.211781
10.59485 10.521893
11.900001 11.86148
10.932683 10.777966
14.273925 14.465639
11.900001 11.913317
11.5 11.54244
11.1 11.346264
10.7 10.37291
11.3 11.376524
14.19691 11.694214
11.2 11.2268715
13.200015 12.530741
11.1 11.23118
11.8 11.829855
12.899998 11.729805
10.1 11.787107
11.1 11.202343
11.8 11.852337
11.2 11.280439
11.2 11.229702
13.200015 12.740696
11.1 11.292601
9.79897 9.706086
11.1 11.166138
12.349492 12.06838
11.1 11.0501995
11.5 11.576736
11.1 11.121407
11.3 11.404711
11.1 11.112857
11.1 11.070709
10.70206 10.759586
12.399998 12.397778
11.8 11.760103
11.2 11.220562
11.599999 11.6478
14.600313 13.272757
11.2 11.211888
13.000009 13.858042
12.248742 11.362633
11.400001 11.415958
11.7 11.789631
11.2 11.256752
11.1 11.193375
12.399998 12.180519
13.000009 12.5630245
12.299998 12.933504
11.400001 11.451448
10.2 10.331575
11.1 10.993259
11.900001 11.894235
10.3 10.749306
11.2 11.262791
11.8 11.325306
11.1 11.218235
11.400001 11.46899
11.400001 11.433314
12.1 12.487116
11.599999 11.7039585
11.2 11.305241
11.1 11.30476
11.7 11.703815
11.999998 11.700844
11.3 11.708752
11.1 11.17719
11.8 11.836317
11.3 11.462538
12.199999 12.162327
11.2 11.22533
11.900001 11.84478
12.699998 12.159542
11.2 11.184462
14.419664 14.475931
12.599997 12.665216
11.5 11.588602
11.2 11.256615
11.1 11.136152
12.300659 12.4850025
11.2 11.188569
11.599999 12.183834
11.400001 11.486352
12.146482 12.065887
12.599997 12.698702
11.1 11.095867
12.899998 11.897902
11.1 11.126833
11.1 11.122744
11.900001 11.885096
11.3 11.304543
11.2 11.186255
11.999998 11.981352
11.900001 11.964723
13.999974 13.033739
10.8 10.588254
11.3 11.33413
11.1 11.181459
11.5 11.611457
11.3 11.344738
13.800057 13.644758
11.5 11.531079
11.1 11.126357
11.599999 11.552716
11.3 11.3657875
12.721546 12.716402
13.1 12.888521
11.5 11.532717
11.1 11.143751
11.1 11.114279
11.8 11.409655
10.1 10.149239
11.900001 12.349825
11.3 11.366573
11.782456 11.61519
11.5 11.802948
10.3 10.386978
11.923909 11.581897
10.1 10.1233425
11.3 11.392714
11.400001 11.577115
10.6 10.385862
11.1 11.214655
11.400001 11.663521
12.199999 12.755718
11.8 11.720877
11.999998 12.213682
11.599999 11.732153
10.70206 10.658653
11.8 11.97831
13.200015 12.993986
11.3 11.393307
11.1 11.1669445
13.200015 12.717566
11.3 11.4329815
11.7 11.687796
11.7 11.647182
11.599999 11.522476
11.2 11.202164
11.599999 11.818562
13.500008 13.221153
12.499997 12.972225
11.8 11.829731
12.899998 13.00345
11.900001 11.935591
11.1 11.170046
11.5 11.596496
11.900001 12.231196
11.999998 12.046997
11.2 10.916016
11.1 10.97258
14.5685215 14.719173
11.900001 11.895866
11.8 11.868847
12.399998 11.543565
11.900001 11.816795
11.3 11.2379875
11.999998 11.957122
11.7 11.755262
10.8 11.024342
11.7 11.839281
11.3 11.432934
11.721602 11.3632555
13.248742 14.838333
13.200015 13.161751
11.2 11.337004
11.8 11.867941
12.199999 11.693992
11.400001 11.348083
11.1 11.145121
11.2 11.362588
11.2 11.404869
13.299971 13.162815
12.1 12.458504
11.8 11.937916
11.8 11.86882
11.8 11.730404
11.7 11.726902
12.499997 12.149498
11.900001 12.118128
11.999998 12.017608
13.699981 13.987944
12.020819 12.033189
11.7 11.8555
12.1 11.658945
11.900001 11.901531
11.1 11.261177
11.1 11.157449
11.400001 11.430404
12.601689 12.766287
11.1 11.193565
11.999998 12.021985
11.999998 11.927435
12.799992 12.857759
11.8 11.845274
11.2 11.186731
11.5 11.627369
11.2 11.251139
11.999998 11.650974
12.199999 11.786539
11.8 11.820707
11.599999 11.970947
13.104364 11.43277
10.622879 10.846449
13.899971 14.202351
11.3 11.283698
11.400001 11.280401
11.2 11.176365
11.2 11.293886
11.900001 11.907864
11.2 11.22718
11.923909 11.121271
11.2 11.2095375
11.400001 12.310974
11.2 11.612528
11.900001 11.9013405
11.8 11.830958
11.7 11.80249
12.55967 12.293687
13.000009 11.429934
11.2 11.215418
11.1 11.1455965
11.5 11.558262
11.1 11.191576
9.40103 9.579655
11.400001 11.869108
11.900001 12.266365
11.425138 11.619841
11.1 11.065844
11.242667 11.205024
10.5 10.650604
12.699998 12.264
11.1 11.180683
11.3 11.335594
12.1 11.930027
11.999998 11.776688
11.2 11.208389
13.000009 11.771328
11.999998 12.140757
11.400001 11.424898
14.600313 14.843809
11.738272 12.066637
11.1 11.190304
11.8 11.8025675
11.1 11.053576
11.900001 11.891102
10.719789 10.598082
11.599999 11.585192
11.400001 11.500415
12.799992 13.331171
11.2 11.910524
11.25 11.440989
11.3 11.404842
12.1 12.072562
12.699998 13.01104
11.599999 11.728319
11.70103 11.7667465
13.026317 13.987789
12.191515 12.077936
11.1 11.504435
11.999998 12.298393
11.1 11.14401
11.400001 11.553837
11.900001 11.912952
11.1 11.213445
11.5 11.685705
11.1 11.296499
11.5 11.468687
11.400001 10.563818
11.599999 11.628732
12.199999 12.081291
11.1 11.134827
11.5 12.188782
11.2 11.289347
11.2 11.295845
11.1 11.197735
11.3 11.346925
11.2 11.349371
11.3 11.427137
11.900001 11.894962
11.2 11.232279
11.599999 11.849615
11.2 11.322458
11.999998 12.503006
11.5 11.520048
11.400001 11.627712
11.274371 11.303026
14.427902 13.635563
11.900001 11.975637
11.1 10.997297
11.1 11.136384
11.3 11.375168
10.622879 10.468861
11.999998 11.60471
11.999998 11.439473
11.2 11.278276
11.900001 12.18841
11.1 11.12182
11.400001 11.657503
10.1 10.45457
11.2 11.6419935
11.8 11.826729
11.8 11.834269
11.599999 11.416439
11.7 12.151163
11.49794 12.304127
11.2 11.257899
11.3 11.256471
12.1 11.913296
11.900001 11.972515
12.199999 12.306995
13.600039 13.992352
13.399989 14.827044
11.900001 11.745518
11.8 12.733908
11.3 11.427168
11.999998 11.475264
12.923909 12.804573
11.1 10.907274
11.8 11.779882
11.2 11.333742
11.599999 11.682699
11.5 11.831825
11.900001 11.897887
11.2 11.196312
13.699981 13.347263
12.599997 12.863501
11.2 11.205801
11.400001 11.360376
10.1 10.039572
11.900001 11.901783
12.191515 12.062249
11.1 11.151926
11.3 11.461689
15.200179 14.283422
11.5 11.522465
11.8 11.8753605
11.1 11.133315
11.1 11.144621
11.1 11.589739
11.900001 11.725534
12.199999 12.375608
11.900001 11.294735
11.400001 11.530354
11.1 11.40093
11.2 11.37379
11.900001 11.945887
11.400001 11.428322
11.999998 12.421129
11.2 11.228312
11.2 11.199064
11.900001 11.901728
11.599999 10.306919
11.599999 11.640395
11.2 11.231981
10.70206 10.767027
11.2 11.241768
11.2 11.212836
11.999998 12.03216
11.999998 12.035871
11.2 11.210091
13.200015 12.70969
11.2 11.154873
11.2 11.336048
11.79897 11.977776
12.299998 11.99864
10.70206 10.775772
10.4 10.560376
11.5 11.567823
12.1 11.765894
11.5 11.598593
11.599999 11.7259865
11.5 11.567291
11.1 11.224288
13.299971 11.965593
11.8 11.361616
11.3 11.487946
14.63786 14.534264
12.299998 11.847711
11.3 11.348224
12.299998 12.108833
11.1 11.142706
12.699998 12.67049
11.2 11.385292
11.599999 11.7101145
11.1 11.107433
11.8 11.859779
11.2 11.147268
11.900001 12.204746
11.900001 11.923367
11.19691 11.190636
12.249994 13.435581
10.1 10.283163
11.7 12.164038
11.2 11.262086
12.765546 12.090763
11.2 11.21966
11.2 11.233993
13.668636 13.581133
11.5 12.003513
11.599999 11.891048
11.5 11.681713
11.2 11.289173
11.8 11.90901
11.5 11.627285
12.599997 13.144104
12.299998 11.978146
11.7 11.366564
11.1 11.193108
11.1 11.277407
11.3 11.70825
11.5 11.917908
12.399998 11.9789505
11.8 11.939669
11.2 11.236868
11.8 11.564427
11.2 11.177357
12.299998 12.595337
11.2 11.263966
12.79897 12.596752
11.2 11.275162
12.622879 13.751333
11.3 11.263539
11.8 11.918422
11.3 11.30608
11.3 11.319008
11.7 11.903969
11.3 11.451658
11.7 11.517456
11.900001 11.785381
10.1 10.283443
11.2 11.254486
11.5 11.728172
12.699998 11.753937
11.900001 11.914841
10.2 11.11079
11.1 11.17244
11.8 11.885563
11.8 11.815805
11.8 11.6533375
11.5 11.89876
11.7 11.863071
12.207906 12.102427
11.2 11.249472
11.2 11.196318
11.900001 11.862822
11.1 13.0361805
11.900001 11.764103
13.19691 12.172754
13.145758 13.093266
11.7 11.669466
11.3 11.537935
10.70206 10.811563
11.7 11.76412
13.500008 13.77199
11.3 11.877993
11.5 11.830168
11.400001 11.575579
14.999629 14.194395
11.999998 11.873589
11.2 11.17181
10.165502 10.067764
11.599999 12.235514
11.999998 11.979218
11.5 11.727858
11.285752 11.759699
11.900001 12.086054
11.1 11.184593
11.3 11.408993
11.8 11.816282
11.1 11.117393
11.999998 11.760622
11.5 11.555332
9.89588 9.954777
11.900001 11.903
11.1 11.127502
13.699981 12.925909
11.3 11.286503
11.5 11.574571
11.900001 11.908964
11.180922 12.637316
12.180399 10.455336
11.2 11.41819
11.2 11.230888
12.399998 12.089748
11.1 11.170584
11.7 11.5140915
11.5 12.166389
10.40103 10.454668
11.1 11.156088
11.400001 11.512335
10.938632 11.719271
10.70206 10.761967
11.400001 11.3983
11.2 11.371012
11.7 11.798182
11.900001 11.8870945
11.599999 11.661055
11.7 11.684175
11.2 11.202056
12.899998 14.023447
11.5 11.563154
11.5 11.634186
11.2 11.223486
11.2 11.159311
11.400001 11.46483
11.8 11.88966
11.2 12.03728
11.7 11.412548
12.799992 12.366549
12.799992 12.472778
11.3 11.363699
11.3 11.1780815
11.1 11.18845
11.7 11.435274
11.49794 11.487745
11.329148 11.556425
12.1 12.022652
13.200015 11.820349
11.900001 12.056896
11.400001 11.487997
12.199999 11.661373
13.699981 13.812317
11.2 11.260391
11.5 11.825857
11.5 11.515158
11.400001 11.315222
11.15 12.052436
13.1 12.522514
13.000009 12.048048
11.2 11.223512
12.199999 11.499261
11.8 11.667715
10.622879 10.711188
11.900001 12.100427
12.599997 12.698832
10.40103 10.710741
14.700326 13.636793
10.49794 10.520487
11.2 11.214104
11.999998 11.931185
11.2 11.176607
10.5 10.443888
11.5 11.537127
11.3 11.312624
11.1 11.221596
11.2 11.304536
11.900001 12.077713
11.900001 11.974263
11.2 11.194225
11.2 11.361607
11.1 11.139156
11.2 11.227224
11.8 11.6192
10.40103 12.459734
11.7 11.783638
11.900001 11.941345
11.599999 11.774599
11.999998 12.073311
11.1 11.180323
12.449997 11.918806
11.3 11.445692
11.622879 11.583391
11.29382 11.556173
11.400001 11.3782015
10.79897 10.766889
11.400001 11.446953
10.49794 10.799555
11.2 11.255379
10.6 10.763556
11.3 11.338562
11.3 10.790644
11.3 11.3564205
12.199999 11.515448
11.599999 11.528548
11.2 11.164894
12.699998 12.311386
12.199999 12.064503
12.199999 11.933254
11.1 11.277367
11.900001 11.969147
13.299971 13.941814
11.2 11.217605
13.800057 13.088028
11.900001 11.816507
14.200179 14.475485
11.7 11.886166
11.599999 11.674186
12.499997 12.671633
11.7 12.041671
11.5 12.756533
11.2 11.302227
11.2 11.257561
11.3 11.410213
11.3 11.250616
11.1 11.162832
10.738272 10.188684
12.299998 12.579414
10.1 10.641134
11.900001 11.890068
11.3 11.51503
11.400001 11.41847
11.599999 11.926038
11.900001 11.912415
11.1 11.097067
11.7 11.715071
11.2 11.307253
11.400001 11.452396
14.49794 14.609257
11.900001 11.922773
14.145758 12.835655
11.5 12.3480835
11.8 11.731516
11.2 11.9006405
11.8 11.893636
11.2 11.271174
11.622879 11.479084
11.5 11.549507
13.359637 13.098385
12.299998 11.086756
11.2 11.254556
11.1 11.2086525
11.900001 11.897592
11.3 11.633312
11.900001 11.68639
13.000009 11.755467
11.7 12.386692
10.6 11.871937
13.622879 13.615942
11.3 11.279228
11.599999 11.606916
11.5 11.535046
11.79897 11.709326
11.3 11.460745
11.1 11.112417
11.1 11.462124
11.8 11.964916
13.200015 12.466772
11.5 11.236975
11.7 11.743913
11.1 11.179043
11.5 11.578117
11.7 12.18997
11.999998 11.97148
11.5 11.553923
11.3 11.340021
10.2 10.656557
11.599999 11.575324
11.2 11.332775
12.399998 12.852249
11.2 11.21907
13.699981 13.033569
13.000009 12.180809
11.3 11.324923
11.2 11.212854
11.3 11.104012
11.3 11.4237
10.3 10.478916
11.900001 11.906439
11.900001 12.371456
10.7 10.526121
10.70206 10.7369
11.400001 11.518974
11.5 11.483394
12.499997 11.313278
9.456548 10.301398
11.900001 11.920893
13.1 12.521894
11.599999 11.751566
11.2 11.269888
11.7 10.905115
11.999998 13.249083
11.2 11.256613
11.3 12.066005
12.1 12.472475
13.600039 13.141235
9.79897 9.668976
11.5 11.652322
11.599999 11.489975
11.999998 11.794619
12.199999 12.107971
11.7 12.495735
11.8 11.826628
11.900001 11.904564
11.400001 11.1497
11.1 11.229011
11.8 11.795776
11.1 11.019508
11.8 11.821793
11.5 12.017332
11.3 11.397179
11.1 11.1378765
11.7 11.760735
11.512516 11.805546
13.399989 12.798826
11.7 11.689754
11.5 11.279039
11.1 11.249268
11.8 11.820907
12.599997 12.28056
11.2 11.249119
11.599999 12.145927
11.1 11.104479
11.3 11.301025
11.3 11.28875
13.699981 13.878777
11.3 12.013412
11.2 11.310976
11.5 11.490652
11.400001 11.485544
12.1161 11.630293
11.2 11.226097
11.3 11.278696
11.900001 11.894392
11.5 11.503212
11.2 11.242281
12.199999 12.005069
11.599999 11.623512
11.5 11.568943
11.900001 11.637414
12.499997 13.379208
11.2 11.250807
11.8 11.636252
11.254902 11.4347
12.399998 11.87632
12.1264105 12.331297
11.7 11.657499
13.399989 13.167376
13.15061 13.771013
11.2 11.242328
12.399998 13.160143
11.999998 11.630665
12.599997 12.19796
12.299998 12.020966
11.599999 11.622612
12.199999 12.205083
11.3 11.652966
11.020819 11.361259
11.599999 11.907236
11.5 11.55525
11.1 11.383253
10.1 11.671513
11.1 11.203803
11.5 11.48881
11.999998 12.041896
11.2 11.274971
11.7 11.546947
10.6 10.856781
11.35 11.609615
12.299998 12.322407
11.2 11.21839
12.399998 11.697863
11.1 11.193657
11.400001 11.310526
11.1 11.820892
14.400163 13.836784
11.1 11.137316
13.299971 13.061184
11.5 12.113363
11.8 11.835112
11.400001 11.289862
11.5 11.612314
11.599999 12.086638
11.2 11.444813
13.000009 14.58576
12.599997 13.032839
11.1 11.191898
11.5 11.38019
11.400001 11.403641
11.400001 11.54418
11.5 11.519283
11.5 11.528385
14.400163 13.649586
11.900001 11.827896
12.986056 13.046881
11.8 11.852291
10.70206 10.748661
11.3 11.402326
11.1 11.155598
11.622879 11.21299
11.7 11.764433
11.599999 11.658321
13.000009 13.606611
11.2 10.856894
11.3 11.4527235
11.999998 11.975967
10.1 10.10083
11.3 11.379463
11.2 11.268346
11.5 11.542906
11.999998 12.175503
11.7 11.634235
11.1 11.353487
12.299998 12.413221
12.199999 12.772409
14.500117 14.132551
11.7 11.45413
11.900001 11.931385
12.599997 12.641603
11.3 11.262068
11.2 11.290407
11.254902 11.482079
11.1 11.2205105
12.899998 12.168173
11.900001 12.083096
11.2 11.476933
14.1 14.03367
11.2 11.3693695
11.1 11.140978
11.599999 11.559982
11.400001 11.415381
10.1 10.7206135
12.299998 11.809647
10.70206 10.683102
13.600039 13.4579525
11.2 11.178463
11.8 11.842693
11.2 11.188346
12.899998 12.097296
14.600313 13.082117
11.2 11.306969
12.599997 12.332733
11.3 11.500951
11.3 11.682749
14.202373 14.860352
10.5 10.34771
11.1 11.245817
14.200179 13.09033
11.900001 11.842112
11.2 11.2411175
11.400001 11.429413
11.2 11.2013035
10.89588 10.909647
11.1 11.273201
11.2 11.227216
11.900001 11.885401
12.899998 12.59399
11.456548 11.509157
11.7 11.806311
11.5 11.64867
12.719789 11.300249
11.999998 13.366844
11.7 11.772241
11.400001 11.32433
11.1 11.202649
11.8 11.896616
14.500117 13.194172
13.399989 12.873571
11.1 11.220291
12.199999 11.752648
11.3 11.241756
12.199998 11.926401
13.446788 13.646368
11.900001 11.928967
11.8 11.458235
11.1 11.109978
12.599997 11.611945
11.2 11.207816
11.2 11.310034
11.020819 10.420885
11.900001 11.990971
11.5 11.540383
12.399998 12.277234
12.699998 12.937185
11.900001 11.916659
12.719036 12.433453
13.1 12.43432
11.900001 11.897505
11.5 11.320065
11.900001 11.926341
11.2 11.3520565
11.2 11.190866
11.400001 11.598867
11.880176 11.655417
11.7 11.654352
12.899998 13.14847
11.1 11.39133
11.8 11.834436
11.2 11.211792
11.2 11.340911
11.999998 11.9512825
11.900001 11.918174
11.599999 11.642103
12.799992 13.079201
11.400001 11.372162
11.2 11.271606
11.1 11.190863
11.900001 11.911596
11.8 11.837346
12.499997 12.391693
11.2 11.209854
11.900001 11.897928
11.3 11.405634
12.1 11.54104
12.799992 11.671963
10.2 11.368428
11.8 11.860506
11.900001 11.908077
11.5 11.632381
11.1 11.157198
11.2 11.596095
15.299971 14.6236725
11.2 11.196339
11.70103 11.766745
11.2 11.250401
11.49794 11.462618
11.2 11.196978
11.2 11.341856
11.599999 11.63082
13.1 12.467003
11.1 11.936583
11.8 11.722801
11.7 11.311354
11.900001 11.906654
10.622879 10.741999
11.2 11.553831
12.1 11.738986
13.600039 12.413713
12.499997 11.967739
9.1 9.176856
11.2 11.188481
11.900001 11.881693
11.166968 11.450283
11.3 12.763832
11.8 11.861221
11.400001 11.302349
11.3 11.621412
11.1 11.148365
11.2 11.301717
13.020819 12.440157
11.2 11.412863
11.599999 11.387632
11.599999 12.029368
13.200015 12.388151
11.599999 11.247377
11.5 11.546165
11.400001 11.400589
14.400163 13.33062
11.900001 12.503468
12.899998 12.087891
11.1 11.032614
11.2 11.273502
11.8 11.845447
11.2 11.219004
11.1 10.885895
11.5 11.70524
11.2 11.301792
12.1 12.182306
11.7 11.816006
9.79897 9.769346
11.2 11.44454
11.599999 11.6173935
11.900001 11.877785
11.1 11.103001
11.2 11.186067
11.5 11.5305
12.622879 11.885397
11.900001 11.956808
11.3 11.306856
12.520216 12.272131
11.2 11.513556
11.599999 11.692856
12.199999 12.207748
11.1 11.409273
11.1 11.213486
11.2 11.271034
14.299971 14.085188
11.3 11.685741
13.500008 13.467644
11.3 11.238407
12.299998 12.186943
13.321849 12.529284
11.108774 11.224407
12.555932 12.437269
13.200015 12.71347
11.999998 11.59391
11.3 11.342451
11.400001 11.470686
11.5 11.505457
11.8 11.8465185
11.1 11.5735
13.000009 12.45155
11.2 11.232477
14.1 14.476601
11.3 11.292812
11.900001 11.919388
12.899998 11.701023
11.8 12.044071
12.299998 12.262236
11.2 11.285475
11.1 11.205471
11.3 11.389146
11.2 11.337112
11.2 11.2133045
11.3 11.300087
11.2 12.0905075
12.199999 11.906376
10.9 10.62066
11.900001 11.917534
11.3 11.498899
12.199999 12.546675
12.699998 12.547827
11.3 11.34152
12.199999 12.209925
11.1 11.22497
11.2 11.266233
11.3 11.390072
11.3 11.435446
11.599999 11.781176
11.900001 11.86989
14.500117 13.399546
11.15399 11.24707
10.622879 10.758099
11.2 11.218475
14.79897 13.612642
11.2 11.198679
13.299971 13.505054
11.1 11.256641
11.5 12.39831
11.1 11.176613
11.2 11.273211
11.2 11.226339
12.299998 12.234819
10.70206 11.441038
10.63529 11.414232
11.599999 11.654634
11.599999 11.598389
11.2 11.320735
11.2 11.248486
12.899998 12.484749
11.5 11.59338
11.2 11.477541
13.500008 13.88154
11.400001 11.4865265
11.2 11.276361
11.2 11.219017
11.999998 12.396738
11.1 11.193039
11.2 11.269213
12.799992 12.4804325
11.7 11.681315
12.499997 12.418156
13.899971 13.972366
11.1 11.148321
11.7 11.555522
11.3 11.321337
10.5 10.434526
11.5 11.349272
11.1 11.202883
13.399989 11.998697
11.599999 12.14954
11.2 10.473319
11.5 11.563747
11.599999 11.6225605
11.1 11.1880665
11.3 11.412357
13.399989 13.044579
11.2 11.204716
11.7 11.761186
12.699998 12.6261215
11.599999 11.687168
11.900001 12.014004
11.3 11.4010105
13.59485 12.258171
11.1 11.272955
11.7 11.8414345
13.299971 13.094891
11.5 11.909077
11.2 11.169863
11.900001 11.911768
11.3 11.98147
11.900001 11.900972
11.5 11.68413
13.79897 14.044592
11.2 11.232347
11.2 11.316681
11.2 11.1544285
12.499997 11.891181
11.1 11.189217
13.800057 13.552164
11.1 11.176952
13.399989 12.940214
11.1 11.121069
9.79897 10.202033
11.900001 11.912674
11.5 11.288913
14.644068 14.118469
12.47675 11.198507
11.254902 11.319801
11.5 11.4454365
11.8 12.035156
11.999998 11.866146
11.7 11.994137
11.900001 11.897453
11.2 11.215356
10.1 11.336449
11.599999 11.508467
11.3 11.301889
11.2 11.332138
11.900001 11.943994
11.1 11.568782
11.2 11.240916
12.399998 12.612991
11.8 11.676281
11.7 11.893058
12.499997 12.6166115
13.699981 11.950765
11.2 11.212372
11.900001 11.93384
11.1 11.107031
11.7 11.843748
11.599999 11.514845
11.3 11.2890625
12.399998 11.854965
11.400001 11.95446
11.1 11.277885
11.5 11.505488
11.0914 11.766213
11.2 11.22234
11.5 11.502535
11.1 11.127733
11.1 11.121975
11.999998 11.962809
13.344125 11.848049
11.2 11.219057
10.446788 11.836725
11.999998 13.389177
11.2 11.188668
11.5 12.119219
12.499997 11.872324
12.299998 12.311634
10.70206 10.788929
11.2 11.260199
11.5 11.5693445
11.3 11.375008
11.900001 11.903225
11.2 11.229397
11.8 12.426582
11.2 11.253088
11.999998 11.921532
11.900001 11.922252
11.47675 11.96803
11.2 11.227255
10.40103 10.402478
11.900001 11.9001465
11.900001 11.911535
10.1 10.295796
11.1 11.202051
12.299998 11.942999
11.8 11.934723
11.70206 12.197573
11.8 11.92313
11.3 11.6431465
11.2 11.222002
11.400001 11.846495
11.900001 11.878245
11.8 11.82566
11.900001 12.114361
11.1 11.152435
11.599999 13.097971
12.399998 11.819707
11.2 11.489698
11.8 11.696636
11.1 11.247323
10.79897 10.780692
14.1 14.243296
10.1 10.091131
11.3 11.518152
11.599999 11.567144
11.900001 11.92201
11.2 11.727297
11.900001 11.926544
11.7 11.702196
11.2 11.343777
12.899998 13.376686
11.900001 11.929363
11.2 12.56333
11.400001 11.315971
14.1 13.8038845
11.900001 11.905855
12.299998 11.906015
13.043096 13.220566
10.70206 10.749193
12.399998 11.992727
10.1 10.206706
11.8 11.523006
11.7 11.765165
12.399998 11.933041
11.5 11.235834
11.999998 12.010881
11.999998 11.841329
11.5 11.474838
11.900001 11.885582
12.399998 11.831476
9.777781 11.797838
11.1 11.174364
11.1 11.155779
11.400001 11.423134
11.5 11.382893
12.199999 11.734673
11.599999 11.622652
13.800057 14.029697
11.900001 12.141289
11.599999 11.249531
11.2 11.255975
12.499997 11.384384
11.5 11.376766
11.3 11.29459
11.3 11.239773
11.599999 11.755387
11.900001 11.957111
11.3 11.26697
11.359637 10.820026
11.8 12.157536
11.3 11.483494
11.1 11.20523
11.3 11.317266
12.651294 12.762508
11.900001 11.878967
11.2 10.967199
11.8 11.8567295
13.864471 13.893805
11.900001 11.956739
11.8 12.276819
11.599999 12.855734
13.000009 11.785194
11.2 11.145458
11.900001 11.943916
11.8 11.468891
11.599999 12.017345
10.3 10.357058
11.999998 11.904028
11.2 11.659018
11.5 11.393637
11.2 11.241903
11.2 11.291931
11.900001 11.897636
11.900001 11.898504
11.400001 11.3568735
9.79897 9.67852
11.3 11.361463
12.299998 11.907081
11.7 12.483391
10.7 11.005871
11.599999 11.573582
11.3 11.278614
11.40103 10.760159
11.7 11.747563
13.800057 13.416008
11.900001 11.899908
11.2 11.356304
10.70206 10.797987
11.400001 11.501242
12.199999 11.787256
11.8 12.061195
11.5 11.541208
11.900001 11.938061
11.8 11.8558445
12.499997 12.142681
11.1 11.24086
11.2 11.279296
11.8 11.83766
11.5 11.500071
11.1 11.108936
11.900001 11.917397
11.7 11.814506
11.2 11.216482
12.299998 11.91116
11.900001 11.907725
11.900001 11.923031
11.900001 12.254856
11.599999 11.449266
12.299998 12.208532
11.900001 12.073557
11.5 11.539528
11.900001 11.884874
12.599997 12.128647
11.400001 11.409513
11.400001 11.276313
11.1 11.116545
11.2 11.194674
11.900001 11.891724
11.8 11.8689995
11.1 11.194376
11.3 11.305611
10.1 11.361279
13.1 13.327211
11.900001 11.345867
11.409804 11.615406
11.8 11.843678
11.8 11.532948
12.499997 11.973394
12.359637 10.967751
11.8 11.885046
11.400001 11.402674
11.3 11.47834
12.499997 12.356436
11.2 11.280132
11.900001 11.878584
11.79897 11.902542
11.0 11.124832
11.483266 11.428783
11.599999 11.609863
11.2 11.326244
10.622879 10.967077
14.722107 11.666248
12.1 12.124424
11.5 11.529234
11.300659 11.26549
12.199999 11.810217
11.2 11.205653
11.3 11.282181
11.5 11.355712
11.5 11.56371
11.1 11.186592
10.622879 10.557161
10.1 10.098726
10.79897 11.030212
11.7 11.624565
11.900001 11.168337
13.699981 12.040199
11.999998 12.1195755
11.900001 11.933012
11.3 11.249693
11.5 11.569994
11.55 12.134356
11.900001 11.934072
11.2 11.315086
11.2 11.596666
11.8 11.869787
11.900001 11.88155
11.900001 11.899969
11.900001 12.760897
13.000009 12.754374
11.1 11.352571
11.400001 11.457859
11.599999 11.682886
11.7 11.768425
11.8 11.862329
11.5 11.479004
11.900001 11.901441
11.2 11.30188
11.2 11.21689
11.3 11.348967
11.900001 11.91868
11.1 11.192362
11.2 11.348229
11.3 12.011475
13.600039 14.012236
11.2 11.582073
11.1 11.24688
11.2 11.272877
11.8 11.983372
11.7 11.696598
11.400001 11.307032
12.699998 12.335272
11.599999 11.3460865
11.1 11.188385
11.3 11.395739
11.400001 11.445069
12.399998 12.43593
11.1 11.26276
11.1 11.194555
11.5 11.507227
10.40103 10.428934
11.7 12.501991
11.3 11.68754
13.200015 12.67256
11.2 11.294714
11.1 11.086967
11.2 11.258102
11.202373 12.401699
12.499997 11.603722
11.1 11.214972
11.2 11.222393
13.299971 11.724991
11.1 11.172656
11.1 11.283022
11.599999 12.117104
11.2 11.193281
12.599997 12.5826
11.5 11.675362
10.418758 10.334629
10.3 10.458698
11.400001 11.42388
11.3 11.382492
12.299998 12.0936
11.130118 11.364773
11.900001 11.581455
11.1 11.1255455
12.1 12.973446
13.299971 13.508961
11.1 11.108866
11.400001 12.163872
13.49794 12.574997
11.5 11.522453
11.7 11.915012
11.1 11.137367
11.900001 11.918142
11.900001 11.94953
10.3 10.692596
11.3 11.269463
10.8 10.979244
11.400001 11.402573
11.5 11.513225
11.400001 11.4789505
11.3 11.754551
11.1 11.168695
10.456548 10.469568
13.299971 13.430855
11.2 11.46279
13.000009 12.374378
11.1 11.359459
13.200015 12.349245
14.200179 13.083792
14.500117 13.030437
11.900001 11.8979
11.1 11.164963
11.7 11.649092
11.2 11.232804
11.5 11.416719
11.3 11.286097
11.7 11.931677
11.1 11.146774
12.799992 12.600174
11.3 11.308094
11.2 11.192804
12.299998 11.876919
11.5 11.652722
10.1 10.034449
14.81658 14.65415
12.217476 11.11991
11.1 11.232031
11.1 11.10359
11.400001 11.450699
11.2 11.308754
13.1 12.387154
11.1 11.120125
13.1 12.352249
12.633132 12.736736
11.5 11.506687
11.2 11.250603
11.599999 11.643248
11.8 12.0268345
12.1 12.4253025
11.400001 11.531801
11.2 11.213145
11.3 11.478247
11.8 11.704237
11.7 11.732971
12.499997 11.910931
11.3 11.488247
11.999998 11.971243
11.7 12.08827
10.622879 10.100731
11.400001 11.454607
11.900001 11.919502
11.599999 11.905814
11.900001 12.151687
13.899971 12.997824
11.5 11.650171
11.2 11.228596
11.1 11.14868
13.699981 13.216166
11.8 12.009994
12.299998 11.920887
12.299998 12.801819
11.3 11.172199
11.1 11.196203
11.2 11.1909895
11.3 11.430451
11.400001 11.424541
11.3 11.419077
11.8 11.588568
10.5685215 10.690277
11.1 11.253572
10.1 10.246002
12.899998 11.996923
11.6157 11.377054
12.652842 12.811039
11.2 11.28919
11.5 11.568914
11.599999 12.705757
11.400001 11.385616
11.2 11.345123
12.299998 12.1085615
11.599999 11.716034
11.3 11.376569
11.178996 11.1457
11.999998 12.7272835
11.3 11.703539
10.207906 10.276823
11.900001 11.88879
11.900001 11.576893
12.499997 12.861597
11.3 11.533624
11.186186 11.399937
12.199999 11.713861
12.499997 12.634058
11.900001 11.935099
11.7 11.829645
12.1 12.102173
11.900001 12.072528
11.5 11.447952
13.399989 13.446812
11.3 11.56188
11.7 11.753782
10.869551 10.152359
11.1 11.090321
11.400001 11.495083
11.2 11.289646
11.3 11.218025
11.599999 11.653173
10.1 10.013774
11.1 11.158915
11.7 11.761844
11.900001 11.8532
11.3 11.2915535
13.699981 13.835619
11.599999 11.656469
11.3 11.390804
11.1 11.189474
11.400001 11.435957
11.900001 11.956388
11.400001 11.386778
10.70206 10.762283
11.3 11.302406
11.400001 11.43508
11.2 11.204323
12.1 12.073011
13.000009 12.156002
11.2 11.283691
11.900001 12.058201
11.599999 11.618069
11.8 12.148043
11.2 11.326862
11.7 11.582348
11.999998 13.267851
11.599999 11.660418
11.599999 11.635598
11.0 11.313662
11.5 11.524798
11.900001 11.910244
11.2 11.242531
11.2 11.375702
11.2 11.226865
14.999629 14.123173
10.1 11.192749
11.8 11.703859
13.699981 13.445358
11.1 11.175407
11.5 11.664379
11.3 11.718828
11.8 11.8725605
11.2 11.452178
12.199999 11.914558
11.999998 12.718765
10.70206 10.757731
13.986056 10.677237
11.599999 11.653915
11.7 11.823408
11.5 11.614943
10.351812 10.408932
11.2 11.2286
11.2 11.222204
9.79897 9.685617
11.1 11.1795635
11.7 11.477127
12.799992 12.239237
12.499997 12.270988
11.900001 11.912461
13.21351 12.798723
11.3 11.623001
13.299971 13.092043
11.2 11.4704075
11.5 11.571865
11.1 11.211338
11.900001 11.949892
11.5 11.523375
11.8 11.808554
12.1 11.28578
11.3 11.353909
11.999998 12.293694
11.2 11.188793
11.900001 11.975437
12.299998 12.512213
11.900001 11.933407
11.7 11.737736
11.1 11.094288
11.8 11.354504
11.7 11.731527
11.8 11.826338
13.231403 15.070038
11.145758 11.365253
12.299998 12.6719475
13.200015 12.876375
9.923909 10.157488
11.2 11.872486
12.699998 12.763645
11.3 11.733326
11.1 11.716175
11.25 11.277618
11.7 12.265561
11.900001 11.90309
14.1 14.202358
11.400001 11.618897
12.1 12.285229
11.2 11.332533
11.5 11.524569
11.2 12.060141
13.1 11.47249
11.599999 11.542929
11.3 11.43449
11.3 11.420043
11.5 11.509287
11.2 11.20835
11.8 12.629284
11.2 11.183865
10.89588 10.843113
11.79897 11.912325
11.999998 12.060602
11.400001 11.479391
11.3 11.283859
11.1 11.166199
12.626186 13.48686
11.2 11.841857
11.8 11.874973
10.6 10.291018
12.359637 12.176227
11.999998 11.719667
11.5 12.068792
11.2 11.346495
11.3 11.400843
11.599999 12.026745
13.000009 12.832495
11.79897 11.169242
11.8 11.827667
11.400001 11.496603
12.299998 11.540506
11.1 11.834276
12.299998 11.561316
11.1 11.114334
11.599999 12.251982
11.8 11.797924
11.2 11.244383
11.45 11.498615
12.089405 13.31189
12.599997 12.544746
11.599999 11.592994
11.599999 11.698208
11.1 11.1911545
11.2 11.246647
12.499997 12.737001
11.1 11.0039
13.000009 12.690081
11.400001 11.727608
11.7 11.901232
11.7 12.48073
11.3 11.897442
10.2 10.482206
11.7 11.727905
11.400001 11.340782
11.1 11.148308
11.5 11.626613
11.1 11.829603
11.2 11.15296
12.199999 11.505455
11.3 11.34453
11.5 11.238171
11.2 11.260424
11.5 11.519842
11.599999 11.622299
11.2 11.219705
11.400001 11.568448
11.1 11.118776
11.671865 11.884457
13.899971 12.948467
11.7 11.700819
11.543697 11.958323
11.1 11.445683
11.7 11.876067
11.1 11.176247
11.8 11.902208
11.2 11.236495
12.344125 12.336815
11.400001 11.441889
11.8 11.873257
11.8 11.918224
13.19691 12.166195
11.900001 11.898439
12.1 12.161596
11.999998 12.008848
11.3 11.217953
11.1 11.074106
11.900001 11.923261
11.599999 11.665936
13.200015 13.169508
11.5 11.611963
11.999998 11.972309
13.4372425 13.625727
11.5 11.514344
12.699998 13.185358
11.2 11.247725
11.5 11.471259
11.5 11.57055
11.8 11.857592
11.236677 11.149433
11.8 11.555185
11.5 11.496742
11.2 11.23858
11.0 11.012612
12.299998 12.558226
11.999998 11.858452
11.418758 10.818565
10.869551 10.8960705
11.900001 11.6503315
11.2 11.297959
11.8 11.840544
12.005018 12.093036
12.1 11.918868
11.7 11.689209
11.2 11.31892
11.1 11.14967
10.3 10.751921
11.2 11.524582
11.599999 11.539749
11.900001 11.875425
11.599999 11.554469
13.1 13.078732
11.999998 11.939172
11.900001 11.610683
11.5 11.508221
11.599999 12.252148
11.999998 11.992056
12.199999 12.077099
11.3 11.28799
12.1 11.917774
11.999998 12.933872
12.924482 11.201236
11.1 11.273716
11.900001 11.901762
11.900001 11.91571
12.499997 12.648878
11.8 11.850277
11.1 11.234425
11.3 12.179216
13.000009 13.506096
10.2 10.277653
11.1 11.17009
11.2 11.249346
12.199999 11.898838
11.7 11.796221
11.2 11.204279
10.622879 10.769165
10.609058 11.3894825
11.900001 11.908951
13.000009 13.097305
11.400001 11.401318
12.478272 12.449909
13.600039 13.901154
11.7 11.816351
11.2 11.234821
11.7 11.7476425
11.8 11.839859
11.2 11.241358
12.199999 12.000681
14.2870865 14.300032
9.1 9.035135
11.2 11.270105
11.2 11.114262
11.2 11.562616
12.299998 12.37426
11.3 11.521266
11.900001 11.890549
11.900001 12.115126
11.182751 11.271075
10.40103 11.389992
11.2 11.214497
12.199999 11.679829
11.1 11.423763
11.900001 11.897209
11.3 11.2567005
11.747817 11.500132
11.3 11.190562
11.2 11.17177
11.7 12.6261425
12.899998 12.597784
11.7 11.621563
11.8 12.790024
11.5 11.549494
10.1 10.185041
13.1 13.39887
11.1 11.206455
11.8 12.10095
11.999998 12.268513
11.400001 11.216711
13.79897 13.923998
11.999998 12.265713
11.2 11.154066
11.5 11.615198
11.5 11.609161
11.59485 11.654543
11.3 11.32386
13.1 13.157288
11.2 11.294335
13.000009 13.626148
12.499997 12.93581
11.8 11.787372
11.8 11.897247
11.3 11.428106
11.7 11.674895
11.2 11.305546
11.400001 11.555243
11.5 11.509289
11.1 11.247223
11.2 11.271109
11.999998 11.911619
11.7 12.211739
11.7 11.739719
11.5 11.572136
11.7 11.60543
11.5 11.365366
11.1 11.190424
11.8 11.686907
11.5 11.6978035
11.599999 11.792112
11.5 11.740961
13.336572 12.72386
11.900001 11.9258175
10.446788 9.927664
11.2 11.419708
13.200015 12.694458
11.599999 11.553767
11.3 11.630985
11.1 11.232269
12.899998 12.750668
11.1 12.278933
11.400001 11.514425
12.599997 13.145035
13.39303 13.173058
11.900001 11.920601
10.1 10.351083
11.5 11.7034645
12.199999 11.844572
11.3 11.343817
11.3 11.291578
11.900001 11.926083
11.5 11.384907
11.5 11.34902
11.599999 11.595401
11.900001 11.924221
12.1 12.455881
11.3 11.217712
11.400001 11.432302
11.7 12.170805
11.2 11.186937
11.2 10.749411
11.2 11.236412
11.599999 11.777233
11.3 11.296286
11.2 11.269321
11.1 11.218894
11.7 11.76413
11.3 11.315842
11.3 11.436083
12.199999 12.376932
11.2 11.232142
11.7 12.596041
11.5 11.555248
11.2 11.213911
13.200015 12.746618
12.1 12.029892
11.8 11.851202
11.599999 11.639284
10.250515 10.6376095
11.3 11.172694
12.199999 12.281071
11.3 11.336496
11.5 11.554153
11.5 11.337538
11.1 11.87462
12.299998 11.94993
11.5 11.509382
13.777781 13.602802
11.3 11.301331
12.245087 12.304834
11.999998 12.059151
12.1 11.390409
12.1 11.911182
12.499997 11.769985
11.3 11.357393
10.49794 10.756834
11.999998 11.951706
13.000009 12.830456
10.40103 10.329087
11.5 11.594131
11.599999 11.632295
10.9 10.881451
11.3 11.303407
12.300659 12.251301
10.6 10.48292
11.1 10.812395
11.5 11.598188
11.5 11.760689
11.5 11.891916
11.2 11.329767
10.4 10.662827
13.299971 11.71935
12.499997 12.463518
11.400001 11.231855
11.1 11.130726
11.400001 11.250313
11.8 11.910109
11.2 11.18662
11.2 11.307669
11.400001 11.419537
11.400001 11.385115
11.3 11.272306
11.986056 12.797287
11.2 11.136412
11.400001 11.313227
11.8 11.871112
12.499997 11.675581
11.8 11.7933035
11.5 11.481985
12.699998 12.806419
10.9 10.650616
11.8 12.481754
12.1 12.276186
13.953872 11.523584
11.900001 11.89849
11.884098 12.007294
11.1 11.20462
11.599999 11.637423
11.599999 12.101376
11.2 11.235678
15.1 14.568129
11.2 11.5812435
12.158986 11.820029
11.2 11.341433
11.2 11.239025
11.2 11.203406
11.5 11.6605
11.1 11.235455
14.21351 14.375797
12.699998 13.4545555
10.4 10.434447
13.000009 12.8248005
11.599999 11.557972
11.2 11.237686
11.999998 12.0031595
13.000009 11.893536
12.668636 11.789892
11.8 11.60058
11.445824 10.745188
11.7 11.7735405
11.1 11.126904
11.254902 11.313738
11.2 11.448567
10.1 10.166857
10.40103 10.543531
13.299971 13.493357
11.8 11.810345
11.2 11.215519
11.5 11.657095
11.2 11.237199
11.400001 12.148676
12.499997 13.263998
11.3 11.323544
12.039302 12.342461
11.1 10.449123
11.1 11.21003
11.599999 11.831745
13.600039 13.2719555
10.1 10.371751
11.900001 11.907997
11.400001 11.585108
10.59485 10.518154
13.000009 13.033884
15.999629 16.191977
12.599997 12.403259
11.2 11.217833
11.7 11.724222
11.2 11.446478
11.1 11.263126
11.318286 11.356514
11.7 11.747422
14.805467 13.235962
11.900001 11.83947
10.2 10.635355
11.900001 11.907541
11.543697 11.518082
12.399998 12.66708
11.1 11.210017
12.799992 12.401436
11.2 11.204918
11.400001 11.336756
11.400001 11.702032
11.5 11.540823
11.2 11.305763
11.900001 11.919317
11.2 11.202463
11.1 11.292757
11.8 11.68523
11.2 11.289228
12.499997 12.198024
11.3 11.405497
12.719789 11.963831
11.2 11.198717
11.1 11.184422
11.177759 11.172455
12.199999 11.63446
11.599999 11.38611
11.900001 11.667428
12.499997 12.519463
11.5 11.608273
11.599999 11.644503
12.399998 12.617691
13.600039 13.620035
13.399989 12.350662
11.2 11.381321
13.299971 12.816328
11.3 11.520807
13.500008 14.205963
11.8 11.809727
11.3 11.260107
12.901632 13.15793
11.2 11.586936
11.5 11.263222
12.1 11.970623
12.499997 12.073334
11.900001 11.948706
10.3 10.786634
11.5 11.5474205
11.3 11.497473
10.40103 10.278137
11.2 11.214849
11.8 11.831167
11.999998 12.4332905
11.400001 11.244741
13.1 12.361973
14.600313 13.760023
12.299998 12.13266
11.2 11.318079
11.999998 11.811972
11.5 11.284981
13.344125 12.20401
15.359637 14.431051
11.5 11.28748
11.2 11.184726
9.79897 10.2492485
11.900001 12.197163
11.400001 11.494997
11.719789 12.047557
11.2 11.454208
11.599999 11.683594
11.1 11.165259
12.699998 13.295565
9.79897 9.632498
10.1 10.687109
11.1 11.157786
11.5 11.441017
12.199999 12.031947
11.2 11.248334
11.2 11.225069
11.986056 11.608435
11.3 11.322852
11.2 11.198972
11.508935 11.669623
10.79897 10.47805
10.1 10.897094
9.79897 9.7327175
11.1 11.474331
11.1 11.139127
12.299998 12.391771
11.8 11.816639
11.7 12.901232
9.70206 9.690645
11.3 11.281193
11.900001 12.166399
12.799992 12.278061
11.599999 11.104225
11.599999 11.611103
14.999629 11.997553
12.899998 12.989689
11.3 11.322191
15.600313 15.058842
12.199999 12.303122
11.7 11.726374
11.1 11.1208935
11.900001 11.863407
13.399989 12.3139515
11.599999 11.666582
11.2 11.277515
12.899998 13.118475
11.5 11.574463
11.400001 11.511621
11.900001 11.742352
11.8 11.788675
11.15061 11.685665
10.40103 10.541122
11.2 11.276471
11.5 11.937164
11.2 11.206936
12.399998 12.492102
12.699998 11.88574
11.400001 11.506881
14.901343 14.46875
11.19691 11.207329
12.314129 11.303402
13.399989 13.791769
13.299971 12.877886
10.70206 10.76613
11.2 11.183708
11.1 11.317976
11.2 11.300491
11.3 11.536336
12.299998 11.753977
14.600313 14.379761
11.999998 12.087098
11.599999 11.191689
11.1 11.12768
11.400001 11.481674
13.1 13.089136
11.058607 10.963165
11.400001 11.201647
11.900001 12.008945
11.1 11.168108
11.2 11.196342
11.1 11.190662
11.3 11.272478
11.3 11.344351
11.900001 11.901769
11.999998 11.987678
11.599999 11.661287
12.155518 11.784216
13.999974 13.906643
11.8 12.030842
14.200179 14.219597
11.900001 11.656515
10.1 10.479336
12.499997 12.634235
13.70206 14.095139
11.900001 11.542444
11.3 11.41963
11.821246 11.955393
11.8 11.911132
11.5 11.568119
11.224938 11.970205
11.1 10.664606
13.1 12.89307
11.900001 11.892944
11.900001 11.976582
11.8 11.800291
11.599999 12.042686
11.1 11.138414
11.3 12.264491
11.1 11.18745
11.7 11.7426815
10.321849 10.260643
11.2 11.221674
11.8 11.340246
11.400001 11.346305
11.1 11.214254
11.2 11.453907
11.5 11.618803
11.900001 11.89432
12.1 13.150274
11.2 11.251038
10.40103 10.744528
12.499997 12.546545
11.400001 11.5905
14.1 13.722939
11.900001 11.899685
12.299998 12.240398
11.2 11.20668
12.699998 12.393032
11.1 12.408699
11.5 12.475716
11.599999 11.797319
13.000009 12.108204
11.1 11.212648
11.900001 11.919996
11.5 11.587437
10.3 10.83707
11.2 11.209995
11.999998 12.096407
11.2 11.317383
11.2 11.251492
12.499997 13.3498535
11.8 11.659582
11.900001 11.95232
11.1 11.135418
11.599999 11.844514
11.1 11.401119
10.738272 10.957382
11.599999 11.50717
10.79897 10.822741
13.800057 13.772493
11.5 11.5801115
12.699998 12.595493
11.2 11.347038
11.2 11.241368
11.8 11.8714695
11.1 11.46735
11.5 11.562391
11.999998 12.0602455
11.3 11.361395
11.7 11.639481
13.1 12.425373
11.900001 11.904341
11.999998 11.93742
11.3 11.221691
11.8 11.975109
10.5 10.478199
11.8 11.693811
11.7 11.197296
10.1 10.400415
11.3 11.499171
11.11059 11.215689
13.399989 12.308643
11.1 11.19459
12.299998 12.722687
12.399998 11.98852
11.8 11.905584
14.282827 10.838108
11.599999 11.625288
11.1 11.257006
11.2 11.197774
11.599999 11.681128
11.2 11.610329
11.900001 11.898545
11.8 11.84964
11.7 11.886236
10.1 10.377771
11.164493 10.620934
11.3 11.416365
11.2 11.206464
11.2 11.182905
11.999998 12.580929
11.2 11.113256
11.999998 12.257305
11.900001 11.895251
12.499997 12.443361
11.2 11.204933
11.1 11.139334
11.1 11.24486
11.7 11.770618
13.699981 14.127588
11.1 11.199669
12.1 12.089399
12.299998 12.964943
11.5 11.539946
13.075391 13.249384
11.5 11.535735
11.2 11.226355
11.3 11.269526
12.549997 12.360142
11.8 11.874126
11.56133 12.227974
11.2 11.222904
11.900001 12.183001
11.8 11.870592
11.2 11.299855
12.299998 11.561948
11.2 11.213138
10.622879 11.019745
11.3 11.2477455
11.19691 11.086308
11.999998 12.101565
11.2 11.233969
12.89588 12.3503685
11.2 12.058908
10.224938 10.247441
11.8 11.859465
14.1 14.003796
11.5 11.505491
11.3 11.319275
11.2 11.23822
11.5 11.585588
11.5 11.813299
11.5 11.612652
11.5 11.487797
11.2 11.561628
12.199999 12.453897
12.799992 12.945766
11.5 11.54266
11.1 11.175966
11.2 11.2713375
12.299998 11.937332
11.599999 11.723261
11.400001 11.556408
11.2 11.249805
11.400001 11.48424
11.2 11.247073
11.900001 11.73638
11.900001 11.897253
11.900001 11.8923855
11.2 11.199928
11.900001 11.931545
11.2 11.3536625
11.599999 11.531965
10.40103 12.311451
11.1 11.154555
11.622879 11.841572
13.299971 12.86891
11.400001 11.503321
11.1 11.346347
11.2 11.835596
11.1 11.172255
11.5 11.201126
11.900001 11.953913
12.299998 12.237289
11.2 11.254822
11.1 11.195017
11.0 10.669721
11.5 11.339014
11.7 11.757814
11.5 11.5372715
11.2 11.296013
11.5 11.79505
13.058607 12.413591
11.2 11.3299055
11.400001 11.195574
11.900001 11.984563
12.299998 12.779755
11.900001 11.935453
11.7 11.814159
11.2 11.219863
11.900001 11.87294
11.2 12.085003
11.2 11.199102
11.7 11.723906
11.599999 11.97946
11.900001 11.899955
11.8 11.871971
11.400001 11.254351
12.742065 12.923544
11.3 11.46879
11.2 11.978008
12.699998 13.101347
12.699998 12.610664
11.1 11.454232
11.1 11.173731
11.3 11.402109
11.2 11.238752
11.7 11.705601
13.000009 12.13868
11.999998 12.038795
11.5 11.529444
11.599999 11.58939
11.7 11.757906
11.3 11.508837
11.40103 11.372236
12.499997 12.500011
11.7 11.732801
11.1 11.198059
12.399998 12.394909
10.9 10.618456
11.1 11.235774
11.400001 11.238424
11.999998 11.941755
12.1 12.524492
11.5 11.452724
11.7 11.782437
12.499997 12.103224
11.2 11.168762
11.999998 11.977444
11.3 11.551882
13.000009 12.182634
11.2 11.28088
11.900001 11.912058
10.3 10.393761
11.2 11.330572
11.900001 11.894166
11.8 11.603708
11.900001 11.922597
11.599999 11.562702
11.204387 11.278946
10.622879 10.714269
15.1 13.635984
11.900001 11.936558
13.299971 13.032738
11.2 11.2734375
11.2 11.265982
10.622879 10.64958
11.8 11.898615
11.7 11.706396
12.1 11.89522
11.2 11.297392
11.2 11.182323
11.999998 11.932003
12.299998 11.381831
11.2 11.3008
13.000009 13.188208
11.2 11.360104
11.999998 11.820314
13.999974 13.583939
11.5 11.355168
12.699998 12.193295
13.600039 12.717995
12.1 13.035095
13.600039 12.968388
11.7 11.90867
11.900001 11.956436
13.200015 12.958319
11.2 11.242855
13.336572 14.005671
11.999998 11.286999
11.2 11.530199
10.622879 10.523996
11.2 11.201927
11.3 11.148428
11.1 11.209562
12.499997 12.556805
11.1 11.192678
11.7 11.806841
12.399998 12.107483
11.2 11.361188
11.2 11.259296
11.2 11.230282
11.5 12.398169
11.2 11.19684
11.5 11.265137
11.5 11.588512
11.7 12.165207
11.7 11.715857
11.400001 11.501764
11.2 11.2197075
11.2 11.256363
11.900001 11.908871
11.2 11.453518
11.999998 11.212114
11.5 11.741978
11.599999 12.752966
11.1 11.217503
12.399998 12.222675
11.599999 11.6324
11.19691 11.371319
11.7 11.788366
12.299998 12.251763
12.699299 13.263794
11.5 11.7567835
11.900001 11.905897
11.999998 11.962536
11.599999 11.6677265
11.5 11.440474
11.8 11.839369
11.1 11.172377
12.499997 12.231324
11.5 11.508009
11.7 12.136738
10.7 11.1115055
12.599997 12.005692
11.3 11.284924
11.3 11.552782
11.900001 11.928484
12.199999 11.915083
11.599999 11.55183
12.699998 13.61091
11.599999 11.681889
11.8 11.88462
11.400001 11.408691
12.199999 13.110065
11.400001 12.777309
13.399989 12.251251
11.900001 11.941817
11.599999 11.573361
12.399998 12.055445
11.1 11.153139
13.500008 13.907526
11.1 11.505932
11.2 11.198257
11.900001 11.906223
11.254902 11.181808
11.8 11.394632
11.2 11.394346
11.999998 12.013286
11.2 11.214279
11.900001 11.926964
11.2 11.435589
11.900001 11.9008
10.777781 10.267691
11.5 11.494516
11.900001 11.883394
10.622879 10.600676
13.200015 11.506197
11.49794 11.380244
11.900001 12.96611
13.1 13.026569
11.1604805 10.72901
11.3 11.305773
11.1 11.275363
11.2 11.372261
11.2 11.420994
11.3 11.632721
10.9 10.719854
11.8 11.7990885
10.3 10.19042
11.900001 11.916077
10.923909 11.027042
13.699981 12.274172
11.5 11.550245
11.5 11.408243
11.3 11.270994
11.7 11.981451
11.7 11.607744
11.1 11.696188
10.40103 11.024158
11.2 11.323669
11.599999 11.728276
11.599999 11.28874
11.12048 11.1952
12.1 12.442768
10.622879 10.727297
11.8 11.783291
12.199999 13.043678
13.699981 13.47237
12.589455 12.288918
11.599999 11.783396
11.3 11.325574
11.900001 12.259621
11.2 11.210237
11.999998 12.1402855
11.476309 11.183277
10.549771 11.185032
12.399998 11.777483
11.900001 11.8779545
10.938632 11.429905
10.9 10.450136
10.4 10.592535
12.699998 12.723503
12.299998 12.293102
11.999998 12.357473
13.399989 13.174564
11.900001 11.423445
13.1 11.188511
14.200179 13.131252
9.79897 9.684534
10.40103 11.466737
11.400001 11.497095
11.8 11.821804
11.2 11.246661
11.400001 11.681538
11.5 11.580242
13.191515 13.228931
10.70206 10.710632
11.3 11.356552
13.299971 13.52309
11.999998 11.9401455
11.2 11.166648
11.5 11.649544
11.1 11.206919
12.1 11.697319
12.199999 12.1802025
11.1 11.325537
13.500008 13.551239
11.7 11.726831
11.1 11.104552
11.2 11.233042
10.242667 10.202033
11.8 12.123218
10.577556 10.651084
11.1 11.134983
10.555932 10.848909
13.999974 13.349007
11.900001 12.512812
11.7 11.698024
11.1 11.159839
11.7 11.732815
11.2 11.2567215
11.2 11.315996
11.1 11.235438
11.900001 11.851759
11.3 11.440206
10.2 10.326817
11.900001 11.885122
11.2 11.223322
11.2 12.133526
11.5 11.708059
12.499997 12.306227
11.1 11.051533
10.5 10.403497
10.869551 11.078657
11.2 11.407406
11.8 11.914016
11.7 11.688948
11.400001 11.416483
11.599999 11.651885
11.3 11.429279
11.8 11.81036
11.3 11.297472
11.2 11.249347
12.199999 11.9839
11.2 11.247986
12.199999 11.996064
11.7 11.7890625
13.200015 12.991585
11.8 11.831326
10.70206 10.769823
11.2 11.887421
11.1 11.277334
11.5 11.843563
11.3 11.591288
11.400001 11.147772
12.799992 12.381895
11.999998 12.502455
11.900001 11.940096
11.40103 11.539919
11.1 11.226019
11.2 11.352492
11.2139435 11.01005
11.2 11.191183
11.8 12.949331
11.3 11.300194
11.599999 11.561413
12.499997 12.280231
12.1 12.163099
14.700326 14.673222
11.400001 11.449989
13.219187 10.777597
12.599997 12.53891
11.1 11.366022
11.900001 11.749395
11.1 11.445288
11.1 11.138161
11.8 11.846605
14.254902 14.252359
13.699981 14.079023
12.1 10.516201
11.8 12.6565075
12.1 12.350725
10.555932 10.61487
11.3 11.350733
10.058607 10.064301
11.1 11.110573
13.200015 12.788792
13.622879 13.418627
11.900001 11.920019
13.1 13.365929
13.699981 11.880626
11.400001 11.41007
11.599999 11.517143
11.1 11.666197
10.1 11.099611
11.2 11.319001
11.1 12.200573
11.2 11.780838
11.239147 11.337185
11.599999 11.621014
11.1 11.112759
11.900001 12.106598
11.400001 11.438461
12.599997 12.233355
11.900001 11.8810215
11.2 11.216122
11.1 11.178204
11.3 11.420069
11.900001 11.907631
11.3 11.330284
12.399998 12.030354
11.986056 11.517138
11.8 12.011015
11.2 11.207608
14.1 14.16717
11.5 11.51856
11.1 11.155779
13.800057 12.386902
11.5 11.601401
10.242667 11.587299
11.2 11.452675
12.299998 11.940448
11.8 11.87846
11.5 11.85816
11.1 11.405835
11.7 12.22537
11.7 11.843998
11.7 11.735637
11.520216 11.326717
13.1 12.106026
11.349999 11.532063
11.400001 11.583708
11.2 11.263723
11.7 12.006468
13.800057 12.418476
11.400001 11.443653
11.400001 11.602316
11.400001 12.060734
11.7 11.780426
11.2 11.285259
11.599999 11.857675
12.668636 12.500786
11.2 11.276838
11.400001 11.370575
11.999998 12.068478
14.1 12.597233
11.900001 11.925582
11.1 11.159195
11.900001 11.883254
11.1 11.079763
12.399998 12.139396
11.1 11.114088
12.699998 12.067444
12.199999 11.635384
12.499997 12.245348
11.2 11.299644
11.2 11.509469
12.599997 11.917652
11.2 11.247801
11.8 11.777246
12.499997 11.634071
11.2 11.331388
11.2 11.548452
12.799992 12.159656
11.2 11.210455
11.999998 12.218466
13.321849 13.206642
10.145758 10.155981
11.900001 11.564434
11.5 11.556473
11.1 11.213123
11.1 11.113873
11.999998 12.031549
11.1 11.187296
11.999998 11.997465
11.400001 11.588502
12.1 12.3675995
12.1 12.280968
11.900001 11.807083
11.2 11.240101
11.900001 11.909935
12.699998 12.892595
11.5 11.344168
11.8 11.904049
11.999998 12.024173
13.299971 13.642563
11.5 11.493511
11.3 11.431564
11.2 11.177755
11.1 11.087753
11.999998 11.989995
11.900001 11.9068165
11.5 11.629982
11.2 11.255915
11.900001 11.92984
11.999998 11.950773
11.2 11.274246
11.5 11.541997
11.999998 11.896452
11.999998 11.948255
11.999998 11.813294
12.399998 12.510845
12.239662 12.942913
11.8 11.823257
12.299998 12.338953
10.3 10.452953
11.2 11.223028
14.500117 12.762558
14.79897 14.729746
11.35 11.323291
11.0 10.394595
11.900001 12.620071
11.5 11.677483
11.2 11.192867
11.1 11.139153
11.8 11.804255
11.5 11.233839
11.8 12.059797
11.7 11.75568
11.599999 11.70669
11.1 11.16058
10.805533 12.1845875
11.3 11.315764
10.70206 10.80131
11.2 11.340298
11.1 11.213236
13.000009 12.769365
11.2 11.214283
11.2 11.191756
11.1 11.1525955
13.1 13.013948
12.1 11.351683
11.280576 11.337183
10.1 10.503342
11.2 11.432769
11.599999 11.183166
11.2 11.231657
11.1 11.136261
11.400001 11.622408
11.900001 11.557722
14.500117 13.630199
10.622879 10.619564
11.7 11.731604
11.3 11.373914
11.5 11.589516
11.400001 11.261808
10.40103 10.576233
11.3 11.23132
11.8 11.869993
12.499997 12.381935
12.850003 11.488283
13.219187 11.594088
11.1 11.153053
11.3 11.376665
11.599999 11.40843
12.399998 12.652292
11.2 11.177055
11.5 11.418862
11.2 11.307491
11.900001 11.353485
10.5 10.650318
11.599999 12.162291
11.2 11.255503
12.399998 11.797453
11.2 11.243689
11.1 11.316191
11.400001 11.309011
12.199999 13.3125
11.599999 11.700466
12.599997 12.52463
11.2 11.450966
13.986056 13.503399
11.8 11.829979
11.3 11.294531
13.399989 13.702072
11.2 11.25362
11.2 11.4409485
10.3 10.617134
11.8 11.909996
11.2 11.234928
11.5 11.516026
10.79897 10.740931
11.5 11.560459
12.1 11.5394535
11.8 11.928929
11.900001 11.902866
11.999998 11.962976
11.7 11.552595
11.7 11.5660095
12.601689 12.652151
11.5 11.898687
11.1 11.264086
11.2 11.231218
11.2 11.052447
11.202373 11.098209
10.872113 10.637105
11.400001 11.621151
11.2 11.583652
10.40103 11.506378
12.190621 11.801635
10.1 11.364189
11.5 11.570805
11.2 11.33749
11.1 11.321866
10.3 10.293729
11.8 11.847614
11.79897 11.981123
11.900001 12.073278
11.400001 11.37128
11.599999 11.499081
10.5 10.799734
10.40103 10.565565
14.1 13.524593
11.8 11.937778
11.5 11.470809
11.2 11.230228
13.600039 12.684078
11.900001 11.9074545
11.8 12.02018
11.400001 11.277446
11.900001 11.954027
12.199999 12.04557
11.7 11.75172
11.2 11.334147
11.7 11.707729
12.299998 12.280125
11.2 11.224108
12.399998 11.894955
11.273925 11.283546
11.999998 12.020496
12.807404 12.850964
11.999998 12.095325
9.47675 9.497164
11.1 11.109163
13.500008 12.8362255
13.650009 13.4810295
12.651294 12.767626
11.900001 12.730913
11.8 11.890776
13.999974 11.812714
11.2 11.191013
11.5 11.577938
11.3 11.838396
11.2 11.666918
13.1 13.276165
11.5 11.58041
11.999998 11.918091
11.289096 11.487013
13.622879 13.880169
11.599999 11.708868
11.900001 11.899997
14.600313 14.13175
11.3 11.245287
11.2 11.267619
11.5 11.313345
11.599999 11.646285
13.500008 12.95406
12.1 11.908167
11.3 11.556618
12.299998 12.335295
11.1 11.200794
11.1 11.677622
11.2 11.2506695
10.1 11.239456
13.000009 13.91287
11.599999 11.282948
14.881657 12.21431
11.2 11.226288
11.900001 12.069927
11.999998 12.000935
12.1 11.5047035
12.599997 12.366632
12.499997 12.716343
11.40103 11.63372
11.900001 11.91371
11.5 11.549802
11.8 12.424036
11.900001 11.974112
11.599999 11.776558
12.799992 12.811909
11.2 11.23527
11.7 11.889184
11.3 11.38225
11.1 11.1714115
11.3 11.66729
11.3 11.628935
11.8 11.831919
11.3 11.47488
11.8 11.787474
11.900001 11.381763
11.104364 11.481041
11.15 11.356691
11.5 11.498219
11.1 11.233057
11.1 11.4469185
12.599997 12.589819
11.1 11.311241
11.400001 11.4527645
12.399998 12.096575
11.1 11.344858
12.149149 12.194698
11.7 11.7647
11.1 11.160713
11.900001 11.89644
11.1 11.192806
10.1 10.560694
11.900001 11.903162
11.2 11.323627
11.2 11.220545
12.1 11.501812
12.599997 12.499916
11.2 11.184691
10.622879 10.662523
12.899998 13.53669
13.000009 12.055639
11.400001 11.584042
12.899998 13.007221
11.3 11.341913
11.400001 11.389137
11.400001 11.344318
11.400001 12.291761
11.999998 11.96357
11.8 11.832581
11.5 11.73345
11.1 11.135696
11.3 11.273865
11.3 11.420557
11.1 11.054116
13.299971 12.825186
11.7 11.8731575
11.5 11.46843
11.5 11.894389
13.600039 11.955324
11.5 11.534555
11.5 11.51979
11.685027 12.584415
10.5 10.581879
11.599999 11.658453
11.2 11.241343
11.599999 11.642743
11.1 11.188111
12.699998 11.995912
11.8 11.811051
11.5 11.494955
11.3 11.665165
11.599999 11.493369
11.5 11.519676
13.200015 11.914608
11.400001 11.569006
11.986056 11.621923
12.1 12.373783
11.400001 11.442803
11.2 11.196157
11.2 11.250336
11.900001 11.7845955
12.392429 11.231018
13.399989 13.216166
11.2 10.385651
11.2 11.258534
12.601689 12.713434
11.2 11.230238
12.1 11.976471
11.8 11.858158
10.165502 9.996334
11.2 11.260042
12.499997 12.448803
12.899998 12.481276
11.2 11.2505665
14.351812 14.51915
14.500117 13.59993
11.999998 12.041586
10.70206 10.796459
11.5 11.413304
11.5 11.539416
11.5 11.600173
11.5 11.758657
11.599999 12.5131035
13.200015 12.930145
12.485103 11.776996
11.7 11.698141
11.2 11.549704
11.2 11.269123
11.900001 11.92238
12.499997 12.307337
11.8 11.918068
11.2 11.340645
11.900001 11.898167
11.1 11.123644
12.399998 13.035166
11.999998 11.9715
11.999998 11.974102
12.40103 11.402464
11.900001 12.164776
11.2 11.219189
11.5 11.534983
13.500008 12.909737
11.400001 11.251343
12.399998 12.53549
11.2 11.316069
11.900001 12.151654
11.2 11.34548
11.3 11.431141
12.199999 12.117567
12.299998 12.857698
11.8 11.887188
11.1 11.061471
10.6 10.441008
11.1 11.155575
11.3 11.271891
11.1 11.425613
11.3 11.662203
11.400001 11.460346
11.900001 11.932732
11.7 11.850832
13.1 12.416481
11.1 10.711731
13.254902 13.262987
11.738272 12.46594
11.8 11.794434
13.800057 13.756851
11.5 11.632097
11.1 11.139914
11.1 11.195959
11.5 11.694441
14.600313 15.125793
11.599999 12.048639
12.699998 12.848669
11.1 11.201061
10.79897 10.527168
11.1 11.164562
12.1 11.659323
11.1 11.186169
11.1 10.902519
11.5 11.511969
11.999998 12.02044
11.2 11.1795025
14.200179 14.542212
13.4372425 13.520082
12.499997 12.221455
11.5 11.538521
12.399998 11.850044
11.1 11.166126
11.400001 11.394507
11.1 11.172659
10.1 10.257425
11.5 11.535482
11.923909 12.227039
13.399989 13.014641
11.622879 11.577452
11.7 12.045657
11.2 11.240181
11.1 11.237219
11.599999 11.479151
11.581486 12.210612
13.200015 12.662151
12.899998 13.068865
11.2 11.3227215
11.3 11.367359
12.699998 12.391987
12.685027 12.643885
11.999998 11.964303
11.8 11.80867
10.2 11.065824
11.2 11.47971
12.299998 10.223532
11.1 11.155008
11.400001 11.304752
12.299998 12.144717
11.2 11.189608
11.5 11.817358
11.1 11.611389
11.599999 11.689951
11.2 11.294914
11.400001 11.588682
11.2 11.29024
13.531798 12.864031
11.1 11.183308
11.599999 11.827629
12.1 12.788294
11.2 11.177143
11.900001 11.940422
12.299998 11.98373
13.800057 12.92346
13.200015 12.402292
11.999998 11.945858
11.1 12.387667
11.900001 12.03603
13.299971 13.551117
11.2 11.212217
12.199999 12.362276
13.800057 13.775372
11.599999 11.685249
11.8 11.888836
11.7 11.771145
11.2 11.227863
11.8 12.303223
11.8 11.878727
11.1 11.176971
11.498559 11.744429
11.3 11.261791
12.1 11.647766
11.1 11.214739
11.5 11.655703
11.999998 11.874664
11.599999 11.653566
10.40103 10.366605
11.900001 11.790071
11.2 11.214963
12.8447275 12.183676
13.000009 12.799437
11.3 11.859894
11.900001 11.916248
11.2 11.2639265
11.2 11.4193
11.1 11.371244
11.3 11.342077
11.8 12.244043
11.667832 12.55607
11.1 11.204841
13.000009 12.456026
11.599999 11.338886
11.2 11.112318
11.900001 11.913587
12.199999 12.055208
11.999998 12.013071
10.622879 10.765362
10.79897 10.954617
11.932683 12.32704
12.199999 11.894066
11.2 11.25433
11.900001 11.904369
11.020819 11.133318
11.8 11.847364
11.7 11.784765
12.199999 11.705975
11.900001 11.891977
11.2 11.227447
14.1 14.433731
11.900001 11.903431
11.3 11.312464
14.299971 13.413885
11.2 11.456873
11.599999 11.647331
11.5 11.70767
11.400001 11.429853
11.3 12.2177925
10.8 10.845928
11.2 11.234619
11.900001 12.056608
14.321849 14.375219
11.900001 11.919637
11.5 11.546022
13.399989 13.557404
11.3 11.408073
11.7 11.277098
11.2 11.267351
12.953999 13.726982
11.2 11.217352
11.1 11.140315
11.1 11.152409
11.3 11.279802
11.5 11.699404
11.1 11.184183
11.8 11.857824
13.899971 13.477646
11.5 11.712612
11.999998 12.067331
12.699998 12.462677
11.900001 11.888742
11.2 11.329233
11.999998 12.075037
11.8 11.987045
12.799992 11.953582
11.900001 11.875399
11.1 11.16989
12.499997 12.097456
11.8 11.80298
11.2 11.289368
13.699981 14.014938
12.299998 13.071957
11.8 11.903524
11.1 11.047524
11.2 11.2531
10.5 10.529345
11.900001 11.92173
11.400001 10.372415
11.3 11.315268
11.1 10.941891
12.899998 12.703054
12.299998 11.815749
11.70103 11.825041
11.400001 11.432699
11.3 11.390701
11.8 11.860317
12.1 11.891269
13.200015 12.653074
11.400001 11.370573
11.5 11.492138
11.900001 11.887308
11.3 11.452574
11.8 11.861908
11.400001 11.592245
11.40103 10.949993
11.1 11.349363
12.699998 12.508995
11.5 11.623665
11.1 11.179468
11.900001 11.837427
12.71261 12.445375
12.499997 11.898037
13.699981 12.179907
11.49794 11.36479
11.599999 11.745777
12.799992 11.985394
13.531798 13.321722
11.2 11.142656
11.2 11.161126
11.3 11.355735
11.8 11.845526
11.3 11.372689
11.1 11.17317
11.400001 11.423187
12.199999 12.159626
11.8 11.447912
11.599999 11.781845
10.2 10.23126
11.1 11.538151
11.2 11.212715
10.1 10.396351
10.70206 10.984578
11.3 11.405584
11.1 11.1768
11.900001 11.842388
11.3 11.371874
11.1 11.18099
12.537707 12.350683
11.599999 11.551996
10.555932 10.588961
11.5 11.456263
11.1 11.143787
11.400001 11.435403
12.869551 13.151215
11.7 11.414438
11.400001 11.31101
12.599997 11.907984
12.199999 12.144191
11.400001 11.626941
11.2 11.352812
14.652842 13.035482
11.1 11.2107725
11.7 11.563501
12.324754 12.765875
11.1 10.504927
11.2 11.300585
11.2 11.229
12.499997 12.0246105
11.400001 11.446344
11.1 11.105892
11.2 11.398939
11.8 11.885384
12.1 12.558706
14.1 14.188778
11.999998 11.927037
12.812984 11.808237
11.3 11.268343
12.1 11.8568
11.400001 11.459053
11.599999 11.659639
11.900001 12.235786
11.999998 12.033834
11.7 12.637192
11.999998 11.943924
11.2 11.245823
11.669136 12.590292
11.900001 11.829704
11.5 11.365402
11.84958 11.31937
11.900001 11.875465
11.7 11.671772
11.5 12.03529
11.2 11.28013
11.900001 12.331259
11.5 11.549379
11.2 11.246893
13.600039 13.848547
11.923909 11.7274685
11.900001 11.891243
11.254902 12.107641
11.2 11.377663
11.7 11.82152
11.900001 12.171793
11.5 11.306833
11.900001 12.081276
11.3 11.276287
13.299971 12.697437
11.999998 11.5584
11.2 11.406559
11.900001 11.812157
11.1 11.266851
11.900001 11.882994
13.899971 11.486689
11.900001 11.913435
10.1 10.29105
11.5 11.600463
14.236677 14.437025
9.40103 9.293667
11.7 12.119643
11.400001 11.501371
11.8 12.220726
11.599999 11.598919
11.3 11.3711815
11.7 11.888004
11.2 11.269693
11.8447275 11.622658
11.5 11.5606365
12.1 11.940329
9.79897 9.695717
12.7090645 13.517918
11.3 12.744505
11.2 11.19346
11.5 11.6240425
12.1 11.922443
10.4 10.463763
10.40103 10.805389
11.7 11.892505
11.900001 11.978878
12.1 12.922323
12.399998 12.331577
11.2 11.283918
11.900001 11.926048
13.699981 13.352972
11.599999 11.651897
9.893174 9.774938
11.3 11.429398
11.900001 11.9267025
13.49794 12.609261
11.8 11.776117
13.500008 13.584299
12.799992 12.545647
13.800057 12.860975
14.200179 14.145
11.599999 11.61433
11.5 11.36615
11.3 11.310157
10.1 10.238513
11.696879 11.232607
11.8 11.784114
11.79897 11.521307
11.699999 12.264326
11.3 11.361652
11.8 12.358181
11.5 11.778856
12.699998 12.291422
11.5 11.499993
12.399998 12.009474
11.2 11.195667
11.2 11.264423
12.359637 12.350405
11.900001 11.890978
11.5 11.608209
10.4 10.326845
16.141392 14.757072
13.399989 13.578205
11.7 11.386282
15.1 14.695589
11.1 11.14247
11.599999 11.523928
11.3 11.321163
13.200015 13.2152195
11.999998 11.954754
11.7 11.316889
11.8 11.845631
12.199999 12.327672
11.3 11.275089
11.2 11.256823
13.899971 12.779835
11.567883 11.179003
11.900001 11.892311
11.900001 11.9379425
11.3 11.711315
11.1 10.954258
11.8 11.80047
11.8447275 11.939936
11.3 11.359649
11.1 11.160667
10.40103 10.473995
11.652842 12.06155
11.2 11.224998
11.900001 11.917777
11.2 11.194513
11.7 11.788765
11.3 11.278707
12.699998 11.252829
11.5 11.61466
11.900001 11.89197
11.7 11.645981
12.699998 11.955444
11.3 11.155333
11.5 11.318501
14.299971 14.297344
12.1 11.688514
11.7 11.853659
11.900001 11.28506
12.199999 12.31052
11.1 11.124868
11.7 11.392643
13.21351 12.813084
10.1 10.328112
11.5 11.769098
11.5 12.250617
11.2 11.203398
11.900001 11.889915
11.900001 12.058729
13.399989 12.927664
10.40103 10.724527
11.5 11.609133
11.900001 11.633631
10.79897 11.381525
12.1 11.935282
11.5 11.536257
11.3 11.938238
11.1 11.1874275
11.999998 12.070101
11.3 11.292833
11.8 11.811319
12.599997 11.871239
11.599999 11.519912
12.199999 12.591063
11.400001 11.448566
11.1 11.1215725
11.1 11.148066
11.999998 12.276796
11.2 11.256962
12.299998 12.182203
12.199999 12.33312
11.1 11.163536
11.999998 12.304281
11.8 11.944498
11.5 11.523413
11.7 11.5658455
10.1 10.441199
11.2 11.199335
10.351812 10.412222
11.1 11.191873
11.1 11.15176
11.1 11.31662
11.3 11.389801
11.2 11.328907
12.633132 12.835508
12.499997 12.9265995
11.999998 12.357225
11.2 11.430956
11.999998 11.759641
11.400001 11.636122
11.400001 11.434763
11.400001 11.37443
11.400001 11.416279
11.1 11.189098
11.999998 11.45318
11.599999 11.532841
11.400001 11.394583
12.1 12.169228
11.3 11.493681
11.2 11.335334
11.2 11.265442
11.058607 11.098539
11.900001 11.911007
11.1 11.169701
11.5 11.562673
11.1 11.1657295
11.2 11.221947
11.8 12.085015
10.40103 10.460316
11.7 11.720732
11.900001 11.894085
11.2 11.268375
11.1 11.140364
11.5 11.67919
11.8 11.823709
10.777781 10.556141
11.3 11.226568
11.5 11.566975
11.900001 11.96051
11.7 12.288948
14.814443 12.505121
11.5 12.084137
11.1 11.155853
11.3 11.836018
11.400001 11.848469
11.3 11.303633
11.599999 11.681286
10.3 10.493883
11.3 11.615507
11.5685215 11.572965
10.581486 10.615442
11.7 11.74226
12.953872 13.15378
11.900001 11.906027
11.1 11.144028
11.2 11.313952
11.7 11.660994
11.599999 11.639008
11.400001 11.503629
11.3 11.570095
11.4 11.509054
12.899998 14.211195
11.1 11.195625
13.487216 13.261219
13.500008 13.133957
11.8 11.37928
11.1 11.2445545
11.599999 11.747253
11.999998 11.8981085
12.1 12.295736
13.999974 13.32839
12.70206 12.509897
11.3 11.3212185
11.900001 11.353828
12.1 12.333113
12.1 12.617273
10.3 10.5012
11.900001 11.940159
11.2 11.16607
11.7 11.77257
11.8 11.862125
11.5 11.664898
11.5 11.634167
11.999998 11.983035
11.1 11.229462
11.3 11.375531
11.869551 10.781544
11.3 11.403935
13.1 12.914818
11.400001 11.82526
11.8 11.679664
11.1 11.187763
11.1 11.149879
11.2 11.228865
11.1 11.155243
10.3 10.292547
10.70206 10.790884
11.999998 12.188589
12.299998 12.292139
11.599999 11.935827
10.40103 10.572952
11.5 11.47499
11.900001 11.870157
12.1 11.374882
11.5 11.495843
10.1 10.277014
11.7 11.973093
11.400001 11.449499
11.999998 12.028887
11.8 12.040905
11.999998 11.91396
11.2 11.327011
11.900001 11.955313
11.8 11.8692875
11.5 11.541628
11.999998 12.101545
11.1 11.148256
11.1 11.238779
11.7 11.961149
11.400001 11.173563
10.078811 10.055169
11.8 11.908494
11.599999 11.693029
11.2 11.268037
11.3 11.510887
11.999998 12.232657
11.5 11.471436
11.3 11.434868
11.400001 11.2404
11.5 11.556717
11.7 11.740062
11.1 11.216764
10.70206 10.762943
11.427902 11.474924
12.899998 13.242216
11.8 11.819576
11.999998 11.949483
13.399989 13.304268
11.3 11.348561
13.299971 13.018322
12.1 12.37505
11.1 11.135089
10.5 10.743616
11.3 11.7176895
11.599999 11.454536
11.7 11.720062
11.1 11.197702
10.79897 11.244794
13.600039 13.487946
11.1 11.150679
11.1 11.734859
11.8 11.923402
11.2 11.196136
12.199999 12.390379
11.2 11.182547
11.900001 11.878596
13.1 12.60104
11.900001 11.95219
11.2 11.182344
11.1 11.162355
11.5 11.64727
11.1 11.1608715
12.699998 12.488007
11.1 11.183621
11.2 11.663773
11.2 11.186715
13.200015 12.698412
10.4 12.901773
11.1 11.155038
11.7 11.579763
11.900001 11.94492
10.2 10.517898
11.2 11.23983
12.1 11.962505
11.1 11.2108345
11.2 11.203069
11.2 11.137922
11.5 11.44092
13.600039 13.2157135
11.2 11.224714
12.199999 12.412714
13.500008 13.342186
11.2 11.211227
11.5 11.394802
11.8 12.226678
11.8 11.773117
11.8 11.884958
11.400001 11.448442
11.3 11.372572
11.599999 11.686903
11.900001 11.9779215
11.2 11.204203
11.599999 11.601901
11.900001 11.962795
11.2 11.25639
11.020819 11.034775
12.299998 12.42861
9.70206 9.521784
12.299998 12.304529
11.400001 11.355532
11.3 11.376324
11.5 11.46809
12.1 12.38541
12.299998 11.959286
11.2 11.049627
11.7 11.32885
11.1 11.345757
11.2 11.196754
12.799992 13.348137
11.8 11.829737
11.7 11.726875
11.599999 11.67321
10.1 10.336693
11.5685215 11.417021
9.79897 10.267717
11.8 11.896975
11.329148 11.340446
12.699998 12.335306
11.2 11.179741
10.923909 11.2062435
13.800057 13.421997
11.3 11.467501
11.5 11.556288
11.5 11.494095
10.1 10.219532
11.400001 11.40345
11.8 11.821041
10.2 11.17542
11.400001 11.545538
11.599999 11.792219
11.3 11.335188
11.2 11.274443
11.5 11.573511
12.499997 12.452406
11.900001 11.910107
11.3 11.296168
11.8 12.451553
11.1 11.202501
12.699998 12.269986
10.47675 10.6495495
11.1 11.201637
13.899971 13.434711
11.5 11.474446
12.599997 12.090569
11.5 11.582903
11.2 11.309748
13.500008 12.7006
13.1 13.775558
12.877283 12.140913
10.7 10.41572
10.70206 10.554545
11.2 11.25617
11.8 11.83539
11.5 11.92885
11.3 11.252045
11.599999 11.542479
11.8 11.964169
10.622879 10.652723
11.999998 12.005119
11.900001 12.044421
11.5 11.549089
11.3 11.504309
11.543697 11.684938
11.400001 11.392794
12.399998 12.387161
11.599999 11.146361
11.8 11.832672
12.199999 12.363041
11.2 11.246191
11.8 11.90509
11.1 11.154285
11.1 11.133713
12.199999 12.409035
11.2 11.40045
11.400001 11.465918
14.1 14.424103
11.5 11.253534
11.7 11.715717
11.520216 10.741007
11.3 11.8206
11.1 11.495361
13.899971 13.404938
12.199999 12.571699
11.5 11.524332
11.3 11.225304
11.8 13.203136
13.299971 12.420439
11.2 11.228226
11.900001 11.8466015
11.699999 11.89731
11.400001 11.774681
11.900001 11.95705
11.8 12.01424
11.8 11.866361
11.400001 11.17915
12.543697 12.38382
12.1 12.314409
11.999998 12.110958
11.2 11.281892
12.555932 12.22857
11.2 11.354932
11.3 11.356476
12.499997 11.821963
12.248742 13.278646
11.3 11.370384
11.5 12.163427
11.3 11.4592
11.3 11.313776
11.400001 11.436991
11.2 11.241043
14.400163 14.112934
12.299998 11.94792
11.1 11.270039
11.3 11.334484
10.622879 10.648151
11.8 11.743851
11.5 11.581074
10.5 10.537569
11.3 11.286238
11.2 11.212198
11.900001 11.63818
11.900001 11.895752
11.2 11.192854
11.1 11.146364
11.2 11.537579
11.900001 11.895385
11.1 11.165033
11.1 11.131994
11.2 11.485584
11.900001 11.908752
11.2 11.197232
10.2 10.205473
11.400001 11.751361
11.5 11.702858
11.2 11.221281
12.199999 11.975176
11.1 11.203144
11.5 11.190155
11.900001 11.932444
11.3 11.850258
11.400001 11.445011
11.900001 12.211037
11.900001 12.096037
11.7 11.427845
11.7 11.16938
11.900001 12.107073
11.3 11.318066
11.3 11.409921
13.500008 13.514681
11.2 11.392731
11.7 11.759937
13.600039 13.444527
10.1 11.057736
14.5685215 13.846716
12.899998 13.2028885
11.2 11.186314
11.5 11.520559
12.499997 12.136671
11.1 11.136068
10.70206 10.804672
11.900001 11.893188
11.8 11.840331
12.1 12.136403
11.2 11.574124
11.2 11.227083
11.900001 11.905165
11.5 11.978301
14.1 14.477074
13.299971 13.007406
11.8 12.321512
11.599999 11.713717
11.5 13.449572
11.821246 11.822273
11.1 11.431173
9.40103 9.292967
11.5 11.532246
11.400001 11.456217
11.8 11.746942
11.900001 11.716567
12.199999 12.459398
13.191515 13.162964
12.1 11.258982
12.668636 13.520283
11.1 11.143179
11.599999 11.769534
12.699998 12.682724
11.900001 11.918335
11.5 11.516207
11.1 11.406202
11.8 12.2351265
12.1 11.739952
11.5 11.698269
13.600039 13.307966
11.599999 11.591606
11.8 11.816591
11.400001 11.325917
11.900001 11.922365
11.7 11.714144
11.900001 11.919386
11.1 11.1578045
11.400001 11.910205
11.5 11.760782
11.2 11.278994
11.3 11.493297
11.18302 12.485973
12.799992 12.119373
11.900001 11.916102
11.1 11.371283
13.699981 12.920111
12.899998 12.118195
11.1 11.249551
11.180922 11.116454
13.699981 13.009102
11.1 11.253323
11.3 11.326378
10.622879 10.812523
11.1 11.167822
10.40103 10.67116
11.1 11.181868
12.499997 11.53525
11.999998 11.919872
11.599999 11.626682
11.7 11.746904
11.8 11.860025
11.3 11.120909
11.1 11.174983
11.3 11.291723
11.400001 11.675437
13.000009 13.776577
13.1 12.901627
10.7 10.80961
11.719789 12.184219
11.2 11.358543
12.599997 12.630899
12.199999 12.134834
11.1 11.170305
11.900001 11.942337
11.900001 11.936411
11.5 11.81665
11.599999 13.46559
10.622879 10.689031
11.1 11.237314
11.8 12.068347
11.7 11.720884
11.8 11.877411
11.8 11.88573
12.199999 11.344391
11.999998 13.149317
14.299971 14.116114
11.599999 11.309416
11.1 11.207441
11.7 11.630762
11.8 11.885689
11.900001 11.9538145
11.900001 11.893537
11.999998 11.990662
12.699998 13.362068
10.49794 11.639731
11.2 12.070471
11.8 11.352255
10.7 11.13866
13.49794 13.47156
9.122276 8.806528
11.1 11.320923
12.899998 11.609619
11.400001 11.433413
11.1 11.212547
11.900001 11.918224
12.399998 11.99721
11.900001 11.919178
11.400001 11.602972
11.400001 11.445118
11.124064 11.7428055
11.900001 11.945385
11.5 11.549267
11.49794 11.668022
11.599999 11.56073
12.599997 14.404156
11.2 11.386242
11.5 11.313471
10.70206 10.774433
11.1 11.261707
11.1 11.180004
11.5 11.5133095
11.2 11.372946
12.299998 11.948542
11.1 11.15283
12.299998 11.573168
11.7 11.784887
14.299971 13.830923
11.8 11.723697
13.299971 13.201767
11.2 12.147888
11.2 11.223984
10.40103 10.627017
10.70206 10.655619
12.899998 13.552738
11.3 11.417894
11.2 11.490337
11.1 11.227797
12.599997 12.627764
10.1 10.358646
11.1 11.152056
11.2 11.22592
11.2 11.234016
12.399998 11.9452
12.299998 12.295226
11.5 11.224623
11.2 11.328411
11.1 11.376465
11.8 11.684677
12.1 11.8154335
11.79897 12.497236
12.1 12.560621
11.8 11.811916
10.581486 10.521645
11.1 11.257902
11.900001 11.885828
12.199999 11.989323
11.2 11.224302
12.1 12.3091545
11.5 11.653954
11.699999 12.602116
14.400163 13.400902
12.799992 12.450594
13.299971 12.53713
10.59485 10.591204
12.399998 11.684102
12.899998 13.146631
11.5 11.564911
11.3 11.374018
11.5 11.572435
11.2 11.448984
12.499997 11.571497
12.799992 11.664932
12.799992 12.903769
11.2 11.227066
13.1 12.820559
11.2 11.238644
10.79897 10.714869
12.299998 12.3312
11.900001 11.857212
11.599999 11.979336
11.8 12.107014
11.1 11.094629
11.900001 11.8799305
11.5 11.490047
11.8 11.738493
11.900001 11.880703
11.900001 11.90625
11.5 11.281217
11.7 11.739445
13.899971 13.85932
12.399998 12.100628
11.3 11.289606
11.2 11.234213
11.400001 12.311155
12.299998 12.162968
11.2 11.247177
11.999998 11.967392
11.3 11.252481
11.8 11.827593
11.900001 12.477865
11.999998 11.880994
13.1 13.452606
11.7 11.710562
11.7 11.417042
11.8 11.821954
11.379819 11.395897
10.1 10.416351
9.70206 10.30258
11.8 11.795641
10.79897 10.166857
13.800057 13.546471
13.999974 13.671223
11.400001 11.822952
11.3 11.25729
11.2 11.190851
11.3 11.263676
11.999998 11.858797
13.652842 12.87344
11.2 11.264299
11.3 11.485453
11.1 11.2209425
11.999998 11.519651
11.2 11.198158
11.7 11.816086
10.622879 10.627941
11.3 10.972963
11.8 12.346626
10.1 10.208954
11.3 11.406078
11.1 11.229261
11.1 11.165911
11.999998 11.9977455
12.1 11.942007
12.499997 12.654402
11.900001 11.910219
13.129657 12.829664
11.3 11.419003
12.699998 12.372879
11.5 11.584679
11.3 11.358608
11.2 11.268152
11.400001 11.398685
11.8 12.107793
11.400001 11.573427
12.738272 13.084936
12.899998 11.874247
15.1 15.383022
12.299998 11.988037
11.254902 11.420084
11.7 12.071704
12.1 11.7156105
13.821246 12.489485
13.399989 13.07725
11.2 11.231415
10.1 10.049093
11.7 11.837755
11.1 11.196184
10.5 10.427919
11.7 11.259142
14.1 14.233955
11.2 11.192358
11.900001 11.923973
11.1 11.222143
11.1 11.291754
11.608639 10.5306835
11.3 11.640932
11.400001 11.28425
11.1 11.179821
11.8 11.48168
11.400001 11.453875
15.321849 14.472179
11.599999 12.485937
11.1 11.180613
11.1 11.1065645
10.1 11.393999
11.5 11.810963
11.8 11.902554
13.299971 12.774826
11.7 11.508928
11.2 12.29961
11.8 11.827435
13.000009 12.027115
11.599999 11.388214
13.399989 13.37779
12.299998 12.233665
11.599999 11.669167
11.2 11.236489
11.7 11.866503
11.2 11.244444
11.599999 11.723597
11.1 11.161919
12.699998 12.831156
13.1 12.351952
13.699981 13.710424
11.999998 12.01049
11.5 11.575424
11.5 11.549649
11.900001 11.820488
11.5 12.318251
11.2 11.234583
13.399989 12.118543
11.7 11.756933
11.2 11.191905
11.1 11.142639
11.138579 11.408957
11.3 11.319448
13.043096 13.307844
11.2 11.306574
11.900001 12.046903
10.1 10.220476
10.3 10.393101
11.1 11.154493
11.3 11.312639
11.1 11.167858
11.2 11.226036
11.400001 11.361297
11.5 11.644018
11.900001 11.90778
11.2 11.288101
11.1 11.170609
12.399998 13.133419
11.900001 11.927315
11.5 11.681346
10.8 10.793854
11.2 11.235405
11.558421 11.028681
11.2 11.21908
11.900001 11.920492
11.7 11.65444
11.1 11.131302
13.399989 13.236174
11.2 11.375467
13.999974 13.6612015
13.299971 12.292807
12.899998 12.10517
11.2 11.21018
11.3 11.531202
10.1 10.1049
11.5 11.730434
12.799992 13.292023
11.599999 11.603537
12.299998 12.121914
11.1 11.106661
12.199999 11.9099655
11.999998 11.809327
11.3 11.485411
11.599999 12.715794
13.000009 11.590557
11.5 11.541247
11.2 11.461368
11.8 12.196624
11.999998 12.079813
11.2 11.202169
11.900001 11.908777
11.999998 12.282337
11.2 11.226679
11.999998 11.990782
11.400001 11.429752
11.2 11.27913
12.299998 12.087787
11.8 11.700565
11.7 11.782948
11.3 11.343292
11.710834 11.763983
11.7 11.585095
11.400001 11.455749
11.108774 11.285165
11.900001 11.479897
11.5 11.528496
11.900001 11.90922
11.400001 11.521503
11.2 11.206908
11.2 11.322456
11.8 12.575399
13.699981 11.162252
11.3 11.246407
11.2 11.282063
11.2 11.240192
13.1 13.106859
11.400001 11.337648
11.2 11.45201
11.2 11.277275
12.399998 12.388119
11.900001 11.81481
11.900001 13.817617
11.400001 11.512751
11.400001 11.432418
11.900001 11.880375
10.70206 10.771288
11.1 11.020845
12.599997 13.036943
11.2 11.225208
11.1 11.203737
11.1 11.319996
10.622879 10.650789
14.40103 12.559467
13.299971 13.124048
11.8 11.936605
10.1 10.292333
11.1 11.186035
11.5 11.648607
11.5 11.382643
14.600313 14.118225
11.900001 11.911308
10.4 10.471468
11.8 11.676975
11.400001 11.385836
11.3 11.364651
10.622879 10.504417
10.70206 10.76076
12.0813 11.5681095
11.2 11.275911
11.3 12.000095
10.7 11.361469
11.3 11.474353
11.900001 11.918512
12.699998 13.367622
11.7 12.495947
11.900001 11.926962
11.7 11.480069
11.3 11.332975
12.299998 12.349396
11.8 11.343066
11.555932 10.902428
11.599999 11.6492195
11.2 11.243972
11.1 11.149885
12.299998 12.7068405
12.399998 12.873602
13.600039 13.697779
11.400001 11.529743
11.599999 11.563183
11.5 11.79734
11.1 11.298449
11.400001 11.365196
11.5 11.590418
11.7 11.91775
14.1 14.107939
14.1 14.173531
11.3 11.393576
11.2 11.261434
11.2 11.196182
11.531798 10.697673
10.3 10.533365
11.2 11.270567
11.3 11.194061
12.1 12.15233
11.2 11.114267
11.2 11.365265
11.3 11.409103
11.400001 11.300056
11.599999 11.894298
11.1 11.5902195
11.599999 11.860994
11.1 10.955515
11.999998 11.983128
11.2 11.198366
11.8 11.811709
13.299971 12.0993
11.40103 10.982597
11.2 11.218994
11.400001 11.471913
11.599999 11.616112
11.1 11.153664
10.986056 11.607622
11.5 11.589701
11.2 11.237861
10.2 10.246342
11.8 11.845033
11.900001 12.248472
11.2 11.577553
12.199999 12.2322235
11.3 11.274561
11.702686 11.808864
12.199999 12.053839
12.399998 12.116028
13.999974 13.313885
11.2 11.3024235
11.999998 11.333937
11.999998 11.930399
11.2 11.290668
11.5 11.293106
13.1 12.758047
11.900001 11.943525
11.1 11.110289
11.2 11.190284
11.2 11.238815
11.599999 11.880119
13.000009 12.703922
11.2 11.353231
11.900001 11.915096
13.117729 13.682558
11.400001 11.376247
13.1 12.429394
13.043096 13.448753
11.999998 11.989228
10.40103 10.290047
12.299998 12.228373
11.1 11.209762
11.1 11.280224
10.4 10.376768
11.261151 11.438776
11.8 12.328812
11.2 11.222376
10.3 10.345842
11.8 12.67054
11.1 11.132803
11.2 11.187332
11.400001 11.475544
11.5 12.119135
13.155421 14.03536
10.622879 10.669013
11.1 11.550608
12.299998 12.135932
11.400001 11.516807
11.7 11.794084
11.1 11.178955
11.5 11.604771
12.799992 12.311295
11.1 11.191988
11.900001 11.921826
11.2 11.254406
10.79897 10.957199
11.3 11.325054
11.3 11.402187
11.7 11.729616
11.400001 11.449577
12.499997 11.485558
11.356133 11.117291
11.999998 11.946072
12.199999 12.10553
11.400001 11.299648
11.900001 11.537222
11.1 11.319942
11.599999 11.401304
14.999629 13.850115
12.399998 12.041399
11.599999 12.02347
11.5 11.252496
11.400001 11.795984
11.8 12.302458
10.622879 10.713136
11.2 11.304974
11.1 11.1490345
11.599999 11.738018
11.5 11.503294
11.1 11.169992
12.1 12.195105
11.2 11.325643
11.5 11.558254
11.7 11.767981
11.1 11.145802
11.3 11.452108
11.1 11.2824135
11.7 11.645957
11.5 11.513359
11.3 11.321693
11.999998 11.949787
10.2 10.322865
12.199999 12.589048
10.70206 10.7729435
12.299998 11.918634
11.8 11.836482
13.800057 13.198555
12.299998 12.240852
11.400001 11.6022625
11.1 11.162317
11.1 11.1708355
13.200015 12.190833
11.400001 11.388922
12.499997 11.191893
12.199999 12.321871
11.2 11.261526
11.7 11.9016075
11.19691 11.19989
12.499997 11.481371
11.900001 11.901221
11.7 11.829692
11.8 11.854212
11.2 11.2260895
11.2 11.245705
11.999998 12.290535
11.1 11.143711
11.1 11.141111
11.400001 11.401363
11.400001 11.280186
11.1 11.14807
11.900001 11.904123
13.359637 13.381531
11.79897 11.976717
11.2 11.188374
13.180922 13.215443
11.2 11.215
11.900001 11.676184
11.999998 12.213813
11.2 11.279898
11.5 12.208376
11.1 11.215337
11.5 11.441647
11.19691 11.46175
11.7 11.685312
10.1 10.143761
11.5 11.865116
11.1 10.668473
11.2 11.195388
11.8 12.0384445
11.900001 12.119638
11.2 11.283724
11.400001 11.319214
11.8 11.8164425
10.9 10.83448
11.5 11.518726
11.599999 11.656725
11.3 11.759203
10.70206 10.802221
10.1 10.267717
11.400001 11.700201
11.599999 11.681736
11.999998 11.410166
11.900001 11.921717
11.2 11.248918
12.899998 12.436796
11.2 12.254822
10.627244 10.278643
11.599999 11.7210655
11.3 11.340597
11.7 11.666229
10.678396 10.778965
11.8 11.8375435
12.799992 13.141024
11.8 11.882568
11.3 11.371894
11.400001 11.391119
12.699998 12.162945
11.1 10.940157
11.999998 11.883383
11.400001 11.958218
11.599999 11.412363
11.5 11.531995
11.5 11.483889
11.900001 11.958082
11.1 11.091729
10.49794 10.425165
11.1 11.127412
11.599999 11.666637
11.2 11.258568
11.1 11.341124
12.1 12.253061
13.999974 13.064291
11.400001 11.254473
11.3 11.312227
11.8 11.914321
12.299998 12.677097
11.8 11.773821
11.7 11.700798
9.47675 9.60541
11.5 11.482892
11.2 11.30801
12.299998 12.065361
11.5 11.55187
11.8 12.198919
11.1 11.179668
11.599999 11.470394
11.2 11.233997
11.999998 11.930938
11.1 11.1070385
12.599997 12.855595
11.8 11.85466
11.3 11.417618
12.399998 11.645702
11.400001 11.426558
13.899971 13.821264
10.589405 11.02018
11.8 11.794706
11.400001 11.464584
11.900001 11.87775
12.399998 12.690393
11.8 11.447739
13.136212 12.849945
13.1 11.988913
11.1 11.121916
11.2 11.240404
11.8 11.881077
11.3 11.468327
11.2 11.257912
11.3 11.588451
11.7 11.715313
11.3 11.384975
11.900001 11.916742
11.3 11.840879
13.699981 14.171995
11.2 11.468996
11.999998 11.941001
13.899971 12.316214
11.900001 11.935375
12.599997 11.878497
11.5 11.722239
11.212469 11.227623
11.900001 11.879955
11.1 11.125231
11.2 11.294352
11.900001 11.914763
11.599999 11.888273
11.7 11.715288
11.400001 11.4492
11.900001 11.623682
11.5 11.4953575
11.0 11.475945
11.599999 11.806711
12.1 13.526459
12.299998 12.239044
11.5 11.574435
11.2 11.2439
11.1 11.168751
12.1 12.494335
11.400001 11.397791
11.912762 11.3939705
13.200015 13.224096
11.122276 11.425186
11.8 11.834982
11.5 11.462791
11.1 12.35232
11.2 11.220472
12.1 11.374123
13.581486 13.316156
10.622879 11.722052
12.499997 12.569757
12.799992 12.551569
12.797429 13.2404175
11.5 11.712019
11.1 11.304928
11.8 11.803257
11.2 11.8708725
12.699998 12.688108
11.7 11.8957615
12.599997 11.9878845
11.999998 11.929518
10.8 10.49691
11.8 11.827696
11.900001 12.13084
11.5 11.4634285
10.8 10.764654
11.3 11.268174
11.900001 11.332359
11.400001 11.387318
11.599999 11.702536
11.400001 11.493814
12.70206 13.593548
11.1 11.293236
11.599999 11.799162
11.2 11.153265
11.254902 11.274698
11.2 11.253872
11.999998 12.4838295
11.1 11.403266
12.03968 11.889933
13.899971 13.565886
11.7 11.442261
12.299998 12.086252
13.685027 13.250116
11.1 11.178843
11.7 11.675812
11.900001 12.069939
11.400001 11.432102
11.2 11.2809
11.900001 12.074331
11.999998 11.990014
11.400001 11.427607
11.1 11.691399
14.400163 14.204113
11.2 11.4024105
12.699998 12.135313
12.499997 11.948903
11.900001 12.036497
13.200015 13.166325
11.7 11.894194
14.79897 14.719393
14.600313 11.824581
11.1 11.136324
11.2 11.211885
12.199999 12.892445
11.900001 11.866894
11.900001 11.446308
11.3 11.336737
11.1 11.217856
11.2 11.428001
13.1 13.277864
11.2 11.192265
12.199999 12.421465
11.5 11.551174
11.599999 11.659866
11.999998 12.583986
11.1 11.160978
11.2 11.358567
12.699998 12.039904
14.999629 14.907993
11.5 11.537612
11.1 11.147011
11.2 11.043858
11.400001 11.3418865
11.5 11.342104
12.835182 12.793623
15.299971 14.811958
11.599999 11.3843975
14.1 14.428198
11.654827 12.1002445
11.1 11.165127
11.400001 11.494076
11.3 11.296265
11.2 11.248369
11.3 11.252863
11.2 11.747925
11.1 11.269295
12.199999 12.269382
11.400001 11.4442005
11.8 11.866841
13.456548 12.521988
11.1 11.243141
13.401807 13.925413
11.2 11.311344
11.400001 11.515114
12.499997 11.6259985
13.531798 12.2661
11.599999 11.838963
11.1 11.141335
11.1 11.173174
11.1 11.278158
11.336572 11.305195
11.599999 11.370333
11.5 11.506483
13.1 12.203909
11.2 11.213795
11.5 11.523767
11.2 11.269726
12.199999 12.494518
11.0 11.043102
12.499997 11.828342
11.8 11.904261
11.7 11.790073
11.2 11.257109
11.2 11.261465
12.299998 12.134264
10.5685215 11.137352
11.900001 11.898056
11.8 12.122568
11.1 11.19158
11.1 11.456318
10.5 11.198364
11.900001 12.074024
15.1 14.341864
11.5 11.352057
11.8 11.925545
11.400001 11.511383
11.8 11.842635
11.3 11.325447
10.89588 10.515944
11.2 11.223782
13.1 13.25835
11.1 11.220722
11.999998 11.551133
11.900001 12.241411
11.1 11.623215
11.7 11.738106
10.29382 10.294808
11.7 11.728523
11.3 11.548204
11.1 11.804737
11.2 11.330968
11.1 11.392053
11.900001 12.159604
11.1 11.166112
11.2 11.2121935
11.599999 11.99069
11.1 11.15633
11.900001 11.890911
10.627244 10.568995
11.5 11.86658
11.599999 11.833714
11.1 11.205723
11.900001 11.913198
11.3 11.284451
11.3 11.486178
11.2 11.452628
11.1 10.708099
11.3 11.299391
11.400001 11.745313
11.1 11.138767
11.2 11.240913
11.2 11.233156
11.543697 11.516347
11.7 11.805152
11.3 11.392889
11.8 11.6973
11.400001 11.336889
11.1 11.192627
13.1 12.770992
11.3 11.4887085
12.699998 12.054039
11.2 11.122242
11.900001 11.950697
13.000009 12.214609
13.500008 12.340809
11.599999 11.592804
11.900001 11.877329
11.2 11.386051
10.854487 11.199596
11.900001 11.780146
11.599999 11.60553
11.1 11.185934
11.900001 11.903269
11.3 11.3351
11.599999 11.659719
11.900001 12.512873
9.49794 9.353258
11.900001 11.951229
11.5 11.530888
11.599999 11.986235
11.3 11.310766
11.1 11.145547
11.8 11.91259
11.2 11.307901
11.5 11.595453
12.199999 12.433065
11.999998 12.446772
11.900001 11.892668
11.2 11.303074
11.900001 11.93667
13.699981 13.051451
11.599999 11.929411
11.2 11.192974
11.599999 11.947942
11.5 11.7159195
13.000009 12.281628
11.599999 11.71493
11.3 11.305335
10.79897 11.503096
11.145758 11.06959
11.2 11.207853
12.899998 12.294221
11.7 11.800646
11.8 11.828623
11.8 11.771854
13.777781 13.662052
11.2 11.230931
13.699981 12.684916
11.2 11.484123
11.1 11.353498
13.200015 13.174894
12.899998 12.370811
11.5 11.473654
14.1 12.481537
11.900001 11.935312
11.900001 11.902651
11.599999 11.637342
10.1 10.075195
12.599997 12.273691
11.8 12.111486
11.2 11.221765
11.900001 11.912327
11.900001 11.889516
11.5 11.5113325
12.393282 12.266418
11.5 11.841351
12.199999 11.9868965
10.8 11.070295
11.1 12.141756
11.900001 11.901035
11.1 11.163678
12.1 11.961401
11.2 11.202908
12.399998 12.720232
11.3 11.668068
14.300659 13.276043
11.999998 12.114733
11.2 11.256662
11.999998 14.124592
11.599999 11.709659
13.1 11.382376
11.1 11.087797
11.1 11.136238
11.1 11.192183
11.5 11.755888
11.7 11.541645
11.1 11.194616
13.986056 13.518875
11.2 11.205036
12.299998 12.075504
11.7 12.037539
11.999998 11.978418
11.599999 11.659977
11.400001 11.493853
11.900001 11.888996
11.2 11.274973
11.3 11.347239
11.8 11.897348
11.7 12.472704
11.999998 11.798602
11.599999 11.806128
11.900001 11.623412
12.010095 13.337185
15.079304 14.952993
11.1 11.26531
11.7 11.764923
10.70206 10.701658
11.400001 11.153706
11.1 11.174849
11.400001 11.603083
12.699998 11.966021
11.6157 11.9332485
11.599999 11.595779
13.800057 13.805031
12.699998 11.562492
11.900001 11.921043
11.2 11.449497
11.2 11.219356
11.7 11.719095
11.900001 11.611204
10.49794 12.292852
12.1 12.2718315
11.900001 11.891621
11.999998 11.939018
12.299998 12.101465
14.79897 14.671335
12.299998 12.168474
11.2 11.215843
11.599999 11.368419
10.40103 10.997442
11.2 11.293581
12.599997 14.515783
11.5 11.519108
13.999974 14.20035
12.058607 10.643965
11.2 11.237379
13.500008 12.892035
11.599999 11.249479
11.3 12.307491
11.900001 11.946617
11.7 11.703615
11.8 11.862347
11.7 11.189529
11.2 11.859396
11.1 11.136131
11.2 11.223242
11.2 11.218073
12.9500065 11.529989
11.2 11.347973
11.175305 11.225063
11.599999 11.727648
11.900001 12.0243
11.2 11.502577
11.2 11.26873
11.953872 11.880867
11.599999 11.209131
11.5 11.525238
11.799999 11.872419
11.8 11.5501175
11.8 11.842642
13.000009 13.055201
11.999998 12.013697
11.400001 11.515328
11.2 11.206702
11.1 11.191476
12.399998 12.885885
13.999974 13.5475025
11.1 11.035183
11.3 11.329229
14.600313 14.349098
11.400001 11.811235
10.40103 11.692856
13.699981 13.70072
11.8 11.852278
10.622879 10.700962
11.2 11.248585
10.7 10.72295
11.900001 12.25292
10.49794 11.426623
11.3 11.313028
12.200179 12.52874
12.499997 11.971207
11.599999 11.405319
11.400001 11.46043
11.599999 11.668333
11.999998 11.89747
12.199999 12.313789
11.3 11.297203
11.3 11.360834
11.8 11.539856
11.2 11.204482
11.2 11.479319
11.900001 11.9169445
11.999998 12.104
12.1 11.8546295
11.999998 12.0067215
11.5 11.599387
11.999998 12.963671
11.2 11.265026
11.2 11.190567
11.900001 11.907812
11.1 11.15715
10.70206 10.813408
10.70206 11.500557
11.2 11.202905
11.1 11.577303
12.299998 12.124755
12.299998 11.781364
11.2 11.201702
11.549999 11.902485
11.599999 11.606697
13.600039 12.466492
11.1 11.1259365
11.1 11.194601
11.8 12.645111
11.12048 11.178381
12.399998 12.169165
11.599999 11.728116
11.1 11.464483
11.900001 12.128584
11.900001 11.841671
11.3 11.3173685
11.1 11.0738125
11.3 11.24223
11.1 11.158596
11.900001 11.918209
11.5 11.685833
11.2 11.218395
13.600039 14.105791
11.8 11.9815445
14.553289 12.347654
12.199999 12.061344
11.2139435 11.4947815
12.399998 12.132488
11.8 11.726353
11.900001 11.918156
13.299971 13.509464
11.2 11.29037
10.655955 10.934788
11.1 11.15198
11.7 11.847392
11.5 11.889494
11.8 11.883183
11.2 11.254867
14.020819 14.583683
11.7 11.685926
12.1 12.086313
10.3 11.097602
11.8 11.198935
14.79897 14.684471
11.900001 11.712449
11.3 11.397943
11.999998 11.3719845
11.1 11.884711
11.7 11.852476
11.1 11.171961
12.599997 12.171942
11.3 11.314182
11.5 11.555552
12.299998 12.682814
11.999998 11.671427
11.2 11.385344
13.299971 13.593241
11.8 12.245325
11.3 11.373457
11.7 11.203701
12.1 12.468496
11.900001 11.895769
11.999998 12.084461
13.399989 12.075731
11.8 11.862114
13.1 12.438881
11.3 11.243227
12.299998 12.191162
11.1 11.231871
11.2 11.341112
11.900001 11.908257
11.2 11.050514
11.3 11.295946
11.1 10.946366
13.254902 12.281891
13.200015 13.3437
11.5 11.454722
13.643358 13.899395
11.400001 11.519709
11.999998 11.910124
12.899998 12.899858
11.2 12.703871
11.900001 11.905755
11.7 11.770071
11.7 12.124176
11.1 11.098164
11.900001 11.876427
11.900001 12.114459
11.5 11.297222
12.699998 13.03635
11.599999 11.605282
11.2 11.195267
12.793687 12.464962
11.599999 11.830336
11.5 11.552628
11.2 11.558282
11.5 11.480919
12.299998 11.8141
11.1 11.227335
12.599997 12.502495
11.900001 11.901564
11.2 11.404526
11.900001 11.880129
11.889032 11.898504
11.5 11.806166
11.1 11.173965
11.400001 11.433994
12.199999 12.195106
12.399998 11.958637
11.5 11.794642
11.8 12.362389
11.7 11.762665
11.5 11.659764
13.000009 12.729918
11.8 11.534278
11.900001 11.986648
11.900001 11.899818
10.70206 10.698437
11.3 11.346209
11.900001 11.917788
11.3 11.443304
11.900001 11.892194
11.900001 11.740491
11.5 11.454948
12.199999 11.468525
10.777781 10.231192
12.020819 11.903452
13.000009 11.936943
11.999998 12.115862
11.2 11.256153
13.637602 13.43738
11.900001 11.880041
11.900001 11.85182
11.2 11.246511
11.999998 12.092913
11.0 10.521669
12.299998 12.388401
11.1 11.113293
12.1 12.372002
11.1 11.317131
11.900001 12.059241
11.900001 11.923433
10.622879 10.716106
12.499997 12.926201
11.8 11.882287
11.5 11.51774
12.1 11.643675
12.40103 13.276182
13.399989 12.901945
11.2 11.384937
11.900001 11.919542
11.1 11.168051
11.400001 11.419136
11.1 11.188869
14.050077 14.544188
11.400001 11.51909
11.3 11.274536
11.5 11.718369
11.7 12.026009
11.2 11.230882
11.953872 12.133276
11.999998 12.139322
12.1 11.882586
11.1 11.142748
12.499997 14.109373
11.599999 11.991539
11.8 11.911503
11.7 12.0414715
11.8 12.113813
11.2 11.288483
11.2 11.200705
11.7 11.445421
11.1 11.10174
11.2 11.413149
11.7 12.918158
11.599999 11.459179
12.399998 13.165928
11.3 11.326561
11.599999 12.024717
11.3 11.325712
11.2 11.336479
11.2 11.009645
11.2 11.299034
11.2 11.249647
10.8 10.493763
12.199999 12.12724
11.900001 11.907915
11.8 11.811022
11.599999 11.673725
11.8 11.947865
11.8 11.80793
12.199999 12.125402
11.1 11.18438
13.000009 13.549952
11.5 11.548688
12.199999 12.046337
12.1 11.428665
11.5 11.561468
11.2 11.375996
11.9 11.782545
10.581486 10.479166
10.70206 11.131416
11.2 11.186819
11.3 11.322634
11.8 11.738945
10.3 10.294987
12.510107 11.862158
11.2 11.208649
13.622879 13.605207
11.400001 11.895275
12.499997 12.746517
11.8 11.792109
13.299971 13.765257
11.5 11.973078
11.3 11.515352
11.5 11.264999
12.799992 12.851578
11.3 11.45695
11.999998 11.930876
11.900001 11.898811
12.499997 11.985647
11.5 11.465841
12.299998 12.215323
11.79897 11.445841
11.2 11.22225
13.000009 12.80839
11.1 11.242781
1.3 1.0556788
12.499997 12.249216
11.1 11.1925335
12.599997 12.686251
11.3 11.594345
11.7 11.699188
11.637602 11.439291
13.500008 13.650175
12.599997 11.990579
11.1 11.501867
12.1161 11.698605
11.2 11.245839
11.7 12.333906
11.400001 11.851613
11.900001 11.909752
12.299998 13.706696
12.299998 12.22345
11.900001 11.546286
11.3 11.978704
11.2 11.201044
11.8 11.711912
13.000009 13.108995
12.499997 12.425676
11.1 11.160094
11.8 12.013002
11.1 11.156353
11.3 11.34222
12.1 11.703503
11.599999 11.687468
11.2 11.459078
11.8 11.859669
11.1 11.113749
14.999629 13.399839
11.599999 11.914804
11.7 11.778776
11.1 11.140604
11.2 11.291351
11.999998 11.592892
11.8 11.798924
11.7 11.741853
12.399998 11.676662
11.7 11.738461
11.5 11.530445
11.599999 11.753876
13.352575 13.273504
10.40103 10.299582
11.2 11.783812
14.145758 13.790108
13.581486 13.946995
11.5 11.576981
11.900001 11.892948
10.8 10.740683
14.555932 14.012913
10.70206 10.744225
11.2 11.220589
11.599999 11.394812
11.2 11.246263
11.900001 11.889431
12.1 11.894486
11.5 11.4351
14.1 12.7237015
12.799992 12.569216
11.1 11.141491
11.7 12.037899
11.8 11.831379
11.1 11.179924
11.999998 11.984932
11.2 11.22477
11.7 11.636513
12.1 11.601403
11.7 11.734644
10.2 10.358873
11.3 11.290335
11.2 11.239525
11.900001 11.912849
11.953872 11.893032
11.56133 11.959337
11.5 11.980589
11.5 11.603674
11.8 11.833223
13.418758 13.343536
11.5 11.589308
11.400001 11.458122
11.400001 11.41748
11.8 11.846718
11.900001 11.94497
11.599999 11.596243
13.1 13.32733
11.999998 11.79805
11.2 11.771877
12.456548 12.267611
11.1 11.157485
11.999998 12.095245
11.999998 12.231468
11.999998 12.357143
11.2 11.2722225
13.800057 13.210012
11.1 11.251612
11.900001 11.422098
11.5 11.752329
11.1 11.181274
11.599999 11.63504
11.900001 12.202734
12.499997 13.071772
11.599999 11.886147
13.048455 12.475479
12.399998 12.028063
11.1 11.183103
11.999998 12.067831
11.1 11.168238
12.499997 12.2792225
11.1 11.193451
11.8 11.877741
11.1 11.192593
11.999998 11.90911
11.900001 11.92687
11.1 11.144121
11.5 11.516733
11.1 11.299409
11.1 11.241562
11.400001 12.10434
11.4372425 11.341158
11.400001 12.137871
11.999998 11.925943
11.3 11.250867
11.1 11.148538
11.400001 11.414886
11.8 11.945063
11.900001 11.926754
12.1 11.898202
10.609157 11.119654
11.1 11.214386
11.1 11.157705
11.3 11.3128605
11.1 11.197859
12.199999 11.719902
11.1 11.207144
11.2 11.212641
11.1 11.205074
11.2 11.325073
12.399998 12.615393
15.299971 14.546476
11.599999 11.524765
12.1 11.885286
11.2 11.290892
11.7 11.691017
11.900001 11.811178
11.2 11.170733
11.999998 11.859867
11.999998 12.133396
11.8 11.803516
12.199999 11.867647
11.2 11.221393
12.543697 12.826546
11.400001 11.5642185
11.599999 11.550659
11.900001 11.893187
11.7 11.723045
11.3 11.28441
11.999998 12.286213
11.400001 11.222667
11.2 11.25441
11.2 11.196684
11.900001 11.951435
15.520216 11.777624
11.2 11.1990185
13.899971 13.026226
11.1 11.152058
11.3 11.643686
12.899998 11.346401
13.500008 13.926533
11.2 11.568676
11.1 11.1534195
11.1 11.251259
12.649994 12.036209
12.299998 12.01934
11.900001 11.702311
11.900001 11.818676
11.900001 11.888584
11.900001 12.043167
14.901343 13.1483345
10.40103 10.5669365
11.999998 12.130911
11.581486 13.830132
11.8 11.840834
11.999998 11.947174
11.8 12.192673
12.199999 12.459696
11.3 11.4855995
11.400001 11.434422
11.1 11.182148
11.2 11.2106905
11.999998 12.233309
11.1 11.161236
14.500117 13.50666
12.254902 11.602039
13.200015 13.350147
11.1 11.683841
13.1 12.7638855
11.3 11.422615
11.400001 11.361065
11.400001 11.35938
12.1 12.477463
11.1 11.274845
11.1 11.151997
11.599999 11.563437
10.40103 11.726469
14.901343 14.535433
11.999998 11.913132
11.5 11.294443
11.3 11.312605
11.400001 11.303717
11.2 11.273993
11.5 11.525886
11.599999 11.222447
11.999998 12.142786
11.540743 11.250164
11.3 11.264095
11.3 11.20843
10.4 10.357584
11.999998 11.911133
11.3 11.300833
11.999998 12.025507
11.5 11.732294
11.79897 11.417337
11.1 11.253427
11.8 11.872432
11.8 11.777059
11.599999 11.673079
11.1 11.070782
11.1 11.260963
11.7 11.697676
12.399998 12.484438
12.899998 12.035454
11.2 11.27346
12.099999 13.032507
10.1 10.277155
11.2 11.353734
10.608639 10.579779
12.199999 12.147518
12.812199 12.655943
11.2 11.238062
11.2 10.394501
11.900001 11.893012
12.1 11.39483
11.3 11.281899
11.599999 11.816956
11.1 11.251783
11.2 11.138918
11.900001 11.898243
11.8 12.056244
11.599999 11.522949
10.869551 11.22714
12.1 12.391228
13.000009 12.817759
11.2 11.222794
10.165502 10.00415
11.8 11.924566
11.400001 11.520485
12.786133 12.043688
12.1 12.517378
10.1 10.352303
11.5 11.499695
11.3 11.417549
10.9 10.612913
14.200179 13.031612
12.1 11.922071
11.2 11.2393265
11.400001 11.785553
11.599999 11.202555
11.400001 11.881832
11.999998 11.772678
11.2 11.220285
11.1 11.1987915
10.1 10.345451
11.7 11.6848345
11.0 10.796213
10.6 10.493614
11.7 11.865021
11.1 11.241243
12.199999 12.8393135
11.2 11.311882
11.2 11.234057
11.1 11.0714445
11.89588 12.286033
11.3 11.526017
11.400001 11.442547
12.299998 12.2458725
11.999998 11.930719
14.299971 14.712011
11.900001 10.784946
11.7 11.785753
11.25 11.33745
11.2 11.15432
11.599999 11.355016
11.3 12.31122
13.699981 13.032812
11.8 11.582886
12.901632 12.924429
11.5 11.601435
12.299998 12.074612
11.3 11.28705
11.900001 12.094666
12.199999 12.402487
11.2 11.285906
13.719789 12.276669
11.900001 12.363264
11.900001 11.907421
11.3 11.357882
11.2 11.323211
11.5 11.637108
11.999998 11.93144
11.3 11.441208
11.8 11.726906
13.1 12.916788
11.7 11.751074
11.599999 11.897297
11.1 11.175585
11.900001 11.916616
11.5 11.592545
11.5 11.844664
11.7 12.12775
11.2 11.332605
11.49794 11.585512
14.400163 13.974691
11.1 11.222643
11.7 11.644972
11.900001 11.928095
12.199999 12.21231
11.1 11.001236
12.599997 12.852764
11.3 11.662392
13.600039 12.903248
11.3 11.946783
14.299971 14.168039
11.1 11.104546
11.3 11.465046
11.1 11.157595
11.3 11.253045
11.2 11.293938
12.992498 13.280937
11.7 11.778202
11.999998 11.948782
12.899998 12.515631
11.2 11.230848
11.3 11.579378
11.999998 12.814775
9.47675 9.460794
11.999998 11.651518
14.40103 12.91206
11.3 11.491497
11.900001 11.527645
11.2 11.248587
13.899971 13.633266
11.5 11.840815
10.2 10.427703
11.900001 11.949474
11.2 11.349775
11.8 11.547893
11.2 11.211
11.900001 11.868077
13.500008 12.926956
13.999974 12.848053
12.699998 12.535412
11.900001 11.913342
11.3 11.33749
13.4372425 13.345079
13.200015 12.647709
11.2 11.173024
11.900001 11.895035
11.8 12.146067
11.777781 11.94812
11.5 11.749353
11.2 11.304693
10.622879 10.687532
11.3 11.343642
11.3 11.456588
11.599999 11.893862
11.8 11.715558
12.19691 12.233713
11.5 11.565378
11.999998 12.045942
12.422393 12.784651
11.5 11.742325
11.3 11.4104595
11.2 11.229101
10.1 10.156843
9.40103 9.310127
10.70206 10.731279
11.900001 12.099337
11.7 11.722174
12.757577 12.7034645
12.599997 11.921658
12.699998 12.171373
11.999998 11.84594
11.3 11.586578
11.1 11.766958
11.3 11.844271
11.7 11.675659
11.2 11.235217
11.2 11.36554
10.5 10.6714
11.3 11.388976
11.1 11.153898
11.2 12.088896
11.900001 11.893671
10.70206 10.760002
11.2 11.358665
12.699998 13.15737
11.8 11.696112
11.2 11.221645
11.2 11.250765
12.399998 12.656006
11.1 10.638382
11.2 11.368883
11.900001 11.92706
13.200015 14.111183
11.2 11.23353
12.299998 11.826613
11.8 11.593828
12.399998 11.606768
11.1 11.183254
11.999998 11.830446
11.1 11.195702
11.2 11.259487
12.199999 12.898851
11.5 11.469168
11.1 10.779072
11.1 12.045088
11.7 11.669611
10.70206 10.776966
10.6 10.566584
11.1 11.168573
12.399998 11.904269
11.400001 11.380627
11.5 11.536524
13.399989 12.880203
11.400001 11.413935
12.199999 11.823908
12.199999 12.0458145
10.1 10.207508
11.2 11.522533
11.599999 11.621201
12.1 12.472635
12.899998 12.43577
12.015424 12.554178
10.3 10.348395
11.2 11.221829
11.1 11.163868
12.599997 12.608294
11.599999 11.638069
11.5 11.536789
11.599999 11.7049465
11.599999 11.671238
11.2 11.20282
11.1 11.16572
11.3 11.388587
11.2869625 11.300491
13.000009 12.411951
11.1 11.205065
13.999974 13.830017
13.59485 13.790741
11.599999 12.151148
11.1 11.362055
11.400001 11.462619
11.2 11.315018
11.2 11.511131
11.999998 12.0300865
12.199999 11.983082
11.2 11.217884
13.200015 13.141111
11.7 11.24361
11.7 11.745337
11.599999 11.783556
11.49794 11.634434
12.899998 12.5200405
11.1 11.142813
11.5 11.52475
11.599999 11.706663
11.5 11.771854
11.5 11.540604
11.1 11.132729
11.2 11.160817
10.1 10.106747
12.499997 11.8463745
11.2 11.14156
11.1 11.725698
12.199999 12.0610485
11.1 11.142963
13.600039 13.513773
10.622879 13.316595
11.2 11.250574
11.106614 11.161278
11.7 11.637817
11.2 11.24226
11.8 11.867034
11.555047 12.271038
11.1 11.427877
11.145758 11.117378
15.140959 14.87986
11.599999 11.591755
11.5 11.815496
11.5 11.718784
11.7 11.769789
10.70206 10.767035
12.599997 12.664494
11.400001 11.518206
11.599999 11.651314
11.900001 12.029547
11.2 11.187616
10.70206 10.767082
13.500008 13.175928
11.2 11.169167
11.7 11.636688
11.900001 12.186903
11.8 11.821642
11.400001 11.290615
11.5 11.649364
11.8 12.151093
11.5 11.501791
13.299971 13.724125
12.299998 13.262451
11.1 11.114131
10.40103 10.194524
13.999974 13.771742
11.900001 11.502879
11.3 11.274803
11.900001 11.842207
12.399998 12.030766
11.900001 11.916838
11.8 11.507404
11.8 11.835899
11.5 11.575266
11.3 11.367598
11.3 11.250328
11.1 11.114292
11.1 11.284546
10.622879 10.599615
13.500008 12.646666
11.5 11.852026
11.999998 11.960457
11.8 11.821638
12.399998 13.364677
10.923909 10.987778
11.599999 11.588455
11.999998 11.984691
11.7 11.725889
11.1 11.384939
11.599999 11.654507
11.599999 11.607086
11.900001 11.910593
11.900001 11.905762
12.499997 11.987186
13.399989 13.376385
11.400001 11.39097
11.8 11.798773
12.299998 12.308386
11.3 11.291908
11.900001 12.031868
11.2 11.25487
11.3 11.330818
11.5 11.535039
13.299971 12.963827
12.699998 12.311199
11.2 11.59173
11.2 11.296518
11.3 11.2815075
11.2 11.20208
11.2 11.436659
11.1 11.115625
11.599999 11.595079
11.2 11.241402
11.8 11.966827
11.79897 11.825115
11.2 11.207518
11.1 11.125444
11.900001 12.01705
11.900001 11.983934
11.900001 11.901542
11.7 13.751991
10.1 10.185938
11.900001 12.403652
11.900001 11.964245
11.599999 11.623257
13.399989 13.416061
10.516801 10.855183
11.7 11.651688
12.314671 12.222666
11.3 11.375605
12.299998 12.452829
12.299998 12.49482
11.599999 11.603302
14.600313 12.710442
11.7 11.842915
11.999998 11.202513
13.399989 12.872578
11.900001 12.094542
11.900001 11.907868
12.799992 12.2452345
11.8 11.625145
13.299971 13.389214
11.555932 11.867298
11.599999 11.767286
11.020819 10.952452
11.1 11.14734
11.599999 11.720358
11.8 11.331132
11.400001 11.413958
11.999998 12.24416
12.6934595 13.827452
12.40103 12.484163
12.199999 11.968653
11.900001 11.891079
11.8 11.821392
12.1 11.874754
12.1 12.337397
11.400001 11.378836
11.900001 11.915511
11.5 11.355986
10.923909 10.967557
13.299971 11.930604
11.599999 11.30265
12.499997 11.942403
14.200179 14.134779
11.2 11.303144
11.3 11.387848
11.8 12.169266
11.599999 11.645778
11.7 11.775251
12.199999 12.065746
11.2 11.204222
13.699981 12.781046
11.8447275 12.744268
11.7 11.799255
12.307609 12.826328
11.1 11.275837
10.70206 10.748762
11.1 11.183534
11.2 11.240121
11.3 11.380436
11.2 11.343065
14.299971 13.33519
11.2 11.198313
11.3 11.355856
11.599999 11.606085
12.399998 11.849564
11.3 11.424355
11.1 11.304311
11.5 11.625327
11.3 11.318544
11.8 11.980786
11.331801 11.739836
11.400001 11.429369
11.2 11.310848
11.8 11.903519
11.70206 11.91858
11.7 11.776417
10.70206 10.761155
11.2 11.19714
11.900001 12.062401
10.9 11.121996
11.900001 11.85157
11.3 11.454634
15.500117 14.856356
11.3 11.363333
11.2 11.19224
11.2 11.324689
11.900001 11.861321
12.49794 12.0948925
11.8 12.27216
11.5 11.775917
11.1 11.178551
11.900001 12.333799
11.5 11.527855
11.2 11.356764
11.900001 11.889177
11.2 11.277067
11.900001 12.268087
11.2 11.24275
11.900001 12.141333
13.899971 12.053074
11.2 11.286078
10.9 10.528919
11.900001 11.914317
9.79897 9.658723
11.2 11.327965
11.2 11.269161
11.900001 11.900417
11.1 11.164764
11.1 11.148922
12.1 11.996126
11.900001 12.318161
11.599999 11.783552
11.2 11.224672
11.3 11.298403
11.3 11.344593
12.6934595 13.675371
10.40103 10.515591
11.400001 11.38475
10.1 10.270294
10.70206 10.766836
11.400001 11.338459
11.3 12.113834
11.3 11.734975
13.600039 13.457397
10.40103 10.482935
11.3 11.328677
11.400001 11.419219
11.5 11.333111
12.699998 12.457676
11.7 11.755634
11.1 11.133202
15.600313 15.042658
11.599999 11.770563
12.199999 11.779594
12.499997 12.443693
10.2 10.827114
11.900001 11.831142
12.499997 11.963008
12.597573 12.753517
11.400001 11.480138
11.900001 11.852428
11.900001 11.909208
11.900001 11.914357
11.1 11.128787
13.1 12.157255
11.7 11.247879
11.2 11.198868
11.400001 11.400797
12.1 12.114188
11.5 11.952078
11.1 12.988159
11.900001 11.875758
11.900001 11.929998
11.1 11.215265
11.2 11.222701
11.8 11.827366
11.3 11.398428
10.622879 10.681105
11.1 11.169739
13.145758 12.23052
11.5 12.076143
11.999998 11.81101
11.1 11.207411
12.299998 12.172628
11.8 11.874775
11.2 11.227333
13.200015 13.61219
11.599999 11.597415
12.1 11.909649
11.2 11.234234
11.599999 11.529217
11.8 11.843159
12.1 11.719229
14.600313 14.340965
12.699998 11.215975
11.5 11.360554
11.900001 12.419992
11.1 11.367286
11.599999 11.5062065
11.900001 11.926197
11.900001 11.887058
11.3 11.305233
11.7 13.353283
11.999998 11.717316
11.999998 11.986364
11.2 11.195972
12.599997 12.770399
11.8 11.69385
11.3 11.287399
11.3 11.782131
11.900001 11.947462
11.409804 10.52701
11.5 11.701235
12.399998 11.82804
11.1 11.170891
10.49794 10.526169
11.900001 11.900261
11.400001 11.375045
11.999998 12.7347355
11.900001 11.894503
11.400001 11.434137
11.49794 11.52254
10.1 10.757122
13.800057 13.122349
11.15 11.376714
11.2 11.764936
11.1 11.187662
12.199999 11.90638
11.1 11.068066
11.8 11.891798
14.500117 13.800398
11.2 11.269915
12.899998 12.691078
11.3 11.3818035
11.1 11.171381
11.2 11.740328
11.8 12.049732
13.699981 13.633713
10.622879 10.694365
13.399989 11.80485
12.199999 11.767792
11.2 11.295151
11.900001 11.944891
11.2 11.204559
11.900001 11.893785
11.5 11.462004
11.599999 11.699162
11.999998 12.722689
12.399998 11.811918
10.1 10.157244
11.0 11.123208
11.3 11.314226
11.7 11.745751
12.199999 11.379834
11.8 11.822275
11.1 11.18684
11.3 11.781007
11.3 11.38353
11.400001 11.327604
11.400001 11.466885
11.900001 11.909056
11.900001 11.772598
11.2 12.017836
11.3 11.526848
14.500117 14.3289795
9.79897 9.690828
11.3 11.227409
11.8 11.760363
11.1 11.155436
10.1 10.255848
11.1 11.393364
13.1 12.577732
13.767562 13.863073
11.999998 12.39571
11.2 11.236148
10.1 9.961454
9.79897 9.692717
13.399989 13.235308
11.7 11.752012
11.2 11.344442
11.8 12.124802
14.299971 14.086315
10.1 10.006797
11.400001 11.43325
11.8 11.955601
10.4 10.580221
12.399998 12.173638
10.723423 10.651227
11.999998 11.920309
13.500008 12.901009
11.7 12.223317
13.1 13.083923
12.145758 11.821124
12.899998 11.290413
11.8 11.886306
11.1 11.241524
11.900001 11.917059
11.599999 11.639389
11.3 11.4583645
11.2 11.238258
11.1 11.142644
11.400001 11.283482
11.1 11.199987
11.8 11.756195
11.1 11.169268
11.2 11.200644
12.1 11.843167
13.699981 12.259112
13.800057 14.052742
11.2 11.208641
11.1 11.268018
11.7 12.0836525
11.2 11.2270355
11.1 11.168442
11.2 11.2661
11.1 11.209721
11.5 11.343006
13.321849 13.217789
11.1 11.123377
11.555932 11.433489
11.8 11.480919
11.2 11.716372
11.999998 11.916208
11.3 11.858025
13.600039 12.113334
13.600039 13.248442
14.326648 12.506197
11.2 12.101913
11.2 11.285113
11.999998 12.424229
11.599999 11.75267
11.400001 11.530442
12.299998 11.546921
11.2 11.2381935
11.2 12.228895
11.1 11.173124
11.999998 11.681393
11.5 11.511518
11.1 11.138441
11.7 11.466415
13.020819 13.138084
11.2 11.221956
11.7 11.716564
11.7 11.592577
14.547158 11.98754
11.069375 11.717501
11.8 11.517331
11.3 11.366669
11.8 11.832826
11.1 11.655972
11.7090645 11.656672
11.3 11.340334
11.5 11.554649
10.622879 10.73534
11.400001 11.69207
11.400001 11.375952
11.700326 11.302631
11.1 11.23226
13.500008 12.490025
11.3 11.316566
11.400001 11.781033
11.999998 11.415329
10.1 10.239981
11.1 11.0737
10.622879 10.669519
11.900001 11.960039
11.5 11.562528
11.7 11.495483
11.7 11.708305
11.5 11.96047
11.3 11.2767725
11.2 11.296369
11.2 11.385993
11.3 11.509641
10.4 10.905667
12.598941 12.820036
11.900001 11.895639
11.2 11.2658615
10.8 10.742515
11.3 11.335005
10.70206 10.709848
11.900001 11.925794
15.700326 15.3699
12.199999 11.7871895
12.299998 12.201
13.254902 13.280106
11.622879 13.034258
11.8 11.830481
11.2 11.1978855
12.637602 11.68494
11.7 11.732671
11.900001 11.911087
13.699981 13.989988
11.2 10.87739
12.499997 12.614513
11.599999 11.655833
11.900001 11.882165
11.3 11.515786
11.2 11.192259
10.1 10.032425
11.400001 11.529001
11.3 11.254061
11.1 11.194803
11.2 11.236475
11.7 11.352942
11.599999 11.503881
11.400001 11.364807
11.999998 12.056433
12.399998 12.008175
12.299998 12.766348
11.900001 11.900243
11.1 11.171188
11.599999 11.882845
12.299998 12.160849
11.8 11.821499
11.400001 10.666753
14.200179 14.566553
11.400001 11.615532
11.8 11.763811
11.599999 11.575718
11.3 11.358524
11.2 11.219772
13.219187 13.4825535
11.400001 11.431919
13.000009 12.922106
11.900001 11.940774
11.3 11.318548
12.299998 12.337997
10.1 10.149327
11.400001 11.686403
11.5 11.565847
12.299998 12.288183
14.145758 11.224499
11.7 11.814518
11.599999 11.613406
11.599999 11.471487
11.2 11.246585
11.999998 11.587306
11.8 11.885811
11.1 11.078518
11.599999 11.265474
11.3 11.37953
11.400001 11.658535
11.2 11.3089905
11.400001 11.794425
11.2 11.20871
12.299998 12.330143
11.5 11.617474
11.7 11.564594
12.1 12.059699
11.3 11.309973
13.200015 12.9793625
11.3 11.35467
11.1 12.582033
11.5 11.512436
11.5 11.598593
11.599999 11.856457
13.1 13.094894
11.7 11.861761
13.200015 12.952856
11.2 11.23287
13.699981 13.339268
11.599999 11.2526
11.900001 11.966297
11.999998 11.996436
11.2 11.198103
11.900001 11.902702
12.19691 12.298937
11.599999 11.33795
11.2 11.748383
11.900001 11.950296
11.5 11.500295
11.400001 11.238457
11.900001 11.966479
11.5 11.657063
11.5 11.64648
11.2 11.253162
13.299971 14.464451
13.200015 12.3880005
11.599999 11.902045
11.2 11.70849
11.3 11.297071
12.299998 12.319475
11.3 11.397643
11.5 12.282223
11.599999 11.679604
11.400001 11.3446665
11.400001 11.486008
11.8 11.805176
11.5 11.3971195
11.8 12.3227215
11.1 11.730061
12.499997 12.585518
11.2 11.200264
10.622879 11.131174
11.8 11.733128
11.599999 11.547206
12.799992 12.255975
11.900001 11.937193
11.599999 11.193863
11.900001 12.0008545
11.2 11.243507
11.999998 12.021464
11.3 11.390766
11.900001 11.905404
11.3 11.59656
11.900001 12.131804
11.900001 11.91379
11.1 11.053011
11.7 11.840561
14.400163 15.035265
12.799992 12.429358
11.2 11.919622
11.2 11.234589
11.400001 11.479507
11.900001 11.99975
11.900001 11.88887
11.999998 11.416164
11.1 11.134918
11.1 11.131077
12.899998 11.850989
11.2 11.215961
11.380575 11.677991
11.1 11.168634
11.2 11.180977
11.1 11.631531
11.2 11.252359
11.5 11.242756
11.599999 11.650949
10.8 10.76656
11.599999 11.677727
11.900001 11.907155
11.7 11.725057
11.900001 11.908909
12.199999 12.120559
14.500117 14.089624
11.599999 11.688988
10.5 10.677099
11.5 11.597867
11.1 11.194109
11.900001 11.9021015
11.2 11.320053
13.399989 12.4508915
11.900001 11.920697
11.7 11.649498
11.1 11.590927
11.400001 11.324682
13.821246 12.518887
12.1 11.884047
11.7 11.965553
11.599999 11.685378
11.3 11.606031
10.622879 10.682688
11.2 11.220413
11.599999 11.941645
11.1 11.312685
11.5 11.5627365
11.5 11.884581
11.1 11.135687
10.869551 10.849657
11.599999 11.674963
10.40103 10.296398
11.1 11.134914
12.899998 12.935627
11.7 11.728464
11.5 11.641276
11.599999 11.698055
11.2 11.490458
11.5 11.560777
11.2 11.251204
11.999998 11.942276
12.199999 12.557297
11.2 11.240953
10.622879 10.60424
14.901343 14.296719
11.900001 12.372152
11.8 11.787558
11.999998 11.952223
11.5 11.808872
11.555932 11.674351
11.599999 11.471331
11.3 11.325853
14.375724 13.594433
10.1 10.350763
11.900001 11.878734
11.5 11.678432
11.3 11.276882
11.599999 11.681525
11.3 11.266342
11.3 11.343342
11.2 11.392597
11.599999 11.656853
11.900001 11.903587
11.599999 12.596027
12.299998 12.250317
11.2 11.439417
11.900001 11.908464
12.699998 12.578936
11.1 11.164153
12.299998 13.65941
11.8 11.819484
11.3 11.426424
12.199999 12.692049
11.999998 12.107918
11.2 11.235291
13.699981 13.93273
10.1 10.217739
13.000009 12.169111
10.70206 10.753824
10.70206 11.49674
10.70206 10.765108
11.599999 11.376791
11.900001 11.856432
11.2 11.229877
11.8 11.721722
11.1 11.111027
10.5 10.357737
11.8 11.599232
11.212469 11.267914
9.923909 9.819653
11.5 11.481118
11.7 11.863246
11.2 11.213115
11.599999 11.749306
11.849336 12.285519
13.600039 12.675667
11.400001 11.41031
10.70206 10.985451
11.400001 11.524023
13.699981 13.399658
10.40103 10.651752
11.2 11.24007
11.3 11.349825
11.2 11.247059
10.40103 10.782787
11.3 11.57056
11.8 11.860037
11.1 11.157974
11.1 11.108026
11.3 11.280437
11.400001 11.324998
11.400001 11.409983
11.600844 12.1071
11.1 11.219266
11.5 11.578255
11.2 11.387904
13.000009 11.971363
11.900001 11.929337
11.1 11.178164
11.1 11.188209
11.8 11.922505
11.2 11.25478
11.2 11.261478
11.3 11.364817
14.500117 14.39612
11.1 11.28631
11.3 11.204984
11.599999 11.736092
11.2 11.251596
11.400001 11.411139
11.1 11.144867
11.400001 11.223823
11.900001 12.184353
11.8 11.836317
10.8 10.343667
11.2 11.582777
12.199999 12.048694
11.3 11.255909
11.2 11.233923
12.599997 12.51395
11.5 11.60121
11.8 11.780537
11.5 11.858448
11.8 12.335429
11.2 11.277532
12.499997 12.904964
11.900001 11.903532
12.199999 12.327164
11.3 11.318001
11.1 11.511637
11.900001 11.991192
11.999998 12.903257
13.299971 12.476704
12.699998 12.012733
11.2 11.228159
11.999998 12.472818
11.999998 12.052578
11.7 11.755255
11.900001 11.947595
12.1 12.0440445
11.2 11.244881
11.3 11.542
11.1 11.203243
11.5 11.720134
11.900001 11.966658
12.8447275 12.883778
14.999629 15.096983
11.5 11.505028
11.900001 11.918394
11.900001 12.0282955
11.400001 11.419186
11.999998 11.6761055
11.2 11.259645
11.2 11.260518
11.7 11.803965
11.900001 12.044682
11.7 11.715509
10.2 10.288793
11.8 11.871567
11.400001 11.66996
11.7 12.785961
11.3 11.682297
11.599999 12.217976
10.1 11.007345
11.5 11.318605
11.900001 11.918848
11.1 11.254999
11.999998 11.39525
11.400001 11.425973
11.900001 11.881792
11.1 11.179724
11.599999 12.171963
12.1 12.0875
12.923909 12.735865
11.5 11.610218
10.9 10.611195
11.2 11.341574
13.800057 11.344831
11.599999 11.440861
11.3 11.357019
11.599999 11.689976
11.900001 11.836875
13.999974 13.239082
15.581486 15.368704
11.2870865 11.48801
11.2 11.248058
11.7 11.751581
11.8 11.990185
12.199999 11.845579
13.1 13.027376
11.3 11.380863
11.900001 11.71361
12.088853 12.522474
11.900001 11.269995
10.40103 10.581359
11.1 11.114774
11.599999 11.711763
11.900001 11.872418
11.999998 12.026888
11.5 11.723717
11.900001 11.973446
14.700326 14.398861
11.1 11.274492
11.1 11.123094
11.400001 12.005758
11.2 11.187158
11.900001 11.924654
11.1 11.172045
11.5 11.333758
12.63529 10.671509
13.1 12.551277
11.1 11.11555
10.1 10.118227
11.3 11.435774
11.1 11.226517
11.3 11.7544155
11.5 11.707203
11.2 11.344765
11.3 11.358532
11.5 11.2402115
10.996197 10.731792
11.3 11.320172
11.8 11.815668
10.29382 10.285297
10.70206 10.780557
11.2 11.176687
11.900001 11.894901
11.900001 12.414228
11.900001 11.909049
11.1 11.174789
13.000009 12.993092
11.5 11.551637
11.5 11.566724
11.1 11.116955
11.1 11.165417
11.599999 11.6477585
12.020819 11.938868
12.1 11.404406
11.5 11.697885
11.1 11.0998955
14.600313 13.563473
12.699998 11.300034
11.400001 11.765722
11.2 11.227007
12.199999 11.820086
11.900001 11.906534
12.599997 12.2685375
11.1 11.2007675
11.2 11.390245
11.900001 11.931061
11.5 11.469446
11.3 11.33322
11.2 11.323851
11.375724 11.090581
13.399989 14.014141
11.3 11.337184
11.900001 11.844425
11.2 11.224367
12.1 11.795521
11.2 11.30578
11.900001 11.89608
11.900001 11.887772
11.1 11.119549
11.1 11.293102
11.3 11.284765
11.5 11.48941
14.427902 13.645245
11.400001 11.490578
11.5 11.532879
11.400001 11.4774685
14.145758 14.167109
11.8 12.129515
11.2 11.199219
11.900001 11.883902
13.000009 12.704153
11.3 11.428289
11.1 11.237167
11.8 11.814507
11.359637 11.191841
11.1 11.111258
11.5 11.543592
11.599999 12.450443
11.1 11.147699
10.541291 10.505716
11.5 11.437559
11.900001 11.923677
11.900001 11.985823
11.1 11.810261
11.400001 11.418831
11.1 11.167465
11.3 11.903165
11.900001 11.90889
11.8 11.747994
10.7 10.293175
11.999998 11.761045
12.599997 12.567648
12.299998 11.90554
11.7 11.809206
11.3 11.272547
12.651294 12.788801
11.2 11.7369175
11.5 11.621786
12.399998 12.586081
11.400001 11.541482
12.046395 11.921225
11.3 11.157443
11.8 11.8785515
11.5 11.577737
10.972896 11.381945
11.900001 11.907726
11.2 11.171099
13.999974 14.066971
12.399998 13.070257
11.1 11.181826
11.900001 12.167795
11.8 11.860816
11.3 11.374655
11.5 11.804914
11.1 11.115882
11.5 11.973513
11.2 11.238094
11.5 11.483915
11.7 11.849558
12.499997 12.139696
12.199999 12.655321
11.3 11.374306
11.7 11.66577
14.668636 15.04257
10.40103 10.4305935
11.7 11.630042
10.6 10.52471
10.79897 10.784355
11.900001 11.905117
11.999998 11.996639
11.49794 11.38096
11.1 11.237701
11.2 11.202951
11.2 11.221289
11.7 11.806074
11.999998 12.012804
11.7 11.712965
11.999998 12.148888
11.2 11.231844
12.1 11.835026
11.7 11.568476
11.8 12.070421
11.8 11.8077545
10.70206 10.823256
12.899998 11.709345
14.1 14.136961
11.5 11.628525
13.399989 12.611364
9.79897 10.033206
11.3 11.340332
9.70206 9.827656
10.1 10.0923
11.2 11.150518
12.1 12.2118
11.2 11.24753
11.599999 11.583891
13.191515 13.260778
11.2 11.34182
11.8 11.9633255
11.5 11.52466
11.3 11.276627
11.599999 11.587355
11.599999 11.623711
11.7 11.677105
11.3 11.273203
13.299971 13.335659
12.399998 12.38224
13.622879 13.691336
11.5 11.484745
12.1 12.249699
11.2 11.212286
10.40103 10.362061
12.120642 12.504721
11.400001 11.627379
11.3 11.877163
12.499997 12.706154
11.1 11.172593
11.2 11.23401
11.599999 11.7745495
11.7 11.691546
11.2 11.816826
11.1 12.302383
10.1 12.349361
11.2 11.713474
12.1 12.209372
11.3 11.604665
11.599999 11.676289
11.5 11.418884
11.2 10.931305
12.199999 12.289743
10.79897 10.951494
11.2 11.2144
10.40103 10.444432
11.087163 10.673887
12.899998 12.749422
11.5 11.569229
11.3 11.7425995
11.058607 11.380216
12.1 11.937229
13.899971 13.847933
12.499997 12.289918
10.2 10.418758
11.8 11.868647
11.900001 12.287575
11.3 11.480051
11.1 11.06646
10.4 10.427582
11.3 11.283634
11.2 11.227812
11.599999 11.276083
11.1 11.263174
11.5 11.515148
11.2 11.351528
11.8 11.814394
11.2 11.2481365
11.8 11.814037
11.900001 11.910235
11.400001 11.360233
10.49794 10.426424
12.399998 11.6592865
12.899998 11.3679085
11.1 11.182041
11.7 11.56599
11.3 11.46093
11.1 11.135916
13.1 12.548691
11.2 11.942598
11.400001 11.47644
11.2 11.215454
11.999998 12.186018
11.1 11.157509
11.999998 11.937359
10.622879 11.1244545
11.3 11.298168
9.79897 9.701584
11.2 11.174682
12.699998 12.555908
11.400001 11.677954
12.170581 12.411892
11.8 11.84698
11.900001 12.104486
12.180922 11.265429
11.8 11.523869
11.7 11.562468
11.900001 11.833122
11.999998 12.093258
11.8 11.783919
11.400001 11.413681
11.7 12.0041275
11.2 11.388189
11.1 11.091787
11.719789 10.726408
10.622879 10.742863
11.999998 12.02229
11.1 11.182669
12.399998 11.88615
13.1 12.674217
12.499997 12.922401
11.999998 11.95096
10.40103 10.257425
11.8 12.156137
11.999998 11.952707
11.400001 11.889321
11.8 11.871986
11.2 11.251165
11.1 11.008511
11.7 11.75071
11.1 11.296745
13.8447275 12.676868
11.999998 11.873489
11.400001 11.995059
11.2 11.2603245
11.2 11.353075
12.399998 12.3006
12.299998 12.332578
11.1 11.173494
12.699998 13.639181
11.2 11.262648
11.2 11.702164
11.3 11.707359
11.999998 12.021044
11.2 11.221128
11.3 11.3118305
11.1 11.775419
12.899998 12.383369
11.2 11.21118
11.118106 11.124514
11.5 11.565305
11.8 12.139273
11.2 11.354141
11.900001 11.97092
12.199999 11.862911
13.600039 13.206171
11.2 11.242991
11.1 11.126633
11.400001 11.47023
11.5698 11.680256
11.1 11.203754
11.1 11.163923
11.2 11.317074
11.900001 11.837675
12.1 11.852911
11.599999 11.5784645
11.7 11.724638
11.599999 11.861513
12.40103 12.889742
11.1 12.064728
11.2 11.164944
11.3 11.283648
11.7 11.646234
11.999998 11.890823
11.8 11.866617
11.7 11.864815
11.5 11.708156
11.8 11.856249
11.3 11.5879
12.299998 12.166655
11.8 11.708442
11.3 11.530928
11.3 11.3340845
13.699981 12.280897
11.900001 11.979235
11.999998 11.758886
11.1 10.830538
11.900001 11.888937
11.900001 11.887623
11.400001 11.4286175
13.399989 13.081104
11.2 11.331957
11.1 11.20126
11.900001 12.124964
11.599999 11.600512
11.999998 11.876738
11.2 11.247795
11.3 11.338577
11.2 11.34766
10.6 10.68356
11.599999 12.842697
11.2 11.269724
10.79897 11.481382
11.3 11.390518
11.7 11.642757
11.900001 11.983558
11.2 11.583803
11.7 11.722578
11.900001 11.919176
11.5 11.182987
11.1 11.172745
11.1 11.200817
11.1 11.124151
11.1 11.148762
10.40103 10.395552
11.900001 11.929624
11.400001 11.78163
11.1 11.125504
11.3 11.36203
10.7 10.362959
12.499997 12.734125
10.5 10.629553
11.344125 11.1966915
11.2 12.726913
11.1 11.519083
11.8 11.85828
11.5 11.519745
11.900001 11.88726
11.2 11.272366
10.2 10.45635
11.599999 11.213747
9.750965 9.716587
11.70103 11.75591
11.3 11.511726
14.299971 13.834942
11.599999 11.667229
11.400001 11.502884
11.1 11.258219
11.1 11.248396
11.599999 11.745535
11.2 11.381201
11.2 11.214294
11.400001 11.603949
13.000009 12.848446
11.2 11.208324
11.8 11.625044
11.599999 11.310619
11.3 11.318174
11.8 11.80027
13.860608 14.020557
11.2 11.321379
11.2 11.239208
12.765546 12.103903
11.1 11.167753
11.7 11.988674
11.1 11.187946
11.8 11.771953
11.7 11.757111
12.777781 12.833248
11.8 11.844885
10.40103 10.312727
11.3 11.321587
11.2 12.018532
11.5 11.55335
11.400001 11.73101
11.2 11.208369
11.5 11.454111
11.5 11.471479
11.2 11.301293
13.399989 12.9785595
11.5 11.404396
11.2 11.189936
11.8 11.816763
11.900001 11.92197
11.3 11.292286
11.400001 12.249498
12.699998 11.880608
11.400001 11.852644
11.8 11.932432
11.999998 11.964169
11.2 11.249693
13.219187 12.584499
11.8 12.082513
10.4372425 10.677028
11.900001 11.925182
12.199999 12.092613
11.1 11.320722
12.299998 11.989363
12.1 11.948334
11.599999 11.892527
11.97999 12.12474
11.2 11.463074
12.499997 12.29521
11.900001 11.898419
11.5 11.403884
11.7 11.695007
13.399989 13.174906
11.2 11.317278
11.999998 11.24547
13.899971 13.905418
14.088687 13.880409
14.805467 12.387304
11.2 11.26379
11.1 11.254433
11.2 11.510017
11.3 11.527895
11.1 11.208678
11.400001 11.587818
13.299971 12.029505
11.89588 11.471882
11.520216 11.292959
11.400001 11.538567
11.8 11.411938
11.900001 12.182819
11.999998 12.039068
11.7 11.827965
11.8 11.817711
12.199999 11.961374
11.8 12.053028
11.2 11.911213
11.5 11.194971
11.900001 11.922113
11.2 11.324987
11.2 11.420402
11.599999 11.658937
12.54 12.355623
12.799992 12.478741
11.3 11.420692
11.3 11.349329
10.622879 10.634796
11.900001 11.509756
11.637602 11.457592
11.999998 12.012728
12.299998 12.350542
11.900001 11.952566
11.195826 11.360388
15.1 15.004612
11.3 11.368218
11.8 11.887052
11.1 11.184315
11.599999 11.687771
11.900001 12.045643
11.5 11.39843
14.1 14.208334
12.199999 12.050211
11.1 11.147936
11.599999 11.50927
12.499997 12.389452
11.1 11.587759
14.200179 14.041479
11.224938 11.209997
11.2 11.179142
11.1 11.243494
11.2 11.266078
12.199999 11.577433
11.1 11.169137
11.900001 11.945081
10.058607 10.034645
11.999998 11.861841
10.1 11.457237
11.1 11.4716835
10.70206 10.7568035
11.2 11.219082
11.999998 11.16543
13.699981 13.351622
13.699981 11.951607
11.7 11.440514
11.2 11.289265
11.599999 11.785242
11.5 11.590111
11.3 11.3305435
11.2 11.249987
12.622879 12.785677
13.899971 12.732594
11.2 11.18845
11.599999 11.766951
13.200015 12.894239
11.336121 11.306149
14.700326 14.852337
11.3 11.296738
11.599999 11.752322
11.999998 11.96777
11.5 11.829807
14.1 12.258875
11.3 11.276548
11.3 11.444384
11.3 11.345957
12.199999 11.437494
13.500008 13.919327
11.1 11.412907
11.198542 11.600388
13.000009 11.767992
10.6 11.144867
12.699998 12.693796
11.3 11.472442
12.299998 11.871275
11.404665 11.139398
11.3 11.54278
11.1 11.215197
11.400001 11.446028
11.8 11.420517
10.70206 10.637785
11.400001 11.751396
14.183691 14.039312
11.7 11.768639
11.1 11.026789
11.599999 11.469667
11.2 11.26764
11.2 12.144065
13.200015 13.50775
12.299998 11.924222
10.1 10.002148
11.900001 11.867429
11.2 11.198168
11.3 11.280439
11.1 11.237272
11.1 11.124316
11.1 11.145284
11.400001 11.511941
11.2 11.266752
12.599997 11.677589
10.622879 10.968136
11.7 11.741661
11.3 11.86154
11.2 11.283464
11.3 11.467218
11.2 11.585979
13.000009 13.008127
14.700326 14.529514
11.1 11.106049
11.7 11.685619
12.899998 12.504652
11.599999 11.419624
12.599997 12.9601555
11.1 11.156824
11.999998 11.963579
11.8 11.859564
11.999998 12.167242
11.1 11.305958
11.900001 11.866468
11.821246 11.887247
11.2 11.161654
10.7 10.226337
11.2 11.217558
12.586782 12.139786
11.2 11.227816
11.1 11.226164
11.900001 11.969942
12.799992 11.886301
11.8 11.826822
11.400001 11.481453
11.2 11.375394
12.499997 11.972718
11.7 11.734888
11.2 11.2096
11.2 11.251614
13.200015 12.194757
12.281115 12.914133
10.4 10.514576
10.3 10.376825
11.274371 11.4171
12.499997 12.435518
12.799992 12.452179
11.400001 11.43556
11.8 11.951509
11.900001 11.685396
11.3 11.346395
11.1 11.389818
11.7 11.735001
12.028305 12.050516
11.400001 11.475777
11.900001 11.885682
11.2 11.20566
11.1 11.491875
11.900001 11.921847
11.400001 11.352853
11.2 11.254284
11.2 11.252299
11.3 11.361967
11.2 11.206614
11.8 11.431774
10.70206 10.782747
11.2 11.229365
11.1 11.409693
11.900001 11.329318
11.5 11.69808
11.900001 11.97481
12.199999 13.392878
11.3 11.365594
13.97615 14.347065
11.1 11.51614
12.799992 13.239647
11.2 11.26122
11.5 11.546626
11.3 11.555218
11.8 11.825385
11.2 11.250509
11.3 11.52227
11.19691 11.333359
11.599999 11.822273
12.499997 12.371296
11.7 11.829492
12.199999 11.634817
11.3 11.997524
13.89588 12.890144
13.19691 13.4123535
10.6 10.422844
12.199999 11.549223
11.900001 11.891939
11.2 11.429859
15.058607 14.260271
11.8 11.806971
13.340332 14.363052
12.446788 12.497551
11.1 11.424
13.1 13.110081
11.2 11.224625
11.3 11.229313
10.3 11.149397
11.2 11.216763
11.1 11.170441
12.499997 11.392433
11.7 11.697645
11.8 11.651016
12.446788 11.629114
11.400001 11.345818
14.125949 14.692371
11.7 11.817633
11.999998 12.59934
11.900001 11.892494
11.2 11.238382
11.2 11.2120905
11.5 11.813078
11.2 11.207699
11.175305 11.238133
11.2 11.259738
11.400001 11.459747
10.4 10.475804
11.170581 12.542749
11.8 11.852367
11.3 11.479538
11.2 11.34832
11.8 11.793621
11.2 11.195114
12.699994 12.87628
11.3 12.0115185
11.1 11.172247
11.900001 11.615004
12.8447275 10.4354725
11.400001 11.405525
11.3 11.351484
13.699981 13.661009
11.2 11.211698
12.199999 12.019571
11.5 11.503239
11.1 11.143124
11.900001 12.118613
11.108774 11.222748
11.1 11.232763
13.000009 12.933298
11.7 12.01173
11.900001 11.871813
12.599997 13.030777
11.2 11.261253
11.8 11.850632
11.3 11.558922
12.799992 13.09078
11.999998 12.065492
13.200015 12.546551
10.79897 11.059784
10.2 10.410062
11.3 11.307817
12.899998 12.521215
11.2 11.240665
11.1 11.150528
11.999998 12.339443
11.599999 11.71958
11.7 11.953072
11.900001 11.759821
11.1 11.204239
11.7 11.8018055
12.699998 12.772682
11.8 11.858753
11.155518 10.94133
12.8447275 11.314852
11.2 11.191982
11.7 11.816992
11.3 11.267963
14.986056 15.003696
11.8 11.621719
14.375724 14.365641
11.7 11.909298
11.599999 11.699589
11.599999 11.591024
12.799992 13.290581
11.900001 12.1304
11.1 11.198544
11.3 11.393036
11.999998 11.392251
11.900001 11.966007
11.7 11.754399
11.400001 11.445244
11.777781 12.324732
11.999998 11.658722
11.1 11.152983
11.999998 11.734902
11.8 11.857775
11.1 11.439324
11.400001 11.424643
12.499997 12.441055
14.500117 14.576826
11.3 11.353443
11.2 11.861246
11.999998 11.688808
11.8 11.809172
11.747817 11.563918
11.400001 11.251772
11.79897 12.155874
13.000009 12.601082
12.399998 11.730674
11.900001 11.967056
11.400001 11.621653
12.899998 12.334601
11.5 12.067476
11.7 11.391545
11.599999 11.532076
11.900001 11.860314
11.5 11.519622
10.6 10.416752
11.1 11.41684
12.899998 13.641865
12.199999 11.855032
11.999998 12.012776
11.1 11.417418
11.2 11.225908
10.70206 10.7909565
11.8 12.380962
11.2 11.395676
11.5 11.533758
11.3 11.188541
11.685027 11.756887
11.5 12.027081
12.499997 11.38087
11.7 11.690768
11.5 11.473642
11.3 11.314861
11.8 11.829619
13.608639 13.855373
11.8 11.875481
11.400001 11.597003
11.900001 12.47608
14.500117 14.582428
11.2 11.200602
13.899971 12.514507
12.899998 12.455505
10.4 10.403569
13.1 12.422188
11.999998 12.020377
11.400001 11.243288
11.7 11.645681
11.599999 11.621935
11.3 11.533718
14.79897 12.782625
11.8 11.843811
11.2 12.381962
9.79897 9.637162
12.233122 12.004457
11.2 11.231493
11.3 11.338352
11.5 11.507694
11.900001 11.933254
11.3 11.334108
11.2 11.586597
11.5 11.296944
11.2 11.255793
11.1 11.167288
11.2 11.224458
10.3 10.441603
11.2 11.188782
12.299998 12.363363
11.3 11.461766
11.8 11.811079
10.923909 11.053768
11.2 11.211221
11.1 11.083332
11.2 11.260338
11.2 11.24078
11.999998 13.232555
12.399998 12.055851
11.1 11.219254
12.899998 12.962559
11.599999 11.666382
11.599999 11.518469
11.2 11.226271
12.1 11.328209
11.2 11.271963
11.3 11.285006
11.900001 11.350333
11.400001 11.228933
11.1 11.117899
11.5 11.521736
11.599999 11.578077
11.3 11.3588
11.2 11.544588
11.3 11.43498
11.1 11.127342
14.1 13.546268
11.5 11.502607
11.1 11.146061
10.7 11.983406
11.5 11.437605
11.1 11.191889
11.900001 11.93161
11.2 11.47929
10.47675 10.539751
13.000009 13.131966
11.3 11.366312
12.799992 11.964529
11.2 11.295933
11.175794 11.150598
11.1 11.185761
11.254902 11.250927
11.599999 12.117392
11.1 11.210047
11.3 11.361473
13.1 11.580067
11.1 11.171373
11.7 11.887789
11.900001 11.8988285
11.8 11.8352
12.499997 12.592953
12.499997 12.6304
11.7 11.691977
12.399998 12.636057
11.1 12.565279
13.000009 12.921509
11.8 11.376854
12.637602 12.59865
11.2 11.224974
12.299998 12.198207
11.15 11.16338
11.3 11.203884
11.5 11.607935
9.79897 9.672086
9.70206 9.765554
11.900001 11.557333
11.2 11.873416
9.79897 9.717761
11.5 11.558472
11.2 11.190564
11.7 12.041201
11.2 11.224411
11.1 11.124616
11.8 11.884108
11.1 11.291214
11.5 11.495362
12.299998 12.233013
11.999998 11.742558
11.2 11.294209
11.599999 11.735506
11.1 11.232819
11.599999 11.694233
11.2 11.314594
11.8 11.846296
11.900001 11.776701
11.8 11.735346
11.2 11.2120495
12.499997 12.847902
11.392429 11.246809
14.700326 11.51444
11.7 11.29275
11.2 11.209562
11.900001 11.984083
11.8 11.962383
11.7 11.759888
11.900001 11.963654
11.599999 11.533885
11.1 11.357398
11.2 11.310786
11.8 11.808434
11.7 11.632114
11.1 11.128031
11.8 11.81538
12.020819 11.913562
11.1 11.18059
11.7 12.229281
11.900001 12.132227
11.900001 11.911177
11.2 11.214247
11.7 11.892348
11.400001 12.085735
11.900001 11.950247
9.47675 9.548613
11.999998 12.034029
13.1 13.095352
11.7 12.030057
11.900001 11.907436
12.199999 12.167653
11.2 11.332196
11.5 11.226774
11.599999 11.678715
11.1 11.165207
11.999998 11.942907
11.3 11.338087
11.8 11.254465
11.2 11.225728
11.2 11.355335
12.1 11.8823395
11.0 11.49008
9.79897 9.67429
11.5 11.4799595
11.1 11.14944
12.899998 12.507051
11.2 11.408035
11.7 11.266066
12.199999 11.796527
11.2 11.224635
11.8 11.798286
11.8 11.821707
11.5 11.520441
11.2 11.226605
11.900001 11.907507
11.900001 11.887964
12.1 12.050747
11.7 11.729445
11.5 11.780302
12.199999 11.98242
14.901343 14.092926
11.400001 11.234978
11.7 12.3457775
11.7 11.609554
11.900001 11.910097
11.343923 11.531427
11.599999 11.431102
13.897412 13.503399
9.1 10.584419
11.986056 12.504505
11.3 11.300318
10.1 11.592131
11.900001 11.904209
11.999998 12.1928425
11.599999 11.869156
11.49794 11.231037
12.622879 12.511274
12.399998 12.5360985
11.2 11.241716
11.7 11.672159
11.2 11.245831
11.1 11.211605
11.599999 13.005318
11.1 12.615849
10.49794 12.366028
11.254902 11.1758175
11.1 11.171288
11.5 11.644474
12.499997 12.417322
11.2 11.301029
11.8 12.417122
11.3 10.562857
11.2 11.268201
11.400001 12.074553
11.5 11.216387
11.2 11.406624
11.5 11.745686
11.3 11.476285
11.400001 11.342703
13.648455 14.173872
11.757577 11.875761
11.599999 12.178733
11.400001 11.440487
11.5 11.549608
11.5 11.706018
12.199999 12.083331
12.399998 12.247276
10.8 11.469458
11.49794 12.14818
11.8 11.509424
11.3 11.496857
11.2 11.344898
11.8 11.850542
13.699981 13.515982
11.400001 11.421345
10.49794 10.518679
9.79897 9.741701
11.400001 11.565273
13.000009 11.973719
11.1 11.153561
12.599997 13.47497
12.799992 12.676697
11.5 11.783958
11.5 11.469547
11.599999 11.750475
11.2 11.176006
13.321849 12.828096
11.8 11.880688
11.1 11.066635
15.999629 12.447287
11.1 11.131268
11.2 11.235067
11.5 11.686436
11.8 11.855936
11.7 11.825713
11.1 11.147068
11.5 11.605087
11.999998 12.402954
12.599997 11.79608
11.599999 11.734171
11.400001 11.499831
11.900001 11.952431
12.299998 11.952482
11.2 12.382307
11.2 11.2994995
13.399989 12.684105
11.5 11.567221
11.999998 12.530861
11.900001 11.898735
11.599999 11.627552
11.999998 12.504055
11.999998 12.117039
10.779135 11.229839
11.2 11.218035
12.199999 12.84955
11.599999 11.60894
11.900001 11.904457
11.599999 11.549667
11.2 12.699673
11.2 11.412949
11.599999 11.489487
14.901343 15.006277
11.599999 11.584455
11.8 11.872786
11.900001 11.344105
11.2 11.244734
11.2 11.305294
11.7 11.701649
11.1 11.212264
11.900001 11.997028
11.3 11.43289
10.1 12.331766
13.200015 12.943487
12.499997 12.662596
11.1 11.232376
11.8 12.231953
11.2 11.267577
10.3 10.938578
11.999998 11.986996
11.3 11.321369
11.1 11.200391
11.2 11.251469
11.543697 12.032288
11.7 11.864441
11.900001 11.889276
11.1 11.242679
11.900001 11.913246
11.1 11.159255
11.5 12.147983
11.999998 11.972464
10.622879 10.587932
11.710834 11.337236
11.900001 11.371548
13.1 12.748505
11.8 11.852564
14.329148 14.282976
14.923909 14.212124
11.8 11.776394
10.70206 10.829857
12.1 12.552797
11.900001 12.141141
11.400001 11.398914
12.1 11.898579
11.2 11.21056
11.5 12.323244
11.900001 11.922087
11.69176 11.88489
11.1 11.20014
11.3 11.280939
11.900001 11.879353
11.3 11.391262
11.900001 11.408079
11.3 11.355024
11.3 11.552483
11.56133 11.472832
11.1 11.148058
14.299971 14.365356
11.8 11.787909
11.5 11.685978
12.399998 11.798096
11.5 11.562958
11.999998 11.997276
11.2 11.316202
11.8 11.786604
11.2 11.212572
11.599999 12.017706
11.1 11.844448
12.199999 12.190496
12.1 11.856215
11.5 11.598122
14.1 13.920734
11.3 11.284937
11.8 11.809481
11.8 11.810851
11.5 11.37818
11.2 11.315815
12.199999 11.556887
11.578862 11.288346
11.3 11.295313
12.1 11.934998
11.400001 11.542974
11.900001 11.787018
11.8 12.027654
12.300659 12.336552
11.2 11.278969
12.199999 12.155218
12.699998 12.670568
11.3 11.277522
11.8 12.163413
11.2 11.444496
11.3 11.291632
12.1 12.298021
11.1 11.148363
11.7 12.191347
11.5 12.234438
12.199999 11.991095
11.1878605 11.192488
12.799992 13.043964
11.599999 11.4536
11.254902 11.002643
12.1 12.095856
14.321849 14.50284
11.7 11.726164
11.8 11.816401
11.49794 11.220243
11.400001 11.56822
11.900001 12.012802
11.2 11.240452
11.2 11.55595
11.5 11.441986
11.2 11.204054
11.2 11.30563
12.599997 13.073248
11.900001 11.94058
11.1 11.272974
12.1 12.158165
11.2 11.278318
11.2 11.218082
12.499997 13.06682
11.404665 11.293373
11.2 11.245968
11.999998 11.943485
11.599999 11.730307
10.1 9.970488
11.900001 11.900938
13.399989 13.670315
13.737937 13.849985
11.7 11.740084
11.3 11.462469
11.3 11.303736
11.953872 12.190279
12.499997 11.926594
10.1 10.130137
11.1 11.27017
13.299971 13.310442
11.400001 11.447132
11.2 11.225044
11.3 10.702705
11.900001 11.816013
11.1 11.12537
10.1 10.281876
10.1 10.192713
11.3 11.24321
14.901343 13.582523
11.599999 11.518452
11.3 11.259802
12.180922 11.8988285
9.79897 9.724089
11.3 11.823405
11.400001 11.4623375
11.1 11.156734
11.1 12.138466
10.79897 11.277612
11.599999 11.9320755
13.321849 13.334372
14.999629 14.722506
12.058607 11.659176
11.2 11.232632
11.5 11.678699
11.1 11.1335945
11.599999 11.411221
11.1 11.214937
11.2 11.513242
11.2 11.513348
11.599999 11.236063
11.5 11.445761
14.162119 13.864086
11.2 11.215517
11.8 11.776976
11.3 11.6047
11.2 11.285566
11.1 11.5755005
11.2 11.240551
11.1 11.5169525
11.1 11.223883
11.8 11.808527
11.1 10.969486
11.2 11.29187
11.5 11.497133
12.278486 12.14122
11.400001 11.351603
11.7 11.380819
11.9041 11.901318
14.901343 14.74695
11.2 11.174593
11.8 11.98064
11.1 11.163299
11.2 11.173454
12.427902 13.880613
11.599999 11.509651
11.3 11.255831
14.1 13.8805065
11.5 11.925396
11.7 11.661985
11.2 11.214417
11.1 11.151759
11.1 11.2076845
11.1 11.119236
11.900001 11.939714
11.2 11.634973
11.349999 11.539562
11.900001 11.974327
11.2 11.303307
11.1 11.202717
11.1 11.158337
11.1 11.051161
11.7 11.387197
15.508935 14.943901
11.5 11.77713
11.400001 11.361398
12.299998 11.848795
11.599999 12.051252
13.375724 13.688974
11.8 11.712173
12.1 12.1887865
11.2 11.307583
11.1 11.174431
14.307609 15.205759
11.198147 11.0622425
11.3 11.510786
11.1 11.1491585
12.399998 11.804581
12.953872 13.136431
10.79897 11.573008
11.3 11.297056
10.5 11.299202
12.499997 11.888699
12.599997 11.594946
11.8 12.033201
11.2 11.194519
11.400001 11.27088
11.400001 11.465797
11.5 11.474535
12.499997 12.023899
11.3 11.799534
11.0 10.995735
12.599997 12.521574
12.199999 12.099274
13.699981 13.980307
11.2 11.1987295
12.399998 12.948061
11.2 11.478703
11.900001 11.90546
11.8 12.031202
11.321849 11.234365
11.3 11.3580265
11.400001 11.464094
11.5 11.382523
11.2 11.254961
13.299971 12.144112
11.1 11.368252
13.399989 12.542297
11.599999 11.324778
11.2 12.267683
13.200015 12.735088
11.599999 11.673191
13.461511 13.032785
11.900001 11.799551
10.555932 10.538536
11.3 11.122601
11.7 11.705906
11.5 11.50326
11.2 11.245974
11.900001 11.920934
12.399999 12.469164
11.900001 11.935993
11.900001 11.908725
11.900001 11.8825
12.599997 12.562891
11.3 11.37094
11.900001 11.629944
13.058607 12.384546
11.8 11.82947
10.40103 10.512063
11.5 11.651539
11.5 11.549156
12.799992 11.303684
14.200179 13.3440075
11.006578 10.600164
11.999998 11.36198
11.5 11.344402
11.2 11.214773
11.7 11.780994
10.622879 10.673506
11.400001 11.68401
12.020819 11.934536
11.336514 11.39905
12.1 12.539618
11.1 11.153395
14.200179 13.096539
11.1 11.93131
9.890485 9.844725
12.351812 12.362087
14.79897 14.588541
12.1 12.362865
11.8 12.477343
11.1 11.164633
11.599999 11.734857
11.1 11.169663
12.1 12.435818
14.49794 13.3745
11.2 11.3819065
11.7 11.716654
13.508935 13.610037
11.2 11.816452
12.359379 11.46015
11.392429 11.272879
11.599999 11.847133
12.799992 12.620619
11.3 11.794512
11.1 11.38809
11.1 11.184502
11.1 11.142908
11.999998 11.937464
11.400001 11.457842
11.1 11.164234
11.1 11.213033
11.3 11.655711
11.3 11.486577
12.399998 12.277134
12.199999 12.073284
11.435792 11.469507
11.7 11.82436
11.1 11.0398655
12.199999 11.75759
11.400001 11.488329
11.3 11.473303
11.1 11.216166
14.1 14.042339
13.000009 11.217501
13.899971 13.516308
11.900001 11.934118
13.299971 12.51123
12.699998 11.824345
11.900001 11.911602
10.2 10.283876
11.3 11.462812
11.2 11.49371
10.4 10.313736
11.1 11.183891
11.900001 11.883739
11.900001 11.829458
12.1 11.952667
10.4 10.355955
11.7 11.883186
10.543697 10.644018
11.1 11.144989
11.1 11.437859
11.900001 11.916973
11.2 11.203682
11.7 11.8261385
11.1 11.149845
11.3 11.273712
12.899998 12.084969
11.7 11.888498
11.400001 11.3372135
11.1 11.248596
11.2 11.655529
13.299971 13.539843
12.699998 12.560047
11.3 12.12359
13.200015 13.947672
11.2 11.19953
11.999998 11.984459
10.4 10.522564
11.1 11.114958
11.900001 12.078558
11.3 11.300768
12.699998 11.946026
11.7 12.145914
11.8 11.810333
11.3 10.987642
11.2 11.198411
11.1 11.151976
11.1 11.311296
11.400001 11.349659
11.1 11.200172
11.400001 11.480682
11.2 11.551862
11.1 11.07395
11.2 11.193474
11.5 11.682923
11.3 11.291592
11.8 11.491583
11.3 11.290773
11.900001 11.865423
11.1 11.709076
12.1 11.4355755
11.5 11.208809
11.1 11.117859
10.40103 10.509745
11.900001 11.91935
11.1 11.2152195
11.2 11.38924
11.5 11.786248
11.1 10.942803
11.1 11.223731
12.199999 11.872187
11.7 11.734734
13.200015 12.85004
11.3 11.22809
11.1 11.133233
9.40103 9.317294
11.1 11.345815
11.2 11.249121
12.399998 12.332485
11.599999 11.721776
11.2 11.455994
12.399998 12.265209
14.321063 14.678839
11.7 11.560862
11.3 12.057253
11.5 11.641386
11.1 11.109465
11.66225 11.678768
11.2 11.490463
11.637602 11.309467
11.5 11.856201
11.2 11.21576
14.622879 14.73362
11.8 11.434755
11.900001 11.919815
11.463512 12.46394
10.2 10.565247
11.2 11.23138
10.70206 10.759422
11.8 11.868027
11.7 11.772421
11.5 11.541645
11.1 12.000206
11.2 11.205791
11.999998 11.925353
11.2 11.219749
11.2 11.192984
11.3 11.347015
11.7 11.646542
12.899998 13.047617
11.1 11.232754
11.2 11.693823
11.1 11.143055
11.599999 11.652702
11.321849 10.864519
11.1 10.649736
10.6 10.515484
13.500008 13.937098
11.8 11.362856
12.599997 12.43903
10.2 10.516281
11.5 11.554958
11.1 11.241816
11.1 11.192251
10.1 10.145107
11.2 11.177038
11.1 11.560463
10.40103 10.332293
11.2 11.320565
11.400001 11.428076
11.1 11.1908865
10.5 10.6364975
11.5 11.611186
11.1 11.212198
12.399998 12.309914
11.2 11.240538
14.200179 13.877714
11.3 11.309702
11.2 11.45491
11.2 11.217201
13.399989 12.884972
13.1 12.057669
11.5 11.56454
11.1 11.008562
14.261151 13.831127
11.3 11.403324
9.79897 9.757847
11.2 11.231712
11.8 11.881506
11.599999 12.132267
13.800057 13.581673
13.066142 12.6936455
10.8 10.561987
11.400001 11.302324
11.8 11.816425
11.3 11.336374
11.1 11.164505
11.1 11.175182
10.1 10.21718
9.79897 9.677396
11.7 12.202499
11.8 11.80117
12.058607 11.304094
11.1 11.311262
11.999998 12.1822815
11.400001 11.463793
11.400001 11.404857
11.1 11.380501
11.900001 11.553469
11.599999 11.793898
11.1 11.036732
14.219187 14.680546
11.5 12.062216
11.1 11.1707535
11.1 11.202122
11.599999 11.27042
11.3 11.355005
10.79897 10.517525
11.2 11.593174
11.2 11.231276
11.1 11.147341
12.299998 12.165913
11.2 11.185139
13.000009 13.271433
12.427902 11.268412
11.5 11.689019
11.1 11.101408
11.400001 11.274429
10.1 10.155231
11.3 11.275509
12.794648 12.451679
10.40103 10.50433
11.40103 11.368645
11.7 11.7766285
11.2 11.274292
10.9 10.665653
11.900001 11.917509
11.3 11.376686
11.900001 12.054441
11.2 11.192926
11.2 11.670052
13.267491 13.710508
11.400001 11.511656
12.199999 12.385212
11.7 11.738785
9.79897 9.663742
11.599999 11.424759
11.1 11.213448
11.7 11.756338
11.2 11.223362
11.5 11.66848
11.2 11.134922
11.900001 11.962292
11.2 11.187298
11.999998 11.916355
11.5 11.484123
11.8 11.86084
11.900001 12.027483
12.899998 12.829149
10.622879 11.098541
11.999998 11.678644
11.400001 11.478024
10.622879 10.734171
11.629299 11.954073
11.2 11.350422
11.2 12.224417
11.1 11.068657
11.2 11.219393
11.1 11.136759
12.1 12.051972
11.8 11.89365
11.599999 11.241989
11.3 11.160347
12.1 11.778174
11.400001 11.38229
11.5 11.534412
11.1 11.209087
11.5 11.67325
12.299998 11.738638
14.999629 14.455742
11.5 11.566223
11.999998 11.973135
13.1 12.536047
11.400001 11.389284
12.378189 12.518024
14.49794 13.708351
11.8 11.549231
11.999998 12.266212
11.7 11.839315
11.5 11.60435
11.1 11.466265
11.3 11.448488
15.1 14.358526
11.400001 11.335808
11.8 11.919217
11.2 11.187695
11.1 11.11227
13.122276 13.084108
11.7 12.013363
10.1 10.258427
11.1 11.076804
11.2 11.218939
11.900001 11.900028
11.3 11.491249
14.1 14.087446
11.1 11.316812
12.499997 12.472733
11.2 11.179499
12.899998 12.590851
11.1 11.174376
11.1 11.197819
10.923909 10.848343
13.1 13.433235
11.7 11.787903
11.5 11.546865
11.900001 13.414564
11.3 11.407055
11.5 11.570782
11.0 10.583115
11.2 11.21458
11.2 11.259668
13.000009 13.693214
10.555932 10.846811
11.8 11.839551
11.900001 11.885071
11.1 11.460022
12.299998 12.041567
11.2 11.204107
12.1 11.44508
11.359637 10.631485
11.3 11.25234
11.1 10.661293
12.1 11.948383
13.581486 13.771694
11.2 11.233126
11.2 11.267165
11.400001 11.495965
11.900001 12.529827
14.1 14.156708
11.1 12.582264
11.1 11.161161
12.399998 12.292503
12.1 12.168772
11.2 11.620132
11.555932 11.835231
11.900001 11.907545
11.400001 11.410814
11.400001 11.575472
11.2 11.249681
12.020819 12.1062565
10.2 10.639299
11.1 11.138697
11.2 11.096999
12.699998 12.801956
11.3 11.31488
11.8 11.3028145
12.367606 12.134551
10.4 10.274265
11.3 11.278055
11.1 11.110594
11.900001 11.935274
11.2 11.23575
11.2 11.191153
11.599999 12.149094
11.1 11.20594
11.8 12.014036
11.400001 11.141613
12.399998 12.389544
11.7 11.403148
11.400001 11.593874
11.5 11.490107
11.900001 11.88287
11.400001 11.391859
10.8 10.835831
11.2 11.199703
11.8 11.8595085
11.2 11.247318
10.1 10.175074
14.777781 14.885103
11.5 11.748053
11.8 11.142153
12.760172 11.272694
10.9 10.801381
13.999974 14.8821945
11.1 11.203955
14.622879 14.960417
11.101305 12.278799
11.1 11.078888
14.400163 14.51729
10.719789 10.55497
11.400001 11.217414
11.900001 11.940861
11.1 11.187441
11.900001 13.1433735
11.2 11.234505
11.7 11.660677
11.1 11.392485
11.5 11.703737
11.777781 11.175995
11.3 11.313063
11.599999 11.634001
11.599999 11.546352
12.1 11.3004875
11.2 11.337145
11.5 11.542968
12.199999 11.98502
12.461511 12.744486
11.1 11.140793
11.1 11.212507
11.1 11.121141
11.2 11.372818
11.3 11.317776
11.5 11.383781
11.900001 11.970909
11.8 11.734995
12.1 11.133215
11.599999 11.65126
11.3 11.305666
11.2 11.4843025
11.7 11.78919
11.8 11.743071
11.900001 12.046272
11.5 11.389587
11.900001 11.892021
12.499997 12.381187
11.3 11.591591
11.2 11.2460785
11.400001 11.432377
13.1 13.395306
11.5 11.429279
11.1 11.186786
11.5 11.568834
13.351812 13.398367
11.3 11.273743
11.1 11.093763
11.599999 11.192429
11.2 11.24198
11.3 11.695755
11.5 11.478382
11.1 11.285309
11.599999 11.891464
13.1 13.099707
11.3 11.320547
11.1 11.137053
10.1 10.124973
14.299971 12.622883
11.3 11.392784
11.599999 11.670843
12.040815 12.415533
11.5 11.593249
10.9 11.854286
11.1 11.183924
11.999998 12.418381
10.622879 10.346626
11.1 11.215289
11.2 11.261904
11.2 11.276987
10.662469 11.470533
11.599999 11.51823
11.1 11.139786
11.400001 11.316055
11.1 11.096516
11.599999 11.537592
11.1 11.20701
14.8447275 14.324205
13.899971 13.683464
11.2 11.42411
11.2 11.204271
13.899971 13.792103
11.1 11.197781
11.8 11.41432
11.900001 11.760664
11.5 11.489336
11.400001 11.860456
12.199999 11.595522
11.900001 11.977491
11.999998 11.92808
10.70206 10.653373
11.2 11.792631
12.499997 12.706686
11.2 11.213839
11.5 11.606831
13.800057 12.848965
12.051963 11.871117
11.900001 11.924338
10.1 10.1448765
11.1 11.046991
12.1 11.839848
11.599999 11.356884
11.2 11.237326
13.600039 14.301926
11.2 11.548687
14.299971 14.069927
12.899998 12.662907
11.400001 11.449795
11.1 11.139767
11.5 11.677482
12.299998 11.777706
11.999998 11.998716
11.3 11.255041
11.5 11.551047
11.8 11.9326
10.622879 10.931028
13.999974 13.337677
11.2 11.33596
11.8 11.846233
11.900001 12.163839
11.2 11.237995
11.5 11.523836
11.5 11.534878
11.599999 11.565577
11.7 11.630421
11.2 11.189688
11.2 11.266424
12.1999855 12.048143
11.1 11.167063
11.900001 11.9036045
11.2 11.238427
11.3 11.267602
11.999998 11.754035
11.999998 11.857447
11.900001 11.890619
11.7 11.718043
11.2 11.243435
11.1 11.06172
12.399998 12.441559
12.499997 11.536156
11.5 10.652565
11.900001 11.909494
11.599999 11.845785
11.400001 11.29838
12.599997 12.916403
11.900001 11.914082
11.900001 11.915857
11.1 11.102308
11.8 11.780411
11.900001 11.911997
11.900001 11.89943
14.40103 11.08127
11.3 11.370071
11.900001 11.935387
13.2704735 12.832991
11.900001 12.143953
11.2 11.216551
13.699981 13.833572
13.800057 13.76622
9.79897 10.129789
11.3 11.451424
11.5 11.512598
11.999998 11.993067
11.999998 11.501991
12.699998 13.210875
12.299998 12.718121
11.900001 11.93177
11.599999 11.981083
11.3 11.424694
12.499997 11.96903
11.400001 11.647421
11.999998 11.985167
12.499997 12.429819
11.1 11.100395
13.399989 13.643158
10.622879 10.70392
11.400001 11.740215
13.321849 13.448753
11.2 11.255325
11.2 11.200613
11.400001 11.5260105
11.2 11.201526
11.3 11.391207
12.399998 12.552656
11.3 11.927561
11.1 11.189444
11.1 11.173016
13.1 11.492231
11.599999 11.698578
11.3 11.2387085
11.5 12.536629
12.359637 12.211472
12.699998 13.277916
11.7 11.871946
11.1 12.281727
11.400001 11.425995
11.3 12.499422
11.5 11.863665
11.7 11.739452
11.900001 11.861437
11.900001 11.896349
11.7 11.928644
12.299998 12.41074
11.5 11.785866
14.299971 14.930511
11.400001 11.511717
11.1 11.188641
11.2 11.234349
13.1 13.116814
11.7 13.087372
12.900001 12.889458
11.3 11.347881
12.79897 12.696833
11.2 11.298628
11.900001 11.711056
13.1 12.855328
11.3 11.199197
11.900001 11.909834
11.1 11.201014
12.199999 12.416323
12.599997 12.666763
12.699998 12.073938
10.70206 10.729345
12.555932 12.57078
11.1 11.153002
11.2 11.248163
11.1 11.154107
11.2 11.244877
11.900001 12.484535
12.21351 12.664225
12.19691 12.121707
13.1 11.871191
11.5 11.532322
11.599999 11.442506
11.2 11.471918
12.599997 12.3795185
11.79897 11.856461
11.900001 11.855772
11.8447275 12.534386
13.899971 13.761564
11.530626 10.768255
11.5 11.866211
11.999998 11.949827
12.128261 10.763869
11.999998 11.969164
11.900001 11.931246
11.5 11.548182
11.8 12.078695
11.40103 11.363281
11.900001 12.03993
12.199999 11.698713
12.1 12.141304
11.900001 12.08107
11.599999 11.647192
11.239147 11.272091
11.555932 11.036505
10.40103 10.624978
11.7 11.816717
11.2 11.170326
11.5 11.831167
12.799992 12.959528
11.3 11.465118
11.2 11.256025
11.900001 11.946398
11.599999 11.339981
11.5 11.599066
11.999998 11.708866
10.145758 10.245708
12.599997 11.60223
11.400001 11.430191
11.3 11.492558
11.900001 11.911451
12.499997 13.294359
11.2 11.238247
11.599999 11.710801
11.5 11.385155
11.7 11.705812
11.400001 11.762291
11.8 11.839521
12.699998 12.286427
12.1 11.95657
11.400001 11.487688
11.2 11.181231
11.400001 11.50085
11.2 11.183885
11.5 11.575809
11.2 11.20767
11.1 11.097872
10.224938 10.196518
11.5 11.4913435
11.2 11.336969
11.8 11.377081
11.2 11.2127495
11.2 11.430968
12.399998 11.9735985
10.7 10.765165
11.7 11.554955
11.900001 11.9167
11.400001 11.792244
12.1 12.190495
11.8 11.80147
11.5 11.611186
11.2 11.251219
11.7 13.315481
11.900001 11.905847
11.3 11.497902
11.1 11.18199
12.899998 11.809275
11.900001 12.010321
10.2 10.406218
11.400001 11.409243
11.1 11.271202
10.4 10.667221
11.2 11.224028
11.599999 11.619547
10.1 10.686287
11.2 11.330927
10.4 10.458333
12.199999 12.475107
11.900001 11.932234
11.7 11.73921
11.1 11.309198
11.2 11.685492
11.2 11.2166605
11.2 11.255142
11.599999 11.521095
11.999998 12.37277
11.599999 11.621241
12.599997 12.476154
11.1 11.17856
11.1 11.277712
10.40103 10.436926
11.7 11.705537
11.543697 12.66264
13.299971 12.378868
11.76354 12.070518
11.400001 10.948069
11.8 12.122687
11.1 11.175535
11.7 11.74893
13.999974 12.189718
11.8 12.292791
11.3 11.257511
11.2 11.235945
12.19691 11.049851
12.199999 12.233477
11.900001 11.934517
13.15061 12.654074
11.3 11.311028
11.3 11.318772
11.1 11.155958
13.1 12.233269
11.66117 11.478773
13.869806 12.748285
11.3 11.453076
11.1 11.08279
11.3 11.453336
11.599999 11.640903
14.600313 14.768799
13.020819 12.604221
11.8 12.099876
11.8 11.906456
11.535334 11.4800205
11.2 11.204161
11.599999 11.7036295
11.7 11.770834
11.900001 11.848522
11.8 11.86367
11.3 11.270123
11.1 11.546991
12.299998 11.193762
11.230768 11.685783
11.5 11.576441
11.2 11.398762
10.4 10.490435
11.8 12.77338
11.999998 11.932953
11.5 12.0169525
11.599999 11.714336
14.200179 14.099123
12.499986 12.147469
12.299998 12.433016
11.7 12.51689
11.7 11.720045
11.900001 11.910343
11.3 11.295593
11.5 11.659008
11.1 11.151239
13.1 12.12858
11.400001 11.463959
11.3 11.351351
11.7 11.286163
11.2 11.24589
11.5 11.505092
14.999629 15.359909
12.499997 12.4507675
11.1 11.233536
11.0 10.676771
11.1 10.867577
11.900001 11.936373
11.400001 11.418951
11.1 11.128511
12.926814 13.023735
11.2 11.255705
11.3 11.311506
10.9 10.399002
12.1 11.973151
11.1 11.11478
11.3 11.233505
11.900001 12.135969
12.1 12.195743
11.2 11.293516
11.900001 11.974125
11.5 11.891064
11.5 11.545359
11.8 11.045004
11.8 11.568913
11.7 12.021961
11.7 11.527086
11.2 11.140241
14.058607 14.384346
11.999998 12.161105
11.2 11.379951
11.900001 12.001855
12.1 12.063734
11.8 12.031082
11.999998 12.162006
12.536519 12.239187
11.2 11.203282
11.2 11.576885
9.79897 9.639053
11.2 11.213745
9.40103 9.312215
11.560548 12.090239
10.40103 10.67211
11.7 13.184908
11.5 11.637693
11.3 11.2953415
11.1 11.137149
11.2 11.330688
11.2 11.180569
10.145758 10.062841
11.3 11.1650715
11.2 11.173296
11.19691 11.225683
15.1 14.439396
11.8 11.601976
11.1 11.160111
11.3 11.293385
11.2 11.467902
11.1 11.295179
12.51862 12.134266
11.900001 11.934084
11.900001 11.933645
11.8 11.595955
11.1 11.472597
11.5 11.5975685
11.3 11.539207
11.3 11.815325
11.2 11.334784
13.999974 13.364332
11.900001 11.977629
12.199999 11.936489
11.7 11.762188
10.8 10.957647
11.400001 11.506476
12.1 11.639533
11.900001 11.912859
11.599999 12.368139
11.944213 11.375114
11.2 11.444471
11.3 11.376455
12.759379 12.210911
11.145758 11.726717
11.2 11.462475
11.599999 11.802763
13.500008 12.143408
11.599999 11.560281
11.2 11.227329
11.900001 11.901232
11.599999 11.854519
11.3 11.261078
12.199999 13.074926
11.900001 12.058687
11.2 11.317726
11.8 11.75964
12.699998 12.698753
10.70206 10.747248
11.8 11.733454
10.3 10.395561
11.599999 12.02747
11.375724 11.102142
11.900001 11.8801565
11.2 11.457607
11.1 11.148008
11.3 11.157549
11.1 11.186876
13.299971 13.202063
11.900001 11.698175
11.1 11.160572
11.2 11.233795
12.799992 12.622967
11.900001 11.922766
11.2 11.201866
11.1 10.822357
11.8 11.833567
11.1 11.223602
11.599999 12.161297
11.2 11.543863
11.2 11.272707
11.1 11.205385
11.2 11.214491
11.400001 11.631104
10.122276 10.08539
11.1 11.205767
13.999974 13.394335
11.900001 11.887237
11.900001 11.8929405
11.900001 12.050238
11.900001 11.850171
10.9 10.635996
11.599999 11.400421
11.3 11.525058
13.600039 13.968033
11.2 11.539078
11.2 11.237682
11.5 11.622101
11.8 12.178593
11.2 11.220708
11.900001 11.96916
12.499997 12.0047455
9.79897 9.779367
11.400001 11.43702
11.2 11.274025
12.299998 11.961149
11.900001 11.918322
11.999998 11.350283
11.2 11.361759
11.1 11.048649
11.8 11.918369
11.900001 11.943512
11.7 11.714996
13.050004 13.0688305
10.901343 10.821491
13.899971 13.268881
10.830955 10.671257
11.999998 12.13733
11.900001 11.893117
11.2 11.501183
11.3 11.372049
13.1 12.921591
11.1 11.179991
11.175305 11.30157
11.1 11.175835
11.8 12.543562
14.700326 15.026979
11.900001 12.111187
11.1 10.948826
11.400001 11.387033
12.1 11.760306
11.2 11.255362
11.599999 11.674936
12.1 12.07613
11.900001 11.316483
11.7 11.377745
10.6 10.728416
11.5 11.544218
11.5 11.548092
11.8 11.855377
11.118106 11.152397
12.299998 11.599736
11.7 11.726753
11.3 11.5005865
11.599999 11.006662
11.1 11.167686
11.1 11.190599
13.699981 12.977131
13.622879 13.680687
13.299971 14.364443
11.1 11.156624
11.400001 11.307575
10.622879 10.648224
11.8 11.800301
11.1 11.129091
11.599999 11.6152525
11.1 11.158115
12.899998 12.3893795
11.2 11.2460575
11.900001 11.919449
11.7 12.391333
10.70206 10.774902
11.7 11.82993
11.5 11.501594
11.5 11.491493
11.400001 11.737848
11.400001 11.432446
12.40103 12.446136
14.065731 14.848793
11.1 11.499432
11.7 11.681454
11.8 11.816719
11.7 11.719439
11.5 11.438584
11.3 11.494922
11.7 11.671511
11.45 11.452442
11.574222 11.550331
11.3 11.30932
11.400001 11.23974
11.2 11.204075
11.2 11.198357
11.900001 11.892377
11.2 11.196012
11.5 11.684353
11.2 11.25218
11.367606 10.422035
11.1 11.236544
11.1 11.165538
11.8 11.804005
11.999998 12.107088
11.599999 11.720184
11.2 11.305187
11.2 11.266321
11.999998 11.562222
12.299998 12.254244
10.1 10.019556
11.599999 11.622154
11.5 11.957575
12.699998 12.386875
11.2 11.2890415
11.8 11.784554
10.40103 10.442209
11.2 11.12923
11.2 11.201946
11.900001 11.948151
11.2 11.48511
11.900001 11.896475
11.7 11.883183
12.599997 12.801954
11.999998 11.953913
11.2 11.215023
10.321849 10.278546
13.000009 13.885071
11.2 11.306498
11.8 11.929578
11.599999 11.445854
11.8 12.215839
11.1 11.277283
11.1 11.113256
11.2 11.196239
11.2 11.233561
10.1 10.19701
11.1 11.20229
11.1 11.188306
11.1 11.253641
11.7 12.051249
13.1 11.514589
11.599999 11.195135
12.899998 13.701008
11.8 11.726072
12.599997 12.557545
11.5 11.610519
11.7 11.749157
11.5 12.190113
11.5 11.442501
10.70206 10.816734
11.900001 11.888607
11.2 11.19088
11.2 11.287876
11.2 11.228687
12.699998 11.637251
11.2 11.482431
11.599999 11.595045
11.400001 12.583288
12.399998 12.478973
11.900001 11.896883
11.900001 11.902184
11.7 11.864521
11.2 11.355152
11.3 11.412827
13.399989 13.067791
11.2 11.253172
11.7 11.805929
11.2 11.432236
13.200015 12.627531
14.09948 13.095852
12.199999 12.739113
11.1 11.473141
11.400001 11.541124
11.2 11.2156515
10.40103 10.543993
13.800057 13.675066
11.400001 11.349775
12.140959 11.178227
11.2 11.255749
11.890485 12.617273
11.1 11.196431
11.5 11.438602
11.599999 11.604323
11.1 11.314224
11.7 11.712788
11.5 11.953447
11.599999 12.165243
11.599999 11.644278
11.400001 11.303114
11.1 11.363874
11.5 11.687191
11.900001 11.939301
13.046922 12.726618
11.7 11.951584
11.3 11.416391
11.1 11.619221
11.2 11.2013
13.1 13.724424
14.79897 14.614
10.8 10.77216
11.202373 12.171492
11.900001 11.925034
11.1 11.513395
11.599999 11.646891
11.7 11.744646
12.199999 12.5187645
11.108774 11.216961
12.399998 12.01461
11.3 11.560766
11.2 11.302555
11.400001 11.550555
10.3 10.610225
13.1 12.838446
11.400001 11.858246
11.799998 11.870342
13.600039 12.756849
10.79897 10.748518
11.2 11.321661
11.2 11.254559
11.1 11.289772
11.900001 11.908098
11.1 11.186991
11.5 11.499012
11.869551 10.953157
12.399998 12.264431
11.400001 11.3386345
13.854961 10.816322
12.699998 11.631289
12.499997 11.804947
11.1 11.164898
12.499997 12.097967
10.608639 12.266087
11.1 11.366635
11.3 11.218914
11.5 12.179814
13.409804 13.112913
11.2 10.836562
11.900001 11.886482
11.599999 11.731089
11.3 11.528906
11.8 12.243671
11.140959 11.480009
12.1 11.842155
11.2 11.247929
11.900001 11.829637
12.1 11.865967
11.2 11.219002
14.280456 14.510578
11.900001 11.903341
10.2 10.25374
11.3 11.409666
11.1 11.049899
11.3 11.3031025
11.5 11.604051
11.599999 11.562988
11.3 11.6253395
11.599999 11.220585
11.8 11.837961
11.900001 11.935636
10.5 10.584963
11.2 11.5398445
11.5 12.079081
12.199999 11.344059
11.2 11.215652
11.900001 12.30695
11.3 11.822016
11.7 11.7346
11.5 11.518313
14.999629 14.743425
11.400001 11.262318
11.3 11.323593
10.40103 10.356903
11.5 11.501424
12.199999 12.558826
11.8 11.814457
9.79897 9.669874
11.400001 11.330069
11.8 11.802734
11.3 11.278635
11.106614 11.168472
11.3 11.881355
11.999998 11.408314
11.599999 12.521563
13.299971 12.612911
13.29382 13.507555
12.1 11.43911
11.999998 12.57966
11.2 11.233738
11.8 11.858879
11.400001 11.248995
11.1 11.118292
11.40103 11.565607
11.999998 12.700083
11.5 11.436927
11.8 12.333061
11.400001 11.951277
11.599999 12.941908
11.8 11.82996
11.1 11.179814
11.8 11.869461
11.900001 11.97352
10.1 10.217619
11.900001 11.801359
10.1 10.140095
12.899998 12.596464
11.8 11.831852
11.900001 11.904127
11.8 11.918661
13.409804 12.338586
11.2 11.241856
11.7 11.67874
13.999974 14.216286
11.2 11.323848
12.690067 13.325838
13.47675 13.53997
11.599999 11.568445
13.800057 13.725904
13.999974 13.053846
10.4 10.450743
11.599999 11.964249
12.699998 13.228649
11.5 11.514774
11.1 11.43655
11.1 11.31752
11.900001 11.901792
11.599999 11.784718
11.8 11.573434
11.2 11.34324
11.1 11.178925
11.400001 11.490608
11.900001 11.903015
11.999998 11.9287405
11.5 11.555434
11.5 11.559359
10.40103 10.236086
11.999998 11.415672
11.900001 11.660362
11.1 11.119249
11.2 11.210798
12.299998 11.77758
11.3 11.651474
11.1 11.169495
11.5 11.616159
12.799992 13.329514
11.1 11.316908
12.633132 12.443674
11.8 11.68239
13.600039 13.08507
11.1 11.13995
14.145758 14.06489
14.200179 14.634991
11.1 11.291973
11.3 11.312347
11.2 11.406443
11.7 11.79645
12.699998 13.123013
10.70206 10.763063
14.1 12.203767
11.2 11.457081
12.1 12.183495
13.500008 14.502424
11.5 11.645101
11.5 11.721731
11.2 12.193992
11.2 11.329913
10.70206 10.750257
11.2 11.636028
13.299971 13.495146
11.2 11.392237
11.7 11.734566
9.79897 9.73782
11.7 11.530384
11.900001 11.805522
12.799992 13.069466
11.400001 11.661226
11.1 11.172676
11.2 11.221227
11.5 11.580505
11.900001 11.843407
10.40103 10.499518
11.1 11.100298
11.5 11.543491
11.3 11.715479
11.8 11.858873
11.5 11.588661
11.1 11.2250805
10.986056 10.2323265
12.199999 13.068743
11.3 11.5771675
11.79897 11.999228
11.8 12.086691
11.8 11.19783
11.5 11.358297
10.738272 10.668171
11.2 11.2018795
11.2 11.173651
11.738272 11.609959
13.399989 11.798971
12.1 12.291103
11.3 11.3781395
14.200179 13.276194
11.1 11.149012
12.1 11.983823
12.919643 12.5414295
11.2 12.395018
12.599997 12.566597
13.299971 13.0614395
11.1 11.1821995
14.652842 14.393105
11.1 11.146137
11.8 11.8043995
11.3 11.305975
11.900001 11.850193
11.8 11.6911545
11.2 11.215815
11.8 11.750359
11.900001 11.920154
11.900001 11.904006
11.8 11.801994
11.7 11.725735
11.2 11.27321
13.500008 12.877325
11.599999 11.8452015
11.585452 12.454575
12.299998 11.483494
10.8 11.102436
11.8 12.095506
11.900001 11.903934
11.3 11.381809
11.719789 11.769367
11.5 11.436279
11.900001 11.903139
11.8 11.868076
11.2 12.17654
13.299971 12.786642
11.1 11.284658
11.2 11.344833
11.400001 11.530306
11.400001 11.523382
11.400001 11.516964
11.3 11.412456
12.699998 12.0543375
14.49794 15.062258
11.1 11.14192
11.900001 11.908115
11.999998 11.939903
11.3 11.56189
11.2 11.406553
12.1 11.919022
11.5 11.524954
11.1 11.127457
11.8 11.383749
11.900001 12.688181
12.399998 12.074099
11.900001 12.079598
11.999998 11.928836
11.2 11.238186
13.699981 13.050079
11.1 11.172144
11.400001 11.595926
12.699998 12.7182255
11.2 11.1894245
13.899971 14.357607
11.7 12.224473
11.900001 11.85265
11.999998 12.038731
10.70206 12.697378
11.2 11.208328
11.400001 11.408712
12.599997 11.955311
11.5 11.497871
11.900001 11.825878
11.400001 11.520123
11.7 11.702446
11.1 11.2418785
13.1 13.448305
11.900001 11.694132
11.400001 11.635271
11.400001 11.443821
10.1 10.3237505
11.400001 11.467508
11.2 11.234198
12.02263 12.913254
11.2 11.257853
12.499997 12.520277
12.199999 11.363442
11.2 11.177679
13.800057 13.304266
11.3 11.464571
11.3 11.304124
10.1 11.793596
13.299971 13.516075
10.3 11.964361
14.299971 12.278061
11.1 11.401328
11.900001 12.011326
11.2 11.352015
11.1 11.196947
11.599999 11.692677
11.212469 11.254454
13.699981 13.4088745
11.400001 11.462877
11.180922 11.232739
10.622879 10.947472
12.499997 13.221909
10.70206 10.698846
12.599997 12.216074
12.299998 12.16414
11.599999 11.448532
11.5 11.475279
11.999998 12.153244
11.900001 11.960016
10.700015 10.969033
14.901343 12.111929
11.1 11.164243
10.2 10.536282
11.685027 11.360468
11.5 11.592903
11.2 11.569422
11.2 11.194738
9.79897 10.283228
11.8 11.834053
11.7 11.747156
11.2 11.308447
11.900001 11.955004
13.1 12.590763
11.7 11.717529
11.3 11.368242
12.799992 13.287571
12.299998 11.701572
11.900001 11.784891
12.799992 12.49394
11.2 11.336188
11.1 11.191633
11.599999 11.603298
11.1 11.165722
11.900001 11.932962
12.299998 12.211557
11.3 11.359584
11.7 11.623728
11.7 11.787399
14.986056 13.783077
11.599999 11.423227
11.5 11.752956
11.7 11.769167
11.7 11.552042
11.3 11.312107
10.5 10.349813
11.1 11.304771
11.7 11.648457
11.999998 11.962681
11.2 11.682282
11.8 11.869759
11.400001 11.624869
11.1 11.592967
15.200179 15.293848
11.900001 11.903351
11.1 11.143505
11.999998 11.9902115
11.2 11.680122
11.400001 11.457422
11.3 11.454445
11.3 11.392054
11.2 11.210413
11.2 11.377604
12.799992 11.840172
13.899971 13.527163
13.399989 13.385719
10.2 10.783674
11.5 11.491356
11.400001 11.367896
11.2 11.223309
11.400001 11.465445
13.1 12.7864685
11.3 11.730043
11.900001 12.567099
10.5 10.812141
14.622879 12.634594
11.2 11.347437
11.5 11.637907
10.6 10.514393
11.1 11.163149
11.7 11.759838
12.499997 11.740478
11.1 11.134644
11.5 11.702181
11.1 11.155102
11.900001 11.942469
11.2 11.275393
11.5 11.470903
12.299998 11.627224
12.199999 12.002235
11.3 11.365183
11.3 11.286299
11.599999 11.70183
11.7 11.190998
14.40103 13.876867
11.2 11.197527
11.5 11.533957
12.399998 12.887745
11.400001 11.376097
10.70206 10.745384
11.2 11.223333
11.7 11.665902
12.418758 11.720552
11.900001 11.870279
11.2 11.369074
11.5 11.574041
11.999998 12.169811
11.1 11.379641
11.7 12.295727
12.299998 11.95137
10.622879 10.744729
11.1 11.198044
12.1 11.690737
10.753647 13.691166
11.3 11.442528
12.699998 13.51701
12.281115 11.72031
11.2 12.060263
11.1 11.425135
11.999998 11.926275
11.3 11.300516
13.000009 12.561924
11.2 11.221382
11.5 11.555979
13.200015 11.934296
11.3 11.461435
11.3 11.785594
11.1 11.228922
11.1 11.203592
12.399998 12.03535
11.3 11.350205
11.999998 12.168192
11.1 11.140112
11.2 11.236534
10.520216 11.135439
11.3 11.424568
12.299998 12.314209
11.400001 11.404528
10.078811 10.0479965
12.499997 12.367495
11.599999 11.59281
11.900001 12.434473
11.999998 11.703083
11.3 11.473335
11.900001 11.920155
11.999998 12.005901
11.5 11.80575
11.8 12.761938
11.599999 11.802255
11.2 11.437977
12.499997 12.872654
11.1 10.968645
11.49794 12.097553
12.637602 12.362419
11.3 11.452152
11.1 11.151661
12.668636 12.534559
11.5 11.467594
12.799992 12.610216
11.400001 11.543758
11.3 11.433477
10.40103 10.470125
11.2 11.213528
11.986056 11.705877
11.1 11.253712
11.1 11.286439
12.719789 12.998114
11.2 11.215194
11.1 11.092951
11.5 11.733295
12.599997 13.094065
11.599999 11.304987
11.2 11.211796
11.1 11.165573
12.299998 12.456816
10.516801 10.599877
11.2 11.34067
11.5 11.253676
11.8 11.337368
12.699998 12.741135
11.599999 11.2580385
11.900001 11.95789
11.2 11.36893
11.1 11.398857
12.299998 11.641899
11.1 11.188194
12.399998 11.923811
11.8 12.291712
11.5 11.551318
13.000009 12.137657
11.1 11.217278
14.901343 13.286802
11.8 11.908957
14.113228 10.713718
11.1 11.125399
10.79897 11.037979
13.986056 13.461527
11.1 11.272856
11.599999 11.904789
11.5 11.556635
11.1 11.189676
11.400001 11.879654
11.8 11.905195
10.1 10.811243
11.400001 11.507198
10.719789 10.657883
12.199999 11.810984
11.999998 11.980364
11.5 11.618719
12.499997 12.238907
11.999998 11.952118
11.1 11.317478
11.900001 11.857145
11.1 11.092249
11.3 11.709534
11.400001 11.941861
10.40103 10.514435
11.869551 11.105133
12.224938 12.489477
11.900001 11.911558
14.4000435 14.627174
11.1 11.11814
11.140959 11.844435
11.900001 11.937954
12.199999 11.96022
11.1 11.122768
11.7 11.798511
11.2 11.213562
11.2 11.327173
11.5 11.220224
11.400001 11.505596
10.5685215 10.206144
11.400001 11.977556
11.5 11.61448
11.5 11.539593
11.599999 11.276047
11.5 11.512092
10.49794 10.539987
11.1 11.128096
11.900001 11.934181
11.900001 12.63055
11.900001 11.892376
11.599999 11.735626
11.900001 11.909396
11.8 11.705191
11.1 11.088808
13.777781 13.684923
11.2 11.414799
11.7 11.702827
11.2 11.1876955
11.710109 11.888344
11.2 11.230977
11.1 10.880167
11.1 11.351225
10.622879 10.576584
14.600313 13.169527
11.900001 11.887673
11.2 11.48254
11.3 11.352268
11.7 11.863615
12.399998 12.182777
11.2 11.321392
11.900001 11.9703865
12.199999 12.048085
10.2 10.464378
12.199999 11.779631
11.1 11.119876
11.999998 11.918715
11.2 11.102486
11.2 11.2127495
11.3 11.77454
13.299971 12.936264
11.5 11.471525
11.1 11.781887
11.7 12.074009
12.399998 12.383446
11.400001 11.544735
10.1 12.470976
12.515898 11.532326
12.599997 13.013443
13.000009 12.787136
11.1 11.162361
10.70206 10.680372
11.479343 12.031245
11.999998 11.860464
11.900001 11.899914
11.900001 11.89563
11.5 11.437674
11.599999 11.596903
11.1 11.157059
12.399998 11.982277
11.599999 12.060087
11.400001 11.621324
11.7 11.725383
11.599999 12.020369
11.19691 10.845072
11.8 11.871922
11.2 11.174598
11.191515 11.299393
13.699981 13.4579315
10.622879 10.659889
10.1 10.077616
11.3 11.460445
11.1 11.466202
11.7 11.702026
11.3 11.239948
12.299998 11.995146
11.900001 11.906609
11.8 11.84555
11.2 11.4494095
9.70206 9.883879
11.900001 11.902978
11.599999 11.716704
12.1 12.745264
11.900001 11.913397
11.1 11.146448
11.3 11.519008
13.1 12.819578
12.199999 12.217707
11.999998 12.514734
11.8 11.84535
11.5 12.280698
12.499997 12.512955
11.7 11.722889
11.900001 11.982403
11.2 11.294729
11.5 11.534578
11.8 11.831844
12.299998 12.247726
11.999998 11.94486
11.599999 11.620848
11.900001 11.882828
10.6 10.659916
10.70206 11.544737
11.400001 11.386143
11.5 12.108261
11.3 11.52606
11.2 11.326619
13.1 12.170736
10.857208 11.285587
12.199999 12.035076
11.999998 12.567759
11.599999 11.642348
11.8 11.849377
12.299998 12.671164
11.51454 11.938628
12.899998 12.683517
11.5 11.345388
13.500008 13.017992
11.1 11.1796255
11.2 11.307905
11.3 11.4821825
11.7 11.667417
11.1 11.152575
11.2 11.183916
12.899998 12.262753
11.7 11.783971
13.000009 12.587093
11.2 11.2706585
11.5 11.585405
11.599999 11.294651
12.199999 12.607172
11.686266 12.02964
11.2 11.327603
12.1 12.218603
11.5 11.693832
13.200015 12.247427
11.599999 11.630293
11.923909 11.912722
11.2 11.33535
11.599999 11.641725
13.242667 12.570261
11.3 11.637401
11.900001 11.963949
11.1 11.001904
11.2 11.278242
11.7 11.653408
11.1 11.209766
11.2 11.249786
11.5 11.550955
11.400001 11.457329
12.699998 12.069235
11.1 11.154682
11.1 11.162533
12.199999 12.505054
11.2 11.192461
11.999998 11.86284
12.1 11.887852
11.3 11.492231
11.8 11.767277
11.400001 11.441795
11.7 11.721508
12.199999 12.20545
11.900001 12.040369
12.299998 12.167908
12.199999 13.257248
11.999998 11.9875145
11.599999 11.363756
11.5 11.138197
11.1 11.10759
11.3 11.28167
11.5 11.733259
11.300659 11.420433
11.7 11.818743
11.5 11.568263
11.900001 11.99095
11.2 11.22164
12.19691 12.305847
11.7 11.743959
11.999998 11.937561
11.7 11.650967
10.627244 11.808409
11.3 11.392092
11.400001 11.464738
11.2 11.178122
11.1 11.153275
11.599999 11.902409
11.999998 11.967415
11.7 11.79723
11.599999 11.536335
11.389741 11.779776
11.900001 11.934055
11.599999 11.59851
11.7 12.075497
11.999998 12.368748
12.1 11.894945
12.299998 12.433599
11.900001 11.9385605
11.7 11.721952
11.70103 11.734434
11.1 11.21085
13.821246 12.720478
11.5 11.987658
11.900001 11.893518
11.900001 11.772064
13.1 12.764313
11.5 11.344114
11.599999 11.643101
11.3 10.853275
11.1 11.215878
11.3 10.969084
12.299998 12.401121
11.400001 11.214665
11.1 11.18203
11.8 11.854111
11.8 12.28594
11.8 11.8192215
11.2 11.720564
12.199999 11.993436
11.5 11.715111
13.000009 12.933111
11.2 11.247622
12.499997 12.32503
10.443902 10.695868
12.40103 11.850593
12.499997 11.920958
10.622879 10.690935
11.5 11.672821
10.7 10.519932
11.8 11.994797
11.8 11.828623
11.599999 11.808133
11.900001 12.158562
11.7 12.005845
11.7 11.835756
10.608639 10.508138
11.900001 11.906368
11.400001 11.880824
11.953872 11.4393215
11.1 11.129173
11.400001 11.663292
11.1 11.222602
11.336572 11.277262
12.899998 12.719223
11.2 11.333143
11.2 11.316721
13.000009 12.799128
11.900001 11.882225
13.1 12.723778
12.1 12.459503
11.2 11.23016
11.999998 11.699707
9.40103 9.300573
11.3 11.27906
12.1 11.650394
12.799992 13.041466
11.2 11.251978
11.7 11.73447
11.1 11.199084
11.599999 11.27154
11.1 11.139131
11.5 12.049986
11.8 11.876497
11.7 11.848787
11.1 11.268133
11.3 11.353985
11.5 11.590708
11.1 11.225334
11.1 11.18506
11.2 11.225895
11.2 11.215513
11.3 11.285189
11.1 11.144451
11.8 12.309506
11.2 11.746973
11.8 12.167971
13.49794 13.355192
11.900001 11.924128
11.2 11.195299
10.652842 10.676901
13.800057 13.812149
15.180922 15.224312
11.400001 11.379596
11.900001 11.791969
11.1 11.116982
11.5 11.525861
11.900001 11.856438
9.978481 9.952261
11.2 11.374273
12.420572 12.099769
11.2869625 11.301006
11.5 12.829023
11.5 11.523554
11.5 11.536439
11.3 11.156292
11.5 11.481949
10.1 10.111059
12.799992 12.286033
11.999998 11.973386
11.900001 11.908105
11.5 11.45974
11.1 11.624418
12.799992 12.953983
13.000009 12.76903
11.8 11.878534
12.112214 12.058527
14.757577 14.595785
12.199999 11.983971
11.8 11.842142
13.79897 12.195219
12.399998 11.606121
11.2 11.215269
10.3 10.278181
11.900001 11.846317
11.1 11.169844
12.599997 11.24151
11.2 12.110515
11.49794 11.465548
12.583288 13.410597
12.953872 13.1917
14.145758 13.933998
11.2 11.204487
11.1 11.161934
11.7 11.624951
12.499997 12.595041
11.1 11.280046
11.2 11.207223
11.2 11.216204
11.400001 11.216737
11.2 11.186718
11.7 11.872084
11.999998 11.7538395
11.1 11.167719
12.599997 11.696951
11.7 11.634937
11.207906 10.993904
11.1 11.673441
11.900001 11.872681
11.599999 12.167246
11.3 11.496555
11.2 11.232475
11.7 11.917498
11.8 11.762543
14.200179 11.841856
11.2 11.208271
11.2 11.315969
11.400001 11.519589
11.1 11.223331
11.2 11.192709
11.2 11.22204
11.7 12.3542385
11.2 11.237116
11.5 11.566154
11.900001 11.923542
13.200015 12.976696
11.520216 11.34716
11.400001 11.259205
11.7 11.898357
11.2 11.196272
13.000009 12.909592
11.2 11.916409
11.8 11.860479
11.2 11.714016
12.799992 13.222719
11.8 11.71287
11.599999 11.802984
10.1 10.48664
11.2 11.284914
11.1 10.99061
10.89588 10.636044
11.400001 11.42816
11.400001 11.522161
11.1 11.1187725
10.321849 12.904842
11.5 11.180443
11.1 11.237499
12.599997 11.907204
11.1 11.148381
11.5 11.443527
13.000009 12.958086
11.999998 11.748173
10.70206 10.73295
11.1 11.105478
11.8 11.861609
11.7 11.747528
11.1 11.202204
12.1 12.050143
15.1 14.875219
11.7 11.371796
11.1 11.150061
14.19691 14.37907
11.115759 11.190424
13.685027 12.845894
11.2 11.289658
11.40103 11.624897
11.999998 12.063772
11.854487 11.82192
11.1 11.254819
11.999998 12.059671
11.986056 12.60228
11.3 11.34236
11.2 11.228554
11.400001 11.214453
11.1 11.133696
11.900001 11.9783
11.5 11.470341
11.2 11.280708
12.19691 12.260886
11.309011 11.24361
11.8 11.986162
11.599999 11.642399
11.999998 11.765983
11.198455 11.222429
9.79897 9.696827
11.5 11.914183
11.900001 11.68951
11.2 11.250374
12.599997 12.509304
11.3 11.886776
11.1 11.117874
11.2 11.394583
11.18351 11.31086
11.3 11.28248
13.399989 13.367411
11.70103 11.745792
11.5 11.523184
10.2 10.263048
12.399998 12.880354
12.499997 12.604773
12.399998 12.4138565
11.3 11.700453
12.299998 12.28216
11.7 11.7570915
11.8 11.855562
10.40103 11.276997
11.400001 11.395763
13.299971 13.189283
11.5 11.401649
13.399989 12.385546
11.1 11.123573
11.1 11.160904
11.2 11.346565
14.1 13.443922
11.400001 11.504398
11.599999 11.540403
12.1 11.240717
11.999998 11.9275055
12.499997 12.761295
11.40103 11.003927
11.7 11.792778
12.299998 11.788979
11.900001 11.884468
11.2 11.3178005
11.2 11.228737
11.2 11.233377
11.900001 11.990296
12.199999 12.134987
12.1 12.277016
11.900001 12.15445
11.900001 12.319416
11.2 11.201134
11.2 11.192276
11.2 11.311256
11.19691 11.216169
11.1 11.293652
13.699981 14.349897
10.49794 9.999314
10.4 10.657692
11.2 11.312052
11.3 11.498318
11.2 11.216246
11.7 11.733397
11.2 11.287638
11.8 11.847725
14.47675 11.813442
11.8 11.897382
11.7 11.777722
11.7 11.681116
11.1 11.320276
11.8 11.845318
9.79897 9.69067
11.7 11.661272
11.999998 12.302802
11.900001 11.858908
12.599997 12.664938
11.1 11.292995
11.900001 11.891262
12.399998 11.903263
13.1 12.734554
10.4 10.272942
11.400001 11.537405
12.399998 12.749651
11.3 11.298849
11.7 11.743017
11.599999 11.646921
11.8 12.055264
11.599999 11.346436
10.4 10.919315
10.70206 10.787405
11.175305 11.2252865
11.900001 11.959719
14.600313 14.967234
11.2 11.297964
11.1 11.250028
11.400001 11.424052
11.3 11.3218775
11.1 11.551615
10.095678 9.988363
11.8 11.915804
11.900001 11.908785
11.400001 11.48531
11.8 11.783907
11.2 11.522
13.399989 11.895689
11.3 11.283371
10.49794 10.521971
11.1 11.20092
11.3 11.435162
11.8 12.09395
11.3 11.599617
11.900001 11.921614
12.699998 12.812778
11.1 11.434692
11.599999 11.794701
12.199999 12.812214
13.600039 12.17002
11.2 11.204479
12.599997 11.778542
11.999998 11.384312
10.1 10.542187
11.2 11.312206
11.400001 11.467798
11.900001 12.392693
11.400001 11.419661
11.5 11.540623
11.3 11.334814
12.7038 12.811893
11.3 11.291077
11.1 11.186237
13.299971 13.844233
11.8 12.011972
11.1 11.308985
11.1 11.107021
11.3 11.344366
11.2 11.236184
11.900001 11.906624
11.400001 11.538188
11.2 11.269525
12.299998 12.305445
11.1 11.225305
11.900001 11.90039
11.8 11.723085
11.2 11.267321
11.2 11.205679
11.622879 11.4962845
11.2 11.249332
11.599999 12.080938
13.70206 15.020098
11.5 11.720352
12.418758 13.020874
11.599999 11.590513
11.2 11.208507
13.953872 13.866556
11.3 12.221929
11.400001 11.456671
11.900001 11.908152
11.1 11.140976
12.499997 11.628994
11.1 11.109579
11.999998 11.911954
11.900001 12.142204
11.1 11.107647
11.900001 11.854095
12.191515 12.096466
14.1 14.172653
11.5 11.547768
12.799992 11.905836
14.254902 13.320938
11.400001 11.413745
11.400001 11.420441
12.856081 11.957586
12.399998 12.758387
11.3 11.711998
10.70206 10.998417
11.254902 11.207067
11.3 11.451838
11.400001 11.374588
13.2870865 13.052532
11.900001 12.14903
11.1 11.133186
11.3 11.663978
12.699998 11.431022
12.1 11.850975
12.599997 11.973509
11.5 11.574913
13.000009 13.974846
12.499997 11.656534
11.3 11.480934
10.9 10.803528
10.1 10.100754
11.2 11.199127
11.8 11.853039
11.671333 11.913633
12.70206 12.194716
11.900001 11.89237
11.1 11.089234
11.400001 11.346043
12.699998 12.463755
11.8 11.727978
13.508935 12.292043
13.500008 13.649767
11.400001 11.616528
11.5 11.505001
13.699981 12.523342
11.400001 11.464583
11.8 12.115473
11.1 11.122682
11.900001 11.939831
11.2 11.189043
12.1 11.887781
11.2 11.207949
11.8 11.900236
14.999629 14.394131
12.29382 11.885257
12.499997 11.891655
11.3 11.362412
11.1 11.040685
11.599999 11.710552
9.79897 9.676172
11.2 11.561464
11.7 11.737357
11.900001 12.28349
11.3 11.298383
11.1 11.165385
12.155518 11.706535
11.999998 12.26877
11.400001 11.355915
11.2 11.275519
14.79897 14.555323
11.599999 11.572809
11.5 11.437208
14.200179 13.874542
12.399998 12.193586
11.3 11.340144
12.499997 12.007849
11.999998 11.9289
11.999998 11.936882
10.1 10.260979
12.899998 12.606625
11.999998 12.178896
11.400001 11.559233
11.400001 11.740612
11.7 11.7483425
10.5 10.518425
13.000009 13.226328
11.3 11.283676
11.900001 11.92683
12.199999 11.58053
11.8 11.9167385
11.900001 11.8584
13.800057 12.405972
10.1 10.422874
11.8 11.838314
11.999998 12.045557
10.1 10.0633
11.7 11.716985
11.1 11.053775
11.1 11.322031
12.699998 12.396151
11.999998 11.97324
11.999998 11.29563
11.5 11.759016
11.3 11.969362
11.2 11.208064
11.400001 11.19684
10.321849 10.06276
11.3 11.348075
13.000009 12.93601
11.599999 11.664272
12.15 11.697643
9.905 10.79925
13.499203 13.403944
12.685027 12.408245
11.1 11.061174
11.2 11.220295
11.400001 11.439571
14.500117 12.767683
11.1 11.237858
12.15061 11.322168
11.999998 11.918983
13.180922 13.078194
11.5 11.493695
11.999998 12.162554
10.40103 10.502512
12.00309 11.932558
11.872113 11.334191
12.299998 12.3290415
11.5 11.583906
11.5 11.464893
11.2 11.278935
11.2 11.275038
11.3 11.288517
11.8 11.855396
12.1 12.339428
14.200179 13.710352
11.2 11.700092
11.3 11.367283
11.2 11.328661
11.2 11.185547
11.2 11.291555
11.1 11.251631
11.599999 11.632981
11.2 12.075031
11.2 11.247032
11.7 11.831375
13.299971 11.594769
11.3 11.6491585
11.3 11.299852
11.1 11.108847
12.608639 13.801834
11.400001 11.393093
11.900001 11.93409
11.5 11.589051
11.900001 11.896147
11.2 11.674904
11.196367 10.511232
11.400001 11.328329
10.40103 12.27883
11.5 11.425161
11.329885 10.201404
11.3 11.544937
11.2 11.171038
11.400001 11.3117485
11.2 11.336187
11.343923 11.588862
11.2 11.566557
11.2 11.257574
11.5 11.370316
11.1 11.540815
10.8447275 11.156635
13.500008 13.576372
11.70206 11.541493
11.1 11.133205
11.8 11.61671
11.2 11.825401
11.400001 11.488003
11.599999 11.36199
11.999998 11.801979
11.5 11.470144
11.2 11.223394
11.7 12.220314
11.5 11.730612
11.8 12.051596
11.1 10.494393
11.1 11.149944
11.3 11.389219
11.1 11.132415
12.299998 12.152416
11.2 11.197521
11.2 11.391165
13.899971 13.889765
11.900001 11.966967
11.1 11.212721
11.2 11.221697
11.900001 12.005817
11.2 10.541833
11.1 11.56513
11.5 11.568451
12.1 11.41613
11.599999 11.762579
11.999998 12.425381
12.299998 12.032999
11.5 11.974579
11.2 11.268938
11.2 11.317518
11.1 11.1829815
11.2 11.284334
11.5 11.60227
11.900001 11.9112835
11.599999 11.558333
11.900001 12.369749
11.900001 12.581881
11.8 11.849478
11.7 11.422821
11.7 11.91379
11.900001 11.897055
11.2 11.195765
11.7 11.313869
11.020819 11.129625
11.2 11.153282
11.900001 12.013824
11.8 11.851305
11.020819 10.993773
9.79897 9.747286
11.1 11.166485
11.2 11.202444
13.000009 13.262617
11.900001 11.919432
11.1 11.242649
11.8 11.927025
11.1 11.432882
11.900001 11.885494
10.1 10.390558
10.8 11.222952
12.199999 11.960098
11.5 11.523771
11.3 11.356741
11.400001 11.4338875
11.1 11.153717
11.3 11.167402
9.79897 9.7327175
12.531798 11.081955
11.400001 11.399467
11.599999 11.666117
11.1 11.596991
13.999974 13.008427
11.900001 11.728666
12.299998 11.942395
11.2 11.174042
12.1 12.202978
11.8 11.877161
12.199999 12.306597
11.1 11.098976
11.5 11.230719
11.599999 11.636124
11.5 11.988747
11.8 11.857996
12.899998 13.36161
12.899998 12.579603
11.3 11.268899
10.1 10.341188
11.2 11.1826515
13.000009 11.631603
11.5 11.539604
11.5 12.080685
12.299998 12.6014385
10.40103 11.686153
12.40643 11.594774
11.1 11.141827
11.7 11.767078
11.999998 11.374369
11.900001 11.910065
14.847425 12.937504
11.400001 11.587187
11.999998 11.997129
11.2 11.2304325
11.1 11.175285
11.1 11.090225
11.999998 12.032513
12.299998 13.702641
11.8 12.025848
11.1 11.100359
11.5 11.772154
12.010095 11.549791
11.599999 11.466522
11.2 11.19029
11.267491 11.15708
12.101985 11.866806
12.299998 12.280148
14.400163 15.150297
10.40103 10.9591255
11.900001 11.962416
10.4 10.60741
13.500008 12.947041
11.2 11.37673
12.399998 11.514197
11.2 11.201675
12.1 12.313314
11.900001 11.917078
11.1 11.3567295
11.3 11.317335
11.7 11.723627
11.1 10.915487
10.4 10.61776
12.499997 11.719433
10.1 10.263322
13.1 12.379814
11.900001 11.207469
11.2 11.212076
12.199999 12.193636
11.900001 11.256954
12.599997 12.467201
11.3 11.388451
11.2 11.293232
11.3 11.206697
11.999998 11.972143
11.599999 11.742352
11.1 11.096444
13.000009 12.819355
11.19691 11.186966
11.400001 11.2561455
11.1 11.202414
13.1 13.026691
11.2 11.448881
11.3 10.576473
11.2 11.201057
11.8 11.843479
14.784246 14.94195
11.3 11.733536
10.520216 10.58141
11.8 11.832405
11.2 11.207594
11.900001 11.914203
11.581486 11.590783
11.8 11.856009
11.400001 11.521185
11.7 11.828664
11.1 11.619754
13.399989 12.981842
11.3 11.301031
13.2870865 14.220507
11.999998 11.871436
11.5 11.545865
11.7 11.876243
11.900001 11.928888
11.400001 11.517683
11.400001 11.712376
10.79897 11.0305605
11.5 11.545389
11.3 11.420744
11.7 12.616304
11.1 11.63101
11.5 11.322899
11.40103 11.246904
12.19691 11.474424
12.329148 11.003115
10.1 11.445936
11.3 11.331528
11.900001 11.909761
10.40103 10.624745
11.1 11.377222
11.224938 11.2222
11.8 11.759756
11.599999 11.699095
10.1 10.157228
11.2 11.310855
12.699998 11.985167
11.175305 11.19151
14.600313 13.78241
11.1 11.20076
11.900001 11.667278
10.622879 10.726032
10.971278 10.730341
11.2 11.3461895
12.699998 13.881979
11.900001 11.92506
11.1 11.146452
11.900001 11.91057
13.899971 13.831953
11.2 11.283409
11.1 11.748698
12.199999 12.1215515
11.1 11.404801
12.499997 12.644535
10.953872 10.938757
13.000009 13.202911
11.8 11.83559
12.299998 12.531994
11.5 11.427301
12.199999 12.088052
11.2 11.207222
11.8 11.495405
11.400001 10.887253
11.1 11.112099
11.3 11.288348
11.5 11.582113
11.3 11.359653
11.2 11.237883
11.1 11.108812
11.7 11.58506
11.2 11.282848
11.3 11.2555275
11.8 11.720556
11.3 11.334465
11.336572 11.287382
12.299998 12.207127
11.8 11.8570795
11.79897 10.949613
11.900001 11.990169
11.900001 11.998013
11.599999 11.74604
13.800057 13.878548
11.3 11.490124
11.1 11.132347
11.8 11.603579
11.5 11.671645
11.2 11.218336
11.2 11.275883
11.1 11.3164835
12.1 12.355061
11.900001 12.392866
13.500008 13.118391
11.2 11.21772
11.3 12.465918
11.3 11.3414955
11.5 11.462931
11.900001 12.255455
13.399989 13.4668045
11.900001 11.912172
11.5 11.587343
11.900001 11.879469
10.487216 11.005901
12.699998 14.019905
12.5698 11.636873
11.7 11.860819
11.7 11.857826
11.2 11.183107
10.622879 10.578167
11.5 11.578955
12.499997 11.829862
11.3 11.443565
12.199999 11.97715
11.900001 12.190699
11.400001 11.69902
11.757577 12.104985
11.900001 11.955471
12.499997 12.91814
10.40103 11.697954
11.7 11.682846
11.1 11.167441
11.7 11.840548
11.404665 11.181372
12.199999 12.106815
10.47675 10.63089
12.699998 12.785797
12.499997 12.194813
12.599997 12.021187
12.499997 12.521603
11.2 11.203173
11.1 11.184184
11.1 10.996731
11.8 11.994019
11.2 11.3617115
11.8 11.804733
11.999998 12.11499
10.321849 10.3245125
11.7 12.172482
11.599999 11.911434
11.900001 11.639483
11.900001 11.8354435
11.3 11.220829
11.2 11.219219
11.1 11.122019
11.400001 11.510887
11.599999 11.589767
11.900001 11.908043
13.699981 12.965345
11.1 11.195726
11.3 12.055375
11.2 11.183601
12.199999 12.1564
11.3 11.416054
11.999998 11.638227
11.999998 11.601854
11.5 11.519104
11.900001 11.65732
13.399989 12.877514
11.2 11.252615
11.599999 11.4278555
11.5 11.413153
12.699998 12.507338
13.899971 13.04245
11.7 12.332169
11.599999 11.631432
11.3 11.242186
11.2 11.257713
11.654828 11.883106
14.901343 12.44833
11.599999 11.904322
11.599999 11.575953
14.901343 14.696375
11.2 13.056419
11.3 11.269413
11.2 11.463387
11.3 11.443426
11.999998 11.911253
14.1 12.925989
11.900001 11.381325
10.4 10.363775
12.299998 12.130203
13.200015 12.313641
11.7 11.763016
11.2 11.307243
11.599999 11.844986
11.3 11.423904
11.1 11.042555
11.3 11.276737
11.599999 11.448208
11.5 11.630983
11.3 11.427864
11.2 11.22905
12.174634 12.266327
11.1 11.728533
11.599999 11.730568
10.831188 10.985054
11.900001 11.904013
11.1 11.132107
11.900001 11.956334
11.900001 11.928083
11.1 11.153961
11.1 11.133862
12.299998 12.765547
12.199999 12.491732
11.400001 11.508024
11.900001 11.937124
11.2 11.204117
11.599999 11.757156
11.999998 12.1989765
11.2 11.283537
10.40103 10.594437
11.2 11.25886
11.400001 11.423973
11.599999 11.625921
12.1 12.071564
11.274371 11.593903
11.1 11.217409
11.999998 12.807617
11.3 11.415907
11.3 11.190109
11.1 11.082609
11.8 11.799128
11.1 11.193422
11.5 11.536458
11.3 11.445295
11.2 11.28853
12.299998 11.947159
11.2 11.230476
13.600039 13.491472
11.2 11.24922
11.5 11.482815
11.1 11.199938
11.1 11.659592
11.900001 11.5402355
11.599999 11.328537
11.2 11.210918
12.299998 11.269192
11.8 11.877949
12.499997 12.302027
12.399998 12.634871
11.7 12.566105
11.3 11.450629
11.8 11.836777
11.7 11.741106
11.7 11.625916
11.2 11.236319
9.79897 10.267691
13.087163 12.547224
11.7 11.856941
11.2 11.209827
11.2 11.355955
11.900001 11.621925
12.1 12.011015
11.1 11.194704
11.3 11.679094
11.3 11.53069
11.3 11.3133335
11.2 11.227158
11.400001 11.456722
11.2 11.208351
11.900001 11.895716
11.8 11.766245
11.8 11.868107
12.599997 12.681084
10.2 10.43527
11.900001 11.466045
12.499997 12.432371
12.499997 12.101659
11.1 11.153151
11.599999 11.858143
11.2 11.216167
11.2 11.618156
13.1 12.038954
10.1 10.247234
13.299971 13.48427
11.400001 11.624131
12.299998 11.80201
11.1 11.154432
12.375724 11.425124
11.2 11.726028
11.3 11.434884
13.500008 13.449476
11.5 11.615472
11.5 11.684777
13.800057 14.0313015
12.499997 12.236542
11.1 11.161512
10.4 10.447094
11.400001 11.417303
11.5 11.573118
11.3 11.295923
11.999998 11.356813
11.400001 11.486935
10.700015 10.8001795
12.299998 11.7500725
11.8 11.803442
12.499997 11.86912
11.8 12.090603
11.5 11.700747
10.7 10.662611
12.299998 11.68438
11.900001 11.690397
11.2 11.223858
13.200015 12.1891575
11.2 11.183624
11.900001 12.076479
10.1 10.289177
14.299971 13.112486
11.999998 12.043993
11.599999 11.5784645
11.1 11.199369
11.900001 11.904957
12.299998 11.655201
11.2 11.2495365
11.5 11.48513
11.2 11.200259
11.5 11.559975
10.4 10.713814
11.7 12.115002
11.0 11.0445385
11.2 11.179308
11.2 11.32291
10.40103 10.524054
11.1 11.152279
11.5 11.624802
11.900001 11.712408
11.2 11.173254
11.400001 11.424149
11.1 11.101934
11.900001 11.92959
11.3 11.456686
9.79897 9.684862
11.3 11.325947
11.2 11.240033
11.2 11.264971
11.2 11.248499
11.400001 11.285027
11.1 11.278244
11.8 11.699535
11.8 12.084171
10.9 11.045757
13.200015 12.969456
10.8 10.996515
11.900001 11.887436
10.1 10.06501
11.8 11.488855
11.999998 11.84246
11.999998 12.1567955
11.1 11.111132
11.599999 11.6774235
12.299998 12.773132
11.5 11.617386
10.4 10.264883
11.400001 11.859856
11.2 11.3616705
11.400001 11.395805
12.199999 12.142073
12.699998 12.656275
9.79897 9.988237
11.8 11.841677
13.79897 13.557665
12.299998 12.317007
11.900001 11.926715
11.900001 12.046046
11.3 11.321866
11.1 11.317551
13.200015 12.279455
11.1 11.151825
11.900001 11.934402
11.2 11.801117
11.900001 11.894339
11.8 11.444208
11.7 11.425282
11.5 12.076352
11.900001 12.9157295
11.3 11.396643
11.2 11.199734
10.719789 10.59419
11.1 11.102514
11.2 11.197725
11.7 11.811143
9.1 9.235538
10.70206 10.714195
11.7 12.388992
11.3 11.354248
13.500008 12.799702
11.900001 11.602959
11.3 11.28723
11.400001 11.365658
11.1 11.192781
11.5 11.561873
11.400001 11.512432
13.622879 13.568745
11.599999 11.312473
13.899971 14.573446
11.3 11.403948
11.3 11.376385
12.84958 12.306311
12.299998 12.204289
11.1 10.329223
11.7 11.68824
11.1 11.174835
12.499997 12.488306
11.999998 11.565996
11.900001 11.917498
13.800057 13.517693
11.2 11.337915
11.2 11.195046
11.2 11.205329
12.499997 12.260214
11.599999 11.660116
13.600039 13.078033
10.1 10.113304
11.3 11.281469
12.1 12.117065
11.2 11.145414
12.799992 14.198095
11.1 11.042368
12.1 12.141233
11.5 11.570736
15.200179 15.330986
11.2 11.169556
13.1 12.890366
13.500008 14.244602
12.499997 12.093136
11.400001 11.769579
12.1 12.055914
13.000009 11.694691
11.7 11.746128
11.1 11.122278
11.7 11.723035
10.581486 10.728839
11.7 11.73908
12.1 12.084513
11.3 11.760014
12.499997 13.087429
12.1 12.326891
10.70206 10.766829
12.499997 11.929934
12.433482 12.652821
11.1 11.44746
11.0 10.828468
11.8 11.813467
12.899998 12.185289
11.1 10.684324
12.1 11.827715
11.1 11.190565
11.7 11.682448
11.400001 11.320737
11.2 11.197512
12.299998 12.425333
13.299971 12.974295
11.2 11.141682
13.800057 12.774176
11.177759 11.232964
11.5 11.72855
11.900001 12.391397
11.2 11.236292
13.299971 13.068766
11.400001 11.489231
14.700326 13.339834
11.2 11.427223
11.2 11.3889265
12.799992 12.100487
11.1 11.315716
15.500117 15.188917
12.058607 12.0547905
11.2 11.294338
12.1 12.014755
12.1 11.934386
11.1 11.101034
11.3 11.352884
12.699998 11.536242
12.699998 12.266738
11.900001 11.793211
11.400001 11.446731
13.923909 13.822811
11.999998 12.005335
12.058607 12.211754
11.3 10.983685
11.2 12.187935
11.400001 11.224706
13.000009 13.553963
11.900001 11.852045
11.8 12.069906
11.400001 11.869117
11.900001 11.899404
11.8 11.85335
11.8 11.769011
11.8 11.882793
10.70206 11.215128
12.199999 12.288588
13.500008 11.987003
11.3 11.309874
11.2 11.324671
12.986056 12.988882
12.1 11.893141
11.8 11.59786
13.953872 13.115021
11.5 11.581085
11.900001 11.891601
11.2 11.187605
11.2 11.285652
11.1 11.157366
11.8 11.708504
11.400001 11.407665
11.7 12.247477
11.2 11.259039
11.2 11.240732
11.3 12.154826
11.3 11.169047
11.5 11.528152
11.5 11.486685
11.400001 11.475876
11.8 12.132587
11.788375 11.233496
10.145758 10.030123
11.3 11.232065
11.145758 11.911019
11.7 11.409847
11.599999 11.681051
11.3 11.3502865
12.899998 13.096727
13.200015 13.1346855
12.1 12.365952
12.299998 12.266563
11.8 11.851242
12.546117 11.430588
12.499997 11.420124
11.5 11.565461
11.1 11.030659
11.3 11.344032
11.3 11.549835
12.1 11.595736
11.2 11.329639
11.2 11.794624
11.5 11.537352
11.5 12.326626
11.3 11.394756
11.3 11.326376
13.000009 12.411596
11.599999 11.638947
13.1 13.212578
10.40103 10.522657
11.900001 11.85048
11.2 11.343138
11.3 11.296688
11.5 11.532349
13.392429 13.288034
12.699998 11.732815
11.599999 11.703445
11.3 11.820303
11.1 11.113242
11.2 11.222122
11.3 11.337141
13.1 13.340925
11.900001 11.890125
11.599999 12.448629
12.699998 12.588556
11.1 11.262304
11.400001 11.425974
11.2 11.287434
14.700326 14.073353
11.8 11.8260975
13.1 12.93026
12.799992 12.093166
11.999998 11.968002
11.329148 11.585831
9.79897 9.755999
11.1 11.202492
11.2 11.230392
11.7 11.715612
11.1 11.30318
12.599997 12.25548
11.5 11.541303
11.5 11.176693
10.668636 11.361673
11.487216 10.729738
11.400001 11.489452
11.900001 12.088202
11.900001 11.976805
11.2 11.2327
11.1 11.145769
11.2 11.2153225
12.384832 12.444838
10.622879 10.691433
11.2 11.326479
14.1 14.553173
11.400001 11.414989
11.400001 11.535781
11.900001 12.056328
11.599999 11.615347
11.2 11.228525
13.699981 12.423946
12.699998 12.862801
11.5 11.6052685
11.400001 11.545056
11.900001 11.922873
11.2 11.437697
11.1 11.161108
11.180922 11.246862
11.900001 11.613379
13.1 12.404453
11.8 11.886108
11.8 11.975002
11.999998 11.908239
11.1 10.70904
12.826416 12.748007
12.299998 12.14142
11.8 11.834966
11.999998 12.025265
11.8 11.668816
11.3 11.746611
10.70206 10.755775
12.299998 12.298815
11.1 11.150919
12.399998 12.887083
11.2 11.197784
11.2 11.192767
11.5 11.662319
11.3 11.268047
13.1 12.225997
11.3 11.326593
11.7 11.8691845
10.40103 11.592007
11.2 11.243251
11.5 11.786798
14.600313 13.421915
11.900001 11.917646
11.3 11.2535515
11.2 11.1553
11.599999 11.451933
11.400001 11.406828
12.299998 12.570663
12.399998 12.728979
12.599997 12.823299
11.3 11.354082
11.900001 12.270472
14.400163 14.339945
11.599999 11.599984
11.49794 11.431942
11.2 11.191597
11.400001 11.663355
11.106614 11.178976
11.2 11.203028
11.3 11.278166
9.79897 9.758403
11.8 11.851803
10.40103 10.581686
11.3 11.393551
12.199999 12.313944
11.2 11.221677
11.999998 11.858364
13.800057 12.656605
12.27745 12.3272915
11.8 11.814806
11.2 11.184534
11.5 11.478615
11.2 11.218386
11.3 11.661713
12.799992 12.512913
11.599999 11.634845
11.900001 11.84338
11.900001 11.932869
11.900001 11.911726
11.1 11.089249
11.599999 11.481602
11.5 11.473909
11.901343 11.464386
11.2 11.183853
11.7 11.725772
11.2 11.51725
10.3 10.261848
12.399998 11.909788
11.8 11.838865
11.900001 11.896267
12.499997 11.674503
11.2 11.241156
11.1 11.14278
11.7 11.789641
11.7 11.911354
12.799992 12.352295
11.719789 11.544809
11.400001 11.67684
11.1 11.203402
12.299998 12.394703
11.2 11.36338
11.599999 12.193125
11.5 11.534838
11.123362 11.211524
11.599999 11.684465
11.900001 11.898787
11.1 11.332225
11.821246 11.570503
11.3 11.376015
11.1 11.1523
11.400001 11.422888
11.900001 12.157735
12.899998 12.287741
13.600039 13.807573
11.900001 11.682583
11.5 11.552174
12.199999 11.445385
11.999998 11.92235
11.2 11.725432
13.000009 12.697866
11.2 11.193607
10.92333 11.706869
11.900001 11.967887
12.699998 12.5395775
12.058607 11.611752
11.3 11.546234
11.999998 12.363565
11.999998 13.017183
11.5 11.530657
11.1 11.114359
11.900001 11.915722
11.8 11.84478
11.3 11.408474
12.699998 11.788462
11.5 11.605273
12.599997 11.869611
11.900001 11.924792
11.3 11.239863
11.400001 11.380415
11.8 11.864609
11.599999 11.619556
11.2 11.525628
12.599997 13.107918
11.400001 11.330742
11.999998 11.992825
11.900001 12.010102
11.2 11.360542
11.900001 11.889441
15.600313 15.547401
14.145758 13.807068
11.7 11.323757
11.7 11.58548
11.2 11.220673
11.999998 11.907385
13.1 12.22809
11.8 11.898195
11.622879 11.779148
11.2 11.276989
11.2 11.282219
11.2 11.154701
11.3 11.25761
9.986056 9.837345
11.2 11.129938
11.5 12.104641
11.900001 11.946766
11.3 11.5075
11.900001 11.900272
12.1 11.395583
11.599999 11.656902
13.321849 13.509073
11.1 11.1274395
14.79897 14.7634945
11.2 11.311478
13.821246 13.657909
11.599999 11.573391
11.999998 11.830368
12.899998 12.786915
11.400001 11.653624
11.900001 12.351255
11.2 11.21302
11.999998 12.150048
14.1 12.260494
11.999998 11.974979
11.900001 11.759468
11.599999 12.126922
10.40103 10.443636
11.999998 11.968032
11.999998 12.186811
11.2 11.388199
11.1 11.41032
11.5 11.757784
12.1 12.322729
11.900001 11.89226
11.19691 11.208992
11.400001 11.588505
11.2 11.302324
11.400001 11.499844
11.2 11.419628
11.1 11.187208
12.399998 12.159093
11.3 11.630217
13.500008 13.428732
10.5 10.45376
11.953872 11.982374
11.2 11.29619
11.8 11.849274
11.8 11.862556
12.499997 11.922356
11.900001 11.967624
11.8 11.748487
13.399989 13.696751
11.1 11.166233
11.2 11.208193
12.399998 12.086645
11.599999 11.602482
12.507823 12.409929
11.5 11.268922
11.7 11.722357
11.599999 11.376904
14.500117 12.015371
11.900001 11.93466
11.599999 12.147013
11.999998 12.143771
12.1 12.418591
11.7 12.079128
11.599999 11.763693
11.900001 12.672865
11.212469 11.228157
14.299971 13.651123
15.79897 14.744598
11.3 11.445181
11.5 12.304237
10.40103 10.335741
10.70206 10.752737
11.900001 11.770436
12.927804 13.490631
11.1 11.18539
10.79897 11.440197
11.900001 11.903843
11.400001 11.166903
12.199999 12.0415
13.202373 11.349677
13.999974 13.257921
12.399998 13.807446
11.3 11.277985
10.40103 10.351824
11.1 11.337179
11.400001 11.407091
11.8 11.486473
14.200179 13.980885
11.1 11.226152
11.3 11.308567
11.822364 11.807907
11.1 11.059841
11.7 11.678904
11.2 11.208624
10.1 10.111345
11.599999 11.724495
11.7 12.142672
11.7 11.99369
11.900001 12.199652
11.3 11.346033
11.400001 11.666042
11.8 12.145626
11.1 11.234499
11.900001 12.224752
11.0 10.926352
11.2 11.398186
11.1 11.930786
11.3 11.310389
12.299998 11.95924
11.3 11.397242
11.7 12.081724
11.400001 11.420542
11.400001 11.509853
11.7 11.766569
13.299971 13.873955
11.900001 11.911889
11.900001 11.919645
12.499997 12.411671
11.3 11.321222
11.900001 11.898529
13.699981 13.780216
11.900001 11.915331
11.7 11.762957
11.599999 11.640687
13.1 13.1215725
11.972896 12.063646
11.3 11.399295
11.900001 11.944994
11.5 10.840958
11.2 11.258714
11.1 11.1677685
11.2 11.23246
11.5 11.319593
12.1 12.264183
12.799992 12.986486
14.145758 14.213472
11.2 11.20993
11.5 11.594738
11.599999 11.828868
13.000009 13.088894
11.5 11.466196
11.2 11.421901
11.5 11.177198
11.3 11.2367115
12.599997 12.037037
10.70206 10.728064
11.5 11.513626
11.1 11.177782
11.599999 11.538261
11.1 11.163616
11.900001 11.929045
11.8 11.977894
11.8 11.848972
11.3 11.398845
11.999998 11.975765
11.5 11.793977
11.999998 12.127042
11.900001 12.147644
11.2 11.228886
11.2 11.221879
11.900001 11.961059
11.1 12.004557
11.8 11.725588
11.8 11.853491
11.1 11.541531
11.2 11.268757
11.1 11.245625
12.199999 12.598396
11.2 11.260733
11.3 11.465494
11.3 11.155794
11.2 11.329582
11.999998 11.919903
11.2 11.179095
10.2 10.397188
12.374244 13.664686
11.2 11.211706
11.2 11.108868
11.999998 12.346695
11.999998 12.956049
11.2 11.167513
11.599999 12.245705
11.599999 11.702793
11.5 11.472799
11.1 11.11484
11.400001 11.442278
10.901343 10.848822
11.5 10.72715
11.599999 11.674923
11.599999 11.633134
11.900001 11.899418
11.1 11.122675
11.3 11.3792305
11.8 11.744539
13.20033 13.537024
11.3 11.485044
11.3 11.431177
11.2 11.295294
11.5 11.665977
11.799998 12.494667
11.400001 11.421387
10.1 10.4381485
11.999998 12.998735
11.999998 12.619713
11.900001 11.929331
11.400001 11.840611
11.5 11.534424
12.555932 12.308121
11.2 11.291979
11.2 11.235798
9.79897 10.008205
11.400001 11.304266
12.499997 11.878295
11.3 11.298828
11.2 11.41852
11.1 11.226875
11.95 12.038082
11.999998 11.9448395
11.49794 11.8678665
10.2 10.517836
11.3 10.878137
11.3 11.796745
11.1 11.127674
11.7 11.74818
12.1 12.04166
11.400001 11.411684
11.2 11.190237
11.599999 11.680542
9.70206 9.4950485
11.900001 11.788586
11.2 11.450136
11.1 11.173065
11.3 11.569689
11.2 11.194929
11.2 11.466015
12.299998 12.244986
11.5 11.532269
11.5 11.590597
11.19691 11.735592
11.400001 11.448113
11.3 11.749012
11.900001 11.921225
10.40103 11.482101
11.2 11.167766
11.2 11.465797
11.900001 11.893388
11.8 11.880143
11.2 11.234011
11.999998 12.083931
12.89588 12.722195
12.699998 11.299429
11.2 11.204812
11.999998 11.943529
13.000009 12.29266
11.8 11.935408
11.2 11.603238
11.1 11.384004
11.900001 11.89813
11.5 11.5445175
11.3 11.397795
12.299998 12.330927
11.599999 11.875288
11.1 11.292158
11.2 11.466761
11.599999 11.531914
11.5 11.580416
11.5 11.565147
11.999998 12.780071
12.199999 11.887121
11.599999 11.644474
11.5 11.459112
11.1 11.222765
13.622879 13.684744
11.7 12.1461525
13.1 13.162247
11.89588 12.106335
11.3 11.569165
11.3 11.368462
12.799992 12.490549
11.999998 12.059168
13.999974 14.794573
11.5 11.310114
12.299998 12.258339
13.79897 13.862776
10.79897 10.724545
11.2 11.256393
11.3 11.341486
11.2 11.210549
11.3 11.273416
11.2 11.311438
11.3 11.343508
11.0 10.6004925
13.200015 12.826841
10.1 10.213168
11.3 11.27326
11.900001 11.888541
11.400001 11.4284935
11.2 11.789118
11.900001 11.914167
11.2 11.204487
11.3 11.210249
11.543697 12.023367
11.7 11.7520275
11.900001 11.918066
11.1 11.408325
11.900001 12.139719
11.3 11.470081
11.999998 11.289747
11.2 11.416149
11.993028 11.20096
13.899971 13.796473
11.2 11.249929
14.1 14.172802
13.500008 12.99258
11.900001 11.908949
11.1 11.161991
11.599999 11.699968
10.1 10.764697
11.2 11.198109
11.1 11.184592
11.1 11.04472
12.199999 12.535898
11.7 11.847572
12.399998 12.859901
11.2 11.24774
10.622879 10.67144
13.600039 12.357237
13.000009 12.391994
11.108774 11.194572
10.3 10.345716
11.665578 11.676552
10.622879 10.705405
11.3 11.316074
11.3 11.556627
11.3 11.463121
11.8 11.845905
11.5 11.533707
11.8 11.841169
11.900001 11.890381
11.900001 11.937184
11.2 11.307453
11.1 11.178745
11.3 11.416567
11.8 11.536503
11.3 11.410585
11.1 11.524282
11.1 11.127724
11.5 11.550469
10.738272 10.62598
11.8 11.225468
11.8 11.71986
11.0 11.393803
11.3 11.363024
13.777781 12.749508
12.899998 12.542166
11.2 11.2387295
11.900001 11.913971
13.899971 12.7199135
11.1 11.159674
11.2 11.214968
12.719789 13.221851
11.5 11.291619
11.599999 11.664392
11.2 11.211029
11.242667 11.267719
10.79897 12.188406
11.900001 11.446688
11.3 11.35536
11.8 12.012621
11.900001 11.948692
11.999998 11.925135
12.499997 12.936127
11.5 11.568579
13.500008 12.855667
11.7 11.868631
11.2 11.383699
12.299998 12.324858
11.1 11.153252
11.900001 11.91353
11.2 11.33319
14.299971 13.224932
11.900001 11.901876
12.759556 13.615725
11.2 11.8395
11.999998 11.806192
11.8 12.060995
11.599999 11.6304
11.8 11.754186
11.3 11.411558
11.622879 11.209314
11.95 12.128029
11.8 12.212574
11.999998 11.952446
11.900001 11.410952
11.1 11.190275
13.200015 13.995691
11.5 11.31002
11.3 11.295782
11.549999 11.915505
12.399998 11.9576435
13.800057 12.652016
11.5 11.6161175
11.7 11.764305
11.2 11.224085
11.7 11.772741
11.5 11.53883
13.399989 12.509638
11.1 10.854376
11.8447275 11.110004
12.199999 12.276003
12.299998 12.05634
11.3 11.251083
11.1 11.200819
12.299998 11.347925
11.1 11.326054
9.79897 9.711397
11.3 11.3283
11.599999 11.673898
11.1 11.217676
15.299971 14.034899
11.599999 11.639839
11.1 11.179907
11.400001 11.47448
9.79897 9.671144
11.2 11.187491
14.668636 14.589851
11.900001 12.664303
11.7 11.879945
11.2 11.287977
11.058607 11.446348
13.399989 11.832407
13.986056 13.815907
11.2 11.311897
11.999998 11.908606
10.1 10.044323
11.2 11.431406
12.788246 12.777788
11.599999 12.221996
11.400001 11.31194
10.40103 10.3342705
12.299998 12.564949
11.3 11.266455
11.1 11.538448
11.900001 11.917591
11.400001 11.3972435
11.8 11.864309
11.3 12.00127
12.199999 12.084134
11.900001 11.893654
11.900001 11.940353
11.8 11.54726
15.254902 15.421883
11.2 11.19166
13.299971 12.630674
11.5 11.568188
11.2 11.2274
11.1 11.17974
12.399998 13.089352
12.799992 12.047321
11.2 11.160589
11.1 11.013472
11.2 11.210802
12.599997 12.793835
11.999998 11.809399
13.999974 13.992033
11.900001 11.867396
12.299998 12.037144
11.999998 11.902743
11.2 11.294729
11.3 11.268639
11.1 12.124056
12.1 11.889288
11.900001 11.8987255
11.79897 11.521128
11.3 11.363661
11.1 11.475533
11.400001 11.474398
11.1 11.899107
11.1 11.161478
11.8 11.836699
11.400001 11.467091
11.8 11.386391
11.2 11.194664
11.599999 11.665691
10.2 10.2854805
13.500008 13.065151
11.1 11.267046
11.2 11.232456
11.900001 11.895851
11.999998 12.077278
11.1 11.209554
11.7 11.776093
11.900001 11.913183
11.2 11.298697
11.400001 11.41552
11.900001 12.183876
11.599999 12.184931
11.999998 11.901001
11.901343 12.119944
12.799992 12.911816
11.7 11.769798
11.8 12.015169
11.2 11.214363
11.2 11.251049
11.2 11.254574
11.599999 11.820878
11.1 11.2565
11.8 11.872469
11.8 11.853881
12.299998 12.258703
11.2 11.200755
11.900001 11.935825
11.8 11.860647
11.999998 11.902771
11.5 11.566956
12.699998 11.889288
11.7 11.7279
11.8 11.925503
11.900001 11.946776
10.49794 10.5396595
13.314671 12.706465
11.5 11.462166
11.1 11.118137
11.900001 11.873255
11.400001 11.46283
10.520216 10.543435
11.8 11.511667
11.2 11.195921
14.400163 14.616676
11.40103 11.405497
14.500117 13.535137
11.1 11.348539
11.900001 11.914505
12.299998 11.837107
11.1 11.127409
11.5 11.817196
12.299998 12.318932
12.899998 11.915445
11.2 11.31477
11.3 11.179615
13.600039 14.1340065
11.336572 11.400626
11.2 11.238089
12.399998 11.51115
11.400001 11.800901
11.2 11.336472
11.1 11.246454
11.3 11.236342
11.446788 11.567559
11.599999 11.9149475
13.1 13.011578
12.499997 12.374361
11.2 11.283294
11.3 11.4582405
11.599999 11.654934
12.599997 12.178135
11.8 12.4813175
11.5 11.466976
11.45 11.354113
11.1 11.198891
11.2 11.1952
11.2 11.241951
11.2 11.251466
11.1 11.241243
12.299998 12.64872
11.1 11.193268
11.599999 12.091984
11.3 11.503728
9.79897 9.666125
11.1 11.1501045
13.200015 11.780336
11.5 12.202076
11.2 11.217127
11.3 11.284185
11.3 11.456657
11.7 12.030247
12.499997 12.814747
11.953872 13.372129
11.7 11.683149
12.0 12.485941
11.239147 11.89201
11.1 11.289818
11.7 11.772654
12.010408 11.978657
12.499997 12.346137
13.864471 13.990801
11.7 12.146997
10.40103 10.455317
11.2 11.1930065
11.3 11.267122
13.986056 13.879709
11.999998 11.9186945
11.599999 11.668568
11.7 11.660138
11.2 11.206885
11.1 11.156618
11.999998 11.883284
11.1 11.193884
11.1 11.120404
11.7 11.9183855
11.2 11.284288
9.508935 9.583165
11.999998 11.92708
11.3 11.504738
12.418758 12.521193
11.719789 10.975649
11.3 11.26231
15.480535 14.901615
11.5 11.490858
11.5 11.278826
14.200179 13.81542
11.5 11.590844
11.3 11.231836
12.199999 12.768339
11.2 11.232412
11.8 11.798534
11.5 11.416943
11.1 11.158716
11.999998 11.929958
11.8 11.424629
11.2 11.390356
11.1 11.125816
11.1 11.212006
11.1 11.139006
11.5 11.111772
11.3 11.7247715
15.456548 14.036522
12.699998 11.363069
11.2 11.312244
11.900001 11.96284
12.1 11.905632
11.400001 11.242036
11.2 11.419885
11.2 11.297282
12.19691 13.408068
13.000009 11.852514
11.5 11.579447
11.8 11.731792
11.2 11.489479
11.8 11.702837
11.400001 11.500967
12.299998 12.161682
11.1 11.118156
12.699998 12.417574
12.299998 12.411882
11.40103 10.81761
12.199999 12.166853
13.000009 12.1543045
12.799992 12.676134
11.111138 11.14036
11.999998 11.996502
9.923909 9.838097
11.7 11.785782
11.2 11.344614
11.900001 11.908783
11.400001 11.400853
11.1 11.117535
13.200015 13.247929
11.400001 11.438677
11.5 11.762239
11.400001 11.5676775
11.400001 11.417688
12.192825 11.910775
11.999998 12.834637
11.400001 11.471875
13.600039 13.546494
11.2 11.267866
11.1 11.235933
14.901343 14.484127
11.2 11.252775
11.5 11.602211
11.2 11.217836
11.400001 11.494293
11.7 11.730896
11.8 11.686493
11.900001 12.13263
12.799992 13.460459
11.2 11.24308
11.900001 11.924982
11.1 11.338385
11.2 11.289129
13.500008 13.275967
11.711954 11.581121
11.1 11.226788
13.1 13.659214
11.900001 11.980452
11.900001 11.916351
12.958547 12.393467
11.1 11.1402025
11.2 11.307268
11.3 11.411816
10.9 11.518898
10.79897 10.873873
11.5 11.191292
14.8447275 14.910917
11.8 11.9271145
11.1 11.136141
13.500008 13.400671
11.7 11.714816
11.254902 11.270445
11.8 11.495982
11.1 11.401941
11.2 11.286787
11.1 11.134447
11.2 11.229099
10.1 10.113185
11.8 11.90501
11.400001 11.322145
11.2 11.330601
14.508935 14.266333
11.1 11.349625
12.599997 12.433462
14.1 13.611296
11.3 11.346951
11.7 11.863104
9.40103 9.277733
11.999998 12.026026
11.3 12.202955
11.212469 11.235929
11.5 11.571146
10.1 10.1518135
12.599997 13.565945
10.839154 11.533695
11.7 11.546774
11.2 11.29709
11.900001 11.888399
11.8 11.982819
11.3 11.293764
11.3 11.282412
11.7 11.775417
11.1 11.407969
11.2 11.351648
12.499997 12.474363
14.500117 13.856262
14.40103 14.349937
15.1 13.665756
11.2 11.233993
11.7 11.829609
12.1 12.6454525
11.3 11.389424
9.893174 9.826943
11.8 11.8121395
11.599999 12.156189
11.5 12.457634
11.900001 11.922146
12.199999 11.3659935
11.900001 11.902792
11.2 11.236039
11.1 11.155001
11.1 12.188789
12.06041 11.35723
11.2 11.256194
11.2 11.733921
11.1 11.363432
12.499997 12.26677
11.599999 11.656155
11.900001 11.922831
11.2 11.267042
12.699998 12.13447
10.622879 10.692772
11.8 10.55374
11.8 12.8898945
11.7 11.517133
11.599999 11.741535
13.699981 13.17396
11.1 12.138582
12.543697 12.831707
12.199999 11.713064
11.1 11.147169
11.400001 11.619301
11.900001 11.980495
11.1 11.469267
13.011954 13.389128
12.699998 11.813152
11.2 11.349995
11.400001 11.447569
11.900001 11.926362
11.5 11.504854
13.1 13.32242
11.8 11.8259535
11.900001 11.920513
11.3 11.410181
12.993441 12.379635
11.900001 12.128975
11.900001 11.767073
11.2 11.227621
11.2 11.1306
11.900001 11.956383
11.900001 11.785273
12.821246 11.939566
11.2 11.289774
12.434419 12.657921
12.899998 12.564594
11.8 11.860476
12.199999 11.844084
11.400001 11.288406
11.2 11.257374
11.599999 11.645937
11.3 11.94378
11.7 11.740715
12.799992 12.48723
11.2 11.243799
11.459518 11.416582
11.2 11.228128
11.1 11.12163
11.7 12.704863
12.799992 12.419586
11.400001 11.497682
11.3 11.295367
11.7 11.805945
9.79897 9.661898
11.599999 11.470308
11.1 11.256344
11.534152 11.2110195
11.3 11.524724
12.499997 12.651356
11.8 11.870871
11.8 11.87265
11.900001 12.161207
11.7 11.837284
11.5 11.597614
11.400001 11.593065
11.1 11.186022
12.299998 13.072199
12.199999 11.690172
12.199999 11.7031765
11.599999 11.71365
11.999998 11.9941635
11.400001 11.345878
12.923909 12.124491
12.058607 11.587463
13.699989 13.531664
13.000009 12.735937
11.1 11.146644
11.2 11.218578
11.2 11.249327
13.1 12.695919
11.2 11.232563
10.2 10.49765
11.400001 11.504082
11.1 11.249155
11.3 11.270712
11.8 12.042055
11.1 11.12833
11.2 11.245037
11.1 11.112492
11.900001 11.897507
12.1 12.143146
11.900001 11.90351
11.900001 11.897207
10.70206 10.749424
12.1 12.461132
11.8 11.812321
10.622879 10.674768
12.1 13.170498
11.2 11.210745
11.2 11.341994
11.900001 11.826452
13.1 12.80007
11.7 11.775613
11.5 11.484538
12.466532 11.604786
11.599999 11.19997
11.2 11.310682
11.1 11.19413
11.2 11.194521
11.40103 11.586788
11.400001 11.4416485
11.1 11.129269
12.699998 13.399178
11.400001 11.241503
11.900001 13.155958
11.165502 11.246811
13.299971 13.4294815
10.7 10.417982
11.8 11.9506035
11.1 11.163599
11.1 11.202208
11.8 11.917651
9.79897 9.96092
9.986056 9.856621
11.2 11.234776
11.7 11.919904
11.2 11.209898
12.078811 11.59947
12.1 11.1508465
12.299998 12.167897
12.199999 11.933237
11.1 11.166063
11.3 11.290462
11.900001 11.914433
11.2 11.226925
11.1 11.49575
11.400001 11.439135
15.200179 13.922262
10.446788 10.609402
12.1 11.728287
11.7 11.66053
11.5 11.549501
11.1 11.322418
12.499997 12.544458
11.7 11.711215
11.900001 12.008093
11.3 11.254465
12.299998 11.813906
11.999998 11.971273
11.5 11.454905
12.723423 12.2129
12.199999 11.677607
14.1 13.531586
11.900001 11.883753
11.599999 11.698933
12.1 12.44858
11.5 11.767806
10.622879 10.863283
11.2 11.42008
11.2 11.187387
11.2 11.217424
11.400001 11.791882
11.8 11.817215
10.6 10.872026
11.999998 11.910086
11.7 11.96494
11.1 11.403044
11.2 11.161711
12.599997 12.160645
12.899998 12.450586
11.900001 11.971605
11.7 11.7426
11.2 11.264432
11.5 12.05994
11.999998 11.32218
11.5 11.34766
11.8 11.900007
11.2 11.283949
11.599999 11.606809
10.89588 10.842051
11.2 10.9520035
11.999998 12.250328
11.3 11.429597
11.599999 11.697599
12.899998 13.140444
11.49794 11.828007
13.299971 12.99465
10.1 10.011776
13.600039 14.458244
11.2 11.234413
11.400001 11.509235
11.1 11.20187
12.899998 11.385895
11.900001 11.864347
11.400001 11.532921
11.8 12.250742
12.399998 12.026947
11.1 11.132793
11.1 11.077923
11.599999 11.604544
11.5 11.556023
11.1 11.137638
11.2 11.235759
10.79897 10.202033
11.7 11.719482
11.3 11.544609
12.399998 12.105007
11.1 11.182186
11.8 11.823326
11.599999 11.645489
11.8 11.816809
11.0 10.564894
13.47675 13.564632
11.5 11.550865
11.5 11.610364
11.5 11.500395
11.5 11.498899
11.599999 11.681451
12.49794 12.504459
11.0 10.835192
13.145758 13.236221
12.199999 12.024538
12.1 11.987545
11.8 12.399843
11.2 11.24547
12.555932 12.970669
11.5 11.87775
11.2 11.247333
11.3 11.480911
11.3 11.452698
11.900001 11.887144
11.599999 11.882091
11.3 11.500459
11.2 11.219846
11.7 11.732843
11.1 11.162483
11.5 11.54574
11.5 11.524511
11.8 11.835563
11.1 11.487078
12.1 11.94865
11.8 11.873289
11.5 12.325623
11.7 11.73704
11.999998 11.942497
11.3 11.396923
13.699981 13.917585
10.1 11.295633
11.3 10.655947
15.117729 14.904747
10.40103 11.795177
11.3 11.416943
11.5 11.528128
13.999974 14.04838
11.1 11.22875
11.999998 12.2422695
11.3 11.207682
12.799992 11.639695
11.8 12.09737
14.200179 13.123571
12.399998 12.095335
12.899998 12.826782
11.999998 12.039852
11.1 11.167606
10.40103 11.283432
11.2 11.349293
11.2 11.16679
11.2 11.2234535
12.299998 12.471966
11.8 11.836095
13.500008 14.056967
11.400001 11.435833
10.79897 12.060268
11.900001 12.193975
11.400001 11.423285
11.5 11.410912
11.1 11.617575
11.3 11.274111
11.1 11.150166
10.4 10.391234
11.3 11.304457
11.900001 12.038799
11.2 11.203304
11.2 11.302458
11.2 11.232318
12.1 11.7596245
12.499997 12.149298
11.7 11.718809
11.400001 11.355477
12.199999 11.98864
11.1 11.399378
11.2 11.273302
11.999998 11.985128
11.900001 11.916723
11.5 11.550625
11.599999 11.55292
11.5 11.520334
13.299971 13.093548
11.3 11.288286
14.999629 15.30105
11.7 11.682333
11.1 11.4463005
11.7 11.768514
10.622879 10.674676
11.901343 12.34635
11.1 11.186054
10.1 11.244282
11.7 11.683043
11.400001 11.458691
11.900001 12.040699
12.300659 12.349558
12.299998 11.631408
10.7 10.270774
11.7 11.375231
11.8 11.763248
11.7 11.672695
11.3 11.278265
11.7 11.725035
11.2 11.301956
11.400001 11.403378
11.599999 11.606842
11.3 11.360876
11.999998 11.980314
11.7 11.744209
11.2 11.221073
11.8 11.887505
10.4 10.380759
11.2 11.215267
11.043335 11.1313305
10.8 10.375511
12.499997 12.330713
11.900001 11.891584
11.900001 11.889511
11.2 11.26878
11.900001 12.152454
11.19691 11.960749
11.2 11.333714
11.1 11.273602
13.699981 13.366425
12.199999 12.294697
11.400001 11.401049
11.822364 11.83964
13.500008 12.779671
11.599999 11.71596
13.999974 12.384386
14.500117 13.993847
11.3 11.944443
11.8 11.88334
11.3 11.446539
11.1 11.188396
11.7 12.294059
14.700326 14.486595
11.5 11.637947
14.200179 13.962078
11.7 11.74501
11.1 11.043428
11.900001 11.966749
11.3 11.798756
13.800057 13.05607
11.2 11.89696
11.49794 11.381645
11.5 11.445917
11.900001 11.746886
11.3 11.255405
10.8 10.844482
11.400001 11.559866
11.1 11.1982
11.7 11.717356
10.40103 11.058568
11.900001 12.197736
11.999998 11.828339
11.2 11.29726
13.500008 12.299223
11.5 12.951288
11.058607 10.936415
11.900001 11.895578
11.900001 11.88096
11.3 11.353617
11.2 11.197449
11.2 11.149884
11.900001 12.088524
12.399998 11.901407
11.5 11.576153
11.900001 11.780691
10.4 10.636436
11.2 11.170673
11.900001 11.919262
11.599999 11.976863
11.2 11.42902
11.900001 11.927982
11.2 11.352162
11.5 11.545252
11.900001 12.182535
11.3 11.694471
12.199999 11.953489
11.999998 12.004531
11.5 11.367825
11.400001 11.438559
11.5 11.797668
12.251195 10.834536
13.555932 13.059969
12.399998 12.422186
11.581486 12.037233
12.399998 12.35741
11.2 11.348595
12.685027 12.995426
11.2 11.5348015
11.7 11.706352
11.2 11.199916
12.499997 11.916569
11.1 11.158
12.699998 12.414368
11.1 11.157032
11.2 11.214224
11.599999 11.578415
11.900001 12.393217
11.7 11.66589
11.900001 11.902014
12.899998 12.953434
11.900001 11.96122
11.900001 11.888069
12.1 11.987181
11.599999 11.705541
11.3 11.334347
11.2 11.194178
11.7 11.87715
11.8 12.64533
11.7 12.12639
11.900001 12.083912
11.5 11.539699
10.7 10.388563
13.899971 14.13509
11.5 11.6154
11.2 11.20455
14.200179 14.344564
13.600039 13.726099
11.2 11.204777
12.199999 12.119914
11.999998 12.109331
11.900001 12.052919
11.821246 12.452532
11.2 11.293018
12.399998 11.570988
11.999998 11.8930435
11.2 11.265322
11.5 11.6429
10.40103 10.546679
11.1 11.282213
12.599997 12.388067
11.900001 12.978914
11.599999 11.590134
11.3 11.5153475
11.7 11.612165
11.599999 11.7362995
12.199999 11.99794
11.1 11.086317
11.5 11.532341
11.2 11.222866
11.2 11.441776
11.8 11.975685
13.699981 13.292833
11.900001 11.839363
11.7 12.43223
11.3 11.272218
11.900001 11.916595
12.1 11.654789
11.2 11.249908
12.1 12.283089
11.5 12.356426
11.8 11.242664
11.2 11.346559
11.1 11.607904
11.3 11.252617
11.7 11.720495
15.79897 11.099508
11.1 11.155441
11.400001 11.347828
10.1 10.041683
11.49794 11.476881
11.2 11.269928
11.2 11.22618
11.599999 11.672909
11.2 11.362465
11.392429 13.158398
11.7 11.700485
11.2 11.245096
11.900001 11.470594
11.8 11.876282
11.3 11.547842
11.7 12.025179
11.7 11.7052765
11.555932 11.466409
11.999998 11.966064
11.999998 11.918436
11.3 11.486916
11.7 11.875605
11.599999 11.381052
11.8 11.839045
11.8 11.742922
12.499997 12.785524
11.3 11.282492
11.2 11.384182
11.3 11.348934
12.199999 12.278431
13.000009 13.366798
11.3 11.245881
11.7 11.813103
11.1 11.079216
11.5 11.454899
11.5 11.629867
11.900001 12.178568
11.900001 12.780861
11.2 11.217153
11.2 11.239037
11.900001 11.927889
11.599999 11.586679
11.5 11.647123
11.2 11.295179
11.2 11.243177
12.399998 12.114338
11.5 11.339695
12.058607 12.364056
11.400001 11.349809
15.400163 15.238863
11.2 11.266422
11.999998 12.315285
11.5 11.539633
11.599999 11.862047
11.599999 11.512667
11.900001 11.989239
11.900001 11.874645
11.5 11.597783
10.1 10.742653
11.900001 11.90613
10.40103 10.610556
11.1 11.175192
11.900001 11.892006
11.400001 11.528503
11.900001 11.882203
11.2 11.355487
11.2 11.291304
13.299971 12.294441
11.999998 11.964024
11.400001 11.383724
11.3 11.571941
11.1 11.195278
12.499997 11.817493
15.1 14.7242775
11.2 11.244295
10.7 10.482461
11.8 12.101971
11.5 11.81028
11.8 11.8583355
14.40103 15.235802
11.2 11.261255
12.199999 12.0453825
11.400001 11.453679
11.3 11.8124695
11.0 10.694817
11.3 11.697315
11.599999 12.972116
11.900001 11.888952
11.1 10.911369
11.8 11.888067
11.7 11.79487
11.1 11.179793
11.400001 11.446541
11.900001 11.893888
11.2 11.168846
11.2 11.27333
11.400001 12.296416
15.299971 15.162638
11.3 11.215889
11.7 11.762243
11.400001 11.437013
11.400001 11.46488
11.5 11.618803
11.1 11.395884
11.5 11.4873085
11.1 10.981287
11.900001 11.897467
10.2 10.754613
12.599997 13.134037
12.699998 12.18659
11.1 11.169083
12.899998 11.623463
11.3 11.348263
11.2 11.368736
11.3 11.504239
11.49794 11.732991
11.900001 11.992844
13.409894 13.7020855
11.8 11.360426
11.1 11.187097
12.1 12.384739
11.900001 11.9431
11.2 11.201382
11.75 11.7431755
11.1 11.315178
11.3 11.339426
12.499997 12.19439
10.40103 12.427361
13.1 12.700052
11.1 11.191374
11.3 11.542421
11.400001 11.508728
11.999998 12.224283
11.2 11.356136
11.2 11.511797
11.1 11.154512
14.145758 14.397766
12.699998 12.502974
13.1 11.660805
11.7 12.143134
11.599999 11.680347
11.2 11.228163
12.499997 12.4848175
11.2 11.272179
11.1 11.219145
11.2 11.217091
11.999998 13.055166
11.5 11.544403
11.900001 11.954505
11.3 11.23148
11.400001 11.31672
11.900001 11.897353
10.79897 10.257425
11.8 11.443404
11.400001 11.759043
11.2 11.334593
11.1 11.244006
13.299971 13.396269
11.2 11.244822
11.3 11.34227
11.900001 11.9461
11.2 11.180384
13.800057 14.311731
11.2 11.248745
12.460513 12.245269
11.5 11.594738
12.321849 10.907364
10.1 10.719723
11.1 11.206055
11.5 11.799711
11.5 11.47258
11.2 11.278712
11.7 11.808073
11.7 13.740154
11.3 11.31098
11.2 11.19842
10.70206 10.767823
11.1 11.133324
10.9 11.559023
12.499997 12.90053
11.5 12.019325
11.2 11.126615
12.899998 12.788723
11.2 11.278824
11.2 11.179574
10.1 10.093027
11.2 11.244608
11.599999 11.803247
10.4 10.673616
14.600313 13.969206
11.7 11.725882
11.900001 11.803368
11.2 11.373529
10.5 10.493284
11.7 11.699144
13.000009 13.017208
11.2 11.189074
14.869551 15.039974
11.2 11.224935
12.49794 12.293922
12.899998 12.750772
11.1 11.188511
11.2 11.184999
13.200015 13.42396
11.8 12.215813
13.500008 13.597851
12.699998 12.28326
11.2 11.585567
11.400001 11.497866
11.2 11.270149
12.799992 12.375383
13.200015 12.044482
11.1 11.614066
11.89588 12.212765
11.1 11.2710705
11.900001 12.183748
11.5 11.545177
12.599997 11.92248
13.800057 13.957226
11.923909 11.62722
11.5 11.493054
11.2 11.2249775
11.2 11.234912
10.49794 11.010469
12.953872 12.343606
11.3 11.258705
11.999998 11.53746
11.1 11.080032
10.418758 10.31403
11.1 11.213772
12.499997 12.75222
14.1 13.234858
11.7 11.833566
12.499997 12.029712
13.500008 13.539768
11.8 11.864254
11.599999 11.686729
11.7 11.719253
12.199999 11.540472
11.599999 11.208958
12.299998 12.330057
11.8 11.838712
14.299971 13.237511
11.1 11.234268
13.600039 12.901934
11.900001 11.909018
13.986056 13.458624
10.1 10.099087
11.5 11.578285
13.465243 10.982453
11.400001 11.383909
11.400001 11.39856
11.900001 11.851143
11.599999 11.644115
11.999998 11.940794
12.899998 12.216352
11.2 11.309317
11.115759 11.192663
12.699998 12.366371
11.5 12.298857
11.900001 11.628603
11.5 11.518833
11.3 11.330122
12.699998 12.029275
11.900001 11.925245
12.953872 13.217314
11.8 11.774399
13.899971 14.848249
11.2 11.221425
11.8 11.484766
14.600313 13.92234
11.2 11.219629
11.999998 12.152254
11.711954 11.600557
11.900001 11.953403
11.900001 11.931156
10.1 9.950033
12.399998 11.598732
9.622879 9.7402725
11.2 11.206015
10.70206 10.774235
12.1 12.382456
10.1 10.148911
11.599999 11.871628
11.3 11.411764
11.900001 11.929045
12.699998 12.720943
13.299971 13.572769
11.599999 11.652157
11.2 11.222748
11.400001 11.326414
11.1 11.47937
12.399998 12.112743
11.3 12.122578
11.599999 11.58522
11.7 11.89859
11.400001 11.595728
13.622879 13.563812
12.199999 12.057329
11.599999 11.678972
11.5 11.532348
11.999998 11.975052
14.1 13.512442
12.699998 11.9223995
11.2 11.239775
11.900001 12.077253
12.54855 12.619404
12.399998 12.091068
11.2 11.201773
11.900001 11.924042
11.5 12.075716
11.900001 11.889318
12.399998 12.0331135
11.8 11.857323
10.89588 10.941683
12.299998 12.100973
11.1 11.164295
11.1 11.140594
11.599999 11.622208
13.1 12.828833
12.299998 12.075628
11.2 11.306942
11.7 11.722229
11.2 11.466038
10.3 10.650246
11.999998 12.587046
11.2 11.234119
11.7 11.780252
11.2 11.243351
11.2 11.198938
13.622879 13.592554
11.8 11.8135605
11.400001 11.388765
13.214758 12.682463
12.175721 13.095669
13.1 12.446541
11.1 11.216558
11.2 11.197101
11.8 11.825547
6.1 4.9269686
9.506714 9.472864
11.400001 11.438774
13.1 13.576605
10.4 10.521784
11.400001 11.520906
12.078811 11.926744
11.999998 12.077122
11.8 11.836535
11.599999 11.854244
10.958237 10.732176
11.5 11.564667
12.299998 12.210436
11.5 11.4788265
14.8447275 12.440693
11.900001 11.904883
11.2 11.272306
11.400001 11.63859
11.7 11.753414
12.199999 12.058533
11.999998 11.936491
10.1 10.336418
12.499997 12.733517
11.400001 11.376406
11.2 11.206705
10.4 10.273206
12.599997 13.001532
11.900001 11.538942
11.2 11.291391
12.399998 12.317646
11.900001 11.898093
11.2 11.196372
11.1 11.216425
11.900001 11.918104
11.900001 11.899
14.299971 13.930634
11.2 11.665581
11.2 11.269157
15.49794 14.50054
11.058607 10.890228
11.599999 11.705997
11.599999 11.681334
11.5 11.488056
11.5 11.53804
11.999998 12.646372
11.599999 12.244921
14.400163 13.037874
13.000009 12.587021
11.1 11.201725
15.299971 15.224592
11.599999 11.855618
11.2 11.247686
10.622879 10.1903515
11.1 11.2336
11.2 11.391177
9.79897 9.582321
11.5 11.334979
11.900001 11.910669
11.2 11.160463
13.1 13.689058
11.599999 11.343357
12.1161 11.511345
11.2 11.171303
11.7 11.797792
10.1 10.083666
11.2 11.22093
11.5 11.2716255
11.8 11.779949
11.1 11.427547
10.622879 10.56209
11.1 11.062103
11.1 11.220982
11.599999 11.7930155
12.1 11.317264
11.2 11.212692
11.2 11.264294
11.2 11.604354
10.2 10.522222
11.599999 12.370312
11.3 11.311134
11.3 11.261337
12.499997 13.457054
11.1 11.180698
11.8 12.078175
12.199999 11.738507
12.199999 13.029854
11.5 11.603165
11.822364 11.836256
11.7 11.813892
11.599999 12.261507
11.5 11.575261
11.400001 11.531181
12.599997 11.788453
12.699998 13.06904
11.5 11.522619
12.199999 12.14522
11.2 11.436909
11.5 12.066305
12.499997 12.571363
11.5 11.584831
13.47675 12.57535
12.799992 11.719368
11.8 11.823667
13.600039 13.393969
11.900001 11.913592
11.400001 12.297039
13.000009 13.330477
11.2 11.197917
12.199999 11.682638
11.1 11.208948
11.2 11.292788
11.3 11.264366
11.1 11.137433
13.1 13.4918
9.79897 9.981737
12.299998 12.285085
13.600039 13.697132
12.199999 11.369144
11.1 11.160452
12.199999 12.028564
11.400001 11.466419
11.400001 11.517455
12.299998 12.519125
11.7 11.430264
12.799992 12.743364
11.2869625 11.60792
11.815606 13.669144
11.1 11.907228
11.5 11.598341
11.599999 11.508993
12.399998 12.22574
11.400001 11.180436
12.399998 12.492619
11.7 12.457827
11.3 11.295313
12.1 12.220038
13.800057 11.396622
11.7 11.643821
10.79897 10.610769
11.5 11.312548
11.999998 11.781805
11.1 11.155861
11.999998 12.008423
11.1 11.441128
11.900001 12.08166
11.622879 11.427063
11.400001 11.459895
11.1 11.261341
11.900001 12.139103
11.3 11.277073
10.3 10.661472
10.4 10.628424
10.5 10.431268
14.145758 14.118248
10.1 10.281918
11.900001 12.083086
11.1 11.156646
11.400001 11.914734
11.900001 11.909476
11.7 11.797031
11.1 11.298025
11.3 11.417366
12.248742 13.1280155
10.70206 10.782167
12.199999 12.072954
12.299998 12.226575
11.900001 11.902407
11.3 11.554844
11.303734 11.578838
11.900001 12.259615
13.180922 13.269533
11.5 11.570465
11.1 11.160414
11.2 11.20328
10.1 10.286425
11.2 11.168553
11.207906 10.6326065
11.900001 11.882059
11.2 11.235281
11.2 11.360315
11.1 11.19351
11.400001 11.421827
11.3 11.294648
11.5 11.701111
11.8 11.82456
11.2 11.325467
14.200179 13.577318
11.1 11.245104
11.5 11.49412
11.5 12.410362
10.9 10.924476
13.200015 12.748335
12.799992 12.215725
12.499997 12.144222
11.599999 11.634901
10.2 10.839283
11.8 12.333691
11.2 11.20083
11.8 11.791496
11.900001 11.895962
11.2 11.245087
10.186186 10.179947
13.399989 13.440107
11.5 11.564211
11.1 11.143995
11.5 11.517744
11.1 11.123108
11.2 11.265961
11.1 11.211077
12.199999 12.602253
11.1 11.2642765
11.1 11.120016
12.499997 12.619415
11.5 11.545624
12.199999 12.853922
11.1 11.214319
11.1 11.3598
11.5 11.6221695
12.799992 11.825528
11.2 12.263222
12.1 12.334679
11.900001 11.91872
12.418758 12.679352
11.3 11.273836
11.3 11.404964
11.400001 11.715382
12.399998 11.921392
11.999998 12.30806
11.5 11.507961
11.2 11.196161
12.499997 12.365633
11.1 11.1345825
10.79897 10.731815
11.3 11.39107
11.2 11.195795
11.2 11.216497
11.999998 11.898794
11.1 10.999235
11.1 11.142563
14.901343 15.010633
12.699998 12.281271
12.199999 12.373085
10.79897 11.023788
11.2 11.3411255
11.1 11.164858
11.599999 11.562075
11.1 11.373081
11.1 11.344558
11.599999 11.683315
12.599997 11.918995
12.199999 12.190079
11.7 11.7161255
11.900001 11.911594
11.2 11.251879
11.2 11.27601
11.1 11.135588
11.900001 11.754274
12.299998 12.200737
11.999998 11.843071
11.2 11.284565
14.1 14.193401
9.79897 10.231192
12.899998 13.1876545
11.7 11.7907715
11.2 11.492225
11.5 11.55658
11.1 11.995489
11.3 11.276682
11.599999 11.767471
11.900001 11.894072
12.299998 11.989876
11.7 11.73092
11.7 11.740711
11.3 11.317777
12.699998 12.293411
11.2 11.219048
11.1 11.127611
11.3 11.38508
12.1 12.136676
13.200015 13.381556
12.299998 13.226341
11.1 11.137607
11.7 11.841763
11.1 11.462881
11.5 11.218248
11.900001 11.829555
11.8 11.786453
11.7 12.290329
11.2 11.213475
10.321849 10.065006
11.900001 11.918098
11.1 11.140541
11.900001 12.017034
12.199999 12.429827
11.7 11.843399
11.1 11.544861
10.8 10.918282
14.299971 13.02449
11.1 11.14203
12.699998 11.853104
11.400001 11.716433
11.1 11.174664
11.400001 11.475734
11.1 11.140417
11.1 11.180153
11.3 11.55586
12.399998 12.193506
11.1 11.20171
12.1 12.384079
13.1 11.943546
11.5 11.512034
11.400001 11.444681
10.445824 10.495436
11.2 11.311741
11.3 11.387581
11.400001 11.955081
12.899998 13.353313
13.000009 12.93465
11.900001 11.849452
11.400001 11.537855
11.400001 11.456297
11.900001 12.2908535
11.5 11.61329
11.3 12.130878
11.1 11.211607
11.900001 11.906545
10.622879 10.630061
11.3 11.39209
11.2 11.228741
12.199999 12.007372
11.5 11.594324
11.5 11.5071335
11.999998 11.986275
11.3 11.3718605
11.3 11.472239
11.1 11.401363
11.2 11.382966
11.3 11.590309
11.8 12.605618
13.299971 13.34684
11.2 11.193508
11.900001 11.809995
11.599999 12.029261
11.2 11.89579
12.990712 12.887733
14.400163 14.784378
13.500008 13.154161
11.1 11.283522
11.2 11.268702
11.5 11.516182
11.1 11.2081585
13.821246 13.847517
11.7 11.863028
11.1 11.650171
11.1 11.071315
12.1 11.9769535
12.599997 13.405577
11.1 11.153845
11.7 11.731102
11.2 11.229944
11.400001 11.339056
12.1 11.625307
11.2 11.09853
14.600313 14.174698
10.70206 10.742298
10.4 10.699795
11.685027 11.379669
15.254902 13.837442
11.1 11.185982
11.8 11.998011
12.499997 11.579136
11.2 11.44151
11.1 11.210536
11.1 11.133488
11.3 11.391021
15.200179 13.600887
13.399989 12.636791
11.29586 11.032202
12.299998 12.097039
14.8447275 14.677036
11.900001 12.148903
12.1 11.604058
12.923909 12.920193
12.218045 11.358653
11.900001 11.404568
11.400001 11.45344
11.999998 11.763458
11.3 11.331045
11.999998 11.546988
11.5 11.531918
11.2 11.311261
12.520216 12.196914
11.45 11.514273
14.79897 13.331911
11.2 11.291065
11.3 11.609163
10.1 10.523027
11.1 10.954606
11.2 11.565083
11.900001 11.7117
11.999998 12.181042
11.3 11.310841
11.900001 11.899431
11.8 11.824951
11.2 11.233217
11.1 13.426676
12.599997 13.102238
11.3 11.463953
11.8 11.8909
10.1 10.963858
11.2 11.200468
11.8 11.8546715
11.3 12.533682
13.1 12.836983
11.5 11.680111
11.1 11.593471
10.976149 11.271201
11.2 11.314669
12.1 11.735371
13.000009 12.596455
11.900001 11.349607
11.2 11.198801
11.900001 11.903666
11.3 12.758783
10.70206 10.790348
10.1 10.341063
11.1 11.169979
12.145758 12.172807
11.1 11.170902
14.999629 14.823933
11.1 11.428499
13.899971 13.94944
12.1 11.586689
10.622879 10.667685
11.3 11.37375
12.499997 12.98937
11.2 11.228352
12.199999 12.030388
11.999998 11.948523
11.900001 12.027605
13.500008 11.908131
11.1 11.130455
11.2 11.191008
11.7 11.698366
11.3 11.382719
11.788246 11.3020115
11.2 11.14333
11.2 11.219992
11.400001 11.620594
12.199999 12.174511
11.7 11.673029
11.999998 11.916834
12.599997 12.147682
11.2 11.273291
11.900001 11.945045
11.1 11.2101345
11.599999 11.468235
11.5 11.575459
11.7 11.7083645
13.600039 12.710922
11.900001 12.000977
10.622879 11.754297
11.2 11.283436
12.799992 14.768742
11.400001 11.600191
11.8 11.763002
13.500008 12.480904
13.500008 13.349703
11.3 11.557926
11.400001 11.488018
11.2 11.153244
11.900001 12.4446945
11.1 11.186733
11.2 11.310288
11.8 11.478786
14.719789 14.776058
12.299998 12.302392
11.3 11.477293
12.499997 13.194654
11.1 11.124523
11.5 11.602696
11.2 11.274462
11.999998 12.601091
11.8 11.859781
13.500008 12.763344
11.900001 11.92474
14.1 13.714909
11.2 11.207449
11.5 11.994554
11.5 11.5619755
10.581486 10.489166
11.7 11.726984
14.1 13.489353
11.2 11.3698845
11.2 11.733421
