11.8 11.965249
10.1 10.037393
12.699998 12.389655
11.2 11.243293
11.1 11.13213
12.599997 12.568987
11.8 11.853371
11.8 12.103793
11.3 11.441337
11.1 11.227077
12.351812 12.477475
11.3 12.117069
11.2 11.241756
12.499997 12.849676
12.599997 12.214259
11.2 11.218435
11.900001 12.375693
13.685027 14.309459
11.2 11.255515
11.2 11.261513
11.665431 10.711005
12.799992 11.740633
11.7 11.756058
10.79897 10.251195
11.2 11.257206
11.2 11.232554
13.972057 12.686383
11.599999 12.832247
9.40103 9.438629
12.1 11.970928
11.900001 11.958256
11.5 11.689859
12.499997 12.631927
11.900001 11.977492
11.1 11.183134
11.1 11.210856
11.5 11.944044
14.1 12.855651
11.3 11.756294
11.3 11.544288
13.1 12.747035
11.400001 12.453036
11.5 11.633379
12.599997 12.149079
12.543697 12.430042
11.3 11.441778
11.1 11.988821
12.899998 12.533769
12.199999 11.892046
11.7 12.641251
11.3 11.328535
11.900001 11.957555
11.1 11.255786
11.599999 11.7814
11.1 11.245644
11.999998 11.964744
11.599999 11.581252
11.900001 11.987312
13.608639 13.850576
13.344125 13.2651
11.2 11.243427
11.1 11.177886
10.622879 10.640875
12.699998 12.007775
11.900001 11.971785
11.999998 11.322189
13.999974 13.934943
12.499997 12.386105
11.999998 11.894876
10.9 10.36787
11.999998 11.995689
11.7 12.695083
11.2 11.2933035
11.8 11.875177
11.3 11.357599
11.7 11.736086
11.900001 12.2597275
12.087163 11.667794
11.1 11.206199
13.299971 12.901484
11.5 11.584631
11.900001 11.496206
12.299998 12.773557
13.200015 12.267303
13.0914 12.918187
11.8 11.802825
12.199999 11.33316
12.29382 12.475522
11.7 11.782613
11.1 11.144273
11.8 11.956261
12.5999975 12.600471
11.2 11.673515
11.2 11.260902
11.2 11.222566
11.2 11.29319
11.400001 11.401127
11.2 11.2336445
12.199999 12.593344
11.2 11.287962
12.899998 13.458825
11.2 11.254753
11.900001 11.944512
11.900001 11.935211
14.200179 11.62043
11.8 11.8719845
11.599999 11.966068
11.7 11.782894
11.3 11.419196
11.2 11.290284
11.3 11.3682995
11.2 11.254362
11.400001 11.373196
11.900001 12.326977
14.40103 14.681569
11.3 11.393345
10.1 10.262417
11.900001 11.94718
11.400001 11.568863
13.699981 13.761221
10.581486 10.723608
11.5 11.567553
11.599999 11.622933
11.400001 12.1545925
15.26892 14.22456
12.199999 12.092776
11.5 11.788134
11.900001 11.954174
11.7 11.858325
11.2 11.265278
11.8 12.373003
12.1 11.603134
12.299998 12.419347
10.70206 10.680592
11.900001 12.240436
11.900001 11.909629
11.3 11.411286
11.3 11.341255
11.7 11.774418
13.167756 13.360112
11.7 11.818291
11.900001 11.643935
11.999998 12.026194
10.869551 10.249342
12.399998 12.725265
11.7 11.826224
13.399989 12.91385
11.900001 11.982642
11.2 11.353418
11.2 11.273596
11.1 11.220993
11.5 11.540827
11.1 11.218506
10.1 10.095179
11.2 11.297018
13.000009 13.731796
14.1 13.960554
11.7 11.774807
11.3 11.399346
10.1 10.750359
12.685027 12.686958
12.1 12.052452
11.1 11.439348
11.5 11.610121
11.078811 11.283901
11.999998 12.011473
10.49794 10.610336
11.5 11.56532
12.901632 13.035071
11.400001 11.484737
11.2 11.389949
10.40103 10.380613
11.543697 11.56382
12.499997 12.400834
11.7 12.234457
11.7 11.949469
12.299998 12.385753
11.5 11.534706
11.1 11.098372
11.2 11.261078
14.1 14.303507
11.999998 12.038834
11.900001 11.9444275
12.738272 12.840722
11.7 11.9260435
10.79897 10.944134
13.1 12.660107
11.5 11.309427
11.999998 12.010641
11.400001 11.484527
11.1 11.565069
11.1 11.235962
11.8 11.382017
12.195114 11.734539
11.2 11.241929
11.999998 12.022318
11.900001 12.804085
9.70206 9.594557
11.8 12.026207
11.999998 12.021745
11.5 11.656329
11.400001 11.46537
12.899998 13.378531
12.199999 11.722754
11.400001 11.471786
11.3 11.364297
11.3 11.392679
12.599997 11.6287565
13.1 13.036105
11.3 11.254805
12.1 12.792239
12.461728 11.957857
12.899998 12.388979
13.899971 13.536497
9.79897 10.236547
11.999998 12.241856
10.89588 10.962627
12.499997 12.068404
11.7 11.904346
11.900001 11.924012
10.1 10.034717
13.399989 12.85081
11.2 11.47816
11.900001 11.95241
11.1 11.315975
11.1 11.235803
11.900001 11.925863
12.1 12.001367
11.400001 11.501719
12.199999 11.273706
11.5 11.71365
10.1 10.119614
11.8 11.877721
11.7 11.770231
11.622879 11.560041
10.99279 11.316863
12.599997 12.623303
11.5 11.561172
11.1 11.398791
11.2 11.360714
11.900001 11.946594
10.4 10.279149
12.1 12.212601
11.5 11.506994
11.599999 11.756241
11.8 11.923515
12.699998 12.884237
11.8 11.898836
11.555932 11.231762
12.199999 12.574968
11.900001 11.996244
11.1 11.193457
11.5 11.56666
11.599999 11.730239
11.900001 12.078136
11.3 11.305122
12.685027 12.83141
11.3 11.357467
11.900001 11.964768
10.49794 10.638887
11.1 11.170504
11.900001 11.94471
12.1 12.1229925
11.1 11.251348
11.5 11.356777
10.79897 10.938058
11.8 11.901991
12.599997 12.013661
11.3 11.427223
11.7 11.781446
11.400001 12.008811
11.2 11.2911415
11.3 11.297135
11.3 11.647951
10.70206 10.724687
11.861954 10.72006
11.900001 11.971901
11.1 11.151911
12.299998 12.362311
11.2 11.492333
10.70206 10.746223
11.2 11.877562
12.1 11.983347
11.5 11.562299
12.399998 12.028648
14.299971 12.247051
11.3 11.334143
11.2 11.229287
12.799992 12.970159
11.2 11.223825
12.1 11.772171
11.8 11.8530445
11.3 11.483385
12.199999 12.041203
13.899971 13.658836
11.7 11.466507
14.738272 14.472381
11.900001 11.529523
11.900001 11.879938
11.3 11.334999
11.3 11.310194
11.2 11.659953
11.2 11.269251
11.599999 11.672723
11.900001 11.9826565
11.400001 11.486239
11.5 11.40234
12.1 11.896645
11.2 11.294928
11.3 11.406381
11.1 11.169563
11.999998 12.046858
10.531798 11.482792
11.1 11.154964
11.99279 10.808332
11.900001 12.165282
14.299971 13.31045
11.5 11.451292
11.900001 11.947726
11.3 11.231711
11.5 11.211384
13.864471 14.004161
14.118106 13.616349
11.599999 11.647387
11.900001 11.992659
11.5 11.457579
11.2 11.275303
11.3 11.396494
10.622879 10.747339
11.8 11.715679
12.79897 12.31131
11.999998 11.425123
11.1 11.207581
11.2 11.26684
11.900001 11.925894
11.1 11.206661
11.3 11.4268675
11.1 11.221209
12.499997 12.51355
11.999998 12.056422
12.299998 12.3323765
11.1 11.23314
11.900001 11.968593
11.999998 12.0167055
14.1 13.237857
13.600039 13.278796
10.1 10.667786
12.799992 11.696595
11.3 11.291153
11.7 11.764498
10.622879 10.96165
11.1 11.272097
10.1 10.717762
12.299998 12.100575
11.1 11.220131
13.1 13.02262
11.900001 11.930792
11.1 11.102997
11.5 11.573374
13.200015 12.4682255
11.999998 12.628689
11.3 11.304171
11.5 11.516312
11.3 11.898958
12.199999 12.456358
11.900001 12.00517
10.1 11.31218
12.299998 12.731929
11.400001 11.604093
10.622879 10.67076
11.999998 12.027132
11.2 11.296993
11.400001 11.552992
14.299971 14.427985
11.2 11.304067
11.8 11.916409
10.622879 11.048382
11.5 11.517704
12.199999 12.120266
10.224938 10.382027
11.7 12.459842
12.399998 13.512696
11.999998 11.989353
10.40103 10.240604
11.8 12.024677
11.2 11.444029
11.2 11.356558
12.300659 13.02596
11.7 11.84952
12.299998 11.286509
11.1 11.278267
11.3 10.4738035
14.49794 12.506306
11.1 11.721342
11.400001 11.447015
11.7 11.589937
10.1 10.279249
11.3 11.429071
11.1 11.3122225
11.7 11.77436
12.699998 12.537215
11.1 11.35891
11.900001 12.105994
13.923909 12.202892
13.200015 11.672195
13.800057 13.119243
11.400001 11.493101
12.1 12.028516
10.520216 10.600876
11.108774 11.265575
11.5 11.571588
11.2 11.451501
13.1 12.886865
12.199999 12.391041
11.999998 12.028294
13.999974 13.237044
11.999998 12.177557
12.499997 11.942675
11.900001 12.142353
11.999998 12.048773
11.1 11.306283
11.2 11.319831
11.3 11.4073105
12.599997 11.905656
11.2 11.260816
11.900001 11.983975
11.999998 11.947384
11.5 11.759022
13.699981 13.597089
12.499997 12.897211
11.5 11.453373
11.7 11.782976
11.599999 11.7243185
12.448722 11.681324
11.3 11.94221
11.19691 11.754166
11.7 11.428968
11.5 11.485495
11.900001 11.954748
11.2 11.488687
11.8 11.985617
11.1 11.187077
11.7 11.64338
11.599999 11.6570015
12.799992 13.562729
11.8 11.881367
11.2 11.526004
11.900001 12.002595
11.2 11.233866
11.999998 11.965199
11.599999 13.484355
11.599999 11.494022
11.5 11.55389
11.7 11.763734
11.1 11.437759
11.1 11.844295
11.900001 11.936234
11.1 11.274751
11.900001 11.962645
11.2 11.674325
11.599999 11.768473
11.3 11.254454
11.8 12.184713
11.900001 12.031062
11.3 11.234508
13.020819 12.295176
10.1 10.214032
9.70206 9.562147
11.1 11.120224
11.1 11.173503
12.199999 12.213642
11.7 11.311902
11.3 11.379206
11.8 11.929991
11.5 12.034461
12.399998 11.388411
11.2 11.301666
11.999998 12.07876
11.2 11.263568
12.953872 12.642088
11.599999 11.600647
12.113436 11.941864
11.3 12.1369505
14.1 12.842503
10.1 10.507255
11.2 11.263319
11.5 11.415247
12.1 12.227255
11.599999 11.6647215
11.2 11.226005
11.7 11.628508
11.999998 11.995672
11.1 11.231213
11.999998 12.01291
11.1 11.24358
11.400001 11.493467
11.640608 12.116358
11.900001 11.943415
11.3 12.641271
11.7 11.739453
11.2 11.276178
11.1 11.174604
12.699998 11.692449
11.5 11.554018
10.622879 10.665421
11.999998 12.029101
11.1 11.309283
11.5 11.309706
11.543697 12.096523
11.5 11.602491
11.8 11.337517
11.3 11.323282
10.652842 10.385937
11.2 11.295415
13.699981 13.310081
10.40103 11.635221
10.79897 10.922589
12.399998 11.370511
11.5 11.550631
11.2 11.308302
11.5 11.542205
10.1 10.452036
11.8 11.888961
11.7 11.734617
11.5 11.580933
11.7 11.59005
11.2 11.26259
11.1 11.171842
11.5 11.509241
10.70206 10.7565975
11.1 11.230258
11.1 11.221373
11.3 11.31867
11.2 11.245886
11.599999 11.469052
11.7 11.510169
11.8 11.697891
11.1 11.219977
11.8 11.873428
10.70206 11.026131
11.900001 12.519746
10.79897 10.914764
11.400001 11.439673
12.1 12.1727915
11.2 11.48237
11.5 11.505629
11.1 11.041452
11.5 11.572374
11.999998 12.033806
12.777781 11.078102
11.7 11.780415
11.1 11.284697
11.8 12.006921
11.7 11.879206
11.2 11.238832
12.1 12.531388
11.999998 12.0104885
12.499997 13.251079
12.599997 12.255598
11.400001 11.471756
12.1 11.921103
12.299998 12.31899
11.8 11.867704
11.5 11.688802
13.117729 12.931207
11.8 11.888247
12.1 11.976181
11.2 11.255554
13.399989 12.080357
11.2 11.358451
11.5 11.528632
11.2 11.270098
9.79897 10.276905
11.3 11.299957
11.3 11.567901
11.7 11.763626
11.7 11.793638
11.900001 12.377502
11.2 11.254095
11.7 11.77363
11.179355 11.396605
11.8 11.900347
11.900001 11.946896
12.079304 11.959948
11.3 11.668265
11.400001 11.345244
11.235986 10.921981
11.1 11.2788315
11.3 11.287707
11.1 11.210134
11.2 11.353287
11.821246 11.7295065
11.900001 11.965387
12.299998 12.527147
11.999998 12.090569
11.900001 11.974392
11.1 11.4006405
11.1 11.236973
11.145275 10.983752
11.400001 11.441479
11.2 11.223638
14.1 13.796196
10.7 10.575184
11.7 11.8125
12.199999 12.698787
11.400001 11.334057
11.8 11.92066
11.599999 11.66284
11.8 11.886307
12.699998 13.2672415
11.3 11.313934
11.7 11.871708
14.351262 14.645289
10.5 10.609061
12.058607 12.196716
11.2 11.246556
11.3 11.321972
11.7 12.002897
11.3 11.489857
11.2 11.258855
11.400001 11.52808
11.1 11.256451
11.8 11.885818
12.799992 12.277499
11.7 11.763409
11.3 11.291916
13.103601 13.421338
11.5 11.471224
11.1 11.213561
10.1 10.225997
11.1 11.226879
12.599997 12.157933
12.499997 12.080733
11.999998 12.358667
11.7 11.788497
11.5 11.565208
11.1 11.171103
11.3 11.407845
11.8 11.825455
11.8 11.4153805
11.1 11.327168
12.599997 12.008064
11.999998 12.07624
12.1 11.863276
11.900001 11.963235
10.49794 11.154998
11.900001 11.954069
11.599999 11.455221
11.900001 11.94195
10.4372425 11.393875
11.2 11.308562
12.1 12.703345
11.7 11.7661295
11.5 11.878197
10.1 10.17361
11.3 11.323111
11.8 11.882507
10.3 10.546333
11.1 11.213844
11.1 11.215721
10.9 12.296246
11.900001 11.953654
14.700326 15.231024
12.199999 11.734467
15.1 15.508533
11.3 11.342585
11.900001 12.016851
11.5 11.566293
11.953872 13.013523
9.40103 9.423524
11.2 11.268657
11.2 11.261963
14.581486 13.361999
11.1 11.022404
11.900001 11.748863
11.5 12.061416
11.2 11.252811
11.599999 11.803514
11.8 11.784547
11.108774 11.27073
11.599999 11.518482
11.7 11.736122
11.3 11.974852
14.299971 13.78071
13.200015 11.7325535
11.2 12.149983
11.2 11.261487
12.508935 12.763165
11.599999 11.765193
11.599999 11.8004465
13.953872 13.966104
14.1 13.918874
12.799998 12.831343
13.299971 15.1495495
11.5 11.657795
11.3 11.925079
11.058607 11.154333
11.3 11.341585
11.7 11.94766
11.1 11.552107
10.769952 10.636773
11.1 11.167376
11.7 11.800198
11.900001 11.988441
11.599999 12.0685625
11.8 11.782709
12.299998 12.420924
11.2 11.216451
11.8 11.86123
12.299998 11.7583885
13.000009 12.047874
11.5 11.691331
11.3 11.440367
11.2 11.28441
13.899971 14.671912
11.2 11.275026
11.999998 12.049635
11.1 11.290148
11.3 11.338194
11.7 11.750295
11.3 11.338968
10.70206 10.713677
12.799992 13.021922
14.700326 15.276114
11.5 12.379212
11.7 11.771545
12.799992 12.375065
12.1 11.87348
11.1 11.20073
11.900001 11.621272
11.7 11.731914
11.900001 11.994598
12.499997 12.252096
12.074694 11.761629
11.1 11.097758
12.199999 12.24734
12.499997 12.25185
12.499997 12.189545
11.900001 11.943489
11.5 11.603657
11.1 11.20309
11.900001 12.091574
11.2 11.299334
11.3 11.417691
11.2 11.33759
11.5 12.470517
11.5 11.607344
12.199999 13.990857
11.2 11.789511
11.599999 11.524522
11.8 11.7381
13.600039 12.764281
11.1 11.410977
12.399998 12.058145
10.738272 10.281778
11.3 11.344511
11.3 11.913365
11.1 11.251356
11.599999 11.252481
11.2 11.758806
11.391998 11.399083
12.1 11.611545
11.999998 12.468523
13.600039 13.350887
11.2 11.267212
11.1 11.27932
10.40103 10.281778
12.499997 12.122632
11.1 11.684134
11.900001 11.960717
11.1 11.241665
11.5 11.543024
11.3 11.306217
11.599999 11.637775
11.2 11.286894
11.900001 11.968906
11.757577 12.133717
11.3 11.256805
11.599999 11.749294
11.999998 12.011944
11.3 11.396933
10.40103 10.740999
11.1 11.983753
12.299998 11.217093
11.8 11.92441
11.3 12.009766
11.2 11.22179
12.1 12.210278
11.1 11.198137
11.2 11.267094
11.999998 11.968196
13.500008 12.923562
11.2 11.389267
12.799992 12.814378
11.2 11.313763
11.900001 11.965851
11.1 11.216759
11.1 11.177258
11.5 11.540306
11.599999 11.548367
12.199999 12.360466
11.400001 11.472025
10.40103 10.535381
12.1 12.049429
11.2 11.295391
11.2 11.279579
11.2 11.280822
11.5 11.679535
11.599999 11.858798
10.49794 10.551569
12.199999 12.038782
11.2 11.246429
12.1 12.113932
11.5 11.580545
11.1 11.277891
11.8 11.934572
11.45 11.48413
11.2 11.239261
11.5 11.3867035
13.186186 12.3783045
11.900001 11.540127
11.8 11.90197
11.1 11.202986
13.035542 13.222411
10.5 10.275024
11.2 11.2657995
11.2 11.393658
11.900001 11.910908
11.7 11.817606
10.2 10.19637
11.5 11.527027
11.999998 12.083043
11.5 11.604421
11.380575 11.540761
11.3 11.292442
11.1 11.25911
13.200015 13.117251
11.2 11.337402
11.5 11.729944
11.8 11.926691
11.2 11.31827
10.2 10.250467
11.3 11.281208
12.953872 13.227732
11.3 11.349984
11.599999 11.995531
11.5 11.25048
11.400001 11.447148
11.900001 11.929737
11.1 11.203112
11.7 12.090769
10.1 10.117823
11.5 11.360117
12.1 11.954729
11.8 11.925258
11.900001 11.435283
13.1 12.020414
12.599997 11.78005
13.299971 12.710134
11.599999 12.056708
14.600313 14.371339
11.1 11.240293
11.900001 11.936445
14.200179 13.659189
11.999998 12.0466175
11.1 11.2191305
10.1 10.219695
10.2 10.257472
11.999998 12.010694
11.400001 11.472406
11.400001 11.517869
11.5 11.552183
13.699981 13.115462
11.2 11.229429
11.5 11.381451
11.5 11.732403
10.622879 11.93787
11.999998 12.045317
11.8 11.566645
11.5 11.480735
11.374088 11.626423
11.900001 11.952757
11.1 11.278916
11.2 11.257315
11.2 11.2816105
11.5 11.3751955
11.7 12.040833
11.999998 11.688502
11.1 11.215681
11.2 11.468411
11.3 11.4026785
11.400001 11.526479
11.2 11.199442
11.400001 11.518329
11.2 11.27071
11.2 11.277035
11.8 11.731382
11.2 11.24869
11.2 11.933568
11.900001 11.957748
11.3 11.241102
11.1 11.167772
11.900001 11.299223
13.899971 13.498988
11.5 11.662838
11.7 11.63854
14.200179 13.570644
11.2 11.340087
11.7 11.855261
12.499997 12.674811
12.1 11.789187
11.900001 11.941727
13.202373 13.900049
11.3 11.478861
10.1 10.140603
14.600313 13.996465
11.2 11.272122
12.499997 12.350054
11.599999 11.389461
11.3 11.3418455
11.103488 10.939565
11.1 11.260322
11.3 11.308155
11.1 11.246838
11.7 12.353545
12.599997 12.985414
13.446788 12.420282
11.900001 11.954499
11.599999 11.668081
13.1 13.052266
11.2 11.3117895
12.899998 12.379017
11.5 11.527256
10.622879 10.684728
12.399998 13.025335
9.40103 9.4468975
11.1 11.191238
11.273925 11.296766
11.923909 12.206412
11.3 11.328983
9.893174 9.911538
11.3 11.362221
11.49794 12.343269
11.7 11.889771
11.900001 11.965767
14.500117 13.596827
11.1 11.439984
11.043335 11.230864
12.399998 12.5199795
11.3 11.5284195
11.599999 11.80575
12.499997 12.6047
13.000009 13.035116
12.499997 12.526377
11.5 11.660742
11.999998 11.760148
11.400001 11.626852
11.1 11.412085
11.953872 11.944829
11.2 11.32901
11.5 11.327457
11.1 11.219835
11.1 11.226349
11.2 11.267067
11.7 11.8228
11.3 11.502941
11.999998 12.118809
12.699998 12.192358
14.953872 14.93889
11.2 11.415242
11.900001 11.882136
11.900001 11.946794
11.900001 11.970617
11.1 11.16655
10.1 10.1003475
12.699998 12.837824
11.3 11.529202
11.1 11.146717
11.2 11.313673
11.999998 12.017729
9.47675 9.536529
11.1 11.374033
11.3 11.345545
12.899998 12.782007
11.7 11.756341
11.599999 11.712303
11.400001 11.486708
11.7 11.8204365
11.7 12.165388
11.900001 11.981765
11.5 11.616414
11.8 12.289667
13.500008 13.595123
11.5 11.552378
11.900001 11.947632
11.8 11.911328
11.2 11.310568
11.400001 11.406267
11.1 11.495565
11.3 11.717791
11.2 11.273792
10.40103 10.366171
11.599999 11.612361
11.2 11.25525
11.1 11.355077
11.900001 11.9615135
11.2139435 11.239098
12.199999 12.255707
11.2 11.269626
11.3 11.296124
11.599999 11.743302
11.400001 11.516717
11.7 11.597729
11.2 11.498194
11.900001 11.9752865
11.7 11.719461
11.7 11.731341
11.3 11.343873
11.599999 11.63295
12.699998 11.916801
11.2 11.249468
13.000009 13.170049
11.3 11.949032
11.1 11.65684
11.999998 11.999726
11.1 11.853265
11.999998 11.9038
11.8 11.934906
11.599999 11.579039
11.1 11.187293
11.900001 11.94491
11.400001 11.862361
11.3 11.312675
11.5 11.55189
11.900001 11.992866
11.3 11.40366
12.699998 11.670921
11.7 12.099048
11.1 11.195053
12.499997 12.555519
11.900001 12.0946455
11.8 11.964948
11.400001 11.435211
11.7 11.888421
11.5 11.608139
11.2 11.276104
12.854487 12.340976
11.8 11.884796
11.8 11.409843
11.1 11.361569
11.953872 12.903201
12.1 12.771145
11.900001 11.960543
11.8 11.947863
11.900001 11.822104
13.000009 13.470415
11.400001 11.354222
11.599999 11.60223
11.1 11.246392
11.1 11.256368
11.400001 11.354538
11.5 11.602226
11.7 11.56946
11.2139435 11.530233
11.40103 11.189832
11.1 11.255634
11.5 11.497923
11.7 11.6671715
12.499997 12.289089
11.999998 12.117717
10.40103 10.320716
11.3 11.41571
11.900001 11.321689
10.70206 10.66622
11.400001 11.315155
11.2 11.263184
11.999998 11.500504
11.1 11.260228
12.899998 13.189415
11.7 11.75142
11.8 11.865869
11.1 10.512041
11.999998 11.725026
11.999998 12.097189
11.3 11.781932
11.1 11.168301
11.8 11.785437
11.3 11.32913
12.699998 11.956143
11.900001 12.002762
11.7 11.547224
11.8 11.854391
11.900001 11.8063755
12.058607 12.023741
11.1 11.173212
11.3 11.332801
11.900001 11.992014
10.89588 11.053106
11.3 11.341738
11.3 11.469227
11.5 11.585078
12.199999 12.300592
11.637602 11.924209
11.400001 11.487793
12.799992 11.94549
11.900001 11.968653
12.1 12.062802
11.900001 11.986792
11.2 11.399656
11.1 11.252456
11.999998 12.1293
11.2 11.274051
11.2 11.91964
11.900001 11.878706
11.15 11.26148
11.7 11.770689
11.3 11.611204
11.900001 11.961782
11.5 11.425355
11.1 11.148988
11.5 11.904946
11.2 11.3516865
11.599999 11.680126
11.999998 12.719024
11.7 11.553598
11.7 11.844978
11.5 11.713352
11.400001 11.427559
10.555932 10.47661
11.8 11.92931
11.2 11.273972
11.40103 11.397478
13.699981 13.051086
11.400001 11.532912
11.1 11.126932
13.999974 12.195876
12.699998 11.931052
11.2 11.278522
10.40103 10.722364
10.622879 10.698728
12.599997 11.845725
13.999974 14.024652
11.1 11.037492
10.8064165 10.72197
11.3 11.50647
12.199999 12.493538
13.314671 13.451312
10.8 10.553837
12.1 11.748985
12.299998 12.5695715
11.2 11.276696
12.799992 11.955192
11.8 11.811455
11.400001 11.476764
15.500117 15.41732
13.399989 12.9333105
11.599999 12.841242
13.29382 13.267163
11.2 11.241068
11.2 11.30031
11.1 11.220003
11.8 11.894727
12.299998 12.258014
11.2 11.301432
11.2 11.270922
11.999998 12.141249
11.2 11.590639
11.900001 11.952976
11.2 11.248244
11.2 11.25506
11.5 11.479883
11.1 11.20861
11.7 11.68
11.900001 12.065661
11.599999 11.330246
12.399998 12.415381
11.599999 11.773708
11.2 11.235115
11.5 11.272596
12.499997 12.063586
11.2 11.418305
11.5 11.35592
13.699981 13.288596
11.900001 11.955311
13.299971 12.503044
11.8 11.851189
11.3 11.355621
11.999998 12.0283165
11.599999 11.595804
11.7 11.802257
11.3 11.594324
11.2 11.212946
11.999998 12.03837
11.599999 11.715068
12.499997 12.708667
12.199999 12.030856
11.2 11.259793
12.399998 12.274478
11.2 11.261866
11.3 11.310572
11.2 11.397718
11.3 11.401493
11.2 11.2918825
11.2 11.279754
11.2 11.621912
11.900001 11.976389
12.299998 12.652879
13.19691 11.6780205
11.2 13.47585
11.999998 12.033322
11.043335 11.160957
10.49794 10.470621
11.2 11.252815
11.1 11.212485
11.8 11.802952
11.400001 11.752709
11.400001 11.47897
12.555932 12.856914
12.499997 11.887354
11.2 11.297192
11.2 11.282154
11.7 11.57496
11.2 11.36591
11.400001 11.283495
13.600039 14.066209
12.399998 11.603874
12.799992 12.097385
12.799992 12.692666
12.499997 12.237096
11.400001 11.43815
11.3 11.426726
11.254902 11.579451
11.219187 10.914181
11.5 11.629143
11.8 11.910449
11.900001 11.950632
11.400001 11.430111
11.7 11.7776985
12.449998 12.331482
11.8 11.865237
11.2 11.252262
11.2 11.24465
11.2 11.253344
11.2 11.235022
10.622879 10.656369
11.900001 12.079326
11.999998 12.474248
11.999998 12.040947
11.1 11.177948
11.999998 12.009904
11.900001 11.908449
10.622879 11.489276
11.3 11.444023
11.599999 11.610182
13.1 13.750824
11.2 11.445358
12.599997 11.62916
11.1 11.278596
14.1 13.817698
11.1 11.250515
11.3 11.5758
11.900001 11.959012
11.599999 11.3898325
11.599999 11.457598
11.2 11.372647
9.47675 9.633574
12.066576 12.276384
12.499997 11.898502
11.7 11.761252
12.727088 12.418905
11.400001 11.851722
11.367606 11.659183
11.8 11.85078
11.3 11.5606365
11.3 11.723301
11.5 11.6912565
11.3 11.368484
11.5 11.5835285
11.8 11.880386
10.078811 10.162996
11.400001 11.562484
11.900001 11.952684
11.2 12.718545
10.40103 10.215642
11.3 11.318514
11.1 11.078293
11.1 11.218005
11.1 11.256164
11.5 11.302114
11.5 11.592876
12.608865 12.516659
12.805533 13.651761
11.5 11.479034
11.400001 11.366469
11.8 11.896683
10.1 10.073959
11.599999 11.55643
11.1 11.183981
12.699998 12.475191
11.3 11.352954
13.399989 13.245267
11.7 11.775846
13.000009 11.43364
11.3 11.416583
11.999998 12.076866
11.900001 11.948766
11.2 11.223017
10.79897 10.251309
11.637602 12.46848
11.2 11.324493
11.2 11.192173
11.900001 11.892882
11.8 12.001009
11.462984 11.551309
12.599997 13.229888
11.8 11.869842
12.299998 12.159545
13.236677 13.339771
11.1 11.203195
13.000009 13.421218
11.400001 11.642919
11.3 11.812094
11.5 11.630147
13.300002 12.903228
11.7 12.06255
11.400001 11.382186
11.3 11.418419
11.400001 11.960399
11.3 11.305689
11.1 11.31961
11.8 11.834513
11.2 11.262094
11.7 11.920398
11.5 11.984302
11.1 11.374046
11.1 11.175803
11.2 11.430645
12.1 12.246433
14.700326 14.830776
11.1 11.228373
11.8 12.016037
11.900001 11.942732
10.3 10.640333
12.299998 12.384805
12.899998 12.09078
11.1 11.175716
10.409804 10.6184
13.200015 13.065583
11.900001 11.940205
11.400001 11.505438
11.7 11.997024
13.500008 13.284619
11.599999 11.748564
11.5 11.790873
12.599997 12.442472
11.2 11.24982
11.599999 11.310806
11.2 11.537884
12.199999 12.374505
11.900001 11.794872
11.1 11.877076
11.2 12.168592
12.6934595 13.629806
10.1 10.175863
11.7 11.753847
12.953872 12.601207
13.02329 11.557123
11.599999 11.298398
11.900001 11.9056
10.165502 10.2336235
11.101723 11.278971
11.8 11.919604
11.7 12.195523
11.999998 12.074071
12.299998 11.994743
11.900001 11.964422
13.1 12.185496
12.199999 11.936612
11.45 11.338389
11.900001 11.948212
11.400001 11.434419
11.7 11.80529
12.499997 11.419973
13.000009 11.537789
11.7 11.324937
10.8 10.666037
11.599999 11.744441
12.1 11.88331
11.7 11.750137
11.2 11.412767
11.2 11.279923
14.1 13.613904
12.199999 11.639702
10.622879 10.689896
11.7 11.759844
11.900001 11.392066
10.40103 10.646725
11.1 11.574361
11.3 11.257815
11.1 11.232832
11.2 11.231201
10.70206 10.679901
10.8 10.802111
12.869551 13.556264
11.999998 12.132161
11.999998 12.045156
13.399989 13.121026
10.122276 10.167231
11.1 11.195998
12.399998 12.141199
11.1 11.271221
11.5 11.571915
11.230182 11.439699
11.599999 11.777398
11.1 11.243687
11.2 11.660215
11.5 11.621979
11.900001 11.951915
11.1 11.2453785
11.1 11.256666
11.3 11.56044
12.399998 11.662657
11.999998 11.436729
11.1 11.200205
12.499997 12.742543
11.400001 11.72293
11.8 11.882767
11.7 11.908327
11.5 11.551638
11.8 12.09218
11.1 11.28751
11.900001 11.900243
10.1 10.042152
11.8 12.297138
11.7 11.763533
11.5 11.718838
11.900001 11.246273
12.399998 12.543893
11.599999 11.674157
11.3 11.330729
12.499997 11.94275
11.400001 11.559994
11.79897 11.440542
11.999998 12.030714
9.79897 10.059542
11.8 11.785984
11.5 11.511852
11.5 11.624531
11.5 11.68016
12.1 12.294569
10.40103 11.264831
11.7 11.571092
11.900001 11.943239
13.299971 12.881171
11.3 11.325321
11.400001 11.511996
11.2 11.260486
11.7 11.772612
11.7 11.743169
11.2 11.260649
12.799992 12.722106
11.3 11.878598
11.1 11.176962
11.7 11.796427
11.999998 11.756989
11.7 11.984887
13.899971 13.23375
12.399998 12.920447
10.887813 11.634499
11.900001 11.975478
10.608639 10.443669
12.299998 11.712839
13.236677 13.218768
9.79897 10.276905
11.5 12.078031
11.427902 11.276774
11.5 11.319403
10.4 10.679266
11.7 11.7930765
11.2 11.3323765
11.2 11.294382
11.5 11.5937
11.900001 11.960085
12.245694 12.056828
11.900001 11.93339
11.2 11.239294
11.900001 11.937856
11.1 11.389702
11.254902 11.508621
12.199999 12.505275
11.5 11.418989
11.7 11.823194
11.618801 11.663966
11.999998 11.986371
11.5 11.682831
11.2 11.712481
11.400001 11.468458
12.199999 12.390198
11.2 11.515615
11.400001 11.369619
12.947712 13.214414
11.3 11.399738
11.599999 11.613768
12.599997 12.394779
11.7 11.791557
11.5 11.988039
11.2139435 11.164975
10.40103 10.59299
11.8 11.947938
11.2 11.337925
11.900001 11.978053
11.900001 11.943885
11.8 12.098115
11.1 11.521826
11.2 11.202713
11.7 11.777271
11.400001 11.451614
11.8 11.474144
11.599999 11.607842
9.79897 10.251195
11.1 11.233578
11.599999 11.433054
12.599997 11.420971
12.899998 13.024979
11.8 11.784425
12.622879 12.415814
11.599999 12.959521
11.7 12.50894
12.765546 11.968387
11.3 11.294411
11.5 11.553873
11.900001 11.965397
11.900001 11.887905
11.8 11.901888
10.40103 10.271738
11.8 11.911238
14.1 12.956302
11.900001 11.865361
11.999998 12.042976
11.2 11.332942
11.7 11.763533
11.7 11.775381
11.599999 11.306284
11.8 11.724815
11.5 11.607068
11.2 11.294992
11.487216 12.236738
11.1 11.220364
11.2 11.263639
11.900001 12.003354
11.3 11.3536825
11.599999 11.576006
11.1 12.543362
11.2 11.2608185
11.671865 12.330898
11.599999 11.892183
14.200179 14.904981
11.900001 11.86548
11.2 11.296455
11.999998 12.046206
14.901343 13.634884
11.900001 11.961347
11.5 11.764345
11.5 11.291624
11.599999 11.6767025
10.1 10.146195
13.200015 13.406867
11.599999 12.2075405
13.000009 13.222877
11.2 11.283176
11.508935 11.503432
11.8 11.645264
11.2 11.268251
11.7 11.46324
11.2 11.347571
11.3 11.580681
11.3 11.336124
11.400001 11.3963585
11.1 11.255446
11.599999 11.705313
11.900001 11.963793
13.699981 13.242573
11.999998 11.910072
11.999998 11.833029
14.1 12.504666
11.2 11.231627
11.400001 11.395288
11.2 11.900539
11.900001 11.999597
14.600313 12.830781
11.900001 11.259437
11.8 11.961275
11.1 10.708071
13.000009 13.308902
11.599999 11.710633
11.2 11.266035
12.199999 12.502553
11.8 11.838299
11.999998 12.842689
10.7 10.914883
11.3 11.47072
11.7 11.833389
11.1 12.151754
13.953872 13.053008
11.900001 11.9521475
11.2 11.228069
13.200015 13.367962
10.581486 10.960434
11.599999 11.664095
12.499997 12.354904
11.2 11.292518
11.3 11.918686
10.4 10.32052
11.900001 11.888538
12.299998 11.47515
11.2 11.272369
11.1 11.956847
11.7 11.967005
10.1 12.255152
11.2 11.308641
12.300659 12.31082
11.1 11.232928
11.900001 12.0405855
11.7 12.358146
12.399998 12.047615
11.400001 11.497534
11.3 11.348696
11.3 11.623034
12.399998 12.459369
11.2 11.289068
11.3 11.333359
12.499997 12.060946
11.5 11.633919
12.738272 11.319958
11.3 11.364856
11.5 11.572763
11.2 11.284453
11.3 11.3035555
11.400001 11.455682
11.2 11.2545395
11.400001 11.497305
11.1 11.220552
11.999998 11.921994
11.999998 12.199087
11.1 11.19171
11.8 11.505978
11.3 11.3981085
11.7 11.869803
15.500117 15.096477
11.2 11.265253
10.40103 10.414486
11.599999 11.631763
11.599999 11.696571
11.1 11.310176
11.2 11.265252
11.5 11.638188
11.999998 12.014444
11.2 11.1658535
11.3 11.81752
11.8 11.907021
10.020819 10.256678
11.5 11.511453
10.1 10.4531555
10.70206 11.206507
11.599999 11.797137
11.5 11.430077
11.1 11.211462
12.699998 11.697669
11.999998 11.695099
11.1 11.186001
11.3 11.266138
11.1 11.230176
11.5 11.75448
13.000009 13.17694
11.8 11.903177
11.1 11.186885
11.1 11.187381
11.5 11.522325
11.1 11.217677
10.40103 10.410135
11.900001 11.609699
11.3 11.334617
11.1 11.229177
11.5 11.527356
11.900001 11.92132
14.200179 13.73535
11.400001 11.391611
9.668636 9.601853
11.5 11.815979
11.1 11.195128
10.3 10.418349
11.7 11.690823
11.5 11.65512
11.5 11.587244
12.599997 13.074643
11.1 11.178064
11.8 11.827718
11.8 11.884291
11.3 11.973202
11.2 11.313228
11.2 11.350079
11.1 11.283646
11.986056 12.17201
11.599999 11.437509
14.1 13.204602
11.307609 11.258163
11.999998 12.016165
11.5 11.512772
11.999998 12.150061
11.1 11.175901
11.0 10.764383
11.2 11.247058
13.078811 12.223711
11.3 11.334028
11.7 11.746826
11.2 11.537846
11.7 11.7120075
11.3 11.883686
10.5 10.281623
12.199999 11.990204
14.600313 14.562565
12.499997 12.583007
12.399998 12.798324
11.3 11.527803
11.2 11.302477
11.5 11.560971
11.2 11.345195
11.999998 11.976827
11.900001 11.920171
11.900001 11.961479
14.711015 14.98696
11.2 11.209357
11.2 11.364527
10.1 10.374115
11.2 11.202411
12.799992 12.264087
12.485103 11.3341055
11.3 11.391066
11.400001 11.798954
11.2 11.239522
11.8 11.851732
11.400001 11.54654
14.06468 14.243621
11.1 11.25119
12.597573 12.279934
11.2 8.128609
12.549999 13.79893
11.2 11.343266
11.1 11.229486
11.8 11.91033
13.999974 12.805468
12.1 12.059996
11.3 11.345644
11.29382 11.128925
11.70206 11.262991
11.7 11.867868
11.8 11.859414
11.900001 12.132502
12.899998 11.9369335
11.8 11.857941
11.900001 12.012987
11.900001 11.390007
11.2 11.49916
13.1 12.507544
11.5 11.520786
11.3 11.368427
11.900001 11.957989
11.2 11.336522
11.3 11.283478
11.400001 11.468922
11.2 11.2551775
10.1 10.447536
11.900001 11.98532
11.2 11.269491
12.299998 13.362105
11.1 11.025093
11.1 11.151155
11.2 11.315639
11.1 11.136987
12.6934595 13.683717
11.599999 12.644308
11.900001 11.952312
11.7 11.503861
13.1 13.096621
11.999998 11.891082
11.7 11.853515
13.186186 13.71424
11.1 11.308707
11.5 11.561825
11.3 11.322379
11.400001 11.514016
11.1 11.227277
11.2 11.654774
12.499997 11.466312
13.1 13.040658
11.599999 11.754183
14.555932 14.525047
13.299971 13.964064
11.2 11.29149
11.1 11.338225
11.900001 11.993013
10.1 10.164221
11.1 11.266281
12.699998 13.1272545
11.2 11.294093
11.900001 11.975318
11.7 11.4174
11.7 11.878471
11.5 11.619879
13.000009 12.153542
11.7 12.044759
11.400001 11.584825
11.900001 12.258759
11.599999 11.749003
11.3 11.277586
11.2 10.9950485
11.900001 11.963624
11.1 10.85392
12.599997 12.129276
11.900001 11.833159
11.900001 11.838195
12.117729 12.268052
11.3 11.499685
11.5 11.545689
10.8447275 10.939438
11.1 11.201063
13.200015 12.590325
11.1 11.198244
11.1 11.327601
12.399998 11.662256
11.7 11.441999
10.1 10.101833
11.7 11.741933
11.1 10.894398
11.3 11.308
11.1 11.322208
11.8 11.93335
11.1 11.175584
12.1 12.265381
11.2 11.3062
11.900001 11.995148
11.599999 11.594169
10.70206 10.488567
11.2 11.294153
13.418758 13.347844
11.8 11.890404
14.359637 14.436275
11.2 11.284286
11.2 11.263742
11.5 11.598915
11.2 11.263888
12.199999 12.142488
11.2 11.297972
14.466532 14.837629
11.1 11.14233
12.1 12.970808
11.7 12.083292
11.2 11.513053
11.900001 11.777405
11.599999 11.417521
11.599999 11.59077
11.5 11.594431
12.499997 11.7042885
10.622879 10.6135845
10.608639 10.655233
11.3 11.42345
11.7 11.353084
11.1 11.198505
11.999998 12.076157
11.900001 11.944628
12.399998 11.368664
11.3 11.545822
11.1 11.193604
11.2 11.27372
11.900001 11.960578
11.2 11.318245
11.2 11.270881
12.499997 12.578208
11.2 11.337927
11.8 11.972898
11.599999 12.1346035
11.2 11.248873
11.2 11.368414
11.999998 11.618586
10.2 10.323312
11.999998 11.52932
11.7 11.748917
10.40103 10.668317
11.2 11.2470255
11.5 11.640966
11.2 11.740488
10.622879 10.720613
11.2 11.369854
14.43626 14.287385
11.900001 11.914734
11.599999 11.766314
14.29382 14.559971
11.8 11.886135
11.2 11.262152
12.953872 13.039073
11.599999 11.827377
11.1 11.212619
11.2 11.252583
11.3 11.286607
11.599999 11.65991
11.999998 12.035675
11.900001 11.936999
11.999998 11.72836
11.2 11.300341
14.1 14.715215
10.2 10.621658
11.3 11.288539
11.400001 11.781101
12.399998 12.565192
12.299998 12.473056
12.699998 11.432507
11.2 11.217957
11.3 11.431101
11.5 11.495472
11.2 11.260565
11.400001 12.283062
11.900001 12.004137
15.108774 13.514983
11.599999 12.007172
13.299971 12.984319
12.599997 12.516206
12.499997 11.810165
11.2 11.33531
12.40103 12.477437
11.1 12.523335
11.900001 11.971178
11.267491 11.74644
13.399989 13.162406
11.2 11.70475
10.7 10.946291
11.5 11.657501
11.1 11.243822
12.199999 12.722938
11.7 11.450961
10.70206 10.979321
11.7 11.972004
12.199999 12.531777
11.3 11.499607
11.7 11.770493
11.2 11.250689
12.1 11.948675
11.7 11.68108
11.999998 12.019375
11.400001 11.517275
10.450574 10.525373
12.699998 12.739459
11.3 11.254295
11.3 11.316048
11.5 11.526071
12.499997 12.879201
11.5 12.110432
11.400001 12.311744
13.29382 13.415328
15.1 14.901793
11.400001 11.401438
11.5 11.421993
11.3 11.693448
12.1 12.474921
11.900001 11.995737
11.999998 12.217389
11.261151 11.672005
11.2 11.306419
12.429754 12.128283
11.7 11.835515
13.899971 14.342322
11.999998 12.013015
11.599999 11.699232
13.000009 13.432947
11.1 11.215311
12.404044 13.198726
11.2 11.219215
11.8 12.238723
10.1 10.130433
11.5 11.464949
11.3 11.27608
11.5 11.545076
11.400001 11.68605
12.499997 13.202233
11.5 11.592052
11.2 11.3446
11.900001 11.959265
11.900001 11.935105
11.136212 11.229879
13.699981 12.837752
11.1 11.290952
11.400001 11.380213
11.7 11.927911
12.199999 12.221512
14.600313 14.27197
11.3 11.3611
11.8 11.851116
11.5 12.107753
11.7 11.830429
11.400001 11.457586
11.3 12.014481
11.5 11.650302
11.3 11.391394
15.1 14.58907
11.2 11.26436
12.499997 12.137185
12.599997 12.131454
11.8 11.676095
11.1 11.20216
11.343923 11.662357
11.599999 11.47131
11.1 11.242138
12.531798 11.993708
11.2 11.262881
11.5 11.563871
11.3 11.514814
11.5 11.7368355
12.699998 12.721373
12.267491 12.824462
13.1 12.666998
11.900001 11.927073
10.622879 10.712156
11.2 11.222374
11.1 11.221722
11.8 11.483577
11.8 11.792358
11.400001 11.493776
12.599997 12.816419
11.7 11.332403
11.7 12.1031885
11.230576 11.287534
11.2 11.344175
11.5 11.783311
11.7 11.292773
12.299998 12.188295
11.900001 12.006622
12.287653 12.450025
11.400001 11.448935
11.1 11.231796
11.2 11.253706
14.600313 13.720796
11.2 11.297304
11.2 11.2663555
11.3 11.394112
11.7 11.486378
10.622879 11.862721
12.699998 12.744344
11.8 11.654242
12.599997 12.693135
11.900001 12.040342
11.1 11.191923
14.40103 14.401021
11.8 11.982834
11.400001 11.470565
10.8 10.673074
11.2 11.23943
11.5 12.816873
11.2 11.261478
13.399989 13.064578
9.79897 9.869674
11.900001 11.996324
11.2 11.419072
12.599997 12.125415
11.999998 11.878731
11.8 11.204351
11.1 11.196737
10.923909 10.47429
11.1 11.383459
11.89588 12.170683
11.3 11.575761
11.3 11.624353
13.719789 13.777204
11.1 11.1687155
11.8 11.865134
13.000009 12.280182
11.900001 11.969591
11.1 11.250248
11.2 11.49177
11.3 11.477375
11.3 11.561004
12.799992 12.784835
12.199999 13.113749
10.3 10.421093
11.8 11.854059
11.400001 11.602514
11.5 11.59745
10.418758 10.573685
11.2 11.538281
11.3 11.332977
11.400001 11.276419
11.599999 11.876258
11.900001 11.701195
11.5 11.594794
11.1 11.172015
10.622879 10.668337
11.3 11.287275
12.446788 12.524304
11.999998 12.32749
11.058607 11.188179
11.8447275 11.930395
11.1 11.177152
11.7 11.698234
11.1 11.203028
11.900001 11.94718
11.900001 11.974678
12.599997 12.474262
11.3 11.326925
11.2 11.4332695
11.900001 12.060606
11.4 11.62494
11.2 11.263471
12.1 12.0153885
11.1 11.107195
10.6934595 11.333761
11.8 12.269611
11.8 11.764176
12.699998 12.086211
11.599999 11.50392
11.2 11.235509
11.7 11.4382105
13.1 13.227122
12.499997 12.327526
10.40103 10.666551
12.899998 12.874675
10.210698 10.513281
11.599999 11.326804
11.900001 11.936423
11.2 11.251001
12.399998 11.779747
11.2 11.536001
11.605162 11.33888
11.900001 11.938587
11.900001 11.448051
11.900001 12.093081
12.584126 11.925596
13.999974 13.464887
11.7 12.015995
11.400001 12.502224
11.1 11.26618
13.399989 12.173029
12.899998 12.829394
11.8 11.895979
11.599999 11.902702
11.2 11.274843
11.400001 11.50774
11.900001 11.984189
11.1 11.23255
11.1 11.046471
11.8 11.957624
12.314671 11.711327
13.500008 12.867602
11.1 11.247721
11.8 11.702702
11.7 12.060024
11.2 11.236153
11.2 11.255088
11.599999 11.727274
11.400001 11.966484
11.900001 11.954621
11.999998 12.362661
10.6 10.2745495
13.40103 11.815071
14.870304 14.359663
11.460513 12.017908
11.2 11.354563
11.3 11.426759
11.7 11.753359
11.2 11.298439
13.500008 12.930667
11.1 11.241924
14.869551 14.948456
12.299998 11.564987
11.3 11.321708
11.2 11.311451
11.3 11.484795
11.3 11.355377
11.999998 12.02511
11.3 11.321646
11.2 11.218021
13.000009 12.85241
11.7 12.342881
11.999998 11.358883
11.8 11.903921
12.399998 12.436056
12.699998 12.352796
11.1 11.226777
12.505608 12.425704
12.499997 12.436103
12.399998 11.869794
11.5 11.554706
12.1 12.026759
12.520216 12.942405
14.200179 14.073749
10.2 11.011667
11.8 11.805363
10.1 10.194653
11.2 11.330978
11.1 11.178
13.600039 11.808484
11.400001 11.252516
12.199999 12.232336
11.900001 12.008977
10.1 10.450991
11.900001 11.971327
11.1 11.217162
11.999998 11.396813
11.400001 11.3015785
11.5 11.372015
15.200179 15.046239
11.3 11.408416
12.299998 12.080214
11.1 11.21247
11.2 11.260655
11.599999 11.474344
11.900001 11.966301
11.2 11.845654
11.8 11.895805
11.900001 11.667814
10.3 10.190446
11.3 11.29808
11.900001 11.928954
13.200015 12.855605
12.899998 13.330603
11.999998 12.113844
11.1 11.23739
11.3 11.222397
12.359637 12.364695
12.299998 12.188122
11.400001 11.375722
11.400001 11.348804
10.1 10.462532
11.8 11.884988
11.8 12.013047
11.3 11.391318
11.8 11.920759
12.299998 12.211445
11.1 12.707664
11.599999 11.604622
11.999998 12.170971
11.400001 11.502134
11.3 11.258675
11.8 12.012619
12.399998 12.465868
11.3 11.533147
11.900001 12.184164
11.1 11.233274
11.2 11.373656
11.900001 11.631962
11.1 11.340179
11.2 12.332757
11.2 11.27081
11.3 11.557656
11.8 11.792801
11.2 11.222002
11.2 11.311392
13.699981 12.685638
11.599999 11.9558525
11.3 12.411435
11.1 11.234634
11.5 11.671937
11.3 11.281424
11.5 11.690813
11.999998 12.126857
9.947712 9.91608
11.8 11.905846
11.8 11.895004
11.1 11.242519
11.5 11.616517
11.1 11.233831
12.799992 12.849002
11.7 11.727952
11.7 11.750749
11.900001 11.992959
11.599999 11.731941
11.8 11.83958
10.622879 11.433811
11.400001 11.642147
11.7 11.76462
11.7 12.084659
11.8 11.9844675
10.8 11.0531845
14.400163 13.464526
11.2 11.306178
11.2 11.201438
11.3 11.666838
14.500117 14.9019575
11.1 11.2400875
12.599997 12.08661
13.999974 13.43521
11.3 11.389759
11.8 11.910393
11.3 11.295681
11.1 11.207263
11.3 11.303563
11.1 11.215515
11.5 12.126858
11.8 11.904714
11.599999 11.763124
11.1 11.191021
11.2 12.039574
11.900001 12.464786
11.1 11.253627
10.622879 10.754288
11.2 11.252446
11.1 11.2430525
11.7 12.076934
11.1 11.376554
11.900001 11.90927
12.699998 12.701238
11.5 11.79961
11.8 11.879761
11.1 11.182222
11.400001 11.54466
12.499997 11.644002
11.1 10.831814
11.381498 11.1538925
12.499997 12.422677
13.249993 12.901499
11.8 11.864267
11.900001 11.962194
12.799992 12.376029
11.599999 11.688835
11.5 11.950681
9.79897 10.243819
11.3 11.315218
11.3 11.354979
12.899998 13.967218
11.1 11.262899
10.1 10.07479
11.456548 11.66314
11.1 11.507132
10.1 10.136276
11.900001 11.944102
11.2 11.013529
11.7 11.864174
12.199999 11.579914
11.3 11.445135
11.3 11.528941
11.2 11.270367
11.5 11.532339
11.2 11.27659
11.2 11.272568
11.900001 11.913471
11.5 12.293551
11.8 11.391969
13.899971 13.813945
10.3 10.395159
12.599997 12.241382
11.400001 11.4714365
14.200179 14.439963
11.2 11.256013
11.900001 11.942444
11.2 11.238402
15.200179 15.173075
12.399998 13.409085
11.2 11.227947
11.1 11.212355
11.599999 11.710374
11.999998 11.999441
11.1 11.255536
11.7 11.747855
11.2 11.316833
11.020819 11.304071
11.599999 11.874063
11.2 11.253687
11.5 11.506859
13.122276 13.1281185
11.900001 11.777691
11.2 11.305267
11.3 11.623365
11.2139435 11.422934
11.999998 12.046437
13.000009 11.916227
11.900001 11.992069
11.2 11.250474
11.900001 11.720715
11.5 11.270038
11.400001 11.523615
11.900001 11.998071
11.2 11.254473
11.2 11.263914
14.321849 13.536411
11.900001 11.965544
11.7 11.812525
12.1 11.470816
11.900001 11.979643
12.821246 12.602395
11.2 11.309332
11.685027 10.525391
11.1 11.187896
13.500008 14.059456
13.1 13.112246
11.2 11.257487
11.7 11.741299
11.2 11.292133
12.299998 12.21694
12.499997 11.605593
11.599999 11.873557
11.999998 11.27333
12.899998 11.994249
12.359637 12.17481
11.2 11.267016
11.900001 11.959199
14.79897 14.3629875
10.40103 10.434254
11.2 11.274683
11.7 11.935255
12.555932 12.40917
11.2 11.31675
11.2 11.250921
11.3 11.448105
13.699981 11.489186
11.999998 12.105786
11.1 11.173244
11.1 11.507314
12.299998 12.000737
11.7 11.952513
12.899998 12.329316
11.599999 11.685063
10.1 10.480923
11.400001 11.233161
11.3 11.334982
11.900001 11.943057
11.1 11.144409
9.49794 9.545181
11.900001 11.841918
13.899971 12.59372
11.900001 11.486198
11.2 11.427241
11.5 11.735264
12.699998 11.88437
12.499997 12.2016945
11.8 12.51368
12.1 12.286007
11.3 11.46072
11.1 11.233025
11.400001 11.478197
11.1 11.224102
11.400001 11.531781
13.399989 13.098347
11.1 11.152029
12.399998 13.101823
11.900001 11.955946
14.254902 14.72549
11.999998 11.966008
12.899998 12.770968
11.1 11.313814
11.3 11.311448
12.453596 11.80614
11.599999 12.516373
9.79897 9.903406
11.5 11.546768
15.600313 15.255286
13.500008 13.495587
11.8 12.030323
11.1 11.207214
10.40103 10.588051
11.1 11.236862
12.599997 12.73163
13.200015 12.333145
11.1 11.26003
13.000009 14.041097
11.2 11.350893
10.40103 10.444519
11.8 11.882532
11.2 11.242029
12.1 12.242421
10.1 10.220067
11.8 11.827643
11.5 11.583238
10.70206 10.71089
11.999998 11.677856
12.120452 12.394496
11.2 11.260087
11.2 11.294128
11.1 11.20885
11.900001 12.180087
11.400001 11.410101
11.5 11.665003
11.599999 12.200136
11.2 11.2707205
11.1 11.641826
11.7 11.774782
11.7 11.804334
11.5 11.38393
11.1 11.28702
13.392429 12.006466
11.1 11.188684
12.399998 12.485293
11.2 11.299301
11.1 11.383306
11.2 11.340338
11.7 11.823458
10.690574 10.7647705
11.900001 11.956894
11.349999 11.604038
12.899998 13.141465
12.1 12.369509
11.745892 11.937321
10.8 10.97026
11.1 11.224102
12.637602 11.892153
11.900001 11.848897
11.5 11.659111
12.499997 12.173395
11.3 11.304398
11.900001 11.730864
12.799992 12.411559
11.900001 11.9562645
12.899998 13.636988
11.400001 11.667345
12.699998 12.096872
12.899998 12.624497
14.1 14.2491
11.8 11.904625
11.599999 11.3456745
14.40103 14.788404
11.900001 11.952759
11.8 11.8632965
13.000009 13.321797
11.1 11.267309
11.900001 11.954682
11.555932 11.169338
11.2 11.241266
11.599999 11.729174
11.2 11.248928
11.400001 11.7249365
11.2 11.765566
11.3 11.37807
11.5 11.579907
12.499997 12.149093
11.900001 11.961364
11.5 11.588355
11.900001 11.932782
11.49794 11.523133
11.1 11.193397
11.1 11.191565
11.900001 11.989567
10.49794 10.668123
11.2 11.224189
10.1 10.155277
13.000009 12.2485695
11.2 11.274796
11.5 12.276624
11.3 11.4407835
11.2 11.298803
11.999998 11.991331
11.3 11.321023
12.599997 12.417523
11.8 11.815287
11.3 11.355558
11.900001 11.985069
14.700326 13.31046
11.3 11.307005
11.7 11.797853
12.199999 11.734406
11.400001 11.383831
11.2 11.205614
11.7 11.844437
11.900001 11.838202
11.999998 12.99153
11.1 11.161427
11.2 11.297215
13.511954 13.105548
11.8 11.854151
11.5 11.545974
11.999998 12.129225
11.1 11.771255
11.400001 11.469434
11.999998 11.998015
11.2 11.315817
12.499997 12.509334
10.4 10.97658
11.599999 11.590323
11.7 11.605885
12.499997 13.028068
12.199999 12.31194
11.637602 11.96542
12.601689 12.853773
11.8 11.913782
11.3 12.012009
14.1 12.782943
11.1 11.150026
11.1 11.310608
11.900001 11.94946
11.8 11.848475
11.5 11.521877
11.5 11.608653
11.3 11.336575
11.1 11.402231
10.719789 11.171375
11.1 11.201109
11.2 11.357071
11.5 11.754483
11.5 11.642323
11.400001 11.507273
11.900001 11.934517
12.639102 13.829946
12.1 11.972612
11.1 11.191724
11.400001 11.387155
11.900001 12.060546
11.8 11.929855
13.1 12.943871
11.1 11.3656025
13.1 13.188903
11.5 11.767731
11.1 11.189911
11.3 11.410341
11.8 11.89206
11.8 11.491525
11.3 11.960421
11.8 11.898387
12.199999 12.167162
11.999998 11.521591
11.3 11.374401
11.5 11.458487
11.2 11.277843
11.5 11.353641
10.40103 10.303698
10.186186 10.213331
10.8 10.737997
11.56133 11.940173
11.1 11.184794
11.2 11.264704
11.999998 12.06996
11.5 11.60116
11.1 11.217518
11.1 11.450739
11.5 11.545666
11.3 11.287548
10.738272 10.251309
11.7 11.779654
11.5 11.730949
11.400001 11.44038
13.1 11.8266325
11.900001 11.641361
11.1 11.3308525
11.599999 11.690888
11.8 11.888282
13.699981 14.235983
12.1 12.927439
11.3 11.312365
13.128426 13.283254
14.49794 12.972796
11.999998 11.539405
11.599999 12.782043
11.5 11.748718
10.6 10.341511
15.1 13.390036
12.499997 12.576238
11.5 11.563086
11.1 11.176469
11.8 11.815176
11.900001 11.954912
11.1 11.2273445
11.1 11.197092
11.1 11.243471
11.2 11.249386
11.2 11.234798
11.2 11.54859
12.399998 11.4795685
10.40103 10.39829
11.5 11.439381
11.2 11.283575
13.200015 12.885412
11.1 11.213216
11.8 11.910692
11.2 11.294096
12.399998 13.470275
10.5 10.5873375
11.900001 11.75325
11.8 11.916987
13.49794 11.254589
13.299971 11.985754
13.8409815 14.510055
11.2 11.310248
11.5 11.614282
12.199999 12.137594
11.900001 11.994152
13.600039 12.541387
11.3 11.358914
11.900001 11.931814
11.660667 12.328083
11.70206 12.073813
10.9 10.646166
11.1 11.318079
14.200179 13.095445
11.2 11.2252865
11.400001 11.583651
11.5 11.52842
10.2 10.713631
11.599999 11.692797
11.5 11.811094
11.900001 11.979681
11.900001 12.02807
11.997942 11.811113
11.5 11.636923
10.40103 10.569233
11.3 11.347906
11.2 11.245031
11.999998 12.057938
11.900001 11.942856
11.599999 11.611914
12.399998 12.261129
11.2 11.288255
11.1 11.185707
11.400001 11.388013
9.1 9.017505
11.400001 11.502618
11.400001 11.499931
14.200179 13.944571
12.499997 12.484182
10.70206 11.209868
11.7 11.800843
11.849999 12.26231
11.1 11.240402
11.5 11.907106
11.5 12.18191
11.999998 12.039348
11.1 11.253473
10.1 10.157663
11.3 11.361113
11.1 11.212038
11.900001 11.969783
11.5 11.617361
11.2 11.281885
11.900001 11.96609
11.599999 11.6006975
11.3 11.348577
11.599999 11.475848
11.2 11.260849
11.2 11.266766
11.400001 11.69789
12.26877 13.280288
11.2 11.433506
11.2 11.313913
11.3 11.3328905
11.5 11.597536
14.1 13.737808
11.2 11.267841
11.7 11.798576
10.70206 10.677875
11.5 11.479844
11.622879 11.436173
11.1 11.477755
11.900001 11.982884
11.599999 11.585001
13.399989 13.1306095
11.5 11.519202
11.900001 11.810559
12.1 12.150118
13.999974 12.405554
9.79897 10.284031
11.2 11.281456
13.1 13.190871
9.66703 9.176262
11.999998 11.861116
12.399998 12.549946
11.7 11.784464
11.599999 11.965171
11.5 12.113908
11.5 11.5046015
11.400001 11.380007
11.7 12.368288
11.400001 11.393164
11.2 11.572096
10.70206 10.490763
10.2 10.350531
12.199999 12.051056
11.900001 11.958341
12.499997 12.06048
11.8 11.894883
11.3 12.204962
11.5 11.642702
12.298596 12.220116
11.7 11.845164
11.7 11.5407505
10.622879 10.673521
11.599999 11.740132
11.599999 11.697466
11.900001 11.993467
11.1 11.273299
11.3 11.290895
11.900001 11.944181
11.2 11.280719
11.8 11.907663
11.7 11.789927
12.799992 12.278748
11.900001 11.958173
11.3 11.324781
11.1 11.196836
10.3 10.538747
12.1 12.612546
12.1 12.068647
11.400001 11.464062
11.2 11.317209
11.3 11.281014
11.2 11.202297
10.1 10.550411
11.7 11.860643
12.199999 12.030955
12.399998 12.053817
12.761543 12.550883
11.3 11.407616
11.900001 11.973408
11.3 11.323043
11.5 11.27408
11.8 11.91209
11.2 11.266295
11.3 11.31109
13.8447275 13.683431
11.900001 12.009395
11.79897 12.092025
12.70206 13.276719
11.3 11.433114
12.599997 11.929003
11.999998 12.540555
11.1 11.209472
10.49794 10.716618
11.1 11.270412
12.199999 13.127781
10.49794 10.473368
11.3 11.501453
11.1 11.231524
11.8 12.122668
11.2 11.346096
11.599999 11.618835
11.999998 12.035278
11.999998 12.322153
11.3 11.379906
12.986056 13.27537
9.70206 9.665248
11.7 11.667092
11.3 11.27529
13.145758 12.093636
11.2 11.294279
11.2 11.230049
11.400001 11.445488
11.2 11.256775
11.900001 11.9197
11.1 11.29823
11.2 11.275343
11.1 11.232358
11.7 11.788873
11.8 11.874842
13.500008 12.87743
13.4372425 13.533271
11.999998 12.300445
11.5 12.257532
11.5 11.54999
11.5 11.68953
12.399998 12.476142
11.1 11.202697
11.8 11.888889
10.8 10.703232
11.5 11.661576
11.1 11.079395
11.3 11.391975
11.900001 11.365474
12.199999 12.583509
12.899998 12.906768
11.2 11.400731
13.600039 14.058952
12.899998 13.889062
11.3 11.27129
11.599999 11.630696
11.1 11.225667
11.1 11.246204
11.2 11.487048
11.8 11.940476
11.900001 12.3186455
11.2 11.264757
11.2 11.262022
12.499997 12.446149
12.399998 12.488085
11.599999 12.36029
11.2 11.607491
11.400001 11.979822
11.1 11.204879
13.899971 13.833164
12.399998 12.309223
9.79897 9.854354
12.1 12.2452135
11.8 11.827464
11.2 11.208268
12.299998 12.643188
12.199999 12.009102
11.3 12.130051
11.2 11.325795
11.400001 11.511369
12.299998 12.505972
11.923909 12.307896
11.7 11.7882595
11.8 11.891593
11.49794 11.5756035
11.999998 12.015398
11.938632 11.715349
10.70206 10.729101
13.500008 12.589742
11.400001 11.902659
12.622879 12.535695
11.5 11.533475
11.5 11.58856
11.599999 11.813921
11.1 11.295254
11.2 11.289593
11.2 11.29332
11.599999 11.672548
10.427902 10.444672
13.899971 14.155137
10.6 10.35725
11.40103 11.668465
11.1 11.102569
11.999998 11.971746
14.200179 11.936148
14.200179 14.394077
13.600039 13.507749
11.1 11.209995
11.8 11.421984
11.999998 11.578227
14.79897 14.430064
11.2 11.383441
11.5 11.822765
11.400001 11.365627
13.999974 13.269279
11.5 11.584932
11.3 11.440067
11.8 11.884018
11.738272 11.746639
11.2 11.6403055
12.699998 14.148109
11.3 11.330971
11.2 11.258827
12.699998 12.092843
11.1 11.422432
11.2 11.533343
11.5 11.661669
12.299998 12.810969
11.1 11.230133
11.3 11.356516
11.1 10.384474
11.2 11.250711
11.999998 12.013022
11.900001 11.967019
14.901343 13.936966
11.900001 11.960209
11.8 11.543602
11.1 11.274759
10.70206 10.675135
11.400001 11.421646
12.599997 12.885327
11.400001 11.81916
10.6 10.685209
12.399998 12.030106
11.999998 12.202703
15.262569 15.816098
11.7 11.716523
11.400001 11.341201
11.3 12.114104
11.5 11.654903
13.165502 13.231166
11.999998 11.705707
11.900001 11.979714
11.2 11.295615
11.900001 11.980808
11.1 11.204664
11.2 11.35657
13.699981 13.457054
11.900001 11.941984
11.999998 12.017105
13.800057 13.344526
11.8 11.846598
11.400001 11.53562
11.3 11.575228
11.999998 12.090353
11.900001 12.026707
10.9 10.73138
11.900001 11.949696
11.1 11.329744
10.2 10.372412
11.1 11.138072
11.7 11.905554
11.900001 12.018261
11.1 11.236988
11.816699 12.1323395
11.2 11.309248
11.1 11.179232
11.2 11.214528
12.799992 12.925559
13.999974 14.157465
11.1 11.275608
10.2 10.232426
11.5 11.569036
11.2 11.282294
13.600039 13.665008
14.1 13.5071535
11.599999 11.588707
11.3 11.37023
9.79897 9.881172
11.1 11.491884
11.5 11.596235
11.8 13.1955595
11.8 11.705658
10.321849 10.273935
11.3 11.295999
11.1 11.597905
11.1 11.165653
12.499997 12.527056
11.2 11.2127495
11.999998 11.930547
13.899971 13.4131775
11.1 11.111015
11.2 11.317358
11.999998 12.037262
11.7 11.793744
12.199999 11.87553
12.399998 12.587352
11.400001 11.582727
12.199999 12.321579
11.8 11.890827
12.499997 12.177186
11.8 11.913899
11.900001 11.942652
11.599999 11.565174
11.2 11.627274
11.7 12.447009
12.199999 11.720617
11.1 11.248354
9.79897 9.898953
11.7 11.7962055
10.1 10.38795
11.2 11.301663
12.1 11.651204
11.1 11.19471
11.2 11.236715
11.2 11.273756
12.499997 12.961251
11.7 11.779251
11.999998 12.149393
11.1 11.260237
11.3 11.263677
11.7 11.246471
11.5 11.292402
11.2 11.304653
12.399998 11.945228
10.1 10.135468
11.1 11.227605
11.599999 11.577923
12.599997 12.039511
10.6 10.523292
11.999998 12.114461
11.599999 11.637171
11.900001 12.18527
11.8 11.99838
11.599999 11.705041
11.5 11.536353
11.400001 11.799688
11.900001 11.962541
13.500008 14.025303
11.900001 11.961058
11.999998 12.060477
11.2 11.289786
11.79897 11.5040245
11.1 11.311277
11.400001 11.602882
11.2 11.235741
10.6 10.433006
11.1 11.170254
11.3 11.3583145
11.900001 12.261953
12.199999 12.227388
12.899998 12.976378
14.180399 13.9304695
11.900001 11.950056
11.8 12.223881
11.900001 11.884203
11.900001 11.728171
11.1 11.309783
11.599999 11.702858
11.1 11.368681
11.5 11.651121
12.767562 12.793235
12.399998 12.240764
12.199999 11.972288
11.3 11.309538
11.900001 11.920689
12.299998 11.782722
11.351037 11.995495
13.999974 13.93731
11.2 11.251018
11.1 11.145948
11.599999 12.240464
11.3 11.681231
12.017215 12.425722
11.900001 11.925499
11.5 11.611287
12.1 11.714086
11.2 11.336426
12.986056 13.700234
11.1 11.228132
11.3 11.31753
11.5 11.551882
11.1 11.2092905
11.7 11.74187
11.2 11.951348
11.400001 11.482163
11.2 11.268644
11.2 11.945899
11.1 11.1912
11.5 11.492255
12.1 12.327057
11.2 11.232672
12.899998 12.418748
10.6 10.4638405
12.399998 11.963099
11.2 11.266922
15.1 14.615731
10.9 10.2892475
11.900001 11.958931
11.3 11.337284
11.7 11.803053
11.400001 11.442057
11.7 11.611311
11.3 11.337147
12.699998 12.956211
14.29897 14.282547
12.1 11.955019
11.1 11.233185
11.7 11.559754
11.999998 12.963713
11.599999 11.713837
11.900001 11.955138
11.900001 11.908439
11.900001 12.160757
12.1 13.357881
14.1 13.567841
11.1 11.191677
11.900001 11.9571705
11.8 11.294888
13.364454 13.050037
11.599999 11.505062
11.2 11.20994
11.2 11.254555
11.1 11.217282
11.5 11.545791
11.599999 11.605779
11.400001 11.494459
13.800057 13.928001
11.400001 11.830458
11.2 11.2629595
11.900001 12.866497
11.2 11.392132
11.900001 12.211113
12.1 11.499514
11.999998 11.954208
11.900001 12.139685
11.267491 11.829453
12.757577 13.19717
11.900001 11.965109
11.900001 11.976001
11.2 11.948347
11.1 11.16738
11.900001 11.970226
11.2 11.506921
11.999998 12.219694
11.3 11.226173
11.383997 12.21932
11.900001 11.958597
11.40103 11.128371
11.5 11.68469
11.1 11.269748
11.5 11.376394
11.3 11.727524
11.950048 12.784583
11.599999 11.719004
11.3 11.326293
11.5 11.546425
11.2 11.335659
12.300659 12.514098
11.3 11.358981
12.699998 12.142716
12.699998 12.070844
11.7 11.859274
11.7 11.766861
11.2 11.235691
10.1 10.255779
11.400001 11.450113
11.59621 11.715691
11.400001 11.5826
11.8 11.863466
11.1 11.227666
14.113489 13.728316
12.794648 12.1944475
11.2 11.265112
11.900001 12.271922
11.777781 12.155928
11.7 12.313244
11.999998 11.765073
11.900001 11.937401
11.1 11.217518
11.900001 11.91945
11.400001 11.284935
14.400163 14.693688
11.2 11.539648
13.000009 13.854655
11.900001 11.963198
13.427902 13.674227
11.900001 12.006598
11.400001 11.480614
12.899998 12.552665
13.1 13.0913105
11.2 11.277672
14.1 14.14136
11.3 11.255712
11.900001 11.940626
11.5 11.540492
10.70206 10.702867
11.3 11.336582
12.599997 13.4847975
11.900001 11.779878
10.4 10.379097
10.8 11.000138
11.900001 11.998447
11.2 11.512688
11.1 11.314361
13.200015 12.34256
11.2 11.24366
11.999998 11.897521
11.3 12.404331
11.2 11.266668
11.1 11.384172
11.3 11.502045
11.5 11.697937
11.7 11.781059
11.900001 11.987184
11.8 11.638729
11.2 11.325924
12.299998 12.1013365
12.499997 13.119097
11.8 11.847893
11.2 11.257895
11.2 11.23649
11.900001 12.057931
10.622879 10.741408
11.900001 11.737011
11.2 11.342931
11.8 11.884512
11.8 11.854769
11.3 11.283231
11.7 11.322522
11.8 12.79686
11.2 11.332937
11.5 11.460657
10.1 10.15001
13.000009 12.33233
11.2 11.386713
13.999974 14.188573
11.900001 11.92915
12.199999 11.9606
11.3 11.362
11.8 11.882206
11.2 11.244671
11.3 11.839605
13.1 12.698404
11.3 11.429909
12.1 11.464306
11.499027 11.533596
11.2 11.291479
11.599999 11.603249
11.1 11.194568
12.199999 11.824886
11.2 11.31418
11.999998 12.001185
11.2 11.266066
11.1 11.390594
11.5 13.356018
14.200179 13.416471
11.1 11.758235
11.599999 11.729271
11.999998 12.00471
14.1 14.436289
12.299998 11.9924555
11.7 11.722252
12.699998 13.274234
11.8 11.983889
13.000009 12.456275
11.55 11.611476
11.1 11.205116
11.1 11.15208
11.400001 11.361446
12.1 11.911459
11.900001 11.749487
11.599999 11.721903
11.2 11.263984
11.1 11.256082
11.1 11.237377
11.599999 12.00656
12.599997 11.582851
10.555932 10.902586
11.1 11.33396
11.5 11.576996
11.5 11.551907
12.399998 12.518067
11.999998 12.017712
13.500008 13.555079
11.599999 11.616236
14.700326 14.37508
13.999974 14.186986
11.7 11.715728
11.2 11.469627
11.900001 11.344485
14.329148 14.3293295
11.3 11.368053
11.7 11.757032
10.9 10.897936
11.900001 11.944563
11.1 11.164978
11.1 11.216929
11.25 11.354149
14.400163 13.706019
11.2 11.346231
11.2 11.2934675
11.7 11.789685
11.599999 11.587307
11.1755495 11.325297
12.599997 12.681699
12.199999 12.091337
11.2 11.28459
11.599999 11.595838
11.599999 11.733433
11.8 11.369101
11.599999 11.596921
11.3 11.965507
10.70206 10.812249
11.400001 11.560674
11.1 11.245414
11.5 11.506336
12.1 12.511443
11.7 14.231936
11.1 11.141132
11.2 11.3092165
12.2870865 12.3408375
12.799992 12.843169
11.2 11.249284
11.400001 11.477544
12.1 12.3685665
11.999998 12.105978
11.1 11.178068
11.900001 11.917305
11.2 11.490575
11.3 11.464628
11.999998 11.960783
11.2 11.248082
11.900001 11.9585905
11.1 11.440977
13.307609 12.921317
11.1 11.35969
11.2 11.2547655
11.3 11.236948
11.400001 11.311619
12.899998 12.615323
11.1 11.157819
11.351812 11.523921
11.5 11.512882
11.900001 11.927051
11.2 11.249474
12.40103 12.547883
11.8 11.992018
12.799992 12.122359
11.5 11.723506
11.1 11.938687
11.2 11.523148
11.2 11.351349
11.7 11.786445
11.5 11.429651
12.020819 11.836552
12.199999 12.124889
14.1 13.215087
11.2 11.2618475
11.8 11.8542385
11.400001 11.420391
10.622879 11.77364
11.2 11.247473
11.8 11.931441
11.2 11.29694
11.999998 12.080279
11.1 12.378707
11.400001 11.514423
11.5 11.533598
11.400001 11.441798
13.000009 12.742849
11.900001 11.940893
11.2 11.292576
11.1 11.211178
12.799992 12.173256
11.3 11.252523
12.599997 12.738914
11.900001 11.953403
14.79897 14.018306
11.900001 12.090466
10.1 10.29413
12.699998 13.297729
11.999998 13.010037
11.622879 11.245895
11.900001 11.964367
11.2 11.193827
11.2 11.265728
11.2 11.474279
12.799992 13.181495
11.900001 11.925992
11.3 11.266607
11.2 11.255545
11.2 11.221403
11.5 11.617925
10.652842 10.559005
11.5 11.511611
11.5 11.419916
11.3 11.355283
11.3 11.537603
11.900001 11.959761
11.1 11.1467495
11.599999 11.694761
11.1 11.300349
11.2 11.241527
11.3 11.32356
14.299971 14.266568
11.1 11.307065
11.999998 12.063794
11.2 11.24308
13.1 13.214904
11.999998 11.802167
11.999998 12.111264
10.622879 14.407962
10.70206 10.773685
11.5 11.709998
11.1 11.152365
11.3 11.335899
11.8 11.877113
11.900001 11.680665
12.810108 12.285789
11.8 11.749275
11.900001 11.966418
11.3 11.315102
11.1 11.26302
11.8 11.899254
13.699981 12.7650175
12.499997 11.952021
11.175721 11.410131
11.999998 11.797314
11.8 11.887571
11.2 11.280444
11.1 11.271942
11.3 11.839731
12.599997 13.09949
11.1 11.193384
11.5 11.52109
10.1 10.311703
10.4 10.24968
11.3 11.361902
14.500117 14.403403
11.7 11.749463
11.400001 11.661848
11.5 11.515564
11.999998 11.873095
11.2 11.286633
11.1 11.185962
12.358699 12.893609
11.2 11.305593
11.2 11.291361
11.3 12.020213
11.2 11.269226
11.2 11.258201
13.200015 13.162867
14.40103 12.969319
11.8 11.91465
12.699998 11.767656
11.1 11.211787
11.8 11.862694
11.400001 11.509054
11.3 11.492516
10.598941 10.574831
11.3 11.248454
12.299998 12.264632
12.299998 11.7926445
11.999998 12.005634
13.699981 13.849523
10.224938 10.257662
10.622879 10.614951
11.8 12.057737
11.8 12.209587
11.40103 11.1507015
11.803335 12.443628
11.1 12.434534
12.1 12.388484
11.2 11.371664
11.900001 11.944452
11.1 11.197798
11.900001 11.925908
11.599999 11.923897
11.7 12.442139
11.7 11.804359
11.599999 11.720625
12.668636 12.276611
12.299998 12.284858
11.599999 11.963919
11.599999 11.697119
11.8 11.36279
11.1 11.250777
11.3 11.365905
12.821246 12.441491
11.900001 11.223184
12.299998 12.346167
11.5 11.435137
11.900001 11.725148
11.2 11.249754
11.2 11.283347
11.3 11.332268
11.900001 11.963264
11.400001 11.373043
11.2 11.258392
15.1 14.175181
11.999998 11.99614
11.2 11.284762
11.3 11.4127655
11.2 11.281051
11.8 11.941576
13.600039 12.960365
13.500008 13.148123
11.2 11.318262
11.1 11.202455
11.2 11.235886
11.3 11.475023
11.222634 11.233449
11.1 11.224399
11.1 11.282566
13.000009 13.347884
12.196367 13.331301
13.307609 12.921373
11.1 11.590889
12.1 11.468235
11.599999 11.537371
11.7 11.773066
11.3 11.347897
11.1 11.208061
11.3 11.413593
12.499997 13.536592
11.3 11.2945595
11.599999 11.705215
11.599999 11.618711
11.1 11.283605
11.900001 12.2712555
10.70206 10.666876
11.1 11.14093
11.5 11.501471
11.2 11.231529
11.2 11.254276
11.900001 11.989817
13.1 12.787213
11.900001 12.049749
11.392207 11.2202015
11.5 11.598497
10.70206 10.707268
12.699998 12.61013
11.7 11.79264
11.900001 13.525277
13.000009 13.625703
11.599999 11.7669115
11.2 11.264846
11.3 11.398239
11.400001 11.427171
11.2 11.460689
11.400001 11.526093
11.953872 12.484664
12.299998 12.031468
15.200179 15.143207
11.1 11.169038
11.1 11.352444
11.622879 11.498292
11.400001 11.541979
11.3 11.171793
11.3 11.637362
11.7 11.806135
11.2 11.496451
11.400001 11.470414
11.8 11.767691
11.8 11.677982
10.8 10.59498
11.8 11.852806
11.8 11.882575
12.299998 12.013613
13.000009 12.536535
11.2 11.327215
11.8 11.73389
11.1 11.245041
10.622879 10.870765
13.000009 12.566942
11.2 11.229115
11.900001 12.674115
12.415514 12.450416
11.8 11.515137
11.900001 12.028238
11.3 11.340907
12.19691 12.859657
11.3 11.4429
11.900001 11.94133
13.500008 13.158891
13.399989 12.703067
10.622879 10.656911
12.1 11.5854435
13.899971 13.261477
11.8 11.798258
11.1 11.310682
11.599999 11.755667
11.599999 11.348881
11.999998 11.570331
11.900001 11.957517
13.299971 12.596897
11.2 11.28047
12.1 11.9315195
13.399989 13.418141
12.299998 12.961975
11.5 11.953848
11.1 11.144424
12.699998 13.133138
11.2 11.281136
11.3 12.079847
11.1 11.268747
11.1 11.190283
11.5 11.97673
11.8 11.957937
11.599999 11.3062315
11.794648 12.056685
11.5 11.323783
11.7 11.738653
11.1 11.130139
11.7 11.865297
13.999974 13.454953
11.400001 11.279485
13.699981 13.914386
10.1 10.069389
13.800057 13.617095
10.1 10.191747
12.799992 12.403366
11.7 11.791187
11.3 11.295422
12.899998 12.791927
11.999998 12.101537
11.900001 11.959213
11.900001 12.021886
12.399998 13.648017
11.7 12.006953
11.8 11.925667
11.1 11.461138
11.1 11.213987
11.8 11.881269
11.2 11.305301
11.8 11.894004
11.8 11.930588
11.400001 11.239127
11.599999 12.292686
11.599999 10.622455
12.299998 14.00928
12.499997 11.462065
13.999974 13.849225
11.1 11.26288
11.5 11.387862
11.8 11.876448
11.599999 11.71069
11.2 11.311135
11.999998 12.020565
11.8 11.887573
11.8 12.558861
11.7 11.763617
11.3 11.445314
10.516801 10.428205
11.5 11.523248
11.599999 11.670023
11.1 11.299074
11.2 11.2666645
13.600039 12.720967
11.900001 11.814553
11.599999 11.678164
11.900001 11.965113
9.978481 10.049576
11.599999 11.64447
11.1 11.253965
11.3 11.628797
11.1 11.224755
13.500008 13.5734415
11.599999 11.760665
9.79897 9.888415
11.900001 11.954821
12.1 11.932359
11.8 11.885084
11.3 11.383521
11.599999 11.856183
11.900001 11.942497
11.7 11.76943
12.299998 13.291044
11.400001 11.481545
13.555932 12.431782
12.899998 13.032189
11.2 11.27357
11.8 11.86931
10.5 11.025919
11.2 11.227913
12.299998 11.721161
11.1 11.26145
11.900001 11.971284
12.1 12.083807
11.520216 11.589019
11.1 11.335123
13.299971 12.3502
11.5 11.472924
11.8 11.849789
11.3 11.869417
11.1 11.852054
11.900001 11.959784
11.1 11.234568
10.1 11.402623
11.2 11.214733
11.3 11.563059
11.900001 11.968823
12.499997 11.948823
11.2 11.274121
11.2 11.434688
11.3 11.664347
11.999998 11.724464
11.900001 11.984969
14.200179 13.565654
11.999998 11.989826
13.321849 13.238271
11.5 11.871671
12.1 11.370844
11.2 11.493579
11.8 12.204339
11.900001 12.013412
11.2 11.426069
11.2 11.228353
13.699981 13.470399
12.031815 11.944277
11.400001 11.508892
11.2 11.311924
11.1 11.701316
11.900001 12.046291
11.49794 11.357895
11.2 11.208436
11.999998 11.978981
11.599999 11.667959
11.2 11.321922
11.8 12.200083
11.8 11.937218
11.7 11.764914
11.622879 11.332626
12.799992 12.894692
11.999998 12.064672
12.199999 11.505522
11.7 11.587288
12.299998 12.051465
11.867003 12.097316
10.3 10.254478
12.1 13.191859
11.2 11.301942
11.1 11.272354
13.800057 13.359973
11.900001 11.865691
12.699998 11.595148
11.2 11.225551
11.5 11.571819
11.1 11.264606
11.900001 12.046993
11.2 11.233351
11.900001 11.959948
9.79897 10.42885
12.299998 12.026988
11.2 11.254339
11.2 11.032476
11.1 11.143915
11.999998 12.2735
12.599997 11.374199
11.8 11.870606
11.2 11.271498
11.5 11.555978
11.900001 12.071292
11.599999 11.9790325
11.900001 12.0435095
11.900001 11.998182
11.5 11.6082325
11.3 11.281617
12.899998 13.887015
11.1 11.322371
11.1 11.231407
11.2 11.255642
11.2 11.402763
11.599999 11.69692
12.1 12.2514715
11.3 11.44877
9.79897 9.942717
13.321849 13.357056
11.8 11.678154
11.900001 11.952212
11.900001 12.003689
14.200179 13.574869
11.1 11.242046
11.2 11.580062
11.1 11.179951
11.900001 11.962959
11.2 11.236063
11.1 11.155838
9.1 9.22566
11.1 11.209584
11.8 11.863474
12.199999 12.169499
11.5 11.64424
11.900001 11.900829
11.999998 11.981487
11.1 11.8536825
11.3 11.260768
11.3 11.302464
11.7 11.903851
10.40103 10.324701
11.599999 12.1026535
11.1 11.213226
11.2 11.392781
13.1 13.171872
11.400001 11.6472845
13.299971 12.888879
11.79897 11.406925
11.2 11.505493
13.046922 12.627172
11.400001 11.37705
11.900001 12.1762295
13.1 11.743074
11.1 11.226126
12.899998 12.471174
11.2 11.2573395
11.5 11.601715
11.599999 11.457176
11.5 11.663038
11.900001 11.959641
11.2 11.244826
11.599999 12.2986555
11.3 11.294466
11.3 11.390287
11.8 11.920262
11.599999 11.889917
11.8 11.967912
11.3 11.534359
12.1 12.074438
11.2 11.295293
11.900001 11.9169035
11.2 11.29807
11.3 11.368504
10.622879 10.674961
11.5 11.542013
10.1 10.502949
11.1 11.257469
12.199999 11.344974
11.1 11.674224
11.5 11.659356
11.5 11.39283
11.3 11.509852
11.999998 12.061008
11.999998 12.08654
11.900001 11.968831
11.3 11.416083
11.1 11.2486
11.900001 11.945374
9.49794 9.455503
12.622879 12.940049
13.800057 12.87147
11.999998 12.626648
11.900001 11.488013
11.400001 11.429535
11.900001 11.445847
12.675118 12.769523
11.8 11.713348
11.8 11.8780155
13.000009 13.111681
11.1 11.162081
10.581676 11.143298
12.299998 12.591716
11.400001 11.549811
12.199999 11.9459505
11.1 11.180786
11.900001 11.761274
11.7 11.837358
10.9 10.945181
12.699998 12.141019
11.1 11.445129
11.1 11.229113
11.599999 11.708744
11.900001 11.952391
11.1 11.134755
11.2 11.259272
13.1 13.24183
11.8 11.828063
11.900001 11.9615345
12.599997 12.125919
11.1 11.310742
12.299998 12.077417
12.1 11.926861
11.7 11.751214
11.2 11.261617
11.1 11.267668
14.200179 14.551471
12.466532 13.524915
11.102177 13.128596
11.3 11.242679
11.999998 11.71587
11.8 12.025778
11.3 11.436705
11.3 11.276167
11.7 13.185829
11.8 11.8182335
11.2 11.291056
10.7 10.588573
11.599999 11.652195
13.399989 13.510535
11.999998 12.116397
11.25 11.331747
12.299998 12.663563
11.900001 11.953106
11.2 11.259776
12.1 11.975394
11.5 11.594404
11.900001 11.791791
11.2 12.17395
11.668636 11.782649
11.5 11.585538
11.2 11.365136
12.1 13.752945
12.899998 11.968021
11.8 11.8124275
11.118531 11.292978
11.006578 11.723707
11.5 11.547898
11.999998 11.746222
14.1 11.61194
13.200015 13.438579
10.40103 10.47419
11.3 11.370203
11.8 11.935673
11.2 11.294041
12.418758 12.732909
12.799992 13.499791
10.794648 12.564111
11.1 11.181311
11.900001 11.956972
12.79897 13.317019
10.70206 10.710144
11.400001 11.529151
11.2 11.501402
11.999998 12.003862
11.1 11.248022
12.699998 12.416092
10.70206 10.7438965
14.500117 14.427317
11.2 11.246668
11.900001 11.743803
11.5 11.745512
11.5 11.779003
13.219187 13.674556
12.370835 14.996021
11.2 11.284204
11.400001 11.386217
11.900001 12.038399
13.321849 13.023864
11.599999 11.658932
12.1 12.072887
11.2 11.432641
11.400001 11.411264
10.1 11.853699
12.899998 12.339635
11.2 11.261911
11.1 11.481775
11.7 11.78826
11.8 11.908132
11.400001 11.275621
12.799992 12.90039
11.400001 12.055016
11.400001 12.217534
11.599999 11.517075
11.2 11.751109
10.2 10.555037
11.900001 11.955496
11.900001 11.959532
11.7 11.621126
10.1 10.583483
11.1 11.2123995
11.2 11.252497
10.40103 10.584168
11.5 11.847704
11.2 11.26437
11.8 11.941277
11.3 11.6204815
11.599999 11.370258
11.3 11.2911215
14.1 14.102825
11.8 11.874677
11.900001 11.959625
10.2 10.988566
12.499997 12.56592
14.757577 15.080743
11.59485 12.442336
11.599999 11.717483
11.3 11.31241
10.29382 10.252241
11.3 11.325453
11.1 11.302334
11.1 11.179093
11.999998 11.993199
11.1 11.377865
11.1 11.233515
11.900001 11.964754
11.599999 11.726965
11.2 11.259089
14.314671 13.078234
11.2 11.38802
11.400001 11.439532
11.1 11.238819
12.599997 13.466031
11.1 10.825739
9.622879 10.339634
11.900001 11.926573
13.1 12.92567
11.900001 11.926327
11.8 11.864575
11.2 11.264912
11.7 11.878798
11.7 11.703092
11.3 11.416736
11.1 11.249052
11.7 12.130913
9.79897 10.195128
11.900001 12.014215
11.8 11.861721
11.2 11.253872
11.1 11.313484
14.299971 14.047773
11.599999 11.577896
11.5 11.58105
11.599999 11.7158785
11.1 11.193783
12.010095 12.284418
11.1 11.254987
11.599999 11.766486
11.3 11.396299
11.8 11.840297
11.1 11.240414
12.099998 11.782927
10.7 11.428627
12.799992 12.453652
11.19691 11.176161
11.2 11.29988
11.7 11.81836
13.399989 12.499309
13.399989 13.333882
11.8 12.190407
11.2 11.234481
11.400001 11.682662
11.400001 11.457456
11.900001 12.0772915
11.2 11.716797
11.2 11.322898
12.299998 12.002228
12.199999 11.294826
11.3 11.316519
12.499997 12.836052
11.3 11.315578
11.999998 11.662421
11.1 11.251607
12.1 12.033834
11.2 11.23762
11.999998 12.297976
11.999998 11.957429
11.3 11.486046
11.2 12.200004
11.8 11.885394
13.299971 13.472089
11.7 12.083849
11.5 11.521626
11.2 11.855552
12.1 10.95511
11.140959 12.046999
11.7 11.681223
13.550023 12.451864
14.79897 14.648856
11.5 11.627982
11.3 11.29159
11.8 11.888407
11.1 11.158794
9.79897 9.864352
12.499997 12.5494795
11.5 12.000576
11.7 13.238973
11.599999 11.6689415
11.1 11.164133
10.70206 10.732833
11.900001 11.874754
11.456548 10.864407
11.3 11.583398
12.058607 12.329908
11.900001 11.602636
11.3 11.4753
11.2 11.367727
13.899971 14.1228
11.2 11.22554
11.2 11.279764
11.3 11.329187
10.622879 10.39164
11.2 11.2996235
11.1 11.262118
11.2 11.246557
10.70206 10.733852
11.900001 11.972923
11.900001 12.026182
10.89588 10.863683
11.1 11.353893
11.400001 11.852653
11.8 12.004595
11.900001 12.002363
11.2 11.62603
11.404665 11.742699
11.2 11.325577
11.8 11.310823
13.699981 13.87751
11.2 11.822582
13.236677 13.654736
11.2 11.455018
12.299998 12.16758
11.7 12.721363
12.799992 12.058879
11.2 11.264813
11.389741 11.975521
12.622879 11.572516
11.999998 12.02391
11.1 11.243624
14.719789 15.031095
11.3 11.391798
13.000009 12.490727
11.3 11.307104
12.685027 12.76024
12.499997 12.166098
11.900001 11.72365
11.3 11.315247
11.400001 11.480745
11.8 11.641708
11.8 12.145967
11.2 11.355935
11.900001 11.960881
11.900001 11.941991
13.699981 13.408869
11.7 11.813034
10.622879 10.554466
11.400001 11.421411
11.7 11.812847
11.7 11.738644
11.7 11.802781
10.4 10.233469
13.699981 14.999454
12.1 11.927189
11.7 11.789397
11.900001 11.82268
11.5 11.562398
11.999998 12.063066
13.533231 14.509458
10.622879 10.653307
11.3 11.770079
11.1 11.211224
12.799992 13.006324
9.79897 9.902981
11.1 11.258164
11.3 11.425102
11.900001 11.944084
11.7 11.743294
11.900001 12.094608
11.900001 11.956697
11.1 11.160169
11.999998 12.001234
11.1 11.097761
11.2 11.272383
11.3 11.40419
13.299971 13.042149
11.2 11.224719
11.3 11.270769
11.3 11.501415
11.900001 11.99423
11.7 11.790259
12.399998 11.757597
11.400001 11.968295
11.7 11.870153
11.400001 11.377297
13.000009 12.821335
12.499997 12.826001
13.000009 13.235155
11.2 11.240075
12.1 11.733669
12.599997 12.599111
11.900001 11.728906
11.1 11.210481
11.12 11.222152
11.8 11.924315
11.3 11.316173
11.2 11.346404
11.622879 11.433443
11.900001 11.342005
11.3 11.335521
11.1 11.268057
11.2 11.143411
12.115923 11.662047
12.429754 12.318016
14.200179 13.937442
11.599999 11.81279
11.5 11.570636
11.2 11.2714205
11.2 11.265221
13.500008 12.604515
11.8 12.084219
11.5 11.841064
11.5 11.593049
11.400001 11.697263
11.8 11.975792
11.3 12.148151
11.3 11.58297
11.8 11.8833885
9.79897 10.242067
11.3 11.343057
11.8 11.882817
11.8 12.76908
11.900001 11.979885
11.900001 11.927063
11.2 11.251991
11.242667 11.17256
11.2 11.290583
11.400001 11.469845
10.4 10.300146
12.599997 12.073498
10.4 10.360365
12.1 11.996826
11.2 11.259464
13.399989 12.4549055
11.7 11.941282
11.19691 11.4543495
12.899998 12.738158
11.5 11.709757
11.2 11.373295
10.70206 10.63287
11.900001 11.950938
12.199999 12.231252
11.2 11.242521
11.2 11.301958
11.400001 11.464639
11.599999 11.85404
11.5 11.306246
13.000009 13.249958
11.599999 11.73345
11.900001 11.834057
11.2 11.243039
13.299971 12.476358
11.3 11.341411
11.599999 11.734668
11.2 11.3335285
11.7 11.78383
13.1 13.5030575
11.8 11.851419
11.3 11.470467
11.058607 10.548943
11.400001 11.862389
11.2 11.270958
12.599997 12.194738
11.599999 11.840391
11.5 11.392121
11.2 11.801649
11.2 11.286241
11.3 11.632479
11.7 12.023678
11.1 11.30998
11.1 11.221413
11.5 11.58182
11.2 11.219961
11.2 11.229861
12.199999 11.921692
11.2 11.263102
11.8 11.914814
11.8 11.76667
12.1 12.179457
11.7 11.874644
11.5 11.600873
11.400001 11.394575
11.8 11.823917
11.7 11.437447
13.500008 14.714938
11.5 11.659485
11.599999 11.813042
11.2 11.287628
12.738272 11.638624
11.1 11.380173
11.7 11.488909
11.900001 11.914313
11.999998 11.955466
11.900001 12.1192
13.699981 13.502832
11.3 11.280603
11.7 11.781886
12.1 12.176674
11.8 12.02453
12.1 12.098368
11.8 12.147697
11.1 11.332978
11.2139435 11.218781
11.900001 12.065036
11.900001 11.995275
13.261151 12.732871
11.5 12.53445
11.900001 11.945771
10.7 11.730796
11.8 12.0104265
14.200179 13.84273
12.699998 12.431459
10.4 10.495775
11.5 11.595011
11.5 11.439101
11.3 11.459955
13.600039 11.318629
11.923909 12.376729
11.3 11.318577
11.1 11.185047
11.79897 12.004637
12.899998 12.550147
11.3 11.227427
11.2 11.296649
11.2 11.304774
13.850844 13.726301
9.79897 9.920952
11.7 11.773419
11.400001 11.460019
11.900001 11.928845
11.520216 11.354742
11.900001 11.998964
11.5 11.537643
11.900001 11.967452
11.2 11.873087
11.900001 11.940707
11.5 11.619127
12.399998 11.852587
11.900001 12.61124
11.400001 11.468958
11.7 11.732275
12.299998 12.252661
11.5 11.262626
11.400001 11.433924
12.799992 12.065979
11.400001 11.478273
11.599999 11.89577
11.2 11.295918
11.1 11.204596
12.499997 12.738625
11.900001 12.139618
11.900001 11.967066
11.400001 11.383854
11.900001 11.92462
12.699998 12.281162
11.40103 11.163896
11.2 11.2516165
10.618988 10.521886
11.1 11.236948
11.400001 11.348038
13.321849 12.722874
11.8 11.883629
12.299998 12.300333
11.8 11.920856
11.2 11.210562
11.1 11.20688
11.599999 11.63467
12.299998 12.080778
14.1 14.487093
11.999998 12.132084
11.599999 11.449305
11.599999 11.430855
11.7 11.765627
11.400001 11.659194
11.999998 12.185255
12.1 11.471783
12.799992 12.534152
11.8 11.909433
10.40103 10.561332
11.599999 11.731426
11.5 11.441578
11.8 11.870981
11.1 11.164625
12.899998 11.479932
12.1 12.185215
11.3 11.36232
11.599999 11.704039
11.900001 11.935983
11.5 11.62708
11.3 11.282675
11.999998 12.038168
11.7 12.132412
11.1 11.256706
11.2 11.259053
13.719789 12.444118
11.999998 12.208908
12.199999 12.104113
11.8 11.878059
11.400001 11.407614
11.8 11.904284
11.3 11.414666
11.2 11.277876
11.5 11.870891
11.1 11.2973795
11.900001 11.963232
13.1 11.909478
10.40103 10.570226
10.1 10.145392
11.5 11.5324
11.1 11.179644
11.8 11.909022
11.999998 11.984795
11.999998 11.9594555
10.1 10.173271
10.9 10.659327
12.1 11.821346
11.1 11.31702
11.599999 11.646387
11.8 11.462211
11.2 11.284276
11.2 11.283343
11.599999 11.735893
11.400001 11.445555
11.2 11.261166
11.599999 11.675852
11.1 11.1797085
11.3 11.508208
11.900001 11.979762
11.599999 11.668906
11.999998 12.035956
11.999998 12.038445
11.1 11.183132
11.599999 11.678201
13.000009 12.27008
13.699981 12.826928
14.400163 13.269633
11.5 11.59931
11.5 11.574107
11.8 11.740495
11.5 11.631861
11.599999 11.237346
11.5 11.718407
12.199999 12.03263
10.49794 10.664324
11.400001 11.502909
11.900001 11.373718
11.5 11.973486
11.900001 11.864632
11.900001 11.27759
11.999998 12.3908205
12.1 11.806823
11.400001 11.229891
10.70206 11.8040695
11.516017 11.288794
11.3 12.683487
11.2 11.2399645
11.2 11.251628
13.200015 12.374749
11.900001 12.020453
11.900001 11.701457
11.599999 12.165983
11.599999 11.604141
11.1 11.1624365
11.3 11.384222
11.599999 11.623245
11.5 11.702283
12.799992 12.153069
14.299971 13.4019575
11.400001 11.472628
11.5 11.647214
12.1 12.049889
11.1 11.2056675
11.5 11.75635
11.3 11.401098
11.3 11.333513
11.2 11.241394
11.528291 11.354129
11.1 11.246042
12.199999 12.346607
11.2 11.2549925
11.1 11.241475
11.3 11.458544
11.3 11.290644
11.3 11.378257
11.900001 11.950263
10.622879 10.6615925
11.400001 11.363132
12.899998 12.995828
11.5 11.493106
11.1 11.135563
11.5 11.888245
13.1 12.579182
11.900001 11.925701
11.7 11.760361
11.5 11.473144
11.2 11.288848
11.900001 11.973534
11.2 11.28219
11.599999 11.280364
11.2 11.356274
11.900001 11.950909
11.1 11.214523
11.599999 12.010141
11.5 11.602883
10.70206 10.74395
11.2 11.300213
11.3 11.6092415
13.399989 13.079724
13.1 13.372653
12.399998 11.700575
11.900001 12.118979
12.699998 13.0998955
11.5 11.75997
11.321849 11.427908
11.1 11.259547
11.900001 12.003698
12.399998 12.024573
9.986056 9.980588
11.599999 11.628458
10.40103 10.703864
11.3 11.28246
11.2 11.341522
11.2 11.382617
11.8 11.908497
11.1 11.348996
11.900001 12.181779
11.900001 12.274444
11.7 11.7845745
11.999998 12.205149
11.2 11.634113
11.8 11.814721
13.200015 12.8838005
11.1 11.539714
13.738272 13.745049
11.2 11.279142
11.400001 11.461471
10.56401 10.438871
11.1 11.240452
11.900001 11.930007
12.4372425 12.629845
11.2 11.308926
11.5 11.588953
11.5 11.575123
11.900001 11.930794
11.599999 11.719467
11.1 11.290525
11.5 11.67064
11.7 11.43818
11.2 11.216362
11.900001 11.97299
11.599999 11.854637
11.2 11.246609
11.400001 11.482201
12.499997 12.418911
10.7 10.427219
11.8 11.88809
13.399989 12.898496
13.200015 12.363104
11.900001 11.893126
11.7 11.789015
11.900001 11.910043
11.2 11.276772
11.7 11.887302
11.2 11.27705
12.814443 12.551729
11.999998 11.952309
11.5 11.577705
11.1 11.27627
11.903272 11.382819
11.5 11.563211
11.400001 11.385559
11.1 11.392721
11.3 11.312903
11.5 11.520824
11.204387 11.317818
10.1 10.449403
14.1 14.313857
11.400001 11.935882
12.699998 13.274801
13.000009 12.552593
11.5 11.908966
11.5 11.599459
11.2 11.2550125
11.400001 12.054681
11.5 11.46943
11.900001 11.983408
11.3 11.4928665
11.900001 11.981323
11.2 11.300227
11.1 11.205201
11.599999 11.755886
11.108774 11.285767
11.2 11.366803
11.8 11.837656
11.999998 12.280258
10.1 10.18506
11.900001 12.041726
12.899998 13.398322
11.5 12.107807
11.2 11.563804
11.3 11.265745
12.299998 12.215972
11.3 11.283316
10.2 10.2044935
11.8 12.095247
11.900001 12.00003
11.2 11.273138
11.8 11.973647
11.599999 11.7578945
11.2 11.564667
11.2 11.232811
12.199999 12.577875
13.000009 12.966517
11.2 11.295877
11.2 11.269215
11.7 11.897004
11.900001 11.953352
11.2 12.28973
11.1 11.216112
11.900001 11.932901
11.2 11.273851
11.2 11.533284
13.299971 13.610099
11.7 11.831267
11.7 11.35353
12.499997 12.644473
11.7 11.737319
11.2 11.370002
11.7 11.80604
14.700326 13.914862
10.622879 10.630501
11.3 11.309811
13.1 12.13463
11.900001 11.953859
13.800057 13.441356
12.199999 11.774112
11.5 11.490189
11.3 11.385061
11.5 11.53691
11.2 12.093756
11.999998 11.495635
11.2 11.352647
11.599999 11.924522
11.8 11.973372
11.40103 11.871477
11.1 11.249859
13.200015 14.171134
13.899971 12.833354
11.5 11.32641
11.321849 11.335195
12.399998 12.037923
13.138838 12.971595
9.668636 9.608776
12.668636 12.758022
11.2 11.304749
13.200015 12.914985
11.8 11.885583
11.1 11.271917
11.5 11.564585
11.2 11.260325
10.622879 11.526037
12.599997 14.486932
14.8447275 14.901158
11.5 11.502947
12.199999 12.410798
13.299971 12.300406
11.1 11.176873
11.290441 11.127531
11.599999 11.838829
12.199999 11.289589
11.900001 12.264898
11.7 11.821484
13.299971 12.990159
11.5 11.597425
12.499997 12.010653
11.1 11.192824
11.2 11.259493
11.400001 11.447247
11.5 11.77882
12.899998 13.118799
11.999998 12.028261
14.500117 13.329507
12.199999 11.645964
12.1 11.447264
11.7 11.801146
11.5 11.565966
11.1 11.256953
12.599997 13.808276
11.1 11.247141
13.800057 13.5163355
11.2 11.227607
11.900001 11.969407
11.599999 11.59584
11.7 11.659402
12.799992 12.163883
14.1 12.388089
11.3 11.375238
11.1 12.668914
11.7 11.762751
11.2 11.304245
12.499997 12.292192
14.256437 13.742713
11.8 12.510479
11.599999 12.056509
11.8 12.393721
12.599997 12.374707
10.49794 10.683199
12.299998 11.398499
11.2 11.27169
11.2 11.330387
11.2 11.238972
13.000009 11.954157
12.399998 11.869846
11.2 11.333216
10.3 10.328698
11.2 11.242528
12.79897 13.565337
11.7 11.824927
11.900001 11.99824
12.499997 12.161516
11.400001 11.474715
11.3 11.270469
11.400001 11.511223
12.699998 11.429498
11.3 11.4412
11.5 11.628551
11.900001 11.942919
11.1 11.131816
11.900001 11.987213
11.7 12.464324
11.599999 11.705715
14.700326 13.944006
11.2 11.266502
11.900001 11.96145
11.7 11.799704
12.149998 11.424585
10.9 11.510082
11.5 11.493261
11.49794 11.567728
14.1 14.04067
11.7 11.988369
10.40103 10.411125
11.5 11.60423
11.3 11.52022
11.900001 11.961748
12.799992 13.161881
12.379841 11.735384
11.900001 11.970716
11.8 11.832067
11.1 11.157646
11.2 11.326101
11.2 11.264511
11.2 11.752348
10.5 10.463783
11.900001 11.979795
13.000009 13.195075
13.800057 13.181516
10.738272 10.7187805
13.600039 13.215672
11.599999 11.739061
11.2 11.338211
11.5 11.62149
11.400001 11.286092
11.7 14.401099
11.5 11.6595745
11.1 11.22694
12.899998 12.430385
11.400001 11.414051
13.800057 12.545756
11.1 11.185574
12.699998 13.51479
11.900001 11.58797
13.600039 13.050927
11.3 11.43545
11.400001 11.316108
13.699981 13.360413
12.299998 12.396119
12.020819 12.026088
11.1 11.312775
13.500008 13.810323
14.1 14.276736
11.2 11.320075
11.5 12.251601
11.2 11.272667
11.2 11.607652
11.200007 11.282994
13.1 13.349084
11.8 11.813488
11.2 11.277485
14.151198 13.489272
11.7 11.827927
11.1 11.123093
11.8 11.894641
11.2 11.237999
13.000009 12.83871
10.555932 11.845537
11.2 11.278848
11.2 11.75514
11.5 11.388847
11.8 11.790983
11.400001 11.588418
11.599999 11.710106
11.2 11.304873
11.2 11.307659
11.400001 11.453093
11.999998 11.93349
10.5 10.474936
11.8 11.899656
10.622879 10.692104
11.3 11.286143
11.900001 11.932917
10.19691 10.256254
11.2 11.395278
10.637602 10.682363
11.2 11.230186
11.999998 12.023734
11.8 11.777947
12.199999 12.298334
11.5 11.700653
11.999998 12.00929
11.1 11.342255
11.3 11.315514
11.106564 11.87733
11.1 11.219669
11.3 11.472403
11.3 11.500739
12.15 11.768139
11.1 11.196025
11.999998 12.030157
11.400001 11.687843
11.3 11.294197
10.622879 10.686155
11.5 11.345188
11.3 11.769786
11.8 11.949598
11.900001 11.957142
12.986056 13.138151
10.2 10.350643
11.900001 11.948872
11.2 11.351301
11.1 11.190519
10.4 10.445108
11.7 12.181429
11.7 11.826339
11.2 11.211984
11.2 11.267131
11.3 11.968267
11.3 11.318329
11.599999 11.591269
11.1 11.202245
11.5 11.485102
13.200015 12.513011
11.881984 12.005058
11.8 11.851651
11.7 11.756049
11.7 11.433075
13.399989 12.450176
11.599999 11.729471
11.2 11.303175
11.8 11.9016905
11.400001 11.492282
11.999998 11.628194
12.799992 12.148376
10.70206 10.704874
10.1 10.631729
12.799992 13.361909
11.900001 11.860053
11.8 11.902609
13.899971 12.671531
10.70206 10.604125
11.999998 12.066331
11.3 11.346748
13.500008 13.042909
11.400001 11.466944
11.2 11.170902
11.900001 11.881268
11.3 11.329609
11.1 11.195829
11.1 11.174634
11.900001 11.986095
12.599997 12.108946
11.3 11.346146
11.8 11.90959
10.7 10.597866
11.900001 12.061898
11.3 11.545713
11.599999 11.499039
10.4 10.21591
11.5 11.531908
11.2 11.278878
11.900001 11.9708605
11.599999 11.649624
12.599997 12.309736
11.655955 11.57696
11.599999 11.624165
11.1 11.278371
11.5 11.71992
11.5 12.363562
11.1 11.213682
11.2 11.291431
11.400001 11.637868
11.2 11.437944
14.500117 13.318712
11.900001 11.966819
13.4372425 13.492576
11.599999 11.465575
13.1 13.764258
11.2 11.453058
12.199999 12.655159
12.499997 12.404708
13.000009 12.876498
11.3 11.950005
12.136212 11.461413
11.5 11.478622
11.5 12.318961
11.5 11.4825
13.500008 13.865272
11.900001 12.015987
12.1 11.041102
11.400001 11.269266
11.599999 11.617857
11.2 11.425731
11.3 11.482458
14.901343 12.459405
11.1 11.483622
9.893174 9.86142
11.7 11.73632
11.900001 11.955093
11.599999 11.262422
11.2 11.304979
11.8 12.161134
11.8 12.039058
12.199999 11.88479
11.1 11.122285
11.7 11.79687
11.7 11.875918
11.900001 12.333187
11.2 11.27607
13.299971 12.582379
11.1 11.2846985
11.2 11.208071
11.599999 11.72541
11.8 11.863765
11.999998 12.039158
11.3 11.569263
9.622879 10.244394
11.7 11.826351
11.5 11.548668
10.336572 10.326525
12.299998 12.26622
10.775512 10.750513
11.599999 11.422835
11.900001 11.934256
10.7 10.539961
12.199999 11.65525
11.1 11.256107
11.5 11.642826
14.901343 14.814475
12.599997 12.750535
11.3 11.370811
11.2 11.2340765
11.8 11.914017
11.8 11.904062
11.5 11.562444
11.8 11.88236
12.199999 12.055119
12.172629 11.815693
11.900001 11.968563
11.599999 11.64439
12.899998 13.73841
12.299998 12.026484
11.400001 11.360912
11.1 11.21773
11.400001 12.470132
11.7 11.791786
11.599999 11.628905
11.8 11.766984
13.108774 12.776894
11.5 11.616495
15.299971 15.560283
12.769587 12.959555
12.399998 12.158846
13.399989 12.378551
12.19691 12.451278
11.5 11.558081
14.1 14.054551
13.899971 13.624381
12.020819 10.641896
11.900001 11.961494
11.900001 11.961484
11.8 12.042898
10.224938 10.241928
11.2 11.577259
11.7 11.830196
11.7 12.174612
12.199999 12.31904
10.1 10.386593
10.2 10.281139
14.622879 14.171664
11.7 11.26524
11.3 11.919703
12.399998 12.613591
12.1 11.8269005
10.1 10.320177
11.900001 11.928012
11.900001 11.989458
12.399998 12.521799
11.599999 11.653406
11.8 11.868974
13.000009 12.172873
12.89588 12.613401
11.5 12.002598
13.800057 13.597762
11.900001 11.914179
11.900001 12.013255
11.999998 11.345549
11.5 11.590351
11.2 11.24812
11.1 11.218767
11.900001 11.933904
11.8 11.899532
11.7 11.719453
11.7 11.219367
12.699998 12.246923
11.599999 11.316469
11.1 11.255739
11.0 11.000458
11.543697 11.355301
11.3 11.487301
11.8 11.882118
11.5 11.55876
12.923909 12.932105
11.999998 12.41533
12.399998 12.80138
11.900001 11.983408
11.18831 11.144142
12.599997 12.605609
11.599999 11.931203
12.1 11.51287
11.400001 11.317372
11.5 11.4518795
12.199999 12.118956
13.800057 13.060931
12.599997 11.916153
12.199999 13.192805
11.900001 11.960755
11.3 11.564475
11.3 11.457176
11.307609 11.447529
11.2 11.261902
11.400001 11.304483
10.3 10.360912
10.2 10.569084
11.2 11.284582
10.2 10.635973
11.2 11.301317
11.1 11.22635
13.1 12.050976
13.000009 13.054536
11.900001 11.946786
11.1 11.224445
11.8 11.879225
11.599999 11.716265
11.2 11.262652
12.1 12.065338
12.199999 12.1359005
11.3 11.3172035
14.299971 14.257817
11.1 11.252573
11.1 11.244446
11.5 11.58036
11.1 11.1880245
11.2 11.282637
12.799992 11.645927
13.899971 13.838647
11.599999 11.710657
11.884776 11.784435
11.599999 11.9472065
11.3 11.324761
11.1 11.543445
11.599999 11.634787
11.5 11.254348
14.155518 14.621509
11.2 11.255624
11.8 11.8464985
11.1 11.244335
11.8 11.924347
11.2 11.254169
11.999998 11.77569
11.400001 11.406101
11.5 11.61833
11.926936 11.965513
11.3 11.321609
11.7 11.327642
11.70206 11.681263
11.1 11.142546
11.1 11.168768
10.9 11.035548
11.40103 11.068577
11.599999 11.735527
14.1 14.225426
11.1 11.20883
12.599997 11.760038
11.900001 12.018164
11.900001 12.009038
11.900001 11.965361
11.2 11.233106
13.200015 13.214915
11.0 10.79705
11.5 11.604527
12.651294 13.079096
11.5 11.482044
10.8 11.947335
11.400001 11.458815
11.1 11.24875
11.599999 11.796896
12.299998 12.856435
11.8 11.941228
12.317528 12.087485
13.986056 12.81641
11.1 11.16049
12.299998 11.864704
11.2 11.277864
11.7 11.705133
11.2 11.253712
12.199999 12.199657
11.8 11.287058
11.8 11.859607
11.400001 11.528652
11.1 11.207329
11.5 11.560993
11.900001 11.709234
11.999998 12.066587
11.7 11.708504
11.1 11.1201725
11.3 11.364603
11.2 11.272873
11.3 11.437073
11.400001 11.409497
10.5 10.863647
11.599999 11.998665
10.1 10.121411
10.1 10.166448
11.5 11.534219
13.399989 12.287655
11.5 11.485638
11.7 11.456947
13.000009 13.331945
11.2 11.294415
11.1 11.283102
12.199999 11.549275
11.8 11.86351
11.599999 11.636267
12.199999 12.21199
11.2 11.259825
11.599999 11.92936
11.1 11.155457
11.5 11.670592
11.1 11.407703
11.1 11.267547
11.7 11.889669
11.1 11.258455
11.8 11.867973
11.1 11.457625
11.2 11.275545
10.70206 10.701851
11.96328 11.238578
13.500008 11.973333
11.900001 11.953382
11.2 11.261167
11.900001 11.957543
11.1 11.430496
12.299998 12.299814
12.199999 12.179367
11.1 11.186294
11.900001 11.888973
12.399998 12.756838
11.5 11.63109
11.999998 12.02446
12.399998 11.902409
11.2 11.331518
10.622879 10.455568
11.2 11.267145
11.1 11.265325
10.4 10.579139
11.8 11.86902
10.2 10.285497
11.900001 11.940718
14.299971 13.485533
11.7 11.763781
11.999998 12.011227
11.2 11.287798
11.7 12.391845
11.3 11.429246
11.2 11.240362
11.400001 11.360791
11.8 11.832888
11.8 11.908222
10.79897 10.787057
11.3 11.521933
12.299998 12.04243
11.3 11.382876
13.899971 12.846269
11.8 11.830742
10.6 10.532815
11.3 11.383664
11.400001 11.448575
11.40103 11.183129
11.5 11.640255
10.3 10.336089
13.79897 13.783834
11.599999 11.827203
11.1 11.172851
11.2 11.456762
12.340956 11.882359
11.2 11.263045
11.8 12.44293
11.900001 11.930098
13.777781 14.140264
11.599999 11.791803
11.900001 12.06142
12.420272 12.35734
13.600039 12.045692
12.299998 13.007756
11.2 11.535645
11.400001 11.418781
12.872113 12.210916
11.1 11.201916
13.999974 13.39413
10.89588 11.111665
11.3 11.475595
11.2 11.31521
11.7 11.517954
11.2 11.241838
11.8 11.483757
13.500008 13.644257
11.1 11.404823
11.2 11.242885
12.199999 11.952457
11.900001 11.958662
11.1 11.152401
11.599999 11.689769
10.40103 10.479498
11.2 11.249962
13.600039 11.320163
11.900001 11.939784
11.2 11.248583
11.8 11.739128
11.2 11.739758
11.2 11.479002
11.2 11.25381
11.9680605 12.089664
11.7 11.733576
11.400001 11.589906
11.1 11.1672325
14.600313 14.424891
13.581486 13.550165
11.1 11.178347
10.555932 10.642157
11.2 11.374287
11.2 11.199731
10.759556 11.15546
11.2 11.299577
12.577556 12.228844
11.8 11.769062
11.1 11.173256
11.599999 11.709261
12.899998 12.319928
13.399989 12.797179
11.40103 11.429691
11.1 11.116347
11.5 11.183155
11.2 11.247329
11.999998 12.303841
11.3 11.300623
11.1 11.160676
14.200179 14.15331
13.1 12.975123
11.622879 11.687733
11.900001 11.991062
11.900001 12.106054
11.900001 11.972169
15.1 14.5006485
11.2 11.263345
11.2 11.293456
11.2 11.279155
11.1 11.357193
11.599999 11.686594
11.999998 11.990227
11.400001 11.510885
11.5 11.780505
11.1 11.062959
11.7 11.726969
11.900001 11.939503
13.1 13.254329
11.400001 11.452081
11.2 11.268553
11.7 11.791768
11.5 11.559727
11.1 11.199421
12.299998 12.088966
13.321849 11.38409
11.1 11.319058
11.900001 11.965998
11.7 11.706968
11.1 11.45177
11.7 11.657935
11.900001 11.947364
13.600039 12.866614
11.8 11.859025
11.900001 11.962927
10.2 10.278736
12.299998 13.141637
11.400001 11.361396
12.299998 12.029592
11.5 11.922327
10.4 10.98118
12.199999 11.7868185
11.8 12.226125
11.900001 12.044961
11.400001 11.816121
11.3 11.472366
11.3 11.831801
11.8 11.656927
12.399998 13.230527
10.7 11.365997
11.2 11.246061
11.8 11.908205
11.1 11.241521
11.5 11.570069
11.8 11.814151
12.1 12.324731
11.3 11.3503
11.599999 11.700388
11.2 11.260441
11.8 12.191591
11.8 12.372788
11.719789 10.88229
13.299971 11.2777
11.3 11.302784
11.1 11.255483
12.699998 13.415885
11.45 11.593471
11.668636 12.2339325
13.40103 13.338233
11.900001 12.170677
11.1 11.260168
11.1 11.236197
12.899998 11.977805
11.2 11.284925
11.400001 11.420092
11.4335785 11.250737
11.1 11.26054
11.2 11.310658
11.3 11.312824
11.999998 12.145779
11.999998 12.066148
11.254902 13.795209
11.400001 11.877033
11.900001 11.853553
11.3 11.363058
11.65 11.484676
10.8 10.896961
12.799992 13.025824
11.2 11.5488
11.5 11.541594
11.999998 11.967635
11.400001 11.450562
11.900001 11.942777
11.2 11.334279
15.219187 14.94707
11.5 11.711534
10.622879 10.66829
11.2 11.252128
11.2 11.390782
11.3 11.316095
11.8 11.791176
11.7 12.308026
11.3 11.428503
10.40103 10.572653
11.599999 11.736186
11.3 11.30665
11.2 10.740914
11.400001 11.497564
12.1 12.029754
11.999998 12.551424
11.3 11.505856
11.900001 11.948866
11.1 11.1675825
11.2 11.273375
11.1 11.23978
14.500117 13.8134775
11.400001 11.460932
11.5 11.535801
11.2 11.279666
11.3 11.374888
10.5 10.565681
11.5 11.565458
11.900001 11.955915
10.70206 10.670043
12.399998 11.943912
10.66225 11.357796
12.175721 11.229911
11.8 11.888836
14.299971 14.063046
11.599999 11.631668
11.2 11.230934
11.5 12.4026785
11.900001 11.96896
12.599997 11.878568
11.3 11.431712
11.926936 11.953114
11.8 11.9152155
13.299971 13.649714
11.599999 11.674719
11.5 11.326347
13.999974 13.619464
13.048454 13.402396
11.1 11.185956
11.3 11.353847
11.1 11.225129
11.3 11.348271
11.1 11.360652
12.1 12.0640545
12.628708 13.092693
11.7 11.678661
11.7 11.69149
11.49794 11.580969
11.75 11.336723
11.900001 11.963161
11.8 11.842842
11.599999 11.56609
13.299971 13.503358
11.599999 12.076244
12.199999 12.16094
11.2 11.266443
11.8 11.893021
11.999998 11.981563
11.7 11.718982
11.2 11.253867
11.8 11.885639
11.400001 11.513214
11.599999 11.787502
11.1 11.211569
11.8 11.854585
11.8 11.830091
11.7 11.502995
14.500117 12.851043
11.2 11.24431
11.8 11.908168
11.900001 11.937895
12.112837 11.396419
12.199999 12.102479
11.1 12.544251
11.8 11.849167
11.49794 12.445476
11.3 11.38587
11.5 11.501011
11.3 11.355661
11.3 11.352339
11.3 11.377016
11.7 11.8103
11.900001 11.773027
11.5 11.557385
11.3 11.276874
11.900001 11.941388
11.5 11.64572
12.899998 12.178629
11.5 11.577141
14.500117 14.093549
11.599999 11.708438
11.1 11.184475
13.600039 12.908289
11.1 11.223482
11.599999 11.645287
11.2 11.278544
11.5 11.642458
11.400001 11.415585
11.999998 12.07449
11.1 11.257631
13.738272 13.624393
11.7 11.691655
11.3 11.875422
11.3 11.913178
11.599999 13.470796
13.200015 13.152218
11.1 11.243782
11.2 11.307744
12.685027 11.7488
11.900001 11.987222
11.7 10.657994
11.5 11.556152
11.2 11.297831
11.900001 11.960341
11.8 11.935898
11.400001 11.251561
12.199999 12.242592
11.900001 11.960529
11.599999 11.567852
11.900001 11.8473625
11.79897 12.031333
11.400001 11.60899
11.15 11.306918
11.400001 11.234127
12.028118 11.613291
12.299998 12.094688
12.299998 12.298502
11.999998 11.980465
11.3 11.368076
10.622879 10.652673
11.2 11.329535
11.999998 11.709545
14.500117 13.633738
11.3 11.347973
11.8 12.375391
11.3 11.826659
11.7 11.734557
11.900001 11.984375
11.2 11.404839
11.900001 11.964743
11.3 10.859249
12.399998 11.929149
12.299998 12.5358515
11.5 11.618318
11.900001 11.854901
10.3 11.871511
10.49794 10.650671
11.900001 11.982742
11.1 11.192258
11.900001 11.939702
11.599999 11.767466
11.344125 11.272827
11.2 11.450928
11.400001 11.515852
11.5 11.704347
11.999998 12.073086
11.400001 11.619673
11.400001 11.638502
12.6934595 13.689885
11.3 11.3356285
11.2 11.7072315
11.400001 11.410937
11.1 11.245754
11.999998 12.038514
11.1 11.149498
11.2 11.251175
11.599999 11.8168745
11.1 11.245689
11.5 11.630875
13.000009 12.136272
11.5 11.591894
11.1 11.575268
11.2 11.245541
13.600039 13.673486
11.8 11.719094
11.8 11.274302
10.70206 10.727363
13.1 11.990492
13.399989 13.272496
11.2 11.350349
11.3 11.816282
11.599999 11.883443
14.901343 13.601121
11.7 11.558837
11.599999 12.258802
11.1 11.250131
11.2 11.248846
12.299998 12.195354
11.2 11.27874
11.2 11.273453
11.900001 11.965624
11.1 11.217937
11.1 11.244633
11.2 12.140944
12.699998 12.585528
11.999998 11.841606
11.900001 11.988657
14.100029 14.020177
11.2 11.49673
11.599999 11.790951
11.900001 11.96479
11.5 11.569115
11.2 11.338857
12.699998 12.788547
11.719789 11.860187
11.900001 11.988034
11.599999 11.884972
11.7 11.748404
13.000009 12.662041
13.600039 13.313588
11.999998 12.029432
10.3 10.389216
12.199999 12.83406
11.2 11.287813
9.890485 10.014942
11.599999 11.893133
11.3 11.368364
11.400001 11.562098
11.5 12.0613165
12.899998 12.707593
11.999998 12.040997
11.29382 11.537769
11.3 11.930675
12.299998 12.050933
11.175305 11.238276
12.599997 11.414139
11.3 11.356045
11.2 11.270069
10.1 10.149248
13.999974 13.903845
13.1 12.714687
11.5 11.706084
11.599999 11.77503
11.900001 12.029594
11.999998 12.012325
11.2 11.283773
11.1 11.228979
11.2 11.380934
11.3 11.302591
11.1 11.173571
11.356133 11.415056
11.1 11.138546
11.7 11.6968975
12.499997 12.285771
11.1 11.215912
13.299971 13.581168
13.79897 13.862824
11.599999 11.635247
11.400001 11.42934
11.900001 11.947348
12.299998 12.223129
11.900001 11.959007
13.000009 13.051585
11.999998 11.955992
11.7 11.934
11.3 11.4592705
12.1 11.20149
11.1 11.18868
10.622879 10.687027
11.2 11.347191
13.1 12.506383
12.199999 11.899484
11.1 11.295063
14.49794 15.145568
11.2 11.261524
11.2 11.268039
11.8 11.985904
11.900001 11.973001
11.900001 11.870698
11.7 11.983613
11.8 11.963442
11.7 11.715927
13.000009 12.012207
12.499997 12.668379
11.321849 11.430653
11.3 11.454704
12.899998 12.209513
11.599999 12.2700615
11.5 11.712137
10.40103 10.698337
11.8 11.97945
11.999998 11.9698925
12.799992 12.125233
11.7 12.241875
11.900001 11.9555855
11.400001 11.504299
11.2 11.261847
11.2 11.249893
11.1 11.205591
11.7 11.744302
11.900001 12.042166
11.400001 11.6571865
11.7 11.757006
11.900001 11.99589
11.999998 11.860341
12.899998 11.844735
11.8 12.096924
10.2 10.294015
11.3 11.284744
13.1 13.393582
12.199999 12.473678
12.46955 12.306385
10.5 11.645286
11.599999 11.542659
10.5 10.614371
11.1 11.157955
11.900001 11.951912
11.5 11.602319
13.600039 12.174169
11.3 11.295125
11.900001 11.691063
11.3 11.389761
11.1 11.156031
11.5 11.59814
12.899998 12.34201
11.2 11.293747
11.599999 11.672309
11.999998 11.929929
12.799992 12.782147
12.699998 12.938974
11.1 11.641779
11.1 11.174187
11.1 11.141375
11.1 11.389408
11.3 11.309685
13.000009 12.571748
11.1 11.21534
11.8 11.96387
11.400001 11.705318
11.2 11.237538
11.999998 11.324166
11.7 11.37645
13.500008 13.085378
11.3 11.568289
11.999998 11.941987
11.8 11.746136
10.145758 10.274767
11.900001 11.312549
11.900001 11.702642
11.5 11.645325
10.7 10.810928
11.8 11.910467
11.900001 11.901436
11.2 11.2857065
11.8 12.26919
11.8 11.899185
11.400001 11.466418
11.999998 11.989031
12.6867 13.014592
11.900001 12.078483
11.1 11.24552
11.599999 11.556885
11.1 11.26318
12.599997 11.994995
11.2 11.289468
11.7 11.763456
12.899998 13.510373
12.199999 11.987016
11.2 11.312657
12.499997 13.140956
11.8 11.693003
11.1 11.194024
12.699998 11.299932
11.900001 11.962608
15.299971 15.13369
12.299998 12.299673
11.1 11.17157
11.999998 11.993825
11.8 11.528502
12.199999 12.031948
10.2 10.162851
10.3 10.481691
11.1 11.2317095
13.81627 13.383988
10.5 10.674255
11.599999 11.319754
11.900001 11.906673
11.3 11.538586
11.2 11.314713
11.79897 11.835394
12.199999 11.965206
12.923909 11.275153
11.400001 11.446133
11.1 11.244566
11.1 11.239901
10.40103 11.151138
11.2 11.365961
11.3 11.423949
11.2 11.2911005
11.8 11.281626
13.800057 13.936892
12.199999 11.226776
11.900001 11.989137
10.2 10.401803
11.8 11.921585
15.200179 14.89055
11.1 11.427967
11.1 11.222855
11.3 11.37155
11.400001 11.348892
11.2 11.347245
11.3 11.510235
11.7 11.763439
11.400001 11.374199
10.224938 10.247652
11.400001 11.35939
11.8 11.920663
11.400001 11.474046
11.400001 11.591598
11.900001 11.934696
11.2 11.278592
14.299971 15.039323
14.299971 13.384971
11.400001 11.458982
11.3 11.662205
11.599999 11.697812
11.1 11.978449
11.8 11.886395
11.400001 11.474617
11.900001 12.388701
11.2 11.193552
10.1 10.27677
11.3 11.223107
11.1 11.161891
11.900001 11.423197
12.399998 12.255561
11.2 11.472982
11.8 12.088791
11.2 11.3378725
10.1 10.201059
11.900001 11.948699
10.5 10.4165125
13.65752 10.427719
11.3 11.307618
11.2 11.29254
11.1 11.202799
11.2 11.249342
11.2 11.970306
11.8 11.957369
11.400001 11.86004
11.2 11.29243
11.1 11.247626
11.2 11.209932
11.1 11.2701025
11.1 11.039959
14.834261 14.811578
11.5 11.895136
11.400001 11.421139
11.400001 11.879181
11.7 11.807666
11.900001 11.986166
11.2 11.250601
11.599999 11.718042
11.5 11.375948
12.950003 12.169089
12.699998 12.18322
11.7 11.910064
11.7 11.764133
12.799992 11.871681
14.108774 14.5003195
11.2 11.223486
10.1 10.162573
11.2 11.552376
11.2 12.570801
11.3 11.366582
10.40103 10.689701
12.899998 11.973172
11.923909 10.922193
11.2 11.345604
11.400001 11.337127
11.70206 12.994389
11.1 11.258433
13.800057 12.300327
11.2 11.281849
11.400001 11.362585
11.2 11.270617
12.199999 12.280163
12.399998 11.483723
13.1 11.909675
10.622879 10.6872
11.1 11.221155
12.899998 12.32345
11.8 11.9222145
11.900001 11.984039
11.2 12.314152
11.900001 11.928926
11.3 11.260677
11.999998 12.020927
11.5 12.141766
11.2 11.265026
12.199999 12.560861
11.599999 11.956712
11.400001 11.378088
11.487216 11.881115
13.487216 13.556425
11.1 11.467663
11.7 11.626329
11.7 11.855217
11.599999 12.024498
11.1 11.253969
12.399998 12.200025
11.900001 11.956404
11.599999 11.710846
11.400001 11.468615
12.499997 12.557926
12.499997 12.093648
10.40103 10.791929
11.2 11.354265
11.900001 11.959673
11.2 11.235767
11.1 10.85585
12.1 10.714049
11.900001 11.953944
11.7 11.797337
11.5 11.5362
11.999998 12.475831
11.8 11.966646
12.307609 12.070069
12.699998 13.354298
13.953872 13.937654
11.5 11.530483
11.3 11.343905
11.2 11.265613
12.199999 12.097479
12.00309 12.166343
11.3 11.344366
11.599999 11.567339
13.200015 12.369093
11.2 11.258593
12.668636 12.645377
10.622879 10.718304
11.3 11.286235
11.2 11.42574
13.668636 12.164553
11.8 11.895241
10.8447275 10.721345
11.6867 12.068999
11.5 11.61521
11.1 11.223314
11.900001 11.813971
11.2 11.421175
12.1 12.096078
12.393091 12.085719
10.40103 10.683947
11.900001 12.273769
12.599997 11.913509
11.3 11.54464
11.1 10.453813
11.1 11.208813
11.1 11.258111
11.5 11.542191
10.3 10.450754
12.699998 11.925276
11.3 11.5057
11.3 11.351826
10.1 10.189843
11.2 11.257069
10.7 10.640705
11.1 11.19417
11.3 11.274208
13.1 12.236004
10.8 10.895943
11.7 11.740734
11.3 11.30534
11.2 11.559471
10.224938 10.225731
11.1 11.208249
11.1 12.005436
13.000009 11.847677
13.180922 13.110186
11.1 11.195086
11.3 11.379535
11.900001 11.938268
11.7 11.730661
12.193092 12.407597
11.2 11.212381
11.2 11.306099
11.5 11.772577
11.3 11.3208275
12.799992 12.168228
11.599999 12.644272
11.1 11.238299
12.299998 12.250789
11.1 11.34198
11.2 11.384138
11.8 11.346399
11.2 11.285444
11.400001 11.447851
11.7 12.6811285
14.500117 13.3193035
11.900001 11.918409
11.5 11.717933
11.49794 11.7046795
13.899971 13.542477
11.2 11.401594
11.2 11.335947
11.1 11.1478405
11.280072 11.351896
12.499997 12.830382
11.2 11.220255
11.5 11.668847
11.49794 11.387949
11.1 11.172893
11.2 11.461973
12.1 11.941769
11.732644 11.2197695
13.299971 12.922665
11.900001 11.971941
11.668636 11.373341
11.599999 11.780406
11.2 11.25009
10.40103 10.335473
11.999998 12.075306
11.1 11.231895
11.2 11.771811
11.2 11.271222
11.2 11.270888
11.599999 11.899924
11.1 11.848647
11.900001 11.958977
11.7 12.671717
11.400001 11.7805605
11.8 11.88077
11.2 11.279174
11.400001 11.425297
11.5 11.488683
11.5 12.160315
12.1 11.963434
12.599997 12.951296
12.1 12.13715
11.400001 11.702343
11.1 11.500775
13.399989 13.71337
11.999998 11.996719
11.599999 11.512503
11.3 11.739428
10.70206 10.652504
11.2 11.229185
11.400001 11.918726
11.1 11.250389
11.900001 11.986974
14.145758 14.878707
11.599999 11.764816
11.2 11.262817
11.8 11.901711
12.299998 12.081961
11.8 11.936724
11.2 11.244715
11.7 11.341766
11.999998 11.739646
11.900001 11.940025
11.999998 12.021098
12.1 12.801062
11.599999 11.713425
12.599997 13.133449
12.499997 12.280508
12.199999 12.03247
11.599999 11.526872
11.599999 11.672702
10.935647 11.108558
11.7 11.742544
11.999998 11.992315
10.2 10.382077
11.5 11.547998
11.175305 11.277752
11.1 11.198836
10.40103 10.427343
10.4 10.420457
11.2 11.287349
9.986056 9.94008
11.3 11.3126545
12.699998 13.471618
11.400001 11.478739
11.2 11.556803
11.400001 11.543349
11.2 11.275456
11.079304 12.326098
11.1 11.764038
11.1 11.203981
11.2 11.288764
11.999998 12.127613
11.1 11.329785
11.900001 11.968927
12.599997 13.082434
11.2 11.637707
11.900001 11.963758
11.400001 11.539028
11.599999 11.471245
10.79897 10.784981
11.2139435 11.508526
11.2 11.775309
12.299998 11.819456
11.400001 11.42436
12.577345 12.382073
11.1 11.682955
11.7 11.940875
11.1 11.2787
11.2 11.181738
11.8 11.91221
13.500008 13.151532
11.8 11.863043
11.2 11.283674
13.899971 13.526742
12.599997 12.614205
12.699998 13.950909
11.400001 11.802349
11.3 11.390398
11.599999 12.298229
12.29382 13.477381
11.3 11.46196
11.1 11.198692
11.999998 12.001078
11.1 11.497387
11.900001 11.576358
11.900001 12.180095
12.799992 12.409136
11.2 11.347183
12.299998 11.884668
12.299998 12.217991
11.900001 11.972343
11.2 11.27335
11.2 11.282553
11.8 11.8937
11.3 11.345355
12.699998 12.987086
11.7 11.816515
11.7 11.80104
11.1 11.193947
11.1 11.218727
11.7 11.815093
11.3 11.507246
11.5 11.5389805
11.999998 12.111271
11.599999 11.723845
11.900001 11.981531
12.899998 12.855807
11.1 11.194937
13.699981 13.344815
12.519075 12.839809
12.499997 11.91411
11.2 11.237571
11.900001 11.933971
11.3 11.509834
11.599999 11.777634
11.2 11.345807
11.1 11.165806
12.699998 12.293008
12.899998 11.640389
11.5 11.362799
12.699998 12.976382
11.599999 12.021895
11.400001 11.480887
11.2 11.259467
11.599999 11.6064415
11.900001 11.917576
11.2 11.752133
12.599997 13.129101
11.900001 11.936425
11.2 11.337518
14.400163 14.901141
11.1 11.182472
11.900001 11.964933
10.1 10.218079
11.3 12.234716
11.3 11.384671
11.2 11.272586
10.3 10.234731
11.2 11.264933
11.2 11.243612
11.2 11.250767
12.699998 12.318026
11.5 11.595084
11.2 11.2547865
11.3 11.364536
11.5 11.662729
11.599999 11.329147
11.1 11.237293
12.399998 12.075017
11.999998 11.998242
11.2 11.307566
11.5 11.496025
11.5 11.639253
11.400001 11.718057
11.599999 12.43249
11.1 11.191923
9.40103 9.524352
11.900001 11.953573
11.1 11.2999935
11.652842 11.987347
11.900001 12.167425
11.5 11.58802
11.900001 12.45477
11.1 11.2363615
11.7 11.938416
11.2 12.7538805
11.2 11.277987
11.2 11.2693405
11.900001 12.347057
11.900001 11.993095
11.8 11.857756
11.400001 11.218562
12.986056 12.936011
11.1 11.436575
11.900001 12.010381
11.2 11.270836
11.953872 12.650735
11.3 11.243462
11.8 12.146623
10.5 10.661578
11.3 11.418261
11.599999 11.610828
12.5 11.873568
11.7 11.75328
13.1 12.544968
11.400001 11.512783
14.500117 14.278219
12.520216 12.064196
11.8 12.015643
11.900001 11.973162
11.2 11.212179
11.900001 11.934524
11.1 11.497637
11.599999 11.575713
11.2 11.452415
11.7 11.813297
11.1 11.20447
13.899971 14.398788
11.599999 11.6123705
11.2 11.217354
10.70206 10.708329
11.900001 11.96751
11.3 11.329511
11.900001 11.938072
11.3 11.677113
11.1 11.2135105
11.5 11.228883
11.400001 11.331829
11.2 11.355319
11.3 11.301886
12.199999 12.498022
11.900001 11.959921
11.8 12.231866
11.1 11.165108
11.2 11.254588
11.3 11.337388
12.299998 11.427261
12.1 11.893573
11.900001 11.945612
11.400001 11.348294
11.1 11.342691
14.79897 14.474225
11.1 11.24962
10.8 10.922274
12.499997 12.79839
11.2 11.161971
10.40103 10.252029
11.400001 11.553625
11.999998 12.120752
13.600039 13.5285425
11.498559 11.735204
12.299998 12.536128
11.2 11.47381
11.1 11.195883
11.1 11.195036
11.3 11.532309
11.999998 12.050816
11.999998 12.083811
12.199999 11.7157135
11.7 11.751795
11.2 11.27221
11.3 11.499758
11.5 11.567018
11.900001 12.026289
11.2 11.274078
11.2 11.260273
11.1 11.249775
13.1 12.601898
10.738272 10.75499
9.49794 9.521486
11.5 11.63942
11.2 11.363419
10.9 12.048231
11.1 11.24625
11.7 11.964783
11.3 13.266173
11.3 11.442902
10.622879 10.61486
12.499997 12.790123
10.9 10.991046
11.900001 11.961344
11.400001 11.809851
11.900001 11.943135
11.1 11.192093
11.8 11.676157
11.599999 11.367596
11.599999 11.645748
11.3 11.511481
11.900001 12.016758
11.5 11.720465
11.400001 11.443354
11.999998 11.508531
11.3 11.447031
11.599999 11.799774
11.1 11.314444
11.5 11.8464985
11.8 11.899859
11.1 11.902851
11.900001 11.951855
12.399998 11.427607
11.7 11.921218
11.900001 12.171701
11.1 11.167746
11.2 11.234505
12.199999 12.276317
12.316096 11.949057
11.400001 11.663136
12.299998 12.441083
11.400001 11.45447
11.2 11.224979
12.299998 11.506521
11.3 11.421984
11.2 11.754549
11.329148 11.435129
11.2 11.287002
11.2 11.312349
11.1 11.195409
11.1 11.262363
11.7 11.814699
12.520216 12.31903
11.2 11.470583
11.999998 12.197344
11.2 11.295707
11.900001 11.929819
11.599999 11.805417
11.900001 11.977404
13.600039 13.25945
13.399989 12.695428
13.357275 12.217692
11.7 11.990675
11.5 11.943111
11.818967 12.027899
11.900001 11.915035
12.299998 11.875697
11.1 11.133501
13.200015 13.15907
12.299998 12.162123
10.5 10.37289
13.1 12.8715925
12.199999 12.059402
12.599997 12.030676
11.400001 11.439636
11.599999 11.864915
11.999998 12.322809
11.900001 12.014307
13.000009 12.8573265
11.3 11.2582
11.7 12.064675
11.531798 10.928255
10.8 10.730204
13.699981 13.583234
13.299971 12.499271
11.1 11.216031
11.2 11.302546
11.2 11.256202
11.900001 11.950128
11.900001 12.12406
10.49794 10.620865
11.2 11.400379
10.1 10.134331
11.400001 11.469582
11.7 11.843648
11.599999 11.630964
12.799992 12.66273
11.599999 11.538286
14.1 14.128136
11.8 11.874001
11.900001 11.942762
10.622879 10.678137
11.2 11.295801
11.1 11.199572
12.599997 12.465353
11.900001 11.9652405
11.900001 12.107753
11.8 11.929335
10.1 10.695896
11.5 11.373098
11.5 11.666495
10.1 11.449339
10.4 10.257363
11.3 11.009014
11.900001 11.174255
12.1 12.066697
10.1 10.137874
12.999629 13.200664
11.2 11.283743
11.2 11.328822
11.599999 11.604277
13.1 12.673227
11.999998 11.984226
12.430683 12.214094
11.400001 11.904317
11.1 11.160838
12.499997 13.016343
11.381802 11.524804
11.5 11.693482
11.900001 11.96494
11.900001 12.018351
10.1 10.165615
11.2 11.2622385
11.5 11.803544
11.999998 11.844187
11.900001 11.937485
12.788246 11.831538
11.1 11.247057
11.5685215 11.469967
11.5 11.495044
11.2 11.198992
13.200015 12.32877
11.2 11.446906
11.3 11.393607
12.799992 13.09195
11.2 11.294849
11.7 11.815435
11.8 11.271893
11.5 11.348766
11.3 11.373682
11.999998 11.904295
12.199999 12.08518
11.7 11.758827
11.2 11.230945
11.3 11.332602
11.7 11.804844
11.599999 11.64256
11.400001 11.446952
11.1 11.363274
11.1 11.2368965
10.49794 10.67456
9.9642315 10.616405
12.199999 11.997326
11.599999 11.726547
14.018398 12.553975
11.7 11.376369
11.2 11.259707
11.2 11.298891
11.900001 11.788134
11.3 11.426058
11.3 11.329865
13.200015 12.039947
11.1 11.155698
12.847147 12.580546
11.599999 11.694656
11.7 11.788227
11.4809065 11.882035
10.70206 10.728052
11.0 10.579433
11.2 12.388105
11.599999 11.376755
12.299998 12.336239
11.3 11.445337
11.2 11.163261
11.999998 12.015322
11.900001 11.938898
11.8 11.863325
11.2 11.274813
12.399998 12.018354
11.1 11.150063
11.5 11.546995
11.2 11.301521
11.1 11.111929
13.299971 13.3468275
11.2 11.247516
11.2 11.223572
11.999998 11.896248
11.79897 12.125633
11.2 11.270416
12.699998 12.34433
11.900001 12.182636
11.1 11.186807
13.800057 13.788068
12.799992 12.347805
11.400001 11.498905
11.5 11.628246
11.1 11.268022
11.2 11.214983
11.1 11.322579
14.400163 12.679732
12.299998 12.694829
12.799992 12.373348
11.900001 11.955387
11.900001 11.962902
12.499997 12.109597
11.900001 12.111934
11.1 11.20454
11.599999 11.256569
11.5 11.429792
12.299998 12.777291
11.175305 11.285249
11.599999 11.564472
11.336572 11.4195
11.900001 11.834874
11.1 11.175815
11.3 11.316607
11.5 11.546031
13.1 13.228082
11.599999 11.655334
11.400001 11.422646
11.3 11.372348
12.723423 12.347429
10.2 10.870896
10.70206 10.682566
12.899998 12.331555
11.1 11.425409
12.299998 12.38462
11.2 11.222765
11.5 11.532314
11.3 11.630615
11.2 11.390703
11.599999 11.040143
11.3 11.3355665
11.5 11.440289
11.599999 11.704018
12.299998 12.439081
12.199999 12.11371
13.466532 13.746859
13.520216 14.187829
11.1 11.263253
11.900001 11.921526
11.599999 11.465843
10.40103 10.34914
13.600039 13.567303
11.999998 11.979429
11.2 11.232115
14.500117 13.3443575
11.2 11.305199
11.7 11.802852
11.7 11.807562
11.5 11.551964
12.899998 12.814884
11.900001 12.446127
13.399989 11.745149
12.1 11.94595
11.8 11.857041
11.5 11.562071
11.900001 11.545012
11.599999 11.612762
12.1 11.810328
11.3 11.68594
11.400001 11.52376
12.299998 11.911916
11.8 11.899597
10.40103 12.097006
11.2 11.250809
11.3 12.425146
11.2 11.320943
10.70206 10.710909
12.099998 12.740598
12.30831 12.470085
9.890485 10.053357
14.299971 15.160957
12.899998 12.884472
10.668636 10.824057
13.000009 12.142431
12.1 12.0799055
11.2 11.830341
12.299998 13.145963
11.2 11.351766
12.399998 11.850522
11.2 11.350407
11.5 11.689617
11.2 11.242556
11.2 11.254844
11.2 11.5301695
11.1 11.293158
12.499997 12.778047
13.1 12.859229
11.900001 12.434788
11.8 11.956589
13.1 12.649332
10.4 10.096789
11.3 11.333348
11.2 11.366307
11.900001 11.966364
11.3 11.377644
11.900001 11.9681835
11.900001 11.978945
11.400001 11.511563
13.1 13.251861
11.1 11.2086525
10.70206 10.722359
10.00309 12.133622
11.8 11.943558
11.400001 11.476753
11.2139435 11.619718
11.599999 11.765806
11.8 11.839619
9.79897 10.284031
11.2 11.346615
11.1 11.178362
12.986056 13.602424
11.400001 11.465822
12.799992 12.228759
11.2 11.418628
11.999998 11.59454
12.1 12.140949
11.3 11.645039
11.7 12.023916
11.5 11.614743
11.5 11.622005
13.000009 12.869675
11.7 11.801726
11.5 11.400027
11.3 11.330605
11.1 11.202833
11.7 11.267092
13.500008 13.75939
10.9758215 10.875756
12.699998 12.429916
11.900001 11.95227
12.189909 12.966276
11.999998 12.164318
11.058607 10.333836
11.5 11.658545
11.900001 11.989224
11.5 11.773478
11.3 11.427973
11.599999 12.129048
13.1 12.09366
10.622879 10.881076
11.1 11.216814
12.499997 12.075573
11.1 11.189317
11.3 11.412539
11.3 11.235008
11.2 11.390196
11.2 11.254444
12.668636 12.531282
11.900001 11.976675
13.299971 12.174617
10.70206 10.584993
12.299998 12.448503
10.1 10.276621
11.2 11.279934
11.3 11.341845
11.1 11.285186
13.800057 13.931245
12.199999 12.040299
11.7 11.820148
13.652842 13.764586
11.2 11.249266
11.1 11.190897
11.999998 11.940102
11.3 11.717111
11.1 11.208738
11.017215 11.433876
11.2 11.27724
11.900001 11.967196
12.599997 12.8392935
12.699998 11.770431
11.5 11.3220215
13.800057 14.783871
11.2 11.239955
11.3 11.862181
12.799992 12.760497
11.2 11.273618
12.499997 12.051976
11.5 11.709759
10.6 10.670908
11.999998 12.051268
12.199999 11.923378
14.1 14.342216
11.8 11.912062
11.2 11.292161
11.599999 11.819428
12.1 12.126101
11.7 12.8496065
12.899998 13.573407
13.600039 12.97242
11.900001 11.99036
11.999998 11.991675
11.599999 11.705564
14.1 14.660769
11.400001 11.396016
11.2 11.641199
12.399998 12.303303
12.1 11.717452
11.1 11.263219
12.5685215 12.448654
11.999998 12.009663
11.400001 11.446183
11.0 10.71497
11.1 11.191741
11.900001 11.984585
10.19691 10.221254
11.900001 11.949448
11.3 11.501363
11.3 11.431545
11.900001 11.955784
10.1 10.299594
9.70206 9.510017
11.2 11.3151
11.999998 11.931504
11.1 11.195837
11.2 11.28562
11.1 11.257675
11.7 11.528247
11.999998 11.988234
12.399998 11.989372
11.435792 11.338813
11.999998 12.026239
11.400001 11.266864
11.900001 12.077493
13.40103 13.51312
11.8 12.759664
11.7 11.762939
11.8 11.87837
11.2 11.201957
11.582672 12.327538
11.3 11.378059
11.1 11.263732
11.5 11.495694
11.8 11.82151
11.5 11.430543
11.3 11.347357
11.1 11.31691
11.921121 11.9534855
12.199999 12.195288
11.599999 11.608873
11.7 11.781569
11.254902 11.822945
11.400001 11.41601
11.3 11.35566
11.8 12.130004
11.2 10.841972
11.5 11.549864
11.1 11.2511635
11.400001 11.412181
11.3 11.29385
12.399998 11.703357
11.599999 11.344518
11.8 11.8942
12.599997 12.004157
10.1 10.474253
11.599999 11.656513
11.999998 12.023815
11.400001 12.078738
11.900001 12.050562
11.900001 12.098305
12.022269 12.12865
11.1 11.14395
11.3 11.395128
11.2 11.285986
11.1 11.24082
11.1 11.312513
11.8 11.92736
10.9 10.942575
11.2 11.231311
12.199999 12.248696
11.999998 12.1696205
11.400001 12.331397
11.2 11.278297
11.1 11.425831
13.543697 13.329147
11.900001 11.947827
12.699998 12.664149
12.499997 12.780211
11.400001 11.4351635
11.5 11.9807
15.400163 14.972147
11.1 11.317413
11.2 11.261692
11.2 11.281064
11.1 11.354855
11.1 11.255599
11.2 11.294985
11.999998 11.584418
10.40103 10.598711
11.1878605 11.257321
11.5 11.566687
10.79897 10.97328
13.999974 13.786639
10.40103 10.400016
11.1 11.106792
11.400001 11.550236
11.900001 11.954313
11.999998 11.395811
11.2 11.29306
11.2 11.261721
11.2 11.355673
11.5 12.324304
11.2 11.372305
11.900001 12.028539
11.599999 11.559063
11.028118 10.410917
11.400001 11.491434
12.199999 12.221386
11.7 12.239138
11.1 11.286861
11.1 11.444113
12.79897 13.732718
14.496618 14.949009
13.1 12.153971
11.400001 11.464708
11.3 11.337303
11.8 11.970839
11.3 11.349259
11.999998 14.57793
11.3 11.344712
11.1 11.179624
11.999998 12.251534
11.599999 11.38092
11.3 11.298298
11.7 11.460608
11.400001 11.440943
11.999998 12.017311
11.3 11.349816
12.499997 12.3762865
10.8 10.639652
11.5 11.784216
12.199999 12.27984
11.2 11.18354
12.599997 12.797449
11.8 11.893772
11.3 11.326923
11.1 11.734638
12.399998 12.998735
12.899998 12.386243
11.3 11.333705
12.399998 12.428205
10.40103 10.681078
11.5 12.197618
11.400001 11.303888
11.3 11.548051
11.3 11.482836
12.1 12.01617
12.1 11.87403
11.1 11.206603
12.1 12.037412
11.5 11.569069
11.8 11.865164
10.2 10.390652
11.5 11.496588
10.122276 10.170002
13.299971 13.966657
11.8 12.092844
10.1 10.951183
11.2 11.356903
11.999998 11.890085
11.435792 11.40634
11.3 11.897741
11.400001 11.52407
10.1 11.347422
11.900001 12.199959
12.799992 12.184189
11.8 11.903859
11.2 11.263066
11.999998 12.08536
11.5 11.375696
11.2 11.299276
11.3 11.429794
10.70206 10.60409
12.499997 12.020224
12.799992 13.3093195
11.599999 11.742397
12.399998 11.878498
11.900001 11.962197
11.3 11.275116
14.59485 14.77177
14.186186 14.325831
11.1 11.27721
11.599999 11.825273
10.4 10.311181
12.1 12.100452
11.2 11.244398
11.2 11.5959635
13.15061 12.227833
11.900001 11.885807
11.999998 12.061288
11.3 11.522845
11.900001 12.165165
11.999998 10.809721
11.400001 11.420619
12.1 12.157485
11.3 11.34498
14.79897 14.332496
11.900001 11.94609
11.966461 12.302023
11.7 11.469282
11.7 11.7099285
10.76294 10.324171
11.7 11.618938
11.2 11.287484
11.900001 12.131832
11.7 11.82822
11.599999 11.682106
11.900001 11.975014
11.1 11.280162
11.1 11.240236
11.5 11.535292
13.399989 13.121827
11.1 11.174208
11.267491 11.121338
11.5 11.461107
12.899998 12.605517
11.900001 11.886828
11.1 11.269295
12.491108 11.98378
12.299998 12.300812
10.70206 10.676191
11.684318 11.793301
11.3 11.352573
11.3 11.306921
11.3 11.321488
11.900001 11.924219
11.900001 11.9507
11.1 11.196468
13.321849 13.345724
11.400001 11.455744
11.3 11.322625
11.900001 11.958813
13.399989 13.004966
11.8 11.596282
11.2 11.298842
11.1 11.200801
13.622879 14.056771
11.900001 12.029212
11.2 11.383618
11.900001 11.393595
11.900001 13.297911
11.5 11.5136795
11.1 11.140636
11.5 11.551928
11.3 11.506411
11.40103 11.172897
10.5 10.597681
11.5 11.550269
11.7 12.01898
11.2 11.279688
11.7 11.937376
12.699998 11.95813
11.599999 12.027743
11.543697 11.415451
12.367606 12.280139
11.900001 12.177109
11.2 11.605635
11.3 11.524434
11.8 11.932627
11.400001 11.445575
12.043096 11.683086
11.4413 11.691919
10.8 10.945608
11.2 11.3284025
11.2 11.551931
13.399989 13.0404
14.79897 14.616376
12.799992 12.404354
11.1 11.20007
11.900001 11.973369
11.3 11.349997
11.400001 11.413558
12.299998 11.717432
12.228427 11.168998
10.5 10.680461
12.299998 12.380867
11.321849 11.507515
10.685027 10.88077
11.2 11.256052
11.900001 11.931709
13.1 12.814106
12.906876 12.473076
11.8 12.031434
12.622879 12.491687
11.599999 11.868427
11.2 11.376442
11.1 11.646847
14.40103 13.302237
13.314671 12.01153
11.5 11.585975
11.599999 11.868263
12.299998 12.270575
11.2 11.291071
10.40103 10.486885
12.299998 12.709572
11.2 11.422279
11.999998 13.875716
11.7 11.779854
12.699998 12.785927
11.1 11.196748
11.1 11.164268
14.999629 13.721944
11.2 11.750994
11.999998 12.047277
11.3 11.360161
11.599999 11.986974
11.599999 11.8917885
11.2 11.263844
11.1 11.425304
11.999998 12.124942
11.8 11.940439
12.1 11.651102
13.399989 13.297278
11.599999 11.965815
11.400001 11.444904
11.999998 12.062138
11.7 11.995008
11.1 11.310443
13.600039 12.171674
11.999998 12.068092
11.900001 11.903154
12.399998 11.969372
11.8 12.0399
12.719789 12.391028
11.900001 11.928936
11.1 11.172075
10.1 10.157249
11.1 11.277103
11.900001 11.9253435
12.299998 11.9563055
11.900001 11.949741
12.1 11.628679
11.2 11.2956295
12.899998 13.109125
11.5 11.522614
12.199999 12.644644
11.1 11.17308
11.2 11.243288
11.2 11.247453
12.499997 12.132612
11.900001 11.903476
11.1 11.201761
11.2 11.477451
11.599999 11.596917
11.599999 11.733366
11.1 11.984268
12.199999 11.547676
10.5 10.626375
11.2 11.304071
11.3 11.377596
13.3174305 12.614791
12.399998 11.337982
12.499997 12.661992
11.400001 11.48657
11.2 11.240463
11.1 12.322932
11.7 11.764124
11.1 11.189491
11.8 11.850917
11.7 11.742106
10.8 10.859953
11.622879 15.151754
11.7 11.850473
10.2 10.167723
11.1 11.160051
11.7 11.846823
12.299998 12.174423
10.622879 10.693954
11.5 11.561459
11.900001 11.765143
11.5 11.49336
11.2 11.312252
11.1 11.455986
11.599999 11.705726
11.1 11.379688
11.900001 11.94751
11.8 11.613028
11.1 11.223954
11.5 11.641287
11.2 11.248763
11.900001 11.940735
11.8 11.856203
10.1 10.370604
11.599999 11.445059
11.1 11.122418
11.3 11.520731
11.8 11.854242
11.8 11.77264
11.5 11.942366
13.488122 12.960344
11.900001 12.004087
11.8 11.81925
12.199999 11.962854
10.7 11.768073
11.3 11.35512
11.5 11.75941
10.40103 10.596975
11.999998 12.051693
11.900001 11.918699
11.2 11.280596
11.400001 11.471659
11.1 11.233976
11.0 11.141145
11.599999 11.746669
14.180922 14.43314
11.40103 10.95949
12.199999 11.781466
10.1 10.473332
11.3 11.341265
13.299971 12.943725
11.5 11.903943
11.1 10.517114
10.70206 10.686077
11.3 11.514999
11.2 11.270601
11.900001 12.002055
11.1 11.231366
11.2 11.204613
12.1 11.946587
11.2 11.442373
11.599999 11.6418
12.299998 11.6794
13.600039 13.469383
11.900001 11.48094
11.0 11.101682
13.699981 13.129058
11.999998 12.590744
13.1 12.575298
11.900001 12.157997
12.499997 12.822558
13.892513 14.327592
13.117729 12.930895
11.7 11.387675
11.3 11.300954
11.8 11.9151
11.1 11.466459
14.1 14.665292
11.5 11.70945
12.399998 13.465842
11.400001 11.444967
11.599999 12.566886
11.900001 11.964331
11.900001 11.9704685
11.5685215 11.850208
11.1 11.218049
13.600039 12.566082
11.2 11.314749
11.900001 11.966328
11.2 11.310655
11.599999 11.641229
11.900001 11.744692
11.8 11.859762
11.923909 11.317348
11.5 11.432468
10.4 10.426129
11.3 11.851402
11.1 11.167211
11.999998 11.74205
13.694213 14.015058
12.599997 13.112908
11.8 11.910579
11.3 11.368759
11.7 11.803156
11.7 11.829773
11.3 11.392157
11.1 11.189418
11.1 11.231636
12.299998 11.6458235
11.7 12.002872
11.599999 11.588218
11.8 12.669843
11.599999 11.674898
10.6 10.597721
10.49794 10.500108
11.8 11.8816805
11.900001 11.958004
11.599999 11.255955
11.400001 11.460215
11.7 11.937402
11.3 11.712759
12.399998 12.020201
10.6 10.631361
11.5 11.616012
11.392429 11.6822405
13.155518 13.575131
10.7 10.712904
10.1 10.161846
13.500008 13.1916685
11.2 12.385831
11.2 11.252216
11.8 11.847024
11.900001 11.975409
12.299998 12.852155
11.5 11.54365
10.8447275 10.728266
10.637602 11.205862
11.599999 11.773527
11.5 11.589926
11.400001 11.511967
11.400001 11.486512
11.2 11.293386
11.599999 11.698273
13.999974 12.525558
11.3 11.299047
12.1 11.959917
11.1 11.17915
11.599999 11.644498
13.899971 13.512062
11.2 11.298529
11.1 11.194763
11.900001 12.141942
11.2 11.260533
11.2 11.288751
11.400001 11.484892
12.299998 11.261059
11.5 11.30466
11.2 11.636618
11.1 11.122994
11.7 13.250648
11.8 11.9036665
11.1 11.725435
11.5 11.260018
11.2 11.24563
12.499997 12.432819
11.599999 11.526409
11.900001 11.952626
11.3 11.551783
11.7 11.740721
11.8 11.566469
10.4 10.426613
11.1 11.15697
11.2 11.292252
11.7 11.786301
11.3 11.34201
11.8 11.975328
11.1 11.398111
11.400001 11.506787
11.900001 11.936389
11.400001 11.394777
10.1 11.678773
11.3 11.313818
11.7 11.854866
11.5 11.563683
11.2 11.818363
11.599999 11.527809
11.2 11.290736
11.2 11.479862
11.59485 11.4307
13.1604805 12.530654
13.600039 12.689333
12.757577 12.13835
12.399998 12.330221
11.8 11.816874
13.1 13.114134
10.757577 10.676856
11.1 11.272256
11.900001 11.965832
10.70206 11.687679
11.900001 11.399805
13.200015 12.231739
11.7 11.282957
11.2 11.238333
11.5 11.293699
11.8 11.890867
11.2 11.410935
11.1 11.219365
11.999998 12.161022
11.453596 11.471094
12.399998 12.793868
12.1 12.492656
10.1 10.885813
14.1 11.434416
10.622879 10.672937
11.400001 11.525442
12.599997 11.415204
12.27437 12.292263
13.399989 11.756155
9.79897 9.890312
11.599999 11.627431
11.1 11.200532
12.699998 12.989888
11.1 11.24869
10.49794 10.487612
11.1 11.413229
11.2 11.273389
11.8 11.908325
11.2 11.267008
15.1 14.762193
11.400001 11.250999
12.199999 13.6289625
11.3 11.332211
11.351812 11.324735
11.2 11.292427
11.900001 11.975971
11.5 11.729205
11.599999 11.665004
13.1 12.378042
11.2 11.496353
11.900001 11.922928
11.2 11.475598
12.399998 13.090855
11.900001 11.977108
12.499997 12.178766
13.40103 13.424194
12.299998 12.519209
11.599999 11.421837
11.3 11.425866
11.2 11.225533
12.199999 12.35459
12.418758 12.392106
11.3 11.304648
11.400001 11.267326
12.104364 11.999079
11.3 11.343319
11.400001 11.54253
11.1 11.20981
13.986056 14.16906
11.8 11.8408375
11.900001 11.947214
10.70206 10.740801
12.399998 12.177607
11.3 11.635391
11.599999 11.979639
11.599999 11.614517
11.400001 11.479044
11.2 11.260993
11.599999 11.495037
11.8 11.863211
12.344125 12.04992
11.1 11.364023
13.399989 13.218009
12.899998 12.862689
11.2 11.468815
11.7 11.746356
11.400001 11.548848
11.7 11.817972
12.799992 12.401502
11.8 11.91833
11.400001 11.972127
10.59485 10.526731
11.3 11.264241
11.2 11.477486
14.600313 13.260106
12.899998 12.6228285
10.953872 10.454556
11.599999 11.94836
11.400001 11.518353
11.5 11.377776
13.299971 13.192568
11.599999 11.245029
13.200015 13.698249
11.7 11.559998
11.2 11.251749
13.19691 13.32131
12.299998 11.666535
12.1 11.707241
11.900001 11.951866
12.399998 12.276251
10.8447275 12.295347
11.2 11.291609
11.8 11.893858
11.5 11.492907
11.5 11.785867
13.00309 13.0197115
11.599999 11.869269
11.2 11.2641945
10.79897 10.83353
11.19691 11.347846
11.2 12.148752
11.900001 11.9387455
12.799992 12.432803
11.7 11.804682
11.1 11.228289
11.8 12.151562
11.599999 11.602924
11.999998 11.775304
11.999998 11.961346
11.5 11.537271
11.900001 11.96965
11.2 11.244522
11.8 11.901541
11.900001 11.965888
11.3 11.350143
12.1 11.403492
11.1 11.227207
11.1 11.186817
11.3 11.43064
11.5 11.6796875
12.299998 12.350667
11.2 11.274993
11.4372425 11.380451
11.1 11.367306
10.8 11.33865
11.622879 11.789864
11.599999 11.814705
11.1 11.239541
11.8 11.895921
11.1 11.188331
11.3 11.3927355
11.1 11.249907
14.600313 14.25406
11.1 11.174713
11.999998 12.2258
12.199999 12.937464
11.1 11.18865
12.299998 12.486514
11.2 11.263857
13.000009 12.717692
12.199999 12.802565
11.599999 11.653909
11.7 12.436105
11.1 11.255516
11.5 11.604665
11.2 11.291857
11.5 11.520008
11.2 11.244335
11.2 11.226974
11.400001 11.391188
11.400001 11.467844
10.1 10.185153
11.7 12.127157
15.1 15.298311
11.599999 11.871022
11.1 11.215408
11.1 11.18151
12.399998 11.992716
11.999998 12.060665
11.3 11.330409
11.747817 11.036294
11.400001 11.532108
11.8 11.918507
13.299971 13.484632
11.900001 11.915564
11.7 11.7758045
11.999998 12.031738
12.19691 12.336199
11.1 11.385414
11.193093 11.251907
12.299998 11.848546
11.218616 10.74516
11.1 11.25643
11.2 11.682005
11.1 11.32426
13.000009 12.973866
12.1 12.0943985
11.2 11.21206
11.1 11.206169
11.900001 11.946354
11.1 11.083856
11.900001 11.936963
12.1 11.85572
11.3 11.310075
10.3 10.821632
11.1 11.273502
11.7 11.607183
11.2 11.278679
11.8 11.898543
11.400001 11.501141
11.2 11.257391
11.8 11.898315
11.2 11.270197
11.2 11.286782
11.7 11.846894
13.300659 13.329127
11.3 11.320441
11.79897 11.515839
11.3 11.354972
10.79897 10.854827
11.999998 12.030975
11.49794 11.476675
11.2 11.411934
11.900001 11.724744
11.900001 11.954478
11.8 11.832481
11.1 11.210943
11.8 11.528993
11.1 11.108383
12.199999 12.479161
11.2 11.497832
11.2 11.183023
12.581486 11.7843895
11.543697 11.648577
11.900001 12.078434
11.900001 11.829985
11.5 11.378765
11.1 11.175628
11.1 11.216574
12.899998 12.878915
11.2 11.260683
11.8 11.895119
11.1 11.297667
11.2 11.301623
9.79897 10.2893715
13.1 13.341065
12.581486 13.815715
11.400001 11.494503
11.900001 11.965255
11.900001 11.929037
11.2 11.34783
11.3 11.267353
11.900001 12.009312
11.1 11.247662
11.2 11.377737
11.1 11.182146
11.5 11.638895
11.1 11.462044
12.299998 11.293827
11.5 11.147673
13.1 13.382073
11.7 11.804335
11.2 11.296549
11.1 11.254921
11.599999 11.676192
11.2 11.272749
12.531798 12.161232
11.900001 11.895737
11.1 11.283403
11.3 11.418722
12.499997 12.432344
11.900001 11.918159
11.5 11.363108
11.2 11.301839
11.923909 11.651558
11.8 11.869963
11.3 11.371239
11.1 11.242816
11.8 11.9153385
11.5 11.610237
11.900001 12.290453
11.3 11.461619
12.199999 12.297592
10.5 10.770866
10.6 10.726055
14.299971 13.850216
11.7 11.785596
11.1 11.353369
11.8 11.901138
14.949485 14.031141
11.7 11.768893
11.8 11.990356
11.2 11.250886
11.400001 11.623973
11.1 11.203009
11.1 10.49303
11.3 11.545207
12.599997 11.953097
11.5 11.6103325
11.7 11.5418625
11.3 11.339893
11.3 11.475969
12.466532 13.46099
14.200179 11.6400585
11.3 11.329973
11.2 11.294533
11.1 12.655114
10.1 10.2665615
11.2 11.276193
11.3 11.425614
11.900001 11.944592
11.3 11.80026
11.3 11.248938
11.599999 11.793978
11.400001 11.295868
11.340546 11.24049
11.652842 11.942457
13.1 12.757477
11.8 11.888147
11.2 11.2427635
12.020819 13.828795
11.900001 11.950461
11.900001 12.011203
12.1 11.555607
11.599999 11.539084
11.900001 11.929681
12.399998 12.532207
14.441478 13.728169
11.3 11.325993
11.999998 12.060966
11.999998 12.027838
11.999998 12.287605
11.900001 11.979267
11.1 11.285605
11.599999 11.650413
11.599999 12.0049515
11.2 11.303085
11.8 11.9102545
11.8 11.923446
13.699981 13.406374
11.3 11.366586
11.7 11.797985
11.3 12.106138
11.2 11.299744
11.2 11.303784
9.79897 10.2666025
11.3 11.25702
11.2 11.2681465
10.622879 10.65609
12.799992 12.328846
11.317054 11.392313
11.8 11.983278
11.7 12.146966
12.499997 12.412955
11.5 11.53298
11.2 11.35625
11.1 11.536704
11.1 11.18485
11.400001 11.502039
11.2 11.270994
11.999998 11.99597
12.699998 12.777001
12.199999 12.180166
11.599999 11.850534
13.899971 13.065646
14.869551 14.819908
13.299971 13.530356
11.599999 11.609692
11.400001 11.749399
11.8 11.943175
12.599997 12.0276985
12.1 11.879744
10.40103 10.541204
12.299998 12.35891
10.272631 11.195378
11.2 12.309896
11.900001 11.96118
11.400001 11.396744
11.999998 11.978357
11.1 11.323856
11.1 11.203836
11.7 11.81058
10.1 10.199095
11.2 11.620765
12.599997 14.173802
13.869551 12.892439
11.3 11.349049
11.3 11.771768
11.599999 11.78371
11.999998 13.00262
11.8 11.860691
12.799992 12.268248
13.200015 12.71451
11.8 11.911455
11.1 11.534531
11.5 11.622168
11.400001 11.2896385
11.2 11.430659
13.899971 13.562938
11.7 11.512334
11.2 11.503576
11.3 11.441956
11.2 11.250731
11.5 11.514565
11.5 11.700483
11.3 11.714702
11.599999 11.738398
11.2 11.3839035
11.8 11.828276
11.2 11.5797
11.5 11.570833
11.3 11.445859
11.1 11.242632
11.40103 12.172843
11.900001 11.968152
11.8 11.865535
12.199999 12.143278
11.7 11.774749
11.2 11.258279
11.1 11.257113
11.8 11.747782
11.3 11.315797
10.622879 10.654627
13.399989 12.261696
11.2 11.202519
11.1 11.158022
11.8 11.814753
11.8 11.880466
11.1 11.033002
10.40103 10.398497
11.2 11.3356
11.19691 11.299223
14.1 13.901843
10.020819 10.2666025
13.699981 13.905983
11.5 11.461454
11.2 11.262386
11.2 11.267698
11.999998 12.028843
11.70103 11.798376
11.900001 11.946985
11.1 11.169565
11.1 11.194065
12.191515 12.554986
11.599999 11.672988
11.8 12.424148
11.5 11.2658
11.8 11.427024
11.8 11.962374
13.299971 13.289399
11.400001 11.507988
11.5 11.682167
11.900001 12.084145
11.1 11.324603
11.999998 12.060092
12.399998 11.89836
11.2 11.241131
11.3 11.352785
12.779854 11.561693
11.900001 11.976582
11.3 11.303203
11.5 11.704223
11.8 11.909578
11.400001 11.544398
11.2 11.219885
11.1 11.206916
11.3 11.29939
11.8 11.983351
11.5 11.619177
11.641513 11.482935
11.2 11.397419
11.1 11.155202
11.1 11.251779
11.400001 11.274834
12.399998 12.3035345
12.499997 12.601408
14.29897 14.544734
10.6 10.757105
11.5 11.592762
10.98941 11.554043
11.7 11.793695
11.3 11.453396
11.3 11.299637
11.2 11.280188
11.999998 12.003233
11.203953 11.273687
11.1 11.260513
11.900001 11.825234
11.599999 11.574797
11.1 11.192301
11.900001 11.926544
11.599999 11.704031
11.2 11.251236
11.2 11.221337
12.599997 12.108985
11.2 11.425201
11.900001 11.968599
11.175305 11.28776
12.299998 12.169085
11.900001 11.962933
11.2 11.661823
11.5 12.191357
11.900001 11.918841
12.1 11.990919
11.599999 11.807556
11.5 11.747941
11.5 11.572321
11.738272 12.252768
10.40103 10.428446
11.5 11.922414
11.7 11.7499485
11.7 11.253698
11.2 11.260658
15.500117 14.473846
10.608639 10.628623
11.2 11.246677
11.2 11.259218
11.7 12.473855
11.2 11.288398
11.1 11.221737
11.2 11.261117
13.800057 13.317233
11.5 11.624201
11.8 11.781596
11.8 11.888194
11.8 11.858894
11.2 11.439718
11.400001 11.505519
13.800057 13.830622
10.1 10.913751
11.2 11.261761
11.49794 11.694489
11.400001 11.57519
11.599999 11.891626
11.2 11.733046
11.869551 11.41955
11.2 12.0537815
11.2 11.352444
11.2 11.246333
11.2 11.2482395
11.2 11.212232
11.999998 12.149914
11.3 11.36657
13.800057 13.605021
11.999998 11.988507
13.062573 12.91822
11.900001 11.975364
10.40103 10.512417
11.400001 11.637009
12.699998 12.179919
11.2 11.283217
11.5 11.57676
9.79897 9.88209
11.2 11.253417
10.49794 10.597507
11.900001 11.910036
11.19691 11.250598
11.2 11.2107525
11.599999 11.338285
11.400001 11.440162
11.599999 11.976997
11.900001 11.962476
12.1 12.037417
11.2 11.254864
11.2870865 11.321091
12.199999 11.679936
11.999998 12.087175
11.999998 11.734471
11.599999 11.632832
13.899971 13.313745
11.5 11.489128
10.3 10.265208
12.1 11.930996
10.5 10.451738
11.8 11.449158
11.2 11.540127
10.923909 10.823202
12.699998 12.28415
11.900001 11.439085
10.1 10.189294
11.599999 11.855769
11.999998 12.035435
11.900001 11.958221
11.547423 10.572628
12.499997 13.275673
13.1 13.918387
10.40103 10.404564
11.999998 11.616717
11.8 11.120896
11.2 11.271152
12.1 11.479738
12.499997 12.4566145
14.446788 14.516317
13.000009 12.783708
11.900001 12.001507
11.7 11.833343
11.1 12.188227
11.900001 11.9867525
11.2 11.222714
11.5 11.706897
11.2 11.3618145
11.2 11.241428
11.1 11.455194
11.1 11.263119
10.1 10.126646
11.7 11.749697
12.923909 12.943988
11.599999 11.505563
11.2 11.265128
11.2 11.255979
12.499997 11.2146225
11.599999 11.768695
11.599999 11.7386055
12.199999 12.028526
11.1 11.277353
10.1 10.104353
11.3 11.406851
14.200179 14.393907
11.3 11.367643
11.2 11.390591
9.79897 9.8672905
11.7 14.2268305
11.8 11.711215
11.8 11.850266
13.427902 14.068502
11.2 11.310294
11.999998 11.706683
11.8 11.9234295
11.900001 11.970084
12.399998 11.883997
11.1 11.159597
11.2 11.723862
11.3 11.619377
10.8 11.440845
10.49794 10.512934
11.400001 11.479729
11.3 11.323495
11.8 11.824591
11.8 11.9488325
11.8 11.955772
11.8 11.82803
13.999974 13.368976
10.70206 10.729779
11.900001 11.930962
12.299998 13.587142
11.1 11.209781
12.536519 12.810915
11.5 11.491224
11.8 11.715063
11.400001 11.268022
11.8 11.707565
11.900001 11.967435
11.1 11.305163
13.062573 13.213565
11.900001 12.6145315
11.999998 11.840581
11.900001 11.913807
11.8 11.909817
11.3 11.345104
10.4 10.533279
11.3 12.043642
11.2 11.338434
11.2 11.256714
11.2 11.75926
10.777781 10.23564
11.3 11.485451
11.7 11.273993
11.5 11.569876
12.799992 12.4151325
11.900001 12.017449
11.3 11.453012
11.155518 11.358624
11.7 11.794513
11.3 11.249132
11.400001 11.477983
11.7 11.773214
11.7 11.95645
11.2 11.268213
11.2 11.266661
11.1 11.218954
11.900001 11.681286
11.900001 12.349482
10.79897 10.858139
12.499997 12.374342
10.19691 10.222456
10.7 11.356656
11.7 11.748882
11.1 11.262058
11.400001 11.429718
11.2 11.267057
12.399998 12.373127
11.8 11.871195
12.1 11.812233
11.900001 11.645957
12.399998 11.307939
11.900001 11.986891
11.5 11.639732
11.1 11.192862
11.900001 11.934568
11.3 11.570927
11.2 11.281109
10.7 10.906412
13.600039 14.177924
11.543697 11.636596
11.900001 11.2843
11.30135 11.071721
11.2 11.313217
11.020819 10.894765
11.5 11.294757
11.2 11.284197
10.1 10.384846
13.8447275 13.0004835
11.5 11.597622
11.2 11.339949
11.207893 11.270634
13.520216 13.513163
11.3 11.377402
10.3 10.240543
11.1 11.171871
11.7 12.010787
12.299998 11.875666
11.400001 11.461913
11.1 12.780641
12.1 12.857645
10.1 11.229502
11.2 11.281668
12.899998 13.03531
12.399998 11.428057
11.8 11.929406
11.3 11.452177
10.49794 10.3787365
11.2 11.19895
11.2 11.597538
11.599999 12.080821
11.2 11.254984
11.5 11.818306
12.299998 11.482261
11.1 11.251894
11.194204 11.09343
12.199999 12.003349
12.199999 11.821555
11.599999 11.59778
11.7 11.705702
11.254902 11.04878
11.400001 11.485933
11.7 11.855669
11.1 11.299747
13.608639 13.258143
10.3 10.403151
11.900001 11.462761
11.2 11.236021
12.699998 12.619742
11.2 11.226814
12.299998 11.832184
11.400001 11.565291
11.7 11.762663
11.3 11.366903
11.599999 11.526697
13.800057 13.185832
11.8 11.786688
11.8 12.251369
10.8447275 10.537232
11.3 11.387027
11.2 11.221063
11.5 11.506172
11.5 11.5275755
11.5 11.550219
10.622879 10.913902
12.299998 12.284434
11.999998 12.007572
11.900001 11.960283
11.999998 12.042168
12.499997 12.64958
14.600313 13.025978
12.299998 11.847261
11.999998 12.046852
11.599999 11.590748
11.999998 12.040703
11.599999 11.692362
11.1 11.318608
11.1 11.146887
11.2 11.302827
11.7 12.319026
11.900001 11.94167
10.70206 10.693008
11.3 11.518604
12.79897 13.5088625
13.600039 13.477059
11.8 11.534982
11.999998 11.281772
12.199999 11.893206
11.599999 11.69494
10.1 10.147511
11.2 11.376024
11.900001 12.034976
11.599999 11.64081
11.2 11.830267
11.2 11.271992
12.699998 12.468479
12.299998 12.881222
11.2 11.305937
11.1 11.454477
11.2 11.669114
11.7 11.571276
12.29382 12.490419
12.1 12.268005
11.400001 11.371865
11.599999 11.397974
11.2 11.259197
11.2 11.385954
13.1 13.215973
11.7 13.143298
10.4 10.605725
11.900001 11.9352
11.5 11.692788
11.3 11.280975
12.799992 13.277053
11.8 11.909252
11.3 11.47197
11.3 11.276861
11.999998 12.180993
11.999998 11.976042
11.999998 12.115315
11.3 11.314631
11.3 11.287516
14.200179 14.142389
11.3 11.492996
10.70206 10.707673
11.599999 11.601814
13.200015 12.472465
11.5 11.5925
11.2 11.477287
11.2 11.272264
11.8 12.099127
11.5 11.541439
12.60724 12.057694
11.2 11.256066
12.699998 12.180412
11.8 11.663826
12.499997 11.56835
11.599999 11.862565
11.999998 11.691964
13.049981 12.597076
13.399989 12.958589
10.622879 11.25484
10.1 10.328975
11.400001 11.3881645
11.3 11.505168
12.299998 11.831463
11.2 11.294025
11.8 11.95126
11.242667 11.980307
11.400001 11.452596
11.2 11.21482
11.3 12.088337
11.2 11.282482
11.2 11.211658
11.999998 12.017042
11.2 11.234845
11.599999 11.739143
11.599999 11.566965
11.599999 11.917725
11.7 11.936717
12.199999 11.658692
11.2 11.287209
11.2 11.541081
11.1 11.578455
11.1 11.180167
11.2 11.250151
11.2 11.399983
11.2 11.171289
11.900001 11.92019
11.3 11.309841
11.8 11.898069
11.400001 11.781401
11.3 11.32094
11.8 11.905656
11.999998 12.007419
10.8 11.038193
14.79897 13.918496
11.1 11.276605
12.078811 13.025689
11.2 11.275319
11.900001 12.88696
12.199999 12.102949
11.1 11.196136
11.2 11.803299
13.600039 11.817127
12.5111685 10.8046875
10.70206 10.502911
11.1 11.168374
13.200015 14.084289
13.600039 14.1670065
11.8 11.896864
11.599999 11.402779
11.2 11.185439
16.518217 14.291265
11.1 11.262583
13.200015 12.714485
11.1 11.2728195
12.1 12.307947
9.49794 9.469049
11.999998 12.190296
11.7 11.781982
12.1 12.297487
11.2 11.2789955
11.999998 12.305167
11.5 11.670073
12.829721 12.034801
12.399998 11.70197
11.400001 11.71272
12.1 11.349258
11.0 10.39835
11.8 11.924225
12.399998 11.737953
11.5 11.562767
12.699998 12.876829
9.49794 10.593329
11.400001 11.530005
11.668636 11.983511
11.2 11.247231
11.1 11.116051
11.999998 12.025899
11.900001 11.956325
11.3 11.357744
11.8 11.826273
12.799992 12.57153
11.2 11.392035
11.2 11.304541
11.7 11.817655
11.599999 11.645172
11.8 11.842029
11.5 11.596641
11.5 11.540268
11.1 10.40863
11.5 11.525118
12.399998 12.387927
10.2 10.359673
10.79897 10.9145975
14.400163 14.112672
11.1 11.230664
11.7 11.81786
11.986056 12.406458
11.3 11.269152
11.5 11.516369
11.900001 11.936442
11.2 11.298622
11.8 11.888351
14.70206 14.718343
12.699998 12.545514
11.599999 11.339538
11.2 11.313434
11.900001 12.277025
10.70206 10.733686
11.599999 11.675525
11.8 11.865331
11.1 11.289153
12.680044 12.8037405
13.899971 14.21487
12.299998 11.76183
11.1 11.223795
11.637602 11.783711
12.299998 12.265579
11.1 11.1931505
11.900001 11.986235
11.8 11.889385
11.900001 11.973862
11.599999 11.902556
11.400001 11.432514
11.1 11.206237
11.400001 11.475153
14.1 13.660629
11.2 11.252731
11.1 11.271932
11.2 11.487797
11.1 11.242956
10.1 10.370893
11.3 11.360751
10.5 10.504854
11.89588 11.983764
11.999998 12.342678
11.5 11.766666
11.7 11.623375
15.600313 15.002034
11.1 11.268198
11.3 11.322014
10.5 10.29604
11.900001 11.928885
11.400001 11.4334135
11.5 11.440754
11.118106 11.260226
11.999998 12.129375
11.3 11.315048
11.5 11.5999
11.3 11.241556
11.5 11.585203
11.599999 11.6774645
11.5 11.665762
12.399998 12.573858
11.2 11.2847595
11.599999 11.649764
12.877283 12.211008
11.400001 11.444245
11.5 11.741367
14.500117 14.299522
11.3 11.363097
11.3 11.328471
11.2 11.252551
11.1 11.215957
11.900001 12.191552
11.8 11.942282
13.155518 13.750627
11.400001 11.44952
11.2 11.259695
11.3 11.31546
11.1 11.30649
12.1 11.866446
11.2 11.308988
11.900001 12.124285
11.400001 11.44477
12.599997 12.909057
11.8 11.878798
11.400001 11.280457
10.1 10.176841
10.622879 11.093373
11.599999 11.775581
12.599997 13.288369
11.8 11.919729
11.900001 12.026178
11.5 11.4805355
11.2 11.261733
11.2 11.325342
11.400001 11.292116
11.2 11.27545
11.8 11.826719
10.8 10.763427
11.900001 11.95795
11.900001 11.95853
11.5 11.595072
14.175721 13.225173
11.900001 11.7584095
13.1 13.137906
11.2 11.264501
12.499997 12.005539
12.899998 12.27132
11.599999 11.809413
11.7 11.375449
12.199999 12.518836
11.2 11.640941
11.5 11.593515
11.7 11.740417
11.599999 11.397789
11.900001 11.938584
14.400163 14.013181
10.622879 10.7394085
11.900001 11.943134
14.1 14.279311
11.8 11.359455
11.900001 11.989132
11.7 11.549214
12.9041 12.590116
11.999998 12.149909
12.599997 13.7256
13.000009 12.587773
11.7 11.7813835
13.1 13.141152
11.1 11.07423
11.599999 11.572119
11.1 11.276313
15.108774 14.022714
11.400001 11.4063425
11.5 11.919847
11.3 12.016077
12.299998 12.626086
11.3 11.368132
14.200179 13.891921
11.3 11.245462
11.2 11.212432
11.3 11.393171
11.2 11.310988
13.399989 13.007744
11.1 11.233065
11.2 11.162922
11.400001 11.4669075
11.7 11.746773
12.699998 13.642242
11.2 11.267006
11.900001 11.956713
13.200015 13.149138
11.5 11.4205265
12.899998 12.001774
12.299998 11.92963
11.2 11.232391
11.599999 11.879358
11.599999 11.40392
12.1 11.990451
11.3 11.391516
10.3 10.347451
11.400001 11.409419
11.8 12.392893
12.199999 12.347487
11.999998 12.39149
11.8 11.990265
11.3 11.483536
13.299971 13.248283
11.3 11.296338
11.400001 11.701466
13.543697 13.284574
13.500008 13.453912
11.3 11.588293
11.5 11.699184
11.8 11.871891
11.900001 11.942834
11.400001 11.413494
11.2 11.314961
12.058607 10.6168
10.2 10.335838
11.1 11.150433
11.7 11.932956
11.1 11.239737
11.1 11.693312
11.8 11.880941
11.2 11.249876
12.27437 12.284333
11.3 11.375575
11.1 11.314354
11.599999 11.732025
11.599999 11.856827
11.1 11.211839
15.192754 12.759599
11.2 11.375557
11.1 11.2400675
11.2 11.290136
11.2 11.334581
11.8 11.928512
11.400001 11.394434
11.900001 11.9337435
11.900001 11.964858
11.2 11.277659
9.79897 10.2893715
11.5 11.562195
12.299998 12.096327
11.7 11.801933
11.2 11.264797
11.3 11.311169
11.900001 12.072803
11.7 11.766089
11.2 11.216192
11.7 11.425869
11.2 11.343424
11.7 12.3007
11.3 11.339784
11.900001 11.9853525
11.900001 11.98373
11.400001 11.292301
11.45 11.873143
11.3 11.531091
10.79897 10.74103
11.2 13.670789
11.8 11.963948
11.7 12.304267
11.5 11.084743
11.2 11.229057
11.999998 12.066181
10.40103 10.477269
11.5 12.0978
12.399998 11.872824
11.1 11.205608
11.2 11.2485
11.2 11.2832775
11.2 11.258198
11.8 11.87762
13.4372425 13.594134
11.999998 11.977577
11.2 11.299722
11.2 11.29442
11.5 11.717468
13.020819 12.138892
11.5 11.5549345
10.70206 10.550629
11.3 11.4213
11.8 11.947551
12.199999 11.540026
10.1 10.385245
11.1 11.249117
11.7 11.898543
14.500117 14.671973
12.599997 13.360124
11.599999 11.667739
13.200015 13.550223
11.2 11.277866
11.400001 11.407031
11.3 11.371379
11.1 11.173073
12.399998 12.850232
12.399998 12.380889
11.599999 12.022459
11.2 11.265722
12.399998 12.247177
11.8 12.06588
11.400001 11.259499
11.999998 11.992992
11.5 11.536829
11.2 11.262669
11.900001 11.958012
11.5 11.517327
11.2 11.304728
11.599999 11.709616
12.399998 12.298803
11.2 11.277702
12.058607 11.136835
13.000009 13.797042
11.3 11.520229
11.999998 11.969753
15.058607 12.730317
13.699981 12.727679
11.599999 11.984259
11.900001 12.859451
11.5 11.163464
12.359637 12.485682
11.2 11.245291
14.29897 14.459701
11.3 11.753699
11.5 11.613117
12.399998 12.728517
11.3 11.645753
11.2 11.303116
11.1 11.271826
12.399998 11.857338
11.5 11.377123
12.299998 11.919263
12.1 12.129376
11.1 11.3834505
13.899971 14.035425
11.2 11.2790575
11.2 11.472445
11.900001 11.932346
11.2 11.291844
11.599999 11.539152
11.3 11.356606
11.8 11.751881
11.2 11.2881975
11.1 11.199398
10.2 10.405298
11.599999 11.660812
12.399998 12.049361
11.2 11.280722
11.2 11.245083
11.5 11.571577
11.7 11.920754
10.3 10.409507
11.8 12.066296
12.449998 12.439073
11.1 11.249704
11.2 11.255152
11.599999 11.7737875
10.8447275 10.358126
11.599999 11.664766
11.1 11.195108
11.413951 11.430618
11.999998 12.000223
11.1 11.269129
11.400001 11.452715
11.5 11.752501
11.2 11.263245
11.599999 12.778288
11.7 11.595371
10.40103 10.56151
11.1 11.283867
12.599997 12.0486965
11.5 11.32036
11.5 11.450201
11.5 11.571964
11.2 11.245686
11.1 11.270933
11.5 11.955412
12.29074 12.144544
11.2 11.330668
12.599997 12.560433
11.900001 11.978987
11.2 11.287554
11.2 11.286594
11.3 11.259528
11.8 12.362159
11.999998 12.603867
11.1 11.294605
11.7 11.564936
11.999998 11.989761
11.8 11.931271
11.1 11.262955
11.999998 11.879824
11.3 11.903759
11.1 11.249164
11.3 11.394611
11.7 11.8349905
12.399998 12.608121
9.79897 10.243845
12.399998 12.543754
11.2 11.232868
11.8 11.889426
11.900001 11.918721
12.344125 12.556901
11.2 11.314344
11.1 11.258392
11.2 11.232006
12.699998 12.508943
11.3 11.394318
11.8 11.930265
11.2 11.2577
11.400001 11.424291
13.699981 14.133502
10.40103 10.372499
11.8 13.368402
11.900001 11.9560375
12.499997 12.610906
11.8 11.890012
11.3 11.493288
12.799992 13.264783
11.900001 11.955387
11.599999 11.795236
11.2 11.256945
11.2 11.278189
12.1 12.079209
11.1 11.265132
12.622879 12.856004
10.224938 10.184494
11.1 11.255558
11.2 11.400346
11.5 11.615812
11.900001 11.853855
11.8 11.900847
11.2 11.229643
10.70206 10.693275
11.900001 11.963873
11.8 11.917957
11.2 11.251499
11.8 12.411438
11.2 11.278017
11.5 11.526587
12.622879 12.48593
13.500008 12.451024
11.1 11.209
11.2 11.302538
11.2 11.261426
11.2 11.479486
13.999974 13.211069
11.900001 11.962742
11.1 11.168205
11.3 11.30931
11.7 11.771858
11.8 11.91568
11.900001 11.999405
11.180922 10.742574
10.622879 10.648367
11.599999 11.817835
11.599999 11.682228
11.900001 11.961373
10.1 10.164214
11.8 11.662106
11.3 11.522491
15.299971 15.018682
12.899998 12.629575
11.5 11.534334
11.3 11.315388
11.3 11.413785
11.5 12.420962
12.799992 11.862147
11.7 11.771839
11.400001 11.2282715
12.299998 13.348695
11.7 11.913099
11.900001 12.000212
11.7 11.844243
11.599999 11.642236
11.8 11.765202
11.900001 12.004044
11.1 11.25163
11.8 11.861816
11.3 11.234748
11.999998 12.344504
11.999998 11.960681
11.3 11.46474
11.900001 11.938284
10.307609 10.324656
11.599999 11.745449
11.1 11.170005
11.1 11.232632
11.2 11.226604
11.3 11.448026
11.1 11.238038
14.1 13.426563
11.2 11.237347
11.2 11.246541
11.2 11.255112
12.1 11.889842
11.2 11.269968
14.400163 14.197852
11.1 11.14187
11.8 11.859201
12.399998 12.195536
14.79897 12.27856
11.2 11.190186
12.499997 13.086048
11.5 11.200588
11.900001 11.976674
11.999998 12.191578
12.986056 13.937324
11.8 11.855251
11.3 11.699833
11.900001 11.947399
11.5 11.418415
11.2139435 11.543394
11.2 11.314429
11.1 11.704506
10.40103 12.105152
11.79897 12.171256
11.900001 11.938866
11.1 10.98741
11.5 11.428784
11.3 11.322622
12.399998 12.369088
11.15 11.558903
11.7 11.50429
14.1 14.087209
10.70206 10.716527
11.400001 11.5027485
12.499997 12.297605
11.1 11.234112
11.1 12.048709
11.8 13.289612
11.1 11.268433
11.1 11.224945
11.1 11.250348
11.999998 14.693132
11.5 12.133425
11.1 11.431803
11.1 11.165388
11.2 11.340702
12.399998 12.142906
11.1 10.43523
11.900001 11.971519
11.2 11.265361
11.599999 11.66243
10.40103 10.387246
12.499997 11.4861145
11.49794 11.789533
11.1 11.254239
13.59485 13.633868
12.392429 12.533043
11.8 11.88614
11.2 11.261578
11.2 11.238031
13.122276 13.188585
11.7 11.96313
11.400001 11.392569
10.224938 10.252197
11.7 12.385955
11.999998 13.626842
11.8 12.155044
11.8 11.888155
11.1 11.229137
10.1 10.633937
11.1 12.070066
12.399998 12.712853
11.2 11.20467
11.8 11.876335
11.2 12.0265045
11.5 11.420223
11.8 11.306553
14.1 13.886737
11.3 11.946911
11.3 11.278062
11.900001 11.968998
11.900001 11.949177
11.3 11.6152725
10.8 10.806063
11.5 11.583282
10.224938 10.294073
12.799992 13.244184
11.5 11.571061
12.299998 12.038626
11.5 11.646537
11.8 11.902061
11.5 11.706484
11.1 11.209583
13.500008 12.004758
12.899998 11.645552
12.1 12.195439
11.2 11.818168
11.1 11.101651
11.7 11.291005
10.40103 10.315582
11.7 11.988588
11.2 11.316231
12.1 11.316124
11.2 11.248859
11.900001 11.952923
11.900001 11.91329
12.199999 11.955385
11.3 11.3890915
11.2 11.255938
12.199999 12.043852
10.224938 10.279326
11.7 11.82213
11.8 11.912447
11.031815 11.800714
10.923909 10.927467
11.5 11.541681
11.3 11.285896
11.2 11.252571
11.599999 11.672343
11.7 11.694444
11.900001 11.910152
12.399998 11.99541
11.2 11.302973
11.2 11.254995
11.2 11.227458
11.2 11.245886
11.7 11.8026495
11.400001 11.589653
11.999998 12.000764
11.1 11.234159
13.191515 13.147214
10.3 10.285186
13.1 12.071639
13.200015 13.355615
11.999998 11.982697
11.1 11.206069
9.70206 9.579573
11.2 11.216006
9.40103 9.586702
11.5 11.728851
11.900001 11.998343
12.499997 12.498731
11.900001 11.938278
11.900001 11.9578
11.900001 11.913277
10.4 10.652382
11.2 11.301366
11.7 11.784327
11.1 11.220587
11.1 11.15387
11.3 11.330618
11.599999 11.809245
11.40103 11.417683
11.2 11.300855
11.5 11.36087
11.900001 12.008872
11.8 11.920416
12.1 12.366297
11.2 11.259346
12.1 12.229013
10.79897 11.058107
11.999998 12.1378
10.581486 10.720047
11.5 11.638748
11.3 11.31225
11.3 11.318632
12.599997 12.6969
13.1 12.513232
12.93459 12.05039
11.599999 12.252735
11.8 12.161441
13.000009 12.773374
11.5 11.600576
13.191515 13.088503
11.1 11.15711
12.599997 11.821163
11.2 11.377124
11.2 11.287519
12.122276 11.855473
11.900001 12.421046
11.3 11.561544
11.1 11.208269
11.900001 12.001648
11.3 11.368653
11.3 11.328825
12.399998 12.02775
11.8 11.921888
11.3 11.365746
11.2 11.226164
11.2 11.260149
12.299998 13.483903
11.7 11.537418
14.1 13.425306
11.3 11.334328
11.7 11.952511
11.1 11.295428
11.976935 12.022205
11.3 11.4868555
11.400001 11.402181
12.499997 11.452013
11.900001 11.914632
11.3 11.3652
11.5 11.525503
11.418758 11.828661
11.599999 11.864119
12.199999 12.041161
11.599999 11.38501
11.999998 11.7190895
11.435792 11.345049
11.3 11.3557625
11.900001 11.355309
13.1 11.93355
11.2 11.217162
11.400001 11.507328
12.899998 13.726915
12.499997 11.515114
11.5 11.481782
11.3 11.402628
11.1 11.249332
11.254902 11.158878
11.900001 12.034594
11.599999 11.547923
11.900001 11.959513
11.900001 12.386097
11.400001 11.69873
11.3 11.362908
9.79897 9.865968
12.299998 12.122623
10.70206 10.619247
11.8 11.944437
12.299998 12.253263
11.1 11.494014
11.79897 11.323629
14.999629 14.56371
11.2870865 11.221984
11.7 11.866458
11.8 13.068567
11.400001 11.461526
11.2 11.356574
15.600313 14.462556
11.3 11.334816
11.900001 11.938696
11.900001 11.890644
11.1 11.1900425
11.8 12.507899
11.400001 11.917671
12.599997 11.924063
11.999998 12.242218
11.599999 11.721779
11.7 11.541529
11.2 11.615357
12.699998 11.584385
11.2 11.245035
11.108774 11.21896
11.1 11.240378
12.399998 11.87544
11.599999 11.825815
11.3 11.301355
11.8 11.891241
11.400001 11.438992
11.2 11.366662
11.599999 11.512036
14.79897 14.198156
11.2 11.249119
12.599997 12.976915
11.7 12.055699
11.2 11.646062
11.900001 12.120401
10.020819 10.243819
14.700326 13.697556
12.199999 11.664894
11.8 11.924181
10.79897 10.867728
10.622879 10.738272
11.2 11.280573
11.618557 12.77854
10.1 10.53466
11.1 11.282532
11.8 11.875073
11.456548 11.397931
13.600039 13.45833
10.40103 10.766963
11.5 11.541634
11.3 11.371836
11.2 11.279169
12.399998 12.1791525
11.3 11.516073
11.1 11.164824
11.900001 12.081284
12.618579 12.358229
11.78403 11.723656
11.599999 11.54347
11.2 11.387037
12.1 11.967445
11.900001 11.939301
11.1 11.174977
10.224938 10.389049
12.020819 11.45564
11.900001 12.072964
11.2 11.241373
11.900001 11.948014
11.400001 11.47344
11.5 11.723468
14.1 14.528245
12.499997 12.965004
10.1 10.29618
11.2 11.253969
11.757577 11.965756
11.2 11.399048
11.7 11.784202
13.200015 12.179373
11.5 11.561205
14.1 13.629217
11.400001 11.427635
11.8 11.965082
11.1 11.21369
11.2 11.271794
11.8 11.904793
11.2 11.885072
11.5 11.606904
11.8 12.073894
11.2 11.728323
11.999998 12.017927
12.199999 12.850193
11.400001 11.382755
12.1 12.96024
10.581486 10.321064
11.5 11.529806
11.999998 12.021505
11.400001 11.584091
11.8 11.888635
11.8 11.985791
11.999998 12.282059
11.7 11.767551
12.199999 11.67252
11.3 10.407232
11.599999 11.23609
11.8 11.919573
13.800057 13.091602
11.3 11.47393
12.899998 11.30801
10.1 10.872194
10.788375 10.647838
11.2 11.317535
11.1 11.257593
13.899971 13.676484
11.7 12.017107
12.058607 12.307571
11.400001 11.555424
11.5 11.690525
11.2 11.271165
11.1 11.27336
11.2 11.287474
11.2 11.252722
11.2 11.277029
14.1 12.398693
12.499997 12.7438965
12.399998 12.100151
11.900001 11.992679
14.200179 13.661676
11.7 11.744989
11.8 11.965844
11.7 11.784137
11.1 11.207371
10.6 10.832151
10.9 11.396366
11.1 11.236212
11.2 11.339563
13.800057 13.709212
11.400001 11.446973
11.900001 11.946819
11.400001 11.473532
11.999998 11.2728
11.7 11.878266
11.1 11.24027
11.8 11.896445
12.599997 12.325139
11.599999 11.745807
12.1 12.15952
11.3 11.731281
11.900001 11.921775
10.622879 10.661118
11.297911 11.621286
11.3 11.616953
12.599997 11.889727
11.3 11.35884
11.1 11.106367
11.2 11.287083
13.089405 12.20575
11.923909 11.825765
11.3 11.429828
11.999998 12.045792
11.2 11.25131
10.9 10.4801445
12.1 11.4009075
11.126872 11.252321
14.700326 12.799122
10.861686 11.247528
11.5 11.780464
13.299971 12.60694
11.2 11.242479
11.7 11.8566
11.1 11.158625
13.399989 13.058289
11.2 11.320255
11.5 11.683869
11.1 11.374296
11.599999 11.688779
11.2 11.28553
11.400001 11.487287
11.7 11.788616
12.799992 11.9867325
11.5 11.6015005
10.70206 10.68376
11.400001 11.781084
11.2139435 11.56718
11.7 11.882005
10.40103 10.344613
12.40103 12.46304
11.8 12.26314
11.7 11.330124
11.999998 12.186399
12.1 12.08124
12.877283 12.068643
12.299998 12.30139
11.8 11.900826
10.1 10.29677
11.5 11.943403
11.3 11.745642
11.3 11.469946
11.999998 12.0473175
10.351812 10.270471
11.3 11.330917
13.699981 12.801897
10.59485 10.327772
11.1 11.215572
14.1 13.900561
11.7 11.719034
10.1 10.132395
11.1 11.339264
11.999998 12.0167885
11.2 11.297489
13.79897 13.739633
10.2 10.313465
11.8 11.866183
11.622879 11.365065
10.3 10.451521
11.2 11.38192
11.2 12.533454
11.2 11.295521
11.900001 11.967382
14.200179 13.75837
11.400001 11.535197
11.599999 11.593379
11.2 11.467972
11.2 11.258005
11.3 11.376064
11.2 12.218772
11.3 11.263516
11.3 11.38229
11.400001 11.407745
11.900001 11.954985
11.999998 12.068254
11.599999 11.608923
11.900001 11.430527
11.1 11.2121315
11.2 11.223914
13.1 13.325873
10.8 10.343454
11.400001 11.52085
11.2 11.250666
11.1 11.3670635
11.3 11.292829
11.8 11.835857
11.2 11.28782
11.3 11.428322
11.2 11.294263
11.2 11.28266
11.8 11.891547
11.2 11.263412
11.599999 11.934376
12.665546 12.80709
14.299971 14.004302
11.900001 11.957043
11.400001 11.541798
11.2 11.240002
11.599999 11.380621
11.807744 12.1827135
11.2 11.254366
10.4 10.232721
11.599999 12.194177
11.599999 11.9518175
11.900001 11.952188
11.999998 12.042077
11.900001 11.948645
11.8 11.8823
11.1 11.151519
11.599999 11.681509
11.1 11.118643
11.900001 11.930288
11.5 11.274233
12.899998 12.412711
11.1 11.310595
11.1 12.193809
11.1 10.974352
10.2 10.366204
11.599999 11.945673
11.5 11.522759
11.8 11.965445
11.5 11.946777
11.999998 12.001572
11.5 11.762239
12.899998 13.945886
11.1 11.207006
14.200179 13.748029
10.4 10.359505
11.5 11.541174
12.1 12.161823
11.2 11.323301
12.299998 11.737668
11.1 11.137287
11.2 11.989655
11.3 11.297935
11.1 11.304057
11.900001 11.943713
11.1 12.17574
11.7 11.731733
11.999998 12.12737
11.999998 11.692998
10.738272 10.653107
11.2 11.2965145
11.400001 11.4204445
13.999974 12.341051
11.5 11.509403
12.299998 11.90958
11.5 11.414897
11.2 11.340653
11.599999 11.399007
11.1 11.136189
11.5 11.607678
11.2 11.272542
11.897941 11.901504
11.400001 11.4520855
14.999629 14.3913965
12.499997 12.867581
11.1 11.279121
11.2 11.285348
11.999998 12.393938
11.7 11.948556
10.89724 10.779654
11.599999 12.154852
12.821246 11.744814
10.9 10.853742
12.847147 12.736119
11.3 11.315258
10.622879 10.688407
11.1 11.19091
11.5 11.386526
10.622879 10.64889
11.8 11.868694
11.900001 11.95002
11.1 11.245115
13.899971 13.568376
11.599999 11.48656
11.5 11.475319
11.7 11.700917
9.79897 9.944505
11.3 11.363583
11.900001 11.922564
11.7 11.797645
11.2 11.264926
11.2 11.27034
13.078811 13.584445
10.79897 11.209652
11.1 11.23237
10.8 11.16773
11.400001 11.387064
14.79897 13.865481
10.1 10.09392
11.2 11.260266
12.1 11.987638
11.3 11.355518
12.799992 12.460185
11.3 11.699569
11.999998 12.046285
11.1 11.235724
11.400001 11.6942
11.1 11.163525
11.599999 11.733463
11.1 11.235936
11.5 12.123122
11.1 11.183376
10.5 11.11351
11.5 11.774871
12.1 11.705109
11.2869625 11.355547
11.999998 12.266166
11.2 11.351089
12.730784 13.105247
12.199999 12.103399
12.299998 12.138035
11.1 11.156437
11.1 11.294057
12.1 11.7743
11.2 11.467117
11.900001 11.964634
11.3 11.67361
11.599999 11.515988
15.280456 15.074413
10.637602 10.684343
13.399989 11.978655
11.2 11.374241
11.5 11.954192
12.199999 12.122028
11.400001 11.418589
11.1 11.185932
11.999998 12.780861
11.3 11.325531
11.8 11.417489
11.2 11.332301
11.599999 11.664518
11.3 11.341305
11.108774 11.274389
11.599999 11.567374
11.400001 11.587154
11.900001 11.870869
11.2 11.248439
11.900001 11.954341
11.5 11.5238085
11.7 11.760249
11.2 11.262281
11.2 11.242641
11.2 11.2843075
11.400001 11.422086
11.900001 11.9427185
11.2 11.336699
11.3 11.41231
11.900001 11.967266
11.3 11.9325285
11.2 11.284578
13.280456 13.9458275
11.8 11.879954
11.5 11.127568
11.8 11.816616
11.5 11.53455
12.199999 11.987485
11.1 11.29374
11.5 11.669259
11.1 11.890422
11.400001 11.386043
11.2 11.267807
12.254902 12.151775
11.900001 11.986263
10.8 10.96734
11.2 11.771248
12.599997 12.167612
11.900001 11.918083
11.599999 11.623909
11.999998 12.638196
11.2 11.242215
11.999998 12.003641
11.1 11.189293
11.8 11.772573
11.2 11.459984
11.1 11.320684
11.2 11.254747
12.399998 12.089725
11.7 11.736246
11.900001 11.953942
11.2139435 11.35063
11.0 10.825954
11.7 11.794341
11.622879 11.605234
11.2 11.2523775
11.8 11.920408
11.999998 12.080138
12.599997 12.527106
11.2 11.311104
10.8 10.620881
11.3 11.312986
11.2 11.2891655
11.5 11.492263
11.1 11.245518
12.599997 12.018183
11.641513 11.827753
11.599999 11.661758
12.699998 12.296122
11.3 11.339348
11.2 11.241321
11.1 11.20294
12.1 12.2230015
10.9 10.971453
11.999998 11.946907
10.336572 10.336895
11.5 11.37521
11.2 11.288883
11.900001 12.190181
11.1 11.263092
11.79897 11.769382
12.879892 13.106633
12.199999 11.91127
11.900001 12.315292
13.299971 11.815253
13.543697 13.544108
11.911955 11.982269
12.199999 12.573758
11.2 11.270673
11.3 11.428825
11.2 11.52807
13.1 12.103764
12.504504 12.480826
11.2 11.174633
11.2 11.279486
11.1 11.197642
11.1 11.245796
11.3 11.565592
11.2 11.22684
11.3 11.666233
11.3 11.321277
11.7 11.762313
12.1 12.511433
11.1 11.232419
11.400001 11.44111
10.70206 11.072587
10.738272 10.871739
11.2 11.286391
11.900001 12.0139065
11.900001 11.9812
11.7 11.78372
11.400001 11.765832
11.900001 11.845158
11.400001 11.442598
13.600039 13.294244
13.439989 13.565801
12.199999 12.20474
11.1 11.185205
10.40103 10.673905
11.2 11.217322
11.8 11.874584
13.200015 13.72776
15.175721 14.770463
11.999998 12.810832
11.1 11.334398
11.8 11.823107
11.8 11.900049
11.3 11.434085
11.7 11.771053
10.49794 10.468873
10.627244 10.211169
11.1 11.213243
10.6 10.680424
11.400001 11.533037
12.199999 12.057169
11.3 11.377872
11.8 11.870727
12.299998 12.212773
13.1 13.445692
11.5 11.591084
11.1 11.45056
11.999998 12.00349
11.1 11.235643
11.599999 11.512469
11.2 11.235756
11.5 11.639399
11.7 11.783245
11.1 11.203699
10.3 10.664287
11.5 11.510887
10.3 10.37512
11.2 10.870266
11.400001 11.755212
11.7 11.722971
11.5 11.732244
11.5 11.534805
11.900001 11.96947
11.2 11.474041
11.1 11.230784
12.499997 12.269328
11.599999 11.680165
11.8 11.809001
11.1 11.133793
12.399998 12.538122
11.7 11.809059
11.8 11.870738
11.900001 11.630992
11.900001 11.960324
11.1 11.245352
11.8 11.935656
15.684434 13.423319
11.5 11.610866
11.2 11.268219
11.3 11.288982
11.1 11.168846
11.3 11.389072
12.199999 11.95653
12.599997 13.192956
11.2 11.297044
11.400001 11.691648
11.599999 11.713063
11.1 11.281813
11.599999 12.131908
11.3 11.283365
11.2 11.232882
12.499997 12.036195
11.7 11.809378
11.3 11.922405
11.900001 11.939232
12.599997 12.22137
11.3 11.996439
11.7 11.710157
11.900001 11.959498
11.1 11.192769
11.8 12.278955
12.899998 12.553795
11.2 11.273935
11.2 11.24283
12.499997 11.592068
11.2 11.270503
11.900001 11.8433695
11.5 11.367164
11.7 11.730429
11.2 11.271165
11.2 11.254588
11.1 11.1961
11.7 11.526922
11.599999 11.666552
11.3 11.342613
11.5 11.570245
11.5 11.693781
11.2 11.495945
11.3 11.960469
11.1 11.170498
11.1 11.21713
11.900001 11.94537
11.999998 11.981476
11.900001 11.959678
12.599997 12.455607
13.399989 13.320903
11.900001 11.802231
12.199999 12.230076
11.5 11.551332
13.800057 13.415988
12.199999 12.532328
11.599999 11.928118
12.299998 11.618892
13.800057 13.887087
12.499997 12.183945
13.699981 13.257574
11.900001 11.962672
11.5 11.621402
11.8 11.838963
11.684318 11.754526
11.900001 12.143512
10.40103 10.282661
12.399998 12.031553
11.7 12.001067
11.5 11.57123
11.2 11.287306
12.299998 12.16934
11.2 11.271581
11.3 11.377375
13.000009 13.147773
12.299998 12.158913
11.2 11.237455
12.699998 13.080289
11.7 11.723627
13.299971 13.190608
14.160929 13.640508
12.122276 12.536537
11.7 12.2736635
12.794648 12.235619
11.900001 11.882837
11.5 11.57033
11.900001 12.4539385
13.500008 11.813587
11.900001 11.937454
11.5 11.367083
11.400001 11.43837
12.499997 12.386709
11.1 11.723132
11.8 11.877391
11.944664 12.541317
12.899998 12.340351
11.999998 11.9310055
14.254902 14.692719
11.7 11.809806
11.8 11.856996
11.2689295 11.3911
11.2 11.234087
13.261151 12.664466
11.599999 11.743776
11.3 11.3096895
10.622879 10.74639
11.1 11.25021
11.2 11.221454
11.900001 11.886852
11.2 11.313162
11.999998 11.930443
14.1 14.066105
10.5 10.472224
13.299971 12.992491
11.900001 11.468553
11.900001 11.986285
10.622879 10.5763445
11.2 11.280233
11.599999 11.5595455
11.2 11.309299
10.622879 10.689337
11.3 11.268015
11.5 12.052735
11.8 11.900697
11.7 11.692578
11.2 11.241219
12.799992 13.019995
10.336572 10.988429
11.8 11.546096
11.5 11.528939
12.5685215 13.096094
11.1 11.330844
12.520216 14.120861
12.399998 11.526474
11.900001 11.924843
11.400001 11.575824
11.400001 11.603989
13.600039 12.870263
12.59485 12.733879
11.1 11.970037
12.899998 12.476764
10.2 10.227137
10.131517 11.602996
12.799992 12.292166
11.7 11.777753
11.8 11.811126
13.299971 12.512177
11.2 11.265377
11.2 11.343702
11.3 11.411852
11.145758 10.4005165
11.7 11.898846
14.1 14.593791
11.3 11.309526
11.2 11.27879
10.89588 11.012372
12.1 11.664445
14.600313 14.38302
11.3 11.341888
10.1 10.449282
11.520216 11.436983
11.400001 11.439934
11.1 11.2920475
11.599999 11.283571
13.899971 12.8922205
11.900001 12.059841
12.299998 12.594924
12.249986 12.554565
11.900001 11.959308
13.600039 13.237944
11.900001 11.950401
11.599999 11.666896
11.1 11.237783
11.1 11.233457
11.900001 11.955526
11.900001 11.977131
12.199999 11.90184
11.5 11.541903
11.3 11.415762
11.900001 11.452443
11.1 11.205034
11.5 11.575865
11.3 11.883873
13.000009 12.494681
11.400001 11.281654
10.1 10.394167
11.400001 11.43354
11.7 11.852078
11.2 11.631193
11.7 11.973303
11.599999 11.356085
12.699998 12.202022
11.5 11.724648
11.999998 12.019664
11.2 11.290677
11.599999 11.572645
12.299998 11.548736
11.8 11.269043
11.1 11.204269
11.599999 11.70388
11.2 12.085996
11.900001 11.757109
12.199999 11.978678
11.7 11.748215
11.5 11.421599
11.999998 12.140165
10.2 11.112726
11.2 11.307055
12.699998 12.175966
11.599999 11.64853
12.1 11.551529
11.2 11.283686
13.800057 13.6135435
11.400001 11.441515
13.500008 12.472023
12.699998 12.679287
11.2 11.278833
11.1 11.1138
12.499997 12.011147
12.926814 12.77459
11.7 11.820289
10.40103 10.345656
11.1 11.280556
11.2 11.3039055
11.1 11.262086
11.1 11.271601
11.599999 11.595337
11.7 11.873783
11.900001 12.033781
11.2 11.288928
11.400001 11.371099
11.2 11.2176075
11.2 11.269346
11.8 11.870888
11.5 11.504044
11.5 11.570681
11.3 11.962624
11.7 11.792277
11.3 11.456778
11.8 11.907654
11.599999 11.761596
13.104364 12.865364
11.3 11.297384
11.900001 11.967434
11.1 12.0467615
11.2 11.425092
11.8 11.897091
11.400001 11.481835
11.900001 11.944969
12.299998 12.504045
11.999998 11.973168
11.7 11.789717
11.900001 11.935423
11.2 11.651344
12.1 12.041614
15.1 14.877713
9.49794 9.514828
12.199999 11.946557
11.622879 11.3723545
12.651294 12.852888
10.70206 10.704819
14.700326 14.845237
11.900001 11.915687
12.699998 12.709787
12.699998 12.78195
11.1 11.226189
11.5 11.6437435
11.5 11.498583
11.999998 11.922052
11.599999 11.561267
11.2 12.188863
11.2 11.312971
12.799992 12.008564
13.40103 13.419014
12.199999 12.272305
12.399998 13.2348585
13.000009 12.684539
11.1 11.308024
11.2 11.270611
11.5 12.444778
11.2 11.261519
12.299998 12.135202
11.2 11.269537
11.1 11.316233
11.3 11.368629
11.8 11.8427105
11.1 11.240331
11.400001 11.350287
12.379841 12.710194
13.399989 12.498431
11.2 11.286333
12.699998 13.075835
11.1 11.261327
14.299971 13.2557745
11.5 11.577621
11.7 11.681551
12.199999 11.656521
11.8 11.505706
11.400001 11.38835
10.4 11.240892
11.3 11.403742
11.900001 11.967899
11.2 11.257879
13.1 13.349986
11.900001 11.92777
12.145758 12.383123
11.8 11.877394
12.199999 12.2160015
12.699998 12.227366
11.2 11.255926
11.7 11.782091
11.1 11.571449
11.3 11.321212
11.40103 11.377611
11.1 11.326485
11.2 11.220264
11.5 11.563316
10.5 10.358918
11.7 11.651698
10.1 10.637093
11.2 11.305139
12.399998 12.260355
11.900001 11.960505
12.300659 12.333602
11.3 11.367631
11.1 11.219873
11.900001 12.05622
11.3 11.594247
13.600039 13.57714
12.599997 11.986376
11.599999 11.745005
12.499997 12.048504
11.2 11.236133
11.5 11.579196
11.2 11.430603
10.6 10.404182
10.3 10.316183
11.999998 11.967748
11.1 11.483717
11.8 11.923012
11.2 11.244015
12.799992 13.471974
11.0 10.811483
11.5 11.488154
12.199999 11.951817
11.7 11.791624
12.599997 12.610976
12.799992 12.740336
11.7 11.7750225
11.2 11.22933
11.599999 11.467567
11.5 11.601845
11.400001 11.453253
11.2 11.342237
11.599999 11.358375
11.3 11.329575
11.900001 11.932601
11.3 11.493578
11.2 11.247456
11.900001 12.011385
11.7 11.899429
11.2 12.563526
11.7 11.756597
11.1 11.218735
11.3 11.348507
11.900001 12.006845
10.2 10.309771
11.400001 12.037502
11.8 11.926995
12.299998 12.586389
11.900001 11.944611
13.446788 13.186906
11.1 11.204327
11.1 11.426596
11.7 11.709211
11.599999 11.313899
10.3 10.657334
11.2 11.396805
13.000009 11.678125
13.699981 13.620641
13.800057 12.895694
12.1 12.216185
11.2 11.285987
11.599999 11.591654
12.799992 11.909685
11.2 11.237606
11.5 11.766696
10.869551 11.600001
11.2 11.244329
10.49794 10.5606575
11.400001 11.462002
13.1 13.596899
11.900001 11.965421
11.1 11.228577
11.3 11.28483
11.727339 11.339434
11.1 11.270912
11.5 11.792589
11.900001 11.952063
11.8 11.972532
11.7 11.862181
11.2 11.269787
11.8 11.558798
10.622879 10.705265
11.1 11.217858
11.7 11.651476
11.5 11.573495
11.2 11.305068
11.900001 11.951336
12.199999 13.208419
11.7 11.843856
13.923909 13.946359
11.999998 12.621702
11.8 11.926063
11.8 11.869196
11.900001 11.984503
12.599997 12.442124
12.399998 11.787575
10.70206 10.705132
13.79897 14.108092
11.1 11.320793
11.3 11.410883
11.900001 11.950903
11.400001 11.419413
11.3 11.403524
11.599999 11.8920765
11.900001 11.967966
11.1 12.229701
11.8 11.911102
9.986056 10.046438
12.799992 12.32791
11.2 11.318586
9.79897 9.896456
12.699998 13.047213
10.70206 14.308388
12.1 11.902531
12.299998 11.718798
11.3 11.411488
14.700326 14.04699
11.122276 11.456228
13.1604805 12.6071825
11.999998 12.193472
11.1 11.291571
11.5 11.489105
11.2 11.249603
11.900001 11.831851
11.1 11.180437
11.400001 11.474895
11.400001 11.465038
15.200179 13.686253
11.5 11.725774
11.3 11.872315
11.3 12.009609
11.254902 11.286913
11.400001 11.438358
11.599999 11.600175
11.5 11.504387
11.999998 12.046881
11.2 11.300137
10.1 10.385928
11.2 11.241991
13.000009 13.266121
14.500117 14.31243
11.2 11.275003
11.1 11.203924
12.096055 12.126635
11.599999 12.750979
11.900001 11.998965
12.899998 12.407415
13.63027 12.243629
11.2 11.61831
11.400001 11.485409
11.999998 12.033211
12.299998 11.801855
11.900001 11.9369545
13.500008 12.231464
11.7 11.769619
11.3 11.9501505
11.1 11.188286
11.599999 11.733099
11.1 11.338169
11.7 11.858115
10.1 10.109686
11.900001 11.95221
12.532973 12.592335
14.500117 14.150494
13.749991 13.921369
14.1 14.145899
11.1 11.045431
10.5 10.646486
11.900001 11.97351
12.399998 12.374873
10.020819 10.251195
11.599999 11.631974
10.40103 10.729301
11.2 11.269909
11.5 11.59622
11.1 11.173833
12.199999 12.584895
11.7 12.025305
12.699998 12.741274
11.3 11.526754
12.020819 12.158926
11.5 11.554934
11.999998 12.096509
11.5 11.7949505
11.2 11.234323
11.2 11.301797
11.1 11.207411
11.900001 11.950791
11.999998 11.858368
12.199999 12.440103
13.738272 13.617349
11.400001 11.498244
13.500008 12.409008
11.7 11.4469795
11.2 11.200737
12.483 12.266664
10.3 10.313023
13.800057 13.670317
13.1 11.602952
13.600039 13.597335
11.7 11.778093
14.400163 14.453769
12.299998 12.264699
11.599999 11.303894
11.900001 11.924347
11.1 11.243914
11.5 12.623843
12.728932 13.048445
11.3 11.308266
10.70206 10.711884
12.923909 13.087079
11.5 11.412092
13.466532 11.944544
11.578862 11.349577
11.7 11.505329
10.40103 11.710667
12.899998 13.541031
11.1 11.184787
11.2 11.262684
11.900001 11.923012
11.8 12.337905
11.1 11.227551
11.900001 11.958442
11.8 11.869544
11.2 11.226992
11.2 11.697626
11.8 11.271016
11.900001 11.96496
11.2 11.473328
12.299998 12.036936
12.599997 12.228582
12.1 12.001317
11.400001 11.420068
11.5 11.628297
11.2 11.248535
12.699998 12.779148
11.2 11.260929
12.899998 12.297947
11.2 11.25351
11.5 11.382098
11.2 11.218468
11.2 11.215077
11.2 11.272308
11.2 11.32363
11.1 11.291766
11.2 11.34968
11.2 11.30517
12.1 12.128735
11.8 11.314024
11.900001 11.896082
11.3 11.376881
11.2 11.287527
14.1 14.525423
11.3 11.285388
11.5 11.929121
11.599999 11.520451
12.299998 11.708452
11.1 11.263827
11.400001 11.48937
12.456548 13.395444
12.799992 13.270888
12.299998 11.44021
11.900001 12.021805
13.200015 12.73948
11.8 12.276751
11.2 12.420413
11.599999 11.555434
11.999998 12.139584
11.8 11.946651
12.599997 13.008468
10.1 10.22522
11.999998 11.606302
12.699998 12.559884
11.2 11.455145
11.177759 11.214659
12.1 12.156761
11.5 11.510133
11.1 11.197857
11.8 11.7915
12.1 11.768812
11.900001 11.951361
11.5 11.588392
11.8 11.879753
11.400001 11.548921
11.5 11.59033
11.900001 12.6843
10.383997 10.481244
11.1 11.3477125
11.1 11.282587
11.2 11.281187
13.729818 13.674144
11.7 11.946138
11.3 11.333743
11.400001 11.435235
12.881363 12.444345
12.1 11.489338
9.79897 9.863532
11.2 11.320147
13.999974 14.336483
11.8 11.871683
11.1 11.187923
11.599999 11.691736
11.2 11.341454
11.900001 11.977999
9.40103 9.463663
11.2 11.2412815
11.7 11.8962965
12.199999 12.653081
12.199999 12.810251
11.2 11.250657
11.2 11.317278
11.25 11.349063
14.145758 13.658829
11.7 11.881418
11.900001 11.937066
11.1 11.182028
11.1 11.227313
11.1 11.517703
11.1 11.221116
11.999998 12.610058
11.5 11.600851
11.8 11.685787
11.1 11.222179
14.400163 14.149848
11.900001 11.9363
13.999974 13.654933
11.7 11.349399
11.5 11.582022
11.5 12.203867
11.999998 12.206535
11.3 11.360072
11.5 11.522421
13.986056 13.738721
11.2 11.432932
11.400001 12.546996
13.000009 13.611926
10.145758 10.244565
11.400001 11.513085
11.400001 11.438673
12.299998 12.510922
11.400001 11.507819
12.499997 12.417732
11.999998 11.923082
11.400001 11.465744
11.3 11.353746
11.3 11.3181305
11.8 11.896846
11.5 12.183338
11.5 11.54563
11.262469 11.336293
11.999998 12.160803
11.2 11.287859
11.2 11.620813
11.3 11.295596
11.900001 11.907289
11.1 11.116837
10.49794 10.693615
12.499997 12.392019
13.999974 13.584951
11.1 11.306103
10.622879 10.547617
11.1 11.253971
11.599999 11.300047
11.900001 11.971855
12.199999 12.164553
11.2 11.809397
11.1 11.234114
11.900001 11.853878
11.599999 11.5849
11.400001 11.452426
11.2 11.472695
11.3 11.677862
11.5 11.430147
13.200015 13.275175
11.400001 11.417326
11.7 11.301138
11.400001 11.4361725
11.900001 11.941174
11.3 11.361545
11.1 11.182368
12.399998 12.392476
11.2 11.76011
13.200015 13.491076
11.1 11.324179
11.599999 11.684368
12.392429 12.025514
11.599999 11.934711
11.3 11.29254
11.5 11.507205
11.1 11.249844
15.29382 15.145881
11.7 11.808105
11.2 11.250114
11.8 11.92563
11.900001 12.077814
13.000009 12.501986
12.1 12.414074
11.1 11.247878
13.800057 14.870801
11.900001 11.935521
11.1 11.226125
11.2869625 11.339806
11.599999 11.402883
11.2 11.258741
11.2 11.305119
11.2 11.235146
11.2 11.329955
11.3 11.291677
11.5 11.604866
11.3 11.807352
13.1 12.610184
11.400001 11.3940525
10.986056 10.809
11.1 11.229771
11.8 11.899034
12.170581 12.167272
11.5 11.596127
13.1 13.896978
11.900001 11.921349
13.000009 13.7890415
13.699981 12.59201
11.1 11.210914
11.999998 11.888461
11.1 11.844099
12.199999 12.189496
11.599999 11.789639
10.3 10.490885
11.3 11.326839
12.299998 12.13085
11.900001 11.886852
11.2 11.382004
11.7 11.977228
11.1 11.162777
11.999998 12.003302
11.2 11.280262
11.599999 11.52839
12.344125 12.55716
11.3 11.452333
11.2 11.24194
11.599999 11.593882
11.900001 11.960497
11.599999 11.539343
11.400001 11.982065
11.599999 12.556328
15.600313 14.600728
11.1 11.292166
11.5 11.9872875
10.854487 12.081473
12.199999 12.066192
11.599999 11.641054
14.5685215 14.664266
11.3 11.484333
10.622879 11.213399
13.997126 13.797092
14.581486 12.325199
10.8 10.67905
9.49794 9.492458
11.5 11.916272
11.599999 12.207179
11.2 11.47418
12.699998 11.73632
11.2 11.267462
11.599999 11.876278
11.400001 11.419029
11.400001 11.450592
11.5 11.558094
11.1 11.1617775
11.5 11.589764
11.8 12.197347
12.599997 12.255745
11.999998 11.951782
11.8 12.148064
11.1 11.233066
11.2 11.962736
11.999998 11.380304
11.2 11.783564
11.1 11.194279
12.299998 12.339852
11.400001 11.7992
11.7 12.31019
11.8 11.991692
11.999998 12.180218
12.1 11.457351
11.8 11.863438
11.2 11.364883
12.1 11.78324
12.699998 13.094314
11.8 11.888585
11.900001 11.971332
11.1 11.314784
11.5 11.308537
11.058607 11.315289
11.900001 11.899298
11.900001 11.999207
11.999998 12.036543
11.1163435 11.245169
11.3 11.293966
11.3 11.675878
11.58426 11.349932
11.400001 11.441895
11.8 11.699074
13.399989 13.198237
13.821246 13.857963
11.3 11.422722
13.299971 12.804152
14.299971 14.358867
11.637602 12.137208
11.2 11.304484
11.1 11.303313
11.999998 12.106417
11.8 11.576082
12.599997 12.6270685
11.599999 11.909629
10.9 10.908322
11.400001 11.463788
11.5 12.614654
11.2 11.3409195
11.7 11.8464985
12.499997 12.505246
11.3 11.4042225
10.2 10.137216
11.599999 11.831563
11.2 11.256876
11.1 11.211002
12.499997 13.445318
11.7 12.26638
13.600039 13.194936
11.2 11.274897
11.5 11.640969
12.299998 12.26458
11.2 11.307863
11.1 11.218188
11.5 11.554884
12.599997 12.185933
13.1 12.283645
11.400001 11.52067
11.2 11.234639
11.400001 11.58728
12.401899 12.3805065
9.79897 9.837853
11.543697 11.424825
11.400001 11.461927
11.900001 12.016117
11.599999 12.062765
10.70206 10.7309
14.1 14.60842
11.1 11.243489
11.8 11.898605
11.3 11.559002
9.941637 10.022581
11.2 12.216717
11.3 11.480212
11.900001 12.413108
11.599999 11.711816
11.5 12.487775
11.8 11.665382
11.2 11.313902
13.000009 11.927678
14.500117 14.499074
11.3 11.344057
11.8 11.836978
11.7 11.849009
11.1 11.160629
13.200015 12.207291
11.5 11.575385
10.1 10.104367
11.821246 11.294734
11.7 12.899325
11.8 12.022461
12.899998 12.083292
11.79897 11.971285
11.599999 12.210049
11.2 11.279986
11.1 11.205118
11.599999 11.376576
11.3 11.303615
11.400001 12.225368
11.400001 11.407009
10.40103 10.405079
10.70206 10.710557
12.799992 12.562033
10.40103 10.892273
12.899998 12.066902
10.869551 10.253561
11.900001 11.951147
11.900001 12.094558
11.1 11.221691
11.8 11.877838
11.400001 11.426302
11.999998 12.001854
13.500008 12.895564
11.1 11.207351
11.108774 11.286151
11.1 11.218864
10.1 10.158749
11.3 12.931167
11.2 11.280922
12.299998 12.044281
10.622879 10.512193
12.1 11.755402
11.8 11.884185
11.999998 12.186758
11.400001 11.859665
12.799992 12.137861
11.2 11.318635
11.8 11.958391
11.1 11.466213
11.1 11.604896
11.2 11.268347
10.5 10.399968
11.400001 11.477857
10.8447275 11.790442
11.8 11.858035
11.599999 11.672859
11.7 11.768388
11.3 11.491106
11.1 11.182063
11.2 11.434885
11.2 11.547124
11.7 11.778585
11.5 11.609346
11.2 11.255177
11.400001 11.393979
11.7 11.811705
11.1 11.57921
12.199999 11.310468
11.49794 12.245203
12.1 11.45564
11.7 11.708408
11.900001 11.9618
11.5 11.572459
11.900001 11.939703
11.3 11.5670595
9.79897 10.277319
13.699981 12.67249
12.1 12.422288
11.1 11.017134
14.700326 14.546437
11.2 11.569866
11.2 11.280039
11.7 11.307983
11.900001 11.970682
14.400163 13.864339
10.1 10.548391
11.900001 11.9448395
11.2 11.374646
11.49794 11.699957
11.400001 11.352143
11.1 11.261745
11.5 12.251683
11.5 11.581883
11.900001 11.856283
11.1 11.398697
11.8 11.930721
11.8 11.916626
11.400001 11.434053
13.600039 13.401673
11.1 11.272555
11.1 11.258495
12.699998 11.729981
11.1 11.964603
11.900001 11.966497
11.599999 11.736168
10.70206 10.662085
13.403085 12.308206
11.999998 11.838104
11.400001 11.440029
10.1 11.563595
11.1 11.258956
11.3 11.428992
12.599997 12.327487
11.1 11.276517
11.2 11.277474
11.5 11.81975
11.2 11.231311
11.3 11.290019
13.1 12.241476
12.799992 13.035562
11.3 11.238075
11.7 11.947623
11.1 11.255493
10.70206 10.757477
11.900001 11.937935
13.399989 13.275398
12.199999 12.972291
11.3 11.86244
11.2 11.286791
11.900001 11.323332
11.1 11.25794
13.299971 13.422533
11.1 11.248087
12.299998 11.257717
11.599999 11.588787
11.2 11.270599
11.2 11.272147
12.199999 12.189856
11.400001 11.472977
11.900001 11.95023
11.599999 12.173676
11.7 11.8091545
11.3 11.662793
12.1 11.347929
11.5 11.582933
11.900001 11.946786
11.8 11.829454
11.599999 11.628301
11.2 11.2370405
11.7 11.7929735
12.599997 12.14896
14.500117 13.99878
11.2 11.215301
11.2 11.282229
11.900001 12.004467
11.8 11.899631
11.2 11.630402
11.1 11.202685
11.900001 11.858514
11.400001 11.295874
11.7 11.395203
10.3 10.584428
11.900001 11.942717
11.900001 11.925889
12.799992 12.28149
11.599999 11.698978
11.8 11.972898
10.1 11.619759
11.599999 11.707546
11.7 11.771381
13.466532 12.637043
12.299998 12.228764
10.59485 10.62534
11.900001 11.922863
10.932683 10.781556
14.273925 13.855979
11.900001 12.088407
11.5 11.6199465
11.1 11.229248
10.7 10.291885
11.3 11.358339
14.19691 11.978928
11.2 11.279783
13.200015 12.627599
11.1 11.2572975
11.8 11.88357
12.899998 11.627751
10.1 11.59985
11.1 11.281481
11.8 11.908577
11.2 11.327048
11.2 11.213774
13.200015 12.791386
11.1 11.32577
9.79897 9.911217
11.1 11.204306
12.349492 12.154793
11.1 10.98732
11.5 11.654877
11.1 11.203075
11.3 11.400463
11.1 11.226865
11.1 11.203412
10.70206 10.707282
12.399998 12.135399
11.8 11.68726
11.2 11.25259
11.599999 11.7418785
14.600313 12.80677
11.2 11.207066
13.000009 14.276226
12.248742 11.528499
11.400001 11.512154
11.7 11.77041
11.2 11.284216
11.1 11.316585
12.399998 12.024593
13.000009 12.123929
12.299998 12.892003
11.400001 11.400228
10.2 10.293703
11.1 11.254025
11.900001 11.959354
10.3 10.62213
11.2 11.298251
11.8 11.27461
11.1 11.431393
11.400001 11.459482
11.400001 11.461719
12.1 12.43204
11.599999 11.769056
11.2 11.268982
11.1 11.427735
11.7 11.798598
11.999998 11.663118
11.3 12.058144
11.1 11.175078
11.8 11.849976
11.3 11.578535
12.199999 11.957323
11.2 11.47014
11.900001 11.9620495
12.699998 12.297972
11.2 11.29522
14.419664 15.131141
12.599997 12.6489935
11.5 11.54432
11.2 11.307579
11.1 11.229591
12.300659 12.391831
11.2 11.274047
11.599999 11.764198
11.400001 11.440168
12.146482 12.072337
12.599997 12.60326
11.1 11.13803
12.899998 12.948382
11.1 11.197138
11.1 11.203225
11.900001 11.843208
11.3 11.478179
11.2 11.223553
11.999998 12.117116
11.900001 12.192725
13.999974 12.671042
10.8 10.744305
11.3 11.494136
11.1 11.228895
11.5 11.728697
11.3 11.307437
13.800057 13.034957
11.5 11.667612
11.1 11.195446
11.599999 11.716986
11.3 11.300184
12.721546 12.487933
13.1 12.538362
11.5 11.626661
11.1 11.223343
11.1 11.25409
11.8 11.376584
10.1 10.198718
11.900001 11.966624
11.3 11.399166
11.782456 11.747192
11.5 11.660092
10.3 10.684507
11.923909 11.14699
10.1 10.178171
11.3 11.297111
11.400001 11.506074
10.6 10.981282
11.1 11.271799
11.400001 11.80751
12.199999 12.929191
11.8 11.816042
11.999998 12.16831
11.599999 11.887053
10.70206 10.778691
11.8 12.022177
13.200015 12.409367
11.3 11.360325
11.1 11.231201
13.200015 11.87952
11.3 11.464685
11.7 11.70229
11.7 11.759221
11.599999 11.67816
11.2 11.2628765
11.599999 11.779707
13.500008 13.657672
12.499997 13.06242
11.8 11.876525
12.899998 12.630255
11.900001 11.977604
11.1 11.146328
11.5 11.581995
11.900001 12.204065
11.999998 12.060698
11.2 10.777338
11.1 10.495987
14.5685215 14.938376
11.900001 11.98162
11.8 11.950541
12.399998 11.996586
11.900001 12.001905
11.3 11.304626
11.999998 11.938761
11.7 11.725426
10.8 10.663586
11.7 11.781544
11.3 11.471671
11.721602 11.465413
13.248742 14.773795
13.200015 12.985937
11.2 11.252208
11.8 11.944899
12.199999 12.045812
11.400001 11.557273
11.1 11.205638
11.2 11.470909
11.2 11.267968
13.299971 13.855739
12.1 12.548106
11.8 11.946903
11.8 11.849023
11.8 11.740572
11.7 12.0579605
12.499997 12.081757
11.900001 12.211697
11.999998 12.059862
13.699981 12.460659
12.020819 12.026088
11.7 11.79529
12.1 11.660832
11.900001 11.948977
11.1 11.416426
11.1 11.162182
11.400001 11.398243
12.601689 12.744252
11.1 11.224058
11.999998 12.065331
11.999998 12.035486
12.799992 12.379534
11.8 11.916101
11.2 11.227171
11.5 11.550312
11.2 11.264536
11.999998 11.411457
12.199999 11.500274
11.8 11.802474
11.599999 11.784211
13.104364 11.558292
10.622879 11.0430565
13.899971 14.05878
11.3 11.290979
11.400001 11.360249
11.2 11.245873
11.2 11.529862
11.900001 11.965764
11.2 11.243828
11.923909 11.292427
11.2 11.280939
11.400001 12.1673765
11.2 11.467363
11.900001 11.968735
11.8 11.856918
11.7 11.404352
12.55967 12.183172
13.000009 12.008327
11.2 11.246612
11.1 11.173362
11.5 11.556931
11.1 11.202316
9.40103 9.6093025
11.400001 12.013979
11.900001 11.468407
11.425138 11.809011
11.1 11.276024
11.242667 11.241756
10.5 10.79611
12.699998 11.883085
11.1 11.207674
11.3 11.29468
12.1 11.9891815
11.999998 12.769115
11.2 11.277607
13.000009 12.588605
11.999998 11.977055
11.400001 11.418856
14.600313 14.955296
11.738272 12.123729
11.1 11.251544
11.8 11.893478
11.1 11.227374
11.900001 11.963439
10.719789 10.565998
11.599999 11.728779
11.400001 11.428085
12.799992 12.922181
11.2 11.32309
11.25 11.2950325
11.3 11.762883
12.1 12.481349
12.699998 12.742913
11.599999 11.762924
11.70103 11.718763
13.026317 13.763026
12.191515 11.928421
11.1 10.692973
11.999998 12.227478
11.1 11.167595
11.400001 11.531069
11.900001 11.929776
11.1 11.259544
11.5 11.681086
11.1 11.337289
11.5 11.650018
11.400001 10.856033
11.599999 11.665497
12.199999 12.447717
11.1 11.226053
11.5 12.25681
11.2 11.280757
11.2 11.337657
11.1 11.204019
11.3 11.461595
11.2 11.29516
11.3 11.317056
11.900001 11.950373
11.2 11.228956
11.599999 11.750391
11.2 11.281523
11.999998 12.806609
11.5 11.54203
11.400001 11.539707
11.274371 11.312105
14.427902 14.513277
11.900001 11.988753
11.1 11.194812
11.1 11.245415
11.3 11.404818
10.622879 10.667746
11.999998 11.5938835
11.999998 11.661314
11.2 11.313388
11.900001 12.059211
11.1 11.170858
11.400001 11.57824
10.1 10.60435
11.2 11.417603
11.8 11.867687
11.8 11.944901
11.599999 11.361455
11.7 11.916198
11.49794 12.047236
11.2 11.263145
11.3 11.349754
12.1 11.994424
11.900001 11.778988
12.199999 12.348265
13.600039 14.123629
13.399989 14.586727
11.900001 11.767785
11.8 12.61497
11.3 11.341118
11.999998 11.608681
12.923909 12.992797
11.1 10.758127
11.8 11.807825
11.2 11.314272
11.599999 11.72374
11.5 12.203416
11.900001 11.953112
11.2 11.239103
13.699981 13.611175
12.599997 12.509171
11.2 11.2156
11.400001 11.416958
10.1 10.292057
11.900001 11.847947
12.191515 12.165964
11.1 11.123447
11.3 11.454338
15.200179 13.443447
11.5 11.566357
11.8 11.874488
11.1 11.1748295
11.1 11.232642
11.1 11.259691
11.900001 11.848463
12.199999 11.893019
11.900001 11.398437
11.400001 11.489351
11.1 11.170791
11.2 11.223682
11.900001 11.926277
11.400001 11.406522
11.999998 11.919517
11.2 11.230498
11.2 11.253265
11.900001 11.938552
11.599999 10.345202
11.599999 12.0592165
11.2 11.260569
10.70206 10.695152
11.2 11.328101
11.2 11.259499
11.999998 12.0741825
11.999998 12.236931
11.2 11.261898
13.200015 12.66817
11.2 11.244303
11.2 11.312481
11.79897 12.072453
12.299998 12.039387
10.70206 10.7343235
10.4 10.369977
11.5 11.624109
12.1 11.845151
11.5 11.932741
11.599999 11.666632
11.5 11.759011
11.1 11.211447
13.299971 12.104733
11.8 11.324186
11.3 11.547837
14.63786 14.112977
12.299998 11.957103
11.3 11.485097
12.299998 11.866631
11.1 11.224283
12.699998 12.5676985
11.2 11.402697
11.599999 11.701364
11.1 11.225565
11.8 11.911644
11.2 11.234369
11.900001 12.393033
11.900001 11.943659
11.19691 11.160043
12.249994 13.053657
10.1 10.4333105
11.7 11.863535
11.2 11.2594185
12.765546 11.979425
11.2 11.257776
11.2 11.246096
13.668636 13.741421
11.5 11.966159
11.599999 11.782156
11.5 11.593369
11.2 11.227853
11.8 11.920043
11.5 12.019401
12.599997 12.469562
12.299998 12.311792
11.7 11.337963
11.1 11.216255
11.1 11.2255745
11.3 11.650311
11.5 11.454468
12.399998 11.477192
11.8 11.89797
11.2 11.223793
11.8 11.373334
11.2 11.252968
12.299998 12.3848505
11.2 11.286335
12.79897 12.622905
11.2 11.314412
12.622879 13.464758
11.3 11.2462435
11.8 11.930163
11.3 11.3770685
11.3 11.293483
11.7 11.960973
11.3 11.318827
11.7 11.443431
11.900001 12.015098
10.1 10.39937
11.2 11.314056
11.5 11.714305
12.699998 12.03466
11.900001 11.928944
10.2 11.294682
11.1 11.2664585
11.8 11.930693
11.8 11.831621
11.8 11.715168
11.5 12.2809
11.7 11.8094425
12.207906 12.189919
11.2 11.24418
11.2 11.273941
11.900001 11.966096
11.1 12.321602
11.900001 11.843072
13.19691 11.704416
13.145758 13.250541
11.7 11.388684
11.3 11.312731
10.70206 10.612238
11.7 11.821164
13.500008 13.596335
11.3 11.570843
11.5 11.583244
11.400001 11.620544
14.999629 14.257915
11.999998 11.903013
11.2 11.252299
10.165502 10.2310295
11.599999 12.313812
11.999998 12.033126
11.5 11.408913
11.285752 11.760567
11.900001 11.872071
11.1 11.48741
11.3 11.581875
11.8 11.910434
11.1 11.205334
11.999998 11.282463
11.5 11.478581
9.89588 10.14426
11.900001 11.935993
11.1 11.213732
13.699981 13.22621
11.3 11.309328
11.5 11.535589
11.900001 11.94412
11.180922 13.517938
12.180399 11.063665
11.2 11.271038
11.2 11.216972
12.399998 12.3526535
11.1 11.24038
11.7 11.9788685
11.5 11.617605
10.40103 10.448503
11.1 11.27386
11.400001 11.678808
10.938632 11.010967
10.70206 10.656743
11.400001 11.487038
11.2 11.326006
11.7 11.788248
11.900001 11.946093
11.599999 11.85887
11.7 11.714209
11.2 11.273972
12.899998 13.164887
11.5 11.575575
11.5 11.591934
11.2 11.227055
11.2 11.263073
11.400001 11.518571
11.8 11.842607
11.2 11.281201
11.7 11.792972
12.799992 12.6073065
12.799992 12.922092
11.3 11.468534
11.3 11.246443
11.1 11.199339
11.7 11.492709
11.49794 11.399857
11.329148 11.794809
12.1 11.603937
13.200015 11.687352
11.900001 11.935123
11.400001 11.520752
12.199999 11.767349
13.699981 13.691256
11.2 11.303381
11.5 11.574997
11.5 11.928626
11.400001 11.468903
11.15 12.257532
13.1 12.757735
13.000009 12.436161
11.2 11.253388
12.199999 11.480789
11.8 11.726692
10.622879 10.657141
11.900001 12.0307455
12.599997 12.628368
10.40103 10.484466
14.700326 13.839562
10.49794 10.5260315
11.2 11.258982
11.999998 11.994117
11.2 11.281223
10.5 10.319118
11.5 11.52901
11.3 11.348967
11.1 11.421188
11.2 11.359191
11.900001 11.970717
11.900001 11.913738
11.2 11.2298
11.2 11.297148
11.1 11.108694
11.2 11.236286
11.8 11.559294
10.40103 13.53865
11.7 11.7754345
11.900001 11.996334
11.599999 11.692872
11.999998 11.997182
11.1 11.228796
12.449997 11.795153
11.3 11.379854
11.622879 11.688953
11.29382 11.106749
11.400001 11.44132
10.79897 10.801146
11.400001 11.479489
10.49794 10.573636
11.2 11.24172
10.6 10.861624
11.3 11.324302
11.3 10.993062
11.3 11.433443
12.199999 11.620373
11.599999 11.466245
11.2 11.246742
12.699998 12.441702
12.199999 12.127552
12.199999 12.062333
11.1 11.267317
11.900001 12.032339
13.299971 13.770551
11.2 11.2481
13.800057 13.298951
11.900001 11.851807
14.200179 14.511841
11.7 11.946855
11.599999 11.681558
12.499997 11.879934
11.7 11.6989155
11.5 12.800848
11.2 11.785618
11.2 11.307514
11.3 11.523821
11.3 11.327688
11.1 11.239101
10.738272 10.251435
12.299998 12.484888
10.1 10.537956
11.900001 11.968407
11.3 11.409582
11.400001 11.628454
11.599999 12.002303
11.900001 11.9225025
11.1 11.22447
11.7 11.678063
11.2 11.377017
11.400001 11.583838
14.49794 14.471416
11.900001 11.956423
14.145758 13.603742
11.5 12.896147
11.8 11.773161
11.2 11.81181
11.8 12.057703
11.2 11.227372
11.622879 11.474786
11.5 11.499002
13.359637 13.393796
12.299998 10.87441
11.2 11.301533
11.1 11.2373705
11.900001 11.970506
11.3 11.731951
11.900001 11.356319
13.000009 12.440678
11.7 12.088102
10.6 11.435522
13.622879 13.7573
11.3 11.277634
11.599999 11.705906
11.5 11.562672
11.79897 11.944086
11.3 11.671888
11.1 11.184823
11.1 11.93716
11.8 11.918835
13.200015 12.727915
11.5 10.844554
11.7 11.788243
11.1 11.240641
11.5 11.649052
11.7 11.983858
11.999998 12.067327
11.5 11.688076
11.3 11.444
10.2 10.517204
11.599999 11.367268
11.2 11.288948
12.399998 12.37545
11.2 11.244552
13.699981 12.937066
13.000009 12.275436
11.3 11.331753
11.2 11.279179
11.3 11.389622
11.3 11.382568
10.3 10.343996
11.900001 11.950758
11.900001 12.14101
10.7 10.762756
10.70206 10.72758
11.400001 11.413533
11.5 11.571667
12.499997 12.15562
9.456548 11.533626
11.900001 11.968463
13.1 12.723659
11.599999 11.84547
11.2 11.287076
11.7 11.662636
11.999998 13.169015
11.2 11.293776
11.3 11.521134
12.1 12.790187
13.600039 13.212466
9.79897 9.864594
11.5 11.506973
11.599999 11.486872
11.999998 11.9879055
12.199999 12.176365
11.7 12.521014
11.8 11.9043865
11.900001 11.972183
11.400001 11.334885
11.1 11.240625
11.8 11.908463
11.1 11.128793
11.8 11.868714
11.5 11.826349
11.3 11.322546
11.1 11.217161
11.7 11.747887
11.512516 11.206532
13.399989 12.435752
11.7 11.789637
11.5 11.312811
11.1 11.314753
11.8 11.848224
12.599997 12.3739605
11.2 11.26732
11.599999 11.660435
11.1 11.153283
11.3 11.268734
11.3 11.31108
13.699981 13.849061
11.3 11.884966
11.2 11.339614
11.5 11.504094
11.400001 11.493215
12.1161 11.558894
11.2 11.292452
11.3 11.3371315
11.900001 11.940136
11.5 11.5883
11.2 11.239578
12.199999 12.096994
11.599999 11.725643
11.5 11.604918
11.900001 11.677325
12.499997 12.475215
11.2 11.223219
11.8 11.371857
11.254902 11.505357
12.399998 11.83676
12.1264105 12.1292095
11.7 11.719448
13.399989 13.538981
13.15061 14.245302
11.2 11.245047
12.399998 12.68847
11.999998 11.410537
12.599997 12.293977
12.299998 11.976131
11.599999 11.635902
12.199999 12.207761
11.3 11.763809
11.020819 11.177015
11.599999 11.981653
11.5 12.131817
11.1 11.279379
10.1 11.355382
11.1 11.253487
11.5 11.661381
11.999998 11.9642315
11.2 11.334145
11.7 11.437952
10.6 10.854343
11.35 11.5289755
12.299998 12.208319
11.2 11.265766
12.399998 11.392588
11.1 11.355198
11.400001 11.383623
11.1 11.3581085
14.400163 14.599102
11.1 11.270432
13.299971 13.402189
11.5 11.773888
11.8 11.878211
11.400001 11.319667
11.5 11.639273
11.599999 11.546234
11.2 11.404081
13.000009 14.682219
12.599997 12.7296095
11.1 11.264279
11.5 11.430487
11.400001 11.445246
11.400001 11.464491
11.5 11.543205
11.5 11.620275
14.400163 13.870406
11.900001 11.98769
12.986056 12.824538
11.8 11.9024935
10.70206 10.704432
11.3 11.369564
11.1 11.182112
11.622879 11.580533
11.7 11.916599
11.599999 11.673013
13.000009 12.888858
11.2 10.7738905
11.3 11.352328
11.999998 12.066937
10.1 10.201706
11.3 11.320702
11.2 11.27998
11.5 11.541204
11.999998 12.43551
11.7 11.731749
11.1 11.2220125
12.299998 12.982886
12.199999 12.348171
14.500117 14.217027
11.7 11.398907
11.900001 11.927197
12.599997 12.304594
11.3 11.395127
11.2 11.276141
11.254902 11.424782
11.1 11.260345
12.899998 12.361047
11.900001 11.591651
11.2 11.49495
14.1 13.590964
11.2 11.256678
11.1 11.166346
11.599999 11.522572
11.400001 10.82372
10.1 11.242003
12.299998 11.785753
10.70206 10.715941
13.600039 12.934344
11.2 11.215297
11.8 11.863318
11.2 11.254171
12.899998 12.641283
14.600313 12.8863535
11.2 11.2766285
12.599997 12.31395
11.3 11.47564
11.3 11.596905
14.202373 14.660241
10.5 10.662097
11.1 11.277308
14.200179 13.146774
11.900001 11.6844635
11.2 11.285014
11.400001 11.516724
11.2 11.280267
10.89588 11.26664
11.1 11.147533
11.2 11.281361
11.900001 11.953229
12.899998 12.222899
11.456548 11.452382
11.7 11.795382
11.5 11.642354
12.719789 12.1288595
11.999998 13.291317
11.7 11.7862
11.400001 11.387236
11.1 11.327824
11.8 11.93922
14.500117 14.579318
13.399989 12.939585
11.1 11.281088
12.199999 11.731498
11.3 11.395515
12.199998 11.924156
13.446788 13.884581
11.900001 11.970544
11.8 11.413951
11.1 11.285237
12.599997 11.293138
11.2 11.2950325
11.2 11.384224
11.020819 10.380083
11.900001 11.965576
11.5 11.591272
12.399998 12.470031
12.699998 12.610694
11.900001 11.9590645
12.719036 12.58295
13.1 12.946357
11.900001 11.9460535
11.5 11.332891
11.900001 11.96653
11.2 11.314487
11.2 11.247578
11.400001 11.468409
11.880176 11.933332
11.7 11.665704
12.899998 13.392955
11.1 11.474755
11.8 11.827122
11.2 11.287234
11.2 11.321074
11.999998 12.027117
11.900001 11.971001
11.599999 11.581697
12.799992 12.91076
11.400001 11.487942
11.2 11.291683
11.1 11.245714
11.900001 11.9563465
11.8 11.824421
12.499997 12.434397
11.2 11.212579
11.900001 11.9287815
11.3 11.319475
12.1 11.615152
12.799992 11.678925
10.2 11.118029
11.8 11.79169
11.900001 11.979834
11.5 11.538658
11.1 11.711395
11.2 11.604871
15.299971 14.510667
11.2 11.206399
11.70103 11.784531
11.2 11.267736
11.49794 11.581444
11.2 11.210809
11.2 11.267582
11.599999 11.664708
13.1 13.454838
11.1 11.421783
11.8 11.745757
11.7 11.355679
11.900001 11.942587
10.622879 10.835604
11.2 11.801016
12.1 11.357476
13.600039 12.490663
12.499997 11.993341
9.1 9.323591
11.2 11.2709465
11.900001 11.968166
11.166968 11.271559
11.3 12.045023
11.8 11.856247
11.400001 11.395465
11.3 11.649945
11.1 11.207585
11.2 11.299927
13.020819 12.171658
11.2 11.450272
11.599999 11.639851
11.599999 11.69534
13.200015 12.219677
11.599999 11.319934
11.5 11.565855
11.400001 11.502216
14.400163 13.704696
11.900001 12.521088
12.899998 12.275002
11.1 11.123814
11.2 11.217112
11.8 11.919899
11.2 11.238545
11.1 10.982422
11.5 11.827976
11.2 11.376718
12.1 12.081999
11.7 11.820891
9.79897 9.92794
11.2 11.721788
11.599999 11.672421
11.900001 11.908724
11.1 11.184806
11.2 11.256369
11.5 11.568796
12.622879 12.314933
11.900001 11.939611
11.3 11.321751
12.520216 12.196864
11.2 11.574984
11.599999 11.68327
12.199999 11.996178
11.1 11.553778
11.1 11.156912
11.2 11.267352
14.299971 13.407381
11.3 11.455779
13.500008 13.564427
11.3 11.33762
12.299998 12.320915
13.321849 12.885775
11.108774 11.254765
12.555932 12.608338
13.200015 12.54189
11.999998 12.024432
11.3 11.2907505
11.400001 11.440058
11.5 11.398876
11.8 11.871288
11.1 11.242652
13.000009 12.088863
11.2 11.26607
14.1 14.38557
11.3 11.280161
11.900001 11.94585
12.899998 11.668552
11.8 11.824497
12.299998 12.219191
11.2 11.26091
11.1 11.265011
11.3 11.614897
11.2 11.472317
11.2 11.241303
11.3 11.797167
11.2 11.80506
12.199999 11.90164
10.9 10.614169
11.900001 11.948564
11.3 11.698952
12.199999 12.404235
12.699998 12.423851
11.3 11.380853
12.199999 12.238348
11.1 11.232869
11.2 11.418994
11.3 11.502615
11.3 11.331934
11.599999 11.731644
11.900001 11.964214
14.500117 13.749156
11.15399 11.213062
10.622879 11.764136
11.2 11.279305
14.79897 14.322609
11.2 11.2569275
13.299971 12.937207
11.1 11.754166
11.5 11.539019
11.1 11.131575
11.2 11.234301
11.2 11.269509
12.299998 11.975926
10.70206 12.163922
10.63529 12.032335
11.599999 11.816324
11.599999 11.704305
11.2 11.403051
11.2 11.260581
12.899998 12.070628
11.5 11.502696
11.2 11.862404
13.500008 13.369688
11.400001 11.437069
11.2 11.248183
11.2 11.272537
11.999998 12.515048
11.1 11.26521
11.2 11.2818
12.799992 13.216539
11.7 11.837816
12.499997 12.587029
13.899971 14.045552
11.1 11.201092
11.7 11.567037
11.3 11.339842
10.5 10.4502945
11.5 11.329104
11.1 11.230086
13.399989 12.97854
11.599999 12.091733
11.2 11.007671
11.5 11.477867
11.599999 11.630121
11.1 11.158739
11.3 11.414687
13.399989 13.295764
11.2 11.322156
11.7 11.777707
12.699998 12.482092
11.599999 11.672117
11.900001 12.037855
11.3 11.296082
13.59485 11.906908
11.1 11.331521
11.7 11.763708
13.299971 12.3822365
11.5 11.703997
11.2 11.202139
11.900001 11.976135
11.3 12.015572
11.900001 11.967325
11.5 11.414845
13.79897 13.7283535
11.2 11.272881
11.2 11.388409
11.2 11.19705
12.499997 11.926397
11.1 11.231985
13.800057 13.622943
11.1 11.205754
13.399989 13.341292
11.1 11.197676
9.79897 10.253561
11.900001 11.88299
11.5 11.263822
14.644068 14.177648
12.47675 11.261564
11.254902 11.370436
11.5 11.60577
11.8 11.649379
11.999998 12.129349
11.7 12.005819
11.900001 11.951689
11.2 11.249621
10.1 10.785668
11.599999 11.632631
11.3 11.360295
11.2 11.390215
11.900001 11.990631
11.1 11.297232
11.2 11.281616
12.399998 11.907093
11.8 11.887476
11.7 12.249737
12.499997 12.9915285
13.699981 11.977831
11.2 11.228608
11.900001 11.953247
11.1 11.208945
11.7 11.685457
11.599999 11.6981945
11.3 11.382212
12.399998 11.989015
11.400001 12.153671
11.1 11.264266
11.5 11.586685
11.0914 12.238968
11.2 11.312395
11.5 11.51292
11.1 11.13791
11.1 11.216951
11.999998 12.243688
13.344125 11.891332
11.2 11.22962
10.446788 11.892048
11.999998 13.268634
11.2 11.262167
11.5 12.242164
12.499997 12.164398
12.299998 12.399782
10.70206 10.639822
11.2 11.316093
11.5 11.565954
11.3 11.421328
11.900001 11.918773
11.2 11.26874
11.8 12.962859
11.2 11.267794
11.999998 12.023699
11.900001 11.955473
11.47675 11.539649
11.2 11.256174
10.40103 10.69327
11.900001 11.97729
11.900001 12.015695
10.1 10.257223
11.1 11.237993
12.299998 11.588879
11.8 11.768238
11.70206 11.252217
11.8 11.926656
11.3 11.321661
11.2 11.289733
11.400001 11.919115
11.900001 11.88289
11.8 12.098881
11.900001 12.184095
11.1 11.173885
11.599999 13.386126
12.399998 12.050078
11.2 11.292635
11.8 11.912743
11.1 11.155806
10.79897 10.983108
14.1 14.264796
10.1 10.252456
11.3 11.368439
11.599999 11.650946
11.900001 11.983529
11.2 11.954423
11.900001 11.951706
11.7 11.846839
11.2 11.346822
12.899998 12.745541
11.900001 11.774497
11.2 11.49097
11.400001 11.698116
14.1 13.063605
11.900001 11.977186
12.299998 11.902774
13.043096 13.238271
10.70206 10.692714
12.399998 11.971576
10.1 10.159872
11.8 11.582526
11.7 11.912144
12.399998 12.033508
11.5 11.366405
11.999998 11.970772
11.999998 11.85113
11.5 11.4363575
11.900001 11.9417095
12.399998 12.7142515
9.777781 11.322401
11.1 11.1712
11.1 11.2181225
11.400001 12.233151
11.5 11.6565
12.199999 11.824329
11.599999 11.592915
13.800057 13.5493765
11.900001 11.947091
11.599999 11.297855
11.2 11.361596
12.499997 11.863438
11.5 11.554671
11.3 11.367754
11.3 11.27591
11.599999 11.674355
11.900001 11.933216
11.3 11.355055
11.359637 11.283099
11.8 12.181652
11.3 11.661377
11.1 11.27002
11.3 11.827736
12.651294 12.770996
11.900001 11.924281
11.2 11.550122
11.8 11.916983
13.864471 13.962541
11.900001 11.933937
11.8 11.956507
11.599999 12.519611
13.000009 11.751713
11.2 11.282679
11.900001 12.038337
11.8 11.348403
11.599999 11.4680805
10.3 10.364433
11.999998 12.060394
11.2 11.342335
11.5 11.608843
11.2 11.26615
11.2 11.320074
11.900001 11.976427
11.900001 11.965791
11.400001 11.40029
9.79897 9.834522
11.3 11.3688545
12.299998 11.98899
11.7 11.922928
10.7 10.897249
11.599999 11.827933
11.3 11.273973
11.40103 11.126879
11.7 11.781805
13.800057 13.359023
11.900001 11.963812
11.2 11.265818
10.70206 10.727957
11.400001 11.514835
12.199999 11.610884
11.8 11.7517805
11.5 11.929964
11.900001 11.933147
11.8 11.935791
12.499997 12.083928
11.1 11.173431
11.2 11.267419
11.8 11.874408
11.5 11.526846
11.1 11.156368
11.900001 11.945381
11.7 11.745676
11.2 11.276062
12.299998 11.616781
11.900001 11.962891
11.900001 12.00802
11.900001 12.238478
11.599999 11.592363
12.299998 12.663535
11.900001 12.053233
11.5 11.512677
11.900001 11.941406
12.599997 11.446253
11.400001 11.733803
11.400001 11.259787
11.1 11.208057
11.2 11.220711
11.900001 11.656292
11.8 11.9344015
11.1 11.223803
11.3 11.439333
10.1 11.659851
13.1 13.560617
11.900001 11.425262
11.409804 11.506569
11.8 11.842714
11.8 12.023757
12.499997 12.185606
12.359637 11.519187
11.8 11.843756
11.400001 11.530482
11.3 11.375391
12.499997 12.407715
11.2 11.295665
11.900001 11.954436
11.79897 11.95994
11.0 10.772923
11.483266 11.583635
11.599999 11.570023
11.2 11.2839155
10.622879 10.909891
14.722107 11.63322
12.1 12.019291
11.5 11.473006
11.300659 11.198874
12.199999 12.386214
11.2 11.257759
11.3 11.290018
11.5 11.352154
11.5 11.574085
11.1 11.197582
10.622879 10.685132
10.1 10.179253
10.79897 10.848755
11.7 11.626868
11.900001 11.493732
13.699981 12.075886
11.999998 12.2571125
11.900001 11.977082
11.3 11.250578
11.5 11.774224
11.55 12.47425
11.900001 11.886317
11.2 11.38036
11.2 11.984647
11.8 11.907792
11.900001 11.968019
11.900001 11.975319
11.900001 13.29953
13.000009 12.527359
11.1 11.842912
11.400001 11.515049
11.599999 11.673761
11.7 11.737873
11.8 11.811007
11.5 11.521503
11.900001 11.9623165
11.2 11.275599
11.2 11.2844925
11.3 11.343684
11.900001 12.1428585
11.1 11.177974
11.2 11.415281
11.3 11.94968
13.600039 13.821986
11.2 11.427993
11.1 11.254415
11.2 11.491269
11.8 11.618451
11.7 11.776712
11.400001 11.77875
12.699998 11.67686
11.599999 11.330977
11.1 11.268037
11.3 11.210499
11.400001 11.528976
12.399998 12.308451
11.1 11.2518425
11.1 11.094608
11.5 11.479907
10.40103 10.381695
11.7 12.238476
11.3 12.001441
13.200015 12.427937
11.2 11.282871
11.1 11.194461
11.2 11.39155
11.202373 12.392178
12.499997 11.690958
11.1 11.23752
11.2 11.19054
13.299971 12.597819
11.1 11.204905
11.1 11.250488
11.599999 11.8621855
11.2 11.238626
12.599997 12.474265
11.5 11.751947
10.418758 10.416433
10.3 10.761868
11.400001 11.441101
11.3 11.270461
12.299998 12.012385
11.130118 11.740123
11.900001 11.817073
11.1 11.236294
12.1 12.43484
13.299971 14.248712
11.1 11.196018
11.400001 11.820684
13.49794 13.464131
11.5 11.581827
11.7 12.082129
11.1 11.214502
11.900001 11.965217
11.900001 11.980848
10.3 10.669442
11.3 11.364844
10.8 10.621826
11.400001 11.667586
11.5 11.580311
11.400001 11.440565
11.3 11.6163225
11.1 11.230318
10.456548 10.451138
13.299971 13.0196495
11.2 11.293066
13.000009 12.274344
11.1 11.170465
13.200015 12.508712
14.200179 12.980882
14.500117 14.115771
11.900001 11.947256
11.1 11.246426
11.7 11.812142
11.2 11.241561
11.5 11.417481
11.3 11.329596
11.7 11.626825
11.1 11.176306
12.799992 12.403698
11.3 11.337386
11.2 11.217413
12.299998 12.1521225
11.5 12.27481
10.1 10.112923
14.81658 14.633895
12.217476 11.269998
11.1 11.448511
11.1 11.091247
11.400001 11.502628
11.2 11.333728
13.1 12.614028
11.1 11.196703
13.1 12.714383
12.633132 12.627172
11.5 11.566693
11.2 11.305434
11.599999 11.779088
11.8 11.892458
12.1 12.273273
11.400001 12.159403
11.2 11.321112
11.3 11.656102
11.8 11.811403
11.7 11.796404
12.499997 12.103029
11.3 11.470073
11.999998 12.017227
11.7 11.999349
10.622879 10.478844
11.400001 11.503958
11.900001 11.965235
11.599999 11.831463
11.900001 12.281839
13.899971 13.41628
11.5 11.48897
11.2 11.249688
11.1 11.196556
13.699981 13.566683
11.8 12.240631
12.299998 12.115812
12.299998 12.192167
11.3 11.284201
11.1 11.277597
11.2 11.271096
11.3 11.467582
11.400001 11.287776
11.3 11.4837675
11.8 11.271837
10.5685215 10.715146
11.1 11.200267
10.1 10.09984
12.899998 12.206623
11.6157 11.376115
12.652842 12.772752
11.2 11.281552
11.5 11.5848255
11.599999 12.2673855
11.400001 11.862793
11.2 11.280536
12.299998 12.6951065
11.599999 11.664205
11.3 11.38266
11.178996 11.2763405
11.999998 12.236547
11.3 11.928696
10.207906 10.38091
11.900001 11.973456
11.900001 11.799206
12.499997 12.182312
11.3 11.58323
11.186186 11.389832
12.199999 12.038273
12.499997 12.63281
11.900001 11.950163
11.7 11.831047
12.1 12.347174
11.900001 12.044447
11.5 11.491625
13.399989 13.652146
11.3 11.959364
11.7 11.831455
10.869551 10.251309
11.1 11.190086
11.400001 11.532719
11.2 11.333116
11.3 11.248794
11.599999 11.752594
10.1 10.106188
11.1 11.245346
11.7 11.736743
11.900001 11.937727
11.3 11.310364
13.699981 13.5486765
11.599999 11.888428
11.3 11.411284
11.1 11.222134
11.400001 11.456524
11.900001 12.054379
11.400001 11.432085
10.70206 10.707632
11.3 11.465229
11.400001 11.471832
11.2 11.244936
12.1 12.002339
13.000009 11.637825
11.2 11.296963
11.900001 11.99862
11.599999 11.646982
11.8 11.888178
11.2 11.352425
11.7 11.709087
11.999998 13.313672
11.599999 11.547614
11.599999 11.670356
11.0 11.0941
11.5 11.526513
11.900001 11.943754
11.2 11.288984
11.2 11.287716
11.2 11.274368
14.999629 14.507464
10.1 11.133842
11.8 11.798087
13.699981 13.1309
11.1 11.338675
11.5 11.628956
11.3 11.951986
11.8 11.920502
11.2 11.337345
12.199999 12.049736
11.999998 12.253443
10.70206 10.672401
13.986056 11.746662
11.599999 11.686901
11.7 11.819574
11.5 11.578878
10.351812 10.299585
11.2 11.231672
11.2 11.248633
9.79897 9.905373
11.1 11.239956
11.7 11.671829
12.799992 11.984308
12.499997 12.134415
11.900001 11.976443
13.21351 13.4586935
11.3 11.756315
13.299971 12.922621
11.2 11.240889
11.5 11.641821
11.1 11.228661
11.900001 11.975286
11.5 11.531642
11.8 11.985545
12.1 11.364109
11.3 11.3346815
11.999998 11.691634
11.2 11.263937
11.900001 12.007488
12.299998 13.346175
11.900001 11.941512
11.7 11.825794
11.1 11.186638
11.8 11.513796
11.7 11.861463
11.8 11.824884
13.231403 14.452907
11.145758 11.073601
12.299998 12.326098
13.200015 13.365714
9.923909 10.265777
11.2 11.279456
12.699998 12.653079
11.3 11.881856
11.1 12.12473
11.25 11.353619
11.7 11.735428
11.900001 11.974118
14.1 14.200332
11.400001 11.736555
12.1 11.811427
11.2 11.264932
11.5 11.593832
11.2 12.218103
13.1 11.867055
11.599999 11.587503
11.3 11.538633
11.3 11.369866
11.5 11.56276
11.2 11.275136
11.8 12.330906
11.2 11.26381
10.89588 10.725851
11.79897 11.751044
11.999998 11.949673
11.400001 11.509081
11.3 11.405647
11.1 11.255836
12.626186 13.086964
11.2 11.311945
11.8 11.847637
10.6 10.396042
12.359637 12.423678
11.999998 11.822112
11.5 11.71171
11.2 11.3706
11.3 11.37619
11.599999 11.909773
13.000009 12.815043
11.79897 11.054209
11.8 11.900646
11.400001 11.474152
12.299998 11.735956
11.1 11.406017
12.299998 11.641211
11.1 11.18578
11.599999 13.474616
11.8 11.894037
11.2 11.280949
11.45 11.41221
12.089405 13.326976
12.599997 12.471108
11.599999 11.555286
11.599999 11.71493
11.1 11.3675375
11.2 11.266361
12.499997 12.502559
11.1 11.159658
13.000009 12.495517
11.400001 11.7925625
11.7 11.797229
11.7 12.592721
11.3 11.758947
10.2 10.262761
11.7 11.806248
11.400001 11.404482
11.1 11.214632
11.5 11.390884
11.1 12.207802
11.2 11.277364
12.199999 11.6728
11.3 11.336971
11.5 11.27206
11.2 11.327095
11.5 11.502583
11.599999 11.746143
11.2 11.258371
11.400001 11.584674
11.1 11.181475
11.671865 12.104017
13.899971 13.209254
11.7 11.7477455
11.543697 12.109619
11.1 11.199976
11.7 11.784569
11.1 11.188805
11.8 11.935179
11.2 11.2462845
12.344125 12.568595
11.400001 11.528616
11.8 12.64239
11.8 11.98185
13.19691 12.216699
11.900001 11.97776
12.1 11.800354
11.999998 11.966724
11.3 11.316808
11.1 11.139487
11.900001 11.915083
11.599999 11.698767
13.200015 13.119716
11.5 11.627226
11.999998 11.976256
13.4372425 13.578678
11.5 11.580459
12.699998 12.862898
11.2 11.235699
11.5 11.34915
11.5 11.569325
11.8 11.89089
11.236677 11.783654
11.8 11.676365
11.5 11.584026
11.2 11.263795
11.0 11.051544
12.299998 12.276424
11.999998 11.941265
11.418758 10.942362
10.869551 11.152979
11.900001 11.823345
11.2 11.374228
11.8 11.9334545
12.005018 12.153706
12.1 12.042044
11.7 11.770502
11.2 11.286461
11.1 11.207614
10.3 10.761417
11.2 11.518832
11.599999 11.557826
11.900001 11.931664
11.599999 11.624683
13.1 12.982533
11.999998 11.958782
11.900001 11.856148
11.5 11.58651
11.599999 12.122703
11.999998 12.010378
12.199999 12.282905
11.3 11.302722
12.1 11.936421
11.999998 12.660331
12.924482 11.557545
11.1 11.2222805
11.900001 11.957554
11.900001 11.959799
12.499997 12.677152
11.8 11.762926
11.1 11.274483
11.3 12.038876
13.000009 13.5695915
10.2 10.324944
11.1 11.214887
11.2 11.28642
12.199999 12.083954
11.7 11.75061
11.2 11.230102
10.622879 10.616461
10.609058 11.149279
11.900001 11.942909
13.000009 12.854142
11.400001 11.479898
12.478272 12.526036
13.600039 13.720836
11.7 11.811102
11.2 11.231447
11.7 11.827016
11.8 11.838118
11.2 11.495508
12.199999 12.034983
14.2870865 14.029363
9.1 9.116844
11.2 11.249889
11.2 11.313541
11.2 11.387548
12.299998 12.234538
11.3 11.284894
11.900001 11.949075
11.900001 11.972922
11.182751 11.279144
10.40103 10.652018
11.2 11.25168
12.199999 11.735853
11.1 11.308577
11.900001 11.975874
11.3 11.334282
11.747817 10.718725
11.3 11.276985
11.2 11.227067
11.7 12.458062
12.899998 12.40439
11.7 11.809067
11.8 12.920717
11.5 11.531587
10.1 10.182733
13.1 14.457268
11.1 11.291084
11.8 11.892538
11.999998 11.9279
11.400001 11.421348
13.79897 13.760549
11.999998 12.033221
11.2 11.319658
11.5 11.525324
11.5 11.567126
11.59485 11.638861
11.3 11.308399
13.1 12.733203
11.2 11.195315
13.000009 13.673789
12.499997 12.68383
11.8 11.873278
11.8 11.919832
11.3 11.313846
11.7 11.835827
11.2 11.312163
11.400001 11.442216
11.5 11.495921
11.1 11.290403
11.2 11.352179
11.999998 12.000978
11.7 12.157225
11.7 11.8092
11.5 11.60623
11.7 11.690371
11.5 11.726524
11.1 11.238323
11.8 11.778771
11.5 11.621042
11.599999 11.73216
11.5 11.801802
13.336572 12.637043
11.900001 11.973872
10.446788 9.407578
11.2 11.629677
13.200015 12.814009
11.599999 11.576023
11.3 11.598815
11.1 11.235655
12.899998 12.377801
11.1 12.200007
11.400001 11.461001
12.599997 13.403092
13.39303 13.90353
11.900001 11.956231
10.1 10.463504
11.5 11.889269
12.199999 11.87018
11.3 11.44258
11.3 11.334427
11.900001 11.967371
11.5 11.3718815
11.5 11.489625
11.599999 11.641944
11.900001 11.990707
12.1 12.233055
11.3 11.251246
11.400001 11.463573
11.7 12.150255
11.2 11.259811
11.2 11.226778
11.2 11.237444
11.599999 11.872757
11.3 11.312672
11.2 11.272333
11.1 11.351247
11.7 11.75247
11.3 11.529553
11.3 11.390207
12.199999 12.121507
11.2 11.268765
11.7 12.320219
11.5 11.57365
11.2 11.210434
13.200015 12.475528
12.1 11.910254
11.8 11.919651
11.599999 11.679985
10.250515 10.645593
11.3 11.2174835
12.199999 12.168786
11.3 11.327883
11.5 11.667009
11.5 11.441362
11.1 11.757252
12.299998 11.61039
11.5 11.505744
13.777781 13.072652
11.3 11.25272
12.245087 12.180185
11.999998 12.092516
12.1 10.871549
12.1 11.955621
12.499997 11.780342
11.3 11.303404
10.49794 10.696372
11.999998 12.094048
13.000009 12.838184
10.40103 10.49876
11.5 11.5333
11.599999 11.687651
10.9 11.074889
11.3 11.355934
12.300659 12.240667
10.6 10.450117
11.1 11.261164
11.5 11.61887
11.5 12.373542
11.5 11.914915
11.2 11.438059
10.4 10.754702
13.299971 12.038725
12.499997 12.440919
11.400001 11.417888
11.1 11.210227
11.400001 11.300718
11.8 11.845757
11.2 11.261641
11.2 11.306962
11.400001 11.486184
11.400001 11.533818
11.3 11.328648
11.986056 12.98311
11.2 11.298338
11.400001 11.357985
11.8 11.924011
12.499997 11.994492
11.8 11.922323
11.5 11.507272
12.699998 12.659859
10.9 11.056551
11.8 12.630858
12.1 11.855011
13.953872 11.599028
11.900001 11.944562
11.884098 11.960522
11.1 11.236357
11.599999 11.621855
11.599999 11.653305
11.2 11.727844
15.1 14.8013115
11.2 11.356801
12.158986 11.313048
11.2 11.566326
11.2 11.289942
11.2 11.258537
11.5 11.545761
11.1 11.525673
14.21351 14.258538
12.699998 13.092814
10.4 10.339314
13.000009 12.211741
11.599999 11.765705
11.2 11.312466
11.999998 12.053539
13.000009 11.978468
12.668636 12.204617
11.8 11.400657
11.445824 10.820576
11.7 11.886637
11.1 11.175005
11.254902 11.263104
11.2 11.324295
10.1 10.2893715
10.40103 10.713217
13.299971 13.537303
11.8 11.879231
11.2 11.256565
11.5 11.528469
11.2 11.213604
11.400001 12.270117
12.499997 13.086342
11.3 11.6098795
12.039302 12.20575
11.1 10.3813305
11.1 11.181015
11.599999 11.694647
13.600039 13.3295145
10.1 10.267653
11.900001 12.025562
11.400001 11.49434
10.59485 10.5061245
13.000009 13.084298
15.999629 15.407279
12.599997 12.6283
11.2 11.287825
11.7 11.790044
11.2 11.632651
11.1 11.583451
11.318286 11.315286
11.7 11.716988
14.805467 13.687701
11.900001 11.773182
10.2 10.682867
11.900001 11.923517
11.543697 11.413319
12.399998 12.225054
11.1 11.276598
12.799992 12.023176
11.2 11.231259
11.400001 11.370125
11.400001 11.619515
11.5 11.612711
11.2 11.295332
11.900001 11.970459
11.2 11.253252
11.1 11.10338
11.8 11.665556
11.2 11.289456
12.499997 12.0096655
11.3 11.421491
12.719789 12.181119
11.2 11.2617445
11.1 11.295547
11.177759 11.251925
12.199999 11.738473
11.599999 11.360528
11.900001 11.810542
12.499997 11.620988
11.5 11.306295
11.599999 11.6714115
12.399998 12.313296
13.600039 13.472619
13.399989 12.384737
11.2 11.337913
13.299971 12.828427
11.3 11.863388
13.500008 13.855384
11.8 12.330267
11.3 11.408939
12.901632 13.191934
11.2 11.465008
11.5 11.42952
12.1 12.185076
12.499997 12.182127
11.900001 11.879776
10.3 10.605358
11.5 11.619624
11.3 11.39696
10.40103 10.374433
11.2 11.238787
11.8 11.85015
11.999998 11.866261
11.400001 11.285863
13.1 11.867344
14.600313 13.889271
12.299998 12.2469015
11.2 11.2646475
11.999998 11.843026
11.5 11.270992
13.344125 11.875498
15.359637 14.180353
11.5 11.917904
11.2 11.251273
9.79897 10.251195
11.900001 11.946359
11.400001 11.568806
11.719789 11.860232
11.2 11.349253
11.599999 11.703178
11.1 11.211565
12.699998 13.069352
9.79897 9.885406
10.1 10.400623
11.1 11.236532
11.5 11.450994
12.199999 12.0887165
11.2 11.24608
11.2 11.847161
11.986056 11.939569
11.3 11.330564
11.2 11.258724
11.508935 12.006799
10.79897 10.605753
10.1 10.700274
9.79897 9.989461
11.1 11.41698
11.1 11.224066
12.299998 12.175497
11.8 11.83868
11.7 11.970947
9.70206 9.873488
11.3 11.300359
11.900001 11.952879
12.799992 12.533942
11.599999 11.3777075
11.599999 11.624751
14.999629 13.014769
12.899998 13.134696
11.3 11.385841
15.600313 15.205856
12.199999 12.342937
11.7 11.772043
11.1 11.243387
11.900001 11.928976
13.399989 12.316563
11.599999 11.586387
11.2 11.282993
12.899998 13.106751
11.5 11.511818
11.400001 11.415381
11.900001 12.164773
11.8 11.860113
11.15061 12.659604
10.40103 10.438986
11.2 11.273849
11.5 12.361825
11.2 11.305971
12.399998 12.347755
12.699998 11.956174
11.400001 11.59061
14.901343 13.793762
11.19691 11.330096
12.314129 12.034611
13.399989 13.555261
13.299971 12.697754
10.70206 10.638435
11.2 11.235567
11.1 11.433803
11.2 11.28809
11.3 11.521744
12.299998 12.704233
14.600313 14.650408
11.999998 12.069523
11.599999 11.240503
11.1 11.144604
11.400001 11.493724
13.1 13.0868225
11.058607 11.159191
11.400001 11.317951
11.900001 11.972991
11.1 11.229925
11.2 11.267994
11.1 11.260496
11.3 11.437122
11.3 11.299763
11.900001 11.951696
11.999998 12.208137
11.599999 11.755697
12.155518 12.114372
13.999974 14.352086
11.8 11.9003105
14.200179 14.339261
11.900001 11.836596
10.1 10.304106
12.499997 12.646977
13.70206 13.839953
11.900001 11.778058
11.3 11.24716
11.821246 11.857899
11.8 12.011617
11.5 11.606915
11.224938 12.163789
11.1 11.162025
13.1 13.363297
11.900001 11.97925
11.900001 11.921469
11.8 11.740117
11.599999 11.488284
11.1 11.200698
11.3 12.446303
11.1 11.175436
11.7 11.779686
10.321849 10.286339
11.2 11.273236
11.8 11.403635
11.400001 11.446026
11.1 11.192034
11.2 11.465101
11.5 11.673405
11.900001 11.956845
12.1 12.478978
11.2 11.219179
10.40103 10.245237
12.499997 12.375168
11.400001 11.657599
14.1 13.639268
11.900001 11.970668
12.299998 11.946243
11.2 11.261631
12.699998 12.187754
11.1 11.80866
11.5 12.1842375
11.599999 11.826839
13.000009 12.0580225
11.1 11.216334
11.900001 11.941805
11.5 11.527484
10.3 11.240833
11.2 11.228122
11.999998 12.4139185
11.2 11.270727
11.2 11.300751
12.499997 13.2334795
11.8 11.7230215
11.900001 11.941927
11.1 11.255963
11.599999 11.695346
11.1 11.2301445
10.738272 10.653255
11.599999 11.4573555
10.79897 10.953136
13.800057 14.199789
11.5 11.573655
12.699998 12.054277
11.2 11.438521
11.2 11.33632
11.8 11.928735
11.1 11.633384
11.5 12.3973675
11.999998 11.730657
11.3 11.388588
11.7 11.623422
13.1 11.638309
11.900001 11.945499
11.999998 11.975876
11.3 11.270427
11.8 11.902521
10.5 10.760213
11.8 11.667288
11.7 11.197056
10.1 10.751127
11.3 11.618698
11.11059 11.238579
13.399989 12.05982
11.1 11.243304
12.299998 12.068799
12.399998 12.157219
11.8 11.87635
14.282827 10.699867
11.599999 11.703857
11.1 11.225427
11.2 11.224072
11.599999 11.671156
11.2 11.276567
11.900001 11.945027
11.8 11.849119
11.7 11.944171
10.1 10.459053
11.164493 10.483207
11.3 11.399487
11.2 11.272457
11.2 11.247136
11.999998 11.903052
11.2 11.195135
11.999998 12.049498
11.900001 11.943615
12.499997 12.536768
11.2 11.224152
11.1 11.234177
11.1 11.25144
11.7 11.683044
13.699981 13.708736
11.1 11.180071
12.1 11.583888
12.299998 12.114151
11.5 11.607552
13.075391 13.831798
11.5 11.603718
11.2 11.259911
11.3 11.268582
12.549997 12.490648
11.8 11.930287
11.56133 12.220203
11.2 11.265052
11.900001 11.954833
11.8 11.887622
11.2 11.259247
12.299998 11.680097
11.2 11.241239
10.622879 11.147213
11.3 11.329215
11.19691 11.238925
11.999998 12.074283
11.2 11.2588005
12.89588 11.987202
11.2 11.914797
10.224938 10.240841
11.8 11.866726
14.1 14.0473175
11.5 11.511596
11.3 11.323209
11.2 11.365633
11.5 11.616626
11.5 12.165204
11.5 11.620483
11.5 11.48764
11.2 11.530811
12.199999 12.208281
12.799992 13.138668
11.5 11.5037365
11.1 11.238903
11.2 11.318008
12.299998 11.869092
11.599999 11.799305
11.400001 11.615669
11.2 11.201472
11.400001 11.599422
11.2 11.303281
11.900001 11.88528
11.900001 11.9784355
11.900001 11.918789
11.2 11.234509
11.900001 11.937852
11.2 11.251471
11.599999 11.294914
10.40103 10.983096
11.1 11.686907
11.622879 11.519663
13.299971 13.677711
11.400001 11.425299
11.1 11.328673
11.2 11.254627
11.1 11.169542
11.5 11.231989
11.900001 12.083527
12.299998 12.24711
11.2 11.26273
11.1 11.319492
11.0 11.396284
11.5 11.654633
11.7 11.769527
11.5 11.588185
11.2 11.308899
11.5 12.03153
13.058607 12.842057
11.2 11.314351
11.400001 10.876623
11.900001 12.095995
12.299998 12.513681
11.900001 11.955584
11.7 11.72224
11.2 11.2800045
11.900001 11.969038
11.2 11.294063
11.2 11.348932
11.7 11.785223
11.599999 11.353334
11.900001 11.959021
11.8 11.921392
11.400001 11.2684145
12.742065 13.072383
11.3 11.689656
11.2 11.967297
12.699998 12.116266
12.699998 12.788203
11.1 11.407459
11.1 11.236224
11.3 11.421155
11.2 11.260866
11.7 11.730906
13.000009 12.209224
11.999998 12.088583
11.5 11.445825
11.599999 11.620819
11.7 11.448872
11.3 11.679959
11.40103 11.434388
12.499997 12.008343
11.7 11.84553
11.1 11.225203
12.399998 12.395864
10.9 10.405595
11.1 11.259352
11.400001 11.252361
11.999998 11.942862
12.1 12.31094
11.5 11.549368
11.7 11.842586
12.499997 12.755748
11.2 11.246039
11.999998 12.080598
11.3 11.435292
13.000009 12.468311
11.2 11.314734
11.900001 11.935231
10.3 10.809154
11.2 11.280157
11.900001 11.91932
11.8 11.4277115
11.900001 11.962925
11.599999 11.584264
11.204387 11.297995
10.622879 10.67586
15.1 12.807681
11.900001 11.960021
13.299971 12.723728
11.2 11.266647
11.2 11.261095
10.622879 10.660772
11.8 11.938648
11.7 11.7097225
12.1 11.903533
11.2 11.302347
11.2 11.279897
11.999998 11.908834
12.299998 11.680555
11.2 11.313341
13.000009 12.776248
11.2 11.345267
11.999998 11.789356
13.999974 14.192237
11.5 11.5514965
12.699998 12.595017
13.600039 12.220594
12.1 13.080602
13.600039 13.280259
11.7 11.945126
11.900001 11.954411
13.200015 12.914891
11.2 11.253446
13.336572 13.224135
11.999998 11.271572
11.2 11.568309
10.622879 10.571325
11.2 11.260895
11.3 11.356585
11.1 11.209406
12.499997 12.410138
11.1 11.2557
11.7 11.755452
12.399998 12.362019
11.2 11.702508
11.2 11.252951
11.2 11.327142
11.5 12.240704
11.2 11.235462
11.5 11.605903
11.5 11.539828
11.7 11.779541
11.7 11.777927
11.400001 11.412647
11.2 11.2436285
11.2 11.473476
11.900001 11.945388
11.2 11.322293
11.999998 11.262709
11.5 11.530351
11.599999 12.964109
11.1 11.206881
12.399998 12.361508
11.599999 11.702839
11.19691 11.453155
11.7 12.044727
12.299998 11.946863
12.699299 13.241851
11.5 11.973771
11.900001 11.943429
11.999998 11.961052
11.599999 11.742328
11.5 11.461465
11.8 11.859101
11.1 11.254581
12.499997 12.232063
11.5 11.6131115
11.7 12.100267
10.7 11.630584
12.599997 11.988514
11.3 11.346926
11.3 11.878321
11.900001 12.140148
12.199999 11.932648
11.599999 11.476038
12.699998 13.172096
11.599999 11.755244
11.8 11.908905
11.400001 11.410764
12.199999 12.31982
11.400001 11.986036
13.399989 11.44385
11.900001 12.0496435
11.599999 11.591512
12.399998 12.125322
11.1 11.154371
13.500008 14.087111
11.1 11.316951
11.2 11.238171
11.900001 11.943971
11.254902 11.284746
11.8 11.394407
11.2 11.914629
11.999998 12.010371
11.2 11.233101
11.900001 11.931112
11.2 11.307423
11.900001 11.806141
10.777781 10.256678
11.5 11.299881
11.900001 11.656888
10.622879 10.663679
13.200015 11.523514
11.49794 11.510077
11.900001 12.500078
13.1 12.812264
11.1604805 10.851168
11.3 11.555868
11.1 11.652966
11.2 11.368632
11.2 11.304601
11.3 11.614479
10.9 10.675907
11.8 11.961902
10.3 10.078987
11.900001 11.953165
10.923909 11.13545
13.699981 11.973004
11.5 11.569289
11.5 11.324621
11.3 11.269241
11.7 11.606001
11.7 11.6131
11.1 11.22662
10.40103 11.172255
11.2 11.321373
11.599999 11.599159
11.599999 11.314856
11.12048 11.24266
12.1 12.527495
10.622879 10.722876
11.8 11.831154
12.199999 12.549781
13.699981 13.758323
12.589455 12.199575
11.599999 11.714495
11.3 11.491426
11.900001 11.987332
11.2 11.321536
11.999998 12.03528
11.476309 11.553192
10.549771 11.506689
12.399998 12.148096
11.900001 11.976551
10.938632 10.682147
10.9 10.463394
10.4 10.493309
12.699998 12.266779
12.299998 12.247429
11.999998 12.75707
13.399989 13.139595
11.900001 11.399328
13.1 11.398455
14.200179 13.043427
9.79897 9.825037
10.40103 11.410069
11.400001 11.628597
11.8 11.895802
11.2 11.300604
11.400001 11.540387
11.5 11.62229
13.191515 13.101025
10.70206 10.724209
11.3 11.317672
13.299971 13.195252
11.999998 12.0182905
11.2 11.326547
11.5 11.579621
11.1 11.263448
12.1 12.031355
12.199999 12.12672
11.1 11.16412
13.500008 14.289945
11.7 11.75732
11.1 11.302241
11.2 11.341097
10.242667 10.253561
11.8 11.890383
10.577556 10.634576
11.1 11.186343
10.555932 10.678755
13.999974 12.762546
11.900001 12.112229
11.7 11.758742
11.1 11.225541
11.7 11.81851
11.2 11.272361
11.2 11.266486
11.1 11.308517
11.900001 11.972125
11.3 11.912957
10.2 10.259235
11.900001 11.9564295
11.2 11.261842
11.2 11.654689
11.5 11.698537
12.499997 12.823312
11.1 11.14823
10.5 10.375607
10.869551 10.8050995
11.2 11.364559
11.8 11.918309
11.7 11.765051
11.400001 11.374676
11.599999 11.684301
11.3 11.397942
11.8 11.778656
11.3 11.385438
11.2 11.3114605
12.199999 11.957182
11.2 11.40613
12.199999 12.099331
11.7 11.860195
13.200015 12.746858
11.8 12.25104
10.70206 10.669255
11.2 11.6473255
11.1 11.273792
11.5 11.6291895
11.3 11.445617
11.400001 11.492903
12.799992 12.732279
11.999998 12.325194
11.900001 11.954572
11.40103 11.672963
11.1 11.365763
11.2 11.497363
11.2139435 11.3035345
11.2 11.195501
11.8 12.237211
11.3 11.303712
11.599999 11.564389
12.499997 12.160378
12.1 12.124732
14.700326 13.984806
11.400001 11.402292
13.219187 12.054064
12.599997 13.271235
11.1 11.252522
11.900001 11.678364
11.1 10.954369
11.1 11.218398
11.8 11.874421
14.254902 14.5556
13.699981 13.522273
12.1 10.284809
11.8 12.172614
12.1 12.423726
10.555932 10.7795515
11.3 11.550358
10.058607 10.2031
11.1 11.190328
13.200015 12.290191
13.622879 12.283653
11.900001 11.9541645
13.1 13.374076
13.699981 11.85083
11.400001 11.482544
11.599999 11.56455
11.1 12.811499
10.1 10.876306
11.2 11.341048
11.1 11.622128
11.2 11.334606
11.239147 11.938607
11.599999 11.467015
11.1 11.164308
11.900001 12.022847
11.400001 11.542775
12.599997 12.320656
11.900001 11.972517
11.2 11.151993
11.1 11.264316
11.3 11.812273
11.900001 11.962643
11.3 11.335171
12.399998 11.997826
11.986056 11.598815
11.8 11.893913
11.2 11.244684
14.1 14.3745985
11.5 11.579182
11.1 11.203091
13.800057 12.715678
11.5 11.684747
10.242667 10.98687
11.2 11.307824
12.299998 12.076397
11.8 12.293491
11.5 11.828287
11.1 11.21136
11.7 11.850126
11.7 11.720434
11.7 11.757082
11.520216 11.26458
13.1 12.394692
11.349999 11.570862
11.400001 11.499212
11.2 11.287845
11.7 11.800851
13.800057 12.633824
11.400001 11.4289
11.400001 11.453779
11.400001 12.364472
11.7 11.72839
11.2 11.331749
11.599999 11.987946
12.668636 12.393579
11.2 11.244769
11.400001 11.541788
11.999998 11.985033
14.1 13.1350765
11.900001 12.042475
11.1 11.2008505
11.900001 11.820523
11.1 11.243397
12.399998 12.436797
11.1 11.150879
12.699998 11.66375
12.199999 11.822536
12.499997 11.798372
11.2 11.450624
11.2 11.288925
12.599997 12.666001
11.2 11.264341
11.8 11.809528
12.499997 11.6182575
11.2 11.252668
11.2 11.304592
12.799992 12.028592
11.2 11.272928
11.999998 12.290189
13.321849 13.298938
10.145758 10.2596035
11.900001 11.799933
11.5 11.604532
11.1 11.369147
11.1 11.2241
11.999998 12.010199
11.1 11.269902
11.999998 12.021161
11.400001 11.4911175
12.1 12.397925
12.1 12.763693
11.900001 12.003985
11.2 11.304277
11.900001 11.978034
12.699998 13.109594
11.5 11.632549
11.8 11.910426
11.999998 12.146162
13.299971 13.260409
11.5 11.58481
11.3 11.530965
11.2 11.237513
11.1 11.162079
11.999998 11.852653
11.900001 11.998989
11.5 11.975573
11.2 11.30794
11.900001 11.374432
11.999998 11.985947
11.2 11.253172
11.5 11.527744
11.999998 11.941884
11.999998 12.034892
11.999998 11.509792
12.399998 12.467481
12.239662 12.042475
11.8 11.86916
12.299998 12.325056
10.3 10.397431
11.2 11.234918
14.500117 13.370237
14.79897 14.5324
11.35 11.28434
11.0 10.562805
11.900001 12.396799
11.5 11.870546
11.2 11.249768
11.1 11.231565
11.8 11.849144
11.5 11.224974
11.8 11.882956
11.7 11.866386
11.599999 11.583986
11.1 11.227184
10.805533 11.028909
11.3 11.323105
10.70206 10.730831
11.2 11.282115
11.1 11.194305
13.000009 13.870566
11.2 11.255707
11.2 11.203209
11.1 11.2449665
13.1 13.4599905
12.1 11.55844
11.280576 11.389647
10.1 10.413853
11.2 11.380032
11.599999 10.996404
11.2 11.342424
11.1 11.233141
11.400001 11.460679
11.900001 11.776539
14.500117 14.171232
10.622879 10.468772
11.7 11.786992
11.3 11.473555
11.5 11.679889
11.400001 11.390295
10.40103 10.762245
11.3 11.360733
11.8 11.935177
12.499997 12.523176
12.850003 11.965424
13.219187 11.870439
11.1 11.260908
11.3 11.419842
11.599999 11.491314
12.399998 12.694488
11.2 11.247619
11.5 11.852957
11.2 11.468672
11.900001 11.269203
10.5 10.331081
11.599999 11.711535
11.2 11.244533
12.399998 12.27153
11.2 11.28969
11.1 11.386537
11.400001 11.411179
12.199999 12.927991
11.599999 11.816971
12.599997 12.228535
11.2 11.392534
13.986056 13.629806
11.8 11.766625
11.3 11.466742
13.399989 13.626
11.2 11.3283615
11.2 11.3069935
10.3 10.662196
11.8 11.890391
11.2 11.236
11.5 11.46003
10.79897 10.695672
11.5 11.5635
12.1 11.411998
11.8 11.88724
11.900001 11.967777
11.999998 12.016943
11.7 11.570612
11.7 11.484402
12.601689 12.847807
11.5 11.953505
11.1 11.264799
11.2 11.315499
11.2 11.17505
11.202373 11.059105
10.872113 11.035889
11.400001 11.584207
11.2 11.772404
10.40103 10.897733
12.190621 11.909384
10.1 11.569673
11.5 11.45892
11.2 11.289589
11.1 11.240846
10.3 10.200878
11.8 11.9122715
11.79897 12.261594
11.900001 12.062837
11.400001 11.389817
11.599999 11.457516
10.5 10.48929
10.40103 10.488683
14.1 12.935504
11.8 11.919699
11.5 11.484785
11.2 11.257695
13.600039 13.435173
11.900001 11.911524
11.8 11.941288
11.400001 11.440191
11.900001 11.99355
12.199999 12.242846
11.7 12.030118
11.2 11.289354
11.7 11.813409
12.299998 12.235417
11.2 11.240241
12.399998 11.967053
11.273925 11.269531
11.999998 12.08349
12.807404 12.540849
11.999998 12.083911
9.47675 9.450787
11.1 11.192419
13.500008 12.935131
13.650009 13.145297
12.651294 13.007894
11.900001 12.346027
11.8 11.889267
13.999974 11.849217
11.2 11.23651
11.5 11.639884
11.3 11.296098
11.2 11.67692
13.1 12.907821
11.5 11.55736
11.999998 11.698882
11.289096 11.634499
13.622879 13.573645
11.599999 11.7322855
11.900001 11.937698
14.600313 13.370973
11.3 11.305807
11.2 11.214502
11.5 11.3496065
11.599999 11.579895
13.500008 12.902076
12.1 12.140422
11.3 11.233387
12.299998 11.955187
11.1 11.205321
11.1 11.50172
11.2 11.3016205
10.1 11.462213
13.000009 13.517295
11.599999 11.367048
14.881657 12.801518
11.2 11.243208
11.900001 12.076069
11.999998 12.034108
12.1 11.971134
12.599997 11.774113
12.499997 13.087685
11.40103 11.771369
11.900001 11.948629
11.5 11.534414
11.8 12.2987175
11.900001 12.361184
11.599999 11.757522
12.799992 12.679109
11.2 11.44268
11.7 11.509806
11.3 11.43539
11.1 11.45837
11.3 11.966442
11.3 11.538347
11.8 11.912542
11.3 11.402088
11.8 12.15296
11.900001 11.663746
11.104364 11.345709
11.15 11.4689045
11.5 11.526056
11.1 11.232525
11.1 11.28259
12.599997 13.139459
11.1 11.915936
11.400001 11.450907
12.399998 11.829908
11.1 11.267586
12.149149 12.663787
11.7 11.746283
11.1 11.201718
11.900001 11.975611
11.1 11.283218
10.1 10.92119
11.900001 11.932381
11.2 11.307428
11.2 11.29631
12.1 11.455536
12.599997 12.9092245
11.2 11.226368
10.622879 10.643934
12.899998 13.472261
13.000009 12.488162
11.400001 11.464588
12.899998 12.514367
11.3 11.293646
11.400001 11.427958
11.400001 11.278058
11.400001 12.328895
11.999998 11.69378
11.8 11.92094
11.5 11.732294
11.1 11.360501
11.3 11.318384
11.3 11.551552
11.1 11.199791
13.299971 13.329524
11.7 11.860795
11.5 11.570827
11.5 11.558691
13.600039 11.958456
11.5 11.474863
11.5 11.660892
11.685027 12.334625
10.5 10.362535
11.599999 11.589359
11.2 11.246495
11.599999 11.308134
11.1 11.284733
12.699998 12.751561
11.8 11.85858
11.5 11.591538
11.3 11.463064
11.599999 11.491241
11.5 11.67826
13.200015 12.886054
11.400001 11.48024
11.986056 11.4978075
12.1 12.238203
11.400001 11.434993
11.2 11.271994
11.2 11.293855
11.900001 11.878563
12.392429 11.232578
13.399989 12.711772
11.2 10.661279
11.2 11.285436
12.601689 12.86518
11.2 11.249394
12.1 12.040791
11.8 11.923687
10.165502 10.20249
11.2 11.271258
12.499997 12.272766
12.899998 12.630666
11.2 11.253014
14.351812 14.3470545
14.500117 13.239425
11.999998 11.971334
10.70206 10.680521
11.5 11.875526
11.5 11.655943
11.5 11.874167
11.5 12.015462
11.599999 12.220161
13.200015 12.567262
12.485103 12.746768
11.7 11.737041
11.2 11.5684395
11.2 11.313715
11.900001 11.872311
12.499997 12.541712
11.8 11.537536
11.2 11.254061
11.900001 11.973024
11.1 11.249489
12.399998 13.036629
11.999998 11.959416
11.999998 12.034351
12.40103 10.854886
11.900001 11.976196
11.2 11.242869
11.5 11.571821
13.500008 13.105286
11.400001 11.656425
12.399998 11.883805
11.2 11.290105
11.900001 11.778638
11.2 11.357235
11.3 11.434053
12.199999 12.27528
12.299998 12.638839
11.8 11.9024
11.1 11.137642
10.6 10.42803
11.1 11.217485
11.3 11.30178
11.1 11.499421
11.3 12.336681
11.400001 11.437582
11.900001 11.947523
11.7 11.889025
13.1 12.747783
11.1 10.686668
13.254902 13.606929
11.738272 12.269335
11.8 12.16885
13.800057 13.314634
11.5 11.369118
11.1 11.238109
11.1 11.256501
11.5 11.643913
14.600313 14.916061
11.599999 11.7842865
12.699998 13.155655
11.1 11.242802
10.79897 10.5974865
11.1 11.2685995
12.1 12.057594
11.1 11.371559
11.1 10.829016
11.5 11.586597
11.999998 12.032297
11.2 11.250923
14.200179 14.747861
13.4372425 13.527711
12.499997 12.552946
11.5 11.4443
12.399998 11.501663
11.1 11.131573
11.400001 11.451695
11.1 11.215088
10.1 10.284031
11.5 11.828923
11.923909 12.370017
13.399989 12.941307
11.622879 11.659929
11.7 12.095911
11.2 11.266481
11.1 11.2048025
11.599999 11.596057
11.581486 11.476931
13.200015 12.529609
12.899998 13.311839
11.2 11.306737
11.3 11.866289
12.699998 12.294043
12.685027 12.442841
11.999998 12.076033
11.8 11.842413
10.2 10.8821335
11.2 11.356929
12.299998 11.206249
11.1 11.221357
11.400001 11.377146
12.299998 12.200033
11.2 11.294912
11.5 11.81548
11.1 11.516806
11.599999 11.635339
11.2 11.237265
11.400001 11.684738
11.2 11.30287
13.531798 12.757653
11.1 11.2582245
11.599999 11.619723
12.1 11.836918
11.2 11.238234
11.900001 11.959537
12.299998 11.963362
13.800057 13.412278
13.200015 12.109799
11.999998 12.027011
11.1 11.888665
11.900001 12.108933
13.299971 13.166585
11.2 11.260534
12.199999 12.198492
13.800057 13.646407
11.599999 11.650593
11.8 11.892501
11.7 11.807883
11.2 11.261513
11.8 12.21561
11.8 11.872717
11.1 11.17253
11.498559 11.716415
11.3 11.306122
12.1 11.730875
11.1 11.264448
11.5 11.48981
11.999998 12.039341
11.599999 11.761744
10.40103 10.322735
11.900001 11.6556225
11.2 11.262267
12.8447275 12.010567
13.000009 12.450218
11.3 11.245344
11.900001 11.981152
11.2 11.414944
11.2 11.349429
11.1 11.503689
11.3 11.5506735
11.8 11.733597
11.667832 13.176395
11.1 11.290966
13.000009 12.4745
11.599999 11.425057
11.2 11.283945
11.900001 11.926261
12.199999 12.103413
11.999998 11.861696
10.622879 10.696644
10.79897 10.917824
11.932683 12.431367
12.199999 11.944284
11.2 11.285249
11.900001 11.946468
11.020819 11.502116
11.8 11.879627
11.7 11.751452
12.199999 11.864726
11.900001 11.961127
11.2 11.338833
14.1 14.737819
11.900001 12.012132
11.3 11.269715
14.299971 14.081893
11.2 11.405878
11.599999 11.674554
11.5 12.393979
11.400001 11.435469
11.3 11.532108
10.8 10.810619
11.2 11.312472
11.900001 12.020802
14.321849 13.695553
11.900001 11.939461
11.5 11.569136
13.399989 13.251357
11.3 11.495784
11.7 11.297463
11.2 11.275864
12.953999 12.799069
11.2 11.309109
11.1 11.176123
11.1 11.215425
11.3 11.371391
11.5 11.538556
11.1 11.280395
11.8 11.848344
13.899971 13.316013
11.5 11.5018215
11.999998 12.008131
12.699998 12.356708
11.900001 11.988424
11.2 11.50725
11.999998 12.229121
11.8 11.887535
12.799992 12.303935
11.900001 11.966307
11.1 11.224792
12.499997 11.828125
11.8 12.42289
11.2 11.264259
13.699981 14.022437
12.299998 12.836152
11.8 11.905864
11.1 11.240355
11.2 11.277389
10.5 10.366748
11.900001 11.952286
11.400001 10.364109
11.3 11.418719
11.1 11.174411
12.899998 12.721843
12.299998 11.875791
11.70103 11.726547
11.400001 11.334255
11.3 11.313104
11.8 11.89189
12.1 12.008328
13.200015 13.024636
11.400001 11.54747
11.5 11.626687
11.900001 11.937153
11.3 11.345846
11.8 11.893709
11.400001 11.52166
11.40103 11.615957
11.1 11.305024
12.699998 12.252201
11.5 11.616496
11.1 11.223934
11.900001 11.910625
12.71261 12.759472
12.499997 11.781944
13.699981 12.455802
11.49794 11.636725
11.599999 12.050534
12.799992 12.130735
13.531798 12.995144
11.2 11.225694
11.2 11.2450905
11.3 11.313298
11.8 11.90464
11.3 11.364731
11.1 11.213038
11.400001 11.4183655
12.199999 12.092958
11.8 11.320396
11.599999 11.726103
10.2 10.215138
11.1 11.310777
11.2 11.252266
10.1 10.447716
10.70206 11.206886
11.3 11.498938
11.1 11.235356
11.900001 11.850723
11.3 11.46354
11.1 11.24626
12.537707 12.205505
11.599999 11.611306
10.555932 10.843027
11.5 11.68911
11.1 11.2128525
11.400001 11.465518
12.869551 13.217782
11.7 11.656636
11.400001 11.174201
12.599997 11.911067
12.199999 12.171529
11.400001 11.815966
11.2 11.394449
14.652842 13.291081
11.1 11.178728
11.7 11.934904
12.324754 12.827806
11.1 10.318731
11.2 11.394102
11.2 11.227179
12.499997 11.815697
11.400001 11.608305
11.1 11.223239
11.2 11.951277
11.8 11.920622
12.1 12.210346
14.1 13.994442
11.999998 12.024479
12.812984 11.044475
11.3 11.322647
12.1 11.865261
11.400001 11.524316
11.599999 11.655798
11.900001 12.01586
11.999998 12.022136
11.7 11.652583
11.999998 12.025934
11.2 11.286291
11.669136 12.20376
11.900001 11.925041
11.5 11.684248
11.84958 11.521967
11.900001 11.963438
11.7 11.761956
11.5 11.951033
11.2 11.238574
11.900001 12.245993
11.5 11.685103
11.2 11.298577
13.600039 12.797531
11.923909 12.070217
11.900001 11.981472
11.254902 11.928315
11.2 11.676339
11.7 11.909127
11.900001 12.003774
11.5 11.356699
11.900001 12.366743
11.3 11.305937
13.299971 12.716612
11.999998 11.606218
11.2 11.328886
11.900001 12.0033865
11.1 11.293471
11.900001 11.942465
13.899971 12.080023
11.900001 11.950158
10.1 10.147768
11.5 11.947211
14.236677 14.24944
9.40103 9.464628
11.7 11.631538
11.400001 11.283882
11.8 11.9589815
11.599999 11.325734
11.3 11.394245
11.7 11.8745
11.2 11.279634
11.8447275 12.07999
11.5 11.414185
12.1 12.165281
9.79897 9.837786
12.7090645 14.354223
11.3 12.47623
11.2 11.245927
11.5 11.721929
12.1 11.664726
10.4 10.357353
10.40103 10.213389
11.7 11.901926
11.900001 11.938898
12.1 13.016355
12.399998 12.567277
11.2 11.269867
11.900001 12.008738
13.699981 12.984708
11.599999 11.625761
9.893174 9.941168
11.3 11.33188
11.900001 11.976231
13.49794 13.049581
11.8 11.914777
13.500008 13.41947
12.799992 12.33007
13.800057 12.905593
14.200179 13.38391
11.599999 11.267022
11.5 11.447381
11.3 11.363716
10.1 10.2581005
11.696879 12.697225
11.8 11.983067
11.79897 11.490393
11.699999 12.064108
11.3 11.376053
11.8 11.888447
11.5 11.531034
12.699998 12.305954
11.5 11.5212345
12.399998 12.532617
11.2 11.279085
11.2 11.679478
12.359637 12.360735
11.900001 11.962942
11.5 11.617694
10.4 10.445057
16.141392 14.973802
13.399989 13.2414665
11.7 11.691015
15.1 14.489534
11.1 11.249219
11.599999 11.617982
11.3 11.327936
13.200015 12.724044
11.999998 11.996688
11.7 11.350317
11.8 11.887356
12.199999 12.422698
11.3 11.33678
11.2 11.240038
13.899971 12.695633
11.567883 11.338242
11.900001 11.961769
11.900001 11.967014
11.3 11.461662
11.1 10.992062
11.8 11.95014
11.8447275 11.783745
11.3 11.543733
11.1 11.232676
10.40103 10.437457
11.652842 12.904929
11.2 11.266733
11.900001 11.95642
11.2 11.283442
11.7 11.889734
11.3 11.357391
12.699998 11.8935585
11.5 11.571559
11.900001 11.961163
11.7 11.863073
12.699998 11.909738
11.3 11.293299
11.5 11.282167
14.299971 14.113584
12.1 11.849987
11.7 11.875466
11.900001 11.428717
12.199999 12.389407
11.1 11.263239
11.7 11.291981
13.21351 13.039858
10.1 10.174934
11.5 11.849208
11.5 11.745847
11.2 11.273302
11.900001 11.8746395
11.900001 12.005293
13.399989 13.110166
10.40103 10.515055
11.5 11.594254
11.900001 11.560057
10.79897 10.735401
12.1 11.962388
11.5 11.6160555
11.3 12.109871
11.1 11.2303295
11.999998 11.857301
11.3 11.358537
11.8 11.874842
12.599997 11.898445
11.599999 11.69636
12.199999 12.422494
11.400001 11.413315
11.1 11.244841
11.1 11.226065
11.999998 12.435704
11.2 11.34941
12.299998 12.632462
12.199999 12.532441
11.1 11.203919
11.999998 12.445378
11.8 11.6840515
11.5 11.887271
11.7 11.710842
10.1 11.564133
11.2 11.27067
10.351812 10.418961
11.1 11.202402
11.1 11.19628
11.1 11.589673
11.3 11.299495
11.2 11.333298
12.633132 13.216475
12.499997 12.668561
11.999998 12.244308
11.2 11.297207
11.999998 11.890867
11.400001 11.531791
11.400001 11.333341
11.400001 11.461767
11.400001 11.448181
11.1 11.211679
11.999998 11.371902
11.599999 11.645228
11.400001 11.447966
12.1 12.408872
11.3 11.555861
11.2 11.327436
11.2 11.180084
11.058607 11.204498
11.900001 11.977871
11.1 11.270697
11.5 11.8580265
11.1 11.212608
11.2 11.2595
11.8 12.252089
10.40103 10.382599
11.7 11.921174
11.900001 11.960907
11.2 11.240621
11.1 11.241278
11.5 11.378503
11.8 11.563915
10.777781 10.925158
11.3 11.270195
11.5 11.628081
11.900001 11.933601
11.7 11.986715
14.814443 12.305175
11.5 11.836026
11.1 11.216679
11.3 11.863197
11.400001 11.846833
11.3 11.600577
11.599999 11.861576
10.3 10.452627
11.3 11.436705
11.5685215 11.501213
10.581486 10.729471
11.7 11.730667
12.953872 12.56339
11.900001 11.941418
11.1 11.247986
11.2 11.283421
11.7 11.833143
11.599999 11.701216
11.400001 11.552449
11.3 11.38948
11.4 11.520182
12.899998 14.044536
11.1 11.259137
13.487216 13.577392
13.500008 12.720568
11.8 11.558336
11.1 11.294172
11.599999 11.639673
11.999998 11.959539
12.1 12.27921
13.999974 13.390675
12.70206 11.946602
11.3 11.293305
11.900001 11.465988
12.1 11.603034
12.1 12.966863
10.3 10.5754595
11.900001 11.981561
11.2 11.237837
11.7 11.789446
11.8 11.759903
11.5 11.593057
11.5 11.653765
11.999998 12.012826
11.1 11.251685
11.3 11.396476
11.869551 10.541815
11.3 11.320471
13.1 13.205058
11.400001 11.74271
11.8 11.754096
11.1 11.224016
11.1 11.18504
11.2 11.246341
11.1 11.227599
10.3 10.247743
10.70206 10.652509
11.999998 11.981082
12.299998 12.372738
11.599999 11.785006
10.40103 10.433569
11.5 11.382497
11.900001 11.958997
12.1 11.226313
11.5 11.530937
10.1 10.51683
11.7 11.695594
11.400001 11.407665
11.999998 12.3113575
11.8 12.299668
11.999998 12.09156
11.2 11.22503
11.900001 11.785507
11.8 11.908587
11.5 11.61071
11.999998 12.236175
11.1 11.223422
11.1 11.523113
11.7 11.931895
11.400001 11.2340765
10.078811 10.165554
11.8 11.978348
11.599999 11.643099
11.2 11.281142
11.3 11.312614
11.999998 12.201359
11.5 11.286856
11.3 11.504938
11.400001 11.29203
11.5 11.599952
11.7 11.796541
11.1 11.217651
10.70206 10.726126
11.427902 11.734844
12.899998 13.391333
11.8 11.850714
11.999998 11.991297
13.399989 13.281931
11.3 11.284899
13.299971 13.131876
12.1 12.32075
11.1 11.248219
10.5 10.401815
11.3 11.734628
11.599999 11.336859
11.7 11.862716
11.1 11.229119
10.79897 11.971397
13.600039 13.1096115
11.1 11.236726
11.1 11.848502
11.8 11.929749
11.2 11.278039
12.199999 11.591096
11.2 11.22272
11.900001 11.955341
13.1 13.62463
11.900001 11.948025
11.2 11.230476
11.1 11.214038
11.5 11.68504
11.1 11.178226
12.699998 12.602809
11.1 11.215429
11.2 11.267593
11.2 11.247892
13.200015 12.935355
10.4 12.910104
11.1 11.129892
11.7 11.441288
11.900001 11.995804
10.2 10.484487
11.2 11.258842
12.1 12.015581
11.1 11.278017
11.2 11.304744
11.2 11.249279
11.5 11.304612
13.600039 13.271164
11.2 11.264292
12.199999 12.115234
13.500008 13.146998
11.2 11.229465
11.5 11.45134
11.8 11.482842
11.8 11.810631
11.8 12.012798
11.400001 11.326256
11.3 11.383429
11.599999 11.624921
11.900001 11.91921
11.2 11.288576
11.599999 11.838516
11.900001 11.98905
11.2 11.264875
11.020819 11.15228
12.299998 12.565063
9.70206 9.536371
12.299998 11.757074
11.400001 11.437634
11.3 11.394362
11.5 11.71294
12.1 11.996191
12.299998 12.238604
11.2 11.258538
11.7 11.300883
11.1 11.569279
11.2 11.260277
12.799992 14.049708
11.8 11.898918
11.7 11.77822
11.599999 11.693874
10.1 10.299951
11.5685215 11.666154
9.79897 10.249342
11.8 11.958347
11.329148 11.778182
12.699998 12.596141
11.2 11.237129
10.923909 11.103596
13.800057 13.103467
11.3 11.455994
11.5 11.624886
11.5 11.572109
10.1 10.158023
11.400001 11.464325
11.8 11.831787
10.2 11.494246
11.400001 11.477784
11.599999 11.626372
11.3 11.358671
11.2 11.290239
11.5 11.587063
12.499997 12.458373
11.900001 11.959883
11.3 11.305611
11.8 11.878848
11.1 11.160412
12.699998 12.66224
10.47675 10.465973
11.1 11.254261
13.899971 12.947971
11.5 11.542616
12.599997 11.989477
11.5 11.704272
11.2 11.917815
13.500008 12.392337
13.1 13.9511795
12.877283 12.328945
10.7 10.293902
10.70206 11.306564
11.2 11.273579
11.8 11.875028
11.5 11.372324
11.3 11.309301
11.599999 11.463793
11.8 11.891111
10.622879 10.640274
11.999998 11.996849
11.900001 11.973086
11.5 11.547645
11.3 11.567626
11.543697 12.258398
11.400001 11.464607
12.399998 12.1801195
11.599999 10.350442
11.8 11.92279
12.199999 11.854616
11.2 11.29516
11.8 12.809405
11.1 11.229387
11.1 10.914026
12.199999 12.245994
11.2 11.295652
11.400001 11.450197
14.1 14.036369
11.5 11.294037
11.7 11.742298
11.520216 11.538657
11.3 11.681716
11.1 11.765947
13.899971 13.445492
12.199999 12.105047
11.5 11.557421
11.3 11.436796
11.8 13.610114
13.299971 12.676068
11.2 11.271601
11.900001 11.875818
11.699999 11.796949
11.400001 12.023015
11.900001 11.97534
11.8 11.697103
11.8 11.899256
11.400001 11.317925
12.543697 12.271404
12.1 12.28273
11.999998 12.189249
11.2 11.208271
12.555932 12.709338
11.2 11.341522
11.3 11.418463
12.499997 12.229162
12.248742 13.348823
11.3 11.385859
11.5 11.5548315
11.3 11.643588
11.3 11.339395
11.400001 11.350148
11.2 11.229396
14.400163 14.130748
12.299998 12.179842
11.1 11.228723
11.3 11.414232
10.622879 10.711452
11.8 11.757658
11.5 11.557016
10.5 10.580091
11.3 11.323664
11.2 11.258583
11.900001 11.255248
11.900001 11.691258
11.2 11.207378
11.1 11.1953125
11.2 11.641224
11.900001 11.979221
11.1 11.267517
11.1 11.223944
11.2 11.493568
11.900001 12.2787895
11.2 11.243507
10.2 10.163856
11.400001 11.804137
11.5 11.645602
11.2 11.2474575
12.199999 11.895125
11.1 11.260255
11.5 11.218838
11.900001 11.9665985
11.3 11.56595
11.400001 11.4221
11.900001 11.980705
11.900001 11.724622
11.7 12.091261
11.7 11.210402
11.900001 12.373171
11.3 11.362259
11.3 11.658686
13.500008 13.770324
11.2 11.285725
11.7 11.795017
13.600039 12.731678
10.1 10.8881855
14.5685215 14.3395605
12.899998 12.555484
11.2 11.227436
11.5 11.496504
12.499997 12.123474
11.1 11.228956
10.70206 10.713182
11.900001 11.936619
11.8 11.8556385
12.1 12.257707
11.2 11.968189
11.2 11.250891
11.900001 11.914986
11.5 11.963607
14.1 14.418503
13.299971 13.251855
11.8 12.052639
11.599999 11.697819
11.5 13.301217
11.821246 11.735483
11.1 11.262945
9.40103 9.37158
11.5 11.606443
11.400001 11.455112
11.8 11.890411
11.900001 11.833704
12.199999 12.150895
13.191515 13.163524
12.1 11.710463
12.668636 12.607889
11.1 11.264203
11.599999 11.722554
12.699998 13.202797
11.900001 11.911955
11.5 11.534355
11.1 11.275397
11.8 11.806301
12.1 11.979495
11.5 11.677366
13.600039 13.2795105
11.599999 11.686419
11.8 11.888668
11.400001 11.344273
11.900001 11.934058
11.7 11.76216
11.900001 11.966743
11.1 11.22451
11.400001 11.6675415
11.5 11.539609
11.2 11.277695
11.3 11.261301
11.18302 11.313295
12.799992 13.076214
11.900001 11.956367
11.1 11.859411
13.699981 12.783619
12.899998 12.534841
11.1 11.45605
11.180922 11.245521
13.699981 12.843543
11.1 11.217608
11.3 11.653309
10.622879 11.405157
11.1 11.229871
10.40103 10.602121
11.1 11.227135
12.499997 11.33385
11.999998 11.980839
11.599999 12.054751
11.7 11.863466
11.8 11.9067955
11.3 10.897406
11.1 11.180799
11.3 11.385332
11.400001 11.341621
13.000009 13.032659
13.1 13.455885
10.7 10.629192
11.719789 12.334913
11.2 11.3388
12.599997 12.633085
12.199999 12.313339
11.1 11.209554
11.900001 12.116167
11.900001 11.946953
11.5 11.726454
11.599999 13.277345
10.622879 10.644359
11.1 11.220585
11.8 11.949945
11.7 11.788037
11.8 11.873241
11.8 11.877533
12.199999 11.925478
11.999998 12.576543
14.299971 14.38885
11.599999 11.693801
11.1 11.243549
11.7 11.800499
11.8 11.855175
11.900001 11.914461
11.900001 11.963755
11.999998 12.001901
12.699998 12.947996
10.49794 11.762495
11.2 12.505648
11.8 11.454231
10.7 11.323622
13.49794 13.46461
9.122276 9.383004
11.1 11.298875
12.899998 11.588902
11.400001 11.437355
11.1 11.194493
11.900001 11.961067
12.399998 11.883188
11.900001 11.938337
11.400001 11.629948
11.400001 11.396938
11.124064 11.823529
11.900001 11.973106
11.5 11.61863
11.49794 11.717096
11.599999 12.398663
12.599997 13.7657795
11.2 11.358915
11.5 11.494934
10.70206 10.718355
11.1 11.239491
11.1 11.179798
11.5 11.507823
11.2 11.296611
12.299998 12.006114
11.1 11.400816
12.299998 11.779009
11.7 11.806192
14.299971 13.802903
11.8 11.778785
13.299971 13.467422
11.2 11.6632395
11.2 11.270157
10.40103 10.7391405
10.70206 10.918047
12.899998 13.078331
11.3 11.506811
11.2 11.286537
11.1 11.266894
12.599997 12.763782
10.1 10.138759
11.1 11.212503
11.2 11.298615
11.2 11.238331
12.399998 12.81747
12.299998 12.470309
11.5 11.531598
11.2 11.326445
11.1 11.40262
11.8 12.78515
12.1 11.931095
11.79897 12.086679
12.1 12.836888
11.8 11.855973
10.581486 10.13562
11.1 11.377991
11.900001 11.982201
12.199999 12.078846
11.2 11.263397
12.1 12.395963
11.5 11.527995
11.699999 12.473019
14.400163 13.487085
12.799992 11.931002
13.299971 12.5507555
10.59485 10.658825
12.399998 11.696459
12.899998 13.228519
11.5 11.528526
11.3 11.407942
11.5 11.719602
11.2 11.290452
12.499997 11.755622
12.799992 11.307114
12.799992 12.966612
11.2 11.222306
13.1 12.882232
11.2 11.201334
10.79897 10.879167
12.299998 12.549838
11.900001 12.042392
11.599999 12.595109
11.8 11.742851
11.1 11.182614
11.900001 11.956773
11.5 11.482819
11.8 11.844039
11.900001 11.961563
11.900001 11.942808
11.5 11.342831
11.7 11.83965
13.899971 13.262051
12.399998 12.150261
11.3 11.352156
11.2 11.266122
11.400001 12.073529
12.299998 12.220974
11.2 11.203657
11.999998 12.037241
11.3 11.453864
11.8 11.900349
11.900001 11.803136
11.999998 12.1012535
13.1 13.57738
11.7 11.769496
11.7 11.465956
11.8 11.9435425
11.379819 11.471173
10.1 10.391321
9.70206 9.596611
11.8 11.914281
10.79897 10.2893715
13.800057 12.976733
13.999974 14.077997
11.400001 11.870309
11.3 11.281847
11.2 11.273294
11.3 11.371516
11.999998 11.797785
13.652842 13.368059
11.2 11.228523
11.3 11.50077
11.1 11.254749
11.999998 11.6034565
11.2 11.215803
11.7 11.856249
10.622879 10.704766
11.3 10.839692
11.8 12.044045
10.1 10.171528
11.3 11.286766
11.1 11.168163
11.1 11.231964
11.999998 12.101014
12.1 12.023199
12.499997 12.529766
11.900001 12.008979
13.129657 13.385436
11.3 11.575203
12.699998 12.454551
11.5 11.41763
11.3 11.36097
11.2 11.361055
11.400001 11.51182
11.8 12.139976
11.400001 11.515979
12.738272 12.34344
12.899998 12.771789
15.1 15.40624
12.299998 12.010121
11.254902 11.203339
11.7 11.903924
12.1 11.779335
13.821246 12.803557
13.399989 13.363883
11.2 11.261238
10.1 10.153778
11.7 11.825742
11.1 11.248949
10.5 10.206144
11.7 11.334797
14.1 14.203957
11.2 11.246123
11.900001 11.929814
11.1 11.269054
11.1 11.769231
11.608639 10.861418
11.3 11.639625
11.400001 11.384417
11.1 11.165956
11.8 11.466076
11.400001 11.52185
15.321849 14.227412
11.599999 11.597206
11.1 11.227522
11.1 11.17845
10.1 11.54681
11.5 11.555555
11.8 11.948217
13.299971 11.939906
11.7 11.558287
11.2 11.500847
11.8 11.834896
13.000009 12.063534
11.599999 11.221821
13.399989 13.0415325
12.299998 12.071098
11.599999 11.587072
11.2 11.25927
11.7 11.646975
11.2 11.262388
11.599999 11.759249
11.1 11.257186
12.699998 13.040172
13.1 12.3305855
13.699981 13.7256
11.999998 12.023535
11.5 11.466703
11.5 11.590708
11.900001 11.427807
11.5 12.025982
11.2 11.291046
13.399989 12.450259
11.7 11.782231
11.2 11.287645
11.1 11.170082
11.138579 11.804494
11.3 11.31362
13.043096 13.256427
11.2 11.248475
11.900001 12.034049
10.1 10.188968
10.3 10.325889
11.1 11.223883
11.3 11.331633
11.1 11.183743
11.2 11.364976
11.400001 11.405928
11.5 11.719152
11.900001 11.939368
11.2 11.538327
11.1 11.13301
12.399998 13.082234
11.900001 11.9584875
11.5 11.560646
10.8 10.373868
11.2 11.264664
11.558421 11.041365
11.2 11.294493
11.900001 11.971409
11.7 11.902843
11.1 11.547947
13.399989 13.567215
11.2 11.290544
13.999974 13.74969
13.299971 12.688781
12.899998 12.147047
11.2 11.246737
11.3 11.42994
10.1 10.19227
11.5 11.632719
12.799992 13.234334
11.599999 11.630753
12.299998 12.576556
11.1 11.340628
12.199999 11.934007
11.999998 12.020642
11.3 11.767256
11.599999 12.637306
13.000009 12.10597
11.5 11.601372
11.2 11.495813
11.8 12.0367155
11.999998 12.014373
11.2 11.357672
11.900001 11.986923
11.999998 12.460553
11.2 11.348057
11.999998 12.031471
11.400001 11.472037
11.2 11.71446
12.299998 12.24828
11.8 11.643354
11.7 11.830894
11.3 11.41227
11.710834 11.995578
11.7 11.552401
11.400001 11.587345
11.108774 11.248322
11.900001 11.654991
11.5 11.548622
11.900001 11.944214
11.400001 11.546724
11.2 11.274215
11.2 11.295061
11.8 11.981496
13.699981 11.202686
11.3 11.273763
11.2 11.26594
11.2 11.241159
13.1 13.421673
11.400001 11.418285
11.2 11.386589
11.2 11.308808
12.399998 11.551257
11.900001 11.822275
11.900001 14.263218
11.400001 11.392623
11.400001 11.471301
11.900001 11.963888
10.70206 10.633032
11.1 11.438711
12.599997 13.379332
11.2 11.239466
11.1 11.233028
11.1 11.706137
10.622879 10.684717
14.40103 12.6472
13.299971 12.728786
11.8 11.876718
10.1 10.170775
11.1 11.220279
11.5 11.38685
11.5 11.481086
14.600313 14.014905
11.900001 11.977223
10.4 10.836332
11.8 12.274639
11.400001 11.315013
11.3 11.290438
10.622879 10.665946
10.70206 10.692693
12.0813 12.402905
11.2 11.329293
11.3 11.795394
10.7 11.778412
11.3 11.466708
11.900001 11.932987
12.699998 13.063179
11.7 12.187351
11.900001 11.966528
11.7 11.504084
11.3 11.316305
12.299998 12.080917
11.8 11.512532
11.555932 11.310398
11.599999 11.77786
11.2 11.321098
11.1 11.261681
12.299998 12.695629
12.399998 13.063373
13.600039 13.706889
11.400001 11.481882
11.599999 11.584475
11.5 11.947605
11.1 11.348077
11.400001 11.394595
11.5 11.519896
11.7 12.052681
14.1 14.362375
14.1 14.059922
11.3 11.293435
11.2 11.33416
11.2 11.242479
11.531798 10.647549
10.3 10.283284
11.2 11.242531
11.3 11.255842
12.1 11.866077
11.2 11.313489
11.2 11.269602
11.3 11.407234
11.400001 11.568587
11.599999 11.803389
11.1 11.69156
11.599999 11.728484
11.1 11.072542
11.999998 12.104396
11.2 11.254418
11.8 11.870145
13.299971 12.993914
11.40103 11.17999
11.2 11.320229
11.400001 11.413588
11.599999 11.633084
11.1 11.201759
10.986056 11.67227
11.5 11.621071
11.2 11.270939
10.2 10.48834
11.8 11.873264
11.900001 11.990194
11.2 11.287243
12.199999 12.202067
11.3 11.304595
11.702686 11.788667
12.199999 11.703154
12.399998 12.127619
13.999974 13.442994
11.2 11.248863
11.999998 11.370406
11.999998 12.235691
11.2 11.293617
11.5 11.427733
13.1 12.978894
11.900001 11.973454
11.1 11.19372
11.2 11.265818
11.2 11.303418
11.599999 13.961824
13.000009 13.320764
11.2 11.329107
11.900001 11.973901
13.117729 12.809678
11.400001 11.412107
13.1 12.406509
13.043096 13.430532
11.999998 11.687286
10.40103 10.292177
12.299998 11.553981
11.1 11.197164
11.1 11.352369
10.4 10.276762
11.261151 11.479966
11.8 11.935306
11.2 11.212243
10.3 10.315648
11.8 12.448253
11.1 11.263195
11.2 11.211752
11.400001 11.427961
11.5 11.948607
13.155421 13.988714
10.622879 10.634258
11.1 11.26373
12.299998 12.0265875
11.400001 11.541545
11.7 11.810745
11.1 11.19772
11.5 11.593783
12.799992 12.787862
11.1 11.183524
11.900001 11.979991
11.2 11.591693
10.79897 10.922794
11.3 11.318278
11.3 11.871845
11.7 11.449573
11.400001 11.4222145
12.499997 11.280788
11.356133 11.332312
11.999998 12.014912
12.199999 12.435412
11.400001 11.399924
11.900001 11.970383
11.1 11.264317
11.599999 11.374342
14.999629 14.028931
12.399998 12.355093
11.599999 11.8301935
11.5 11.302584
11.400001 11.877804
11.8 12.1833105
10.622879 10.639687
11.2 11.189396
11.1 11.263116
11.599999 11.25631
11.5 11.548079
11.1 11.196111
12.1 11.668188
11.2 11.675512
11.5 11.64036
11.7 11.791389
11.1 11.292535
11.3 11.2844715
11.1 11.255325
11.7 11.783132
11.5 11.303644
11.3 11.352357
11.999998 11.844116
10.2 10.284275
12.199999 12.379189
10.70206 10.740113
12.299998 11.919343
11.8 11.883084
13.800057 13.342467
12.299998 12.356649
11.400001 11.303113
11.1 11.326247
11.1 11.360688
13.200015 12.394279
11.400001 11.500307
12.499997 11.34372
12.199999 12.436009
11.2 11.305034
11.7 11.843889
11.19691 11.254453
12.499997 11.637319
11.900001 11.89654
11.7 11.934725
11.8 11.923655
11.2 11.262892
11.2 11.262582
11.999998 12.17235
11.1 11.236388
11.1 11.226946
11.400001 11.372413
11.400001 11.31502
11.1 11.163639
11.900001 11.935876
13.359637 13.407123
11.79897 11.873912
11.2 11.268696
13.180922 13.015236
11.2 11.244489
11.900001 11.704696
11.999998 12.0205965
11.2 11.266273
11.5 12.518551
11.1 11.375285
11.5 11.516193
11.19691 11.5105
11.7 11.782076
10.1 10.1084385
11.5 11.564611
11.1 10.592472
11.2 11.22024
11.8 11.559689
11.900001 12.043678
11.2 11.494853
11.400001 11.306473
11.8 11.884241
10.9 10.722849
11.5 11.582121
11.599999 11.752552
11.3 11.407612
10.70206 10.726072
10.1 10.249342
11.400001 11.315545
11.599999 11.798368
11.999998 11.346147
11.900001 11.982734
11.2 11.2538185
12.899998 13.106947
11.2 12.043152
10.627244 10.173506
11.599999 11.663092
11.3 11.37582
11.7 11.86717
10.678396 11.232006
11.8 11.872711
12.799992 13.074121
11.8 11.877807
11.3 11.427372
11.400001 11.473679
12.699998 12.719626
11.1 11.0910635
11.999998 12.008833
11.400001 11.875265
11.599999 11.67465
11.5 11.657322
11.5 11.587726
11.900001 11.960306
11.1 11.559937
10.49794 10.5541935
11.1 11.194937
11.599999 11.673134
11.2 11.264267
11.1 11.421221
12.1 11.939007
13.999974 12.484435
11.400001 11.217153
11.3 11.292221
11.8 11.911187
12.299998 12.327434
11.8 11.857377
11.7 11.751681
9.47675 9.51319
11.5 12.017662
11.2 11.281994
12.299998 12.02234
11.5 11.589306
11.8 12.770083
11.1 11.204433
11.599999 11.660867
11.2 11.222118
11.999998 11.946381
11.1 11.189926
12.599997 12.434419
11.8 11.912725
11.3 11.346809
12.399998 11.865137
11.400001 11.471259
13.899971 13.343792
10.589405 11.221381
11.8 11.835407
11.400001 11.428659
11.900001 11.93767
12.399998 12.385912
11.8 12.239218
13.136212 13.501861
13.1 12.148304
11.1 11.156416
11.2 11.2997055
11.8 11.863402
11.3 11.959113
11.2 11.298653
11.3 11.509564
11.7 11.775558
11.3 11.583922
11.900001 11.939712
11.3 11.386228
13.699981 13.809112
11.2 11.788006
11.999998 12.105901
13.899971 13.330059
11.900001 11.931018
12.599997 12.082994
11.5 11.702795
11.212469 11.309414
11.900001 11.94919
11.1 11.232759
11.2 11.2801895
11.900001 11.957281
11.599999 11.909982
11.7 11.930781
11.400001 11.3486
11.900001 11.83785
11.5 11.58038
11.0 11.279267
11.599999 11.590474
12.1 13.437074
12.299998 12.146061
11.5 11.539515
11.2 11.249146
11.1 11.226952
12.1 12.140689
11.400001 11.45052
11.912762 11.300753
13.200015 13.145104
11.122276 11.397549
11.8 11.854041
11.5 11.491732
11.1 11.997025
11.2 11.44868
12.1 11.518848
13.581486 13.653248
10.622879 11.30939
12.499997 12.554581
12.799992 12.700458
12.797429 13.341533
11.5 11.805929
11.1 11.474882
11.8 11.883598
11.2 11.3114605
12.699998 13.065715
11.7 11.446431
12.599997 12.671167
11.999998 11.997491
10.8 10.524467
11.8 11.831465
11.900001 11.84396
11.5 11.606377
10.8 11.192
11.3 11.316641
11.900001 11.23464
11.400001 11.427966
11.599999 11.591279
11.400001 11.502043
12.70206 14.065366
11.1 11.26754
11.599999 11.874786
11.2 11.228325
11.254902 11.171404
11.2 11.233815
11.999998 11.823096
11.1 10.952602
12.03968 11.9209
13.899971 12.69256
11.7 11.406565
12.299998 12.231858
13.685027 13.501506
11.1 11.237766
11.7 11.766265
11.900001 12.103334
11.400001 11.415895
11.2 11.42347
11.900001 12.01991
11.999998 12.073198
11.400001 11.453939
11.1 11.854032
14.400163 14.17171
11.2 11.488469
12.699998 12.239521
12.499997 12.12047
11.900001 11.933102
13.200015 12.884143
11.7 11.859014
14.79897 14.533605
14.600313 12.4398985
11.1 11.181143
11.2 11.272955
12.199999 12.271902
11.900001 11.943314
11.900001 11.821687
11.3 11.435499
11.1 11.228621
11.2 11.509569
13.1 14.084891
11.2 11.223863
12.199999 12.028189
11.5 11.494122
11.599999 11.703572
11.999998 12.48155
11.1 11.176809
11.2 11.271472
12.699998 12.116415
14.999629 14.892207
11.5 11.610144
11.1 11.194826
11.2 11.235596
11.400001 11.396122
11.5 11.36782
12.835182 12.647495
15.299971 14.437859
11.599999 11.335996
14.1 14.626929
11.654827 11.750355
11.1 11.289834
11.400001 11.481888
11.3 11.336042
11.2 11.236439
11.3 11.296116
11.2 12.193603
11.1 11.255984
12.199999 11.930654
11.400001 11.83326
11.8 11.893415
13.456548 12.0204315
11.1 11.406749
13.401807 13.941113
11.2 11.281733
11.400001 11.565687
12.499997 11.700222
13.531798 12.727463
11.599999 12.049559
11.1 11.17695
11.1 11.223353
11.1 11.224191
11.336572 11.2857485
11.599999 11.445499
11.5 11.559553
13.1 11.999258
11.2 11.260034
11.5 11.585369
11.2 11.342343
12.199999 12.506274
11.0 10.41677
12.499997 11.8829365
11.8 11.880852
11.7 11.792424
11.2 11.305376
11.2 11.252354
12.299998 12.275591
10.5685215 11.079332
11.900001 11.9705105
11.8 11.88953
11.1 11.218877
11.1 11.269779
10.5 10.924992
11.900001 11.997329
15.1 13.30952
11.5 11.314328
11.8 11.979338
11.400001 11.396025
11.8 11.867064
11.3 11.330375
10.89588 10.69281
11.2 11.26842
13.1 13.049173
11.1 11.34241
11.999998 11.85779
11.900001 11.931395
11.1 11.399336
11.7 11.817036
10.29382 10.240082
11.7 11.825711
11.3 11.611523
11.1 11.275074
11.2 11.272064
11.1 11.209932
11.900001 12.081193
11.1 11.225059
11.2 11.291087
11.599999 11.900323
11.1 11.168661
11.900001 11.979727
10.627244 10.357397
11.5 11.543758
11.599999 11.665711
11.1 11.27232
11.900001 11.985619
11.3 11.300505
11.3 11.410718
11.2 11.631878
11.1 10.920118
11.3 11.3527975
11.400001 11.577206
11.1 11.143137
11.2 11.287017
11.2 11.348881
11.543697 11.441761
11.7 11.823858
11.3 11.697006
11.8 11.379117
11.400001 11.765167
11.1 11.217778
13.1 13.088918
11.3 11.643451
12.699998 11.924765
11.2 11.235928
11.900001 11.964582
13.000009 12.337009
13.500008 12.447123
11.599999 11.629668
11.900001 11.952128
11.2 11.258816
10.854487 11.035219
11.900001 11.956825
11.599999 11.817879
11.1 11.230617
11.900001 11.961862
11.3 11.36722
11.599999 11.715603
11.900001 12.159761
9.49794 9.511145
11.900001 11.962002
11.5 11.4797
11.599999 11.754165
11.3 11.390829
11.1 11.200924
11.8 12.1651945
11.2 11.254062
11.5 11.427143
12.199999 11.997604
11.999998 11.971832
11.900001 12.010648
11.2 11.289651
11.900001 11.966181
13.699981 12.817345
11.599999 11.587226
11.2 11.227716
11.599999 12.012667
11.5 11.596661
13.000009 12.101101
11.599999 11.680744
11.3 11.374711
10.79897 11.385126
11.145758 11.303175
11.2 11.301749
12.899998 12.581235
11.7 11.79159
11.8 11.909918
11.8 11.909067
13.777781 13.407252
11.2 11.201246
13.699981 12.943647
11.2 11.519512
11.1 11.265718
13.200015 13.172932
12.899998 11.896433
11.5 11.493834
14.1 12.246866
11.900001 11.95886
11.900001 11.924018
11.599999 11.685753
10.1 10.283739
12.599997 12.081047
11.8 12.032807
11.2 11.2199335
11.900001 11.927572
11.900001 11.990786
11.5 11.506136
12.393282 13.034321
11.5 11.742653
12.199999 11.375738
10.8 11.226076
11.1 11.914097
11.900001 11.948149
11.1 11.204578
12.1 12.087526
11.2 11.281998
12.399998 12.666678
11.3 11.364132
14.300659 13.458413
11.999998 12.027104
11.2 11.299284
11.999998 13.8498535
11.599999 11.564999
13.1 11.3214655
11.1 11.234847
11.1 11.266491
11.1 11.220858
11.5 11.703113
11.7 11.691904
11.1 11.188283
13.986056 13.683717
11.2 11.241965
12.299998 11.924617
11.7 12.106381
11.999998 11.934523
11.599999 11.459841
11.400001 11.407043
11.900001 11.976446
11.2 11.471153
11.3 11.338471
11.8 11.898953
11.7 11.733965
11.999998 11.861172
11.599999 11.770456
11.900001 11.7955
12.010095 12.680719
15.079304 14.736985
11.1 11.252655
11.7 11.847372
10.70206 10.706166
11.400001 11.270585
11.1 11.198909
11.400001 11.508161
12.699998 12.367428
11.6157 11.319362
11.599999 11.74391
13.800057 14.074926
12.699998 11.29633
11.900001 11.964562
11.2 11.318635
11.2 11.270366
11.7 11.825773
11.900001 12.577109
10.49794 12.205923
12.1 12.162808
11.900001 11.943761
11.999998 11.754339
12.299998 12.055033
14.79897 14.262637
12.299998 12.126221
11.2 11.248356
11.599999 11.485523
10.40103 11.221733
11.2 11.23903
12.599997 14.739278
11.5 11.552982
13.999974 14.197291
12.058607 10.502159
11.2 11.249593
13.500008 13.215966
11.599999 11.330864
11.3 11.959719
11.900001 11.995931
11.7 11.755522
11.8 11.882086
11.7 11.233119
11.2 11.410507
11.1 11.209159
11.2 11.231848
11.2 11.240955
12.9500065 11.41412
11.2 11.336687
11.175305 11.252857
11.599999 12.000284
11.900001 12.334169
11.2 11.540192
11.2 11.292802
11.953872 12.261236
11.599999 11.222392
11.5 11.547482
11.799999 11.96959
11.8 11.46052
11.8 11.831181
13.000009 13.211072
11.999998 12.574002
11.400001 11.610253
11.2 11.259594
11.1 11.188504
12.399998 12.108571
13.999974 12.946444
11.1 11.139893
11.3 11.284482
14.600313 14.17607
11.400001 11.740799
10.40103 11.016721
13.699981 13.971076
11.8 11.89929
10.622879 10.577791
11.2 11.291616
10.7 10.617525
11.900001 12.131312
10.49794 11.497527
11.3 11.332647
12.200179 12.553111
12.499997 12.0920925
11.599999 11.72027
11.400001 11.461674
11.599999 11.703818
11.999998 11.868279
12.199999 12.96256
11.3 11.377472
11.3 11.432034
11.8 11.687703
11.2 11.221579
11.2 11.397309
11.900001 11.955383
11.999998 12.27083
12.1 11.899448
11.999998 11.977702
11.5 11.609232
11.999998 12.408064
11.2 11.279015
11.2 11.258438
11.900001 11.960985
11.1 11.222435
10.70206 10.937145
10.70206 11.723004
11.2 11.255296
11.1 11.259274
12.299998 11.949329
12.299998 12.21773
11.2 11.295076
11.549999 11.515072
11.599999 11.591044
13.600039 13.44934
11.1 11.165094
11.1 11.180904
11.8 12.1689
11.12048 11.231599
12.399998 11.883717
11.599999 11.750808
11.1 11.622422
11.900001 12.164023
11.900001 11.941401
11.3 11.54137
11.1 11.086831
11.3 11.381739
11.1 11.176769
11.900001 11.95361
11.5 11.6475315
11.2 11.261055
13.600039 13.847909
11.8 11.977177
14.553289 12.663846
12.199999 12.456328
11.2139435 11.587519
12.399998 12.250187
11.8 11.858444
11.900001 11.923898
13.299971 13.187291
11.2 11.247628
10.655955 10.426951
11.1 11.167278
11.7 11.851874
11.5 11.773527
11.8 11.908125
11.2 11.284925
14.020819 14.352813
11.7 11.84506
12.1 12.2079525
10.3 11.049226
11.8 11.3349905
14.79897 14.532294
11.900001 11.754051
11.3 11.438485
11.999998 11.33592
11.1 11.498753
11.7 11.840295
11.1 11.204746
12.599997 12.593653
11.3 11.368395
11.5 11.557482
12.299998 12.0854025
11.999998 12.264053
11.2 11.290729
13.299971 13.466443
11.8 12.012497
11.3 11.299236
11.7 11.262035
12.1 11.880656
11.900001 11.942798
11.999998 12.297068
13.399989 12.076096
11.8 11.844748
13.1 12.276621
11.3 11.354873
12.299998 12.205899
11.1 11.264833
11.2 11.248796
11.900001 11.953304
11.2 11.281906
11.3 11.33025
11.1 10.720592
13.254902 12.311127
13.200015 12.595843
11.5 11.496994
13.643358 13.995868
11.400001 11.473054
11.999998 12.027037
12.899998 12.544687
11.2 12.470478
11.900001 11.9668045
11.7 11.791082
11.7 12.227516
11.1 11.194222
11.900001 11.950693
11.900001 12.032921
11.5 11.257
12.699998 12.569689
11.599999 11.9676
11.2 11.240646
12.793687 11.842198
11.599999 11.64717
11.5 11.673358
11.2 12.210582
11.5 11.65308
12.299998 11.893361
11.1 11.2504835
12.599997 12.146302
11.900001 11.952874
11.2 11.280384
11.900001 11.953249
11.889032 11.959341
11.5 11.7151785
11.1 11.125875
11.400001 11.395203
12.199999 12.124956
12.399998 11.961019
11.5 11.663319
11.8 12.381597
11.7 11.680837
11.5 11.689707
13.000009 13.426448
11.8 12.01474
11.900001 11.972261
11.900001 11.9774475
10.70206 10.537018
11.3 11.415659
11.900001 11.95332
11.3 11.881829
11.900001 11.960955
11.900001 11.828456
11.5 11.502585
12.199999 11.712742
10.777781 10.242067
12.020819 12.100022
13.000009 11.999855
11.999998 11.702275
11.2 11.3360195
13.637602 13.7750435
11.900001 11.9216
11.900001 11.905001
11.2 11.24157
11.999998 11.974657
11.0 10.517456
12.299998 12.561835
11.1 11.1730795
12.1 12.300735
11.1 11.255416
11.900001 12.157185
11.900001 11.928053
10.622879 10.507336
12.499997 13.023385
11.8 11.962486
11.5 11.540362
12.1 11.590334
12.40103 13.216517
13.399989 13.105054
11.2 11.354697
11.900001 11.995274
11.1 11.205026
11.400001 11.447004
11.1 11.250593
14.050077 14.331592
11.400001 11.487284
11.3 11.270998
11.5 11.693887
11.7 12.607558
11.2 11.235791
11.953872 12.034639
11.999998 12.115276
12.1 12.175412
11.1 11.161615
12.499997 13.765326
11.599999 11.932686
11.8 11.8714905
11.7 11.817679
11.8 12.260262
11.2 11.219809
11.2 11.293707
11.7 11.891722
11.1 11.174044
11.2 11.338007
11.7 11.827375
11.599999 11.464931
12.399998 13.11361
11.3 11.374122
11.599999 11.635689
11.3 11.447674
11.2 11.581592
11.2 11.248423
11.2 11.293636
11.2 11.2685995
10.8 10.656944
12.199999 12.430776
11.900001 11.952372
11.8 11.874252
11.599999 11.370655
11.8 12.077073
11.8 11.907763
12.199999 12.226891
11.1 11.22427
13.000009 13.216275
11.5 11.5997095
12.199999 11.969707
12.1 11.481918
11.5 11.595782
11.2 11.300784
11.9 11.868347
10.581486 10.555934
10.70206 11.099648
11.2 11.159491
11.3 11.325522
11.8 11.926977
10.3 10.164475
12.510107 11.396872
11.2 11.242568
13.622879 13.8657255
11.400001 11.675512
12.499997 12.794875
11.8 11.857696
13.299971 13.499439
11.5 12.067337
11.3 11.307186
11.5 11.305105
12.799992 12.075277
11.3 11.350279
11.999998 12.417012
11.900001 11.958441
12.499997 12.29779
11.5 11.393035
12.299998 12.370844
11.79897 11.46113
11.2 11.237014
13.000009 11.961879
11.1 11.253672
1.3 2.0504293
12.499997 12.306959
11.1 11.168249
12.599997 12.473972
11.3 11.495983
11.7 11.992714
11.637602 11.491691
13.500008 14.261869
12.599997 12.059918
11.1 11.362264
12.1161 11.793734
11.2 11.244673
11.7 12.352901
11.400001 12.143295
11.900001 11.969139
12.299998 13.28062
12.299998 12.29575
11.900001 11.409643
11.3 11.972374
11.2 11.209804
11.8 11.862262
13.000009 12.8331585
12.499997 12.426757
11.1 11.196917
11.8 11.740437
11.1 11.19399
11.3 11.278431
12.1 12.130785
11.599999 11.7514105
11.2 11.317333
11.8 11.860702
11.1 11.198014
14.999629 13.58825
11.599999 11.826323
11.7 11.731365
11.1 11.2265625
11.2 11.345005
11.999998 11.70233
11.8 11.897448
11.7 11.789066
12.399998 11.794587
11.7 11.690753
11.5 11.650462
11.599999 11.77333
13.352575 13.064036
10.40103 10.240604
11.2 11.386409
14.145758 13.153686
13.581486 13.670441
11.5 11.500416
11.900001 11.980257
10.8 10.836481
14.555932 14.339613
10.70206 10.725103
11.2 11.229757
11.599999 11.499174
11.2 11.290246
11.900001 11.962758
12.1 11.972563
11.5 11.589825
14.1 12.917558
12.799992 12.821122
11.1 11.31851
11.7 11.865928
11.8 11.861124
11.1 11.180582
11.999998 11.957968
11.2 11.295801
11.7 11.854458
12.1 11.6044
11.7 11.777571
10.2 10.291744
11.3 11.299631
11.2 11.25447
11.900001 11.927184
11.953872 12.022715
11.56133 12.010317
11.5 12.158151
11.5 11.651691
11.8 11.906345
13.418758 13.061455
11.5 11.539133
11.400001 11.3643265
11.400001 11.50112
11.8 11.790279
11.900001 12.597043
11.599999 11.616142
13.1 13.883601
11.999998 11.803082
11.2 11.423742
12.456548 12.584752
11.1 11.192394
11.999998 12.126873
11.999998 12.024098
11.999998 11.748185
11.2 11.318792
13.800057 13.583489
11.1 11.226513
11.900001 11.76874
11.5 11.646826
11.1 11.247471
11.599999 11.696085
11.900001 11.99313
12.499997 12.982844
11.599999 11.857375
13.048455 13.93612
12.399998 12.04043
11.1 11.26601
11.999998 12.085895
11.1 11.214058
12.499997 12.308264
11.1 11.216212
11.8 11.897898
11.1 11.202162
11.999998 12.039968
11.900001 11.985416
11.1 11.288792
11.5 11.446695
11.1 11.282738
11.1 11.33027
11.400001 11.796795
11.4372425 11.206972
11.400001 11.916455
11.999998 12.0286255
11.3 11.509443
11.1 11.139378
11.400001 11.43241
11.8 11.803939
11.900001 11.980331
12.1 12.349422
10.609157 10.689923
11.1 11.279895
11.1 11.188129
11.3 11.460495
11.1 11.231398
12.199999 11.695782
11.1 11.299536
11.2 11.327993
11.1 11.163357
11.2 11.253677
12.399998 12.527854
15.299971 14.606935
11.599999 11.561203
12.1 11.56707
11.2 11.211166
11.7 11.748766
11.900001 11.958727
11.2 11.275408
11.999998 12.138939
11.999998 11.980467
11.8 11.772112
12.199999 11.67849
11.2 11.25738
12.543697 12.251859
11.400001 11.439775
11.599999 11.617362
11.900001 11.967716
11.7 11.811987
11.3 11.312225
11.999998 12.4711685
11.400001 11.243275
11.2 11.244883
11.2 11.197519
11.900001 11.712019
15.520216 11.337708
11.2 11.236572
13.899971 12.568083
11.1 11.207619
11.3 11.477373
12.899998 11.501577
13.500008 14.095875
11.2 11.609231
11.1 11.203978
11.1 11.292217
12.649994 12.535178
12.299998 11.901426
11.900001 11.801407
11.900001 11.911853
11.900001 11.965908
11.900001 11.684963
14.901343 12.419197
10.40103 10.499348
11.999998 11.996172
11.581486 13.7364235
11.8 11.887467
11.999998 12.066795
11.8 11.766994
12.199999 12.075418
11.3 11.874006
11.400001 11.4638605
11.1 11.212811
11.2 11.267927
11.999998 12.079132
11.1 11.186437
14.500117 13.325253
12.254902 13.102466
13.200015 13.057967
11.1 11.289768
13.1 12.584381
11.3 11.489578
11.400001 11.46874
11.400001 11.399866
12.1 12.090074
11.1 11.365442
11.1 11.232162
11.599999 11.530285
10.40103 11.844857
14.901343 14.618919
11.999998 12.110568
11.5 11.330392
11.3 11.33062
11.400001 11.440018
11.2 11.261363
11.5 11.529997
11.599999 11.301666
11.999998 12.332742
11.540743 11.27733
11.3 11.304337
11.3 11.323312
10.4 10.239934
11.999998 12.038196
11.3 11.312967
11.999998 12.006628
11.5 11.562927
11.79897 11.487701
11.1 11.414977
11.8 11.9151325
11.8 11.77062
11.599999 11.354133
11.1 11.217281
11.1 11.21147
11.7 11.743404
12.399998 12.405419
12.899998 12.252219
11.2 11.290817
12.099999 13.095617
10.1 10.270111
11.2 11.311788
10.608639 10.595835
12.199999 12.483663
12.812199 12.494003
11.2 11.262108
11.2 10.446133
11.900001 11.967147
12.1 11.866096
11.3 11.356632
11.599999 11.805639
11.1 11.2497
11.2 11.204235
11.900001 11.966141
11.8 12.565754
11.599999 11.594012
10.869551 10.874304
12.1 12.209682
13.000009 12.164803
11.2 11.263508
10.165502 10.22951
11.8 12.034074
11.400001 11.507795
12.786133 11.910498
12.1 12.416447
10.1 11.054981
11.5 11.434633
11.3 11.479952
10.9 10.537626
14.200179 13.077321
12.1 11.899475
11.2 11.262422
11.400001 11.703041
11.599999 11.265642
11.400001 11.565838
11.999998 12.44321
11.2 11.262953
11.1 11.255285
10.1 10.380144
11.7 11.792265
11.0 11.204473
10.6 10.744066
11.7 11.839572
11.1 11.393707
12.199999 12.143278
11.2 11.318497
11.2 11.299675
11.1 11.219879
11.89588 12.17374
11.3 11.358163
11.400001 11.232527
12.299998 12.280873
11.999998 12.010963
14.299971 14.832238
11.900001 10.77591
11.7 11.824886
11.25 11.580687
11.2 11.230705
11.599999 11.242956
11.3 12.15399
13.699981 13.178647
11.8 12.204687
12.901632 12.812052
11.5 11.747218
12.299998 11.777805
11.3 11.347797
11.900001 11.950159
12.199999 12.057579
11.2 11.285673
13.719789 13.423192
11.900001 12.280546
11.900001 11.951711
11.3 11.276094
11.2 11.263169
11.5 11.460751
11.999998 12.020443
11.3 11.336315
11.8 11.734106
13.1 12.839277
11.7 11.593235
11.599999 11.966936
11.1 11.263649
11.900001 11.948886
11.5 11.693786
11.5 11.87085
11.7 11.707142
11.2 11.29818
11.49794 11.596781
14.400163 14.399842
11.1 11.763479
11.7 11.784865
11.900001 11.973917
12.199999 12.140222
11.1 10.404791
12.599997 12.661107
11.3 11.633263
13.600039 12.680465
11.3 11.643235
14.299971 14.069957
11.1 11.220424
11.3 11.82085
11.1 11.226164
11.3 11.362186
11.2 11.298854
12.992498 12.107395
11.7 11.734485
11.999998 11.417258
12.899998 12.511599
11.2 11.237456
11.3 11.337241
11.999998 12.5113945
9.47675 9.525887
11.999998 11.644014
14.40103 12.241835
11.3 11.432304
11.900001 11.700333
11.2 11.29512
13.899971 12.851035
11.5 12.017586
10.2 10.335269
11.900001 11.97217
11.2 11.407254
11.8 11.88796
11.2 11.248429
11.900001 12.06002
13.500008 12.395498
13.999974 13.206768
12.699998 12.423098
11.900001 11.945404
11.3 11.26876
13.4372425 13.550689
13.200015 13.19441
11.2 11.241603
11.900001 11.936138
11.8 12.051499
11.777781 12.015053
11.5 11.536128
11.2 11.606473
10.622879 10.6798935
11.3 11.384353
11.3 11.821924
11.599999 11.607065
11.8 11.574924
12.19691 12.504666
11.5 11.540895
11.999998 12.120401
12.422393 13.151834
11.5 11.509996
11.3 11.524541
11.2 11.203997
10.1 10.205994
9.40103 9.363741
10.70206 10.743553
11.900001 11.979218
11.7 11.806267
12.757577 12.794829
12.599997 12.204159
12.699998 12.202156
11.999998 12.431598
11.3 11.494649
11.1 11.259262
11.3 11.968687
11.7 11.777158
11.2 11.360222
11.2 11.325906
10.5 10.672186
11.3 11.450275
11.1 11.158153
11.2 12.372652
11.900001 11.936166
10.70206 10.687057
11.2 11.402147
12.699998 12.56428
11.8 11.745957
11.2 11.275898
11.2 11.231161
12.399998 12.327947
11.1 11.235331
11.2 11.525553
11.900001 11.953704
13.200015 14.234453
11.2 11.320545
12.299998 12.1124
11.8 11.911859
12.399998 12.15046
11.1 11.228352
11.999998 11.763113
11.1 11.270348
11.2 11.247719
12.199999 12.244932
11.5 11.556597
11.1 10.803948
11.1 11.557005
11.7 11.762352
10.70206 10.664736
10.6 10.608888
11.1 11.294182
12.399998 11.906563
11.400001 11.348031
11.5 11.598768
13.399989 12.952495
11.400001 11.732753
12.199999 12.470489
12.199999 11.926004
10.1 10.300117
11.2 11.253412
11.599999 11.776285
12.1 12.319703
12.899998 12.392436
12.015424 12.216338
10.3 10.721923
11.2 11.296024
11.1 11.180052
12.599997 12.5799265
11.599999 11.63896
11.5 11.549009
11.599999 11.681202
11.599999 11.706005
11.2 11.246826
11.1 11.192295
11.3 11.423576
11.2869625 11.3281765
13.000009 12.83033
11.1 11.150048
13.999974 12.760093
13.59485 13.597562
11.599999 12.126209
11.1 11.226725
11.400001 11.5568
11.2 11.258678
11.2 11.272011
11.999998 12.042223
12.199999 12.016769
11.2 11.24554
13.200015 13.092416
11.7 11.434021
11.7 11.814167
11.599999 11.624403
11.49794 11.333726
12.899998 12.653935
11.1 11.211765
11.5 11.586601
11.599999 12.059053
11.5 11.750077
11.5 11.582982
11.1 11.158209
11.2 11.233159
10.1 10.220237
12.499997 12.112427
11.2 11.216992
11.1 11.503645
12.199999 11.696815
11.1 11.225107
13.600039 13.781861
10.622879 13.131476
11.2 11.2647
11.106614 11.189882
11.7 11.757877
11.2 11.314948
11.8 11.89554
11.555047 11.803939
11.1 11.251226
11.145758 11.190699
15.140959 14.885127
11.599999 11.670422
11.5 11.864729
11.5 11.59463
11.7 11.792072
10.70206 10.700494
12.599997 12.818875
11.400001 11.388073
11.599999 11.720327
11.900001 11.797875
11.2 11.2433605
10.70206 10.700727
13.500008 12.383482
11.2 11.21601
11.7 11.837505
11.900001 12.180801
11.8 11.902449
11.400001 11.2750435
11.5 11.732506
11.8 12.052202
11.5 11.44245
13.299971 13.397646
12.299998 12.797568
11.1 11.306633
10.40103 10.261804
13.999974 13.789543
11.900001 11.589647
11.3 11.297504
11.900001 11.605835
12.399998 12.238681
11.900001 11.955624
11.8 11.632613
11.8 11.898296
11.5 11.668529
11.3 11.313433
11.3 11.324324
11.1 11.217247
11.1 11.883046
10.622879 10.403921
13.500008 12.358214
11.5 11.593405
11.999998 11.999317
11.8 11.841152
12.399998 12.644945
10.923909 11.128499
11.599999 11.611856
11.999998 12.0451975
11.7 11.739445
11.1 11.545668
11.599999 11.837019
11.599999 11.642038
11.900001 11.972332
11.900001 11.928921
12.499997 12.550647
13.399989 13.534297
11.400001 11.382366
11.8 11.886533
12.299998 12.527831
11.3 11.312319
11.900001 11.973229
11.2 11.4292345
11.3 11.272683
11.5 11.477856
13.299971 13.317383
12.699998 12.196711
11.2 11.282382
11.2 11.171629
11.3 11.299244
11.2 11.277119
11.2 11.3053665
11.1 11.268543
11.599999 11.630434
11.2 11.274189
11.8 11.956503
11.79897 12.103207
11.2 11.246965
11.1 11.1925125
11.900001 12.013956
11.900001 11.965071
11.900001 11.963744
11.7 12.832865
10.1 10.180753
11.900001 11.792815
11.900001 12.032221
11.599999 11.516281
13.399989 13.3426695
10.516801 11.313008
11.7 11.687347
12.314671 12.104797
11.3 11.37752
12.299998 12.533226
12.299998 13.27465
11.599999 11.63321
14.600313 13.977096
11.7 12.794251
11.999998 11.278994
13.399989 12.9806
11.900001 11.856002
11.900001 11.9590435
12.799992 12.235259
11.8 11.826916
13.299971 13.48919
11.555932 12.0119095
11.599999 11.593516
11.020819 11.067947
11.1 11.191809
11.599999 11.762356
11.8 11.272881
11.400001 11.435059
11.999998 12.062044
12.6934595 14.020312
12.40103 12.450767
12.199999 11.816087
11.900001 11.927371
11.8 11.8973465
12.1 11.940092
12.1 12.019932
11.400001 11.467676
11.900001 11.979284
11.5 11.458273
10.923909 11.079682
13.299971 11.939356
11.599999 11.359037
12.499997 11.632943
14.200179 14.377392
11.2 11.283046
11.3 11.337763
11.8 11.918373
11.599999 11.716478
11.7 11.765356
12.199999 11.9948225
11.2 11.27248
13.699981 12.833764
11.8447275 12.262449
11.7 11.960913
12.307609 13.227721
11.1 11.200291
10.70206 10.760227
11.1 11.236889
11.2 11.257227
11.3 11.297563
11.2 11.313848
14.299971 13.565692
11.2 11.225155
11.3 11.56203
11.599999 11.666646
12.399998 11.915268
11.3 11.365592
11.1 11.2971525
11.5 11.626314
11.3 11.336605
11.8 11.921212
11.331801 11.632433
11.400001 11.964044
11.2 11.321161
11.8 11.874188
11.70206 11.449216
11.7 11.586423
10.70206 10.724027
11.2 11.2798195
11.900001 11.982178
10.9 10.715828
11.900001 11.936765
11.3 11.302656
15.500117 15.119059
11.3 11.310378
11.2 11.286651
11.2 11.951692
11.900001 12.014432
12.49794 11.831194
11.8 11.941096
11.5 12.066647
11.1 11.19091
11.900001 11.951733
11.5 11.529171
11.2 11.256122
11.900001 11.987278
11.2 11.281644
11.900001 12.655151
11.2 11.235807
11.900001 12.041299
13.899971 11.96986
11.2 11.241008
10.9 10.743311
11.900001 11.940895
9.79897 9.917667
11.2 11.898312
11.2 11.311827
11.900001 11.922044
11.1 11.378295
11.1 11.244044
12.1 11.97752
11.900001 13.192714
11.599999 11.599259
11.2 11.233464
11.3 11.314517
11.3 11.37278
12.6934595 13.778744
10.40103 10.428505
11.400001 11.421625
10.1 10.344462
10.70206 10.708277
11.400001 11.473919
11.3 11.649356
11.3 11.366833
13.600039 12.958072
10.40103 10.370313
11.3 11.231974
11.400001 11.421608
11.5 11.843478
12.699998 12.713601
11.7 11.774841
11.1 11.216958
15.600313 14.938359
11.599999 11.728213
12.199999 11.844348
12.499997 12.439752
10.2 10.484031
11.900001 12.045177
12.499997 12.1353
12.597573 12.803012
11.400001 11.46103
11.900001 11.942062
11.900001 11.956112
11.900001 11.942145
11.1 11.177151
13.1 12.213188
11.7 11.776543
11.2 11.228413
11.400001 11.571508
12.1 11.906911
11.5 11.935583
11.1 12.52617
11.900001 11.804574
11.900001 11.97364
11.1 11.236505
11.2 11.235583
11.8 11.882367
11.3 11.349487
10.622879 10.684366
11.1 11.187382
13.145758 12.797709
11.5 11.686331
11.999998 12.009556
11.1 11.251135
12.299998 12.275131
11.8 11.860638
11.2 11.246424
13.200015 13.889517
11.599999 11.616561
12.1 11.986043
11.2 11.244744
11.599999 11.683893
11.8 11.949057
12.1 11.596104
14.600313 14.021152
12.699998 11.264917
11.5 11.279167
11.900001 12.471776
11.1 11.159475
11.599999 11.600108
11.900001 12.025472
11.900001 11.953808
11.3 11.330549
11.7 12.412016
11.999998 11.941193
11.999998 11.975061
11.2 11.196592
12.599997 12.322051
11.8 11.726184
11.3 11.362574
11.3 11.866559
11.900001 11.944074
11.409804 10.925887
11.5 12.072844
12.399998 12.099613
11.1 11.175634
10.49794 10.657747
11.900001 11.959514
11.400001 11.4309635
11.999998 12.620133
11.900001 11.958826
11.400001 11.412941
11.49794 11.467278
10.1 10.968069
13.800057 13.311558
11.15 11.408382
11.2 11.659155
11.1 11.338379
12.199999 11.947584
11.1 11.121043
11.8 11.897032
14.500117 14.371668
11.2 11.305083
12.899998 12.315987
11.3 11.438114
11.1 11.220558
11.2 11.554498
11.8 12.0621395
13.699981 14.049834
10.622879 10.801096
13.399989 11.87601
12.199999 12.213464
11.2 11.260479
11.900001 11.979931
11.2 11.255167
11.900001 11.976466
11.5 11.498224
11.599999 11.632868
11.999998 12.517371
12.399998 12.315285
10.1 10.1483555
11.0 10.765988
11.3 11.331518
11.7 11.787514
12.199999 11.427128
11.8 11.916954
11.1 11.213266
11.3 11.295343
11.3 11.492402
11.400001 11.327357
11.400001 11.536497
11.900001 12.031633
11.900001 11.767286
11.2 12.057203
11.3 11.308931
14.500117 14.600539
9.79897 9.8839245
11.3 11.352645
11.8 11.808867
11.1 11.185407
10.1 10.260355
11.1 11.837826
13.1 12.970657
13.767562 13.751003
11.999998 12.262164
11.2 11.257542
10.1 10.179831
9.79897 9.912949
13.399989 13.274028
11.7 11.771622
11.2 11.291946
11.8 12.854074
14.299971 14.098989
10.1 10.205235
11.400001 11.502205
11.8 11.985761
10.4 10.320715
12.399998 12.180597
10.723423 10.392994
11.999998 11.972662
13.500008 12.990813
11.7 12.055471
13.1 13.020018
12.145758 12.395827
12.899998 11.36256
11.8 11.908766
11.1 12.139063
11.900001 11.962929
11.599999 11.760021
11.3 11.307045
11.2 11.257982
11.1 11.1609535
11.400001 11.550737
11.1 11.225518
11.8 11.805146
11.1 11.163467
11.2 11.2226715
12.1 12.052336
13.699981 12.31268
13.800057 13.657358
11.2 11.269119
11.1 11.115902
11.7 11.892272
11.2 11.251633
11.1 11.220745
11.2 11.194166
11.1 11.298076
11.5 11.368513
13.321849 13.170672
11.1 11.174956
11.555932 11.175011
11.8 11.729631
11.2 11.608408
11.999998 12.019357
11.3 11.8833065
13.600039 12.1448345
13.600039 12.955222
14.326648 11.92305
11.2 11.5863695
11.2 11.273204
11.999998 12.562965
11.599999 12.130713
11.400001 11.547691
12.299998 12.028596
11.2 11.298695
11.2 11.812705
11.1 11.204462
11.999998 11.566095
11.5 11.5234375
11.1 11.169711
11.7 11.569714
13.020819 13.075132
11.2 11.260045
11.7 11.791695
11.7 11.51026
14.547158 12.1392145
11.069375 11.780102
11.8 11.540438
11.3 11.425163
11.8 11.831064
11.1 11.723331
11.7090645 11.804612
11.3 11.344696
11.5 11.362228
10.622879 10.657799
11.400001 12.0401325
11.400001 11.473781
11.700326 11.3896675
11.1 11.280489
13.500008 12.378655
11.3 11.302725
11.400001 12.013223
11.999998 11.696842
10.1 10.1518
11.1 11.190517
10.622879 10.612547
11.900001 11.953922
11.5 11.8822
11.7 11.552479
11.7 11.700806
11.5 11.815258
11.3 11.2815485
11.2 11.396727
11.2 11.229801
11.3 11.457096
10.4 10.777914
12.598941 11.600677
11.900001 11.956287
11.2 11.263903
10.8 10.819918
11.3 11.331703
10.70206 10.528008
11.900001 11.973471
15.700326 15.282463
12.199999 11.833662
12.299998 12.211096
13.254902 13.555578
11.622879 12.975308
11.8 11.874594
11.2 11.255908
12.637602 11.377887
11.7 11.846502
11.900001 11.955791
13.699981 13.586881
11.2 10.875011
12.499997 12.449776
11.599999 11.684059
11.900001 11.9363
11.3 11.6576805
11.2 11.238762
10.1 10.14695
11.400001 11.542407
11.3 11.347212
11.1 11.2301235
11.2 11.30739
11.7 11.436022
11.599999 11.437269
11.400001 11.478369
11.999998 12.596708
12.399998 12.009136
12.299998 12.417426
11.900001 11.955525
11.1 11.200119
11.599999 11.756893
12.299998 11.630339
11.8 11.88042
11.400001 10.428485
14.200179 13.937495
11.400001 11.437006
11.8 11.850096
11.599999 11.591439
11.3 11.298803
11.2 11.256771
13.219187 13.28909
11.400001 11.415347
13.000009 13.158139
11.900001 11.944402
11.3 11.387888
12.299998 11.905275
10.1 10.151098
11.400001 11.677751
11.5 11.462528
12.299998 12.234327
14.145758 11.92567
11.7 11.720406
11.599999 11.358181
11.599999 11.720253
11.2 11.294731
11.999998 11.900059
11.8 11.878472
11.1 11.174314
11.599999 11.4335785
11.3 11.295549
11.400001 11.282253
11.2 11.313687
11.400001 11.849489
11.2 11.246778
12.299998 12.521915
11.5 11.601217
11.7 11.780203
12.1 12.235172
11.3 11.330889
13.200015 13.382869
11.3 11.416457
11.1 12.315235
11.5 11.670376
11.5 11.932741
11.599999 11.471979
13.1 12.643729
11.7 11.781715
13.200015 13.143419
11.2 11.477604
13.699981 12.46408
11.599999 11.274097
11.900001 12.093619
11.999998 12.026484
11.2 11.282471
11.900001 11.977789
12.19691 12.468604
11.599999 11.352094
11.2 11.334461
11.900001 11.926319
11.5 11.601347
11.400001 11.251568
11.900001 11.957575
11.5 11.621473
11.5 11.71048
11.2 11.377592
13.299971 13.223871
13.200015 12.330534
11.599999 12.082534
11.2 11.51458
11.3 11.35468
12.299998 12.485448
11.3 11.4795
11.5 12.413656
11.599999 11.558827
11.400001 11.431658
11.400001 11.46311
11.8 11.8758745
11.5 11.918768
11.8 12.369121
11.1 11.777868
12.499997 12.538536
11.2 11.241458
10.622879 11.147623
11.8 11.811352
11.599999 11.620743
12.799992 12.899967
11.900001 11.948074
11.599999 11.171497
11.900001 11.995386
11.2 11.2623
11.999998 12.0645275
11.3 11.499437
11.900001 11.956463
11.3 11.501631
11.900001 12.613075
11.900001 11.968388
11.1 11.201769
11.7 11.740782
14.400163 14.838091
12.799992 12.695777
11.2 11.9789505
11.2 11.265503
11.400001 11.519285
11.900001 12.319255
11.900001 11.965683
11.999998 11.429998
11.1 11.155626
11.1 11.178778
12.899998 12.0673
11.2 11.260057
11.380575 11.601459
11.1 11.2355795
11.2 11.212559
11.1 11.521552
11.2 11.231094
11.5 11.459469
11.599999 11.6970415
10.8 10.780135
11.599999 11.575415
11.900001 11.94751
11.7 11.780572
11.900001 11.953309
12.199999 11.740709
14.500117 14.560133
11.599999 11.7212715
10.5 10.582619
11.5 11.581035
11.1 11.209861
11.900001 11.94721
11.2 11.301948
13.399989 12.209307
11.900001 11.957532
11.7 11.773844
11.1 11.438961
11.400001 11.357899
13.821246 12.579352
12.1 11.948049
11.7 11.062146
11.599999 11.719652
11.3 11.251571
10.622879 10.611541
11.2 11.214893
11.599999 11.929851
11.1 11.430574
11.5 11.606923
11.5 11.632983
11.1 11.272556
10.869551 10.889368
11.599999 11.738716
10.40103 10.283115
11.1 11.2435875
12.899998 13.163079
11.7 11.802067
11.5 11.527314
11.599999 11.984415
11.2 11.750552
11.5 11.560221
11.2 11.280354
11.999998 12.049163
12.199999 12.1602
11.2 11.294332
10.622879 10.669466
14.901343 14.312095
11.900001 11.772531
11.8 11.940253
11.999998 12.034287
11.5 11.917059
11.555932 11.439693
11.599999 11.272812
11.3 11.338755
14.375724 13.82168
10.1 10.374441
11.900001 11.937365
11.5 11.609417
11.3 11.3042345
11.599999 11.608773
11.3 11.368288
11.3 11.308499
11.2 11.383976
11.599999 11.722133
11.900001 11.960883
11.599999 12.537241
12.299998 12.239341
11.2 11.291662
11.900001 11.950743
12.699998 12.677863
11.1 11.219415
12.299998 13.214494
11.8 11.807499
11.3 11.327169
12.199999 12.226172
11.999998 12.059917
11.2 11.2535715
13.699981 14.1367
10.1 10.114545
13.000009 12.623937
10.70206 10.724232
10.70206 11.029342
10.70206 10.718128
11.599999 11.403393
11.900001 11.935286
11.2 11.242821
11.8 11.862177
11.1 11.22645
10.5 10.267458
11.8 12.07902
11.212469 11.276139
9.923909 10.046438
11.5 11.436243
11.7 11.73907
11.2 11.268425
11.599999 11.740964
11.849336 11.752634
13.600039 12.69778
11.400001 11.45928
10.70206 10.942589
11.400001 11.4031
13.699981 13.79424
10.40103 10.568624
11.2 11.29771
11.3 11.344067
11.2 11.473917
10.40103 10.544203
11.3 11.705093
11.8 11.874473
11.1 11.179201
11.1 11.243255
11.3 11.310736
11.400001 11.509426
11.400001 11.3528595
11.600844 11.949177
11.1 11.118893
11.5 11.884128
11.2 11.298778
13.000009 11.699745
11.900001 11.936131
11.1 11.266029
11.1 11.189777
11.8 11.792022
11.2 11.257857
11.2 11.266599
11.3 11.442674
14.500117 14.315997
11.1 11.2636
11.3 11.258034
11.599999 11.760357
11.2 11.509533
11.400001 11.442547
11.1 11.217285
11.400001 11.345375
11.900001 12.020126
11.8 11.790372
10.8 10.390137
11.2 11.61446
12.199999 12.057049
11.3 11.372108
11.2 11.31405
12.599997 12.221041
11.5 11.789118
11.8 11.876753
11.5 11.826019
11.8 12.72739
11.2 11.48369
12.499997 12.808651
11.900001 11.949547
12.199999 12.268976
11.3 11.401285
11.1 11.678701
11.900001 11.958733
11.999998 12.487961
13.299971 12.814622
12.699998 12.282098
11.2 11.19829
11.999998 12.598833
11.999998 11.997424
11.7 11.755784
11.900001 11.972506
12.1 11.914973
11.2 11.262801
11.3 11.457947
11.1 11.250902
11.5 11.801846
11.900001 11.872442
12.8447275 12.744987
14.999629 14.632843
11.5 11.564524
11.900001 12.010209
11.900001 11.949424
11.400001 11.503731
11.999998 11.629618
11.2 11.26668
11.2 11.32071
11.7 11.738967
11.900001 11.944359
11.7 11.77111
10.2 10.079335
11.8 11.8494625
11.400001 11.849468
11.7 12.025241
11.3 11.560004
11.599999 12.0481205
10.1 11.169534
11.5 11.872425
11.900001 11.98402
11.1 11.24391
11.999998 11.939591
11.400001 11.686668
11.900001 12.227551
11.1 11.201727
11.599999 12.179026
12.1 11.72331
12.923909 12.258737
11.5 11.595406
10.9 10.689911
11.2 11.325248
13.800057 11.332238
11.599999 11.421062
11.3 11.489365
11.599999 11.648844
11.900001 11.890267
13.999974 12.819692
15.581486 15.235864
11.2870865 11.466623
11.2 11.449832
11.7 11.791492
11.8 12.130817
12.199999 12.266125
13.1 13.030463
11.3 11.362868
11.900001 11.549019
12.088853 11.8402
11.900001 11.791821
10.40103 11.518637
11.1 11.301907
11.599999 11.640517
11.900001 11.95185
11.999998 11.976049
11.5 11.745754
11.900001 12.070629
14.700326 14.521138
11.1 11.188021
11.1 11.169504
11.400001 11.909682
11.2 11.263742
11.900001 11.942343
11.1 11.256723
11.5 11.36699
12.63529 11.721022
13.1 12.76718
11.1 11.207819
10.1 10.200701
11.3 11.990201
11.1 11.334725
11.3 11.921101
11.5 11.554674
11.2 11.363235
11.3 11.389701
11.5 11.350708
10.996197 10.737847
11.3 11.311059
11.8 11.887791
10.29382 10.23298
10.70206 10.71876
11.2 11.277468
11.900001 11.933707
11.900001 11.886269
11.900001 11.978136
11.1 11.180161
13.000009 13.360277
11.5 11.541431
11.5 11.454437
11.1 11.009523
11.1 11.24616
11.599999 11.485901
12.020819 12.011639
12.1 11.560118
11.5 11.499908
11.1 11.188597
14.600313 13.730927
12.699998 11.296112
11.400001 11.81802
11.2 11.458894
12.199999 11.817876
11.900001 11.916765
12.599997 12.517542
11.1 11.253653
11.2 11.307065
11.900001 12.007983
11.5 11.7904625
11.3 11.297448
11.2 11.28911
11.375724 11.132624
13.399989 14.117425
11.3 11.326941
11.900001 11.904174
11.2 11.313194
12.1 11.991262
11.2 11.278465
11.900001 11.942607
11.900001 11.953001
11.1 11.239943
11.1 11.42961
11.3 11.331783
11.5 11.585933
14.427902 14.612161
11.400001 11.4644165
11.5 11.41608
11.400001 11.429574
14.145758 14.360102
11.8 12.45929
11.2 11.226477
11.900001 11.923457
13.000009 12.852157
11.3 11.405365
11.1 11.3248415
11.8 11.86794
11.359637 11.665066
11.1 11.159442
11.5 11.583419
11.599999 12.274325
11.1 11.223535
10.541291 10.474493
11.5 11.604701
11.900001 11.935247
11.900001 12.033213
11.1 11.541858
11.400001 11.408596
11.1 11.214223
11.3 11.348702
11.900001 11.963924
11.8 11.835108
10.7 10.316988
11.999998 11.787923
12.599997 12.844754
12.299998 12.249332
11.7 11.950533
11.3 11.368534
12.651294 12.613668
11.2 12.398446
11.5 11.54289
12.399998 12.214066
11.400001 11.446674
12.046395 12.06085
11.3 11.206151
11.8 11.863418
11.5 11.579323
10.972896 11.529926
11.900001 11.9652
11.2 11.296594
13.999974 13.56727
12.399998 12.824308
11.1 11.268229
11.900001 12.747625
11.8 11.921479
11.3 11.375518
11.5 11.615707
11.1 11.195337
11.5 11.794228
11.2 11.346506
11.5 11.507608
11.7 11.8644085
12.499997 12.202547
12.199999 12.083788
11.3 11.490234
11.7 11.646635
14.668636 15.05714
10.40103 10.741818
11.7 11.342436
10.6 10.539553
10.79897 10.7187395
11.900001 11.947598
11.999998 11.992712
11.49794 11.4543495
11.1 11.215923
11.2 11.202461
11.2 11.320779
11.7 11.744728
11.999998 11.996644
11.7 11.744251
11.999998 12.460255
11.2 11.257847
12.1 11.844633
11.7 11.6947365
11.8 11.85608
11.8 11.805498
10.70206 10.690298
12.899998 12.815493
14.1 14.168115
11.5 12.055401
13.399989 12.560879
9.79897 10.165836
11.3 11.333649
9.70206 9.604107
10.1 10.053953
11.2 11.253712
12.1 12.156979
11.2 11.257034
11.599999 11.668671
13.191515 13.113816
11.2 11.271631
11.8 11.896759
11.5 11.491005
11.3 11.291083
11.599999 11.653251
11.599999 11.600346
11.7 11.859476
11.3 11.316059
13.299971 12.468374
12.399998 12.290466
13.622879 13.649058
11.5 11.430329
12.1 12.283489
11.2 11.2681465
10.40103 10.316183
12.120642 11.959667
11.400001 11.629615
11.3 11.519556
12.499997 13.009185
11.1 11.1889515
11.2 11.257489
11.599999 11.8202305
11.7 11.772247
11.2 12.104441
11.1 11.5356045
10.1 11.922678
11.2 11.393452
12.1 11.800674
11.3 11.694187
11.599999 11.751719
11.5 11.695274
11.2 11.476665
12.199999 12.313901
10.79897 10.993265
11.2 11.268906
10.40103 10.641579
11.087163 10.77613
12.899998 12.505765
11.5 11.511205
11.3 11.539898
11.058607 11.0840645
12.1 11.952616
13.899971 12.894064
12.499997 12.366871
10.2 10.380476
11.8 12.2221
11.900001 12.348535
11.3 12.061142
11.1 11.390532
10.4 10.525423
11.3 11.528227
11.2 11.272996
11.599999 11.505213
11.1 11.220709
11.5 11.601555
11.2 11.565645
11.8 11.919398
11.2 11.271801
11.8 11.919003
11.900001 11.9820385
11.400001 11.426667
10.49794 10.5734415
12.399998 11.9631405
12.899998 11.704638
11.1 11.262203
11.7 11.69825
11.3 11.453577
11.1 11.1806555
13.1 12.447407
11.2 11.751261
11.400001 11.540881
11.2 11.313873
11.999998 11.921731
11.1 11.275302
11.999998 12.032973
10.622879 11.260731
11.3 11.332682
9.79897 9.836367
11.2 11.286398
12.699998 12.91693
11.400001 11.451398
12.170581 12.725268
11.8 11.91543
11.900001 12.0194435
12.180922 11.780691
11.8 11.704106
11.7 11.57969
11.900001 11.943016
11.999998 12.149595
11.8 11.731427
11.400001 11.445673
11.7 11.717438
11.2 11.6385565
11.1 11.166859
11.719789 10.745192
10.622879 10.690364
11.999998 12.111764
11.1 11.230502
12.399998 12.26009
13.1 12.937579
12.499997 13.550106
11.999998 11.995289
10.40103 10.284031
11.8 11.91542
11.999998 11.988866
11.400001 11.861437
11.8 11.915031
11.2 11.3524
11.1 11.098445
11.7 11.803519
11.1 11.601776
13.8447275 12.6990595
11.999998 11.932799
11.400001 11.914992
11.2 11.30579
11.2 11.898247
12.399998 12.109809
12.299998 12.424224
11.1 11.171309
12.699998 13.523192
11.2 11.396458
11.2 11.8124275
11.3 11.460092
11.999998 11.9902525
11.2 11.283252
11.3 11.353193
11.1 11.991085
12.899998 12.757855
11.2 11.258924
11.118106 11.2590685
11.5 11.59036
11.8 11.594491
11.2 11.295158
11.900001 11.99453
12.199999 11.865988
13.600039 13.555802
11.2 11.19158
11.1 11.318638
11.400001 11.447224
11.5698 11.848451
11.1 11.206667
11.1 11.193518
11.2 11.294502
11.900001 11.936209
12.1 11.937626
11.599999 11.607345
11.7 11.830459
11.599999 12.0700035
12.40103 12.978068
11.1 11.989478
11.2 11.266674
11.3 11.305882
11.7 11.7846775
11.999998 11.933405
11.8 11.890074
11.7 12.452676
11.5 11.525108
11.8 11.868799
11.3 11.344025
12.299998 12.320788
11.8 11.786238
11.3 11.397546
11.3 11.4889
13.699981 12.341216
11.900001 11.948654
11.999998 12.009237
11.1 10.877777
11.900001 12.018232
11.900001 11.938828
11.400001 11.472709
13.399989 13.466355
11.2 11.452772
11.1 11.204086
11.900001 12.0851
11.599999 11.715632
11.999998 11.8389435
11.2 11.320834
11.3 11.418926
11.2 11.291717
10.6 10.782072
11.599999 12.528801
11.2 11.43173
10.79897 11.03792
11.3 11.297619
11.7 11.647015
11.900001 11.967612
11.2 11.421819
11.7 11.87203
11.900001 11.948704
11.5 11.238522
11.1 11.182467
11.1 11.040573
11.1 11.141594
11.1 11.117103
10.40103 10.533561
11.900001 11.960825
11.400001 11.773431
11.1 11.183683
11.3 11.37916
10.7 10.390987
12.499997 12.504019
10.5 11.131936
11.344125 11.346941
11.2 11.347416
11.1 11.71611
11.8 11.925282
11.5 11.577831
11.900001 11.948936
11.2 11.297056
10.2 10.598375
11.599999 11.322718
9.750965 9.987388
11.70103 11.741561
11.3 11.501395
14.299971 13.962584
11.599999 11.715541
11.400001 11.468153
11.1 11.255752
11.1 11.370563
11.599999 11.72314
11.2 11.599547
11.2 11.277797
11.400001 11.531845
13.000009 12.567468
11.2 11.6985445
11.8 11.955737
11.599999 11.446834
11.3 11.394117
11.8 11.906126
13.860608 13.880788
11.2 11.328566
11.2 11.222847
12.765546 12.896254
11.1 11.155407
11.7 12.070591
11.1 11.234289
11.8 11.903004
11.7 11.815292
12.777781 13.447627
11.8 11.926407
10.40103 10.36904
11.3 11.3818445
11.2 12.171495
11.5 11.5682955
11.400001 11.787647
11.2 11.295776
11.5 11.413473
11.5 11.572245
11.2 11.293576
13.399989 13.509759
11.5 11.658623
11.2 11.261737
11.8 11.798841
11.900001 11.967149
11.3 11.296325
11.400001 12.363195
12.699998 11.967335
11.400001 11.856335
11.8 11.875765
11.999998 12.0133915
11.2 11.275267
13.219187 12.36972
11.8 12.1621
10.4372425 10.711414
11.900001 11.939741
12.199999 12.036356
11.1 11.237875
12.299998 12.067781
12.1 12.114262
11.599999 11.920872
11.97999 12.242461
11.2 11.489282
12.499997 12.50372
11.900001 11.936217
11.5 11.467947
11.7 11.904513
13.399989 13.21822
11.2 11.389585
11.999998 11.240648
13.899971 13.774685
14.088687 13.858877
14.805467 12.524915
11.2 11.338467
11.1 11.142158
11.2 11.4288845
11.3 11.412855
11.1 11.257651
11.400001 11.449
13.299971 12.114791
11.89588 12.512403
11.520216 11.264656
11.400001 11.583881
11.8 11.76233
11.900001 11.952217
11.999998 11.953282
11.7 11.824938
11.8 11.786767
12.199999 12.01325
11.8 12.022596
11.2 11.972327
11.5 11.272518
11.900001 11.981475
11.2 11.206988
11.2 11.416728
11.599999 11.7672
12.54 12.123405
12.799992 13.061967
11.3 11.369961
11.3 11.339816
10.622879 10.648983
11.900001 11.445152
11.637602 11.799148
11.999998 12.019984
12.299998 12.480643
11.900001 12.061829
11.195826 12.037491
15.1 14.916391
11.3 11.346352
11.8 11.932737
11.1 11.189692
11.599999 11.714944
11.900001 13.005144
11.5 11.424192
14.1 14.211547
12.199999 12.077238
11.1 11.214886
11.599999 11.570849
12.499997 12.45325
11.1 11.2609005
14.200179 13.78944
11.224938 11.246803
11.2 11.233638
11.1 11.543297
11.2 11.324792
12.199999 12.012199
11.1 11.207489
11.900001 12.011411
10.058607 10.151764
11.999998 11.719094
10.1 11.978312
11.1 11.27985
10.70206 10.657182
11.2 11.259662
11.999998 11.199811
13.699981 13.654687
13.699981 12.402578
11.7 11.8738575
11.2 11.243872
11.599999 11.72046
11.5 11.611166
11.3 11.400837
11.2 11.283583
12.622879 12.691592
13.899971 12.50585
11.2 11.26375
11.599999 11.6079445
13.200015 13.154414
11.336121 11.233878
14.700326 14.791171
11.3 11.291158
11.599999 11.756399
11.999998 12.14536
11.5 11.668478
14.1 12.463649
11.3 11.299917
11.3 11.482478
11.3 11.343525
12.199999 11.943538
13.500008 14.246073
11.1 11.266357
11.198542 11.868973
13.000009 11.950581
10.6 10.797899
12.699998 12.31818
11.3 11.615871
12.299998 11.938647
11.404665 11.321993
11.3 11.379394
11.1 11.400582
11.400001 11.528177
11.8 11.56144
10.70206 10.770127
11.400001 11.59156
14.183691 14.00693
11.7 11.735022
11.1 11.224797
11.599999 11.27531
11.2 11.286373
11.2 11.733074
13.200015 12.720199
12.299998 12.075083
10.1 10.169865
11.900001 11.950962
11.2 11.2287035
11.3 11.430517
11.1 11.261961
11.1 11.187272
11.1 11.206442
11.400001 11.45928
11.2 11.253838
12.599997 11.783327
10.622879 11.359007
11.7 11.802343
11.3 11.6837635
11.2 11.286358
11.3 11.337738
11.2 11.548643
13.000009 12.97403
14.700326 13.851575
11.1 11.270352
11.7 11.772858
12.899998 12.747956
11.599999 11.876076
12.599997 12.692501
11.1 11.226927
11.999998 12.0049095
11.8 11.89068
11.999998 12.0159235
11.1 11.403065
11.900001 11.817044
11.821246 11.987391
11.2 11.258818
10.7 10.210184
11.2 11.263786
12.586782 12.063714
11.2 11.269899
11.1 11.265393
11.900001 11.944552
12.799992 12.360251
11.8 11.867938
11.400001 11.475443
11.2 11.163042
12.499997 11.999608
11.7 11.780995
11.2 11.252264
11.2 11.261006
13.200015 12.225807
12.281115 11.593967
10.4 10.371122
10.3 10.549301
11.274371 11.432445
12.499997 12.486873
12.799992 12.018709
11.400001 11.546444
11.8 11.905851
11.900001 11.719053
11.3 11.384846
11.1 11.503068
11.7 11.748164
12.028305 11.917347
11.400001 11.829944
11.900001 11.933368
11.2 11.545782
11.1 11.640956
11.900001 11.949388
11.400001 11.389727
11.2 11.247973
11.2 11.279495
11.3 11.4569435
11.2 11.271916
11.8 11.631462
10.70206 10.720744
11.2 11.27787
11.1 11.509848
11.900001 11.533079
11.5 12.194912
11.900001 11.993543
12.199999 12.725154
11.3 11.358989
13.97615 13.386433
11.1 11.43751
12.799992 13.052789
11.2 11.376032
11.5 11.570524
11.3 11.784636
11.8 11.884834
11.2 11.226513
11.3 11.47221
11.19691 11.431881
11.599999 11.791912
12.499997 12.372796
11.7 11.778118
12.199999 11.617687
11.3 11.444604
13.89588 11.901668
13.19691 13.47483
10.6 10.601431
12.199999 11.60268
11.900001 11.96656
11.2 11.264992
15.058607 12.953897
11.8 11.844682
13.340332 14.9456415
12.446788 12.476281
11.1 11.389921
13.1 13.314725
11.2 11.287693
11.3 11.325708
10.3 11.579208
11.2 11.238867
11.1 11.195261
12.499997 11.922731
11.7 11.875898
11.8 11.817447
12.446788 11.459589
11.400001 11.30658
14.125949 13.723634
11.7 11.718145
11.999998 12.072165
11.900001 11.944624
11.2 11.360472
11.2 11.241516
11.5 11.638491
11.2 11.192883
11.175305 11.296438
11.2 11.283192
11.400001 11.481836
10.4 10.503266
11.170581 11.4317
11.8 11.956558
11.3 11.340891
11.2 11.343851
11.8 11.862816
11.2 11.312422
12.699994 13.722032
11.3 11.531053
11.1 11.249031
11.900001 11.928875
12.8447275 11.23826
11.400001 11.435911
11.3 11.409685
13.699981 13.245791
11.2 11.317267
12.199999 12.166616
11.5 11.532709
11.1 11.190929
11.900001 12.0107765
11.108774 11.259808
11.1 11.253124
13.000009 12.187282
11.7 11.940613
11.900001 11.8749485
12.599997 13.411742
11.2 11.401812
11.8 11.907276
11.3 11.842461
12.799992 12.727622
11.999998 12.114053
13.200015 13.230655
10.79897 11.205047
10.2 10.338419
11.3 11.329508
12.899998 12.54932
11.2 11.254707
11.1 11.183344
11.999998 12.238569
11.599999 11.776093
11.7 11.687376
11.900001 12.006151
11.1 11.254012
11.7 11.818726
12.699998 12.7218275
11.8 11.929045
11.155518 10.565098
12.8447275 11.838846
11.2 11.220011
11.7 12.033578
11.3 11.304256
14.986056 14.934503
11.8 11.930485
14.375724 14.362766
11.7 11.691349
11.599999 11.697543
11.599999 11.744642
12.799992 12.926087
11.900001 11.884052
11.1 11.0980625
11.3 11.347274
11.999998 11.52962
11.900001 11.95669
11.7 11.837036
11.400001 11.425052
11.777781 12.396777
11.999998 11.885312
11.1 11.131496
11.999998 11.777294
11.8 11.874487
11.1 11.579392
11.400001 11.587327
12.499997 12.397407
14.500117 13.977397
11.3 11.432193
11.2 11.268986
11.999998 11.76303
11.8 11.842613
11.747817 10.86011
11.400001 11.6340065
11.79897 12.513364
13.000009 13.0875635
12.399998 12.111098
11.900001 11.967815
11.400001 11.611289
12.899998 13.530292
11.5 11.647626
11.7 11.418024
11.599999 11.466285
11.900001 11.95277
11.5 11.541568
10.6 10.260802
11.1 11.340567
12.899998 13.443048
12.199999 11.913585
11.999998 11.993189
11.1 11.293247
11.2 11.25806
10.70206 10.647583
11.8 11.880316
11.2 11.357193
11.5 11.558629
11.3 11.202556
11.685027 11.696036
11.5 11.6773
12.499997 11.347927
11.7 11.775099
11.5 11.505338
11.3 11.333686
11.8 11.908487
13.608639 13.26628
11.8 11.854733
11.400001 11.496107
11.900001 12.370406
14.500117 14.677575
11.2 11.279236
13.899971 13.010796
12.899998 11.407298
10.4 10.332317
13.1 12.705635
11.999998 12.035856
11.400001 11.393764
11.7 11.631408
11.599999 11.614658
11.3 11.469739
14.79897 13.077575
11.8 11.912698
11.2 12.007433
9.79897 9.837951
12.233122 12.455339
11.2 11.273663
11.3 11.388529
11.5 11.551238
11.900001 12.061389
11.3 11.363313
11.2 11.389885
11.5 12.023265
11.2 11.261367
11.1 11.246183
11.2 11.263254
10.3 10.302438
11.2 11.198143
12.299998 12.230598
11.3 11.379635
11.8 11.897539
10.923909 11.067079
11.2 11.251861
11.1 11.198473
11.2 11.28607
11.2 11.258311
11.999998 12.3437195
12.399998 12.117176
11.1 11.264383
12.899998 12.807451
11.599999 11.775919
11.599999 11.588915
11.2 11.249017
12.1 11.493253
11.2 11.389034
11.3 11.546387
11.900001 11.443111
11.400001 11.21665
11.1 11.191547
11.5 11.630891
11.599999 11.51449
11.3 11.453569
11.2 11.284903
11.3 11.299414
11.1 11.13924
14.1 13.381415
11.5 11.516594
11.1 11.248438
10.7 11.91788
11.5 11.7516
11.1 11.272253
11.900001 11.956093
11.2 11.43186
10.47675 10.4344425
13.000009 12.64194
11.3 11.312068
12.799992 12.003166
11.2 11.832413
11.175794 11.2869215
11.1 11.226968
11.254902 11.487703
11.599999 11.703764
11.1 11.2501135
11.3 11.398256
13.1 11.401005
11.1 11.2113905
11.7 11.910925
11.900001 11.927161
11.8 11.830747
12.499997 12.526421
12.499997 12.604178
11.7 11.713317
12.399998 13.274164
11.1 11.713063
13.000009 13.380368
11.8 11.2975445
12.637602 12.63305
11.2 11.283987
12.299998 12.308283
11.15 11.243487
11.3 11.182471
11.5 11.414932
9.79897 9.8033
9.70206 9.656248
11.900001 11.661022
11.2 11.276835
9.79897 9.876169
11.5 11.580396
11.2 11.261555
11.7 11.698535
11.2 11.327299
11.1 11.201958
11.8 11.978062
11.1 11.247221
11.5 11.548249
12.299998 11.939718
11.999998 11.949114
11.2 11.518754
11.599999 11.86432
11.1 11.181665
11.599999 11.45917
11.2 11.463158
11.8 11.866419
11.900001 12.217497
11.8 11.915778
11.2 11.238497
12.499997 12.824589
11.392429 11.494482
14.700326 11.464809
11.7 11.30824
11.2 11.372595
11.900001 12.067752
11.8 11.95047
11.7 11.781864
11.900001 11.947636
11.599999 11.612347
11.1 11.597655
11.2 11.288371
11.8 11.873226
11.7 11.45855
11.1 11.226009
11.8 11.887272
12.020819 12.026088
11.1 11.162442
11.7 12.067142
11.900001 11.928609
11.900001 11.981382
11.2 11.325167
11.7 11.871706
11.400001 11.925474
11.900001 11.971539
9.47675 9.505169
11.999998 12.007982
13.1 13.260613
11.7 11.779692
11.900001 11.946494
12.199999 12.006337
11.2 11.265097
11.5 11.393194
11.599999 11.700663
11.1 11.251091
11.999998 12.006652
11.3 11.292677
11.8 11.385108
11.2 11.246712
11.2 11.451897
12.1 12.230141
11.0 11.195762
9.79897 9.84295
11.5 11.541296
11.1 11.153858
12.899998 12.383004
11.2 11.245607
11.7 11.360659
12.199999 11.890526
11.2 11.230462
11.8 11.695308
11.8 11.887818
11.5 11.657018
11.2 11.310529
11.900001 11.888743
11.900001 11.909413
12.1 11.737172
11.7 11.701326
11.5 11.587875
12.199999 12.269083
14.901343 13.983178
11.400001 11.27412
11.7 11.633236
11.7 11.654003
11.900001 12.00526
11.343923 11.438721
11.599999 11.445025
13.897412 13.629806
9.1 9.672485
11.986056 13.242456
11.3 11.3622
10.1 11.186741
11.900001 12.010207
11.999998 11.650952
11.599999 11.922808
11.49794 11.292449
12.622879 12.8874855
12.399998 12.451682
11.2 11.2716465
11.7 11.733242
11.2 11.275837
11.1 11.217445
11.599999 12.820619
11.1 12.411004
10.49794 11.505579
11.254902 11.156876
11.1 11.193411
11.5 11.692953
12.499997 12.413218
11.2 11.383265
11.8 12.3883
11.3 10.866226
11.2 11.256147
11.400001 11.360771
11.5 11.287744
11.2 11.321941
11.5 11.944386
11.3 11.462439
11.400001 11.367004
13.648455 14.384759
11.757577 12.135375
11.599999 11.406983
11.400001 11.41303
11.5 11.61728
11.5 12.453333
12.199999 12.073963
12.399998 12.319857
10.8 11.590496
11.49794 12.585626
11.8 11.406383
11.3 11.472877
11.2 11.356162
11.8 11.681226
13.699981 13.126396
11.400001 11.456843
10.49794 10.720134
9.79897 9.546772
11.400001 11.455558
13.000009 11.980812
11.1 11.228434
12.599997 12.895145
12.799992 13.758225
11.5 11.573795
11.5 11.613655
11.599999 11.621836
11.2 11.307457
13.321849 12.5621805
11.8 11.841012
11.1 10.949324
15.999629 12.74394
11.1 11.111269
11.2 11.25572
11.5 11.793121
11.8 11.888996
11.7 11.803861
11.1 11.287406
11.5 11.798946
11.999998 12.227844
12.599997 11.826635
11.599999 11.69725
11.400001 11.603698
11.900001 11.945075
12.299998 11.860146
11.2 11.5794325
11.2 11.351556
13.399989 13.201957
11.5 11.654889
11.999998 13.509651
11.900001 11.977405
11.599999 11.655546
11.999998 12.35766
11.999998 12.313012
10.779135 11.249181
11.2 11.251337
12.199999 12.841509
11.599999 11.7954445
11.900001 11.962278
11.599999 11.376457
11.2 12.603541
11.2 11.290287
11.599999 11.586159
14.901343 14.834192
11.599999 11.642878
11.8 11.899645
11.900001 11.309959
11.2 11.204998
11.2 11.277643
11.7 11.733175
11.1 11.192832
11.900001 12.009671
11.3 11.556527
10.1 12.23287
13.200015 13.121936
12.499997 12.816726
11.1 11.247417
11.8 12.356987
11.2 11.270443
10.3 11.395048
11.999998 12.027611
11.3 11.355114
11.1 11.233036
11.2 11.665069
11.543697 12.310703
11.7 11.871265
11.900001 11.976786
11.1 11.374386
11.900001 11.979797
11.1 11.258764
11.5 12.245337
11.999998 12.028815
10.622879 10.451423
11.710834 11.850326
11.900001 11.716714
13.1 12.704342
11.8 11.904176
14.329148 14.309429
14.923909 14.224839
11.8 11.686827
10.70206 10.761401
12.1 12.596219
11.900001 12.001227
11.400001 11.505519
12.1 11.977473
11.2 11.259189
11.5 11.427429
11.900001 11.968285
11.69176 12.033774
11.1 11.266697
11.3 11.257576
11.900001 11.902276
11.3 11.276161
11.900001 11.712636
11.3 11.306616
11.3 11.442881
11.56133 11.645479
11.1 11.125774
14.299971 14.460631
11.8 11.8812685
11.5 11.577206
12.399998 11.356104
11.5 11.614321
11.999998 11.995732
11.2 11.227372
11.8 11.846888
11.2 11.280283
11.599999 11.9288845
11.1 11.211029
12.199999 12.110052
12.1 11.909121
11.5 11.667323
14.1 13.729127
11.3 11.340005
11.8 11.887433
11.8 11.932374
11.5 11.476447
11.2 11.267412
12.199999 11.754229
11.578862 11.597773
11.3 11.35269
12.1 12.182082
11.400001 11.430689
11.900001 12.022599
11.8 12.4673
12.300659 12.418073
11.2 11.262615
12.199999 12.308219
12.699998 12.145554
11.3 11.339754
11.8 11.950344
11.2 11.840742
11.3 11.318766
12.1 12.284578
11.1 11.231573
11.7 11.830111
11.5 11.789967
12.199999 12.08452
11.1878605 11.251104
12.799992 12.858799
11.599999 11.462475
11.254902 11.384619
12.1 12.083151
14.321849 14.473296
11.7 11.72368
11.8 11.870322
11.49794 11.292271
11.400001 11.601773
11.900001 12.007025
11.2 11.266626
11.2 11.864763
11.5 11.637634
11.2 11.360227
11.2 11.347753
12.599997 14.235019
11.900001 11.968659
11.1 11.283777
12.1 12.357439
11.2 11.340482
11.2 11.322723
12.499997 13.177794
11.404665 11.018209
11.2 11.274409
11.999998 12.071688
11.599999 11.738316
10.1 10.0915785
11.900001 11.920515
13.399989 13.277971
13.737937 13.980359
11.7 11.830244
11.3 11.51277
11.3 11.28401
11.953872 12.119784
12.499997 11.875198
10.1 10.138664
11.1 11.269157
13.299971 13.510323
11.400001 11.443659
11.2 11.404396
11.3 10.770543
11.900001 12.121109
11.1 11.220754
10.1 10.193014
10.1 10.141099
11.3 11.241112
14.901343 12.631797
11.599999 11.611152
11.3 11.326963
12.180922 12.420221
9.79897 9.899118
11.3 11.573643
11.400001 11.267742
11.1 11.196064
11.1 12.011154
10.79897 11.225391
11.599999 11.865721
13.321849 13.244596
14.999629 14.999846
12.058607 11.73336
11.2 11.291546
11.5 11.56348
11.1 11.240935
11.599999 11.2547245
11.1 11.234718
11.2 11.253517
11.2 11.468521
11.599999 11.302206
11.5 11.569745
14.162119 13.640325
11.2 11.259392
11.8 11.899721
11.3 11.93358
11.2 11.304535
11.1 11.24117
11.2 11.382385
11.1 11.546158
11.1 11.260052
11.8 11.843442
11.1 11.119699
11.2 11.266727
11.5 11.58964
12.278486 12.085529
11.400001 11.491217
11.7 11.3900795
11.9041 11.826227
14.901343 14.78097
11.2 11.249912
11.8 11.790297
11.1 11.217897
11.2 11.235395
12.427902 14.247526
11.599999 11.51914
11.3 11.292369
14.1 13.574078
11.5 12.825122
11.7 11.702581
11.2 11.2791815
11.1 11.1776085
11.1 11.262604
11.1 11.169773
11.900001 11.898216
11.2 12.4003
11.349999 11.883736
11.900001 11.934358
11.2 11.28091
11.1 11.206362
11.1 11.269983
11.1 11.196447
11.7 11.655346
15.508935 14.890986
11.5 11.678028
11.400001 11.469563
12.299998 11.781967
11.599999 11.75233
13.375724 13.547128
11.8 11.820555
12.1 12.48923
11.2 11.319637
11.1 11.247685
14.307609 14.593448
11.198147 11.270288
11.3 11.476782
11.1 11.258028
12.399998 11.93145
12.953872 12.805576
10.79897 10.640876
11.3 11.291538
10.5 11.597404
12.499997 11.859821
12.599997 11.809748
11.8 11.884039
11.2 11.25552
11.400001 11.300953
11.400001 11.761436
11.5 11.770794
12.499997 12.211668
11.3 11.410157
11.0 11.477878
12.599997 11.950569
12.199999 12.143099
13.699981 13.859492
11.2 11.238761
12.399998 12.694367
11.2 11.326952
11.900001 11.864187
11.8 11.854311
11.321849 11.237835
11.3 11.273288
11.400001 11.499794
11.5 11.300051
11.2 11.26041
13.299971 12.810108
11.1 11.251583
13.399989 12.831102
11.599999 11.338915
11.2 11.283803
13.200015 13.403607
11.599999 11.853603
13.461511 12.927947
11.900001 11.727514
10.555932 10.499604
11.3 11.211756
11.7 11.7929325
11.5 11.443353
11.2 11.328194
11.900001 11.965779
12.399999 12.308302
11.900001 11.974496
11.900001 12.030101
11.900001 11.918691
12.599997 12.676274
11.3 11.369304
11.900001 11.807313
13.058607 12.117036
11.8 11.885317
10.40103 10.365632
11.5 11.589074
11.5 11.597651
12.799992 11.3761215
14.200179 13.188742
11.006578 10.955305
11.999998 11.305456
11.5 11.322772
11.2 11.257594
11.7 11.813576
10.622879 10.673164
11.400001 11.360571
12.020819 12.183611
11.336514 11.443045
12.1 12.052891
11.1 11.197562
14.200179 13.4573965
11.1 12.097036
9.890485 9.97363
12.351812 12.404149
14.79897 14.509937
12.1 12.149066
11.8 11.954845
11.1 11.191973
11.599999 11.657085
11.1 11.227456
12.1 12.692422
14.49794 13.5712
11.2 11.276449
11.7 11.94804
13.508935 13.64067
11.2 11.499203
12.359379 11.736539
11.392429 11.496473
11.599999 12.103561
12.799992 12.88087
11.3 11.932795
11.1 11.928587
11.1 11.12145
11.1 11.351543
11.999998 11.986429
11.400001 11.467996
11.1 11.243189
11.1 11.304722
11.3 11.388395
11.3 11.562734
12.399998 12.263273
12.199999 11.74131
11.435792 11.342839
11.7 11.537094
11.1 11.127204
12.199999 11.639938
11.400001 11.519962
11.3 11.46699
11.1 11.328001
14.1 14.10517
13.000009 11.298236
13.899971 13.801825
11.900001 11.965695
13.299971 12.0234375
12.699998 12.156801
11.900001 11.958226
10.2 10.1786785
11.3 11.764206
11.2 11.419138
10.4 10.530772
11.1 11.246967
11.900001 11.972833
11.900001 12.005743
12.1 11.949117
10.4 10.442165
11.7 11.811813
10.543697 10.632539
11.1 11.181942
11.1 11.738565
11.900001 11.946018
11.2 11.247214
11.7 11.750853
11.1 11.246002
11.3 11.427443
12.899998 11.994984
11.7 11.844585
11.400001 11.523153
11.1 10.992783
11.2 11.283304
13.299971 13.49447
12.699998 13.091068
11.3 11.215158
13.200015 13.586298
11.2 11.261957
11.999998 12.1382475
10.4 10.653159
11.1 11.258289
11.900001 12.048492
11.3 11.319617
12.699998 12.175195
11.7 11.854443
11.8 11.896643
11.3 10.790913
11.2 11.259642
11.1 11.231323
11.1 11.257475
11.400001 11.698937
11.1 11.273067
11.400001 11.850433
11.2 11.208832
11.1 11.101076
11.2 11.23205
11.5 11.829742
11.3 11.468668
11.8 11.422261
11.3 11.33688
11.900001 11.985357
11.1 12.102322
12.1 11.427834
11.5 11.25037
11.1 11.244868
10.40103 10.388381
11.900001 11.986981
11.1 11.280695
11.2 11.252023
11.5 12.143443
11.1 10.904831
11.1 11.276341
12.199999 12.380361
11.7 11.763038
13.200015 12.681651
11.3 11.303542
11.1 11.153263
9.40103 9.403187
11.1 11.46265
11.2 11.281879
12.399998 12.068783
11.599999 12.28281
11.2 11.276407
12.399998 12.436657
14.321063 13.503394
11.7 11.396902
11.3 11.40834
11.5 11.716452
11.1 11.159652
11.66225 12.196316
11.2 11.443935
11.637602 11.515313
11.5 11.672487
11.2 11.279297
14.622879 13.791278
11.8 11.437074
11.900001 11.963885
11.463512 12.622678
10.2 10.541845
11.2 11.214628
10.70206 10.713854
11.8 11.897405
11.7 11.760703
11.5 11.555449
11.1 11.536775
11.2 11.262757
11.999998 12.066444
11.2 11.34404
11.2 11.237158
11.3 11.47021
11.7 11.688867
12.899998 12.909624
11.1 11.281157
11.2 11.3639345
11.1 11.176165
11.599999 11.61091
11.321849 11.219036
11.1 10.709818
10.6 10.439639
13.500008 13.604485
11.8 11.307964
12.599997 12.427102
10.2 10.265836
11.5 11.59903
11.1 11.225035
11.1 11.222333
10.1 10.249854
11.2 11.199406
11.1 11.299738
10.40103 10.32212
11.2 11.357897
11.400001 11.653459
11.1 11.278959
10.5 10.611185
11.5 11.880087
11.1 11.262555
12.399998 12.25912
11.2 11.361881
14.200179 13.697673
11.3 11.363356
11.2 11.553251
11.2 11.282623
13.399989 12.85965
13.1 12.407292
11.5 11.450963
11.1 11.202537
14.261151 13.955905
11.3 11.3087635
9.79897 9.968191
11.2 11.280199
11.8 12.161474
11.599999 12.096214
13.800057 13.266585
13.066142 12.365124
10.8 10.588724
11.400001 11.368877
11.8 11.736927
11.3 11.42337
11.1 11.207808
11.1 11.28839
10.1 10.217381
9.79897 9.910959
11.7 11.962924
11.8 11.879694
12.058607 11.404924
11.1 11.411792
11.999998 12.309804
11.400001 11.45849
11.400001 11.461279
11.1 11.250156
11.900001 11.803909
11.599999 11.941435
11.1 11.145283
14.219187 14.726726
11.5 12.137024
11.1 11.252056
11.1 11.230462
11.599999 11.244747
11.3 11.309718
10.79897 10.778757
11.2 12.061633
11.2 11.262701
11.1 11.19945
12.299998 12.37204
11.2 11.24251
13.000009 12.845835
12.427902 11.669567
11.5 11.659754
11.1 11.151049
11.400001 11.333199
10.1 10.126845
11.3 11.314329
12.794648 12.34383
10.40103 10.486323
11.40103 11.463019
11.7 11.844876
11.2 11.424306
10.9 10.789362
11.900001 11.919423
11.3 11.601667
11.900001 11.965794
11.2 11.240851
11.2 11.248994
13.267491 13.161399
11.400001 11.591645
12.199999 12.711055
11.7 11.798748
9.79897 9.902806
11.599999 11.463837
11.1 11.23871
11.7 11.807224
11.2 11.256841
11.5 11.532879
11.2 11.220406
11.900001 11.972562
11.2 11.2655325
11.999998 11.895645
11.5 11.646247
11.8 11.919712
11.900001 11.960789
12.899998 12.729654
10.622879 10.607275
11.999998 11.828331
11.400001 11.464771
10.622879 10.644664
11.629299 11.715273
11.2 11.264399
11.2 12.277237
11.1 11.194326
11.2 11.249464
11.1 11.248106
12.1 12.182529
11.8 11.639681
11.599999 11.375219
11.3 11.333385
12.1 11.60043
11.400001 11.424307
11.5 11.592373
11.1 11.222258
11.5 11.729216
12.299998 11.468409
14.999629 14.279525
11.5 11.47886
11.999998 12.030101
13.1 12.874833
11.400001 11.398564
12.378189 12.781104
14.49794 13.425513
11.8 11.781374
11.999998 12.230698
11.7 11.773815
11.5 11.389502
11.1 11.611574
11.3 11.314277
15.1 14.206876
11.400001 11.50415
11.8 11.872964
11.2 11.2962055
11.1 11.148501
13.122276 13.248567
11.7 12.262416
10.1 10.092267
11.1 11.200699
11.2 11.2369175
11.900001 11.94641
11.3 11.501959
14.1 13.886912
11.1 11.2338705
12.499997 12.553884
11.2 11.2469225
12.899998 11.827986
11.1 11.22776
11.1 11.412918
10.923909 11.056194
13.1 13.079551
11.7 11.791536
11.5 11.516459
11.900001 12.285795
11.3 11.492506
11.5 11.62709
11.0 10.833311
11.2 11.247587
11.2 11.270518
13.000009 13.11168
10.555932 10.513026
11.8 11.878563
11.900001 11.9546585
11.1 10.936779
12.299998 12.161067
11.2 11.1925335
12.1 11.422803
11.359637 10.374623
11.3 11.307065
11.1 11.167097
12.1 12.178898
13.581486 13.789245
11.2 11.1979265
11.2 11.392417
11.400001 11.368704
11.900001 12.717799
14.1 14.180148
11.1 11.5401535
11.1 11.255146
12.399998 11.84351
12.1 12.011642
11.2 11.569215
11.555932 11.423035
11.900001 11.933719
11.400001 11.478062
11.400001 11.837354
11.2 11.296239
12.020819 12.026088
10.2 10.549753
11.1 11.215543
11.2 11.219988
12.699998 11.971981
11.3 11.342728
11.8 11.372913
12.367606 12.080889
10.4 10.214386
11.3 11.416744
11.1 11.253914
11.900001 11.950818
11.2 11.244881
11.2 11.217833
11.599999 11.87257
11.1 11.22879
11.8 12.019118
11.400001 11.855295
12.399998 12.822225
11.7 11.557761
11.400001 11.501118
11.5 11.650389
11.900001 11.958351
11.400001 11.435995
10.8 11.408357
11.2 11.212702
11.8 11.897226
11.2 11.273446
10.1 10.197062
14.777781 14.743649
11.5 11.672965
11.8 11.704448
12.760172 11.280972
10.9 10.928549
13.999974 14.568607
11.1 11.266722
14.622879 14.577453
11.101305 12.300319
11.1 11.236308
14.400163 14.515952
10.719789 10.767654
11.400001 11.274722
11.900001 11.8617325
11.1 11.255913
11.900001 13.622796
11.2 11.253652
11.7 11.672403
11.1 11.344924
11.5 11.559392
11.777781 11.936957
11.3 11.363246
11.599999 11.665396
11.599999 11.5553055
12.1 11.387905
11.2 11.2626095
11.5 11.542099
12.199999 12.39499
12.461511 12.865442
11.1 11.204279
11.1 11.193508
11.1 11.200066
11.2 11.319537
11.3 11.325918
11.5 11.540907
11.900001 11.95311
11.8 11.772527
12.1 11.251457
11.599999 11.8276615
11.3 11.339718
11.2 11.336109
11.7 11.782854
11.8 11.803482
11.900001 12.034771
11.5 11.541769
11.900001 11.933656
12.499997 12.2614
11.3 11.340196
11.2 11.263987
11.400001 11.392221
13.1 13.084601
11.5 11.577606
11.1 11.24791
11.5 11.580685
13.351812 13.398688
11.3 11.293693
11.1 11.051164
11.599999 11.25066
11.2 11.24741
11.3 12.116667
11.5 11.509039
11.1 11.487768
11.599999 11.812836
13.1 13.063985
11.3 11.314344
11.1 11.198404
10.1 10.144339
14.299971 12.732929
11.3 11.411861
11.599999 11.611629
12.040815 12.757949
11.5 11.589394
10.9 11.828571
11.1 11.185214
11.999998 12.129487
10.622879 10.660846
11.1 11.273007
11.2 11.276301
11.2 11.218573
10.662469 11.339487
11.599999 11.79702
11.1 11.187613
11.400001 11.427807
11.1 11.158752
11.599999 11.668121
11.1 11.213723
14.8447275 14.359611
13.899971 13.779577
11.2 11.735698
11.2 11.225638
13.899971 14.132169
11.1 11.191297
11.8 11.644692
11.900001 11.688995
11.5 11.494492
11.400001 11.915887
12.199999 12.062474
11.900001 11.978812
11.999998 11.969715
10.70206 10.685157
11.2 11.698442
12.499997 12.54491
11.2 11.239753
11.5 11.535847
13.800057 12.878346
12.051963 11.963781
11.900001 11.922712
10.1 10.179724
11.1 11.058193
12.1 12.07431
11.599999 11.244805
11.2 11.253605
13.600039 14.526729
11.2 11.367317
14.299971 13.732006
12.899998 12.728429
11.400001 11.336416
11.1 11.20606
11.5 11.643177
12.299998 11.784761
11.999998 12.025267
11.3 11.34857
11.5 11.59354
11.8 12.518676
10.622879 11.0811825
13.999974 13.311337
11.2 11.253193
11.8 11.874514
11.900001 11.969675
11.2 11.206386
11.5 11.583993
11.5 11.53027
11.599999 11.563985
11.7 11.71814
11.2 11.256913
11.2 11.304054
12.1999855 12.089961
11.1 11.176203
11.900001 11.942444
11.2 11.252752
11.3 11.392094
11.999998 11.987684
11.999998 12.101924
11.900001 11.974159
11.7 11.806866
11.2 11.262229
11.1 11.222994
12.399998 12.144604
12.499997 11.638943
11.5 10.764118
11.900001 11.950796
11.599999 11.809643
11.400001 11.444881
12.599997 12.924316
11.900001 11.964775
11.900001 11.902996
11.1 11.149621
11.8 11.874464
11.900001 11.922453
11.900001 11.958882
14.40103 11.587874
11.3 11.372469
11.900001 11.932991
13.2704735 13.214961
11.900001 12.092133
11.2 11.302752
13.699981 13.558314
13.800057 13.53378
9.79897 10.050791
11.3 11.679397
11.5 11.76939
11.999998 12.267065
11.999998 11.567106
12.699998 12.910754
12.299998 12.33115
11.900001 11.957033
11.599999 11.947575
11.3 11.408633
12.499997 11.949671
11.400001 11.443301
11.999998 12.458395
12.499997 12.83388
11.1 11.2051525
13.399989 13.180507
10.622879 10.737644
11.400001 11.303921
13.321849 13.430532
11.2 11.278547
11.2 11.238241
11.400001 11.609987
11.2 11.272247
11.3 11.512722
12.399998 13.044532
11.3 11.811353
11.1 11.172765
11.1 11.1695
13.1 11.4361
11.599999 11.663599
11.3 11.3608675
11.5 12.799076
12.359637 12.147512
12.699998 13.192477
11.7 12.013069
11.1 12.305931
11.400001 11.487043
11.3 12.397205
11.5 11.798087
11.7 11.679418
11.900001 12.113691
11.900001 11.952375
11.7 11.565283
12.299998 12.441556
11.5 11.672398
14.299971 14.733275
11.400001 11.597634
11.1 11.215513
11.2 11.206123
13.1 13.363929
11.7 11.972415
12.900001 13.29339
11.3 11.393761
12.79897 12.213296
11.2 11.330988
11.900001 11.777378
13.1 12.615834
11.3 11.231798
11.900001 11.874267
11.1 11.338939
12.199999 12.190484
12.599997 12.788888
12.699998 12.166224
10.70206 10.773163
12.555932 12.596834
11.1 11.157259
11.2 11.33062
11.1 11.191967
11.2 11.302347
11.900001 12.019003
12.21351 12.786979
12.19691 12.449086
13.1 12.045313
11.5 11.548105
11.599999 11.505962
11.2 11.539114
12.599997 12.155737
11.79897 12.052202
11.900001 11.997913
11.8447275 12.740505
13.899971 13.665315
11.530626 11.273211
11.5 11.588436
11.999998 12.0506935
12.128261 10.413496
11.999998 12.003942
11.900001 11.985264
11.5 11.67434
11.8 11.919405
11.40103 11.645545
11.900001 11.975853
12.199999 12.388646
12.1 12.581771
11.900001 12.057772
11.599999 11.689876
11.239147 11.309449
11.555932 11.20425
10.40103 10.591797
11.7 11.76857
11.2 11.216919
11.5 11.783081
12.799992 12.730208
11.3 11.405779
11.2 11.285474
11.900001 11.940966
11.599999 11.428743
11.5 11.599934
11.999998 11.391176
10.145758 10.242975
12.599997 11.984711
11.400001 11.356414
11.3 11.3111515
11.900001 11.952244
12.499997 13.548379
11.2 11.363548
11.599999 11.695903
11.5 11.588546
11.7 11.72135
11.400001 11.406737
11.8 11.892216
12.699998 12.062524
12.1 12.244526
11.400001 11.517245
11.2 11.244496
11.400001 11.615811
11.2 11.259108
11.5 11.649189
11.2 11.272927
11.1 10.887991
10.224938 10.291534
11.5 11.581353
11.2 11.327536
11.8 11.335144
11.2 11.299516
11.2 11.326264
12.399998 12.391912
10.7 10.714912
11.7 11.451211
11.900001 11.964581
11.400001 11.463948
12.1 12.187342
11.8 11.886374
11.5 11.663601
11.2 11.240568
11.7 12.8068495
11.900001 11.922978
11.3 11.330326
11.1 11.15303
12.899998 11.704084
11.900001 12.014192
10.2 10.567326
11.400001 11.457531
11.1 11.26676
10.4 10.35833
11.2 11.235725
11.599999 11.628159
10.1 11.064707
11.2 11.291919
10.4 10.2481575
12.199999 12.268573
11.900001 11.95581
11.7 11.826765
11.1 11.151109
11.2 11.990101
11.2 11.232215
11.2 11.270818
11.599999 11.652706
11.999998 11.885686
11.599999 11.6905155
12.599997 12.471915
11.1 11.146965
11.1 11.337394
10.40103 10.323118
11.7 11.753755
11.543697 11.670572
13.299971 12.582471
11.76354 12.085737
11.400001 10.720858
11.8 11.935908
11.1 11.200995
11.7 11.780991
13.999974 12.172003
11.8 11.885313
11.3 11.304081
11.2 11.264852
12.19691 11.797091
12.199999 12.224468
11.900001 11.946238
13.15061 12.509463
11.3 11.337833
11.3 11.438565
11.1 11.249294
13.1 12.371876
11.66117 11.555183
13.869806 12.105369
11.3 11.82041
11.1 11.402361
11.3 11.408062
11.599999 11.64929
14.600313 14.08945
13.020819 12.770814
11.8 11.396921
11.8 11.913404
11.535334 11.285177
11.2 11.1984005
11.599999 11.670571
11.7 11.900792
11.900001 11.820569
11.8 11.85593
11.3 11.384658
11.1 11.688637
12.299998 11.877468
11.230768 11.244797
11.5 11.626375
11.2 11.276537
10.4 10.667603
11.8 12.077851
11.999998 12.000132
11.5 12.111543
11.599999 11.693212
14.200179 14.0868845
12.499986 12.494195
12.299998 12.154253
11.7 11.783731
11.7 11.706663
11.900001 11.968057
11.3 11.336892
11.5 11.886166
11.1 11.205428
13.1 12.193784
11.400001 11.494506
11.3 11.431385
11.7 11.331633
11.2 11.293182
11.5 11.557705
14.999629 15.116281
12.499997 13.01513
11.1 11.227753
11.0 10.415516
11.1 11.077909
11.900001 11.94441
11.400001 11.458145
11.1 11.204612
12.926814 13.104178
11.2 11.257124
11.3 11.342569
10.9 10.569234
12.1 11.937998
11.1 11.099992
11.3 11.296194
11.900001 11.659583
12.1 12.1279745
11.2 11.260166
11.900001 11.973629
11.5 11.882699
11.5 11.621206
11.8 11.126205
11.8 11.82398
11.7 11.868413
11.7 11.791461
11.2 11.264481
14.058607 14.646527
11.999998 12.186607
11.2 11.250253
11.900001 11.969924
12.1 11.901353
11.8 11.900678
11.999998 12.110119
12.536519 12.318141
11.2 11.270673
11.2 11.625514
9.79897 9.88056
11.2 11.23822
9.40103 9.415812
11.560548 13.568259
10.40103 10.899504
11.7 12.157373
11.5 12.008086
11.3 11.349387
11.1 11.129192
11.2 11.371637
11.2 11.263075
10.145758 10.218897
11.3 11.583899
11.2 11.249786
11.19691 11.339275
15.1 14.219915
11.8 11.649829
11.1 11.214912
11.3 11.346128
11.2 11.884395
11.1 11.232092
12.51862 11.997583
11.900001 12.06353
11.900001 11.977334
11.8 11.831289
11.1 11.232582
11.5 11.550373
11.3 11.421692
11.3 11.627228
11.2 11.4003
13.999974 13.206887
11.900001 12.061348
12.199999 11.935436
11.7 11.759326
10.8 11.020367
11.400001 11.457052
12.1 11.503976
11.900001 12.003103
11.599999 12.36657
11.944213 11.373956
11.2 11.309625
11.3 11.485793
12.759379 11.194386
11.145758 11.497559
11.2 11.356838
11.599999 11.731034
13.500008 12.291985
11.599999 11.5289345
11.2 11.317396
11.900001 11.958043
11.599999 12.162735
11.3 11.315742
12.199999 12.458944
11.900001 12.025497
11.2 11.331099
11.8 11.773699
12.699998 12.513238
10.70206 10.856019
11.8 11.815828
10.3 10.62221
11.599999 12.048996
11.375724 11.2813225
11.900001 11.928148
11.2 11.485035
11.1 11.198605
11.3 11.3305235
11.1 11.21734
13.299971 12.53098
11.900001 11.829259
11.1 11.372107
11.2 11.244684
12.799992 12.261783
11.900001 11.95381
11.2 11.220772
11.1 11.216326
11.8 11.893888
11.1 11.25288
11.599999 12.491253
11.2 11.435715
11.2 11.280258
11.1 11.305814
11.2 11.248419
11.400001 11.60935
10.122276 10.178237
11.1 11.24214
13.999974 13.618355
11.900001 11.966888
11.900001 11.935424
11.900001 11.938761
11.900001 12.03213
10.9 10.608734
11.599999 11.372431
11.3 11.540369
13.600039 13.391917
11.2 11.774424
11.2 11.27851
11.5 11.57482
11.8 12.05217
11.2 11.279378
11.900001 11.994341
12.499997 12.1721325
9.79897 9.923017
11.400001 11.446323
11.2 11.266814
12.299998 12.085641
11.900001 12.1397
11.999998 11.631338
11.2 11.336459
11.1 11.2379875
11.8 11.715502
11.900001 11.9577465
11.7 11.81257
13.050004 13.695338
10.901343 10.851273
13.899971 13.765897
10.830955 10.641228
11.999998 12.004934
11.900001 11.93336
11.2 11.524672
11.3 11.305206
13.1 12.994218
11.1 11.21701
11.175305 11.322142
11.1 11.173853
11.8 12.426919
14.700326 14.701572
11.900001 12.344057
11.1 11.280805
11.400001 11.462187
12.1 11.499747
11.2 11.482428
11.599999 11.664465
12.1 11.946266
11.900001 11.459398
11.7 11.274422
10.6 10.760433
11.5 11.554245
11.5 11.570929
11.8 11.881952
11.118106 11.241112
12.299998 11.476917
11.7 11.786606
11.3 11.495555
11.599999 11.35943
11.1 11.301605
11.1 11.205807
13.699981 13.120723
13.622879 13.731956
13.299971 13.647867
11.1 11.245365
11.400001 11.2152405
10.622879 10.647223
11.8 11.904235
11.1 11.19538
11.599999 11.664944
11.1 11.171587
12.899998 12.844386
11.2 11.266695
11.900001 11.958046
11.7 12.188665
10.70206 10.674746
11.7 11.881087
11.5 11.590532
11.5 11.581537
11.400001 11.450039
11.400001 11.500881
12.40103 12.335287
14.065731 14.751176
11.1 10.804332
11.7 11.950372
11.8 11.893753
11.7 11.821047
11.5 11.573024
11.3 11.386551
11.7 11.769615
11.45 11.465882
11.574222 11.62752
11.3 11.29295
11.400001 11.329887
11.2 11.2734785
11.2 11.264563
11.900001 11.953408
11.2 11.235615
11.5 11.571802
11.2 11.419153
11.367606 10.7457
11.1 11.2918625
11.1 11.242006
11.8 11.871903
11.999998 12.063629
11.599999 11.720058
11.2 11.24951
11.2 11.246
11.999998 12.024128
12.299998 12.544068
10.1 10.172716
11.599999 11.565644
11.5 11.576512
12.699998 12.583144
11.2 11.440313
11.8 11.917475
10.40103 10.33212
11.2 11.215517
11.2 11.25585
11.900001 11.991624
11.2 11.307398
11.900001 11.960228
11.7 11.98538
12.599997 12.995624
11.999998 12.10433
11.2 11.2451
10.321849 10.331225
13.000009 13.72819
11.2 11.906441
11.8 11.989564
11.599999 11.454894
11.8 11.894793
11.1 11.324106
11.1 11.195135
11.2 11.277651
11.2 11.24885
10.1 10.197616
11.1 11.1837845
11.1 11.211727
11.1 11.183782
11.7 11.794462
13.1 11.678056
11.599999 11.327213
12.899998 13.802272
11.8 11.771694
12.599997 12.583638
11.5 11.515986
11.7 11.795852
11.5 11.383435
11.5 11.600527
10.70206 10.56038
11.900001 11.970462
11.2 11.255548
11.2 11.253923
11.2 11.358129
12.699998 11.616964
11.2 11.464954
11.599999 11.416437
11.400001 12.487102
12.399998 12.519195
11.900001 11.964737
11.900001 11.966547
11.7 11.746586
11.2 11.30953
11.3 11.532804
13.399989 13.113854
11.2 11.261511
11.7 11.715062
11.2 11.280649
13.200015 12.84323
14.09948 12.904635
12.199999 12.25722
11.1 11.305938
11.400001 11.419346
11.2 11.252706
10.40103 10.54095
13.800057 14.507308
11.400001 11.501081
12.140959 11.859717
11.2 11.29329
11.890485 12.966863
11.1 11.262714
11.5 11.436978
11.599999 11.792982
11.1 11.209955
11.7 11.822656
11.5 11.675099
11.599999 11.944913
11.599999 12.293461
11.400001 11.501362
11.1 11.534035
11.5 11.553795
11.900001 11.939851
13.046922 12.7328415
11.7 11.588898
11.3 11.897335
11.1 11.287415
11.2 11.225626
13.1 13.094326
14.79897 14.721357
10.8 10.867117
11.202373 12.7475195
11.900001 11.953207
11.1 11.249488
11.599999 11.962994
11.7 11.852612
12.199999 11.962133
11.108774 11.252758
12.399998 11.524538
11.3 11.399874
11.2 11.22365
11.400001 11.725687
10.3 10.681398
13.1 12.440981
11.400001 11.963377
11.799998 12.08812
13.600039 12.621898
10.79897 10.714801
11.2 11.32855
11.2 11.266794
11.1 11.154459
11.900001 11.932239
11.1 11.262505
11.5 11.477324
11.869551 11.775866
12.399998 12.060329
11.400001 11.287859
13.854961 10.200702
12.699998 11.992138
12.499997 12.525493
11.1 11.229073
12.499997 12.005924
10.608639 12.188991
11.1 11.23506
11.3 11.300638
11.5 12.197559
13.409804 12.824642
11.2 10.964231
11.900001 11.964893
11.599999 11.727849
11.3 11.456678
11.8 12.918701
11.140959 11.4402275
12.1 11.934523
11.2 11.241685
11.900001 11.302141
12.1 11.716374
11.2 11.251551
14.280456 14.574201
11.900001 11.972855
10.2 10.215706
11.3 11.335536
11.1 11.24008
11.3 11.31436
11.5 11.4645
11.599999 11.583481
11.3 11.529175
11.599999 11.289834
11.8 11.8989725
11.900001 11.96702
10.5 10.364088
11.2 11.306342
11.5 11.517836
12.199999 11.855373
11.2 11.255502
11.900001 12.220758
11.3 11.818842
11.7 11.763988
11.5 11.596291
14.999629 14.529223
11.400001 11.34295
11.3 11.4936285
10.40103 10.332165
11.5 11.467129
12.199999 12.316386
11.8 11.925175
9.79897 9.791317
11.400001 11.469244
11.8 11.883058
11.3 11.323479
11.106614 11.198491
11.3 11.858553
11.999998 11.447401
11.599999 11.900125
13.299971 12.321648
13.29382 13.365049
12.1 11.573385
11.999998 12.092303
11.2 11.197982
11.8 11.899186
11.400001 11.305248
11.1 11.141008
11.40103 11.461788
11.999998 12.155032
11.5 11.533041
11.8 12.43846
11.400001 11.536959
11.599999 12.343882
11.8 11.891786
11.1 11.288425
11.8 11.895188
11.900001 12.095064
10.1 10.25098
11.900001 11.813084
10.1 10.129867
12.899998 12.205157
11.8 11.867452
11.900001 11.940695
11.8 11.784061
13.409804 12.967525
11.2 11.28195
11.7 11.742671
13.999974 14.534083
11.2 11.35395
12.690067 13.168379
13.47675 13.1625805
11.599999 11.637184
13.800057 13.813936
13.999974 13.007037
10.4 10.562117
11.599999 11.817089
12.699998 12.731675
11.5 11.650473
11.1 11.47561
11.1 11.287175
11.900001 11.945519
11.599999 11.901002
11.8 11.8042345
11.2 11.351923
11.1 11.262803
11.400001 11.49598
11.900001 11.951396
11.999998 12.028686
11.5 11.538719
11.5 11.4842825
10.40103 10.331815
11.999998 11.637085
11.900001 11.721886
11.1 11.209679
11.2 11.262977
12.299998 11.932745
11.3 11.601484
11.1 11.237313
11.5 11.761182
12.799992 12.912173
11.1 11.567078
12.633132 11.892827
11.8 12.060117
13.600039 13.140164
11.1 11.168818
14.145758 14.350912
14.200179 14.385512
11.1 11.227093
11.3 11.284346
11.2 11.279179
11.7 11.838598
12.699998 12.357132
10.70206 10.721746
14.1 12.166579
11.2 11.267201
12.1 11.8737
13.500008 14.0561285
11.5 11.535059
11.5 11.625343
11.2 11.663348
11.2 11.365199
10.70206 10.691575
11.2 11.708331
13.299971 13.190201
11.2 11.354065
11.7 11.769705
9.79897 9.920247
11.7 11.736053
11.900001 11.764343
12.799992 12.67905
11.400001 12.232191
11.1 11.198015
11.2 11.261255
11.5 11.669152
11.900001 11.977636
10.40103 10.376674
11.1 11.20122
11.5 11.664045
11.3 11.512669
11.8 11.91987
11.5 11.489034
11.1 11.336826
10.986056 10.252565
12.199999 12.507309
11.3 11.413598
11.79897 12.086216
11.8 12.016956
11.8 10.877916
11.5 11.653308
10.738272 10.741949
11.2 11.259155
11.2 11.2437725
11.738272 11.472588
13.399989 12.520622
12.1 11.941961
11.3 11.308144
14.200179 13.3783865
11.1 11.263643
12.1 12.100528
12.919643 12.912194
11.2 11.327398
12.599997 11.567301
13.299971 13.062364
11.1 11.183791
14.652842 13.855125
11.1 11.165777
11.8 11.854774
11.3 11.340875
11.900001 11.897991
11.8 11.445222
11.2 11.223533
11.8 11.845772
11.900001 11.93721
11.900001 11.924064
11.8 12.082224
11.7 11.7724285
11.2 11.2973995
13.500008 12.885402
11.599999 11.656134
11.585452 12.277497
12.299998 11.516347
10.8 11.038349
11.8 11.838957
11.900001 11.954184
11.3 11.467249
11.719789 11.768767
11.5 11.656071
11.900001 11.94167
11.8 11.917749
11.2 12.035543
13.299971 12.778899
11.1 12.0905285
11.2 11.54151
11.400001 11.491492
11.400001 11.944706
11.400001 11.397371
11.3 11.634053
12.699998 11.962889
14.49794 14.887601
11.1 11.143554
11.900001 11.937207
11.999998 12.067764
11.3 11.341036
11.2 11.327703
12.1 11.959097
11.5 11.590355
11.1 11.244702
11.8 11.805038
11.900001 12.04505
12.399998 11.950802
11.900001 11.92846
11.999998 12.086137
11.2 11.243349
13.699981 13.239092
11.1 11.229098
11.400001 11.4054985
12.699998 12.375936
11.2 11.334195
13.899971 14.462155
11.7 12.377217
11.900001 11.991759
11.999998 11.837096
10.70206 12.300365
11.2 11.269097
11.400001 11.566025
12.599997 12.421919
11.5 11.505058
11.900001 11.962918
11.400001 11.50296
11.7 11.756636
11.1 11.345876
13.1 12.626679
11.900001 12.1015415
11.400001 11.454251
11.400001 11.450717
10.1 10.061354
11.400001 11.55253
11.2 11.218893
12.02263 12.789667
11.2 11.320522
12.499997 12.623382
12.199999 11.600897
11.2 11.242991
13.800057 13.416077
11.3 11.279949
11.3 11.3371315
10.1 11.587059
13.299971 13.179614
10.3 11.4882145
14.299971 12.25811
11.1 11.266079
11.900001 12.054917
11.2 11.58327
11.1 11.30755
11.599999 11.739787
11.212469 11.299398
13.699981 14.132922
11.400001 11.284225
11.180922 11.273446
10.622879 11.181417
12.499997 12.579001
10.70206 10.692769
12.599997 12.629832
12.299998 12.357785
11.599999 11.356001
11.5 11.622993
11.999998 12.12097
11.900001 12.017284
10.700015 11.291477
14.901343 11.776517
11.1 11.292866
10.2 10.346011
11.685027 11.524586
11.5 11.624305
11.2 11.287402
11.2 11.31368
9.79897 10.23564
11.8 11.923091
11.7 11.783294
11.2 11.296333
11.900001 11.965484
13.1 13.366443
11.7 12.212319
11.3 11.3685465
12.799992 13.253322
12.299998 11.760189
11.900001 11.613947
12.799992 12.12847
11.2 11.741125
11.1 11.232712
11.599999 11.52081
11.1 11.215698
11.900001 11.976185
12.299998 12.3475
11.3 11.324039
11.7 11.699953
11.7 11.784429
14.986056 13.663097
11.599999 11.91965
11.5 11.8573065
11.7 11.785454
11.7 12.127003
11.3 11.344214
10.5 10.299309
11.1 11.208666
11.7 11.751507
11.999998 12.013354
11.2 11.533529
11.8 11.8889265
11.400001 11.648615
11.1 11.507983
15.200179 14.753189
11.900001 11.957712
11.1 11.180762
11.999998 12.095507
11.2 11.339801
11.400001 11.559254
11.3 11.617071
11.3 11.664111
11.2 11.282686
11.2 11.364334
12.799992 12.043385
13.899971 13.071736
13.399989 12.979472
10.2 10.852412
11.5 11.378325
11.400001 11.402044
11.2 11.276857
11.400001 11.596279
13.1 13.332845
11.3 11.38493
11.900001 12.45764
10.5 10.616368
14.622879 12.103307
11.2 11.498058
11.5 11.632457
10.6 10.443881
11.1 11.197687
11.7 11.789295
12.499997 12.032837
11.1 11.162825
11.5 11.569218
11.1 11.230745
11.900001 11.974989
11.2 11.386929
11.5 11.461391
12.299998 11.464835
12.199999 11.576553
11.3 11.604347
11.3 11.463502
11.599999 11.789707
11.7 11.217985
14.40103 13.780028
11.2 11.232648
11.5 11.687807
12.399998 12.853187
11.400001 11.442359
10.70206 10.720224
11.2 11.195701
11.7 11.5803385
12.418758 11.784243
11.900001 11.990815
11.2 11.243867
11.5 11.502302
11.999998 12.25084
11.1 11.200945
11.7 12.144581
12.299998 11.933374
10.622879 10.872014
11.1 11.244095
12.1 12.034039
10.753647 12.694812
11.3 11.403411
12.699998 12.9225855
12.281115 11.489103
11.2 11.731617
11.1 11.894354
11.999998 12.008743
11.3 11.397737
13.000009 11.921221
11.2 11.251841
11.5 11.576151
13.200015 11.992855
11.3 11.482476
11.3 11.439559
11.1 11.287841
11.1 11.229021
12.399998 11.994258
11.3 11.311924
11.999998 11.787754
11.1 11.229817
11.2 11.248838
10.520216 11.187832
11.3 11.305424
12.299998 12.2593355
11.400001 11.587181
10.078811 10.138816
12.499997 12.527749
11.599999 11.699763
11.900001 12.383037
11.999998 11.673626
11.3 11.751314
11.900001 11.62236
11.999998 11.871168
11.5 11.622243
11.8 12.035534
11.599999 11.696705
11.2 11.362198
12.499997 12.91847
11.1 11.002049
11.49794 12.0112705
12.637602 12.35496
11.3 11.3713665
11.1 11.218063
12.668636 12.738613
11.5 11.924691
12.799992 12.4883795
11.400001 11.561949
11.3 11.444003
10.40103 10.410112
11.2 11.251239
11.986056 11.306673
11.1 11.209804
11.1 11.247606
12.719789 12.962632
11.2 11.283056
11.1 11.437268
11.5 11.624037
12.599997 13.432136
11.599999 11.249725
11.2 11.210283
11.1 11.227333
12.299998 12.7441435
10.516801 11.232561
11.2 11.517306
11.5 11.250521
11.8 11.375946
12.699998 12.609299
11.599999 11.294058
11.900001 12.013012
11.2 11.263273
11.1 11.338766
12.299998 11.965954
11.1 11.237317
12.399998 11.69282
11.8 11.930031
11.5 11.589897
13.000009 12.093333
11.1 11.206514
14.901343 14.246495
11.8 11.977481
14.113228 11.063633
11.1 11.175483
10.79897 11.238842
13.986056 13.63197
11.1 11.269119
11.599999 11.599461
11.5 11.538399
11.1 11.243174
11.400001 12.00946
11.8 11.991275
10.1 11.314213
11.400001 11.387756
10.719789 10.684152
12.199999 11.894387
11.999998 12.240016
11.5 11.640968
12.499997 12.366411
11.999998 12.04838
11.1 11.832076
11.900001 11.936684
11.1 11.149084
11.3 11.480543
11.400001 11.984442
10.40103 10.370335
11.869551 11.661945
12.224938 12.232356
11.900001 12.006868
14.4000435 14.472534
11.1 11.24972
11.140959 11.919065
11.900001 11.961093
12.199999 12.272797
11.1 11.176189
11.7 11.512488
11.2 11.26415
11.2 11.262367
11.5 11.28718
11.400001 11.536823
10.5685215 10.457757
11.400001 11.883312
11.5 11.641526
11.5 11.9097595
11.599999 11.266382
11.5 11.631643
10.49794 10.571174
11.1 11.235111
11.900001 11.956398
11.900001 12.977573
11.900001 11.982848
11.599999 11.744446
11.900001 11.941566
11.8 11.891287
11.1 11.2032795
13.777781 13.838216
11.2 11.370314
11.7 11.769016
11.2 11.304181
11.710109 11.960173
11.2 11.260024
11.1 11.269337
11.1 12.188972
10.622879 10.620412
14.600313 13.880678
11.900001 11.94386
11.2 11.390303
11.3 11.363682
11.7 11.611263
12.399998 12.182015
11.2 11.314753
11.900001 12.026917
12.199999 12.321829
10.2 10.3257065
12.199999 11.872711
11.1 11.188733
11.999998 11.62139
11.2 11.266312
11.2 11.265355
11.3 11.69475
13.299971 13.275683
11.5 11.503622
11.1 11.808412
11.7 12.06385
12.399998 12.540433
11.400001 11.433453
10.1 11.847929
12.515898 11.466387
12.599997 12.846593
13.000009 13.226146
11.1 11.135349
10.70206 10.6868515
11.479343 11.528068
11.999998 11.661636
11.900001 11.953968
11.900001 11.963607
11.5 11.494364
11.599999 11.701841
11.1 11.17725
12.399998 11.769831
11.599999 11.958065
11.400001 12.005146
11.7 11.799692
11.599999 12.326652
11.19691 11.167152
11.8 11.837372
11.2 11.245232
11.191515 11.311265
13.699981 13.809131
10.622879 10.703808
10.1 10.160097
11.3 11.618721
11.1 11.756292
11.7 11.718555
11.3 11.304092
12.299998 12.104868
11.900001 11.97437
11.8 11.844326
11.2 11.812422
9.70206 9.551012
11.900001 11.981774
11.599999 11.808407
12.1 12.276852
11.900001 12.0390215
11.1 11.254195
11.3 11.48053
13.1 13.576878
12.199999 12.8834715
11.999998 12.030287
11.8 11.991012
11.5 12.199457
12.499997 12.480166
11.7 11.758773
11.900001 11.874461
11.2 11.283556
11.5 11.514627
11.8 11.852379
12.299998 12.238589
11.999998 12.0034895
11.599999 11.417429
11.900001 11.95104
10.6 10.807096
10.70206 11.227116
11.400001 11.39743
11.5 12.263159
11.3 11.493635
11.2 11.39705
13.1 11.757437
10.857208 11.556841
12.199999 12.087642
11.999998 12.291975
11.599999 11.614171
11.8 11.933075
12.299998 12.451045
11.51454 12.039049
12.899998 12.7342
11.5 11.44102
13.500008 13.031674
11.1 11.209232
11.2 12.108595
11.3 11.397863
11.7 11.744835
11.1 11.173449
11.2 11.263042
12.899998 12.20234
11.7 12.122329
13.000009 11.71864
11.2 11.4535
11.5 11.59651
11.599999 11.317802
12.199999 12.329902
11.686266 11.86576
11.2 11.630552
12.1 12.181784
11.5 11.944087
13.200015 12.319603
11.599999 11.578743
11.923909 12.051761
11.2 11.250638
11.599999 11.712814
13.242667 13.240388
11.3 11.874014
11.900001 11.963075
11.1 11.2592745
11.2 11.29271
11.7 11.673012
11.1 11.261617
11.2 11.318169
11.5 11.501314
11.400001 11.3457365
12.699998 12.172094
11.1 11.228203
11.1 11.213673
12.199999 12.490535
11.2 11.27245
11.999998 11.990321
12.1 11.936858
11.3 11.334091
11.8 11.843327
11.400001 11.440819
11.7 12.146328
12.199999 12.204036
11.900001 12.273553
12.299998 12.274778
12.199999 12.504619
11.999998 12.055781
11.599999 11.403969
11.5 11.237805
11.1 11.205694
11.3 11.284848
11.5 11.88509
11.300659 10.758564
11.7 11.967727
11.5 11.5635195
11.900001 11.944697
11.2 11.230921
12.19691 12.474877
11.7 11.732517
11.999998 12.012018
11.7 11.664112
10.627244 11.788631
11.3 11.387512
11.400001 11.401919
11.2 11.222763
11.1 11.156963
11.599999 12.009457
11.999998 12.044254
11.7 11.636795
11.599999 11.588115
11.389741 11.677545
11.900001 12.083448
11.599999 11.416338
11.7 11.82488
11.999998 12.086271
12.1 12.118694
12.299998 12.26472
11.900001 11.933887
11.7 11.798356
11.70103 11.733458
11.1 11.295605
13.821246 11.985033
11.5 11.595318
11.900001 11.940191
11.900001 11.439687
13.1 13.049466
11.5 11.540425
11.599999 11.698049
11.3 11.048025
11.1 11.303252
11.3 10.585455
12.299998 12.843961
11.400001 11.278242
11.1 11.2485895
11.8 11.892538
11.8 12.290369
11.8 11.930962
11.2 11.605694
12.199999 12.011738
11.5 11.629601
13.000009 12.81865
11.2 11.307899
12.499997 12.55106
10.443902 10.659436
12.40103 12.409612
12.499997 11.9501705
10.622879 10.748417
11.5 11.730732
10.7 10.625683
11.8 11.568436
11.8 11.820076
11.599999 11.764622
11.900001 12.015579
11.7 11.913349
11.7 11.697711
10.608639 10.641026
11.900001 11.970527
11.400001 11.608139
11.953872 11.919576
11.1 11.173162
11.400001 11.51305
11.1 11.26195
11.336572 11.27573
12.899998 12.432388
11.2 11.3199415
11.2 11.501219
13.000009 12.71405
11.900001 11.96873
13.1 11.980528
12.1 11.714422
11.2 11.232647
11.999998 11.819635
9.40103 9.4862995
11.3 11.340233
12.1 11.736882
12.799992 13.356559
11.2 11.263647
11.7 11.770791
11.1 11.341879
11.599999 11.36142
11.1 11.183505
11.5 12.620746
11.8 11.971426
11.7 11.74413
11.1 11.231316
11.3 11.335083
11.5 11.553971
11.1 11.2348385
11.1 11.446747
11.2 11.205963
11.2 11.267457
11.3 11.359764
11.1 11.020819
11.8 12.253403
11.2 11.342491
11.8 11.949221
13.49794 13.470072
11.900001 11.99565
11.2 11.321961
10.652842 10.522058
13.800057 13.774748
15.180922 15.156183
11.400001 11.67174
11.900001 11.736515
11.1 11.148745
11.5 11.577621
11.900001 11.934053
9.978481 10.079627
11.2 11.269694
12.420572 12.029301
11.2869625 11.311064
11.5 12.110575
11.5 11.490776
11.5 11.475278
11.3 11.36553
11.5 11.585796
10.1 10.316457
12.799992 12.17374
11.999998 12.025623
11.900001 11.992682
11.5 11.53515
11.1 11.3934355
12.799992 12.019129
13.000009 12.67877
11.8 11.872898
12.112214 12.142487
14.757577 14.778197
12.199999 11.909233
11.8 11.845884
13.79897 12.319159
12.399998 11.991393
11.2 11.260841
10.3 10.243848
11.900001 11.858864
11.1 11.198179
12.599997 11.242739
11.2 11.620251
11.49794 11.664296
12.583288 13.740985
12.953872 12.980838
14.145758 13.924533
11.2 11.365162
11.1 11.244511
11.7 11.753672
12.499997 12.705764
11.1 11.20504
11.2 11.246924
11.2 11.360419
11.400001 11.389992
11.2 11.305952
11.7 11.989597
11.999998 11.917105
11.1 11.257546
12.599997 12.076801
11.7 11.467697
11.207906 10.505615
11.1 11.525258
11.900001 11.910539
11.599999 11.539403
11.3 11.402321
11.2 11.248558
11.7 11.931454
11.8 11.9396105
14.200179 11.864772
11.2 11.24693
11.2 11.361167
11.400001 11.631819
11.1 11.273249
11.2 11.180677
11.2 11.283005
11.7 12.452154
11.2 11.386095
11.5 11.594785
11.900001 11.992457
13.200015 13.428006
11.520216 11.285
11.400001 11.325666
11.7 11.734415
11.2 11.267956
13.000009 12.336092
11.2 11.948818
11.8 11.871689
11.2 11.266862
12.799992 12.606658
11.8 11.8820715
11.599999 11.704274
10.1 10.420883
11.2 11.276648
11.1 11.140502
10.89588 10.565085
11.400001 11.489074
11.400001 11.545555
11.1 11.2961235
10.321849 12.283701
11.5 11.219233
11.1 11.224417
12.599997 11.811526
11.1 11.214352
11.5 11.521023
13.000009 12.200748
11.999998 11.637347
10.70206 10.723823
11.1 11.209005
11.8 11.873554
11.7 11.751558
11.1 11.332277
12.1 12.199627
15.1 14.259365
11.7 11.556567
11.1 11.217598
14.19691 14.6670475
11.115759 11.220879
13.685027 13.235904
11.2 11.781869
11.40103 11.362536
11.999998 12.00116
11.854487 12.051662
11.1 11.229636
11.999998 12.004664
11.986056 12.933747
11.3 11.402616
11.2 11.2760515
11.400001 11.354364
11.1 11.250574
11.900001 11.951485
11.5 11.472611
11.2 11.3216915
12.19691 12.399737
11.309011 10.5776005
11.8 11.9188
11.599999 11.704685
11.999998 12.031906
11.198455 11.21228
9.79897 9.484273
11.5 12.356319
11.900001 12.096791
11.2 11.251749
12.599997 12.313015
11.3 12.142526
11.1 11.237688
11.2 11.235647
11.18351 11.37816
11.3 11.270222
13.399989 12.704658
11.70103 11.774367
11.5 11.503706
10.2 10.146246
12.399998 12.7657
12.499997 11.960575
12.399998 12.423898
11.3 11.346734
12.299998 12.281542
11.7 11.78189
11.8 11.898835
10.40103 11.121561
11.400001 11.487671
13.299971 12.875571
11.5 11.37116
13.399989 13.142054
11.1 11.177961
11.1 11.321943
11.2 11.320898
14.1 13.709611
11.400001 11.54079
11.599999 11.565815
12.1 11.246853
11.999998 12.04536
12.499997 12.350328
11.40103 11.262316
11.7 11.747324
12.299998 12.067781
11.900001 11.930516
11.2 11.29891
11.2 11.273427
11.2 11.327672
11.900001 12.002916
12.199999 12.150423
12.1 11.698109
11.900001 12.435035
11.900001 12.2495365
11.2 11.222198
11.2 11.249654
11.2 11.2222595
11.19691 11.355308
11.1 11.233337
13.699981 13.901105
10.49794 10.461676
10.4 10.391642
11.2 11.47528
11.3 11.494244
11.2 11.306129
11.7 11.871199
11.2 11.280053
11.8 11.896448
14.47675 12.311664
11.8 11.804018
11.7 11.907157
11.7 11.840598
11.1 11.243906
11.8 11.726727
9.79897 9.964121
11.7 11.827824
11.999998 12.062222
11.900001 12.021786
12.599997 13.32441
11.1 11.226174
11.900001 11.928207
12.399998 12.035166
13.1 13.123648
10.4 10.183445
11.400001 11.2482395
12.399998 12.303205
11.3 11.291989
11.7 11.799788
11.599999 11.637552
11.8 11.577841
11.599999 11.248146
10.4 10.7604065
10.70206 10.71431
11.175305 11.262031
11.900001 12.183187
14.600313 14.286333
11.2 11.290704
11.1 12.086338
11.400001 11.394438
11.3 11.553257
11.1 11.665401
10.095678 10.0804405
11.8 11.937943
11.900001 11.970844
11.400001 11.384165
11.8 11.773239
11.2 11.50079
13.399989 12.040515
11.3 11.339904
10.49794 10.6129
11.1 11.219093
11.3 11.708395
11.8 11.928858
11.3 11.679193
11.900001 11.998343
12.699998 12.436986
11.1 11.255241
11.599999 12.039227
12.199999 12.523802
13.600039 12.471832
11.2 11.288528
12.599997 12.084032
11.999998 11.664795
10.1 11.492483
11.2 11.311232
11.400001 11.653335
11.900001 11.510376
11.400001 11.48461
11.5 11.536138
11.3 11.338132
12.7038 12.739967
11.3 11.311188
11.1 11.245923
13.299971 13.320865
11.8 11.896328
11.1 11.271232
11.1 11.180449
11.3 11.853756
11.2 11.266344
11.900001 11.954693
11.400001 11.342008
11.2 11.263859
12.299998 12.5081005
11.1 11.41679
11.900001 11.9649935
11.8 11.807915
11.2 11.227148
11.2 11.270163
11.622879 11.651191
11.2 11.272489
11.599999 11.860131
13.70206 14.431816
11.5 11.759664
12.418758 12.682931
11.599999 12.115586
11.2 11.281331
13.953872 12.516674
11.3 11.780064
11.400001 11.514234
11.900001 11.92583
11.1 11.207853
12.499997 12.126277
11.1 11.205137
11.999998 12.018568
11.900001 12.403696
11.1 11.153725
11.900001 12.014618
12.191515 12.12991
14.1 13.903954
11.5 11.619114
12.799992 11.933142
14.254902 14.101072
11.400001 11.463754
11.400001 11.645884
12.856081 12.6617
12.399998 12.575753
11.3 11.618345
10.70206 11.29816
11.254902 11.335895
11.3 11.35239
11.400001 11.395061
13.2870865 12.899985
11.900001 12.171558
11.1 11.201588
11.3 11.367949
12.699998 11.4212475
12.1 11.907912
12.599997 11.974692
11.5 11.541067
13.000009 13.561014
12.499997 12.380046
11.3 11.239788
10.9 10.861815
10.1 10.265142
11.2 11.360732
11.8 11.878354
11.671333 11.495582
12.70206 12.522615
11.900001 11.996024
11.1 11.153387
11.400001 11.580391
12.699998 12.543206
11.8 11.833075
13.508935 14.205136
13.500008 13.626233
11.400001 11.562503
11.5 11.479223
13.699981 12.867096
11.400001 11.494491
11.8 12.201431
11.1 11.193655
11.900001 11.966756
11.2 11.256466
12.1 12.4319105
11.2 11.21031
11.8 11.989702
14.999629 14.52982
12.29382 12.268475
12.499997 12.140968
11.3 11.416077
11.1 11.191759
11.599999 11.518626
9.79897 9.89363
11.2 11.311046
11.7 11.636378
11.900001 12.178182
11.3 11.313826
11.1 11.258479
12.155518 11.681705
11.999998 11.767209
11.400001 11.344669
11.2 11.316741
14.79897 13.910989
11.599999 11.946277
11.5 11.505161
14.200179 13.5734625
12.399998 12.27424
11.3 11.32526
12.499997 12.042603
11.999998 12.007592
11.999998 12.015862
10.1 10.180928
12.899998 12.693487
11.999998 11.949487
11.400001 11.576876
11.400001 11.825157
11.7 11.767398
10.5 10.617394
13.000009 12.878665
11.3 11.34992
11.900001 11.943756
12.199999 11.607689
11.8 11.9024105
11.900001 11.950423
13.800057 12.539834
10.1 10.221996
11.8 11.840856
11.999998 12.049943
10.1 10.11735
11.7 11.760288
11.1 11.228111
11.1 11.3710985
12.699998 11.858769
11.999998 11.962176
11.999998 11.2265625
11.5 11.64324
11.3 11.396222
11.2 11.235842
11.400001 11.27082
10.321849 10.260237
11.3 11.505632
13.000009 12.464546
11.599999 11.700024
12.15 11.740989
9.905 10.550021
13.499203 13.510274
12.685027 12.889296
11.1 11.265879
11.2 11.268146
11.400001 11.468645
14.500117 13.121969
11.1 11.251479
12.15061 11.2965765
11.999998 12.027911
13.180922 13.191918
11.5 11.59581
11.999998 12.0262165
10.40103 10.611846
12.00309 11.862835
11.872113 11.767086
12.299998 12.31793
11.5 11.6416235
11.5 11.62093
11.2 11.29528
11.2 11.264202
11.3 11.354024
11.8 12.049825
12.1 12.12648
14.200179 13.527858
11.2 11.393778
11.3 11.358151
11.2 11.252266
11.2 11.290882
11.2 11.245107
11.1 11.488855
11.599999 11.593655
11.2 11.311704
11.2 11.264623
11.7 11.767924
13.299971 11.68505
11.3 11.893085
11.3 11.282519
11.1 11.250091
12.608639 13.577027
11.400001 11.516718
11.900001 11.967543
11.5 11.995692
11.900001 11.956183
11.2 11.460538
11.196367 10.215212
11.400001 11.379068
10.40103 11.559497
11.5 11.638186
11.329885 10.362625
11.3 11.707695
11.2 11.420514
11.400001 11.394297
11.2 11.326483
11.343923 11.637617
11.2 11.316601
11.2 11.261136
11.5 11.460094
11.1 11.425068
10.8447275 11.229502
13.500008 13.269195
11.70206 11.277982
11.1 11.194639
11.8 11.934088
11.2 11.314531
11.400001 11.438599
11.599999 11.321134
11.999998 11.887062
11.5 11.5356245
11.2 11.2530775
11.7 12.205494
11.5 11.677032
11.8 11.826407
11.1 10.4828615
11.1 11.26338
11.3 11.418699
11.1 11.100548
12.299998 12.096804
11.2 11.257916
11.2 11.41132
13.899971 14.129216
11.900001 11.890732
11.1 11.239334
11.2 11.317526
11.900001 11.902069
11.2 10.664715
11.1 11.240176
11.5 11.634048
12.1 11.783649
11.599999 12.044818
11.999998 12.871433
12.299998 11.77034
11.5 12.1287565
11.2 11.330563
11.2 11.301679
11.1 11.2656
11.2 11.25728
11.5 11.514351
11.900001 11.96073
11.599999 11.529974
11.900001 12.07803
11.900001 12.092394
11.8 11.83915
11.7 11.459948
11.7 11.773307
11.900001 11.938086
11.2 11.284478
11.7 11.343593
11.020819 11.31374
11.2 11.467161
11.900001 12.028108
11.8 11.897368
11.020819 11.178601
9.79897 9.881729
11.1 11.200668
11.2 11.284651
13.000009 13.486756
11.900001 12.13378
11.1 11.350054
11.8 11.884182
11.1 11.426082
11.900001 11.942682
10.1 10.532061
10.8 10.92822
12.199999 12.114782
11.5 11.444561
11.3 11.357578
11.400001 11.428292
11.1 11.232086
11.3 11.232291
9.79897 9.989461
12.531798 10.704818
11.400001 11.490576
11.599999 11.788589
11.1 11.249079
13.999974 12.895154
11.900001 11.763145
12.299998 12.415239
11.2 11.27269
12.1 12.013842
11.8 11.838857
12.199999 12.118999
11.1 11.216504
11.5 11.48255
11.599999 11.565363
11.5 11.344488
11.8 11.881479
12.899998 13.036597
12.899998 12.4237795
11.3 11.311492
10.1 10.192153
11.2 11.218597
13.000009 12.05767
11.5 11.603703
11.5 12.040211
12.299998 12.006623
10.40103 11.811641
12.40643 11.26314
11.1 11.164795
11.7 11.748059
11.999998 11.682037
11.900001 11.997078
14.847425 13.131053
11.400001 11.58765
11.999998 12.012932
11.2 11.310299
11.1 11.306082
11.1 11.159872
11.999998 12.013226
12.299998 13.577586
11.8 11.707626
11.1 11.2833
11.5 12.143597
12.010095 11.498304
11.599999 11.632919
11.2 11.209371
11.267491 11.081604
12.101985 11.964506
12.299998 12.386519
14.400163 14.28519
10.40103 11.971817
11.900001 11.972214
10.4 10.447462
13.500008 13.105176
11.2 11.34609
12.399998 11.59635
11.2 11.240701
12.1 12.210968
11.900001 11.953416
11.1 11.368586
11.3 11.320501
11.7 11.615411
11.1 11.361258
10.4 10.576869
12.499997 11.798561
10.1 10.364208
13.1 12.793041
11.900001 11.467608
11.2 11.318118
12.199999 12.261576
11.900001 11.3451185
12.599997 12.304907
11.3 11.387933
11.2 11.290774
11.3 11.298915
11.999998 12.006119
11.599999 11.687679
11.1 11.174528
13.000009 12.919337
11.19691 11.24477
11.400001 11.327502
11.1 11.20937
13.1 13.160953
11.2 11.264056
11.3 10.681667
11.2 11.2598715
11.8 11.921259
14.784246 14.711669
11.3 11.395435
10.520216 10.544889
11.8 11.967495
11.2 11.253593
11.900001 11.977646
11.581486 11.944216
11.8 11.8435955
11.400001 11.484898
11.7 11.782674
11.1 11.438246
13.399989 12.508197
11.3 11.336496
13.2870865 14.066277
11.999998 11.927892
11.5 11.547115
11.7 12.205811
11.900001 11.779774
11.400001 11.5542755
11.400001 11.743374
10.79897 11.178574
11.5 11.543143
11.3 11.437125
11.7 12.297228
11.1 11.519734
11.5 11.507452
11.40103 11.2563
12.19691 12.472976
12.329148 12.555812
10.1 11.6939745
11.3 11.293242
11.900001 11.857946
10.40103 10.396853
11.1 11.642929
11.224938 11.252359
11.8 11.902306
11.599999 11.754335
10.1 10.108869
11.2 11.271458
12.699998 12.231966
11.175305 11.232136
14.600313 12.531793
11.1 11.226392
11.900001 11.842987
10.622879 10.674264
10.971278 10.487975
11.2 11.3855
12.699998 13.904021
11.900001 11.965964
11.1 11.231403
11.900001 11.971096
13.899971 12.783771
11.2 11.211534
11.1 11.811683
12.199999 12.197343
11.1 11.442751
12.499997 12.350101
10.953872 10.97217
13.000009 13.48561
11.8 11.920792
12.299998 12.557263
11.5 11.402367
12.199999 12.400395
11.2 11.267326
11.8 11.750406
11.400001 11.023247
11.1 11.170653
11.3 11.2918625
11.5 11.554701
11.3 11.41547
11.2 11.254643
11.1 11.064373
11.7 11.733545
11.2 11.353962
11.3 11.34232
11.8 11.8329
11.3 11.425001
11.336572 11.295751
12.299998 12.195248
11.8 11.95932
11.79897 10.863376
11.900001 12.003207
11.900001 12.049779
11.599999 11.796205
13.800057 14.175959
11.3 11.436096
11.1 11.191773
11.8 11.604416
11.5 11.560945
11.2 11.228094
11.2 11.340525
11.1 11.231229
12.1 11.870396
11.900001 12.093292
13.500008 13.415213
11.2 11.263383
11.3 11.460284
11.3 11.299155
11.5 11.506344
11.900001 11.953409
13.399989 12.800639
11.900001 11.940038
11.5 11.596953
11.900001 11.931008
10.487216 10.973825
12.699998 13.589419
12.5698 12.716268
11.7 11.709996
11.7 11.744657
11.2 11.270253
10.622879 10.748405
11.5 11.534903
12.499997 12.301115
11.3 11.642404
12.199999 11.952581
11.900001 12.024366
11.400001 11.701514
11.757577 11.600622
11.900001 12.037924
12.499997 12.53308
10.40103 11.813656
11.7 11.813488
11.1 11.190872
11.7 11.752869
11.404665 10.942402
12.199999 12.192151
10.47675 10.493034
12.699998 12.737223
12.499997 12.104661
12.599997 11.728417
12.499997 12.246093
11.2 11.278642
11.1 11.324734
11.1 11.233313
11.8 12.02091
11.2 11.309288
11.8 11.864198
11.999998 11.916777
10.321849 10.289838
11.7 12.031553
11.599999 12.29443
11.900001 11.79416
11.900001 11.95133
11.3 11.223864
11.2 11.166626
11.1 11.198704
11.400001 11.524248
11.599999 11.601463
11.900001 11.945557
13.699981 12.582406
11.1 11.259239
11.3 12.0894985
11.2 11.22703
12.199999 12.233522
11.3 11.2792
11.999998 11.271244
11.999998 11.59971
11.5 11.499556
11.900001 11.600569
13.399989 13.04186
11.2 11.251692
11.599999 11.324539
11.5 11.539823
12.699998 12.439856
13.899971 12.266396
11.7 12.357857
11.599999 11.604666
11.3 11.323519
11.2 11.275748
11.654828 11.726775
14.901343 12.198875
11.599999 11.811056
11.599999 11.794014
14.901343 13.238042
11.2 12.20772
11.3 12.016248
11.2 11.280027
11.3 11.446573
11.999998 12.036637
14.1 12.566001
11.900001 11.343276
10.4 10.224365
12.299998 12.1948185
13.200015 12.180296
11.7 11.8292465
11.2 11.238695
11.599999 11.786369
11.3 11.410635
11.1 11.201809
11.3 11.359648
11.599999 11.965004
11.5 11.503017
11.3 11.758806
11.2 11.268838
12.174634 12.402311
11.1 11.277469
11.599999 11.757716
10.831188 10.745053
11.900001 11.937732
11.1 11.208265
11.900001 12.488461
11.900001 11.945841
11.1 11.134717
11.1 11.143248
12.299998 12.818165
12.199999 12.390877
11.400001 11.345954
11.900001 11.9400015
11.2 11.22993
11.599999 11.788943
11.999998 12.737876
11.2 11.267181
10.40103 10.837047
11.2 11.274483
11.400001 11.386181
11.599999 11.671843
12.1 11.36103
11.274371 11.512716
11.1 11.173368
11.999998 11.805511
11.3 11.22799
11.3 11.288794
11.1 11.17683
11.8 11.863443
11.1 11.279604
11.5 11.612025
11.3 11.475656
11.2 11.254901
12.299998 12.150148
11.2 11.267272
13.600039 13.086673
11.2 11.351255
11.5 11.556461
11.1 11.250798
11.1 11.67558
11.900001 11.856647
11.599999 11.798163
11.2 11.3012085
12.299998 10.8214
11.8 11.8894615
12.499997 12.550726
12.399998 12.4904375
11.7 13.182614
11.3 11.396459
11.8 11.861019
11.7 11.761404
11.7 11.693055
11.2 11.288681
9.79897 10.256678
13.087163 12.322596
11.7 11.536314
11.2 11.231852
11.2 11.327322
11.900001 12.059654
12.1 11.597322
11.1 11.264877
11.3 11.487541
11.3 11.463228
11.3 11.346853
11.2 11.333981
11.400001 11.581787
11.2 11.319296
11.900001 11.963689
11.8 11.783184
11.8 11.865716
12.599997 12.138546
10.2 10.260725
11.900001 11.617781
12.499997 12.438395
12.499997 12.280321
11.1 11.245464
11.599999 11.954703
11.2 11.236279
11.2 11.2779
13.1 12.236185
10.1 10.276626
13.299971 13.429323
11.400001 11.696714
12.299998 11.431059
11.1 11.203369
12.375724 11.879017
11.2 11.574097
11.3 11.437492
13.500008 13.317424
11.5 11.555978
11.5 11.73606
13.800057 13.529344
12.499997 12.027155
11.1 11.234802
10.4 10.237202
11.400001 11.431232
11.5 11.573696
11.3 11.292375
11.999998 11.333294
11.400001 11.679609
10.700015 11.068165
12.299998 11.721651
11.8 11.868242
12.499997 11.920837
11.8 11.910287
11.5 11.593829
10.7 10.485952
12.299998 11.917797
11.900001 11.951567
11.2 11.267001
13.200015 12.679982
11.2 11.306221
11.900001 12.106903
10.1 10.259806
14.299971 12.40738
11.999998 12.124834
11.599999 12.018687
11.1 11.268981
11.900001 11.951079
12.299998 11.85138
11.2 11.428561
11.5 11.641202
11.2 11.334644
11.5 11.6032715
10.4 10.712851
11.7 11.9616375
11.0 10.484211
11.2 11.24086
11.2 11.26757
10.40103 10.433065
11.1 11.122322
11.5 11.580553
11.900001 11.797736
11.2 11.250118
11.400001 11.527184
11.1 11.156092
11.900001 11.962038
11.3 11.670551
9.79897 9.850746
11.3 11.521798
11.2 11.251701
11.2 11.286996
11.2 11.276293
11.400001 11.40234
11.1 11.46662
11.8 11.803799
11.8 11.958457
10.9 10.986648
13.200015 13.075622
10.8 10.866341
11.900001 11.927804
10.1 10.131187
11.8 11.594599
11.999998 12.103633
11.999998 12.022392
11.1 11.126282
11.599999 11.700995
12.299998 12.705344
11.5 11.574968
10.4 10.099098
11.400001 12.05976
11.2 11.369976
11.400001 11.479399
12.199999 12.153488
12.699998 11.770735
9.79897 9.860386
11.8 11.969667
13.79897 14.111699
12.299998 12.294934
11.900001 11.954179
11.900001 12.168945
11.3 11.591512
11.1 11.267118
13.200015 11.906351
11.1 11.150988
11.900001 11.940458
11.2 11.9643345
11.900001 11.950188
11.8 11.69944
11.7 11.716873
11.5 11.990676
11.900001 12.486754
11.3 11.512495
11.2 11.2681055
10.719789 10.620596
11.1 11.202749
11.2 11.289368
11.7 11.799661
9.1 9.231449
10.70206 10.736589
11.7 11.861072
11.3 11.375528
13.500008 12.514601
11.900001 11.347809
11.3 11.273754
11.400001 11.520168
11.1 11.268862
11.5 11.581477
11.400001 11.510954
13.622879 13.625904
11.599999 11.515834
13.899971 14.068354
11.3 11.313954
11.3 11.573753
12.84958 12.764014
12.299998 11.806425
11.1 10.892105
11.7 11.734962
11.1 11.254707
12.499997 12.311174
11.999998 11.387384
11.900001 11.96456
13.800057 13.291196
11.2 11.260694
11.2 11.242591
11.2 11.259856
12.499997 13.828363
11.599999 11.659328
13.600039 13.006698
10.1 10.209009
11.3 11.310051
12.1 12.1534815
11.2 11.199429
12.799992 13.9167795
11.1 11.119141
12.1 12.025139
11.5 11.696718
15.200179 15.044143
11.2 11.279939
13.1 12.158756
13.500008 14.389867
12.499997 12.281045
11.400001 11.601837
12.1 11.984543
13.000009 11.787758
11.7 11.78875
11.1 11.165764
11.7 11.815199
10.581486 10.683477
11.7 11.782972
12.1 11.841511
11.3 11.648951
12.499997 13.276978
12.1 11.917833
10.70206 10.692974
12.499997 12.024018
12.433482 12.123795
11.1 11.658187
11.0 11.210159
11.8 11.928623
12.899998 12.11235
11.1 10.750026
12.1 11.680384
11.1 11.174777
11.7 12.003893
11.400001 11.224464
11.2 11.198252
12.299998 12.337699
13.299971 13.275319
11.2 11.267406
13.800057 13.0819025
11.177759 11.427221
11.5 11.52368
11.900001 12.021102
11.2 11.426923
13.299971 13.0716095
11.400001 11.402479
14.700326 13.942088
11.2 11.851139
11.2 11.334148
12.799992 12.008883
11.1 11.619299
15.500117 14.728244
12.058607 12.36919
11.2 11.293375
12.1 11.973049
12.1 11.781421
11.1 11.187865
11.3 11.282142
12.699998 11.990004
12.699998 12.0808
11.900001 11.7506485
11.400001 11.429407
13.923909 13.536595
11.999998 11.991293
12.058607 12.178063
11.3 11.265873
11.2 11.451698
11.400001 11.279297
13.000009 13.579822
11.900001 11.96534
11.8 11.8430605
11.400001 11.697136
11.900001 11.955645
11.8 11.908756
11.8 11.829496
11.8 11.947681
10.70206 10.729298
12.199999 12.112177
13.500008 12.1653385
11.3 11.377246
11.2 11.293372
12.986056 13.002734
12.1 11.900459
11.8 11.351959
13.953872 13.481948
11.5 11.869522
11.900001 11.972284
11.2 11.251058
11.2 11.3175955
11.1 11.224404
11.8 11.718288
11.400001 11.565479
11.7 11.935287
11.2 11.456306
11.2 11.250737
11.3 11.516485
11.3 11.250071
11.5 11.577901
11.5 11.582699
11.400001 11.869879
11.8 12.254858
11.788375 11.284268
10.145758 10.238827
11.3 11.281326
11.145758 11.935455
11.7 11.814945
11.599999 11.310801
11.3 11.32535
12.899998 12.776568
13.200015 12.587093
12.1 12.229772
12.299998 12.087152
11.8 11.843771
12.546117 12.518207
12.499997 11.971425
11.5 11.754023
11.1 11.203588
11.3 11.309232
11.3 11.671742
12.1 11.90051
11.2 11.2735815
11.2 11.670206
11.5 11.591878
11.5 12.396315
11.3 11.399622
11.3 11.26584
13.000009 12.068945
11.599999 11.613047
13.1 13.1846
10.40103 10.477993
11.900001 11.950145
11.2 11.249716
11.3 11.357233
11.5 11.547054
13.392429 13.185467
12.699998 11.333612
11.599999 11.86456
11.3 11.733681
11.1 11.156435
11.2 11.263472
11.3 11.326188
13.1 13.029259
11.900001 11.931255
11.599999 12.014496
12.699998 12.480835
11.1 11.239934
11.400001 11.53867
11.2 11.60283
14.700326 13.7214365
11.8 11.878164
13.1 13.467738
12.799992 12.272263
11.999998 12.025911
11.329148 11.735571
9.79897 9.906698
11.1 11.225041
11.2 11.262272
11.7 11.90475
11.1 11.249796
12.599997 11.8046255
11.5 11.531559
11.5 11.209587
10.668636 11.261316
11.487216 10.921951
11.400001 11.3987255
11.900001 12.439187
11.900001 11.972058
11.2 11.228393
11.1 11.220623
11.2 11.23807
12.384832 13.084934
10.622879 10.710084
11.2 11.21257
14.1 14.273537
11.400001 11.560471
11.400001 11.427573
11.900001 11.984362
11.599999 11.724115
11.2 11.259658
13.699981 12.468845
12.699998 12.458093
11.5 11.574234
11.400001 11.447763
11.900001 11.962017
11.2 11.435514
11.1 11.224597
11.180922 11.63932
11.900001 11.389561
13.1 12.669258
11.8 11.847495
11.8 11.878639
11.999998 11.673809
11.1 10.710796
12.826416 12.6701975
12.299998 11.989541
11.8 11.939637
11.999998 12.471441
11.8 11.812211
11.3 11.409407
10.70206 10.708649
12.299998 12.332968
11.1 11.270744
12.399998 13.344156
11.2 11.28443
11.2 11.265456
11.5 11.809085
11.3 11.288415
13.1 12.071807
11.3 11.345736
11.7 11.814928
10.40103 11.573001
11.2 11.257547
11.5 11.641607
14.600313 13.811774
11.900001 11.956294
11.3 11.381003
11.2 11.406918
11.599999 11.562071
11.400001 11.493699
12.299998 12.355932
12.399998 12.381975
12.599997 12.627753
11.3 11.352926
11.900001 12.2536545
14.400163 14.280019
11.599999 11.498645
11.49794 11.437083
11.2 11.25844
11.400001 11.677068
11.106614 11.197123
11.2 11.249607
11.3 11.276821
9.79897 9.95223
11.8 11.93259
10.40103 10.395065
11.3 11.324913
12.199999 11.622755
11.2 11.311845
11.999998 11.774994
13.800057 12.127068
12.27745 12.303394
11.8 11.933172
11.2 11.20293
11.5 11.406424
11.2 11.35203
11.3 11.855897
12.799992 12.234718
11.599999 11.65186
11.900001 11.873251
11.900001 11.969755
11.900001 11.947097
11.1 11.218981
11.599999 11.606455
11.5 11.51803
11.901343 11.866573
11.2 11.256926
11.7 11.743065
11.2 11.365019
10.3 10.215139
12.399998 11.253761
11.8 11.917665
11.900001 11.948627
12.499997 11.437154
11.2 11.262459
11.1 11.264435
11.7 11.761506
11.7 11.819844
12.799992 12.243178
11.719789 11.862634
11.400001 11.792616
11.1 11.256727
12.299998 12.139113
11.2 11.417301
11.599999 11.928313
11.5 11.605033
11.123362 11.25055
11.599999 11.639319
11.900001 11.957012
11.1 11.75252
11.821246 11.742282
11.3 11.598214
11.1 11.205435
11.400001 11.40853
11.900001 11.952179
12.899998 12.3847475
13.600039 14.101539
11.900001 11.5402775
11.5 11.657221
12.199999 11.466061
11.999998 12.019331
11.2 11.583399
13.000009 12.508357
11.2 11.242347
10.92333 11.56617
11.900001 11.926037
12.699998 12.60213
12.058607 11.8643265
11.3 11.529331
11.999998 12.173658
11.999998 12.6920805
11.5 11.616254
11.1 11.179478
11.900001 11.935301
11.8 11.892418
11.3 11.683329
12.699998 12.03149
11.5 11.611067
12.599997 11.919888
11.900001 11.968822
11.3 11.253727
11.400001 11.793118
11.8 11.912075
11.599999 11.604739
11.2 11.663761
12.599997 13.583803
11.400001 11.3455305
11.999998 11.985201
11.900001 11.935967
11.2 11.276666
11.900001 11.955241
15.600313 15.220613
14.145758 14.328368
11.7 11.416245
11.7 12.073107
11.2 11.237892
11.999998 11.924068
13.1 12.060301
11.8 11.879051
11.622879 11.918044
11.2 11.392856
11.2 11.304542
11.2 11.194259
11.3 11.255273
9.986056 9.93189
11.2 11.22914
11.5 12.168671
11.900001 11.941007
11.3 11.472211
11.900001 11.955061
12.1 11.325464
11.599999 11.782436
13.321849 13.425378
11.1 11.175801
14.79897 14.859297
11.2 11.31271
13.821246 13.755811
11.599999 11.568058
11.999998 12.097376
12.899998 12.707107
11.400001 11.759211
11.900001 12.6238785
11.2 11.286427
11.999998 12.214541
14.1 12.334263
11.999998 12.020596
11.900001 12.005824
11.599999 12.190194
10.40103 10.713701
11.999998 11.967974
11.999998 12.244467
11.2 11.274311
11.1 11.37805
11.5 11.634539
12.1 12.179196
11.900001 11.962968
11.19691 11.358022
11.400001 11.50808
11.2 11.245441
11.400001 11.43389
11.2 11.503441
11.1 11.155907
12.399998 12.309708
11.3 11.665102
13.500008 13.370931
10.5 10.403288
11.953872 12.0677185
11.2 11.310244
11.8 11.814714
11.8 11.873369
12.499997 12.365334
11.900001 11.906037
11.8 11.750112
13.399989 13.304416
11.1 11.223568
11.2 11.27782
12.399998 11.948646
11.599999 11.628243
12.507823 12.7130995
11.5 11.533857
11.7 11.831954
11.599999 11.779892
14.500117 12.23621
11.900001 11.943184
11.599999 11.968623
11.999998 11.671376
12.1 12.1008835
11.7 12.099367
11.599999 11.538873
11.900001 12.331076
11.212469 11.281906
14.299971 13.460617
15.79897 15.116132
11.3 11.523585
11.5 11.624109
10.40103 10.377789
10.70206 10.704295
11.900001 11.626165
12.927804 13.709853
11.1 11.287729
10.79897 11.467106
11.900001 11.94702
11.400001 11.22991
12.199999 12.201862
13.202373 13.005414
13.999974 13.711371
12.399998 13.308054
11.3 11.334326
10.40103 10.379459
11.1 11.829922
11.400001 11.501268
11.8 11.889105
14.200179 14.221349
11.1 11.211904
11.3 11.349711
11.822364 11.896265
11.1 11.186031
11.7 11.68873
11.2 11.267365
10.1 10.136678
11.599999 11.718583
11.7 11.803039
11.7 12.390622
11.900001 11.985926
11.3 11.357137
11.400001 11.710133
11.8 11.846128
11.1 11.248927
11.900001 12.463314
11.0 10.910241
11.2 11.510669
11.1 12.572049
11.3 11.444662
12.299998 12.037004
11.3 11.373981
11.7 11.87434
11.400001 11.692985
11.400001 11.518454
11.7 11.754514
13.299971 13.892832
11.900001 11.971193
11.900001 11.968928
12.499997 12.489461
11.3 11.306181
11.900001 11.964146
13.699981 13.733586
11.900001 11.968529
11.7 11.79249
11.599999 11.684969
13.1 13.001264
11.972896 11.981272
11.3 11.46795
11.900001 12.001238
11.5 11.2519455
11.2 11.278952
11.1 11.188687
11.2 11.287794
11.5 11.859027
12.1 12.830788
12.799992 12.672166
14.145758 14.318664
11.2 11.217714
11.5 11.550234
11.599999 12.289753
13.000009 12.867335
11.5 11.548122
11.2 11.257931
11.5 11.342792
11.3 11.287548
12.599997 11.945064
10.70206 10.699734
11.5 11.476513
11.1 11.253219
11.599999 11.619575
11.1 11.180435
11.900001 11.960972
11.8 11.8905735
11.8 11.925701
11.3 11.322306
11.999998 12.000596
11.5 11.848202
11.999998 12.001951
11.900001 12.681983
11.2 11.276808
11.2 11.290378
11.900001 11.954004
11.1 12.396146
11.8 11.786137
11.8 12.103612
11.1 11.282185
11.2 11.227375
11.1 11.251307
12.199999 12.707138
11.2 11.273857
11.3 11.328918
11.3 11.241834
11.2 11.380566
11.999998 12.041602
11.2 11.249699
10.2 10.402037
12.374244 13.074838
11.2 11.343758
11.2 11.201596
11.999998 12.134373
11.999998 12.641091
11.2 11.224427
11.599999 11.901392
11.599999 11.882029
11.5 11.513487
11.1 11.198725
11.400001 11.551968
10.901343 10.992733
11.5 10.906856
11.599999 12.002895
11.599999 11.782552
11.900001 11.713963
11.1 11.174628
11.3 11.660859
11.8 11.911347
13.20033 13.720576
11.3 11.449887
11.3 11.325673
11.2 11.270949
11.5 11.625332
11.799998 12.391099
11.400001 11.302796
10.1 10.460215
11.999998 13.237716
11.999998 12.013609
11.900001 11.944454
11.400001 11.8677025
11.5 11.833714
12.555932 12.782602
11.2 11.434473
11.2 11.267907
9.79897 9.890733
11.400001 11.454029
12.499997 12.020817
11.3 11.387232
11.2 11.32669
11.1 11.796908
11.95 12.3748
11.999998 11.984302
11.49794 11.296673
10.2 10.343208
11.3 10.793832
11.3 11.80093
11.1 11.212017
11.7 11.929225
12.1 11.886809
11.400001 11.56831
11.2 11.283197
11.599999 11.6544075
9.70206 9.6072
11.900001 11.773211
11.2 11.261463
11.1 11.174382
11.3 11.671379
11.2 11.255505
11.2 11.350149
12.299998 12.771661
11.5 11.553672
11.5 11.400814
11.19691 11.352486
11.400001 11.43109
11.3 12.000746
11.900001 11.81408
10.40103 10.736896
11.2 11.272436
11.2 11.237642
11.900001 11.974251
11.8 11.560495
11.2 11.279583
11.999998 12.395432
12.89588 12.475789
12.699998 11.282811
11.2 11.235265
11.999998 11.996895
13.000009 12.344406
11.8 11.956461
11.2 12.014728
11.1 11.4139805
11.900001 11.961234
11.5 11.544512
11.3 11.392975
12.299998 11.946064
11.599999 11.768463
11.1 11.34316
11.2 11.3076515
11.599999 11.677777
11.5 11.626646
11.5 11.642033
11.999998 12.601245
12.199999 11.832919
11.599999 11.699692
11.5 11.497435
11.1 11.333413
13.622879 13.749708
11.7 11.781272
13.1 12.653497
11.89588 12.115801
11.3 11.486061
11.3 11.402651
12.799992 12.281987
11.999998 12.254975
13.999974 13.63861
11.5 11.301401
12.299998 12.248245
13.79897 13.871057
10.79897 10.960129
11.2 11.282377
11.3 11.290296
11.2 11.259209
11.3 11.310614
11.2 11.2727375
11.3 11.452078
11.0 10.671764
13.200015 12.470725
10.1 10.207026
11.3 11.32896
11.900001 11.927601
11.400001 11.632412
11.2 11.927844
11.900001 11.934266
11.2 11.510188
11.3 11.293382
11.543697 11.5364
11.7 11.7991085
11.900001 11.796295
11.1 11.532489
11.900001 12.174465
11.3 11.519462
11.999998 11.291857
11.2 11.442116
11.993028 11.241296
13.899971 13.824122
11.2 11.295153
14.1 14.175774
13.500008 13.202614
11.900001 11.977107
11.1 11.177848
11.599999 11.819797
10.1 10.734812
11.2 11.242134
11.1 11.265631
11.1 11.143282
12.199999 12.204473
11.7 11.744984
12.399998 12.644177
11.2 11.280281
10.622879 10.6614065
13.600039 12.135881
13.000009 12.068987
11.108774 11.245685
10.3 10.297014
11.665578 11.568355
10.622879 10.555044
11.3 11.359708
11.3 11.466312
11.3 11.534748
11.8 11.922997
11.5 11.602781
11.8 11.869265
11.900001 11.954784
11.900001 11.977019
11.2 11.247918
11.1 11.149014
11.3 11.466204
11.8 11.639015
11.3 11.579924
11.1 11.219185
11.1 11.257689
11.5 11.588637
10.738272 10.774288
11.8 11.365206
11.8 11.834984
11.0 11.622059
11.3 11.3514385
13.777781 13.4922495
12.899998 13.188096
11.2 11.286072
11.900001 11.971203
13.899971 12.918332
11.1 11.227087
11.2 11.248096
12.719789 12.895305
11.5 11.270889
11.599999 11.738312
11.2 11.248894
11.242667 11.261103
10.79897 12.63025
11.900001 12.024597
11.3 11.660098
11.8 11.932955
11.900001 11.93374
11.999998 12.01538
12.499997 12.5543165
11.5 11.713836
13.500008 13.330464
11.7 11.772955
11.2 11.449774
12.299998 12.087805
11.1 11.453871
11.900001 11.969291
11.2 11.314222
14.299971 13.236611
11.900001 11.982752
12.759556 13.514244
11.2 11.676805
11.999998 11.836231
11.8 11.96246
11.599999 11.732016
11.8 11.866201
11.3 11.654623
11.622879 11.933569
11.95 12.202862
11.8 12.024841
11.999998 12.066284
11.900001 11.709525
11.1 11.184216
13.200015 13.511029
11.5 11.29293
11.3 11.328742
11.549999 11.827965
12.399998 12.273148
13.800057 12.914968
11.5 11.56638
11.7 11.793468
11.2 11.273945
11.7 11.745905
11.5 11.544422
13.399989 12.60224
11.1 10.878668
11.8447275 11.187121
12.199999 12.257484
12.299998 11.927934
11.3 11.253168
11.1 11.267418
12.299998 11.597139
11.1 11.370683
9.79897 9.929795
11.3 11.308716
11.599999 11.791444
11.1 11.532463
15.299971 13.979671
11.599999 11.6707115
11.1 11.246008
11.400001 11.469099
9.79897 9.861939
11.2 11.239532
14.668636 14.402487
11.900001 12.36173
11.7 11.765377
11.2 11.334454
11.058607 10.785404
13.399989 12.623113
13.986056 14.268476
11.2 11.266019
11.999998 12.327935
10.1 10.26216
11.2 11.286036
12.788246 12.850976
11.599999 12.504077
11.400001 11.351221
10.40103 10.429302
12.299998 12.541278
11.3 11.309965
11.1 11.267861
11.900001 11.926216
11.400001 11.883955
11.8 11.919668
11.3 11.524702
12.199999 12.126117
11.900001 11.978645
11.900001 12.09375
11.8 11.929054
15.254902 15.240248
11.2 11.269469
13.299971 13.389844
11.5 11.737467
11.2 11.273684
11.1 11.241069
12.399998 12.957852
12.799992 12.52501
11.2 11.250219
11.1 11.1249695
11.2 11.246845
12.599997 12.554133
11.999998 11.906969
13.999974 13.720027
11.900001 11.900229
12.299998 12.133541
11.999998 11.766318
11.2 11.372688
11.3 11.292787
11.1 11.647148
12.1 11.924692
11.900001 11.980225
11.79897 11.965602
11.3 11.416309
11.1 11.236902
11.400001 11.742717
11.1 11.542438
11.1 11.189721
11.8 12.1832905
11.400001 11.4278755
11.8 11.387422
11.2 11.389891
11.599999 11.647358
10.2 10.271199
13.500008 12.9966345
11.1 11.246105
11.2 11.292057
11.900001 11.9517
11.999998 12.020564
11.1 11.235742
11.7 11.794113
11.900001 11.964715
11.2 11.438611
11.400001 11.464112
11.900001 12.240795
11.599999 11.952337
11.999998 12.03638
11.901343 12.2777
12.799992 12.66255
11.7 12.120858
11.8 11.821211
11.2 11.302816
11.2 11.265616
11.2 11.274123
11.599999 11.733613
11.1 11.283885
11.8 11.93498
11.8 11.8014965
12.299998 12.164181
11.2 11.259611
11.900001 11.9684105
11.8 11.729857
11.999998 12.287542
11.5 11.704149
12.699998 11.645666
11.7 11.756407
11.8 11.8266
11.900001 11.978811
10.49794 10.641554
13.314671 12.009682
11.5 11.567137
11.1 11.173613
11.900001 11.942554
11.400001 11.441437
10.520216 10.569632
11.8 11.906286
11.2 11.318765
14.400163 14.533254
11.40103 11.411015
14.500117 13.285669
11.1 11.6752
11.900001 11.983865
12.299998 11.885004
11.1 11.2419815
11.5 11.829237
12.299998 12.641077
12.899998 12.569549
11.2 11.3166895
11.3 11.250671
13.600039 13.735076
11.336572 11.3637905
11.2 11.266975
12.399998 11.620045
11.400001 11.7420635
11.2 11.279926
11.1 11.446459
11.3 11.264282
11.446788 11.951643
11.599999 11.669283
13.1 13.126722
12.499997 12.568782
11.2 11.670536
11.3 11.488027
11.599999 11.731704
12.599997 12.761709
11.8 12.352774
11.5 11.57106
11.45 11.2596035
11.1 11.226606
11.2 11.218723
11.2 11.35617
11.2 11.294597
11.1 11.211427
12.299998 11.8385725
11.1 11.252545
11.599999 12.264685
11.3 11.575096
9.79897 9.840422
11.1 11.215092
13.200015 11.949825
11.5 11.685744
11.2 11.216193
11.3 11.361549
11.3 11.319777
11.7 11.966178
12.499997 12.868118
11.953872 12.37543
11.7 11.779069
12.0 12.308138
11.239147 11.556557
11.1 11.292084
11.7 11.802542
12.010408 12.055731
12.499997 12.374724
13.864471 13.890206
11.7 11.943669
10.40103 10.447535
11.2 11.235573
11.3 11.31938
13.986056 13.791868
11.999998 12.020037
11.599999 11.736461
11.7 11.746316
11.2 11.260511
11.1 11.216922
11.999998 11.912963
11.1 11.176497
11.1 11.180158
11.7 12.14585
11.2 11.209904
9.508935 9.590231
11.999998 12.149341
11.3 11.364274
12.418758 12.236273
11.719789 11.427601
11.3 11.238176
15.480535 14.525713
11.5 11.472679
11.5 11.3425045
14.200179 13.893144
11.5 12.109248
11.3 11.342445
12.199999 12.550971
11.2 11.295843
11.8 11.931469
11.5 11.484332
11.1 11.266072
11.999998 12.072447
11.8 11.540421
11.2 11.350061
11.1 11.170372
11.1 11.223008
11.1 11.169107
11.5 11.2633295
11.3 11.7413025
15.456548 14.023934
12.699998 11.703668
11.2 11.302538
11.900001 11.966884
12.1 12.037479
11.400001 11.228988
11.2 12.222119
11.2 11.408407
12.19691 13.297698
13.000009 11.501387
11.5 11.545594
11.8 11.781058
11.2 11.403307
11.8 11.790962
11.400001 11.4388685
12.299998 11.997355
11.1 11.210764
12.699998 12.70017
12.299998 12.706082
11.40103 10.986628
12.199999 12.176255
13.000009 11.85177
12.799992 12.415648
11.111138 11.200088
11.999998 12.013247
9.923909 9.980588
11.7 11.807093
11.2 11.315672
11.900001 11.9555645
11.400001 11.403181
11.1 11.252541
13.200015 13.32376
11.400001 11.560604
11.5 12.057056
11.400001 11.447441
11.400001 11.397671
12.192825 12.168428
11.999998 12.681271
11.400001 11.31607
13.600039 12.66121
11.2 11.27029
11.1 11.2549
14.901343 13.156888
11.2 11.268622
11.5 11.569275
11.2 11.249464
11.400001 11.45893
11.7 11.731779
11.8 12.232103
11.900001 11.971371
12.799992 13.131873
11.2 11.302242
11.900001 11.936522
11.1 11.388489
11.2 11.261866
13.500008 13.276181
11.711954 11.522993
11.1 11.220314
13.1 12.792593
11.900001 12.000345
11.900001 11.953214
12.958547 12.650928
11.1 11.242519
11.2 11.355215
11.3 11.297684
10.9 10.571804
10.79897 11.011005
11.5 11.143042
14.8447275 14.909277
11.8 12.231551
11.1 11.18075
13.500008 13.090948
11.7 11.830213
11.254902 11.406738
11.8 11.471648
11.1 11.3058815
11.2 11.236158
11.1 11.243343
11.2 11.2606125
10.1 10.168613
11.8 11.885648
11.400001 11.368296
11.2 11.3144455
14.508935 14.655904
11.1 11.264687
12.599997 12.302973
14.1 13.236676
11.3 11.430379
11.7 11.953137
9.40103 9.419504
11.999998 12.055654
11.3 11.528308
11.212469 11.305584
11.5 11.520449
10.1 10.336774
12.599997 12.935523
10.839154 11.93222
11.7 11.370771
11.2 11.435924
11.900001 11.966237
11.8 12.037321
11.3 11.323631
11.3 11.3776455
11.7 11.81171
11.1 11.449691
11.2 11.301919
12.499997 12.683519
14.500117 14.004711
14.40103 14.123807
15.1 13.633435
11.2 11.2265835
11.7 11.888858
12.1 12.314173
11.3 11.332199
9.893174 9.9313755
11.8 11.885533
11.599999 11.598684
11.5 12.076887
11.900001 11.980386
12.199999 11.37907
11.900001 11.98372
11.2 11.21998
11.1 11.2498255
11.1 11.996406
12.06041 11.6877
11.2 11.381529
11.2 11.319936
11.1 11.70798
12.499997 12.243118
11.599999 11.7311
11.900001 11.915855
11.2 11.365848
12.699998 12.26988
10.622879 10.665813
11.8 10.982295
11.8 12.881772
11.7 11.757168
11.599999 11.726793
13.699981 13.658917
11.1 12.535898
12.543697 12.3235655
12.199999 11.659488
11.1 11.159096
11.400001 11.504559
11.900001 12.123747
11.1 11.748797
13.011954 13.701975
12.699998 11.78874
11.2 11.252548
11.400001 11.584425
11.900001 11.968335
11.5 11.604088
13.1 12.925307
11.8 11.924967
11.900001 11.932522
11.3 11.3985405
12.993441 12.76976
11.900001 12.774072
11.900001 11.727622
11.2 11.343714
11.2 11.371976
11.900001 11.984177
11.900001 12.006558
12.821246 12.025616
11.2 11.454454
12.434419 13.550621
12.899998 13.671824
11.8 11.924465
12.199999 11.773974
11.400001 11.334533
11.2 11.275058
11.599999 11.740623
11.3 12.183552
11.7 11.809161
12.799992 12.690981
11.2 11.251212
11.459518 11.901796
11.2 11.258212
11.1 11.22744
11.7 12.508002
12.799992 12.76417
11.400001 11.502572
11.3 11.338604
11.7 11.77112
9.79897 9.586378
11.599999 11.557655
11.1 11.317576
11.534152 11.379032
11.3 11.223322
12.499997 12.645048
11.8 11.822429
11.8 11.872135
11.900001 12.053329
11.7 11.777847
11.5 11.630214
11.400001 12.007893
11.1 11.242829
12.299998 13.374576
12.199999 11.587275
12.199999 11.709085
11.599999 11.9642
11.999998 12.077685
11.400001 11.312423
12.923909 11.504179
12.058607 11.47324
13.699989 13.991585
13.000009 12.638692
11.1 11.204065
11.2 11.264433
11.2 11.315646
13.1 13.866562
11.2 11.298836
10.2 10.447888
11.400001 11.4344225
11.1 11.229201
11.3 11.427532
11.8 11.892015
11.1 11.24294
11.2 11.28052
11.1 11.192543
11.900001 11.959172
12.1 12.271455
11.900001 11.977331
11.900001 11.920869
10.70206 10.733973
12.1 12.434822
11.8 11.8931875
10.622879 10.658014
12.1 13.480423
11.2 11.23494
11.2 11.239391
11.900001 11.900327
13.1 12.941478
11.7 11.816336
11.5 11.771776
12.466532 10.992617
11.599999 11.257786
11.2 11.287075
11.1 11.301968
11.2 11.24416
11.40103 11.3797035
11.400001 11.358616
11.1 11.17049
12.699998 13.12621
11.400001 11.345967
11.900001 12.643557
11.165502 11.24927
13.299971 13.576343
10.7 10.453665
11.8 11.7258
11.1 11.216496
11.1 11.27799
11.8 12.065943
9.79897 9.8489
9.986056 9.942438
11.2 11.354694
11.7 11.7380085
11.2 11.240663
12.078811 12.194796
12.1 11.316705
12.299998 12.083988
12.199999 11.986575
11.1 11.212539
11.3 11.406474
11.900001 11.949215
11.2 11.25643
11.1 11.366332
11.400001 11.524843
15.200179 14.291732
10.446788 10.391933
12.1 11.821499
11.7 11.7642355
11.5 11.503247
11.1 11.276649
12.499997 12.710132
11.7 11.800491
11.900001 12.145917
11.3 11.323708
12.299998 11.908182
11.999998 12.002618
11.5 11.461685
12.723423 12.346532
12.199999 11.867284
14.1 13.594339
11.900001 11.924116
11.599999 11.614245
12.1 11.643625
11.5 11.572758
10.622879 10.619128
11.2 11.303068
11.2 11.24384
11.2 11.256823
11.400001 11.718544
11.8 11.872078
10.6 10.479762
11.999998 12.024278
11.7 11.932917
11.1 11.21228
11.2 11.285286
12.599997 12.102758
12.899998 12.604342
11.900001 11.997263
11.7 11.928603
11.2 11.304536
11.5 12.600118
11.999998 11.395945
11.5 11.379775
11.8 11.886089
11.2 11.306227
11.599999 11.655785
10.89588 10.998497
11.2 11.120435
11.999998 12.331734
11.3 11.354536
11.599999 11.7315855
12.899998 12.293485
11.49794 11.988341
13.299971 14.088355
10.1 10.205699
13.600039 14.43756
11.2 11.320475
11.400001 11.43993
11.1 11.284271
12.899998 11.350425
11.900001 11.93352
11.400001 11.563292
11.8 12.425124
12.399998 11.858959
11.1 11.179569
11.1 11.617049
11.599999 11.627462
11.5 11.508518
11.1 11.199524
11.2 11.234275
10.79897 10.253561
11.7 11.797019
11.3 11.554451
12.399998 12.175413
11.1 11.195018
11.8 11.9861555
11.599999 11.590331
11.8 11.883731
11.0 10.85943
13.47675 13.560924
11.5 11.513261
11.5 11.515379
11.5 11.578896
11.5 11.590746
11.599999 11.847979
12.49794 12.249504
11.0 11.449478
13.145758 13.200124
12.199999 12.094834
12.1 12.115604
11.8 11.879605
11.2 11.206718
12.555932 13.181518
11.5 11.888098
11.2 11.388129
11.3 11.420429
11.3 11.343336
11.900001 11.955829
11.599999 11.717911
11.3 11.740338
11.2 11.263593
11.7 11.988579
11.1 11.59254
11.5 11.654179
11.5 11.566376
11.8 11.878783
11.1 12.063232
12.1 11.989429
11.8 11.854242
11.5 11.833916
11.7 11.910681
11.999998 12.051207
11.3 11.430605
13.699981 13.671744
10.1 10.334148
11.3 10.630954
15.117729 14.838023
10.40103 10.970665
11.3 11.382172
11.5 11.602428
13.999974 13.950564
11.1 11.162891
11.999998 11.426704
11.3 11.261249
12.799992 11.679672
11.8 11.92511
14.200179 13.379977
12.399998 11.849766
12.899998 13.064857
11.999998 12.130474
11.1 11.260853
10.40103 11.844994
11.2 11.279669
11.2 11.258685
11.2 11.251352
12.299998 12.509989
11.8 11.933331
13.500008 14.276742
11.400001 11.44861
10.79897 11.679521
11.900001 12.104481
11.400001 11.58095
11.5 11.395708
11.1 11.377844
11.3 11.338388
11.1 11.237137
10.4 10.382136
11.3 11.341141
11.900001 12.00189
11.2 11.238716
11.2 11.467577
11.2 11.271506
12.1 11.1209755
12.499997 12.280167
11.7 11.742107
11.400001 11.338302
12.199999 11.95746
11.1 11.263062
11.2 11.303772
11.999998 12.0550375
11.900001 11.973942
11.5 11.552387
11.599999 11.712743
11.5 11.536664
13.299971 12.947671
11.3 11.303956
14.999629 14.362674
11.7 11.752838
11.1 11.337664
11.7 11.753542
10.622879 10.759694
11.901343 12.080725
11.1 11.253707
10.1 12.050867
11.7 11.780119
11.400001 11.391109
11.900001 11.762554
12.300659 12.448571
12.299998 11.602596
10.7 10.404086
11.7 11.289995
11.8 11.832922
11.7 11.93655
11.3 11.276624
11.7 11.776947
11.2 11.454376
11.400001 11.643684
11.599999 11.897919
11.3 11.320303
11.999998 12.0643425
11.7 11.7810755
11.2 11.2678175
11.8 11.938235
10.4 10.664108
11.2 11.369886
11.043335 11.220411
10.8 10.302658
12.499997 11.998859
11.900001 11.944561
11.900001 11.971911
11.2 11.271524
11.900001 12.110221
11.19691 12.382814
11.2 11.353448
11.1 11.158085
13.699981 12.917129
12.199999 12.113515
11.400001 11.439848
11.822364 11.926792
13.500008 12.893323
11.599999 11.671644
13.999974 12.571141
14.500117 13.923253
11.3 11.444917
11.8 11.930087
11.3 11.436855
11.1 11.187572
11.7 12.809119
14.700326 14.372546
11.5 11.657146
14.200179 13.595727
11.7 11.776111
11.1 11.143142
11.900001 12.002163
11.3 11.429531
13.800057 13.832355
11.2 12.447966
11.49794 11.40861
11.5 11.588087
11.900001 11.963436
11.3 11.302786
10.8 10.737148
11.400001 11.515267
11.1 11.243839
11.7 11.76774
10.40103 10.496809
11.900001 11.983239
11.999998 11.613266
11.2 11.327758
13.500008 12.141284
11.5 11.713232
11.058607 11.147151
11.900001 11.979753
11.900001 11.977986
11.3 11.457056
11.2 11.247694
11.2 11.256722
11.900001 13.29551
12.399998 11.927795
11.5 11.585609
11.900001 11.7818775
10.4 10.672031
11.2 11.230318
11.900001 11.961477
11.599999 12.12392
11.2 11.343237
11.900001 11.957033
11.2 11.294829
11.5 11.5056095
11.900001 12.116991
11.3 11.545463
12.199999 12.113045
11.999998 12.068178
11.5 11.691942
11.400001 11.398221
11.5 11.803299
12.251195 12.728642
13.555932 12.8816595
12.399998 12.892185
11.581486 12.1113615
12.399998 12.360633
11.2 11.370659
12.685027 12.762027
11.2 11.320345
11.7 11.808065
11.2 11.267847
12.499997 12.093813
11.1 11.163064
12.699998 12.391029
11.1 11.22072
11.2 11.28593
11.599999 11.723258
11.900001 12.975067
11.7 11.783577
11.900001 11.954892
12.899998 12.768833
11.900001 12.002276
11.900001 11.934407
12.1 11.847449
11.599999 11.707117
11.3 11.584636
11.2 11.231434
11.7 11.82222
11.8 11.909091
11.7 12.056535
11.900001 11.949751
11.5 11.586343
10.7 10.430848
13.899971 14.099627
11.5 11.583523
11.2 11.30438
14.200179 14.56529
13.600039 12.901686
11.2 11.270205
12.199999 12.212866
11.999998 12.332834
11.900001 12.04464
11.821246 12.820962
11.2 11.268008
12.399998 12.20732
11.999998 11.6071415
11.2 11.318424
11.5 11.570748
10.40103 10.404278
11.1 11.560148
12.599997 12.195674
11.900001 12.788113
11.599999 11.560135
11.3 11.606262
11.7 11.709427
11.599999 11.685865
12.199999 12.218704
11.1 11.182128
11.5 11.585759
11.2 11.291337
11.2 11.294727
11.8 11.839129
13.699981 13.314246
11.900001 11.787613
11.7 12.16794
11.3 11.453562
11.900001 11.933386
12.1 12.237322
11.2 11.266587
12.1 11.955907
11.5 12.482331
11.8 11.279898
11.2 11.327798
11.1 11.7042675
11.3 11.338424
11.7 11.842636
15.79897 11.558511
11.1 11.211399
11.400001 11.375574
10.1 10.178867
11.49794 11.784501
11.2 11.269645
11.2 11.257766
11.599999 11.674433
11.2 11.294278
11.392429 11.537003
11.7 11.909427
11.2 12.238295
11.900001 11.573766
11.8 11.818179
11.3 11.9295635
11.7 11.863266
11.7 11.643009
11.555932 11.486858
11.999998 12.008932
11.999998 12.042255
11.3 11.32911
11.7 11.779782
11.599999 11.771197
11.8 11.610867
11.8 11.790121
12.499997 12.739713
11.3 11.32152
11.2 11.321252
11.3 11.349833
12.199999 12.423705
13.000009 13.255851
11.3 11.329919
11.7 11.978016
11.1 11.191864
11.5 11.744339
11.5 11.641338
11.900001 11.997869
11.900001 12.15712
11.2 11.252305
11.2 11.423114
11.900001 11.932972
11.599999 11.534489
11.5 11.60558
11.2 11.306932
11.2 11.228574
12.399998 12.060272
11.5 11.310181
12.058607 12.328293
11.400001 11.371424
15.400163 15.099139
11.2 11.296947
11.999998 12.491201
11.5 11.58786
11.599999 12.129542
11.599999 11.549177
11.900001 12.232883
11.900001 11.942873
11.5 11.801857
10.1 11.608073
11.900001 11.959582
10.40103 10.86425
11.1 11.252685
11.900001 11.971951
11.400001 11.512362
11.900001 11.934374
11.2 11.296018
11.2 11.288039
13.299971 13.612918
11.999998 12.103802
11.400001 11.381359
11.3 11.492286
11.1 11.158797
12.499997 12.225532
15.1 14.432199
11.2 11.289262
10.7 10.608721
11.8 11.821913
11.5 11.905481
11.8 11.873276
14.40103 15.20552
11.2 11.199024
12.199999 12.609057
11.400001 11.489079
11.3 11.594816
11.0 10.544622
11.3 11.505153
11.599999 12.313386
11.900001 11.966731
11.1 10.922406
11.8 11.90721
11.7 11.826417
11.1 11.2067995
11.400001 11.770634
11.900001 11.974444
11.2 11.210058
11.2 11.741801
11.400001 11.8624325
15.299971 15.026523
11.3 11.260523
11.7 12.183204
11.400001 11.555881
11.400001 11.392527
11.5 11.501982
11.1 11.608083
11.5 11.574284
11.1 11.134352
11.900001 11.943172
10.2 11.2274475
12.599997 12.883528
12.699998 12.460723
11.1 11.217238
12.899998 12.125127
11.3 11.421508
11.2 11.225615
11.3 11.471974
11.49794 11.566546
11.900001 12.009898
13.409894 13.709535
11.8 11.789457
11.1 11.262964
12.1 11.856932
11.900001 12.034494
11.2 11.279979
11.75 11.833446
11.1 11.262392
11.3 11.359466
12.499997 12.082288
10.40103 11.445906
13.1 12.725867
11.1 11.198328
11.3 11.5249405
11.400001 11.507452
11.999998 11.850615
11.2 11.277687
11.2 11.482165
11.1 11.185221
14.145758 14.292441
12.699998 11.792615
13.1 11.712016
11.7 11.825093
11.599999 11.897165
11.2 11.275102
12.499997 12.263313
11.2 11.437329
11.1 11.277326
11.2 11.32012
11.999998 12.521989
11.5 12.03937
11.900001 11.824284
11.3 11.702235
11.400001 11.51129
11.900001 11.97196
10.79897 10.284031
11.8 11.639431
11.400001 11.661674
11.2 11.329663
11.1 11.274627
13.299971 12.722162
11.2 11.279282
11.3 11.551209
11.900001 11.963268
11.2 11.238167
13.800057 14.111619
11.2 11.297541
12.460513 12.5372305
11.5 11.793236
12.321849 11.20599
10.1 10.849586
11.1 11.259962
11.5 11.576216
11.5 11.460239
11.2 11.324483
11.7 11.773941
11.7 13.565335
11.3 11.341877
11.2 11.289417
10.70206 10.724462
11.1 11.230217
10.9 11.086128
12.499997 12.481714
11.5 11.641013
11.2 11.235125
12.899998 12.255928
11.2 11.360965
11.2 11.281088
10.1 10.173607
11.2 11.192236
11.599999 11.663917
10.4 10.439569
14.600313 14.126782
11.7 11.901991
11.900001 11.844193
11.2 11.402277
10.5 10.654504
11.7 11.824994
13.000009 13.272953
11.2 11.254047
14.869551 15.076745
11.2 11.295191
12.49794 11.840763
12.899998 12.847288
11.1 11.401514
11.2 11.25328
13.200015 14.0557375
11.8 12.044272
13.500008 13.493148
12.699998 12.795285
11.2 11.343068
11.400001 11.415655
11.2 11.262221
12.799992 11.809729
13.200015 12.225212
11.1 11.503868
11.89588 12.839263
11.1 11.2241745
11.900001 12.03013
11.5 11.545981
12.599997 11.85587
13.800057 13.351857
11.923909 11.00485
11.5 11.595781
11.2 11.319971
11.2 11.269748
10.49794 11.173716
12.953872 12.098687
11.3 11.412299
11.999998 11.384171
11.1 11.172031
10.418758 10.4002
11.1 11.273425
12.499997 12.129135
14.1 13.172558
11.7 11.715719
12.499997 11.99916
13.500008 13.11462
11.8 11.935669
11.599999 11.797739
11.7 11.796916
12.199999 11.602695
11.599999 11.265273
12.299998 12.7251425
11.8 11.897579
14.299971 13.320178
11.1 11.242327
13.600039 12.480334
11.900001 11.954739
13.986056 12.459764
10.1 10.145457
11.5 11.551264
13.465243 11.117272
11.400001 11.468734
11.400001 11.458738
11.900001 11.865007
11.599999 11.518089
11.999998 12.040136
12.899998 11.777937
11.2 11.260483
11.115759 11.274659
12.699998 12.20907
11.5 11.891194
11.900001 11.600204
11.5 11.628256
11.3 11.433704
12.699998 12.6544075
11.900001 11.96375
12.953872 13.07525
11.8 11.824276
13.899971 14.520528
11.2 11.257573
11.8 11.634701
14.600313 14.248577
11.2 11.2563925
11.999998 12.030793
11.711954 11.5319195
11.900001 12.267782
11.900001 11.93574
10.1 10.199705
12.399998 12.07442
9.622879 10.133924
11.2 11.280826
10.70206 10.729427
12.1 12.190312
10.1 10.147957
11.599999 11.718504
11.3 11.276922
11.900001 11.938673
12.699998 12.907212
13.299971 12.918574
11.599999 11.625013
11.2 11.29196
11.400001 11.356555
11.1 10.855471
12.399998 11.873253
11.3 12.195222
11.599999 11.58868
11.7 11.733024
11.400001 11.596914
13.622879 13.796992
12.199999 11.957706
11.599999 11.852822
11.5 11.500772
11.999998 12.073657
14.1 13.73115
12.699998 12.795934
11.2 11.388934
11.900001 12.173903
12.54855 12.680938
12.399998 11.958169
11.2 11.24972
11.900001 11.957718
11.5 12.35966
11.900001 11.931149
12.399998 12.342933
11.8 11.927294
10.89588 12.106564
12.299998 12.32172
11.1 11.187808
11.1 11.194685
11.599999 11.636633
13.1 12.776767
12.299998 12.387371
11.2 11.271921
11.7 11.808619
11.2 11.560396
10.3 10.578714
11.999998 12.688583
11.2 11.217449
11.7 11.776094
11.2 11.263086
11.2 11.26471
13.622879 13.69855
11.8 11.785467
11.400001 11.376513
13.214758 13.106254
12.175721 12.715356
13.1 12.047148
11.1 11.267054
11.2 11.222496
11.8 11.862946
6.1 4.470876
9.506714 9.805515
11.400001 11.475345
13.1 13.132104
10.4 10.398924
11.400001 11.441736
12.078811 12.533727
11.999998 11.790722
11.8 11.881119
11.599999 11.826088
10.958237 10.745484
11.5 11.578214
12.299998 12.348905
11.5 11.712988
14.8447275 12.522418
11.900001 11.975736
11.2 11.338341
11.400001 11.3820915
11.7 11.755147
12.199999 12.144268
11.999998 11.975845
10.1 10.302254
12.499997 12.538277
11.400001 11.462304
11.2 11.255243
10.4 10.333992
12.599997 13.109754
11.900001 11.7157345
11.2 11.426069
12.399998 12.073711
11.900001 11.938063
11.2 11.23045
11.1 11.18887
11.900001 11.95155
11.900001 11.929539
14.299971 13.574191
11.2 12.068927
11.2 11.273289
15.49794 14.608346
11.058607 11.457138
11.599999 11.88925
11.599999 11.697862
11.5 11.833466
11.5 11.53201
11.999998 12.145723
11.599999 12.144886
14.400163 12.841105
13.000009 12.7699795
11.1 11.224468
15.299971 14.932786
11.599999 11.734853
11.2 11.27533
10.622879 10.597775
11.1 11.261309
11.2 11.467079
9.79897 9.634088
11.5 11.492443
11.900001 11.955046
11.2 11.243282
13.1 13.587782
11.599999 11.397588
12.1161 12.033087
11.2 11.219585
11.7 11.774437
10.1 10.060366
11.2 11.279086
11.5 11.291733
11.8 11.820719
11.1 11.422173
10.622879 10.582739
11.1 11.188074
11.1 11.283214
11.599999 11.604953
12.1 11.388803
11.2 11.242973
11.2 11.282339
11.2 11.286211
10.2 10.6212845
11.599999 11.787503
11.3 11.373284
11.3 11.6045475
12.499997 13.702178
11.1 11.210821
11.8 13.342014
12.199999 11.743806
12.199999 12.599506
11.5 11.557503
11.822364 11.9622345
11.7 12.00095
11.599999 11.684858
11.5 11.60552
11.400001 11.481819
12.599997 11.424017
12.699998 11.853123
11.5 11.569817
12.199999 12.250674
11.2 11.563359
11.5 11.539298
12.499997 12.481025
11.5 11.670867
13.47675 13.527269
12.799992 11.748943
11.8 11.858986
13.600039 13.857842
11.900001 12.016853
11.400001 11.387031
13.000009 13.262359
11.2 11.252024
12.199999 12.254387
11.1 11.241343
11.2 11.342905
11.3 11.265043
11.1 11.265483
13.1 13.709732
9.79897 10.220066
12.299998 12.232134
13.600039 14.069388
12.199999 11.6272335
11.1 11.232217
12.199999 12.126192
11.400001 11.395771
11.400001 11.456603
12.299998 12.309507
11.7 11.71871
12.799992 13.036079
11.2869625 11.504196
11.815606 13.579409
11.1 11.702433
11.5 11.506168
11.599999 11.28852
12.399998 11.904238
11.400001 11.3106575
12.399998 12.360719
11.7 11.793863
11.3 11.357422
12.1 12.170616
13.800057 11.296174
11.7 11.84768
10.79897 10.8916235
11.5 11.305964
11.999998 12.003838
11.1 11.218654
11.999998 11.953566
11.1 11.247753
11.900001 12.01983
11.622879 11.484433
11.400001 11.339174
11.1 11.283446
11.900001 12.152866
11.3 11.272268
10.3 10.439865
10.4 10.578747
10.5 10.315005
14.145758 14.48598
10.1 10.515659
11.900001 12.415122
11.1 11.350139
11.400001 12.16908
11.900001 11.907036
11.7 11.824747
11.1 11.316803
11.3 11.43854
12.248742 13.6721735
10.70206 10.716993
12.199999 11.549246
12.299998 12.365457
11.900001 11.967756
11.3 11.340364
11.303734 11.445466
11.900001 12.147936
13.180922 12.154215
11.5 11.526759
11.1 11.258379
11.2 11.269859
10.1 10.236304
11.2 11.276302
11.207906 10.53426
11.900001 11.947096
11.2 11.298313
11.2 11.275653
11.1 11.185516
11.400001 11.415878
11.3 11.299053
11.5 11.566832
11.8 11.875904
11.2 11.299038
14.200179 13.604172
11.1 11.3748455
11.5 11.717058
11.5 12.008452
10.9 11.182805
13.200015 12.348181
12.799992 12.133573
12.499997 12.562791
11.599999 11.625833
10.2 10.4245405
11.8 12.166327
11.2 11.248122
11.8 11.829053
11.900001 11.958672
11.2 11.275511
10.186186 10.194664
13.399989 12.731601
11.5 11.517687
11.1 11.245906
11.5 11.605266
11.1 11.160585
11.2 11.298746
11.1 11.290571
12.199999 12.382749
11.1 11.469471
11.1 11.163026
12.499997 13.1938305
11.5 11.589095
12.199999 12.50432
11.1 11.230973
11.1 11.520119
11.5 11.66044
12.799992 11.807008
11.2 12.5151615
12.1 12.127861
11.900001 11.933947
12.418758 12.242898
11.3 11.3197565
11.3 11.3814125
11.400001 11.987717
12.399998 11.980612
11.999998 12.082434
11.5 11.619581
11.2 11.24803
12.499997 13.135427
11.1 11.153032
10.79897 10.81633
11.3 11.338326
11.2 11.242847
11.2 11.252558
11.999998 12.067132
11.1 11.18864
11.1 11.244015
14.901343 14.893327
12.699998 12.155682
12.199999 12.200047
10.79897 11.02873
11.2 11.564911
11.1 11.2174225
11.599999 11.629885
11.1 11.309049
11.1 11.30665
11.599999 11.69165
12.599997 12.054588
12.199999 12.184532
11.7 11.728348
11.900001 11.960355
11.2 11.581402
11.2 11.453635
11.1 11.146858
11.900001 11.89241
12.299998 12.194079
11.999998 12.265409
11.2 11.330697
14.1 14.180397
9.79897 10.242067
12.899998 12.822463
11.7 11.755949
11.2 11.581059
11.5 11.762922
11.1 11.380978
11.3 11.361258
11.599999 11.859104
11.900001 11.995981
12.299998 12.69221
11.7 11.732168
11.7 11.777871
11.3 11.310927
12.699998 12.135329
11.2 11.268729
11.1 11.21568
11.3 11.397177
12.1 12.054927
13.200015 13.453386
12.299998 13.030229
11.1 11.22359
11.7 11.972897
11.1 11.174704
11.5 11.200687
11.900001 12.025626
11.8 11.294174
11.7 12.310208
11.2 11.230372
10.321849 10.285767
11.900001 11.949585
11.1 11.278595
11.900001 12.059052
12.199999 12.185308
11.7 11.613625
11.1 11.365584
10.8 11.11433
14.299971 12.460217
11.1 11.064589
12.699998 12.11763
11.400001 11.514046
11.1 11.233434
11.400001 11.419598
11.1 11.1700535
11.1 11.204063
11.3 11.77435
12.399998 12.148267
11.1 11.2675495
12.1 12.6158285
13.1 12.2017765
11.5 11.667816
11.400001 11.45866
10.445824 10.472275
11.2 11.441492
11.3 11.360634
11.400001 11.621148
12.899998 13.199683
13.000009 13.570679
11.900001 11.94095
11.400001 11.580103
11.400001 11.542711
11.900001 12.174019
11.5 11.668264
11.3 12.176367
11.1 11.26486
11.900001 11.939724
10.622879 10.639112
11.3 11.540598
11.2 11.32714
12.199999 12.195019
11.5 11.768616
11.5 11.501701
11.999998 11.775534
11.3 11.558493
11.3 11.386113
11.1 11.337347
11.2 11.512841
11.3 11.899805
11.8 12.406994
13.299971 13.622158
11.2 11.248039
11.900001 12.099611
11.599999 12.500054
11.2 11.4275
12.990712 12.6815605
14.400163 14.504326
13.500008 13.371488
11.1 11.20682
11.2 11.297003
11.5 11.552331
11.1 11.181811
13.821246 13.471327
11.7 11.771524
11.1 12.317621
11.1 11.1514435
12.1 12.292341
12.599997 12.358873
11.1 11.166595
11.7 11.701921
11.2 11.811028
11.400001 11.517077
12.1 11.3818655
11.2 11.247689
14.600313 14.251827
10.70206 10.675648
10.4 10.564857
11.685027 11.8161
15.254902 13.481765
11.1 11.252988
11.8 11.793533
12.499997 11.53872
11.2 11.296331
11.1 11.201544
11.1 11.217945
11.3 11.474862
15.200179 14.652968
13.399989 12.814572
11.29586 10.769782
12.299998 12.09033
14.8447275 14.377277
11.900001 11.984909
12.1 11.370815
12.923909 12.739737
12.218045 11.268389
11.900001 11.383341
11.400001 11.48107
11.999998 11.832982
11.3 11.334119
11.999998 11.936677
11.5 11.615612
11.2 11.316981
12.520216 11.915426
11.45 11.4669285
14.79897 13.437891
11.2 11.250633
11.3 12.039797
10.1 10.328192
11.1 11.203768
11.2 11.483042
11.900001 11.556285
11.999998 12.046013
11.3 11.2806635
11.900001 11.972398
11.8 11.916685
11.2 11.255125
11.1 12.86052
12.599997 13.125313
11.3 11.386585
11.8 12.027887
10.1 10.54159
11.2 11.279845
11.8 11.859592
11.3 12.855149
13.1 13.01431
11.5 11.681027
11.1 11.805337
10.976149 11.637586
11.2 11.299408
12.1 11.738607
13.000009 13.489859
11.900001 11.397799
11.2 11.248923
11.900001 11.93274
11.3 12.344851
10.70206 10.7444935
10.1 10.131004
11.1 11.268795
12.145758 12.303684
11.1 11.226782
14.999629 14.885013
11.1 11.25373
13.899971 13.666653
12.1 11.673029
10.622879 10.672321
11.3 11.341043
12.499997 12.864362
11.2 11.267095
12.199999 12.0958805
11.999998 12.063606
11.900001 12.070347
13.500008 12.168676
11.1 11.225396
11.2 11.229717
11.7 11.6512985
11.3 11.322672
11.788246 11.849498
11.2 11.197872
11.2 11.324269
11.400001 11.632163
12.199999 12.1722555
11.7 11.787599
11.999998 12.044638
12.599997 11.975562
11.2 11.321947
11.900001 11.967736
11.1 11.250458
11.599999 11.419346
11.5 11.565033
11.7 11.783148
13.600039 13.228974
11.900001 11.954287
10.622879 12.045082
11.2 11.322567
12.799992 13.141217
11.400001 11.489956
11.8 11.8209715
13.500008 12.378108
13.500008 13.198382
11.3 11.549305
11.400001 11.445118
11.2 11.247644
11.900001 12.564053
11.1 11.262686
11.2 11.302858
11.8 12.004271
14.719789 14.656798
12.299998 12.205523
11.3 11.769545
12.499997 13.134208
11.1 11.193488
11.5 11.654337
11.2 11.275685
11.999998 11.902138
11.8 11.917259
13.500008 13.06716
11.900001 11.959097
14.1 13.911966
11.2 11.243143
11.5 11.7612505
11.5 11.726316
10.581486 10.646245
11.7 11.791458
14.1 13.389321
11.2 11.331942
11.2 11.468149
