11.8 11.89538
10.1 9.8653755
12.699998 12.525724
11.2 11.216097
11.1 11.190392
12.599997 12.052615
11.8 11.7862
11.8 12.254803
11.3 11.306721
11.1 11.171309
12.351812 12.498526
11.3 12.468232
11.2 11.186839
12.499997 12.708058
12.599997 11.745712
11.2 11.215332
11.900001 12.262056
13.685027 14.616889
11.2 11.298588
11.2 11.280596
11.665431 10.620735
12.799992 11.744376
11.7 11.760032
10.79897 10.214041
11.2 11.29533
11.2 11.237637
13.972057 13.151921
11.599999 12.319221
9.40103 9.419357
12.1 12.947216
11.900001 11.8744335
11.5 11.393664
12.499997 12.581926
11.900001 11.888752
11.1 11.250818
11.1 11.215994
11.5 11.751493
14.1 13.312043
11.3 11.841116
11.3 11.541636
13.1 12.5812235
11.400001 11.591086
11.5 11.5254
12.599997 12.133596
12.543697 12.595426
11.3 11.311028
11.1 11.190635
12.899998 12.579215
12.199999 11.462675
11.7 12.630918
11.3 11.289518
11.900001 11.940852
11.1 11.225046
11.599999 11.590675
11.1 11.227959
11.999998 11.866704
11.599999 11.574491
11.900001 11.92181
13.608639 12.808547
13.344125 12.835971
11.2 11.266883
11.1 11.135174
10.622879 10.634541
12.699998 12.001774
11.900001 11.846173
11.999998 11.290417
13.999974 13.888094
12.499997 12.444261
11.999998 11.864577
10.9 10.363321
11.999998 11.88526
11.7 12.497266
11.2 11.243152
11.8 11.790014
11.3 11.407321
11.7 11.717237
11.900001 12.122944
12.087163 11.934561
11.1 11.188509
13.299971 13.146356
11.5 11.495295
11.900001 12.300228
12.299998 12.334506
13.200015 11.120466
13.0914 12.487953
11.8 11.76194
12.199999 11.2414255
12.29382 12.416444
11.7 11.575277
11.1 10.994692
11.8 11.791038
12.5999975 12.21895
11.2 11.821326
11.2 11.209932
11.2 11.277023
11.2 11.2845125
11.400001 11.509854
11.2 11.659521
12.199999 12.602326
11.2 11.235721
12.899998 12.728547
11.2 11.280781
11.900001 11.887596
11.900001 11.951327
14.200179 11.781397
11.8 11.7348385
11.599999 11.665336
11.7 11.7517185
11.3 11.325146
11.2 11.2670145
11.3 11.268115
11.2 11.314312
11.400001 11.451968
11.900001 12.136362
14.40103 14.354671
11.3 11.3618355
10.1 10.330338
11.900001 11.836693
11.400001 11.421387
13.699981 13.522166
10.581486 10.513293
11.5 11.446914
11.599999 11.576369
11.400001 12.347962
15.26892 15.009774
12.199999 11.880345
11.5 11.980486
11.900001 11.879456
11.7 11.889795
11.2 11.236682
11.8 11.777657
12.1 11.661919
12.299998 12.688271
10.70206 10.687393
11.900001 11.558973
11.900001 11.844485
11.3 11.495415
11.3 11.318665
11.7 11.706394
13.167756 12.876088
11.7 11.781363
11.900001 11.489396
11.999998 11.938281
10.869551 10.272416
12.399998 12.5109415
11.7 11.73169
13.399989 13.223905
11.900001 11.934393
11.2 11.2650795
11.2 11.314099
11.1 11.184141
11.5 11.541065
11.1 11.220061
10.1 10.4489975
11.2 11.294783
13.000009 13.056914
14.1 13.653401
11.7 11.840771
11.3 11.449495
10.1 10.478515
12.685027 13.410545
12.1 11.475569
11.1 11.434573
11.5 11.584683
11.078811 10.91968
11.999998 11.99216
10.49794 10.533767
11.5 11.490135
12.901632 13.329566
11.400001 11.377506
11.2 11.2915125
10.40103 10.404573
11.543697 11.758004
12.499997 12.070602
11.7 12.413856
11.7 12.044677
12.299998 12.048068
11.5 11.564398
11.1 11.150806
11.2 11.27492
14.1 14.183038
11.999998 11.963678
11.900001 11.883273
12.738272 12.704473
11.7 11.638107
10.79897 11.1860485
13.1 12.636596
11.5 11.397867
11.999998 12.235099
11.400001 11.394579
11.1 11.266157
11.1 11.229101
11.8 11.444492
12.195114 11.576984
11.2 11.24888
11.999998 11.931468
11.900001 12.036989
9.70206 9.837563
11.8 11.729723
11.999998 11.960003
11.5 11.864528
11.400001 11.426817
12.899998 13.692727
12.199999 11.859226
11.400001 11.384018
11.3 11.344043
11.3 11.287552
12.599997 11.639952
13.1 12.9128065
11.3 11.372061
12.1 11.942568
12.461728 11.906752
12.899998 12.1601925
13.899971 13.421597
9.79897 10.116492
11.999998 12.143213
10.89588 10.919455
12.499997 12.007979
11.7 11.779655
11.900001 11.83198
10.1 10.270279
13.399989 13.127627
11.2 11.767101
11.900001 11.995737
11.1 11.601866
11.1 11.203462
11.900001 11.889102
12.1 11.907715
11.400001 11.455
12.199999 11.681774
11.5 11.600952
10.1 10.0293865
11.8 11.795306
11.7 11.724184
11.622879 11.903586
10.99279 11.961501
12.599997 12.903804
11.5 11.520677
11.1 11.547245
11.2 11.277199
11.900001 11.865186
10.4 10.437033
12.1 12.327157
11.5 11.672604
11.599999 11.630981
11.8 11.811859
12.699998 12.124411
11.8 11.781158
11.555932 11.349602
12.199999 12.104092
11.900001 11.960681
11.1 11.190079
11.5 11.55642
11.599999 11.619582
11.900001 11.901882
11.3 11.351427
12.685027 12.656968
11.3 11.374272
11.900001 11.860303
10.49794 10.603189
11.1 11.090417
11.900001 11.868605
12.1 12.093872
11.1 11.315563
11.5 11.562169
10.79897 11.464951
11.8 11.828419
12.599997 11.805616
11.3 11.399463
11.7 11.754368
11.400001 11.634207
11.2 11.285405
11.3 11.298639
11.3 11.531563
10.70206 10.740172
11.861954 10.922244
11.900001 12.09791
11.1 11.193678
12.299998 12.243125
11.2 11.310774
10.70206 10.707773
11.2 11.255392
12.1 11.92893
11.5 11.503379
12.399998 11.850433
14.299971 12.130524
11.3 11.255503
11.2 11.260051
12.799992 13.747858
11.2 11.2541065
12.1 11.892361
11.8 11.801518
11.3 11.397343
12.199999 12.0201025
13.899971 13.559653
11.7 12.087085
14.738272 14.534217
11.900001 11.777413
11.900001 11.821107
11.3 11.418439
11.3 11.345296
11.2 11.470292
11.2 11.224201
11.599999 11.58937
11.900001 11.841541
11.400001 11.505942
11.5 11.099877
12.1 11.833826
11.2 11.327278
11.3 11.32221
11.1 11.410834
11.999998 12.06352
10.531798 10.841077
11.1 11.211767
11.99279 10.868059
11.900001 11.999211
14.299971 12.680346
11.5 11.461994
11.900001 11.866396
11.3 11.264783
11.5 11.348921
13.864471 13.400966
14.118106 12.387113
11.599999 11.733591
11.900001 11.848182
11.5 11.520893
11.2 11.185266
11.3 11.413023
10.622879 10.63937
11.8 11.689136
12.79897 12.260433
11.999998 11.868187
11.1 11.19476
11.2 11.201893
11.900001 11.866261
11.1 11.171246
11.3 11.343554
11.1 11.133791
12.499997 12.421037
11.999998 12.050358
12.299998 12.389197
11.1 11.151621
11.900001 11.813045
11.999998 11.973707
14.1 13.478499
13.600039 13.2654505
10.1 10.881321
12.799992 11.527906
11.3 11.381849
11.7 11.674326
10.622879 10.5547695
11.1 11.210764
10.1 11.154443
12.299998 12.094096
11.1 11.220739
13.1 13.003715
11.900001 11.871613
11.1 11.138184
11.5 11.696316
13.200015 12.091885
11.999998 12.433784
11.3 11.291799
11.5 11.486223
11.3 11.5715685
12.199999 12.470763
11.900001 11.715528
10.1 10.680539
12.299998 12.807473
11.400001 11.499224
10.622879 10.695936
11.999998 11.923342
11.2 11.26787
11.400001 11.798359
14.299971 14.363662
11.2 11.172835
11.8 11.828413
10.622879 11.262213
11.5 11.809388
12.199999 12.442083
10.224938 10.3965
11.7 11.966883
12.399998 13.208774
11.999998 11.943333
10.40103 10.384772
11.8 11.923461
11.2 11.449373
11.2 11.219318
12.300659 12.079107
11.7 11.71913
12.299998 11.232854
11.1 11.186859
11.3 10.895013
14.49794 12.88319
11.1 11.470308
11.400001 11.525082
11.7 11.689449
10.1 10.319293
11.3 11.504426
11.1 11.183654
11.7 11.6615925
12.699998 12.352165
11.1 11.238276
11.900001 11.893749
13.923909 12.899195
13.200015 11.640288
13.800057 13.076995
11.400001 11.527704
12.1 11.979651
10.520216 10.642661
11.108774 11.235632
11.5 11.397461
11.2 11.22759
13.1 13.21866
12.199999 12.432038
11.999998 11.998871
13.999974 13.4290085
11.999998 13.11023
12.499997 11.756746
11.900001 12.120051
11.999998 12.161835
11.1 11.217926
11.2 11.266988
11.3 11.412363
12.599997 11.911861
11.2 11.289754
11.900001 11.88946
11.999998 11.791105
11.5 11.506779
13.699981 13.617131
12.499997 12.589231
11.5 11.373944
11.7 11.748256
11.599999 11.607027
12.448722 11.629874
11.3 11.475969
11.19691 12.014347
11.7 11.490697
11.5 11.565969
11.900001 12.0635395
11.2 11.269311
11.8 11.978718
11.1 11.190576
11.7 11.639304
11.599999 11.5273075
12.799992 12.420838
11.8 11.784285
11.2 11.590714
11.900001 11.88634
11.2 11.260999
11.999998 11.778982
11.599999 13.247544
11.599999 11.881657
11.5 11.566984
11.7 11.723605
11.1 11.26762
11.1 12.021416
11.900001 11.7235985
11.1 11.1960335
11.900001 11.856504
11.2 11.4979515
11.599999 11.6966305
11.3 11.356642
11.8 12.306083
11.900001 11.881908
11.3 11.299244
13.020819 12.040501
10.1 10.30932
9.70206 9.61533
11.1 11.13362
11.1 11.10904
12.199999 12.104592
11.7 11.320311
11.3 11.307789
11.8 11.811494
11.5 11.639045
12.399998 11.262726
11.2 11.422783
11.999998 11.9709215
11.2 11.311424
12.953872 13.302696
11.599999 11.557804
12.113436 12.382299
11.3 12.251849
14.1 12.518129
10.1 10.531385
11.2 11.421639
11.5 11.370734
12.1 11.949437
11.599999 11.607679
11.2 11.22768
11.7 11.671436
11.999998 11.940687
11.1 11.195112
11.999998 11.95026
11.1 11.333911
11.400001 11.451845
11.640608 11.994385
11.900001 11.862059
11.3 12.213008
11.7 11.641883
11.2 11.21914
11.1 11.123595
12.699998 11.839729
11.5 11.529391
10.622879 10.668758
11.999998 11.893808
11.1 12.245329
11.5 11.493113
11.543697 11.240885
11.5 11.538303
11.8 11.458286
11.3 11.353066
10.652842 11.017078
11.2 11.243218
13.699981 13.105685
10.40103 11.332566
10.79897 10.790182
12.399998 11.737986
11.5 11.712433
11.2 11.25869
11.5 12.412858
10.1 10.263603
11.8 11.799546
11.7 11.875074
11.5 11.560175
11.7 12.340068
11.2 11.269265
11.1 11.066323
11.5 11.659931
10.70206 10.728562
11.1 11.157686
11.1 11.200148
11.3 11.317714
11.2 11.268799
11.599999 11.919518
11.7 11.937848
11.8 11.421875
11.1 11.190702
11.8 11.757153
10.70206 10.750603
11.900001 12.364078
10.79897 11.2184515
11.400001 11.380047
12.1 11.946594
11.2 11.316792
11.5 11.528592
11.1 10.765436
11.5 11.645849
11.999998 11.905937
12.777781 11.247746
11.7 11.727255
11.1 11.465502
11.8 11.955493
11.7 11.816746
11.2 11.221532
12.1 11.867937
11.999998 11.965023
12.499997 12.243678
12.599997 12.268749
11.400001 11.367336
12.1 11.832662
12.299998 12.289948
11.8 11.821655
11.5 11.629642
13.117729 13.01422
11.8 11.73164
12.1 12.009765
11.2 11.242851
13.399989 12.250271
11.2 11.357612
11.5 11.57231
11.2 11.254129
9.79897 10.224587
11.3 11.310259
11.3 11.297861
11.7 11.742033
11.7 11.619633
11.900001 11.983106
11.2 11.214744
11.7 11.826931
11.179355 11.328634
11.8 11.821055
11.900001 11.862813
12.079304 12.082312
11.3 11.418941
11.400001 11.254549
11.235986 11.210295
11.1 11.215108
11.3 11.289205
11.1 11.192345
11.2 11.287277
11.821246 11.632565
11.900001 11.863396
12.299998 12.596754
11.999998 12.098106
11.900001 11.879475
11.1 11.138966
11.1 11.313406
11.145275 10.889551
11.400001 11.4848
11.2 11.224187
14.1 13.768712
10.7 10.648283
11.7 11.734531
12.199999 12.536506
11.400001 11.300153
11.8 11.770003
11.599999 11.568164
11.8 11.795503
12.699998 12.80706
11.3 11.321173
11.7 11.713758
14.351262 14.9539385
10.5 10.595832
12.058607 12.864591
11.2 11.3079605
11.3 11.310064
11.7 11.892317
11.3 11.399782
11.2 11.481866
11.400001 11.515655
11.1 11.19161
11.8 11.823164
12.799992 12.348199
11.7 11.684805
11.3 11.307043
13.103601 13.869094
11.5 11.510239
11.1 11.190821
10.1 10.226675
11.1 11.352273
12.599997 11.858306
12.499997 12.387516
11.999998 11.88291
11.7 11.80566
11.5 11.52508
11.1 11.091421
11.3 11.32271
11.8 11.793962
11.8 11.37587
11.1 11.350117
12.599997 11.934372
11.999998 11.920446
12.1 11.85862
11.900001 11.911343
10.49794 11.127111
11.900001 11.885884
11.599999 11.315996
11.900001 11.867095
10.4372425 10.44568
11.2 11.231667
12.1 12.34022
11.7 11.730726
11.5 11.671843
10.1 10.171684
11.3 11.318386
11.8 11.73237
10.3 10.34666
11.1 11.13068
11.1 11.287383
10.9 12.109699
11.900001 11.866997
14.700326 15.077563
12.199999 11.987091
15.1 15.347942
11.3 11.331573
11.900001 11.884033
11.5 11.549156
11.953872 12.664035
9.40103 9.466507
11.2 11.256247
11.2 11.293024
14.581486 13.525153
11.1 11.078344
11.900001 11.61013
11.5 12.092106
11.2 11.278588
11.599999 11.595917
11.8 11.710876
11.108774 11.246975
11.599999 11.369964
11.7 11.700136
11.3 11.740202
14.299971 13.763213
13.200015 11.471988
11.2 11.380325
11.2 11.234514
12.508935 12.469049
11.599999 11.621559
11.599999 11.815901
13.953872 13.780672
14.1 13.6508465
12.799998 12.587164
13.299971 15.344999
11.5 11.574743
11.3 11.441801
11.058607 11.111984
11.3 11.310355
11.7 11.691809
11.1 11.284782
10.769952 10.716803
11.1 11.200937
11.7 11.752907
11.900001 11.834526
11.599999 11.842806
11.8 11.740463
12.299998 12.823655
11.2 11.197095
11.8 11.808484
12.299998 11.854067
13.000009 12.0234
11.5 11.522507
11.3 11.604383
11.2 11.351258
13.899971 14.574916
11.2 11.250181
11.999998 12.001745
11.1 11.248942
11.3 11.262748
11.7 11.708181
11.3 11.387033
10.70206 10.59741
12.799992 12.39998
14.700326 15.221369
11.5 11.691438
11.7 11.755349
12.799992 12.216485
12.1 12.027272
11.1 11.147743
11.900001 11.499756
11.7 11.645795
11.900001 11.89948
12.499997 12.18651
12.074694 12.343526
11.1 11.205299
12.199999 12.0530205
12.499997 12.047575
12.499997 12.050163
11.900001 11.950167
11.5 11.496849
11.1 11.23801
11.900001 11.924334
11.2 11.274233
11.3 11.3579035
11.2 11.24446
11.5 11.513112
11.5 11.519059
12.199999 14.608468
11.2 11.340892
11.599999 11.553255
11.8 12.427821
13.600039 13.552314
11.1 11.294354
12.399998 11.930502
10.738272 10.259241
11.3 11.289967
11.3 11.5503845
11.1 11.251981
11.599999 11.283522
11.2 11.859512
11.391998 11.466755
12.1 11.522225
11.999998 12.204341
13.600039 13.649497
11.2 11.282235
11.1 11.352142
10.40103 10.259241
12.499997 12.172803
11.1 11.620744
11.900001 11.8958435
11.1 11.116401
11.5 11.519413
11.3 11.379331
11.599999 11.560079
11.2 11.260744
11.900001 11.882612
11.757577 11.890316
11.3 11.31007
11.599999 12.017689
11.999998 11.4491625
11.3 11.314747
10.40103 10.438761
11.1 11.557074
12.299998 11.366104
11.8 11.826553
11.3 12.046738
11.2 11.261749
12.1 12.124092
11.1 11.151981
11.2 11.2924385
11.999998 12.023874
13.500008 13.460936
11.2 11.238192
12.799992 11.976027
11.2 11.326112
11.900001 11.87454
11.1 11.17005
11.1 11.11307
11.5 11.512825
11.599999 11.603951
12.199999 11.906158
11.400001 11.476296
10.40103 10.653659
12.1 11.956234
11.2 11.231528
11.2 11.209092
11.2 11.25415
11.5 11.671065
11.599999 11.6397705
10.49794 10.668262
12.199999 12.181076
11.2 11.252453
12.1 11.97922
11.5 11.637212
11.1 11.125917
11.8 11.78009
11.45 11.63879
11.2 11.219992
11.5 11.37249
13.186186 12.227948
11.900001 11.686688
11.8 11.817152
11.1 11.175097
13.035542 12.800986
10.5 10.249872
11.2 11.302298
11.2 11.357657
11.900001 11.823013
11.7 11.8997965
10.2 10.579059
11.5 11.521105
11.999998 12.043149
11.5 11.502874
11.380575 11.433535
11.3 11.396379
11.1 11.243295
13.200015 13.436733
11.2 11.218255
11.5 11.690599
11.8 11.797676
11.2 12.001808
10.2 10.298416
11.3 11.293644
12.953872 13.322264
11.3 11.565449
11.599999 12.101361
11.5 11.257462
11.400001 11.327697
11.900001 11.856461
11.1 11.139249
11.7 11.760464
10.1 10.096607
11.5 11.462172
12.1 12.004688
11.8 11.800533
11.900001 11.370224
13.1 12.0029745
12.599997 12.167277
13.299971 13.178388
11.599999 12.185611
14.600313 14.020673
11.1 11.215105
11.900001 11.864774
14.200179 14.37482
11.999998 11.959241
11.1 11.198355
10.1 10.23049
10.2 10.136985
11.999998 11.860757
11.400001 11.353007
11.400001 11.341595
11.5 11.472851
13.699981 13.087352
11.2 11.314667
11.5 11.238295
11.5 11.6726
10.622879 11.705454
11.999998 12.084749
11.8 11.50897
11.5 11.428399
11.374088 11.514882
11.900001 11.88818
11.1 11.31157
11.2 11.201664
11.2 11.213309
11.5 11.351374
11.7 11.603495
11.999998 11.586672
11.1 11.141149
11.2 11.247886
11.3 11.344245
11.400001 11.477301
11.2 11.247204
11.400001 11.43675
11.2 11.37591
11.2 11.268473
11.8 11.6691675
11.2 11.239886
11.2 11.55965
11.900001 11.882305
11.3 11.456766
11.1 11.131805
11.900001 11.176075
13.899971 13.363105
11.5 11.612734
11.7 11.595565
14.200179 14.104421
11.2 11.429933
11.7 11.714703
12.499997 12.602974
12.1 11.726772
11.900001 11.890928
13.202373 11.9434395
11.3 11.422522
10.1 10.056002
14.600313 12.838454
11.2 11.293084
12.499997 12.354455
11.599999 11.453853
11.3 11.419728
11.103488 11.307335
11.1 11.258703
11.3 11.492605
11.1 11.196205
11.7 12.683885
12.599997 12.902052
13.446788 11.99499
11.900001 11.858276
11.599999 11.5564785
13.1 12.487156
11.2 11.205645
12.899998 12.683976
11.5 11.550612
10.622879 10.675365
12.399998 12.468884
9.40103 9.477169
11.1 11.146883
11.273925 12.305915
11.923909 12.446247
11.3 11.308774
9.893174 9.922503
11.3 11.310799
11.49794 11.5817
11.7 11.80144
11.900001 11.889207
14.500117 13.51448
11.1 10.98544
11.043335 11.140293
12.399998 12.24142
11.3 11.869188
11.599999 11.666613
12.499997 12.444207
13.000009 13.191565
12.499997 12.97988
11.5 11.503805
11.999998 11.789799
11.400001 11.331528
11.1 11.389233
11.953872 11.856396
11.2 11.266159
11.5 11.3552
11.1 11.199894
11.1 11.187387
11.2 11.30064
11.7 11.661835
11.3 11.449467
11.999998 11.984264
12.699998 11.744685
14.953872 14.683404
11.2 11.312022
11.900001 11.918429
11.900001 11.87697
11.900001 11.915781
11.1 11.16438
10.1 10.006237
12.699998 12.469626
11.3 11.666571
11.1 11.131027
11.2 11.239608
11.999998 11.9632225
9.47675 9.684643
11.1 11.650587
11.3 11.3533945
12.899998 12.460774
11.7 11.670237
11.599999 11.634243
11.400001 11.3761425
11.7 12.083677
11.7 11.979191
11.900001 11.899165
11.5 11.583857
11.8 12.248835
13.500008 13.327323
11.5 11.583789
11.900001 11.877876
11.8 11.783668
11.2 11.250241
11.400001 11.423422
11.1 11.3296585
11.3 11.777317
11.2 11.224733
10.40103 10.234793
11.599999 11.580972
11.2 11.247278
11.1 11.394342
11.900001 11.867533
11.2139435 11.426114
12.199999 12.094779
11.2 11.223155
11.3 11.359589
11.599999 12.54812
11.400001 11.548431
11.7 11.816311
11.2 11.492555
11.900001 11.859715
11.7 11.623964
11.7 11.767802
11.3 11.444542
11.599999 11.725927
12.699998 12.153835
11.2 11.2756
13.000009 13.252658
11.3 11.529634
11.1 11.341944
11.999998 11.902116
11.1 12.183433
11.999998 11.625556
11.8 11.841475
11.599999 11.53681
11.1 11.198381
11.900001 11.882256
11.400001 11.373377
11.3 11.299808
11.5 11.588352
11.900001 11.894273
11.3 11.37063
12.699998 11.642872
11.7 11.768424
11.1 11.224808
12.499997 12.216887
11.900001 11.773422
11.8 12.077932
11.400001 11.448948
11.7 11.810529
11.5 11.579412
11.2 11.296785
12.854487 11.741344
11.8 11.822922
11.8 11.204977
11.1 11.449352
11.953872 12.880229
12.1 12.962037
11.900001 11.860436
11.8 11.876776
11.900001 11.141213
13.000009 13.311824
11.400001 11.490164
11.599999 11.557092
11.1 11.200106
11.1 11.19745
11.400001 11.441358
11.5 11.536772
11.7 11.52904
11.2139435 11.214912
11.40103 11.058776
11.1 11.236867
11.5 11.641018
11.7 11.571724
12.499997 12.306971
11.999998 12.052822
10.40103 10.478397
11.3 11.453715
11.900001 11.299744
10.70206 10.724434
11.400001 11.309294
11.2 11.256634
11.999998 11.540089
11.1 11.196869
12.899998 13.541742
11.7 11.731667
11.8 11.778176
11.1 10.571388
11.999998 11.795086
11.999998 12.005709
11.3 11.725861
11.1 11.20164
11.8 11.776507
11.3 11.322624
12.699998 11.8533945
11.900001 11.730217
11.7 11.544187
11.8 11.822517
11.900001 11.910463
12.058607 12.342637
11.1 11.187302
11.3 11.321178
11.900001 11.896502
10.89588 11.237571
11.3 11.361773
11.3 11.360313
11.5 11.474899
12.199999 12.057947
11.637602 12.106315
11.400001 11.5564785
12.799992 11.853948
11.900001 11.902668
12.1 12.011672
11.900001 11.964745
11.2 11.305895
11.1 11.219143
11.999998 12.262205
11.2 11.302973
11.2 12.500367
11.900001 11.846605
11.15 11.240646
11.7 11.707924
11.3 11.453321
11.900001 11.921707
11.5 11.591795
11.1 11.168066
11.5 11.746297
11.2 11.250656
11.599999 11.7141075
11.999998 12.353362
11.7 11.348098
11.7 11.733841
11.5 11.498228
11.400001 11.279121
10.555932 10.421146
11.8 11.856459
11.2 11.269081
11.40103 11.492679
13.699981 12.745813
11.400001 11.499968
11.1 11.153763
13.999974 12.409498
12.699998 11.838063
11.2 11.268003
10.40103 10.67758
10.622879 10.704832
12.599997 11.856956
13.999974 14.068945
11.1 11.107845
10.8064165 10.662756
11.3 11.48953
12.199999 12.913794
13.314671 13.571017
10.8 10.686665
12.1 11.409906
12.299998 13.178933
11.2 11.23923
12.799992 11.807621
11.8 11.82271
11.400001 11.331352
15.500117 15.297218
13.399989 13.224447
11.599999 12.403883
13.29382 13.228787
11.2 11.206852
11.2 11.273338
11.1 11.184883
11.8 11.886794
12.299998 12.272572
11.2 11.265074
11.2 11.268762
11.999998 11.919491
11.2 11.453126
11.900001 11.893343
11.2 11.224874
11.2 11.3767395
11.5 11.368193
11.1 11.169828
11.7 11.670848
11.900001 11.973213
11.599999 11.236449
12.399998 11.803771
11.599999 12.000421
11.2 11.226079
11.5 11.334825
12.499997 12.248719
11.2 11.833842
11.5 11.316844
13.699981 12.706795
11.900001 11.87563
13.299971 12.720979
11.8 11.959217
11.3 11.292241
11.999998 12.097615
11.599999 11.6712885
11.7 11.709319
11.3 11.412209
11.2 11.284857
11.999998 11.767835
11.599999 11.628948
12.499997 12.447855
12.199999 12.221665
11.2 11.254951
12.399998 11.61026
11.2 11.2404175
11.3 11.325224
11.2 11.269306
11.3 11.339736
11.2 11.26074
11.2 11.335346
11.2 11.736634
11.900001 11.854928
12.299998 12.935527
13.19691 12.171068
11.2 12.907881
11.999998 11.96397
11.043335 11.138857
10.49794 10.60832
11.2 11.206603
11.1 11.22713
11.8 11.898808
11.400001 11.663725
11.400001 11.391584
12.555932 12.893502
12.499997 11.926314
11.2 11.26758
11.2 11.7212925
11.7 12.590801
11.2 11.30704
11.400001 11.469187
13.600039 12.677603
12.399998 11.479074
12.799992 11.923161
12.799992 11.974384
12.499997 11.880839
11.400001 11.486692
11.3 11.358618
11.254902 11.290805
11.219187 10.336218
11.5 11.512311
11.8 11.817398
11.900001 11.863321
11.400001 11.425533
11.7 11.804165
12.449998 11.814779
11.8 11.793615
11.2 11.234175
11.2 11.218414
11.2 11.261705
11.2 11.21012
10.622879 10.599832
11.900001 11.867245
11.999998 12.166169
11.999998 11.91969
11.1 11.184783
11.999998 11.950692
11.900001 12.627962
10.622879 11.08062
11.3 11.596536
11.599999 11.545559
13.1 13.457034
11.2 11.280866
12.599997 11.55551
11.1 11.21347
14.1 14.019586
11.1 11.474379
11.3 12.028486
11.900001 11.913128
11.599999 11.444779
11.599999 11.41765
11.2 11.550898
9.47675 9.774464
12.066576 12.27577
12.499997 12.3480835
11.7 11.661257
12.727088 12.096947
11.400001 11.819703
11.367606 11.802153
11.8 11.760511
11.3 11.420216
11.3 11.440706
11.5 11.950874
11.3 11.436821
11.5 11.518486
11.8 11.79586
10.078811 10.074011
11.400001 11.475469
11.900001 11.859135
11.2 12.060357
10.40103 10.467924
11.3 11.381563
11.1 10.601816
11.1 11.272625
11.1 11.198042
11.5 11.206047
11.5 11.554361
12.608865 12.087828
12.805533 12.856954
11.5 11.474855
11.400001 11.385574
11.8 11.779583
10.1 10.189856
11.599999 11.798531
11.1 11.174334
12.699998 12.584653
11.3 11.2770815
13.399989 12.292416
11.7 11.690462
13.000009 11.328619
11.3 11.3700905
11.999998 11.985485
11.900001 11.7811985
11.2 11.304419
10.79897 10.2467375
11.637602 11.991391
11.2 11.262956
11.2 11.26326
11.900001 12.057055
11.8 12.097927
11.462984 11.521193
12.599997 12.42106
11.8 11.814856
12.299998 12.081141
13.236677 13.406975
11.1 11.128059
13.000009 12.888683
11.400001 11.538543
11.3 11.329431
11.5 11.55489
13.300002 13.09242
11.7 11.991896
11.400001 11.50785
11.3 11.576672
11.400001 11.658148
11.3 11.307444
11.1 11.35733
11.8 11.762913
11.2 11.20666
11.7 11.791019
11.5 11.68429
11.1 11.243364
11.1 11.210014
11.2 12.306753
12.1 12.005286
14.700326 14.578572
11.1 11.214566
11.8 11.872019
11.900001 11.812363
10.3 10.517054
12.299998 11.59577
12.899998 12.538257
11.1 11.210222
10.409804 10.820202
13.200015 12.671519
11.900001 11.8051605
11.400001 11.453092
11.7 11.761577
13.500008 12.77967
11.599999 11.658992
11.5 11.548732
12.599997 12.056541
11.2 11.40764
11.599999 11.439232
11.2 11.56069
12.199999 12.078732
11.900001 11.431907
11.1 11.724566
11.2 11.733446
12.6934595 13.469177
10.1 10.068073
11.7 11.664522
12.953872 12.92636
13.02329 11.684499
11.599999 11.258352
11.900001 12.216133
10.165502 10.299533
11.101723 11.145889
11.8 11.785074
11.7 12.797582
11.999998 11.3976555
12.299998 12.35819
11.900001 11.840395
13.1 12.1543865
12.199999 11.887475
11.45 11.654589
11.900001 11.873678
11.400001 11.498985
11.7 11.887354
12.499997 11.583167
13.000009 11.900264
11.7 11.282966
10.8 10.732914
11.599999 11.682937
12.1 11.820613
11.7 11.691887
11.2 11.269188
11.2 11.179765
14.1 13.674448
12.199999 12.366498
10.622879 10.677502
11.7 11.71414
11.900001 11.574362
10.40103 10.853054
11.1 11.297786
11.3 11.228983
11.1 11.190458
11.2 11.272311
10.70206 10.848841
10.8 10.616478
12.869551 14.227733
11.999998 12.421131
11.999998 11.917076
13.399989 13.453294
10.122276 10.137074
11.1 11.156342
12.399998 12.24482
11.1 11.28142
11.5 11.546748
11.230182 11.939901
11.599999 11.574293
11.1 11.211597
11.2 11.294064
11.5 11.570345
11.900001 11.867554
11.1 11.176776
11.1 11.234345
11.3 11.353872
12.399998 11.520135
11.999998 11.538635
11.1 11.245941
12.499997 12.8062725
11.400001 11.442404
11.8 11.792414
11.7 12.798942
11.5 11.465395
11.8 12.086841
11.1 11.161365
11.900001 11.860781
10.1 10.279813
11.8 12.136869
11.7 11.982764
11.5 11.415005
11.900001 11.256165
12.399998 12.1255665
11.599999 12.146245
11.3 11.5804615
12.499997 12.1656475
11.400001 11.507601
11.79897 12.04798
11.999998 11.799007
9.79897 10.074148
11.8 11.648436
11.5 11.718733
11.5 11.503111
11.5 11.477167
12.1 12.869815
10.40103 11.312874
11.7 11.517868
11.900001 11.90708
13.299971 12.937154
11.3 11.330821
11.400001 11.444277
11.2 11.2103405
11.7 11.745159
11.7 11.732603
11.2 11.254091
12.799992 12.582807
11.3 11.552344
11.1 11.140723
11.7 11.75093
11.999998 11.484545
11.7 12.184362
13.899971 13.529752
12.399998 12.991653
10.887813 11.692785
11.900001 11.9032
10.608639 10.600524
12.299998 11.900288
13.236677 13.13362
9.79897 10.224587
11.5 11.490939
11.427902 11.299793
11.5 12.323424
10.4 10.411507
11.7 11.778922
11.2 11.307585
11.2 11.26671
11.5 11.471366
11.900001 11.910053
12.245694 12.162668
11.900001 11.886718
11.2 11.243431
11.900001 11.877135
11.1 11.71323
11.254902 11.479229
12.199999 12.267423
11.5 11.240456
11.7 11.7325325
11.618801 11.611274
11.999998 11.913527
11.5 11.524074
11.2 11.376305
11.400001 11.464432
12.199999 12.344405
11.2 11.373972
11.400001 11.416953
12.947712 13.059474
11.3 11.280932
11.599999 11.567593
12.599997 12.097403
11.7 11.932237
11.5 11.813995
11.2139435 11.215372
10.40103 10.909216
11.8 12.290451
11.2 11.325574
11.900001 11.945378
11.900001 11.831068
11.8 11.80904
11.1 11.501969
11.2 11.304488
11.7 11.739476
11.400001 11.364182
11.8 11.455465
11.599999 11.585527
9.79897 10.214041
11.1 11.191493
11.599999 11.382588
12.599997 11.675919
12.899998 13.312004
11.8 11.765884
12.622879 12.461009
11.599999 12.621013
11.7 12.314088
12.765546 12.024544
11.3 11.23917
11.5 11.523893
11.900001 11.84115
11.900001 11.863251
11.8 11.786672
10.40103 10.405689
11.8 11.849276
14.1 12.233898
11.900001 11.788584
11.999998 11.909496
11.2 11.28959
11.7 11.603285
11.7 11.664201
11.599999 11.279167
11.8 11.913883
11.5 11.617824
11.2 11.263865
11.487216 12.732129
11.1 11.196105
11.2 11.231477
11.900001 11.896484
11.3 11.614525
11.599999 11.480101
11.1 13.017089
11.2 11.347128
11.671865 13.646738
11.599999 11.585077
14.200179 15.015861
11.900001 12.046354
11.2 11.31848
11.999998 11.8958
14.901343 13.437712
11.900001 11.888872
11.5 11.586763
11.5 11.74505
11.599999 11.506063
10.1 10.196398
13.200015 12.808827
11.599999 11.920158
13.000009 12.821877
11.2 11.269989
11.508935 11.380407
11.8 11.990574
11.2 11.24445
11.7 11.74336
11.2 11.364961
11.3 11.50329
11.3 11.331494
11.400001 11.352028
11.1 11.254929
11.599999 11.696303
11.900001 11.869411
13.699981 13.657217
11.999998 11.889261
11.999998 12.037045
14.1 12.541833
11.2 11.241005
11.400001 11.309063
11.2 11.902402
11.900001 12.013814
14.600313 12.327623
11.900001 11.177169
11.8 11.851378
11.1 10.689672
13.000009 12.880057
11.599999 11.6521
11.2 11.293352
12.199999 12.212428
11.8 11.839342
11.999998 12.386101
10.7 10.739813
11.3 11.44013
11.7 11.747896
11.1 11.87382
13.953872 13.087355
11.900001 11.908595
11.2 11.225366
13.200015 13.086152
10.581486 10.548229
11.599999 12.003165
12.499997 12.229294
11.2 11.301154
11.3 11.517719
10.4 10.383252
11.900001 11.932658
12.299998 11.977333
11.2 11.261538
11.1 11.777998
11.7 11.712869
10.1 12.344771
11.2 11.330828
12.300659 12.29566
11.1 11.216715
11.900001 12.590388
11.7 11.989874
12.399998 12.151491
11.400001 11.341187
11.3 11.309367
11.3 11.318578
12.399998 12.489161
11.2 11.320709
11.3 11.333166
12.499997 11.952915
11.5 11.547131
12.738272 11.23647
11.3 11.405284
11.5 11.520754
11.2 11.23779
11.3 11.315004
11.400001 11.349628
11.2 11.271452
11.400001 11.437023
11.1 11.183027
11.999998 11.854295
11.999998 12.054818
11.1 11.277956
11.8 11.451607
11.3 11.34863
11.7 11.76618
15.500117 15.129895
11.2 11.21767
10.40103 10.651964
11.599999 11.606302
11.599999 11.592624
11.1 11.222153
11.2 11.276468
11.5 11.8405905
11.999998 12.054137
11.2 11.269016
11.3 11.887482
11.8 11.814358
10.020819 10.249634
11.5 11.555694
10.1 10.616098
10.70206 11.127529
11.599999 11.47308
11.5 11.790049
11.1 11.210923
12.699998 11.564675
11.999998 11.634389
11.1 11.163252
11.3 11.440232
11.1 11.240439
11.5 11.53958
13.000009 13.307342
11.8 11.8337755
11.1 11.145482
11.1 11.188206
11.5 11.548443
11.1 11.231457
10.40103 10.398734
11.900001 11.656977
11.3 11.359474
11.1 11.332687
11.5 11.581623
11.900001 11.819143
14.200179 14.266789
11.400001 11.3932705
9.668636 9.643
11.5 11.521549
11.1 11.170649
10.3 10.368345
11.7 11.717443
11.5 11.59007
11.5 11.977708
12.599997 12.687002
11.1 11.116492
11.8 11.576537
11.8 11.896412
11.3 11.387971
11.2 11.25938
11.2 11.650543
11.1 11.379646
11.986056 12.400126
11.599999 11.67781
14.1 13.174193
11.307609 11.274538
11.999998 11.971111
11.5 11.523259
11.999998 11.850731
11.1 11.207502
11.0 10.714815
11.2 11.221678
13.078811 12.637469
11.3 11.359582
11.7 11.714251
11.2 11.318748
11.7 11.782155
11.3 11.743109
10.5 10.118593
12.199999 11.833152
14.600313 14.56946
12.499997 12.2919035
12.399998 13.012095
11.3 11.65896
11.2 11.281888
11.5 11.614619
11.2 11.284832
11.999998 11.930077
11.900001 11.82408
11.900001 11.883107
14.711015 14.767304
11.2 11.2742405
11.2 11.437845
10.1 10.608362
11.2 11.219251
12.799992 12.054022
12.485103 12.035672
11.3 11.399967
11.400001 11.699081
11.2 11.195564
11.8 11.833336
11.400001 11.543343
14.06468 14.104236
11.1 11.206656
12.597573 12.242448
11.2 8.7903805
12.549999 13.916866
11.2 11.460946
11.1 11.2218
11.8 11.809935
13.999974 13.814866
12.1 12.071322
11.3 11.307434
11.29382 11.065346
11.70206 11.605684
11.7 11.729487
11.8 11.789115
11.900001 11.930256
12.899998 12.405773
11.8 11.804362
11.900001 11.8616295
11.900001 11.623987
11.2 12.081695
13.1 12.390401
11.5 11.534262
11.3 11.354136
11.900001 11.874228
11.2 11.280482
11.3 11.272337
11.400001 11.433522
11.2 11.311787
10.1 10.291437
11.900001 11.895283
11.2 11.278326
12.299998 11.993767
11.1 11.247218
11.1 11.155572
11.2 11.25461
11.1 11.170337
12.6934595 13.713117
11.599999 12.170486
11.900001 11.958798
11.7 11.716116
13.1 12.580281
11.999998 11.822794
11.7 11.666502
13.186186 13.599435
11.1 11.273813
11.5 11.547963
11.3 11.3046875
11.400001 11.805014
11.1 11.161403
11.2 11.282157
12.499997 11.487457
13.1 13.447377
11.599999 11.723921
14.555932 14.144721
13.299971 14.42508
11.2 11.199442
11.1 11.205309
11.900001 11.873663
10.1 10.075565
11.1 11.197561
12.699998 12.558045
11.2 11.223414
11.900001 11.8965025
11.7 11.442445
11.7 11.855093
11.5 11.889452
13.000009 11.975486
11.7 12.238988
11.400001 11.530587
11.900001 12.052687
11.599999 11.686747
11.3 11.2612095
11.2 11.315316
11.900001 11.885336
11.1 11.155725
12.599997 12.087914
11.900001 12.113081
11.900001 11.721579
12.117729 12.750829
11.3 11.25878
11.5 11.556724
10.8447275 10.956311
11.1 11.178587
13.200015 12.913769
11.1 11.245391
11.1 11.212259
12.399998 11.773579
11.7 11.876316
10.1 10.030331
11.7 11.771043
11.1 11.187531
11.3 11.346445
11.1 11.200864
11.8 11.852957
11.1 11.116387
12.1 12.25647
11.2 11.451654
11.900001 11.924793
11.599999 11.5467
10.70206 10.926611
11.2 11.282041
13.418758 13.313466
11.8 11.816374
14.359637 14.174041
11.2 11.246778
11.2 11.279511
11.5 11.514335
11.2 11.208854
12.199999 12.121326
11.2 11.237618
14.466532 14.589169
11.1 11.171108
12.1 12.627151
11.7 11.556337
11.2 11.897159
11.900001 11.843809
11.599999 11.475444
11.599999 11.558711
11.5 11.524832
12.499997 11.898986
10.622879 10.620771
10.608639 10.585773
11.3 11.3765545
11.7 11.34855
11.1 11.135481
11.999998 11.949312
11.900001 11.846861
12.399998 11.326607
11.3 11.479469
11.1 11.1756
11.2 11.301954
11.900001 11.881603
11.2 11.253021
11.2 11.235579
12.499997 12.347126
11.2 11.241045
11.8 11.7385435
11.599999 12.026928
11.2 11.280596
11.2 11.27177
11.999998 11.991836
10.2 10.373914
11.999998 11.399103
11.7 12.170334
10.40103 10.348351
11.2 11.187682
11.5 11.65634
11.2 11.743597
10.622879 10.6075535
11.2 11.259176
14.43626 14.701869
11.900001 11.836267
11.599999 11.739022
14.29382 14.091135
11.8 11.769388
11.2 11.225447
12.953872 12.94764
11.599999 11.86503
11.1 11.199256
11.2 11.242287
11.3 11.437048
11.599999 11.635653
11.999998 11.907025
11.900001 11.864295
11.999998 11.705747
11.2 11.330952
14.1 14.362037
10.2 10.656953
11.3 11.290614
11.400001 11.902558
12.399998 12.279503
12.299998 12.145596
12.699998 11.531441
11.2 11.283561
11.3 11.466862
11.5 11.475927
11.2 11.189362
11.400001 12.163179
11.900001 11.845596
15.108774 13.2576885
11.599999 12.054367
13.299971 13.029579
12.599997 12.691312
12.499997 12.324161
11.2 11.267386
12.40103 12.374855
11.1 11.733106
11.900001 11.823094
11.267491 11.693511
13.399989 13.682769
11.2 11.665193
10.7 10.64528
11.5 11.730574
11.1 11.198626
12.199999 12.200417
11.7 10.452091
10.70206 10.719843
11.7 11.895697
12.199999 12.183624
11.3 11.402554
11.7 11.768825
11.2 11.238724
12.1 11.7506695
11.7 11.837834
11.999998 11.9819975
11.400001 11.487699
10.450574 10.47154
12.699998 12.3505335
11.3 11.344908
11.3 11.302127
11.5 11.507114
12.499997 12.446965
11.5 11.990984
11.400001 11.53038
13.29382 13.138967
15.1 14.572392
11.400001 11.416136
11.5 11.513376
11.3 11.631794
12.1 12.884783
11.900001 11.810219
11.999998 12.01595
11.261151 11.433876
11.2 11.212579
12.429754 11.856741
11.7 12.025739
13.899971 13.695699
11.999998 11.899655
11.599999 11.7007885
13.000009 13.217187
11.1 11.254166
12.404044 12.702001
11.2 11.267286
11.8 11.325014
10.1 9.94866
11.5 11.363761
11.3 11.53244
11.5 11.465075
11.400001 11.44331
12.499997 13.588315
11.5 11.626094
11.2 11.553655
11.900001 11.884574
11.900001 11.822969
11.136212 11.183843
13.699981 12.649574
11.1 11.326239
11.400001 11.34198
11.7 11.762407
12.199999 12.018176
14.600313 14.446545
11.3 11.243836
11.8 11.43646
11.5 11.484682
11.7 11.840902
11.400001 11.476047
11.3 11.872871
11.5 11.6370125
11.3 11.420525
15.1 14.141881
11.2 11.220347
12.499997 12.384165
12.599997 12.122175
11.8 11.968432
11.1 11.181105
11.343923 11.321044
11.599999 11.701468
11.1 11.285723
12.531798 11.013056
11.2 11.25747
11.5 11.523168
11.3 11.450814
11.5 11.854345
12.699998 12.16928
12.267491 12.625121
13.1 12.869043
11.900001 11.867639
10.622879 10.658422
11.2 11.240093
11.1 11.168158
11.8 11.358986
11.8 11.448182
11.400001 11.485691
12.599997 12.028553
11.7 11.459808
11.7 11.897482
11.230576 11.209875
11.2 11.460974
11.5 11.706215
11.7 11.291039
12.299998 12.142857
11.900001 11.839317
12.287653 12.238611
11.400001 11.485513
11.1 11.212656
11.2 11.272889
14.600313 13.896621
11.2 11.248677
11.2 11.409355
11.3 11.466067
11.7 11.476101
10.622879 11.243164
12.699998 12.117418
11.8 11.491801
12.599997 11.880745
11.900001 11.9558935
11.1 11.174308
14.40103 13.578232
11.8 11.779781
11.400001 11.430354
10.8 10.979213
11.2 11.20664
11.5 13.149636
11.2 11.214922
13.399989 12.992679
9.79897 9.8303
11.900001 11.869621
11.2 11.299522
12.599997 12.208041
11.999998 11.700263
11.8 11.346922
11.1 11.216486
10.923909 10.410892
11.1 11.538896
11.89588 11.641136
11.3 11.778267
11.3 11.681913
13.719789 14.256145
11.1 11.160936
11.8 11.680249
13.000009 12.816644
11.900001 11.908848
11.1 11.178471
11.2 11.28071
11.3 11.870625
11.3 11.450207
12.799992 12.431418
12.199999 12.567023
10.3 10.363098
11.8 11.769684
11.400001 11.461914
11.5 11.482313
10.418758 10.477767
11.2 11.733772
11.3 11.333593
11.400001 11.384422
11.599999 11.623888
11.900001 11.624677
11.5 11.494144
11.1 11.31715
10.622879 10.499379
11.3 11.280428
12.446788 12.500261
11.999998 12.632774
11.058607 11.286612
11.8447275 11.849238
11.1 11.212797
11.7 11.658964
11.1 11.186046
11.900001 11.873374
11.900001 11.890568
12.599997 12.109531
11.3 11.336039
11.2 11.153885
11.900001 12.001167
11.4 11.766864
11.2 11.427465
12.1 12.0592785
11.1 11.121811
10.6934595 11.76903
11.8 12.008333
11.8 11.391942
12.699998 11.817633
11.599999 11.706507
11.2 11.204786
11.7 11.842874
13.1 13.048854
12.499997 13.09348
10.40103 10.52969
12.899998 13.041125
10.210698 10.320591
11.599999 11.4663725
11.900001 11.829998
11.2 11.211376
12.399998 11.847347
11.2 11.216556
11.605162 11.251135
11.900001 11.785795
11.900001 11.365319
11.900001 11.898315
12.584126 11.933335
13.999974 14.297693
11.7 11.888142
11.400001 12.295845
11.1 11.348871
13.399989 12.316508
12.899998 12.58386
11.8 11.875044
11.599999 11.982694
11.2 11.258562
11.400001 11.432519
11.900001 11.968612
11.1 11.165804
11.1 11.1749
11.8 11.954764
12.314671 10.818427
13.500008 12.854353
11.1 11.158178
11.8 11.793177
11.7 12.263624
11.2 11.190136
11.2 11.185661
11.599999 11.630375
11.400001 11.891912
11.900001 11.899455
11.999998 12.254759
10.6 10.482029
13.40103 11.143456
14.870304 13.732112
11.460513 10.511261
11.2 11.222656
11.3 11.414065
11.7 11.669188
11.2 11.294811
13.500008 13.036725
11.1 11.237371
14.869551 14.878845
12.299998 11.5942335
11.3 11.334171
11.2 11.217293
11.3 11.4315405
11.3 11.273936
11.999998 11.995146
11.3 11.332818
11.2 11.214375
13.000009 13.149638
11.7 12.20286
11.999998 11.457057
11.8 11.822121
12.399998 12.4808655
12.699998 12.371471
11.1 11.163724
12.505608 12.005526
12.499997 12.428813
12.399998 11.848104
11.5 11.510887
12.1 11.679138
12.520216 13.116195
14.200179 13.794947
10.2 10.659469
11.8 11.745018
10.1 10.145815
11.2 11.282002
11.1 11.180842
13.600039 11.742075
11.400001 11.342371
12.199999 11.943049
11.900001 11.86603
10.1 10.245275
11.900001 11.864953
11.1 11.1901655
11.999998 11.336283
11.400001 11.378658
11.5 11.336369
15.200179 14.584541
11.3 11.29236
12.299998 11.96221
11.1 11.196586
11.2 11.253505
11.599999 11.493001
11.900001 11.894684
11.2 11.268811
11.8 11.874351
11.900001 11.512993
10.3 10.2423725
11.3 11.284512
11.900001 11.98971
13.200015 12.821306
12.899998 13.287495
11.999998 11.989012
11.1 11.198057
11.3 11.351051
12.359637 12.40652
12.299998 12.161828
11.400001 11.487477
11.400001 11.416367
10.1 10.637109
11.8 11.796498
11.8 11.915679
11.3 11.54303
11.8 11.818193
12.299998 11.836015
11.1 11.727556
11.599999 11.576325
11.999998 12.665751
11.400001 11.320998
11.3 11.275616
11.8 11.646525
12.399998 13.059686
11.3 11.425818
11.900001 12.172266
11.1 11.179078
11.2 11.31023
11.900001 11.3113
11.1 11.175281
11.2 11.983522
11.2 11.31966
11.3 11.529196
11.8 11.797861
11.2 11.235018
11.2 11.200933
13.699981 13.211989
11.599999 11.843277
11.3 11.31157
11.1 11.203653
11.5 11.527445
11.3 11.402908
11.5 11.473345
11.999998 11.947664
9.947712 9.903501
11.8 11.818516
11.8 11.829552
11.1 11.275764
11.5 11.579191
11.1 11.207211
12.799992 12.304012
11.7 11.70744
11.7 11.73052
11.900001 11.899634
11.599999 11.6630535
11.8 11.893042
10.622879 11.380621
11.400001 11.619635
11.7 11.697187
11.7 12.13142
11.8 11.949501
10.8 10.955802
14.400163 13.610296
11.2 11.35653
11.2 11.246544
11.3 11.752622
14.500117 14.292662
11.1 11.21163
12.599997 12.076459
13.999974 13.177979
11.3 11.345667
11.8 11.862968
11.3 11.278638
11.1 11.15288
11.3 11.298097
11.1 11.218959
11.5 11.847954
11.8 11.849805
11.599999 11.643269
11.1 11.171123
11.2 11.637093
11.900001 12.066437
11.1 11.253818
10.622879 10.4897995
11.2 11.27244
11.1 11.206122
11.7 11.68121
11.1 11.326395
11.900001 11.869991
12.699998 12.358019
11.5 11.520383
11.8 11.774894
11.1 11.2019615
11.400001 11.421128
12.499997 11.719881
11.1 11.109188
11.381498 11.43306
12.499997 12.884736
13.249993 13.413363
11.8 11.806213
11.900001 11.87129
12.799992 11.7101
11.599999 11.60431
11.5 11.46978
9.79897 10.239409
11.3 11.374917
11.3 11.291672
12.899998 13.584048
11.1 11.27249
10.1 10.202768
11.456548 11.802031
11.1 11.614891
10.1 10.158529
11.900001 11.911196
11.2 11.222866
11.7 12.173811
12.199999 11.581177
11.3 11.4267435
11.3 11.390844
11.2 11.242109
11.5 11.505336
11.2 11.209932
11.2 11.650645
11.900001 11.816665
11.5 11.502583
11.8 11.283594
13.899971 13.875353
10.3 10.514004
12.599997 12.158816
11.400001 11.465052
14.200179 14.037655
11.2 11.271729
11.900001 11.879373
11.2 11.231386
15.200179 14.926268
12.399998 12.995846
11.2 11.209397
11.1 11.193376
11.599999 11.696136
11.999998 11.881112
11.1 11.197937
11.7 11.733239
11.2 11.268093
11.020819 11.252842
11.599999 11.759046
11.2 11.270074
11.5 11.536839
13.122276 13.060572
11.900001 11.647931
11.2 11.322304
11.3 11.51452
11.2139435 11.79538
11.999998 11.996885
13.000009 12.027402
11.900001 12.025247
11.2 11.26832
11.900001 12.115151
11.5 11.248555
11.400001 11.433195
11.900001 11.952975
11.2 11.224244
11.2 11.312061
14.321849 13.854082
11.900001 11.88523
11.7 11.690481
12.1 11.745278
11.900001 11.876827
12.821246 12.62037
11.2 11.27948
11.685027 11.3825245
11.1 11.181953
13.500008 13.645308
13.1 13.038669
11.2 11.199753
11.7 11.767906
11.2 11.302473
12.299998 12.164936
12.499997 11.987331
11.599999 11.8607235
11.999998 11.239207
12.899998 11.908459
12.359637 12.1846485
11.2 11.272483
11.900001 11.923995
14.79897 13.929973
10.40103 10.361342
11.2 11.736836
11.7 11.727476
12.555932 12.410771
11.2 11.215057
11.2 11.2252865
11.3 11.364414
13.699981 11.446048
11.999998 12.077377
11.1 11.129898
11.1 11.424847
12.299998 11.666298
11.7 12.094849
12.899998 12.601363
11.599999 12.048183
10.1 10.492855
11.400001 11.478676
11.3 11.325356
11.900001 11.887382
11.1 11.106226
9.49794 9.8152485
11.900001 11.820358
13.899971 12.526792
11.900001 11.231375
11.2 11.458599
11.5 11.960365
12.699998 11.79504
12.499997 11.9794
11.8 11.588083
12.1 11.557534
11.3 11.418845
11.1 11.463135
11.400001 11.339956
11.1 11.200499
11.400001 11.581116
13.399989 12.89103
11.1 11.195797
12.399998 12.6368475
11.900001 11.87314
14.254902 14.440184
11.999998 11.843763
12.899998 12.856969
11.1 11.152643
11.3 11.315172
12.453596 12.279791
11.599999 12.115277
9.79897 9.887346
11.5 11.487022
15.600313 15.414183
13.500008 13.552743
11.8 11.836844
11.1 11.171552
10.40103 10.490176
11.1 11.214302
12.599997 12.910622
13.200015 12.192771
11.1 11.214596
13.000009 13.557683
11.2 11.363098
10.40103 10.421966
11.8 11.814503
11.2 11.229099
12.1 11.8862915
10.1 10.250891
11.8 11.749626
11.5 11.572041
10.70206 10.739803
11.999998 11.600239
12.120452 11.91299
11.2 11.247778
11.2 11.4086275
11.1 11.219176
11.900001 11.942882
11.400001 11.350052
11.5 11.5119095
11.599999 12.038275
11.2 11.296745
11.1 11.554771
11.7 11.725727
11.7 11.757996
11.5 11.765656
11.1 11.320809
13.392429 11.186337
11.1 11.185986
12.399998 12.918581
11.2 11.515057
11.1 11.397751
11.2 11.457066
11.7 11.710197
10.690574 10.637917
11.900001 11.890175
11.349999 11.763368
12.899998 12.9636545
12.1 12.452701
11.745892 11.909939
10.8 11.35403
11.1 11.142354
12.637602 11.663485
11.900001 12.161879
11.5 11.613195
12.499997 12.316619
11.3 11.263399
11.900001 11.54193
12.799992 11.79847
11.900001 11.906955
12.899998 13.706987
11.400001 11.642981
12.699998 11.769089
12.899998 12.727917
14.1 14.0448
11.8 11.819757
11.599999 11.344809
14.40103 14.191735
11.900001 11.873051
11.8 11.820598
13.000009 13.541064
11.1 11.363515
11.900001 11.885626
11.555932 11.2595
11.2 11.22848
11.599999 11.612314
11.2 11.243618
11.400001 11.5930195
11.2 11.846176
11.3 11.329582
11.5 11.544124
12.499997 11.8577795
11.900001 11.84502
11.5 11.512622
11.900001 11.884172
11.49794 11.457551
11.1 11.148393
11.1 11.175713
11.900001 12.063099
10.49794 10.604218
11.2 11.218752
10.1 10.088868
13.000009 12.581919
11.2 11.256182
11.5 11.700432
11.3 11.241273
11.2 11.276458
11.999998 11.922489
11.3 11.285513
12.599997 12.547648
11.8 11.728397
11.3 11.307227
11.900001 11.879253
14.700326 13.643967
11.3 11.292891
11.7 11.812447
12.199999 11.647039
11.400001 11.289005
11.2 11.2505
11.7 11.921605
11.900001 12.032975
11.999998 12.81766
11.1 11.206794
11.2 11.243126
13.511954 13.890707
11.8 12.045242
11.5 11.514635
11.999998 12.046295
11.1 12.028448
11.400001 11.491761
11.999998 11.898801
11.2 11.258578
12.499997 12.02246
10.4 10.748473
11.599999 11.633926
11.7 11.618172
12.499997 12.984022
12.199999 12.261855
11.637602 11.907323
12.601689 12.747888
11.8 11.795671
11.3 11.341607
14.1 12.069974
11.1 11.172523
11.1 11.212213
11.900001 11.944445
11.8 11.729586
11.5 11.535507
11.5 11.530215
11.3 11.317915
11.1 11.393434
10.719789 11.284675
11.1 11.137054
11.2 11.251794
11.5 11.699479
11.5 11.526204
11.400001 11.526543
11.900001 11.85846
12.639102 13.001366
12.1 11.863434
11.1 11.154938
11.400001 11.392738
11.900001 12.105715
11.8 11.890156
13.1 13.011169
11.1 12.200075
13.1 12.371392
11.5 12.182139
11.1 11.135669
11.3 11.298253
11.8 11.747236
11.8 11.582755
11.3 11.556696
11.8 11.78142
12.199999 12.07317
11.999998 11.187181
11.3 11.338114
11.5 11.492961
11.2 11.207325
11.5 11.544601
10.40103 10.374437
10.186186 10.258081
10.8 10.658823
11.56133 11.996393
11.1 11.203093
11.2 11.254074
11.999998 11.9812975
11.5 11.664386
11.1 11.156651
11.1 12.689354
11.5 11.5406685
11.3 11.330261
10.738272 10.2467375
11.7 11.688745
11.5 11.63944
11.400001 11.443581
13.1 11.803582
11.900001 11.657537
11.1 11.2441025
11.599999 11.66227
11.8 11.770535
13.699981 14.340093
12.1 12.511098
11.3 11.291594
13.128426 13.225929
14.49794 12.81255
11.999998 11.513887
11.599999 13.028714
11.5 11.8782835
10.6 10.373834
15.1 13.189351
12.499997 11.7427
11.5 11.6108055
11.1 11.144407
11.8 12.026343
11.900001 11.866525
11.1 11.221625
11.1 11.22728
11.1 11.224219
11.2 11.2413225
11.2 11.2045555
11.2 11.437073
12.399998 11.456625
10.40103 10.423363
11.5 11.590994
11.2 11.24363
13.200015 12.639179
11.1 11.276077
11.8 11.814825
11.2 11.24988
12.399998 12.889358
10.5 10.684024
11.900001 11.740786
11.8 11.871309
13.49794 11.2096
13.299971 11.676774
13.8409815 15.176634
11.2 11.276735
11.5 11.620649
12.199999 12.116226
11.900001 11.889598
13.600039 12.071024
11.3 11.275609
11.900001 11.860624
11.660667 12.038246
11.70206 11.672129
10.9 11.279034
11.1 11.242096
14.200179 13.059502
11.2 11.250806
11.400001 11.411981
11.5 11.497638
10.2 10.386517
11.599999 11.834308
11.5 11.565282
11.900001 11.871565
11.900001 11.907733
11.997942 11.910218
11.5 11.526782
10.40103 10.459466
11.3 11.460165
11.2 11.259653
11.999998 11.935906
11.900001 11.874838
11.599999 11.603681
12.399998 12.401788
11.2 11.283331
11.1 11.173137
11.400001 11.384359
9.1 9.2372265
11.400001 11.481396
11.400001 11.450571
14.200179 14.006316
12.499997 12.61386
10.70206 11.156158
11.7 11.596699
11.849999 12.294824
11.1 11.17783
11.5 11.682334
11.5 12.683537
11.999998 11.958927
11.1 11.276417
10.1 10.122508
11.3 11.433811
11.1 11.211004
11.900001 11.93057
11.5 11.608386
11.2 11.3094845
11.900001 11.890246
11.599999 11.711609
11.3 11.42087
11.599999 11.559315
11.2 11.214349
11.2 11.228208
11.400001 11.676783
12.26877 12.789418
11.2 11.437605
11.2 11.267364
11.3 11.381025
11.5 11.595676
14.1 13.641055
11.2 11.209304
11.7 11.748997
10.70206 10.688976
11.5 11.497841
11.622879 11.381947
11.1 10.858443
11.900001 11.87365
11.599999 11.545279
13.399989 12.830636
11.5 11.631512
11.900001 11.828342
12.1 12.134878
13.999974 12.971826
9.79897 10.276808
11.2 11.247394
13.1 12.354911
9.66703 9.285704
11.999998 11.809452
12.399998 12.008379
11.7 11.633946
11.599999 11.8060665
11.5 12.580225
11.5 11.512077
11.400001 11.458806
11.7 12.392713
11.400001 11.435012
11.2 11.479315
10.70206 10.324129
10.2 10.50635
12.199999 11.943654
11.900001 11.86814
12.499997 12.316996
11.8 11.831571
11.3 12.090235
11.5 11.462897
12.298596 12.190039
11.7 11.771531
11.7 11.69982
10.622879 10.705325
11.599999 11.667232
11.599999 11.8162985
11.900001 11.921147
11.1 11.478986
11.3 11.382896
11.900001 11.878076
11.2 11.2418785
11.8 11.845188
11.7 11.703878
12.799992 11.802258
11.900001 11.882437
11.3 11.35692
11.1 11.200826
10.3 10.506998
12.1 12.090504
12.1 12.037851
11.400001 11.63818
11.2 11.741936
11.3 11.375164
11.2 11.236711
10.1 10.420305
11.7 11.905725
12.199999 11.650532
12.399998 11.945414
12.761543 13.009642
11.3 11.242879
11.900001 11.938481
11.3 11.194562
11.5 11.237412
11.8 11.819121
11.2 11.294865
11.3 11.2914505
13.8447275 12.663953
11.900001 11.962065
11.79897 12.029688
12.70206 12.708077
11.3 11.454374
12.599997 11.784972
11.999998 12.035304
11.1 11.171205
10.49794 10.508768
11.1 11.24229
12.199999 12.78225
10.49794 10.636984
11.3 11.543714
11.1 11.179504
11.8 11.699778
11.2 11.281593
11.599999 11.621608
11.999998 11.999288
11.999998 12.313636
11.3 11.329512
12.986056 13.1743765
9.70206 9.473322
11.7 11.660155
11.3 11.669209
13.145758 11.998976
11.2 11.220964
11.2 11.234593
11.400001 11.282938
11.2 11.249466
11.900001 11.876123
11.1 11.159882
11.2 11.269739
11.1 11.191429
11.7 11.725746
11.8 12.055046
13.500008 12.959176
13.4372425 13.473185
11.999998 12.029003
11.5 11.914622
11.5 11.522945
11.5 11.609468
12.399998 12.889271
11.1 11.192812
11.8 11.768738
10.8 10.73753
11.5 11.536238
11.1 11.641187
11.3 11.31731
11.900001 11.428431
12.199999 11.906312
12.899998 12.295945
11.2 11.26845
13.600039 12.74799
12.899998 12.901919
11.3 11.326632
11.599999 11.610321
11.1 11.195006
11.1 11.169302
11.2 11.637789
11.8 11.67034
11.900001 12.439331
11.2 11.351044
11.2 11.326157
12.499997 12.447425
12.399998 12.562907
11.599999 12.624862
11.2 11.705934
11.400001 11.700761
11.1 11.163289
13.899971 13.7250185
12.399998 11.882103
9.79897 9.838743
12.1 11.836459
11.8 11.692091
11.2 11.245942
12.299998 12.387289
12.199999 11.304902
11.3 12.16447
11.2 11.996384
11.400001 11.407957
12.299998 12.333945
11.923909 11.702503
11.7 12.113362
11.8 11.784024
11.49794 11.449642
11.999998 12.000634
11.938632 12.3918495
10.70206 10.764387
13.500008 13.208805
11.400001 11.582441
12.622879 12.706244
11.5 11.435253
11.5 11.616586
11.599999 11.552632
11.1 11.291712
11.2 11.356891
11.2 11.250667
11.599999 11.614314
10.427902 10.536991
13.899971 14.043328
10.6 10.4559145
11.40103 11.479444
11.1 10.994951
11.999998 11.9937
14.200179 12.568827
14.200179 14.23313
13.600039 13.885007
11.1 11.15804
11.8 12.522714
11.999998 11.560083
14.79897 14.783914
11.2 11.212393
11.5 11.603135
11.400001 11.442303
13.999974 12.424954
11.5 11.494942
11.3 11.302503
11.8 11.801592
11.738272 11.482457
11.2 11.478616
12.699998 13.996945
11.3 11.274041
11.2 11.247562
12.699998 11.664204
11.1 11.258952
11.2 11.31357
11.5 11.5510235
12.299998 13.197408
11.1 11.231701
11.3 11.37786
11.1 10.370082
11.2 11.253452
11.999998 11.961025
11.900001 11.849105
14.901343 13.601266
11.900001 11.880975
11.8 11.833215
11.1 11.303385
10.70206 10.785831
11.400001 11.420107
12.599997 12.648388
11.400001 11.817468
10.6 10.97571
12.399998 11.845748
11.999998 11.975047
15.262569 15.317306
11.7 11.628511
11.400001 11.401474
11.3 11.67573
11.5 11.511578
13.165502 13.426303
11.999998 11.740454
11.900001 11.9043665
11.2 11.26365
11.900001 11.839313
11.1 11.13537
11.2 11.315798
13.699981 13.10138
11.900001 11.872793
11.999998 11.95476
13.800057 13.215453
11.8 11.796
11.400001 11.509903
11.3 11.879958
11.999998 12.021749
11.900001 11.827921
10.9 10.670464
11.900001 11.894659
11.1 11.464946
10.2 10.396452
11.1 11.362652
11.7 12.092188
11.900001 11.967606
11.1 11.220329
11.816699 12.009944
11.2 11.211956
11.1 11.162012
11.2 11.212163
12.799992 12.767273
13.999974 14.131135
11.1 11.252403
10.2 10.352848
11.5 11.507319
11.2 11.23088
13.600039 13.780871
14.1 13.162516
11.599999 11.560881
11.3 11.317219
9.79897 9.786545
11.1 11.415476
11.5 11.5651245
11.8 13.371248
11.8 11.706047
10.321849 10.0823555
11.3 11.280247
11.1 12.186251
11.1 11.161257
12.499997 12.180924
11.2 11.232336
11.999998 11.830894
13.899971 12.955514
11.1 11.122561
11.2 11.375389
11.999998 11.88364
11.7 11.739265
12.199999 11.895136
12.399998 12.3209915
11.400001 11.6207485
12.199999 12.837527
11.8 11.811642
12.499997 12.09523
11.8 11.866033
11.900001 11.888538
11.599999 11.419811
11.2 11.495971
11.7 12.056385
12.199999 11.934643
11.1 11.304054
9.79897 9.834602
11.7 11.739065
10.1 10.449301
11.2 11.311613
12.1 11.251228
11.1 11.199552
11.2 11.255632
11.2 11.2004595
12.499997 12.728354
11.7 12.29014
11.999998 11.942986
11.1 11.232508
11.3 11.363642
11.7 11.199942
11.5 11.339246
11.2 11.2695
12.399998 11.733533
10.1 10.291212
11.1 11.209827
11.599999 11.511685
12.599997 12.384381
10.6 10.426421
11.999998 12.004702
11.599999 11.512764
11.900001 11.853865
11.8 12.499563
11.599999 11.604306
11.5 11.53095
11.400001 11.579726
11.900001 11.9486475
13.500008 15.005984
11.900001 11.847989
11.999998 11.961451
11.2 11.314903
11.79897 11.949179
11.1 11.259518
11.400001 11.491336
11.2 11.270373
10.6 10.615802
11.1 11.171909
11.3 11.334952
11.900001 12.207959
12.199999 12.067788
12.899998 12.492799
14.180399 14.159675
11.900001 11.844048
11.8 12.325951
11.900001 11.89545
11.900001 11.633177
11.1 11.324324
11.599999 11.714741
11.1 11.41423
11.5 11.568069
12.767562 12.496913
12.399998 12.253206
12.199999 11.787228
11.3 11.466064
11.900001 11.862345
12.299998 11.639377
11.351037 11.852429
13.999974 14.401004
11.2 11.166529
11.1 11.152805
11.599999 11.891865
11.3 11.360637
12.017215 12.539172
11.900001 11.892687
11.5 11.540393
12.1 12.017239
11.2 11.181784
12.986056 12.787575
11.1 11.222488
11.3 11.290587
11.5 11.4774685
11.1 11.113031
11.7 11.761593
11.2 11.667211
11.400001 11.430501
11.2 11.388844
11.2 11.323584
11.1 11.214176
11.5 11.485775
12.1 11.307705
11.2 11.263108
12.899998 12.8687315
10.6 10.625628
12.399998 12.021088
11.2 11.197395
15.1 14.349455
10.9 10.67425
11.900001 11.873077
11.3 11.297488
11.7 11.631278
11.400001 11.437056
11.7 11.668567
11.3 11.379837
12.699998 13.366109
14.29897 14.165185
12.1 11.86536
11.1 11.122215
11.7 11.577529
11.999998 12.899009
11.599999 11.688782
11.900001 11.875892
11.900001 11.759241
11.900001 11.785471
12.1 13.001134
14.1 13.683595
11.1 11.195768
11.900001 11.854847
11.8 11.406485
13.364454 12.863942
11.599999 11.554266
11.2 11.240963
11.2 11.246187
11.1 11.136403
11.5 11.573227
11.599999 11.546059
11.400001 11.452852
13.800057 13.602187
11.400001 11.697754
11.2 11.220785
11.900001 12.108212
11.2 11.218465
11.900001 11.306419
12.1 11.4073105
11.999998 11.943371
11.900001 11.870799
11.267491 11.71154
12.757577 12.84546
11.900001 11.985739
11.900001 11.879348
11.2 11.611174
11.1 11.19264
11.900001 11.874082
11.2 11.265451
11.999998 11.966297
11.3 10.599316
11.383997 11.83067
11.900001 11.884641
11.40103 10.780508
11.5 11.55176
11.1 11.198378
11.5 11.808544
11.3 11.493084
11.950048 13.33635
11.599999 11.636181
11.3 11.560619
11.5 11.566223
11.2 11.244431
12.300659 12.459747
11.3 11.247114
12.699998 12.230766
12.699998 12.814059
11.7 11.742611
11.7 11.719071
11.2 11.215347
10.1 10.274959
11.400001 11.359194
11.59621 12.514632
11.400001 11.737586
11.8 11.763521
11.1 11.219107
14.113489 14.084578
12.794648 11.743128
11.2 11.235796
11.900001 12.012694
11.777781 11.780698
11.7 12.433745
11.999998 11.906545
11.900001 11.848667
11.1 11.227411
11.900001 11.822546
11.400001 11.383112
14.400163 14.455543
11.2 11.616249
13.000009 13.0672245
11.900001 11.927
13.427902 12.746909
11.900001 11.872894
11.400001 11.351712
12.899998 12.919309
13.1 13.137489
11.2 11.367091
14.1 13.807427
11.3 11.891098
11.900001 11.878884
11.5 11.314324
10.70206 10.721994
11.3 11.4509
12.599997 13.312589
11.900001 11.737549
10.4 10.569415
10.8 10.717783
11.900001 11.832776
11.2 11.316263
11.1 11.320916
13.200015 12.446343
11.2 11.44842
11.999998 12.164652
11.3 12.002756
11.2 11.271143
11.1 11.549636
11.3 11.691786
11.5 11.803705
11.7 11.687939
11.900001 11.85568
11.8 11.792342
11.2 11.332089
12.299998 12.21041
12.499997 12.122322
11.8 11.703383
11.2 11.152164
11.2 11.289424
11.900001 11.710727
10.622879 10.627899
11.900001 11.855749
11.2 11.265731
11.8 11.823574
11.8 11.413007
11.3 11.2671385
11.7 11.373696
11.8 12.029965
11.2 11.407461
11.5 11.571354
10.1 10.25857
13.000009 12.003148
11.2 11.589599
13.999974 13.863078
11.900001 11.92576
12.199999 12.582967
11.3 11.644136
11.8 11.796944
11.2 11.210088
11.3 11.563676
13.1 13.358792
11.3 11.501963
12.1 11.401733
11.499027 11.576026
11.2 11.206942
11.599999 11.584709
11.1 11.207463
12.199999 11.954212
11.2 11.337036
11.999998 11.951515
11.2 11.366845
11.1 11.23978
11.5 13.578444
14.200179 13.768765
11.1 11.809985
11.599999 11.575812
11.999998 11.934521
14.1 12.918151
12.299998 11.9574585
11.7 11.62957
12.699998 12.273862
11.8 11.785181
13.000009 13.394818
11.55 11.534897
11.1 11.213974
11.1 11.196604
11.400001 11.399053
12.1 11.832991
11.900001 11.682435
11.599999 11.735286
11.2 11.255334
11.1 11.82871
11.1 11.6198635
11.599999 13.741856
12.599997 11.727501
10.555932 10.4116335
11.1 11.391474
11.5 11.597825
11.5 11.534447
12.399998 12.163718
11.999998 12.012349
13.500008 13.231769
11.599999 11.538797
14.700326 13.889438
13.999974 14.057378
11.7 12.310771
11.2 11.481386
11.900001 11.972412
14.329148 14.098622
11.3 11.289402
11.7 11.618514
10.9 10.509421
11.900001 11.87121
11.1 11.090091
11.1 11.179781
11.25 11.417589
14.400163 14.015606
11.2 11.186022
11.2 11.235725
11.7 11.715081
11.599999 11.500277
11.1755495 11.351627
12.599997 12.42905
12.199999 11.936172
11.2 11.229712
11.599999 11.613095
11.599999 11.611637
11.8 11.464746
11.599999 11.535845
11.3 11.859011
10.70206 11.998649
11.400001 11.479908
11.1 11.2822
11.5 11.501213
12.1 12.320573
11.7 14.004008
11.1 11.116383
11.2 11.259642
12.2870865 12.194567
12.799992 12.691774
11.2 11.225834
11.400001 11.426542
12.1 12.108019
11.999998 11.998628
11.1 11.132219
11.900001 11.915484
11.2 11.28412
11.3 11.505917
11.999998 11.896828
11.2 11.540335
11.900001 11.890034
11.1 11.249109
13.307609 13.011077
11.1 11.22227
11.2 11.287872
11.3 11.312481
11.400001 11.235731
12.899998 12.072515
11.1 11.166476
11.351812 11.124635
11.5 11.595196
11.900001 11.837936
11.2 11.254106
12.40103 12.939224
11.8 11.841647
12.799992 11.961165
11.5 11.552848
11.1 11.667202
11.2 11.440478
11.2 11.272761
11.7 11.754807
11.5 11.283849
12.020819 11.690272
12.199999 11.56486
14.1 12.307141
11.2 11.209604
11.8 11.778692
11.400001 11.414665
10.622879 11.99473
11.2 11.26307
11.8 11.843342
11.2 11.258727
11.999998 11.987984
11.1 11.456623
11.400001 11.452905
11.5 11.563131
11.400001 11.413733
13.000009 12.826859
11.900001 11.888864
11.2 11.465394
11.1 11.136654
12.799992 11.876231
11.3 11.264361
12.599997 13.130626
11.900001 11.871037
14.79897 14.698533
11.900001 11.862039
10.1 10.304188
12.699998 13.425561
11.999998 12.783574
11.622879 11.398378
11.900001 11.888609
11.2 11.269251
11.2 11.257362
11.2 11.236677
12.799992 12.089804
11.900001 11.889917
11.3 11.227631
11.2 11.245001
11.2 11.189331
11.5 11.626871
10.652842 11.065206
11.5 11.512106
11.5 11.448519
11.3 11.469898
11.3 11.398388
11.900001 11.933825
11.1 11.145688
11.599999 11.638313
11.1 11.0477495
11.2 11.23674
11.3 11.335184
14.299971 14.266948
11.1 11.673027
11.999998 11.947533
11.2 11.2343645
13.1 13.410346
11.999998 11.823554
11.999998 11.923971
10.622879 14.09499
10.70206 11.414936
11.5 11.862646
11.1 11.171968
11.3 11.295935
11.8 11.777128
11.900001 11.314569
12.810108 13.0927105
11.8 11.401075
11.900001 11.887083
11.3 11.3657
11.1 11.627907
11.8 11.880651
13.699981 12.569235
12.499997 11.822006
11.175721 11.418768
11.999998 11.517515
11.8 11.628374
11.2 11.2297325
11.1 11.25815
11.3 11.319435
12.599997 12.465241
11.1 11.222485
11.5 11.548248
10.1 10.244207
10.4 10.3836
11.3 11.321847
14.500117 14.2749195
11.7 11.612801
11.400001 11.565319
11.5 11.815146
11.999998 11.861914
11.2 11.221075
11.1 11.112589
12.358699 12.599889
11.2 11.392359
11.2 11.253933
11.3 11.647449
11.2 11.260666
11.2 11.238728
13.200015 13.211621
14.40103 12.7710085
11.8 11.844453
12.699998 11.666677
11.1 11.2223625
11.8 11.851523
11.400001 11.653191
11.3 11.635218
10.598941 10.812656
11.3 11.293855
12.299998 12.248276
12.299998 11.946705
11.999998 11.91033
13.699981 13.034656
10.224938 10.262642
10.622879 10.669182
11.8 11.83715
11.8 11.851874
11.40103 11.187601
11.803335 12.384349
11.1 12.073864
12.1 11.961099
11.2 11.776838
11.900001 11.901644
11.1 11.119473
11.900001 11.859872
11.599999 11.8827715
11.7 11.957424
11.7 11.694988
11.599999 11.609455
12.668636 12.760091
12.299998 11.796768
11.599999 11.543079
11.599999 11.582003
11.8 11.498857
11.1 11.216685
11.3 11.352909
12.821246 12.378902
11.900001 11.288402
12.299998 12.358391
11.5 11.3457575
11.900001 11.751181
11.2 11.215233
11.2 11.219985
11.3 11.298202
11.900001 11.855919
11.400001 11.396624
11.2 11.268213
15.1 15.21374
11.999998 11.801445
11.2 11.282473
11.3 11.467786
11.2 11.285679
11.8 11.852803
13.600039 12.656354
13.500008 13.459109
11.2 11.350122
11.1 11.207813
11.2 11.208687
11.3 11.460581
11.222634 11.162136
11.1 11.144191
11.1 11.260345
13.000009 13.502984
12.196367 13.480914
13.307609 12.796266
11.1 11.892344
12.1 11.757251
11.599999 11.594461
11.7 12.249625
11.3 11.243502
11.1 11.188024
11.3 11.307387
12.499997 13.047368
11.3 11.385482
11.599999 11.59152
11.599999 11.566197
11.1 11.237285
11.900001 11.879829
10.70206 10.738619
11.1 11.184393
11.5 11.972887
11.2 11.269657
11.2 11.233022
11.900001 11.95182
13.1 12.58738
11.900001 12.042127
11.392207 11.195654
11.5 11.629093
10.70206 10.723499
12.699998 12.380395
11.7 11.720744
11.900001 12.729066
13.000009 13.829647
11.599999 11.567848
11.2 11.194355
11.3 11.465015
11.400001 11.381107
11.2 11.547333
11.400001 11.408811
11.953872 11.923941
12.299998 11.736526
15.200179 15.075126
11.1 11.123308
11.1 11.431672
11.622879 12.496164
11.400001 11.405804
11.3 11.4113865
11.3 11.5267935
11.7 11.715796
11.2 11.287754
11.400001 11.400633
11.8 11.658234
11.8 11.748666
10.8 10.716024
11.8 11.784332
11.8 11.821133
12.299998 12.235472
13.000009 12.569987
11.2 11.302628
11.8 11.691428
11.1 11.369873
10.622879 10.721088
13.000009 12.911307
11.2 11.259678
11.900001 12.838632
12.415514 12.776393
11.8 11.509727
11.900001 11.880292
11.3 11.4236555
12.19691 11.832282
11.3 11.415164
11.900001 11.836157
13.500008 13.375489
13.399989 12.774585
10.622879 10.65444
12.1 11.967011
13.899971 12.951077
11.8 11.689608
11.1 11.344495
11.599999 11.495857
11.599999 11.502731
11.999998 11.578984
11.900001 11.867831
13.299971 12.690407
11.2 11.270839
12.1 11.971256
13.399989 13.901385
12.299998 12.866302
11.5 11.76295
11.1 11.17321
12.699998 12.737389
11.2 11.277175
11.3 11.680617
11.1 11.2013035
11.1 11.210587
11.5 11.722254
11.8 11.8317585
11.599999 11.331097
11.794648 11.810919
11.5 11.29226
11.7 11.700192
11.1 11.113592
11.7 11.683346
13.999974 12.620426
11.400001 11.21201
13.699981 13.681693
10.1 10.215763
13.800057 13.880911
10.1 9.954568
12.799992 12.915248
11.7 11.716043
11.3 11.4807005
12.899998 12.524636
11.999998 12.077447
11.900001 11.923107
11.900001 11.565452
12.399998 13.812575
11.7 11.911402
11.8 11.814665
11.1 11.364562
11.1 11.189779
11.8 11.818224
11.2 11.322117
11.8 11.8144245
11.8 11.867564
11.400001 11.23433
11.599999 11.680042
11.599999 11.593706
12.299998 13.632735
12.499997 11.92668
13.999974 12.8393755
11.1 11.227136
11.5 11.493453
11.8 11.776943
11.599999 11.596088
11.2 11.3136
11.999998 12.010159
11.8 11.83005
11.8 12.164549
11.7 11.763378
11.3 11.305406
10.516801 10.75705
11.5 11.661058
11.599999 11.515725
11.1 11.300326
11.2 11.385861
13.600039 12.017183
11.900001 11.647606
11.599999 11.598105
11.900001 11.866772
9.978481 10.002182
11.599999 11.629099
11.1 11.289429
11.3 12.331916
11.1 11.175151
13.500008 12.885777
11.599999 11.556089
9.79897 10.027061
11.900001 11.855206
12.1 11.955865
11.8 11.815321
11.3 11.676815
11.599999 12.067911
11.900001 11.924429
11.7 11.730444
12.299998 12.828481
11.400001 11.385217
13.555932 12.690376
12.899998 12.590505
11.2 11.321425
11.8 11.813711
10.5 11.164582
11.2 11.266457
12.299998 11.803054
11.1 11.161066
11.900001 11.899104
12.1 12.028522
11.520216 11.318253
11.1 11.24193
13.299971 12.278664
11.5 11.525528
11.8 11.796743
11.3 11.293404
11.1 11.498023
11.900001 11.940812
11.1 11.218752
10.1 10.715288
11.2 11.255499
11.3 11.459007
11.900001 12.313329
12.499997 11.795857
11.2 11.270367
11.2 11.430975
11.3 11.989281
11.999998 11.753237
11.900001 11.957614
14.200179 13.53152
11.999998 11.994634
13.321849 13.0085125
11.5 12.129828
12.1 11.446402
11.2 11.30779
11.8 11.91611
11.900001 11.879333
11.2 11.292103
11.2 11.240384
13.699981 13.2427225
12.031815 12.408463
11.400001 11.433231
11.2 11.414237
11.1 11.859501
11.900001 12.173386
11.49794 11.550091
11.2 11.238834
11.999998 11.79661
11.599999 11.5121155
11.2 11.460528
11.8 11.891436
11.8 11.854282
11.7 11.749543
11.622879 11.543123
12.799992 12.378613
11.999998 11.977973
12.199999 11.696913
11.7 11.577048
12.299998 12.02014
11.867003 11.371647
10.3 10.348311
12.1 12.849221
11.2 11.296558
11.1 11.350133
13.800057 12.900177
11.900001 11.863562
12.699998 11.595943
11.2 11.236777
11.5 11.410721
11.1 11.271994
11.900001 11.871937
11.2 11.272764
11.900001 11.909188
9.79897 10.285246
12.299998 12.062973
11.2 11.251154
11.2 11.213554
11.1 11.018707
11.999998 12.075689
12.599997 11.481222
11.8 11.777387
11.2 11.1978245
11.5 11.740651
11.900001 11.913619
11.599999 11.992733
11.900001 12.002624
11.900001 11.870455
11.5 11.523071
11.3 11.5011015
12.899998 13.074064
11.1 11.237019
11.1 11.1847515
11.2 11.274059
11.2 11.704703
11.599999 11.575398
12.1 12.456083
11.3 11.445862
9.79897 9.765643
13.321849 13.444345
11.8 11.638861
11.900001 11.890218
11.900001 11.875364
14.200179 13.705808
11.1 11.208057
11.2 11.285981
11.1 11.144935
11.900001 11.875437
11.2 11.214333
11.1 11.208153
9.1 9.186594
11.1 11.189245
11.8 11.830467
12.199999 12.022146
11.5 11.65176
11.900001 11.83487
11.999998 11.892658
11.1 11.742661
11.3 11.293629
11.3 11.345076
11.7 11.787224
10.40103 10.171197
11.599999 11.768932
11.1 11.189558
11.2 11.440804
13.1 13.516362
11.400001 11.320157
13.299971 12.623607
11.79897 11.029197
11.2 11.292267
13.046922 12.679538
11.400001 11.420947
11.900001 12.290571
13.1 11.965462
11.1 11.261059
12.899998 12.443177
11.2 11.226002
11.5 11.490545
11.599999 11.455658
11.5 11.409424
11.900001 11.85
11.2 11.244905
11.599999 11.71217
11.3 11.304689
11.3 11.325227
11.8 11.833082
11.599999 11.825396
11.8 12.334733
11.3 11.315533
12.1 12.112109
11.2 11.277121
11.900001 11.858457
11.2 11.253784
11.3 11.382261
10.622879 10.561647
11.5 11.5566025
10.1 10.851652
11.1 11.21783
12.199999 11.332783
11.1 11.440264
11.5 11.724318
11.5 11.493502
11.3 11.453804
11.999998 11.910566
11.999998 11.923853
11.900001 11.931356
11.3 11.344619
11.1 11.222182
11.900001 11.872818
9.49794 9.518474
12.622879 12.987506
13.800057 12.231001
11.999998 12.33609
11.900001 11.286039
11.400001 11.411353
11.900001 11.392159
12.675118 12.592049
11.8 11.597036
11.8 11.78487
13.000009 12.826634
11.1 11.081133
10.581676 11.112017
12.299998 12.505815
11.400001 11.474354
12.199999 11.859056
11.1 11.212032
11.900001 11.546978
11.7 11.633715
10.9 10.684704
12.699998 12.349226
11.1 11.248415
11.1 11.220351
11.599999 11.650846
11.900001 11.872501
11.1 11.084735
11.2 11.257603
13.1 13.235252
11.8 11.839512
11.900001 11.898428
12.599997 12.0060005
11.1 11.645275
12.299998 12.044418
12.1 11.474307
11.7 11.729897
11.2 11.246948
11.1 11.23405
14.200179 13.580966
12.466532 13.01836
11.102177 12.810061
11.3 11.249262
11.999998 11.740912
11.8 11.765217
11.3 11.374409
11.3 11.232334
11.7 12.490834
11.8 11.788481
11.2 11.220785
10.7 10.724019
11.599999 11.796993
13.399989 13.321169
11.999998 11.9591
11.25 11.303047
12.299998 12.10899
11.900001 11.892753
11.2 11.2127495
12.1 12.389922
11.5 11.520787
11.900001 11.932753
11.2 12.462164
11.668636 11.646966
11.5 11.559635
11.2 11.37548
12.1 13.061978
12.899998 11.785508
11.8 11.8105
11.118531 11.25841
11.006578 11.50364
11.5 11.580119
11.999998 11.585463
14.1 11.456999
13.200015 13.673015
10.40103 10.549182
11.3 11.404371
11.8 12.1515255
11.2 11.275904
12.418758 12.912836
12.799992 12.715081
10.794648 11.610675
11.1 11.205194
11.900001 11.880158
12.79897 13.370353
10.70206 10.726978
11.400001 11.492536
11.2 11.256393
11.999998 11.922022
11.1 11.230373
12.699998 12.02641
10.70206 10.724035
14.500117 14.047284
11.2 11.199396
11.900001 11.399059
11.5 11.663936
11.5 11.800318
13.219187 12.989468
12.370835 14.537248
11.2 11.27081
11.400001 11.22619
11.900001 11.829307
13.321849 13.669997
11.599999 11.514038
12.1 12.1175995
11.2 11.404068
11.400001 11.386915
10.1 11.611651
12.899998 11.731226
11.2 11.277601
11.1 11.264912
11.7 11.925798
11.8 11.854912
11.400001 11.329804
12.799992 12.637223
11.400001 11.98942
11.400001 12.031033
11.599999 11.430922
11.2 11.346028
10.2 10.294937
11.900001 11.832494
11.900001 11.873067
11.7 11.758144
10.1 10.969023
11.1 11.194679
11.2 11.2557535
10.40103 10.871874
11.5 11.592543
11.2 11.277945
11.8 11.865762
11.3 11.41245
11.599999 11.337299
11.3 11.251723
14.1 13.985494
11.8 11.787134
11.900001 12.426524
10.2 10.778597
12.499997 13.309367
14.757577 14.408256
11.59485 12.058039
11.599999 11.652058
11.3 11.3389
10.29382 10.366523
11.3 11.307068
11.1 11.293112
11.1 11.198539
11.999998 11.961952
11.1 11.1394825
11.1 11.190645
11.900001 11.895906
11.599999 11.70332
11.2 11.219404
14.314671 12.668385
11.2 11.67409
11.400001 11.430135
11.1 11.210349
12.599997 13.464068
11.1 11.534188
9.622879 10.10387
11.900001 11.860236
13.1 12.196529
11.900001 11.936582
11.8 11.83634
11.2 11.300543
11.7 12.402099
11.7 11.752489
11.3 11.456259
11.1 11.250356
11.7 11.982447
9.79897 10.07206
11.900001 11.886092
11.8 11.833757
11.2 11.347565
11.1 11.227186
14.299971 13.575022
11.599999 11.45987
11.5 11.660366
11.599999 11.676817
11.1 11.107458
12.010095 12.138433
11.1 11.254784
11.599999 11.593403
11.3 11.262462
11.8 11.734453
11.1 11.110071
12.099998 11.601252
10.7 11.258957
12.799992 11.884238
11.19691 11.228073
11.2 11.274371
11.7 11.7386265
13.399989 12.765565
13.399989 13.55812
11.8 11.946627
11.2 11.203918
11.400001 11.76987
11.400001 11.316962
11.900001 11.963722
11.2 10.823832
11.2 11.542843
12.299998 11.835877
12.199999 11.854244
11.3 11.365801
12.499997 12.353501
11.3 11.313456
11.999998 11.71058
11.1 11.230289
12.1 11.791303
11.2 11.149992
11.999998 12.333762
11.999998 11.996803
11.3 11.487066
11.2 11.985265
11.8 11.789852
13.299971 13.276181
11.7 12.009447
11.5 11.462982
11.2 11.588073
12.1 11.582203
11.140959 11.21787
11.7 11.850468
13.550023 12.240052
14.79897 14.310338
11.5 11.618979
11.3 11.288677
11.8 11.79956
11.1 11.223144
9.79897 9.835289
12.499997 12.22084
11.5 11.554499
11.7 12.909287
11.599999 11.773054
11.1 11.107725
10.70206 10.695884
11.900001 11.859037
11.456548 11.222084
11.3 11.432191
12.058607 12.400098
11.900001 12.188245
11.3 11.49736
11.2 11.348234
13.899971 13.534562
11.2 11.2218685
11.2 11.2741585
11.3 11.362741
10.622879 10.638545
11.2 11.291763
11.1 11.215156
11.2 11.278929
10.70206 10.742644
11.900001 11.881105
11.900001 12.126525
10.89588 10.916671
11.1 11.429315
11.400001 11.728049
11.8 12.107518
11.900001 11.887232
11.2 11.897976
11.404665 11.403401
11.2 11.234598
11.8 11.355034
13.699981 13.869629
11.2 11.443202
13.236677 13.518707
11.2 11.410931
12.299998 12.095705
11.7 12.158698
12.799992 11.822628
11.2 11.244734
11.389741 11.580265
12.622879 11.077927
11.999998 11.97508
11.1 11.209852
14.719789 14.645581
11.3 11.324377
13.000009 12.437002
11.3 11.317691
12.685027 12.695904
12.499997 12.406484
11.900001 11.929884
11.3 11.387043
11.400001 11.428392
11.8 11.369731
11.8 11.742773
11.2 11.318945
11.900001 11.873178
11.900001 11.866072
13.699981 12.864851
11.7 11.755014
10.622879 10.793223
11.400001 11.445033
11.7 11.698455
11.7 11.717418
11.7 11.6781845
10.4 10.211812
13.699981 14.011146
12.1 11.881672
11.7 11.731384
11.900001 11.642424
11.5 11.468803
11.999998 11.924857
13.533231 14.58504
10.622879 10.680019
11.3 11.287
11.1 11.183414
12.799992 12.517325
9.79897 9.826736
11.1 11.149319
11.3 11.392552
11.900001 11.851509
11.7 11.798171
11.900001 11.8452015
11.900001 11.927485
11.1 11.24043
11.999998 11.97769
11.1 11.20379
11.2 11.319171
11.3 11.4511795
13.299971 13.428832
11.2 11.230947
11.3 11.234691
11.3 11.446594
11.900001 11.91227
11.7 11.667306
12.399998 11.798002
11.400001 11.803005
11.7 11.815595
11.400001 11.471436
13.000009 13.327081
12.499997 12.610167
13.000009 13.097774
11.2 11.215755
12.1 12.049562
12.599997 12.291628
11.900001 11.733313
11.1 11.168537
11.12 11.169812
11.8 11.97987
11.3 11.425867
11.2 11.919106
11.622879 11.870739
11.900001 11.557273
11.3 11.255509
11.1 11.112556
11.2 11.223276
12.115923 11.793896
12.429754 12.699021
14.200179 14.143422
11.599999 11.493135
11.5 11.567612
11.2 11.254972
11.2 11.324644
13.500008 12.439977
11.8 11.442875
11.5 12.150999
11.5 11.554569
11.400001 11.862314
11.8 11.928968
11.3 12.392031
11.3 11.54969
11.8 11.80555
9.79897 10.221479
11.3 11.272998
11.8 11.8749695
11.8 12.384501
11.900001 11.897539
11.900001 11.89152
11.2 11.200319
11.242667 11.126669
11.2 11.282604
11.400001 11.485913
10.4 10.268768
12.599997 11.7912
10.4 10.660313
12.1 12.040127
11.2 11.2469425
13.399989 12.657701
11.7 12.205688
11.19691 11.403715
12.899998 12.664976
11.5 11.922741
11.2 11.554763
10.70206 10.743601
11.900001 11.880713
12.199999 12.1009655
11.2 11.23369
11.2 11.31429
11.400001 11.422316
11.599999 11.561419
11.5 11.217394
13.000009 13.3105955
11.599999 11.63156
11.900001 11.922052
11.2 11.197336
13.299971 12.667784
11.3 11.349862
11.599999 11.643664
11.2 11.354339
11.7 11.757187
13.1 13.246927
11.8 11.598791
11.3 11.427084
11.058607 11.13052
11.400001 11.866305
11.2 11.265398
12.599997 12.070671
11.599999 11.755162
11.5 11.452526
11.2 11.319693
11.2 11.194471
11.3 12.014713
11.7 11.561389
11.1 11.253536
11.1 11.29254
11.5 12.320238
11.2 11.227436
11.2 11.214956
12.199999 11.907773
11.2 11.244194
11.8 11.842182
11.8 11.751575
12.1 12.336707
11.7 11.815089
11.5 11.506262
11.400001 11.2539215
11.8 11.833038
11.7 11.407265
13.500008 15.383212
11.5 11.751296
11.599999 11.636343
11.2 11.21936
12.738272 11.4399185
11.1 11.270953
11.7 11.621954
11.900001 12.022954
11.999998 11.881769
11.900001 12.264021
13.699981 13.565432
11.3 11.285542
11.7 11.674316
12.1 12.181944
11.8 12.1157055
12.1 11.96221
11.8 11.5362425
11.1 11.259095
11.2139435 11.331689
11.900001 12.000956
11.900001 11.914211
13.261151 12.535117
11.5 12.339627
11.900001 11.88858
10.7 11.44886
11.8 11.765552
14.200179 13.835005
12.699998 12.362147
10.4 10.645926
11.5 11.562292
11.5 11.438092
11.3 11.352201
13.600039 11.38903
11.923909 12.115694
11.3 11.313201
11.1 11.188503
11.79897 11.717689
12.899998 12.433465
11.3 11.16375
11.2 11.380566
11.2 11.172005
13.850844 13.607193
9.79897 9.861061
11.7 11.766349
11.400001 11.450687
11.900001 11.867975
11.520216 11.138109
11.900001 11.894521
11.5 11.470524
11.900001 11.861164
11.2 11.418676
11.900001 11.820587
11.5 11.742093
12.399998 11.97958
11.900001 12.371814
11.400001 11.382358
11.7 11.649515
12.299998 12.111818
11.5 11.331477
11.400001 11.410775
12.799992 11.559599
11.400001 11.378266
11.599999 11.778667
11.2 11.257225
11.1 11.232483
12.499997 12.0423355
11.900001 11.931584
11.900001 11.87589
11.400001 11.57266
11.900001 11.919189
12.699998 12.066561
11.40103 11.176224
11.2 11.214891
10.618988 10.625032
11.1 11.252338
11.400001 11.248473
13.321849 12.781596
11.8 11.776714
12.299998 12.174018
11.8 11.7958145
11.2 11.224903
11.1 11.206491
11.599999 11.810314
12.299998 12.228302
14.1 14.521102
11.999998 12.191195
11.599999 11.524683
11.599999 11.407899
11.7 11.701901
11.400001 11.75811
11.999998 12.310061
12.1 11.537583
12.799992 12.414496
11.8 11.8124695
10.40103 10.511661
11.599999 11.604617
11.5 11.618568
11.8 11.874958
11.1 11.203363
12.899998 12.70106
12.1 12.146856
11.3 11.368655
11.599999 11.48391
11.900001 11.858589
11.5 11.527926
11.3 11.30682
11.999998 12.014272
11.7 11.706179
11.1 11.234101
11.2 11.254308
13.719789 12.598365
11.999998 12.438327
12.199999 12.300955
11.8 11.749135
11.400001 11.521374
11.8 11.808377
11.3 11.275798
11.2 11.185343
11.5 11.722311
11.1 12.185193
11.900001 11.922998
13.1 12.280266
10.40103 10.3401985
10.1 10.194765
11.5 11.535835
11.1 11.184992
11.8 11.842516
11.999998 11.953368
11.999998 11.879852
10.1 10.282547
10.9 10.661966
12.1 11.418643
11.1 11.216038
11.599999 11.394518
11.8 11.975817
11.2 11.433493
11.2 11.264175
11.599999 11.6449
11.400001 11.353288
11.2 11.282592
11.599999 11.534746
11.1 11.748556
11.3 11.531145
11.900001 11.884213
11.599999 11.552999
11.999998 11.958186
11.999998 11.945596
11.1 11.157274
11.599999 11.577583
13.000009 12.736817
13.699981 12.979617
14.400163 13.432424
11.5 11.621029
11.5 11.417606
11.8 11.689143
11.5 11.506846
11.599999 11.815872
11.5 11.59061
12.199999 11.9973
10.49794 10.604774
11.400001 11.7849045
11.900001 11.650414
11.5 11.583536
11.900001 11.898339
11.900001 12.234182
11.999998 12.5928335
12.1 11.777891
11.400001 11.768904
10.70206 11.879384
11.516017 11.2534895
11.3 11.734863
11.2 11.241535
11.2 11.250896
13.200015 12.956776
11.900001 12.057423
11.900001 11.35056
11.599999 12.29244
11.599999 11.59016
11.1 11.1565695
11.3 11.367771
11.599999 11.590023
11.5 11.74955
12.799992 12.106368
14.299971 13.592252
11.400001 11.401521
11.5 11.529096
12.1 12.023143
11.1 11.198729
11.5 11.761272
11.3 11.322757
11.3 11.406178
11.2 11.2147255
11.528291 11.442043
11.1 11.200321
12.199999 12.006928
11.2 11.247971
11.1 11.166578
11.3 11.386688
11.3 11.2903
11.3 11.378454
11.900001 11.848661
10.622879 10.552248
11.400001 11.403146
12.899998 12.993323
11.5 11.544711
11.1 11.122262
11.5 11.916742
13.1 12.386646
11.900001 11.858138
11.7 11.65666
11.5 11.573249
11.2 11.265442
11.900001 11.925964
11.2 11.311377
11.599999 11.362562
11.2 11.513894
11.900001 11.87401
11.1 11.211336
11.599999 11.611685
11.5 11.515564
10.70206 10.684239
11.2 11.268603
11.3 11.403401
13.399989 13.015369
13.1 13.540963
12.399998 12.711762
11.900001 11.947369
12.699998 13.125476
11.5 11.352854
11.321849 10.963403
11.1 11.243778
11.900001 11.806025
12.399998 11.878483
9.986056 9.973699
11.599999 12.0706625
10.40103 10.646892
11.3 11.3124485
11.2 11.239426
11.2 11.334841
11.8 11.801029
11.1 11.662328
11.900001 12.219005
11.900001 12.232121
11.7 11.7603
11.999998 11.807957
11.2 11.458443
11.8 11.741685
13.200015 13.02493
11.1 11.234777
13.738272 14.049043
11.2 11.249798
11.400001 11.471741
10.56401 10.624034
11.1 11.260091
11.900001 11.897574
12.4372425 12.850229
11.2 11.254353
11.5 11.547839
11.5 11.460396
11.900001 11.81902
11.599999 11.785958
11.1 11.421846
11.5 11.483375
11.7 11.396992
11.2 11.245551
11.900001 11.867822
11.599999 11.818817
11.2 11.213821
11.400001 11.420252
12.499997 12.188447
10.7 10.5653105
11.8 11.781904
13.399989 12.174507
13.200015 13.235717
11.900001 11.876606
11.7 11.604443
11.900001 11.829437
11.2 11.249453
11.7 11.781427
11.2 11.239137
12.814443 12.394179
11.999998 11.845955
11.5 11.566329
11.1 11.224283
11.903272 11.504775
11.5 11.507322
11.400001 11.318533
11.1 11.882776
11.3 11.309853
11.5 11.480478
11.204387 11.253377
10.1 10.525156
14.1 14.045497
11.400001 11.736917
12.699998 12.7996645
13.000009 12.343314
11.5 11.896026
11.5 11.592573
11.2 11.22804
11.400001 11.967982
11.5 11.530014
11.900001 11.907234
11.3 11.5515
11.900001 11.860721
11.2 11.229767
11.1 11.161429
11.599999 11.49361
11.108774 11.217462
11.2 11.306732
11.8 11.829546
11.999998 13.164052
10.1 10.242091
11.900001 11.937456
12.899998 13.528862
11.5 11.638799
11.2 11.86303
11.3 11.503407
12.299998 11.842112
11.3 11.419872
10.2 10.25939
11.8 12.377122
11.900001 11.908684
11.2 11.292341
11.8 11.84531
11.599999 11.899866
11.2 11.317486
11.2 11.307895
12.199999 12.651039
13.000009 12.438678
11.2 11.282247
11.2 11.246674
11.7 11.434985
11.900001 11.857914
11.2 12.574803
11.1 11.174913
11.900001 11.879641
11.2 11.237598
11.2 11.291447
13.299971 13.196965
11.7 11.861929
11.7 11.315232
12.499997 12.843968
11.7 11.634441
11.2 11.309732
11.7 11.692383
14.700326 14.166442
10.622879 10.744194
11.3 11.254959
13.1 11.582672
11.900001 11.831258
13.800057 12.731281
12.199999 11.754598
11.5 11.730403
11.3 11.38963
11.5 11.584864
11.2 12.062763
11.999998 11.366581
11.2 11.764113
11.599999 11.670981
11.8 11.8147545
11.40103 11.669512
11.1 11.204516
13.200015 13.951512
13.899971 12.507993
11.5 11.817265
11.321849 11.33271
12.399998 11.578236
13.138838 12.056881
9.668636 9.748047
12.668636 12.713704
11.2 11.22997
13.200015 12.552426
11.8 11.806013
11.1 11.222134
11.5 11.526054
11.2 11.246326
10.622879 10.913935
12.599997 14.007776
14.8447275 14.610473
11.5 11.619034
12.199999 12.075083
13.299971 12.194648
11.1 11.117807
11.290441 11.113544
11.599999 11.98168
12.199999 11.491195
11.900001 12.049573
11.7 11.762091
13.299971 13.451968
11.5 11.545933
12.499997 11.361265
11.1 11.188913
11.2 11.221578
11.400001 11.38439
11.5 11.611269
12.899998 12.626374
11.999998 11.923187
14.500117 12.98888
12.199999 11.626835
12.1 11.531923
11.7 11.7384205
11.5 11.7068
11.1 11.250215
12.599997 12.841995
11.1 11.271026
13.800057 13.612227
11.2 11.258187
11.900001 11.9154415
11.599999 11.536501
11.7 11.544666
12.799992 11.76333
14.1 12.921506
11.3 11.331274
11.1 12.401502
11.7 11.662518
11.2 11.264189
12.499997 12.156237
14.256437 12.656491
11.8 12.437354
11.599999 12.005327
11.8 12.047676
12.599997 12.553048
10.49794 10.511528
12.299998 11.6888275
11.2 11.28505
11.2 11.903696
11.2 11.4468
13.000009 12.030027
12.399998 11.805245
11.2 11.302995
10.3 10.389274
11.2 11.20739
12.79897 13.975566
11.7 11.8076105
11.900001 11.861855
12.499997 11.977786
11.400001 11.507057
11.3 11.313569
11.400001 11.959978
12.699998 11.684081
11.3 11.394012
11.5 11.4718275
11.900001 11.869953
11.1 11.085686
11.900001 11.949267
11.7 12.382959
11.599999 11.574204
14.700326 14.894779
11.2 11.312185
11.900001 11.900127
11.7 11.756334
12.149998 11.790857
10.9 10.597439
11.5 11.498597
11.49794 11.629009
14.1 13.9585905
11.7 12.058107
10.40103 10.446659
11.5 11.516009
11.3 11.690025
11.900001 11.827698
12.799992 13.209585
12.379841 11.899027
11.900001 11.891745
11.8 11.827728
11.1 11.158794
11.2 11.257086
11.2 11.369811
11.2 11.625831
10.5 10.417744
11.900001 11.865268
13.000009 12.714201
13.800057 13.932345
10.738272 10.825805
13.600039 13.511586
11.599999 11.552469
11.2 11.328059
11.5 11.511681
11.400001 11.344205
11.7 13.922102
11.5 11.600675
11.1 11.186357
12.899998 12.486505
11.400001 11.495107
13.800057 11.4378805
11.1 11.1367
12.699998 13.565776
11.900001 11.928387
13.600039 12.758874
11.3 11.405897
11.400001 11.293253
13.699981 13.463712
12.299998 12.15524
12.020819 12.0165415
11.1 11.279275
13.500008 13.533736
14.1 13.8790865
11.2 11.247434
11.5 11.432022
11.2 11.237674
11.2 11.314708
11.200007 10.481146
13.1 13.500007
11.8 11.759339
11.2 11.243424
14.151198 13.523158
11.7 11.738884
11.1 11.166755
11.8 11.83561
11.2 11.217986
13.000009 13.100567
10.555932 11.317732
11.2 11.2757015
11.2 11.718544
11.5 11.3279705
11.8 11.91083
11.400001 11.486829
11.599999 11.770987
11.2 11.281703
11.2 11.2842655
11.400001 11.424698
11.999998 11.880041
10.5 10.801574
11.8 11.77441
10.622879 10.693146
11.3 11.322025
11.900001 11.911877
10.19691 10.239165
11.2 11.627158
10.637602 10.692013
11.2 11.209944
11.999998 11.920912
11.8 11.735747
12.199999 12.105865
11.5 11.452217
11.999998 11.91563
11.1 11.245062
11.3 11.301973
11.106564 12.154817
11.1 11.3762245
11.3 11.31776
11.3 11.456562
12.15 11.726305
11.1 11.253023
11.999998 11.996809
11.400001 11.484318
11.3 11.421452
10.622879 10.728638
11.5 11.534524
11.3 11.427134
11.8 11.975824
11.900001 11.8383255
12.986056 13.49681
10.2 10.394452
11.900001 11.940306
11.2 11.253711
11.1 11.450028
10.4 10.336873
11.7 11.670529
11.7 11.6703
11.2 11.234808
11.2 11.22961
11.3 11.39614
11.3 11.475107
11.599999 11.667423
11.1 11.189013
11.5 11.534096
13.200015 12.565028
11.881984 11.938328
11.8 11.778481
11.7 11.70895
11.7 11.420255
13.399989 13.449309
11.599999 11.623929
11.2 11.3269615
11.8 11.831852
11.400001 11.466084
11.999998 11.408903
12.799992 12.299393
10.70206 10.696605
10.1 10.469819
12.799992 12.98851
11.900001 11.980055
11.8 11.832874
13.899971 13.152338
10.70206 10.572338
11.999998 12.052123
11.3 11.340459
13.500008 13.191663
11.400001 11.418277
11.2 11.294117
11.900001 11.81773
11.3 11.308817
11.1 11.187295
11.1 11.160264
11.900001 11.832917
12.599997 12.261734
11.3 11.246059
11.8 11.820283
10.7 10.556011
11.900001 12.212234
11.3 11.64608
11.599999 11.815968
10.4 10.606933
11.5 11.515638
11.2 11.291706
11.900001 11.865541
11.599999 12.029311
12.599997 12.422521
11.655955 11.3490095
11.599999 11.547487
11.1 11.342086
11.5 11.578028
11.5 11.605082
11.1 11.214073
11.2 11.271311
11.400001 11.713981
11.2 11.609802
14.500117 13.762387
11.900001 11.960161
13.4372425 12.939201
11.599999 11.390963
13.1 13.637324
11.2 11.286415
12.199999 11.449372
12.499997 12.11296
13.000009 13.207534
11.3 11.608669
12.136212 11.635414
11.5 11.435686
11.5 12.811078
11.5 11.520325
13.500008 13.679124
11.900001 11.9063635
12.1 11.496784
11.400001 11.214375
11.599999 11.423219
11.2 11.291082
11.3 11.513069
14.901343 12.402015
11.1 12.234869
9.893174 9.987156
11.7 11.665979
11.900001 11.879669
11.599999 11.258638
11.2 11.363354
11.8 11.672312
11.8 12.026197
12.199999 12.127833
11.1 11.134956
11.7 11.524637
11.7 11.711361
11.900001 12.319553
11.2 11.229717
13.299971 13.263942
11.1 11.193174
11.2 11.220951
11.599999 11.660766
11.8 11.748476
11.999998 11.520303
11.3 11.271645
9.622879 9.91331
11.7 11.73004
11.5 11.61982
10.336572 10.553784
12.299998 12.203938
10.775512 10.842515
11.599999 11.904763
11.900001 11.87017
10.7 10.281757
12.199999 11.53972
11.1 11.390737
11.5 11.587629
14.901343 14.537541
12.599997 12.940356
11.3 11.280505
11.2 11.235464
11.8 11.865198
11.8 11.827717
11.5 11.553372
11.8 11.789871
12.199999 12.246808
12.172629 12.324932
11.900001 12.02076
11.599999 11.747872
12.899998 13.335864
12.299998 11.996881
11.400001 11.599341
11.1 11.210957
11.400001 12.67748
11.7 11.699659
11.599999 11.582217
11.8 11.686461
13.108774 12.738753
11.5 11.57339
15.299971 15.955962
12.769587 13.24904
12.399998 12.150389
13.399989 12.66097
12.19691 12.337787
11.5 11.345207
14.1 14.141248
13.899971 13.933808
12.020819 11.313982
11.900001 11.869429
11.900001 11.87053
11.8 12.091904
10.224938 10.24698
11.2 11.263056
11.7 11.750243
11.7 11.750269
12.199999 12.247194
10.1 10.327764
10.2 10.232761
14.622879 14.063854
11.7 11.334068
11.3 11.455058
12.399998 12.9908
12.1 11.803779
10.1 10.380266
11.900001 11.904
11.900001 11.890146
12.399998 12.092317
11.599999 11.584534
11.8 11.738148
13.000009 12.206873
12.89588 12.577679
11.5 11.624004
13.800057 13.51592
11.900001 11.825272
11.900001 11.996363
11.999998 11.317827
11.5 11.501738
11.2 11.221279
11.1 11.199681
11.900001 11.877092
11.8 11.809169
11.7 11.589383
11.7 11.245426
12.699998 12.242355
11.599999 11.413315
11.1 11.200975
11.0 10.439384
11.543697 11.756361
11.3 11.386705
11.8 11.605146
11.5 11.55146
12.923909 12.717377
11.999998 12.486675
12.399998 12.274241
11.900001 11.869571
11.18831 11.209475
12.599997 12.29071
11.599999 11.968035
12.1 11.493729
11.400001 11.379922
11.5 11.427704
12.199999 12.0809
13.800057 13.40137
12.599997 11.891361
12.199999 13.365284
11.900001 11.906643
11.3 11.39264
11.3 11.422209
11.307609 11.391063
11.2 11.177858
11.400001 11.281903
10.3 10.483015
10.2 10.340132
11.2 11.297379
10.2 10.420301
11.2 11.240074
11.1 11.193853
13.1 12.374681
13.000009 12.722718
11.900001 11.887857
11.1 11.179508
11.8 11.818829
11.599999 11.667337
11.2 11.268342
12.1 12.124082
12.199999 11.986476
11.3 11.306907
14.299971 13.839304
11.1 11.221891
11.1 11.212608
11.5 11.532504
11.1 11.155418
11.2 11.295076
12.799992 11.656954
13.899971 13.439145
11.599999 11.642531
11.884776 11.858545
11.599999 12.168614
11.3 11.345177
11.1 11.284048
11.599999 11.611828
11.5 11.220829
14.155518 14.377362
11.2 11.263407
11.8 11.753353
11.1 11.299914
11.8 11.816328
11.2 11.222097
11.999998 11.644249
11.400001 11.416976
11.5 11.667383
11.926936 11.843204
11.3 11.300597
11.7 11.263873
11.70206 11.316583
11.1 10.998056
11.1 11.115593
10.9 11.6172695
11.40103 11.689226
11.599999 11.565181
14.1 13.750529
11.1 11.155771
12.599997 12.144099
11.900001 11.921816
11.900001 11.971806
11.900001 11.844503
11.2 11.208582
13.200015 13.40034
11.0 10.721542
11.5 11.535164
12.651294 12.505966
11.5 11.555445
10.8 11.870083
11.400001 11.497746
11.1 11.191484
11.599999 11.67215
12.299998 12.038506
11.8 11.846771
12.317528 11.858192
13.986056 13.020795
11.1 11.189087
12.299998 11.782398
11.2 11.292481
11.7 11.732595
11.2 11.239255
12.199999 12.139088
11.8 11.636427
11.8 11.748484
11.400001 11.284358
11.1 11.182641
11.5 11.493502
11.900001 12.137806
11.999998 11.988268
11.7 11.481293
11.1 11.104409
11.3 11.275962
11.2 11.255521
11.3 11.479114
11.400001 11.403833
10.5 10.58386
11.599999 11.576491
10.1 10.207992
10.1 10.227463
11.5 11.568983
13.399989 12.316939
11.5 11.492711
11.7 11.4889965
13.000009 12.467235
11.2 11.184054
11.1 11.246051
12.199999 11.373291
11.8 11.784535
11.599999 11.573058
12.199999 12.112026
11.2 11.263578
11.599999 11.588517
11.1 11.234215
11.5 11.558069
11.1 11.35033
11.1 11.178004
11.7 11.636286
11.1 11.208216
11.8 11.804045
11.1 11.377544
11.2 11.402908
10.70206 10.727422
11.96328 11.45907
13.500008 12.951901
11.900001 11.867083
11.2 11.2214
11.900001 11.880042
11.1 11.230903
12.299998 12.081564
12.199999 12.063845
11.1 11.166767
11.900001 11.808692
12.399998 13.22861
11.5 11.673941
11.999998 11.90419
12.399998 12.008768
11.2 11.2631
10.622879 10.640959
11.2 11.239519
11.1 11.175899
10.4 10.628195
11.8 11.773336
10.2 10.125109
11.900001 11.904436
14.299971 13.499894
11.7 11.711581
11.999998 11.983215
11.2 11.261963
11.7 12.141501
11.3 11.390001
11.2 11.27258
11.400001 11.475729
11.8 11.821091
11.8 11.843962
10.79897 10.9222
11.3 11.467992
12.299998 12.0122595
11.3 11.443353
13.899971 13.025314
11.8 11.738787
10.6 10.526536
11.3 11.305306
11.400001 11.548233
11.40103 11.358987
11.5 11.556888
10.3 10.335258
13.79897 13.804043
11.599999 11.586405
11.1 11.253334
11.2 11.310068
12.340956 11.978044
11.2 11.219499
11.8 12.484667
11.900001 11.85556
13.777781 14.382199
11.599999 11.594757
11.900001 11.878396
12.420272 11.975564
13.600039 11.897736
12.299998 12.616948
11.2 11.788384
11.400001 11.434196
12.872113 12.091068
11.1 11.183089
13.999974 13.213534
10.89588 10.97271
11.3 11.384821
11.2 11.260479
11.7 12.356271
11.2 11.434127
11.8 11.784356
13.500008 12.984988
11.1 11.383788
11.2 11.257925
12.199999 11.787928
11.900001 11.920042
11.1 11.131111
11.599999 11.58903
10.40103 10.32081
11.2 11.258005
13.600039 11.28298
11.900001 11.864621
11.2 11.444148
11.8 11.595396
11.2 11.405084
11.2 11.484734
11.2 11.252487
11.9680605 11.77115
11.7 11.638752
11.400001 11.784708
11.1 11.191291
14.600313 14.309876
13.581486 13.468272
11.1 11.200221
10.555932 10.443998
11.2 11.360801
11.2 11.2920685
10.759556 10.910149
11.2 11.266082
12.577556 11.914858
11.8 11.579337
11.1 11.165344
11.599999 11.647171
12.899998 12.282572
13.399989 13.022336
11.40103 11.517471
11.1 11.129765
11.5 11.346724
11.2 11.226412
11.999998 12.152796
11.3 11.381758
11.1 11.253462
14.200179 13.749837
13.1 13.098885
11.622879 11.972542
11.900001 12.084377
11.900001 12.200619
11.900001 11.808778
15.1 14.722714
11.2 11.275726
11.2 11.309609
11.2 11.256285
11.1 11.303493
11.599999 11.786389
11.999998 11.977821
11.400001 11.756974
11.5 11.589822
11.1 11.217468
11.7 11.576151
11.900001 11.886251
13.1 13.295177
11.400001 11.4000225
11.2 11.264067
11.7 11.690739
11.5 11.490402
11.1 11.325734
12.299998 11.973528
13.321849 12.283291
11.1 11.242731
11.900001 11.89328
11.7 11.643311
11.1 11.169154
11.7 11.71026
11.900001 11.986816
13.600039 11.796266
11.8 11.764637
11.900001 11.848507
10.2 10.322605
12.299998 13.210206
11.400001 11.490102
12.299998 11.964847
11.5 11.452786
10.4 11.462553
12.199999 11.64371
11.8 11.802482
11.900001 11.817623
11.400001 11.749846
11.3 11.45141
11.3 11.841604
11.8 11.745398
12.399998 13.38772
10.7 10.721884
11.2 11.237109
11.8 11.797613
11.1 11.252625
11.5 11.529231
11.8 11.5821705
12.1 12.01783
11.3 11.345112
11.599999 11.4460335
11.2 11.220216
11.8 12.065926
11.8 12.620831
11.719789 11.39659
13.299971 11.232918
11.3 11.313714
11.1 11.166895
12.699998 13.234359
11.45 11.5589075
11.668636 11.668697
13.40103 13.280316
11.900001 12.063471
11.1 11.192491
11.1 11.147469
12.899998 12.749096
11.2 11.256092
11.400001 11.419683
11.4335785 11.353221
11.1 11.32003
11.2 11.228253
11.3 11.290293
11.999998 12.055017
11.999998 11.889839
11.254902 14.080077
11.400001 12.15076
11.900001 11.908238
11.3 11.2759
11.65 11.522449
10.8 11.46493
12.799992 11.902067
11.2 11.441261
11.5 11.621637
11.999998 11.753341
11.400001 11.44216
11.900001 11.859509
11.2 11.315905
15.219187 14.404972
11.5 11.668509
10.622879 10.693756
11.2 11.297246
11.2 11.457321
11.3 11.317039
11.8 11.963788
11.7 12.227642
11.3 11.35436
10.40103 10.388641
11.599999 11.62525
11.3 11.332115
11.2 11.059728
11.400001 11.440341
12.1 11.856213
11.999998 12.139802
11.3 11.322157
11.900001 11.887667
11.1 11.161172
11.2 11.263632
11.1 11.2069435
14.500117 13.894066
11.400001 11.588519
11.5 11.462658
11.2 11.2159195
11.3 11.32911
10.5 10.842942
11.5 11.503324
11.900001 11.879315
10.70206 10.699517
12.399998 11.963608
10.66225 11.610056
12.175721 11.905224
11.8 11.861449
14.299971 13.616599
11.599999 11.562079
11.2 11.268469
11.5 11.901611
11.900001 11.853773
12.599997 11.575697
11.3 11.531292
11.926936 11.884352
11.8 11.831623
13.299971 13.163189
11.599999 11.698643
11.5 11.249968
13.999974 13.752372
13.048454 13.479175
11.1 11.152081
11.3 11.404102
11.1 11.153431
11.3 11.360989
11.1 11.193378
12.1 12.0827675
12.628708 12.898219
11.7 11.733542
11.7 11.673285
11.49794 11.479638
11.75 11.488475
11.900001 11.882382
11.8 11.747812
11.599999 11.5580435
13.299971 12.783786
11.599999 11.886841
12.199999 12.078499
11.2 11.224997
11.8 11.777432
11.999998 11.890844
11.7 11.677538
11.2 11.204981
11.8 11.769633
11.400001 11.407982
11.599999 11.6257305
11.1 11.206521
11.8 11.791805
11.8 11.590324
11.7 11.445409
14.500117 13.878173
11.2 11.25728
11.8 11.762077
11.900001 11.875303
12.112837 11.25256
12.199999 12.128756
11.1 11.828627
11.8 11.761396
11.49794 12.232752
11.3 11.336559
11.5 11.558933
11.3 11.358798
11.3 11.302016
11.3 11.301831
11.7 11.74921
11.900001 11.983528
11.5 11.496141
11.3 11.303539
11.900001 11.845892
11.5 11.533581
12.899998 12.63394
11.5 11.553118
14.500117 13.891388
11.599999 11.574942
11.1 11.2014675
13.600039 13.645539
11.1 11.35243
11.599999 11.561431
11.2 11.307708
11.5 11.565064
11.400001 11.297796
11.999998 11.962341
11.1 11.226443
13.738272 13.845071
11.7 11.453132
11.3 11.368343
11.3 11.922815
11.599999 12.522353
13.200015 13.3352
11.1 11.290972
11.2 11.276086
12.685027 11.950785
11.900001 11.891501
11.7 10.5293865
11.5 11.5510845
11.2 11.35186
11.900001 11.879844
11.8 11.841236
11.400001 11.19708
12.199999 12.0413
11.900001 11.912015
11.599999 11.767546
11.900001 11.846831
11.79897 11.488243
11.400001 11.470136
11.15 11.4737835
11.400001 11.335719
12.028118 11.600646
12.299998 12.021233
12.299998 12.2646
11.999998 11.930187
11.3 11.34766
10.622879 10.745823
11.2 11.269312
11.999998 11.621702
14.500117 13.729204
11.3 11.438832
11.8 12.588212
11.3 12.00492
11.7 11.619816
11.900001 11.9165745
11.2 11.328272
11.900001 11.956186
11.3 11.322431
12.399998 11.883413
12.299998 12.149574
11.5 11.498063
11.900001 11.749971
10.3 10.991611
10.49794 10.569133
11.900001 11.868711
11.1 11.213179
11.900001 11.84328
11.599999 11.900772
11.344125 11.399971
11.2 11.26807
11.400001 11.521177
11.5 11.575716
11.999998 12.212096
11.400001 11.603477
11.400001 11.55515
12.6934595 13.71194
11.3 11.381682
11.2 12.71283
11.400001 11.43958
11.1 11.474499
11.999998 11.906515
11.1 11.438217
11.2 11.202942
11.599999 11.766027
11.1 11.173793
11.5 11.556924
13.000009 12.524123
11.5 11.544488
11.1 11.280729
11.2 11.361962
13.600039 13.636682
11.8 11.993242
11.8 11.2539425
10.70206 10.73254
13.1 13.1153145
13.399989 13.720468
11.2 11.332116
11.3 11.360758
11.599999 11.699637
14.901343 14.617699
11.7 11.5138235
11.599999 13.041825
11.1 11.213446
11.2 11.207946
12.299998 12.233879
11.2 11.295413
11.2 11.266588
11.900001 11.887295
11.1 11.19187
11.1 11.200302
11.2 11.313883
12.699998 12.719939
11.999998 12.122656
11.900001 11.837995
14.100029 13.738637
11.2 11.32262
11.599999 11.595308
11.900001 11.862486
11.5 11.54467
11.2 11.277977
12.699998 12.595399
11.719789 11.79428
11.900001 11.901781
11.599999 11.500455
11.7 11.734107
13.000009 12.690987
13.600039 13.295515
11.999998 11.9306755
10.3 10.410574
12.199999 12.703805
11.2 11.32832
9.890485 9.997222
11.599999 11.647983
11.3 11.501037
11.400001 11.441729
11.5 11.638793
12.899998 12.9254
11.999998 11.945726
11.29382 11.2913265
11.3 11.768101
12.299998 11.905896
11.175305 11.244392
12.599997 12.272852
11.3 11.277756
11.2 11.267
10.1 10.179807
13.999974 13.997678
13.1 12.705714
11.5 11.387465
11.599999 11.687073
11.900001 11.838591
11.999998 11.963799
11.2 11.311482
11.1 11.27802
11.2 11.780556
11.3 11.328847
11.1 11.158866
11.356133 11.323847
11.1 11.193562
11.7 11.597137
12.499997 12.264927
11.1 11.078022
13.299971 12.746749
13.79897 13.679862
11.599999 11.602063
11.400001 11.46557
11.900001 11.87999
12.299998 12.10227
11.900001 11.887453
13.000009 13.249429
11.999998 11.985814
11.7 11.697388
11.3 11.423735
12.1 11.17595
11.1 11.161057
10.622879 10.646602
11.2 11.378842
13.1 12.790027
12.199999 11.874306
11.1 11.172932
14.49794 15.026889
11.2 11.31277
11.2 11.321461
11.8 11.8290825
11.900001 11.913779
11.900001 11.856003
11.7 11.611058
11.8 12.057611
11.7 11.798592
13.000009 12.049442
12.499997 12.266079
11.321849 10.920849
11.3 11.390503
12.899998 12.000083
11.599999 11.866579
11.5 11.566315
10.40103 10.785985
11.8 11.741274
11.999998 11.909636
12.799992 12.972226
11.7 12.530232
11.900001 11.869999
11.400001 11.458672
11.2 11.233538
11.2 11.235269
11.1 11.196761
11.7 11.648675
11.900001 11.9996805
11.400001 11.474572
11.7 11.705408
11.900001 11.843983
11.999998 11.43429
12.899998 12.866189
11.8 12.132206
10.2 10.183789
11.3 11.372708
13.1 13.729104
12.199999 12.333163
12.46955 12.33096
10.5 11.065208
11.599999 11.483271
10.5 10.308882
11.1 11.188691
11.900001 11.869959
11.5 11.353802
13.600039 13.0746355
11.3 11.274747
11.900001 11.672363
11.3 11.489209
11.1 11.169597
11.5 11.529396
12.899998 12.683105
11.2 11.39545
11.599999 11.575596
11.999998 12.2483425
12.799992 12.939753
12.699998 12.528906
11.1 11.86815
11.1 11.17527
11.1 11.155382
11.1 11.240637
11.3 11.303186
13.000009 12.210397
11.1 11.200579
11.8 11.823531
11.400001 11.500813
11.2 11.283088
11.999998 11.435413
11.7 11.7387
13.500008 12.502675
11.3 11.299849
11.999998 11.668446
11.8 11.65727
10.145758 10.238597
11.900001 11.285613
11.900001 11.724332
11.5 11.668249
10.7 10.835211
11.8 11.912317
11.900001 11.771693
11.2 11.229355
11.8 11.97845
11.8 11.817001
11.400001 11.45163
11.999998 11.873613
12.6867 12.383898
11.900001 12.008034
11.1 11.517473
11.599999 11.374895
11.1 11.248671
12.599997 11.9918375
11.2 11.262189
11.7 11.659482
12.899998 14.005368
12.199999 12.011201
11.2 11.357969
12.499997 12.3453245
11.8 11.602484
11.1 11.225691
12.699998 11.949462
11.900001 11.842319
15.299971 15.147593
12.299998 12.148235
11.1 11.159826
11.999998 11.94372
11.8 11.684547
12.199999 11.809477
10.2 10.216411
10.3 10.362841
11.1 11.201162
13.81627 13.170239
10.5 10.452718
11.599999 11.272089
11.900001 11.328588
11.3 11.442242
11.2 11.28039
11.79897 12.120804
12.199999 11.7882185
12.923909 11.300061
11.400001 11.617441
11.1 11.13764
11.1 11.155313
10.40103 10.993768
11.2 11.382801
11.3 11.477841
11.2 11.255268
11.8 11.357312
13.800057 13.290124
12.199999 11.296022
11.900001 11.884918
10.2 10.4103155
11.8 11.831801
15.200179 15.052333
11.1 11.24516
11.1 11.216786
11.3 11.309037
11.400001 11.30897
11.2 11.666698
11.3 11.691338
11.7 11.689377
11.400001 11.415941
10.224938 10.269308
11.400001 11.446892
11.8 11.811951
11.400001 11.413817
11.400001 11.523334
11.900001 11.820589
11.2 11.483229
14.299971 15.074804
14.299971 13.374474
11.400001 11.433657
11.3 11.36132
11.599999 11.658834
11.1 11.5418
11.8 11.803839
11.400001 11.368222
11.900001 12.028477
11.2 11.28627
10.1 10.344405
11.3 11.171755
11.1 11.098634
11.900001 11.417879
12.399998 11.521811
11.2 11.345827
11.8 12.160289
11.2 11.319811
10.1 10.24546
11.900001 11.893188
10.5 10.576359
13.65752 11.296329
11.3 11.284233
11.2 11.271652
11.1 11.181595
11.2 11.272602
11.2 12.425394
11.8 11.801822
11.400001 11.551733
11.2 11.39257
11.1 11.241049
11.2 11.252092
11.1 11.142078
11.1 11.095243
14.834261 14.56499
11.5 11.392841
11.400001 11.445399
11.400001 11.528848
11.7 11.728195
11.900001 11.896032
11.2 11.216394
11.599999 11.632002
11.5 11.254998
12.950003 12.530395
12.699998 12.142414
11.7 11.829986
11.7 11.738831
12.799992 11.8000555
14.108774 14.203414
11.2 11.189027
10.1 10.104178
11.2 11.4884405
11.2 11.331005
11.3 11.319486
10.40103 10.375619
12.899998 11.807285
11.923909 11.097544
11.2 11.27313
11.400001 11.476854
11.70206 12.542156
11.1 11.190901
13.800057 12.7066965
11.2 11.263363
11.400001 11.28999
11.2 11.245838
12.199999 12.1597
12.399998 11.957003
13.1 11.810394
10.622879 10.743281
11.1 11.167126
12.899998 12.553933
11.8 11.787334
11.900001 11.875285
11.2 11.91432
11.900001 11.882763
11.3 11.305484
11.999998 11.940275
11.5 11.539715
11.2 11.204229
12.199999 12.295185
11.599999 11.825952
11.400001 11.848663
11.487216 11.916542
13.487216 13.46558
11.1 11.266764
11.7 11.995768
11.7 11.708841
11.599999 11.653986
11.1 11.206578
12.399998 12.421124
11.900001 11.835161
11.599999 11.693925
11.400001 11.414207
12.499997 12.582728
12.499997 11.901541
10.40103 10.891023
11.2 11.434133
11.900001 11.889091
11.2 11.449938
11.1 10.737239
12.1 10.6622
11.900001 11.851131
11.7 11.692276
11.5 11.473941
11.999998 12.06055
11.8 11.8273
12.307609 12.109275
12.699998 12.742347
13.953872 13.816544
11.5 11.531345
11.3 11.273765
11.2 11.432639
12.199999 12.060802
12.00309 12.05987
11.3 11.518102
11.599999 11.587961
13.200015 12.481082
11.2 11.24556
12.668636 12.693656
10.622879 10.833893
11.3 11.262161
11.2 11.312815
13.668636 11.587462
11.8 11.816633
10.8447275 10.871796
11.6867 12.694452
11.5 11.896091
11.1 11.249025
11.900001 11.667028
11.2 11.22903
12.1 11.586326
12.393091 11.912624
10.40103 10.602504
11.900001 11.906256
12.599997 11.434367
11.3 11.67944
11.1 10.605631
11.1 11.176766
11.1 11.202406
11.5 11.504377
10.3 10.377794
12.699998 11.685949
11.3 11.3624525
11.3 11.362882
10.1 10.169029
11.2 11.243598
10.7 10.678471
11.1 11.17234
11.3 11.327108
13.1 12.065651
10.8 10.706583
11.7 11.682072
11.3 11.324405
11.2 11.251741
10.224938 10.228879
11.1 11.243506
11.1 11.775043
13.000009 11.721642
13.180922 13.124843
11.1 11.208105
11.3 11.405101
11.900001 11.868069
11.7 11.808851
12.193092 12.176905
11.2 11.2653055
11.2 11.268623
11.5 11.65707
11.3 11.302713
12.799992 13.02397
11.599999 13.750894
11.1 11.132908
12.299998 12.43099
11.1 11.277554
11.2 11.266706
11.8 11.465178
11.2 11.343967
11.400001 11.402004
11.7 11.902462
14.500117 13.240543
11.900001 11.745877
11.5 11.514904
11.49794 12.173426
13.899971 13.448059
11.2 11.168053
11.2 11.349672
11.1 11.053296
11.280072 11.278454
12.499997 13.291471
11.2 11.233155
11.5 11.555384
11.49794 11.546898
11.1 11.149602
11.2 11.340813
12.1 11.98022
11.732644 11.587006
13.299971 13.028013
11.900001 11.847766
11.668636 12.069792
11.599999 11.809931
11.2 11.225872
10.40103 10.51615
11.999998 11.927374
11.1 11.301555
11.2 11.769566
11.2 11.209522
11.2 11.258492
11.599999 11.654114
11.1 11.5438385
11.900001 11.882262
11.7 12.298943
11.400001 11.445204
11.8 11.758439
11.2 11.282011
11.400001 11.493772
11.5 11.524559
11.5 11.627453
12.1 12.10625
12.599997 12.978036
12.1 12.168764
11.400001 11.561731
11.1 11.449253
13.399989 13.582762
11.999998 11.641306
11.599999 11.528458
11.3 11.475246
10.70206 10.751682
11.2 11.252365
11.400001 11.9449005
11.1 11.234599
11.900001 11.938743
14.145758 14.495818
11.599999 11.690531
11.2 11.233175
11.8 11.822193
12.299998 11.776039
11.8 11.7834425
11.2 11.376549
11.7 11.508859
11.999998 11.787916
11.900001 11.873688
11.999998 12.001536
12.1 11.956894
11.599999 11.60322
12.599997 12.693853
12.499997 12.023796
12.199999 11.829776
11.599999 11.435466
11.599999 11.608642
10.935647 10.803301
11.7 11.682427
11.999998 11.573978
10.2 10.404135
11.5 11.530775
11.175305 11.318763
11.1 11.244179
10.40103 10.181039
10.4 10.438071
11.2 11.427178
9.986056 9.976647
11.3 11.379492
12.699998 13.498824
11.400001 11.490567
11.2 11.285522
11.400001 11.629288
11.2 11.277632
11.079304 12.038195
11.1 11.324392
11.1 11.166012
11.2 11.232094
11.999998 12.06397
11.1 11.718181
11.900001 11.888133
12.599997 12.664222
11.2 11.467274
11.900001 11.9081135
11.400001 11.533242
11.599999 11.930325
10.79897 11.195211
11.2139435 11.405836
11.2 11.51593
12.299998 11.604731
11.400001 11.492766
12.577345 12.281377
11.1 11.506707
11.7 11.771275
11.1 11.315535
11.2 11.249539
11.8 11.771883
13.500008 13.298184
11.8 11.578497
11.2 11.268913
13.899971 13.184485
12.599997 12.244898
12.699998 13.8919
11.400001 11.756375
11.3 11.363761
11.599999 12.128026
12.29382 12.99171
11.3 11.339518
11.1 11.175915
11.999998 11.960965
11.1 11.81456
11.900001 11.93886
11.900001 12.42323
12.799992 12.920727
11.2 11.434038
12.299998 12.336248
12.299998 12.09597
11.900001 11.925204
11.2 11.294109
11.2 11.304299
11.8 11.780152
11.3 11.280415
12.699998 12.42066
11.7 12.02286
11.7 11.733093
11.1 11.272143
11.1 11.304623
11.7 11.631675
11.3 11.758667
11.5 11.558863
11.999998 12.067048
11.599999 11.642181
11.900001 11.86968
12.899998 12.336972
11.1 11.102154
13.699981 13.317038
12.519075 12.824354
12.499997 12.039683
11.2 11.267379
11.900001 11.878405
11.3 12.465404
11.599999 11.638021
11.2 11.442495
11.1 11.161114
12.699998 12.543035
12.899998 11.329197
11.5 11.380865
12.699998 13.019397
11.599999 12.078926
11.400001 11.474459
11.2 11.205442
11.599999 11.693366
11.900001 11.879051
11.2 11.344758
12.599997 13.3671055
11.900001 11.921008
11.2 11.254164
14.400163 14.58718
11.1 11.10787
11.900001 11.925587
10.1 10.206688
11.3 11.883278
11.3 11.230266
11.2 11.265808
10.3 10.355093
11.2 11.273709
11.2 11.253024
11.2 11.226536
12.699998 12.071919
11.5 11.56857
11.2 11.26882
11.3 11.396929
11.5 11.595696
11.599999 11.348728
11.1 11.87269
12.399998 11.715068
11.999998 11.965443
11.2 11.193155
11.5 11.452996
11.5 11.588007
11.400001 11.675678
11.599999 11.6436825
11.1 11.135868
9.40103 9.356756
11.900001 11.87549
11.1 11.2656555
11.652842 11.363766
11.900001 12.627124
11.5 11.580767
11.900001 12.519175
11.1 11.146257
11.7 11.724278
11.2 11.424189
11.2 11.286552
11.2 11.235365
11.900001 12.761716
11.900001 11.902334
11.8 11.751765
11.400001 11.205236
12.986056 12.792291
11.1 11.222181
11.900001 11.893
11.2 11.231726
11.953872 12.324212
11.3 11.281187
11.8 11.973308
10.5 10.327654
11.3 11.397793
11.599999 11.517815
12.5 12.167673
11.7 11.735678
13.1 12.649084
11.400001 11.422487
14.500117 13.773055
12.520216 12.639537
11.8 11.600308
11.900001 11.82069
11.2 11.235905
11.900001 11.889422
11.1 11.276734
11.599999 11.569341
11.2 11.525912
11.7 11.674628
11.1 11.18649
13.899971 14.273472
11.599999 11.563252
11.2 11.244926
10.70206 10.72418
11.900001 11.922679
11.3 11.313517
11.900001 11.850571
11.3 11.79583
11.1 11.193274
11.5 11.291775
11.400001 11.2891865
11.2 11.61947
11.3 11.26659
12.199999 12.672969
11.900001 11.951132
11.8 11.783509
11.1 11.114503
11.2 11.244482
11.3 11.253746
12.299998 11.384634
12.1 11.722412
11.900001 11.898691
11.400001 11.460462
11.1 11.795898
14.79897 14.538272
11.1 11.245813
10.8 11.022787
12.499997 12.807882
11.2 11.181428
10.40103 9.979256
11.400001 11.445331
11.999998 12.524556
13.600039 12.724863
11.498559 11.861063
12.299998 12.46313
11.2 11.298961
11.1 11.162914
11.1 11.195683
11.3 11.367379
11.999998 12.281807
11.999998 11.939095
12.199999 11.720089
11.7 11.47379
11.2 11.79397
11.3 11.465937
11.5 11.839228
11.900001 11.866456
11.2 11.177339
11.2 11.295125
11.1 11.215313
13.1 12.591603
10.738272 10.86141
9.49794 9.522443
11.5 11.569547
11.2 11.32953
10.9 11.385473
11.1 11.235184
11.7 11.91802
11.3 12.695285
11.3 11.456913
10.622879 10.680093
12.499997 12.322946
10.9 10.754246
11.900001 11.900917
11.400001 11.872175
11.900001 11.89341
11.1 11.198219
11.8 11.616766
11.599999 11.256813
11.599999 11.573442
11.3 11.36454
11.900001 11.965607
11.5 11.320957
11.400001 11.385519
11.999998 11.489164
11.3 11.42882
11.599999 11.5830145
11.1 11.435392
11.5 11.538119
11.8 11.839975
11.1 11.902646
11.900001 11.871021
12.399998 12.090483
11.7 12.036208
11.900001 11.888595
11.1 11.153946
11.2 11.192509
12.199999 12.034194
12.316096 12.772133
11.400001 11.635889
12.299998 12.57101
11.400001 11.496003
11.2 11.3028755
12.299998 11.380656
11.3 11.489934
11.2 11.539742
11.329148 11.569845
11.2 11.294064
11.2 11.245923
11.1 11.157553
11.1 11.261238
11.7 11.763399
12.520216 12.516039
11.2 11.289579
11.999998 11.878426
11.2 11.250159
11.900001 11.793985
11.599999 11.765621
11.900001 11.895488
13.600039 13.452724
13.399989 12.375326
13.357275 13.573918
11.7 12.25009
11.5 11.4198885
11.818967 11.815748
11.900001 11.8384495
12.299998 11.838824
11.1 11.254944
13.200015 13.050187
12.299998 12.191623
10.5 10.528664
13.1 12.792148
12.199999 12.095982
12.599997 12.082729
11.400001 11.467393
11.599999 11.650945
11.999998 12.128637
11.900001 11.9474945
13.000009 12.819381
11.3 11.2144375
11.7 11.866452
11.531798 13.728946
10.8 11.035329
13.699981 13.149276
13.299971 12.633066
11.1 11.201313
11.2 11.292702
11.2 11.255251
11.900001 11.917265
11.900001 12.222176
10.49794 10.783357
11.2 11.274625
10.1 10.165238
11.400001 11.4446
11.7 11.784649
11.599999 11.600315
12.799992 11.927467
11.599999 11.608685
14.1 14.162236
11.8 11.821569
11.900001 11.881241
10.622879 10.672422
11.2 11.246012
11.1 11.207478
12.599997 12.553777
11.900001 11.823464
11.900001 12.119406
11.8 11.89217
10.1 10.662471
11.5 11.213508
11.5 11.588831
10.1 10.7447195
10.4 10.34395
11.3 10.972824
11.900001 11.4091015
12.1 11.542037
10.1 10.267935
12.999629 13.038447
11.2 11.258415
11.2 11.292948
11.599999 11.360437
13.1 13.571914
11.999998 11.967819
12.430683 12.314863
11.400001 11.7642
11.1 11.203751
12.499997 12.711547
11.381802 11.41525
11.5 11.562237
11.900001 11.845383
11.900001 11.974413
10.1 9.990732
11.2 11.268835
11.5 11.462606
11.999998 11.470998
11.900001 11.883977
12.788246 12.10918
11.1 11.315859
11.5685215 11.578352
11.5 11.533672
11.2 11.210141
13.200015 12.532571
11.2 11.338718
11.3 11.299875
12.799992 12.70356
11.2 11.258851
11.7 11.697929
11.8 11.407518
11.5 11.679813
11.3 11.370624
11.999998 11.934519
12.199999 12.04951
11.7 12.222048
11.2 11.178831
11.3 11.292719
11.7 11.716795
11.599999 11.576166
11.400001 11.437401
11.1 11.522852
11.1 11.214502
10.49794 10.760203
9.9642315 10.5739765
12.199999 11.815051
11.599999 11.622829
14.018398 12.961101
11.7 11.422048
11.2 11.269672
11.2 11.237978
11.900001 11.761591
11.3 11.41737
11.3 11.37084
13.200015 12.160187
11.1 11.163454
12.847147 12.500491
11.599999 11.511072
11.7 11.675343
11.4809065 11.72582
10.70206 11.126539
11.0 10.411058
11.2 12.145839
11.599999 11.209082
12.299998 12.140444
11.3 11.33806
11.2 11.2368555
11.999998 11.938196
11.900001 11.843468
11.8 11.793594
11.2 11.246014
12.399998 12.093366
11.1 11.1766615
11.5 11.500774
11.2 11.231785
11.1 11.113837
13.299971 13.7818
11.2 11.138019
11.2 11.240715
11.999998 11.94541
11.79897 11.760186
11.2 11.341103
12.699998 12.342605
11.900001 12.201159
11.1 11.160864
13.800057 13.078727
12.799992 12.196006
11.400001 11.508787
11.5 11.551605
11.1 11.2194605
11.2 11.340894
11.1 11.254564
14.400163 12.544086
12.299998 13.042485
12.799992 12.144517
11.900001 11.873127
11.900001 11.880707
12.499997 11.999727
11.900001 11.90332
11.1 11.182425
11.599999 11.215589
11.5 11.466006
12.299998 12.600734
11.175305 11.269566
11.599999 11.519638
11.336572 11.245146
11.900001 11.890367
11.1 11.165747
11.3 11.249509
11.5 11.515574
13.1 13.149814
11.599999 11.627308
11.400001 11.355168
11.3 11.318387
12.723423 13.044575
10.2 10.600473
10.70206 10.719986
12.899998 12.831107
11.1 11.256254
12.299998 11.984895
11.2 11.227124
11.5 11.571727
11.3 11.631498
11.2 11.257216
11.599999 11.117543
11.3 11.412501
11.5 11.348978
11.599999 11.828068
12.299998 11.859006
12.199999 12.000448
13.466532 13.41887
13.520216 13.639644
11.1 11.27742
11.900001 11.958035
11.599999 11.543589
10.40103 10.524378
13.600039 12.777703
11.999998 11.93396
11.2 11.200181
14.500117 13.42287
11.2 11.276584
11.7 11.827637
11.7 11.74194
11.5 11.593866
12.899998 12.58641
11.900001 12.478566
13.399989 11.829152
12.1 11.656714
11.8 11.761526
11.5 12.081135
11.900001 11.568044
11.599999 11.667276
12.1 11.588104
11.3 11.411055
11.400001 11.322842
12.299998 11.90111
11.8 11.877823
10.40103 11.978191
11.2 11.286694
11.3 11.816855
11.2 11.500341
10.70206 10.734433
12.099998 12.752149
12.30831 12.421088
9.890485 9.970455
14.299971 14.487542
12.899998 12.723733
10.668636 10.636165
13.000009 12.2114315
12.1 11.999771
11.2 11.735599
12.299998 12.482163
11.2 11.279993
12.399998 11.738993
11.2 11.32094
11.5 11.847032
11.2 11.313861
11.2 11.248515
11.2 11.564358
11.1 11.2987795
12.499997 12.235972
13.1 12.468209
11.900001 12.058968
11.8 11.843792
13.1 12.018518
10.4 10.371499
11.3 11.346667
11.2 11.239046
11.900001 11.845756
11.3 11.33972
11.900001 11.872038
11.900001 11.894983
11.400001 11.557972
13.1 13.832797
11.1 11.288708
10.70206 10.711948
10.00309 11.123137
11.8 11.720443
11.400001 11.409697
11.2139435 11.275969
11.599999 11.879504
11.8 11.800942
9.79897 10.276808
11.2 11.247419
11.1 11.186015
12.986056 13.441418
11.400001 11.369343
12.799992 12.319124
11.2 12.422754
11.999998 11.384265
12.1 12.287981
11.3 11.250823
11.7 11.239172
11.5 11.600103
11.5 11.561827
13.000009 12.132124
11.7 11.742607
11.5 11.306616
11.3 11.397479
11.1 11.126413
11.7 11.287886
13.500008 13.872721
10.9758215 10.8484335
12.699998 13.115992
11.900001 11.873828
12.189909 12.750076
11.999998 12.44578
11.058607 10.441904
11.5 11.289164
11.900001 11.98328
11.5 11.488906
11.3 11.278629
11.599999 11.644399
13.1 12.628584
10.622879 10.936177
11.1 11.164717
12.499997 12.505919
11.1 11.173796
11.3 11.430451
11.3 11.310307
11.2 11.217987
11.2 11.215481
12.668636 12.32153
11.900001 11.678717
13.299971 12.23584
10.70206 10.692581
12.299998 13.100453
10.1 10.085196
11.2 11.252436
11.3 11.380607
11.1 11.254109
13.800057 14.25603
12.199999 11.746659
11.7 11.754074
13.652842 13.554391
11.2 11.237579
11.1 11.216117
11.999998 11.860373
11.3 11.580936
11.1 11.161077
11.017215 11.608794
11.2 11.264936
11.900001 11.866489
12.599997 12.0696335
12.699998 11.701475
11.5 11.379938
13.800057 13.912764
11.2 11.188468
11.3 11.523621
12.799992 13.197356
11.2 11.263758
12.499997 12.422381
11.5 11.173967
10.6 10.593952
11.999998 12.044686
12.199999 12.155634
14.1 14.151116
11.8 11.812995
11.2 11.172645
11.599999 11.760226
12.1 12.0180235
11.7 12.063776
12.899998 13.450297
13.600039 12.900301
11.900001 11.956795
11.999998 11.919701
11.599999 11.41162
14.1 14.456042
11.400001 11.394945
11.2 11.346926
12.399998 11.44558
12.1 11.719103
11.1 11.19769
12.5685215 12.627492
11.999998 11.95681
11.400001 11.37525
11.0 10.924721
11.1 11.207409
11.900001 11.924928
10.19691 10.211067
11.900001 11.999274
11.3 11.412396
11.3 11.248268
11.900001 11.889317
10.1 10.31293
9.70206 9.707516
11.2 11.278683
11.999998 11.914095
11.1 11.206909
11.2 11.248911
11.1 11.245876
11.7 12.38409
11.999998 11.926517
12.399998 12.105923
11.435792 11.469198
11.999998 11.946745
11.400001 11.3687525
11.900001 11.947022
13.40103 13.9781885
11.8 12.768256
11.7 11.717063
11.8 11.780647
11.2 11.250951
11.582672 12.320451
11.3 11.490061
11.1 11.5162945
11.5 11.683946
11.8 11.759724
11.5 11.36517
11.3 11.27796
11.1 11.252193
11.921121 11.81982
12.199999 12.110037
11.599999 11.572578
11.7 11.726404
11.254902 11.286002
11.400001 11.427927
11.3 11.303567
11.8 12.124102
11.2 11.2825165
11.5 11.4771185
11.1 11.150588
11.400001 11.374135
11.3 11.313688
12.399998 13.056763
11.599999 11.307061
11.8 11.830595
12.599997 11.834027
10.1 10.191792
11.599999 11.552593
11.999998 11.907988
11.400001 11.902706
11.900001 12.060811
11.900001 12.034971
12.022269 12.062782
11.1 11.1289
11.3 11.29039
11.2 11.277537
11.1 11.177898
11.1 11.507481
11.8 11.983986
10.9 11.155577
11.2 11.225063
12.199999 12.063717
11.999998 11.96232
11.400001 12.244683
11.2 11.264328
11.1 11.387142
13.543697 13.724588
11.900001 11.8704815
12.699998 12.885487
12.499997 12.237287
11.400001 11.4074745
11.5 11.756913
15.400163 14.648156
11.1 11.362654
11.2 11.311754
11.2 11.231968
11.1 11.220991
11.1 11.233484
11.2 11.3770275
11.999998 11.459991
10.40103 10.740294
11.1878605 11.246883
11.5 11.510331
10.79897 11.016701
13.999974 13.949872
10.40103 10.721638
11.1 11.199339
11.400001 11.461092
11.900001 11.900875
11.999998 11.545824
11.2 11.293509
11.2 11.307808
11.2 11.275486
11.5 12.183711
11.2 11.268681
11.900001 11.75566
11.599999 11.340038
11.028118 11.188474
11.400001 11.367369
12.199999 12.187609
11.7 12.324291
11.1 11.230532
11.1 11.2281
12.79897 13.490322
14.496618 15.009794
13.1 12.432218
11.400001 11.56824
11.3 11.317966
11.8 11.821221
11.3 11.283719
11.999998 14.44476
11.3 11.436359
11.1 11.175224
11.999998 12.072115
11.599999 11.394922
11.3 11.382489
11.7 11.42448
11.400001 11.438541
11.999998 11.981129
11.3 11.4821205
12.499997 13.207931
10.8 11.011158
11.5 11.695737
12.199999 12.240339
11.2 11.233875
12.599997 12.47656
11.8 11.809217
11.3 11.327746
11.1 11.720328
12.399998 11.840743
12.899998 12.570735
11.3 11.336602
12.399998 12.111152
10.40103 10.580534
11.5 12.151959
11.400001 11.365528
11.3 11.395897
11.3 11.45591
12.1 11.82543
12.1 11.674346
11.1 11.219217
12.1 11.945687
11.5 11.512277
11.8 11.826115
10.2 10.329124
11.5 11.523308
10.122276 10.133827
13.299971 13.503539
11.8 13.367454
10.1 11.601441
11.2 11.297259
11.999998 11.73706
11.435792 11.3273945
11.3 11.484116
11.400001 11.425428
10.1 10.832888
11.900001 11.9895525
12.799992 12.4261055
11.8 11.800049
11.2 11.219143
11.999998 11.960123
11.5 11.356193
11.2 11.262014
11.3 11.318459
10.70206 10.910686
12.499997 11.830205
12.799992 13.062835
11.599999 11.693896
12.399998 11.798155
11.900001 11.891796
11.3 11.23161
14.59485 14.727939
14.186186 14.20895
11.1 11.280576
11.599999 11.809233
10.4 10.416792
12.1 11.947503
11.2 11.254342
11.2 11.440753
13.15061 11.615271
11.900001 11.944532
11.999998 11.927123
11.3 11.43457
11.900001 11.90563
11.999998 10.592456
11.400001 11.438974
12.1 12.360362
11.3 11.309011
14.79897 14.26326
11.900001 11.859142
11.966461 12.111318
11.7 11.262132
11.7 11.605613
10.76294 10.419103
11.7 11.59282
11.2 11.292129
11.900001 12.089912
11.7 11.750431
11.599999 11.419172
11.900001 11.8627205
11.1 11.249426
11.1 11.208439
11.5 11.601073
13.399989 13.25252
11.1 11.220375
11.267491 11.068732
11.5 11.369849
12.899998 12.792344
11.900001 11.851441
11.1 11.193682
12.491108 11.810016
12.299998 12.1401005
10.70206 10.720664
11.684318 11.706989
11.3 11.336413
11.3 11.28561
11.3 11.466757
11.900001 11.868288
11.900001 11.876002
11.1 11.107724
13.321849 13.2083845
11.400001 11.45583
11.3 11.32032
11.900001 11.887208
13.399989 13.332752
11.8 11.590344
11.2 11.294807
11.1 11.122826
13.622879 13.466908
11.900001 11.938165
11.2 11.260356
11.900001 11.403553
11.900001 13.153951
11.5 11.568879
11.1 11.136215
11.5 11.486685
11.3 11.346897
11.40103 11.070888
10.5 10.693514
11.5 11.512311
11.7 11.770842
11.2 11.439646
11.7 12.201402
12.699998 12.874558
11.599999 11.57259
11.543697 11.633128
12.367606 12.158037
11.900001 12.181171
11.2 11.54472
11.3 12.055479
11.8 11.889248
11.400001 11.413849
12.043096 12.020499
11.4413 11.667902
10.8 10.866466
11.2 11.300825
11.2 11.837822
13.399989 12.703693
14.79897 14.537339
12.799992 13.234251
11.1 11.258146
11.900001 11.868378
11.3 11.41527
11.400001 11.501466
12.299998 11.845346
12.228427 11.516244
10.5 10.681518
12.299998 12.074241
11.321849 11.462408
10.685027 10.998819
11.2 11.285456
11.900001 11.862108
13.1 12.398136
12.906876 12.208731
11.8 11.841375
12.622879 11.992127
11.599999 11.650526
11.2 11.313118
11.1 11.985384
14.40103 13.012555
13.314671 12.337098
11.5 11.548245
11.599999 11.626411
12.299998 12.139299
11.2 11.37483
10.40103 10.436586
12.299998 12.360614
11.2 11.264132
11.999998 13.992916
11.7 11.691352
12.699998 12.815869
11.1 11.1978035
11.1 11.127295
14.999629 14.003457
11.2 12.198706
11.999998 11.853418
11.3 11.414018
11.599999 11.895192
11.599999 11.898063
11.2 11.243345
11.1 11.143078
11.999998 11.931849
11.8 11.83457
12.1 12.2046385
13.399989 12.80512
11.599999 11.99332
11.400001 11.48654
11.999998 11.91384
11.7 11.68396
11.1 11.482053
13.600039 13.866444
11.999998 12.074944
11.900001 11.793485
12.399998 11.93668
11.8 12.023678
12.719789 12.140089
11.900001 11.9115305
11.1 10.926328
10.1 10.095318
11.1 11.194616
11.900001 11.849535
12.299998 11.935355
11.900001 11.898353
12.1 11.493692
11.2 11.3978195
12.899998 12.43919
11.5 11.53294
12.199999 12.115017
11.1 11.158838
11.2 11.2824545
11.2 11.196586
12.499997 12.166838
11.900001 11.900378
11.1 11.242008
11.2 11.5722475
11.599999 11.904468
11.599999 11.684059
11.1 11.423342
12.199999 11.640827
10.5 10.776772
11.2 11.304002
11.3 11.304644
13.3174305 12.755336
12.399998 11.425717
12.499997 12.314214
11.400001 11.567506
11.2 11.194025
11.1 12.3844385
11.7 11.7361355
11.1 11.127565
11.8 11.733267
11.7 11.658264
10.8 10.940336
11.622879 12.570162
11.7 11.73481
10.2 10.232869
11.1 11.133724
11.7 11.60651
12.299998 12.191018
10.622879 10.598347
11.5 11.584788
11.900001 11.7671385
11.5 11.53066
11.2 11.301184
11.1 11.511164
11.599999 11.798759
11.1 11.202329
11.900001 11.916237
11.8 11.43842
11.1 11.194355
11.5 11.433016
11.2 11.265122
11.900001 11.869623
11.8 11.773855
10.1 10.62505
11.599999 12.005452
11.1 11.163454
11.3 11.3509655
11.8 11.753248
11.8 11.690432
11.5 11.654538
13.488122 13.326535
11.900001 11.850178
11.8 11.82341
12.199999 11.884877
10.7 11.337601
11.3 11.377327
11.5 12.007719
10.40103 10.591843
11.999998 11.9737425
11.900001 11.921953
11.2 11.302868
11.400001 11.456009
11.1 11.244362
11.0 11.89913
11.599999 11.752087
14.180922 14.184028
11.40103 11.056326
12.199999 11.682383
10.1 10.867872
11.3 11.444877
13.299971 12.891586
11.5 11.493672
11.1 11.05649
10.70206 10.719309
11.3 11.496655
11.2 11.272028
11.900001 12.689757
11.1 11.2906
11.2 11.215119
12.1 11.94222
11.2 11.343225
11.599999 11.479465
12.299998 12.037635
13.600039 13.0610485
11.900001 11.598452
11.0 10.848091
13.699981 13.025726
11.999998 12.165027
13.1 12.33885
11.900001 12.4059515
12.499997 13.286609
13.892513 14.711611
13.117729 12.981742
11.7 11.419075
11.3 11.377556
11.8 11.786442
11.1 11.368104
14.1 14.341655
11.5 11.452691
12.399998 13.635573
11.400001 11.515471
11.599999 13.603858
11.900001 11.708232
11.900001 11.910307
11.5685215 11.854555
11.1 11.15259
13.600039 11.977073
11.2 11.399261
11.900001 11.8455925
11.2 11.213702
11.599999 11.589026
11.900001 11.566317
11.8 11.862858
11.923909 12.037183
11.5 11.306253
10.4 10.538883
11.3 12.003946
11.1 11.166235
11.999998 11.924109
13.694213 13.865027
12.599997 12.588189
11.8 11.824456
11.3 11.684607
11.7 11.693051
11.7 11.7554655
11.3 11.291459
11.1 11.161521
11.1 11.226465
12.299998 11.761033
11.7 12.449956
11.599999 11.596516
11.8 12.481387
11.599999 11.6184025
10.6 10.612019
10.49794 10.705267
11.8 11.7937565
11.900001 11.863544
11.599999 11.251236
11.400001 11.428831
11.7 11.795193
11.3 11.459375
12.399998 12.107448
10.6 10.846493
11.5 11.574565
11.392429 11.203737
13.155518 12.935176
10.7 10.607479
10.1 10.13142
13.500008 13.394806
11.2 12.256959
11.2 11.3049755
11.8 11.721068
11.900001 11.973633
12.299998 13.088557
11.5 11.512812
10.8447275 10.897797
10.637602 11.454591
11.599999 11.672852
11.5 11.726711
11.400001 11.423052
11.400001 11.394514
11.2 11.294716
11.599999 11.710492
13.999974 12.138447
11.3 11.65037
12.1 11.886415
11.1 11.118732
11.599999 11.62417
13.899971 13.345487
11.2 11.2249565
11.1 11.158277
11.900001 11.94816
11.2 11.34959
11.2 11.272566
11.400001 11.41292
12.299998 11.2289915
11.5 11.412023
11.2 11.549555
11.1 11.356968
11.7 13.149468
11.8 11.785839
11.1 12.244354
11.5 11.2193165
11.2 11.239802
12.499997 11.810779
11.599999 11.554242
11.900001 11.882111
11.3 11.329433
11.7 11.603523
11.8 11.549042
10.4 10.312024
11.1 11.08359
11.2 11.250423
11.7 11.719112
11.3 11.463242
11.8 11.851829
11.1 11.263739
11.400001 11.524971
11.900001 11.836885
11.400001 11.384046
10.1 11.415997
11.3 11.327925
11.7 11.665825
11.5 11.592308
11.2 11.327335
11.599999 11.55211
11.2 11.302351
11.2 11.239101
11.59485 11.253816
13.1604805 13.15858
13.600039 12.0473
12.757577 12.459501
12.399998 12.413426
11.8 12.136834
13.1 12.956757
10.757577 10.690245
11.1 11.381409
11.900001 11.901498
10.70206 11.246468
11.900001 11.711643
13.200015 12.995442
11.7 11.262246
11.2 11.249401
11.5 11.247924
11.8 11.793922
11.2 11.311321
11.1 11.204069
11.999998 11.755969
11.453596 11.835115
12.399998 12.55428
12.1 12.713822
10.1 11.162664
14.1 10.872836
10.622879 10.747955
11.400001 11.474997
12.599997 11.89359
12.27437 12.103577
13.399989 12.108341
9.79897 9.883217
11.599999 11.693791
11.1 11.229716
12.699998 12.729558
11.1 11.205624
10.49794 10.826904
11.1 11.185584
11.2 11.253216
11.8 11.815682
11.2 11.229492
15.1 14.902642
11.400001 11.413305
12.199999 12.376465
11.3 11.257012
11.351812 11.294647
11.2 11.296438
11.900001 11.870303
11.5 11.52181
11.599999 11.666321
13.1 12.787982
11.2 11.410939
11.900001 11.860627
11.2 11.292144
12.399998 12.696689
11.900001 11.864349
12.499997 12.054283
13.40103 13.242425
12.299998 12.176823
11.599999 11.488949
11.3 11.362826
11.2 11.190018
12.199999 11.96836
12.418758 11.342261
11.3 11.306952
11.400001 11.281309
12.104364 12.048835
11.3 11.355025
11.400001 11.477169
11.1 11.182687
13.986056 14.078994
11.8 11.821564
11.900001 11.8893
10.70206 10.698778
12.399998 12.00126
11.3 11.479414
11.599999 12.376536
11.599999 11.613604
11.400001 11.383374
11.2 11.512879
11.599999 11.620084
11.8 11.756798
12.344125 11.671337
11.1 11.55736
13.399989 13.6142
12.899998 12.83087
11.2 11.256447
11.7 11.663414
11.400001 11.383743
11.7 11.771099
12.799992 12.897144
11.8 11.834735
11.400001 11.750863
10.59485 10.490377
11.3 11.250311
11.2 11.4896965
14.600313 13.72803
12.899998 12.5689535
10.953872 10.797674
11.599999 11.765238
11.400001 11.551127
11.5 11.293862
13.299971 13.906483
11.599999 11.276768
13.200015 12.978229
11.7 11.439498
11.2 11.279908
13.19691 13.23087
12.299998 11.827013
12.1 11.394495
11.900001 11.875038
12.399998 11.397242
10.8447275 11.6254
11.2 11.350605
11.8 11.785614
11.5 11.556934
11.5 11.9000845
13.00309 12.883302
11.599999 11.477887
11.2 11.260636
10.79897 11.142029
11.19691 11.396991
11.2 11.239533
11.900001 11.917051
12.799992 12.400284
11.7 11.763812
11.1 11.171094
11.8 11.952694
11.599999 11.703973
11.999998 11.738911
11.999998 11.970804
11.5 11.522133
11.900001 11.886642
11.2 11.229346
11.8 11.791954
11.900001 11.910678
11.3 11.304257
12.1 11.444149
11.1 11.151677
11.1 11.176157
11.3 11.415688
11.5 11.513269
12.299998 12.214148
11.2 11.316576
11.4372425 11.279205
11.1 12.474373
10.8 12.037703
11.622879 11.53018
11.599999 11.601341
11.1 11.222661
11.8 12.653424
11.1 11.162787
11.3 11.363888
11.1 11.19397
14.600313 14.165604
11.1 11.1152725
11.999998 11.975985
12.199999 12.387203
11.1 11.185167
12.299998 12.334323
11.2 11.25468
13.000009 12.721599
12.199999 12.5560255
11.599999 11.576124
11.7 12.580061
11.1 11.184412
11.5 11.553402
11.2 11.279532
11.5 11.5289135
11.2 11.267395
11.2 11.2569685
11.400001 11.425781
11.400001 11.371833
10.1 10.084183
11.7 11.771221
15.1 14.808255
11.599999 11.676561
11.1 11.193533
11.1 11.148554
12.399998 11.481449
11.999998 11.918617
11.3 11.451938
11.747817 12.025665
11.400001 11.629089
11.8 11.86087
13.299971 13.098382
11.900001 12.129791
11.7 11.694675
11.999998 11.938818
12.19691 12.46674
11.1 11.442434
11.193093 11.247247
12.299998 11.3704195
11.218616 10.77876
11.1 11.233178
11.2 11.83694
11.1 11.209158
13.000009 13.358373
12.1 11.730214
11.2 11.320043
11.1 11.220127
11.900001 11.859167
11.1 10.898453
11.900001 11.920736
12.1 12.135774
11.3 11.347402
10.3 11.557592
11.1 11.249708
11.7 11.881655
11.2 11.343804
11.8 11.852121
11.400001 11.471099
11.2 11.2190695
11.8 11.815673
11.2 11.258951
11.2 11.353659
11.7 11.695381
13.300659 13.281835
11.3 11.367198
11.79897 11.593829
11.3 11.370122
10.79897 10.949313
11.999998 11.992677
11.49794 11.544331
11.2 11.690375
11.900001 11.425992
11.900001 11.8563
11.8 11.784216
11.1 11.1801605
11.8 11.419378
11.1 11.068754
12.199999 11.969673
11.2 11.417847
11.2 11.225254
12.581486 11.728857
11.543697 11.546429
11.900001 11.6596985
11.900001 11.799579
11.5 11.465087
11.1 11.17451
11.1 11.201364
12.899998 13.395732
11.2 11.266928
11.8 11.819702
11.1 11.149406
11.2 11.391223
9.79897 10.223234
13.1 12.388994
12.581486 13.103137
11.400001 11.403421
11.900001 11.896873
11.900001 11.854028
11.2 11.30762
11.3 11.270931
11.900001 11.875292
11.1 11.194639
11.2 11.271888
11.1 11.248007
11.5 11.558098
11.1 10.994072
12.299998 12.044619
11.5 11.262727
13.1 13.176855
11.7 11.748191
11.2 11.280189
11.1 11.222312
11.599999 12.165106
11.2 11.161974
12.531798 12.064199
11.900001 11.958004
11.1 11.210972
11.3 11.524003
12.499997 12.201126
11.900001 11.843658
11.5 11.26523
11.2 11.281332
11.923909 11.708185
11.8 11.813698
11.3 11.291269
11.1 11.255629
11.8 11.889415
11.5 11.540247
11.900001 11.533051
11.3 11.514505
12.199999 12.241716
10.5 10.549581
10.6 10.807711
14.299971 13.49207
11.7 11.716535
11.1 11.251857
11.8 11.7986965
14.949485 14.132101
11.7 11.631017
11.8 11.719245
11.2 11.308533
11.400001 11.482836
11.1 11.182809
11.1 10.918725
11.3 11.558496
12.599997 11.99387
11.5 11.50761
11.7 11.511177
11.3 11.427059
11.3 11.453314
12.466532 12.741443
14.200179 11.610481
11.3 11.387258
11.2 11.66911
11.1 11.466711
10.1 10.69101
11.2 11.967914
11.3 11.408019
11.900001 11.885931
11.3 11.74581
11.3 11.267033
11.599999 11.701672
11.400001 11.42206
11.340546 11.287903
11.652842 11.824367
13.1 12.778973
11.8 11.85136
11.2 11.263103
12.020819 13.481761
11.900001 11.831649
11.900001 11.844063
12.1 11.631426
11.599999 11.446023
11.900001 11.923273
12.399998 11.589406
14.441478 14.612725
11.3 11.323817
11.999998 11.968085
11.999998 11.915704
11.999998 12.000598
11.900001 11.825579
11.1 11.185861
11.599999 11.62421
11.599999 12.156862
11.2 11.320231
11.8 11.799725
11.8 11.811674
13.699981 12.714369
11.3 11.326803
11.7 11.666302
11.3 11.580992
11.2 11.360456
11.2 11.31328
9.79897 10.246614
11.3 11.247784
11.2 11.256974
10.622879 10.582545
12.799992 12.438035
11.317054 11.372978
11.8 12.45532
11.7 12.306036
12.499997 12.292866
11.5 11.49124
11.2 11.248146
11.1 11.263055
11.1 11.099414
11.400001 11.515994
11.2 11.25976
11.999998 12.231579
12.699998 13.46381
12.199999 11.83139
11.599999 11.826122
13.899971 13.122544
14.869551 14.709786
13.299971 13.215183
11.599999 11.524878
11.400001 12.009378
11.8 12.003458
12.599997 12.055532
12.1 11.880518
10.40103 10.888359
12.299998 12.184174
10.272631 11.530245
11.2 11.636726
11.900001 11.881634
11.400001 11.418747
11.999998 11.88097
11.1 11.216048
11.1 11.173062
11.7 11.66848
10.1 10.307369
11.2 11.300605
12.599997 13.294587
13.869551 12.7953825
11.3 11.29122
11.3 12.034226
11.599999 11.662609
11.999998 12.470831
11.8 11.745983
12.799992 12.477105
13.200015 12.660819
11.8 11.817581
11.1 11.317049
11.5 11.588079
11.400001 11.5736
11.2 11.295145
13.899971 13.272596
11.7 11.784103
11.2 11.5924635
11.3 11.486596
11.2 11.241722
11.5 11.499868
11.5 11.5133705
11.3 11.564135
11.599999 11.718406
11.2 11.740276
11.8 11.786116
11.2 11.063205
11.5 11.470515
11.3 11.28818
11.1 11.267618
11.40103 11.390827
11.900001 11.887058
11.8 11.773699
12.199999 12.457784
11.7 11.699856
11.2 11.104296
11.1 11.242147
11.8 11.636995
11.3 11.280441
10.622879 10.654657
13.399989 13.781473
11.2 11.226923
11.1 11.14496
11.8 11.776229
11.8 11.841332
11.1 11.227494
10.40103 10.520809
11.2 11.313876
11.19691 11.044765
14.1 14.00496
10.020819 10.246614
13.699981 13.89861
11.5 11.442017
11.2 11.257233
11.2 11.277868
11.999998 12.321467
11.70103 11.72678
11.900001 11.871652
11.1 11.162517
11.1 11.122158
12.191515 12.379811
11.599999 11.554655
11.8 12.162601
11.5 11.373932
11.8 11.527359
11.8 11.865395
13.299971 12.981333
11.400001 11.400931
11.5 11.755904
11.900001 12.069918
11.1 11.824615
11.999998 11.972195
12.399998 12.319189
11.2 11.291179
11.3 11.290306
12.779854 11.409212
11.900001 11.922146
11.3 11.342819
11.5 11.725209
11.8 11.792347
11.400001 11.52933
11.2 11.250586
11.1 11.164833
11.3 11.361364
11.8 11.879117
11.5 11.539513
11.641513 11.608695
11.2 11.2624035
11.1 11.087449
11.1 11.208557
11.400001 11.369274
12.399998 12.266523
12.499997 12.143213
14.29897 14.255296
10.6 10.572061
11.5 11.593136
10.98941 11.233761
11.7 11.800194
11.3 11.404474
11.3 11.415964
11.2 11.155045
11.999998 11.952381
11.203953 11.248302
11.1 11.371687
11.900001 11.810621
11.599999 11.450012
11.1 11.147324
11.900001 11.833276
11.599999 11.65066
11.2 11.250456
11.2 11.196655
12.599997 12.053106
11.2 11.25542
11.900001 11.867674
11.175305 11.242952
12.299998 11.597324
11.900001 11.867575
11.2 11.568894
11.5 12.105958
11.900001 11.844313
12.1 12.072911
11.599999 11.672896
11.5 11.5357
11.5 11.519244
11.738272 12.252192
10.40103 10.913046
11.5 11.938491
11.7 11.750651
11.7 11.203345
11.2 11.242834
15.500117 14.855794
10.608639 10.61427
11.2 11.248676
11.2 11.218933
11.7 12.084105
11.2 11.300087
11.1 11.194162
11.2 11.242479
13.800057 12.627931
11.5 11.922052
11.8 11.745124
11.8 11.774266
11.8 11.72962
11.2 11.664346
11.400001 11.423584
13.800057 13.882167
10.1 11.042438
11.2 11.271561
11.49794 11.871847
11.400001 11.524509
11.599999 11.562692
11.2 11.908176
11.869551 11.7568445
11.2 12.442331
11.2 11.378959
11.2 11.187804
11.2 11.242525
11.2 11.296805
11.999998 11.904972
11.3 11.395175
13.800057 14.383074
11.999998 11.840165
13.062573 12.861287
11.900001 11.874605
10.40103 10.328217
11.400001 11.603578
12.699998 11.797514
11.2 11.237041
11.5 11.5104265
9.79897 9.885924
11.2 11.25226
10.49794 10.618404
11.900001 11.90506
11.19691 10.935516
11.2 11.213087
11.599999 11.290824
11.400001 11.397078
11.599999 11.581371
11.900001 11.922476
12.1 11.9818325
11.2 11.266823
11.2870865 11.287148
12.199999 12.146857
11.999998 12.003365
11.999998 11.499268
11.599999 11.640875
13.899971 13.414587
11.5 11.677859
10.3 10.350639
12.1 11.880894
10.5 10.912588
11.8 12.068947
11.2 11.509138
10.923909 10.9092655
12.699998 12.797713
11.900001 11.590201
10.1 10.2179985
11.599999 11.850054
11.999998 11.9365
11.900001 11.87103
11.547423 10.536539
12.499997 13.026765
13.1 13.614659
10.40103 10.419154
11.999998 11.660266
11.8 10.968267
11.2 11.2708645
12.1 11.742069
12.499997 12.107223
14.446788 14.2903595
13.000009 13.312394
11.900001 11.93416
11.7 11.693201
11.1 11.589784
11.900001 11.874816
11.2 11.248282
11.5 11.563848
11.2 11.6867695
11.2 11.269747
11.1 12.217199
11.1 11.152
10.1 10.077505
11.7 11.736166
12.923909 12.866607
11.599999 11.681029
11.2 11.249561
11.2 11.770539
12.499997 11.204773
11.599999 11.370246
11.599999 11.672871
12.199999 11.960276
11.1 11.623
10.1 9.882156
11.3 11.366039
14.200179 13.954858
11.3 11.304776
11.2 11.406763
9.79897 9.812941
11.7 14.015586
11.8 11.608022
11.8 11.809905
13.427902 13.795748
11.2 11.3084755
11.999998 11.642306
11.8 11.780003
11.900001 11.903712
12.399998 12.338668
11.1 11.206604
11.2 11.338345
11.3 11.388007
10.8 11.375578
10.49794 10.669783
11.400001 11.29129
11.3 11.243942
11.8 11.719126
11.8 11.8184395
11.8 11.78056
11.8 11.62303
13.999974 13.130246
10.70206 10.700537
11.900001 11.8695755
12.299998 13.469152
11.1 11.192395
12.536519 12.671408
11.5 11.360598
11.8 11.53253
11.400001 11.255229
11.8 11.914784
11.900001 11.946871
11.1 11.268508
13.062573 12.483534
11.900001 12.05684
11.999998 11.48078
11.900001 11.884865
11.8 11.791355
11.3 11.3125
10.4 10.604832
11.3 11.989323
11.2 11.305372
11.2 11.283699
11.2 11.616413
10.777781 10.259027
11.3 11.468863
11.7 11.479765
11.5 11.520961
12.799992 12.198349
11.900001 11.864069
11.3 11.32703
11.155518 11.387903
11.7 11.740548
11.3 11.353825
11.400001 11.484818
11.7 11.666447
11.7 11.899019
11.2 11.260963
11.2 11.296294
11.1 11.203904
11.900001 11.863978
11.900001 12.332656
10.79897 10.791748
12.499997 11.922143
10.19691 10.230081
10.7 10.947484
11.7 11.68063
11.1 11.389836
11.400001 11.415173
11.2 11.32272
12.399998 12.56941
11.8 11.854039
12.1 11.868863
11.900001 12.092874
12.399998 11.318553
11.900001 11.866928
11.5 11.564889
11.1 11.266514
11.900001 11.881893
11.3 11.571421
11.2 11.196939
10.7 10.770321
13.600039 14.04099
11.543697 11.572296
11.900001 11.593056
11.30135 11.278036
11.2 11.291851
11.020819 11.733569
11.5 11.350152
11.2 11.204121
10.1 10.270141
13.8447275 13.142831
11.5 11.52565
11.2 11.3461
11.207893 11.337507
13.520216 13.443053
11.3 11.357818
10.3 10.319633
11.1 11.139177
11.7 11.597277
12.299998 11.639807
11.400001 11.342023
11.1 12.243745
12.1 12.374258
10.1 11.14266
11.2 11.237417
12.899998 12.83199
12.399998 11.519463
11.8 11.503496
11.3 11.431291
10.49794 10.48229
11.2 11.302711
11.2 11.669854
11.599999 11.774818
11.2 11.264937
11.5 11.814054
12.299998 11.765102
11.1 11.149961
11.194204 11.25363
12.199999 11.7892475
12.199999 11.682271
11.599999 11.582853
11.7 11.699022
11.254902 11.231684
11.400001 11.406679
11.7 11.801102
11.1 11.357577
13.608639 12.7699
10.3 10.400995
11.900001 11.36563
11.2 11.211695
12.699998 12.019044
11.2 11.262284
12.299998 12.454682
11.400001 11.38688
11.7 11.710251
11.3 11.362755
11.599999 11.545304
13.800057 13.151228
11.8 11.657787
11.8 12.029377
10.8447275 10.498892
11.3 11.452197
11.2 11.210697
11.5 11.528571
11.5 11.643589
11.5 11.562534
10.622879 11.00415
12.299998 11.953369
11.999998 11.933727
11.900001 11.880039
11.999998 11.931533
12.499997 12.303572
14.600313 13.797797
12.299998 12.10992
11.999998 11.963347
11.599999 11.606877
11.999998 11.962861
11.599999 11.558496
11.1 11.280799
11.1 11.146225
11.2 11.379442
11.7 11.555435
11.900001 11.845196
10.70206 10.806223
11.3 11.322365
12.79897 13.634252
13.600039 13.528108
11.8 11.790196
11.999998 11.250938
12.199999 11.829441
11.599999 11.730479
10.1 10.052048
11.2 11.342539
11.900001 12.562483
11.599999 11.655809
11.2 11.65757
11.2 11.203918
12.699998 11.993262
12.299998 12.933668
11.2 11.298925
11.1 11.249264
11.2 12.064551
11.7 11.67116
12.29382 12.447741
12.1 12.708345
11.400001 11.364744
11.599999 11.36943
11.2 11.215636
11.2 11.863645
13.1 12.685162
11.7 12.889867
10.4 10.402159
11.900001 11.879025
11.5 11.638115
11.3 11.355515
12.799992 12.114456
11.8 11.818246
11.3 11.399315
11.3 11.249961
11.999998 11.470796
11.999998 11.909946
11.999998 11.941385
11.3 11.334835
11.3 11.2729025
14.200179 14.164859
11.3 11.527078
10.70206 10.711676
11.599999 11.576647
13.200015 12.88403
11.5 11.47336
11.2 11.606695
11.2 11.216019
11.8 11.726015
11.5 11.505324
12.60724 12.174166
11.2 11.318136
12.699998 11.933796
11.8 11.854831
12.499997 11.756767
11.599999 11.680827
11.999998 11.527884
13.049981 12.514062
13.399989 13.163577
10.622879 11.190744
10.1 10.816044
11.400001 11.468999
11.3 11.577654
12.299998 11.953151
11.2 11.32622
11.8 11.770062
11.242667 11.903521
11.400001 11.459103
11.2 11.195895
11.3 11.864687
11.2 11.262598
11.2 11.243839
11.999998 12.492094
11.2 11.229196
11.599999 11.650944
11.599999 11.485265
11.599999 11.947624
11.7 11.79714
12.199999 11.395361
11.2 11.276782
11.2 11.325592
11.1 11.303539
11.1 11.130428
11.2 11.286654
11.2 11.269874
11.2 11.379845
11.900001 11.797767
11.3 11.326858
11.8 11.80035
11.400001 11.791004
11.3 11.301165
11.8 11.766848
11.999998 11.891476
10.8 10.620264
14.79897 13.657539
11.1 11.251563
12.078811 12.249424
11.2 11.30178
11.900001 11.948759
12.199999 12.055613
11.1 11.223851
11.2 11.493025
13.600039 11.82162
12.5111685 10.694223
10.70206 11.398899
11.1 11.204735
13.200015 13.608024
13.600039 13.762976
11.8 11.856305
11.599999 11.076544
11.2 11.198686
16.518217 14.565897
11.1 11.380947
13.200015 13.506625
11.1 11.212068
12.1 12.024929
9.49794 9.495748
11.999998 11.669244
11.7 11.776161
12.1 10.876869
11.2 11.271124
11.999998 12.657376
11.5 11.474869
12.829721 12.384355
12.399998 11.6568985
11.400001 11.584293
12.1 11.358496
11.0 10.626706
11.8 11.884792
12.399998 12.369933
11.5 11.455275
12.699998 12.742783
9.49794 10.6862
11.400001 11.333509
11.668636 12.8968
11.2 11.277026
11.1 11.176268
11.999998 11.95533
11.900001 11.8844795
11.3 11.336818
11.8 11.786839
12.799992 13.041523
11.2 11.257796
11.2 11.320076
11.7 11.62992
11.599999 11.488323
11.8 11.695498
11.5 11.452139
11.5 11.56827
11.1 10.781712
11.5 11.527423
12.399998 12.732045
10.2 10.377665
10.79897 11.038508
14.400163 13.554783
11.1 11.206279
11.7 11.771167
11.986056 12.206593
11.3 11.242935
11.5 11.422125
11.900001 11.884659
11.2 11.2506275
11.8 11.760996
14.70206 14.478339
12.699998 11.908073
11.599999 11.225071
11.2 11.270081
11.900001 12.108985
10.70206 10.728762
11.599999 11.681201
11.8 11.714893
11.1 11.21982
12.680044 12.266895
13.899971 13.78587
12.299998 11.805918
11.1 11.228383
11.637602 11.423361
12.299998 12.192465
11.1 11.152577
11.900001 11.910968
11.8 11.999939
11.900001 11.887011
11.599999 12.45345
11.400001 11.477167
11.1 11.296314
11.400001 11.464823
14.1 13.019707
11.2 11.288141
11.1 11.277461
11.2 11.306563
11.1 11.243044
10.1 10.086487
11.3 11.369025
10.5 10.515987
11.89588 11.932699
11.999998 12.025682
11.5 11.414036
11.7 12.069319
15.600313 15.263192
11.1 11.413118
11.3 11.323354
10.5 10.429537
11.900001 11.885336
11.400001 11.438648
11.5 11.416267
11.118106 11.254389
11.999998 12.000293
11.3 11.387459
11.5 11.52853
11.3 11.241465
11.5 11.686771
11.599999 11.602286
11.5 11.707113
12.399998 12.648389
11.2 11.264301
11.599999 11.613239
12.877283 12.087433
11.400001 11.405303
11.5 11.603469
14.500117 14.158547
11.3 11.323776
11.3 11.389837
11.2 11.259785
11.1 11.224458
11.900001 12.415576
11.8 11.808443
13.155518 12.755463
11.400001 11.495409
11.2 11.305875
11.3 11.295656
11.1 11.0738
12.1 12.092314
11.2 11.220172
11.900001 12.036346
11.400001 11.45759
12.599997 12.874927
11.8 11.842945
11.400001 11.279115
10.1 10.196615
10.622879 10.684463
11.599999 11.699108
12.599997 12.755593
11.8 11.77035
11.900001 11.754682
11.5 11.452534
11.2 11.292715
11.2 11.33819
11.400001 11.242695
11.2 11.257137
11.8 11.737477
10.8 10.716501
11.900001 12.102101
11.900001 11.897696
11.5 11.539153
14.175721 12.275145
11.900001 11.48918
13.1 12.616424
11.2 11.233647
12.499997 11.99979
12.899998 12.199186
11.599999 11.761072
11.7 11.496323
12.199999 12.107393
11.2 11.665617
11.5 11.554499
11.7 11.680342
11.599999 11.145013
11.900001 11.902636
14.400163 14.334895
10.622879 10.738814
11.900001 11.855272
14.1 14.173364
11.8 11.625109
11.900001 12.039582
11.7 11.449219
12.9041 12.747172
11.999998 11.89782
12.599997 13.511686
13.000009 12.497172
11.7 11.742951
13.1 13.3618
11.1 10.87021
11.599999 11.595508
11.1 11.238835
15.108774 13.763001
11.400001 11.386934
11.5 11.869876
11.3 11.865928
12.299998 12.598805
11.3 11.695585
14.200179 13.754346
11.3 11.254031
11.2 11.197288
11.3 11.462674
11.2 11.259885
13.399989 13.801667
11.1 11.159405
11.2 11.231277
11.400001 11.424847
11.7 11.720551
12.699998 12.987604
11.2 11.17968
11.900001 11.884072
13.200015 12.681359
11.5 11.489157
12.899998 11.948414
12.299998 11.735953
11.2 11.266209
11.599999 11.823996
11.599999 11.3823
12.1 11.865358
11.3 11.382499
10.3 10.468956
11.400001 11.399177
11.8 11.933064
12.199999 11.792038
11.999998 11.97882
11.8 11.90263
11.3 11.4566555
13.299971 13.419256
11.3 11.300873
11.400001 11.65275
13.543697 13.45364
13.500008 13.201999
11.3 12.056848
11.5 12.2784
11.8 12.116636
11.900001 11.872053
11.400001 11.332012
11.2 11.258888
12.058607 10.633547
10.2 10.291128
11.1 11.179316
11.7 11.659306
11.1 11.262838
11.1 11.171767
11.8 11.87394
11.2 11.2328005
12.27437 12.110058
11.3 11.286012
11.1 11.302059
11.599999 11.568644
11.599999 11.761746
11.1 11.221196
15.192754 13.10753
11.2 11.24028
11.1 11.180081
11.2 11.214987
11.2 11.377007
11.8 11.8501425
11.400001 11.334437
11.900001 11.846216
11.900001 11.883516
11.2 11.26081
9.79897 10.223234
11.5 11.503446
12.299998 12.768953
11.7 11.64966
11.2 11.2385
11.3 11.310251
11.900001 12.0617695
11.7 11.647653
11.2 11.265629
11.7 11.314088
11.2 11.270337
11.7 11.935266
11.3 11.291465
11.900001 11.8632765
11.900001 11.856152
11.400001 11.199495
11.45 11.629766
11.3 11.351422
10.79897 10.674955
11.2 13.788531
11.8 11.834618
11.7 12.309004
11.5 10.901772
11.2 11.230908
11.999998 11.650962
10.40103 10.611695
11.5 11.615611
12.399998 12.026422
11.1 11.19986
11.2 11.248401
11.2 11.293274
11.2 11.243335
11.8 11.787423
13.4372425 13.498166
11.999998 11.903393
11.2 11.337196
11.2 11.344286
11.5 11.570118
13.020819 11.699717
11.5 11.5315895
10.70206 10.569492
11.3 11.358784
11.8 11.963355
12.199999 11.519588
10.1 10.673856
11.1 11.223417
11.7 12.045441
14.500117 14.463967
12.599997 13.204946
11.599999 11.567855
13.200015 13.0185175
11.2 11.301026
11.400001 11.5209
11.3 11.337758
11.1 11.094702
12.399998 12.281001
12.399998 12.304552
11.599999 12.107616
11.2 11.2548065
12.399998 12.857451
11.8 11.839861
11.400001 11.231625
11.999998 11.875244
11.5 11.45604
11.2 11.217985
11.900001 11.915702
11.5 11.495983
11.2 11.365174
11.599999 11.581272
12.399998 11.865922
11.2 11.33377
12.058607 11.082112
13.000009 12.890532
11.3 11.6108
11.999998 11.86483
15.058607 13.7954645
13.699981 12.330585
11.599999 11.73716
11.900001 12.925971
11.5 11.081513
12.359637 12.33927
11.2 11.212406
14.29897 14.154506
11.3 11.7176075
11.5 11.623952
12.399998 11.478966
11.3 11.285955
11.2 11.2331295
11.1 11.197461
12.399998 12.086477
11.5 11.395873
12.299998 11.499909
12.1 11.938348
11.1 11.465821
13.899971 14.134679
11.2 11.243083
11.2 11.319811
11.900001 11.864902
11.2 11.193289
11.599999 11.528556
11.3 11.409513
11.8 11.536807
11.2 11.271971
11.1 11.175035
10.2 10.337587
11.599999 11.56938
12.399998 12.18259
11.2 11.242119
11.2 11.387266
11.5 11.494499
11.7 11.356537
10.3 10.539837
11.8 11.647805
12.449998 13.055097
11.1 11.252257
11.2 11.24647
11.599999 11.827415
10.8447275 10.326925
11.599999 11.497928
11.1 11.20673
11.413951 11.364356
11.999998 11.946378
11.1 11.114175
11.400001 11.411141
11.5 11.553243
11.2 11.242093
11.599999 11.87068
11.7 11.525339
10.40103 10.670088
11.1 11.472906
12.599997 11.950253
11.5 11.312999
11.5 11.546608
11.5 11.450711
11.2 11.31543
11.1 11.2677555
11.5 11.842047
12.29074 11.549369
11.2 11.289247
12.599997 12.662707
11.900001 11.835474
11.2 11.241486
11.2 11.26391
11.3 11.323858
11.8 11.810582
11.999998 11.76981
11.1 11.241186
11.7 11.626011
11.999998 11.916828
11.8 11.830578
11.1 11.240606
11.999998 11.911214
11.3 11.600756
11.1 11.1968155
11.3 11.296313
11.7 11.839664
12.399998 12.0627365
9.79897 10.22445
12.399998 12.92661
11.2 11.305615
11.8 11.8305235
11.900001 11.92548
12.344125 12.5347185
11.2 11.276836
11.1 11.224564
11.2 11.244694
12.699998 12.603002
11.3 11.478588
11.8 11.871144
11.2 11.208508
11.400001 11.5210285
13.699981 13.936283
10.40103 10.423655
11.8 13.452716
11.900001 11.886887
12.499997 12.228518
11.8 11.806282
11.3 11.489404
12.799992 13.465114
11.900001 11.877779
11.599999 11.720635
11.2 11.201677
11.2 11.270395
12.1 11.968914
11.1 11.208067
12.622879 12.094217
10.224938 10.246723
11.1 11.249168
11.2 11.316274
11.5 11.599953
11.900001 11.556443
11.8 11.786844
11.2 11.227474
10.70206 10.72253
11.900001 11.791336
11.8 11.81334
11.2 11.258299
11.8 11.992905
11.2 11.77375
11.5 11.45248
12.622879 12.8437605
13.500008 12.594214
11.1 11.165201
11.2 11.31052
11.2 11.248944
11.2 11.213757
13.999974 13.878331
11.900001 11.899139
11.1 11.234709
11.3 11.30291
11.7 11.712252
11.8 11.796328
11.900001 11.879238
11.180922 11.589765
10.622879 10.624517
11.599999 11.698716
11.599999 11.617098
11.900001 11.8728695
10.1 10.234172
11.8 11.566071
11.3 11.746239
15.299971 15.270638
12.899998 12.753385
11.5 11.489122
11.3 11.237584
11.3 11.395505
11.5 11.69073
12.799992 11.728408
11.7 11.664494
11.400001 11.255448
12.299998 13.243979
11.7 11.559032
11.900001 11.923487
11.7 11.747272
11.599999 13.102813
11.8 11.7078705
11.900001 11.880419
11.1 11.189774
11.8 11.747964
11.3 11.375721
11.999998 11.899696
11.999998 11.992897
11.3 11.474683
11.900001 11.90722
10.307609 10.517912
11.599999 11.899775
11.1 11.208939
11.1 11.223673
11.2 11.242861
11.3 11.383743
11.1 11.19212
14.1 12.472952
11.2 11.51587
11.2 11.245706
11.2 11.243658
12.1 11.679307
11.2 11.243519
14.400163 14.133282
11.1 11.1472645
11.8 11.757805
12.399998 12.630225
14.79897 12.697801
11.2 11.197433
12.499997 13.019601
11.5 11.475045
11.900001 11.900301
11.999998 12.704101
12.986056 12.538259
11.8 11.706953
11.3 11.43079
11.900001 11.873947
11.5 11.692896
11.2139435 11.5809
11.2 11.325222
11.1 11.712222
10.40103 12.859429
11.79897 11.960695
11.900001 11.869552
11.1 11.321085
11.5 11.499977
11.3 11.291283
12.399998 11.636267
11.15 12.042463
11.7 11.584837
14.1 13.86283
10.70206 10.702424
11.400001 11.468252
12.499997 11.675781
11.1 11.287306
11.1 11.674953
11.8 14.224207
11.1 11.194075
11.1 11.182789
11.1 11.224182
11.999998 14.251859
11.5 11.535324
11.1 11.236145
11.1 11.137378
11.2 11.242152
12.399998 12.051462
11.1 11.164731
11.900001 11.910169
11.2 11.254735
11.599999 11.638329
10.40103 10.107555
12.499997 11.971614
11.49794 11.501937
11.1 11.364876
13.59485 13.408619
12.392429 12.868481
11.8 11.772915
11.2 11.176331
11.2 11.244919
13.122276 13.072997
11.7 11.746864
11.400001 11.459526
10.224938 10.249239
11.7 11.650628
11.999998 12.298513
11.8 11.947835
11.8 11.831557
11.1 11.194689
10.1 10.233543
11.1 11.893868
12.399998 12.225864
11.2 11.261744
11.8 11.796103
11.2 12.170961
11.5 11.375683
11.8 11.244737
14.1 13.400101
11.3 11.695589
11.3 11.5394535
11.900001 11.8636465
11.900001 11.907951
11.3 11.730305
10.8 11.157971
11.5 11.576107
10.224938 10.009535
12.799992 12.677824
11.5 11.683218
12.299998 12.809145
11.5 11.531273
11.8 11.807671
11.5 11.613419
11.1 10.920901
13.500008 12.164478
12.899998 12.366554
12.1 11.443788
11.2 11.372279
11.1 11.209124
11.7 11.265032
10.40103 10.576099
11.7 12.06854
11.2 11.762805
12.1 11.26775
11.2 11.278912
11.900001 11.877729
11.900001 11.892292
12.199999 11.910028
11.3 11.322418
11.2 11.201866
12.199999 12.032122
10.224938 10.078274
11.7 11.817867
11.8 11.810128
11.031815 10.396657
10.923909 11.134018
11.5 11.515518
11.3 11.331326
11.2 11.283603
11.599999 11.613539
11.7 11.661224
11.900001 11.841764
12.399998 12.27297
11.2 11.649918
11.2 11.213779
11.2 11.227159
11.2 11.281465
11.7 11.687204
11.400001 11.524488
11.999998 11.914926
11.1 11.179657
13.191515 13.128009
10.3 10.472658
13.1 11.868151
13.200015 12.9545355
11.999998 11.913821
11.1 11.245251
9.70206 9.649254
11.2 11.246447
9.40103 9.358425
11.5 11.478529
11.900001 11.951965
12.499997 12.159649
11.900001 11.892233
11.900001 11.88929
11.900001 11.847666
10.4 10.623486
11.2 11.283378
11.7 11.692476
11.1 11.159981
11.1 11.19588
11.3 11.307741
11.599999 11.674066
11.40103 11.503469
11.2 11.262554
11.5 11.264842
11.900001 12.088066
11.8 11.798473
12.1 12.298338
11.2 11.287907
12.1 12.56404
10.79897 11.117778
11.999998 12.344687
10.581486 10.584986
11.5 11.780263
11.3 11.325525
11.3 11.333283
12.599997 12.492717
13.1 12.866691
12.93459 12.590378
11.599999 11.5267935
11.8 11.985049
13.000009 12.983275
11.5 11.599524
13.191515 13.141807
11.1 11.122091
12.599997 12.263205
11.2 11.572464
11.2 11.439571
12.122276 11.462498
11.900001 12.021568
11.3 11.441418
11.1 11.185365
11.900001 11.944899
11.3 11.336399
11.3 11.341171
12.399998 12.214015
11.8 11.828381
11.3 11.491397
11.2 11.323057
11.2 11.299445
12.299998 13.275007
11.7 11.393488
14.1 13.133655
11.3 11.250219
11.7 12.049754
11.1 11.247072
11.976935 11.932779
11.3 11.583594
11.400001 11.854942
12.499997 12.179657
11.900001 11.867891
11.3 11.650039
11.5 11.555952
11.418758 11.405059
11.599999 11.6512785
12.199999 12.006176
11.599999 11.433256
11.999998 11.59193
11.435792 11.43474
11.3 11.330224
11.900001 11.431374
13.1 12.283267
11.2 11.199196
11.400001 11.436045
12.899998 13.697137
12.499997 11.778219
11.5 11.426389
11.3 11.32649
11.1 11.164856
11.254902 11.291231
11.900001 11.724073
11.599999 11.589582
11.900001 11.885951
11.900001 12.0006695
11.400001 11.502192
11.3 11.424788
9.79897 9.864475
12.299998 12.148574
10.70206 10.858742
11.8 11.703964
12.299998 12.13715
11.1 11.182253
11.79897 11.249481
14.999629 14.979273
11.2870865 11.20219
11.7 11.73301
11.8 13.626912
11.400001 11.448252
11.2 11.263528
15.600313 14.748325
11.3 11.196575
11.900001 11.8108635
11.900001 11.8401375
11.1 11.117568
11.8 12.757092
11.400001 11.627146
12.599997 11.646515
11.999998 12.220993
11.599999 11.6938305
11.7 11.42904
11.2 11.799296
12.699998 11.54517
11.2 11.183168
11.108774 11.270018
11.1 11.19273
12.399998 11.944719
11.599999 11.861912
11.3 11.392519
11.8 11.873889
11.400001 11.466066
11.2 11.381044
11.599999 11.422201
14.79897 14.012481
11.2 11.300644
12.599997 12.922543
11.7 11.818849
11.2 11.319054
11.900001 12.205081
10.020819 10.239409
14.700326 14.06494
12.199999 11.907185
11.8 11.850322
10.79897 11.111733
10.622879 10.601128
11.2 11.282168
11.618557 12.480161
10.1 10.371991
11.1 11.811897
11.8 11.753444
11.456548 11.294352
13.600039 13.016768
10.40103 10.459067
11.5 11.531242
11.3 11.340224
11.2 11.255255
12.399998 12.511022
11.3 11.335224
11.1 11.193879
11.900001 12.9062395
12.618579 12.3014
11.78403 11.460918
11.599999 11.3065
11.2 11.31407
12.1 11.4767475
11.900001 11.824207
11.1 11.097782
10.224938 10.248516
12.020819 11.774973
11.900001 11.853831
11.2 11.256202
11.900001 11.843395
11.400001 11.41752
11.5 11.763361
14.1 14.440351
12.499997 12.16066
10.1 10.403505
11.2 11.738169
11.757577 11.724595
11.2 11.488258
11.7 11.74498
13.200015 12.157992
11.5 11.545765
14.1 13.319778
11.400001 11.3122635
11.8 11.828405
11.1 11.189053
11.2 11.274305
11.8 11.830124
11.2 11.824153
11.5 11.525854
11.8 11.84198
11.2 11.510436
11.999998 11.923757
12.199999 12.426557
11.400001 11.440745
12.1 12.246406
10.581486 10.690035
11.5 11.538448
11.999998 11.985296
11.400001 11.512812
11.8 11.753441
11.8 12.241559
11.999998 12.476146
11.7 11.687271
12.199999 11.812902
11.3 10.362741
11.599999 11.204943
11.8 11.839203
13.800057 13.202375
11.3 11.335794
12.899998 11.370668
10.1 10.929193
10.788375 11.317069
11.2 11.222757
11.1 11.480307
13.899971 13.825566
11.7 11.8222275
12.058607 12.173458
11.400001 11.547243
11.5 11.602974
11.2 11.303205
11.1 11.24167
11.2 11.248377
11.2 11.277102
11.2 11.252335
14.1 11.5218
12.499997 12.398272
12.399998 12.460346
11.900001 11.853042
14.200179 13.265966
11.7 11.692206
11.8 11.820784
11.7 11.728389
11.1 11.226898
10.6 10.712671
10.9 11.278807
11.1 11.177711
11.2 11.2276
13.800057 13.14461
11.400001 11.414553
11.900001 11.898155
11.400001 11.401922
11.999998 12.069105
11.7 11.689642
11.1 11.258823
11.8 11.8219595
12.599997 12.081702
11.599999 11.64209
12.1 13.155328
11.3 11.476278
11.900001 11.881324
10.622879 10.699171
11.297911 11.647575
11.3 11.518975
12.599997 11.838398
11.3 11.295687
11.1 11.082438
11.2 11.223265
13.089405 12.527602
11.923909 11.731012
11.3 11.377691
11.999998 11.949581
11.2 11.349754
10.9 10.515477
12.1 11.416652
11.126872 11.243032
14.700326 14.120803
10.861686 11.216941
11.5 11.760527
13.299971 12.939675
11.2 11.255225
11.7 11.776444
11.1 11.247546
13.399989 12.65159
11.2 11.629189
11.5 11.616712
11.1 11.720346
11.599999 11.731597
11.2 11.223771
11.400001 11.49818
11.7 11.714273
12.799992 12.65923
11.5 11.641235
10.70206 11.091677
11.400001 11.618964
11.2139435 11.414014
11.7 11.921665
10.40103 10.458519
12.40103 12.297242
11.8 12.303396
11.7 11.267656
11.999998 11.6296
12.1 11.928982
12.877283 12.046537
12.299998 11.60698
11.8 11.775143
10.1 10.327648
11.5 11.613665
11.3 11.799882
11.3 11.279211
11.999998 11.997393
10.351812 10.310778
11.3 11.350277
13.699981 12.415662
10.59485 11.604605
11.1 11.196212
14.1 14.056071
11.7 11.794283
10.1 10.202413
11.1 11.2236
11.999998 12.009842
11.2 11.273474
13.79897 13.706546
10.2 10.333078
11.8 11.824054
11.622879 11.534422
10.3 10.445232
11.2 11.578844
11.2 12.6162405
11.2 11.29241
11.900001 12.004804
14.200179 13.560162
11.400001 11.442752
11.599999 11.653572
11.2 11.218264
11.2 11.191837
11.3 11.361736
11.2 12.055933
11.3 11.3187275
11.3 11.326142
11.400001 11.376497
11.900001 11.896972
11.999998 11.875261
11.599999 11.51416
11.900001 11.252189
11.1 11.223564
11.2 11.27042
13.1 12.593858
10.8 10.738232
11.400001 11.346872
11.2 11.235613
11.1 11.546135
11.3 11.233448
11.8 11.818145
11.2 11.245864
11.3 11.386223
11.2 11.240921
11.2 11.311472
11.8 11.725145
11.2 11.209888
11.599999 11.542896
12.665546 12.510441
14.299971 13.414075
11.900001 11.952136
11.400001 11.667139
11.2 11.237903
11.599999 11.4753895
11.807744 12.297759
11.2 11.2174425
10.4 10.314281
11.599999 12.219137
11.599999 11.587613
11.900001 11.861418
11.999998 11.902733
11.900001 11.883106
11.8 11.832049
11.1 11.122457
11.599999 11.604023
11.1 11.153555
11.900001 11.891646
11.5 11.58474
12.899998 12.344693
11.1 11.389351
11.1 12.249395
11.1 11.088989
10.2 10.40547
11.599999 11.499784
11.5 11.854567
11.8 11.852016
11.5 11.939392
11.999998 11.938948
11.5 11.663343
12.899998 13.341099
11.1 11.159827
14.200179 13.3508005
10.4 10.632376
11.5 11.749316
12.1 11.983997
11.2 11.271493
12.299998 12.337841
11.1 11.204642
11.2 12.066987
11.3 11.291687
11.1 11.242866
11.900001 11.873205
11.1 11.47744
11.7 11.61058
11.999998 11.7146225
11.999998 11.56432
10.738272 10.636417
11.2 11.216572
11.400001 11.509113
13.999974 12.775483
11.5 11.425571
12.299998 12.081861
11.5 11.439661
11.2 11.41654
11.599999 11.360392
11.1 11.096348
11.5 11.522176
11.2 11.296982
11.897941 11.808277
11.400001 11.428871
14.999629 14.168692
12.499997 12.849349
11.1 11.51531
11.2 11.694478
11.999998 12.015306
11.7 11.710982
10.89724 10.737328
11.599999 12.1226845
12.821246 13.29113
10.9 11.120291
12.847147 12.755149
11.3 11.261352
10.622879 10.73709
11.1 11.132573
11.5 11.664684
10.622879 10.6680565
11.8 11.78521
11.900001 11.900741
11.1 11.252365
13.899971 14.3967085
11.599999 11.743684
11.5 11.588967
11.7 11.692747
9.79897 9.869137
11.3 11.635273
11.900001 11.870009
11.7 11.759219
11.2 11.231721
11.2 11.222022
13.078811 13.422492
10.79897 10.70256
11.1 11.159513
10.8 10.762959
11.400001 11.410122
14.79897 11.341997
10.1 10.003363
11.2 11.281437
12.1 11.946434
11.3 11.401264
12.799992 11.98163
11.3 11.469496
11.999998 11.991197
11.1 11.242496
11.400001 11.54017
11.1 11.164019
11.599999 11.376415
11.1 10.985725
11.5 12.159838
11.1 11.181751
10.5 10.999621
11.5 12.46016
12.1 11.844858
11.2869625 11.334434
11.999998 12.264271
11.2 11.272726
12.730784 13.661612
12.199999 12.063474
12.299998 11.842944
11.1 11.145585
11.1 11.21499
12.1 11.698457
11.2 12.018246
11.900001 11.86963
11.3 11.416435
11.599999 11.435458
15.280456 14.467599
10.637602 10.570003
13.399989 12.377683
11.2 11.706904
11.5 11.984405
12.199999 12.125854
11.400001 11.451628
11.1 11.159895
11.999998 12.710518
11.3 11.357946
11.8 11.690538
11.2 11.606756
11.599999 11.630704
11.3 11.318964
11.108774 11.273864
11.599999 11.6743355
11.400001 11.516505
11.900001 11.819643
11.2 11.256239
11.900001 11.862454
11.5 11.484132
11.7 11.801861
11.2 11.267162
11.2 11.21091
11.2 11.2537985
11.400001 11.48553
11.900001 11.879925
11.2 11.236008
11.3 11.554388
11.900001 11.868032
11.3 10.958303
11.2 11.231184
13.280456 12.705328
11.8 11.796664
11.5 11.754306
11.8 11.708282
11.5 11.521242
12.199999 11.954264
11.1 11.229211
11.5 11.578072
11.1 11.625044
11.400001 11.450376
11.2 11.249841
12.254902 12.153684
11.900001 11.928919
10.8 11.487371
11.2 11.52972
12.599997 11.984149
11.900001 11.89554
11.599999 11.602644
11.999998 12.360038
11.2 11.372744
11.999998 11.92996
11.1 11.183893
11.8 11.650551
11.2 11.234182
11.1 11.244426
11.2 11.252301
12.399998 12.678037
11.7 11.7327385
11.900001 11.867151
11.2139435 11.678821
11.0 10.736912
11.7 11.7499485
11.622879 12.085114
11.2 11.207954
11.8 11.829847
11.999998 11.973653
12.599997 12.506981
11.2 11.309791
10.8 10.463867
11.3 11.285946
11.2 11.433421
11.5 11.476558
11.1 11.231418
12.599997 12.667254
11.641513 11.756063
11.599999 11.609667
12.699998 12.496187
11.3 11.335395
11.2 11.250505
11.1 11.18735
12.1 11.999179
10.9 10.989789
11.999998 12.046314
10.336572 10.909221
11.5 11.444708
11.2 11.361017
11.900001 12.095494
11.1 11.153454
11.79897 11.787326
12.879892 12.7524
12.199999 12.524112
11.900001 12.0851965
13.299971 12.290856
13.543697 13.460913
11.911955 11.833092
12.199999 12.263341
11.2 11.282795
11.3 11.813255
11.2 11.852429
13.1 11.99523
12.504504 12.194065
11.2 11.3108635
11.2 11.300477
11.1 11.168829
11.1 11.169275
11.3 11.461576
11.2 11.237128
11.3 11.390448
11.3 11.509432
11.7 11.772014
12.1 11.9834175
11.1 11.246755
11.400001 11.469706
10.70206 10.74356
10.738272 10.860262
11.2 11.243394
11.900001 11.631584
11.900001 11.868479
11.7 11.696928
11.400001 11.580945
11.900001 11.911307
11.400001 11.385364
13.600039 12.56503
13.439989 14.069232
12.199999 12.160225
11.1 11.18483
10.40103 10.694382
11.2 11.248632
11.8 11.817
13.200015 13.490455
15.175721 14.426478
11.999998 12.187498
11.1 11.2685175
11.8 11.816499
11.8 11.790175
11.3 11.3750305
11.7 11.680493
10.49794 10.628405
10.627244 10.451004
11.1 11.261153
10.6 10.656434
11.400001 11.482795
12.199999 12.085279
11.3 11.46029
11.8 11.7698965
12.299998 12.227726
13.1 12.025587
11.5 11.618888
11.1 11.77393
11.999998 11.964198
11.1 11.210284
11.599999 12.212984
11.2 11.200666
11.5 11.599445
11.7 11.7204075
11.1 11.165492
10.3 10.676508
11.5 11.541205
10.3 10.5045395
11.2 10.979382
11.400001 11.4785
11.7 11.354324
11.5 11.487459
11.5 11.507796
11.900001 11.947365
11.2 11.209394
11.1 11.182511
12.499997 12.365744
11.599999 11.615305
11.8 11.784935
11.1 11.269013
12.399998 12.646334
11.7 11.684445
11.8 11.767041
11.900001 11.799491
11.900001 11.829967
11.1 11.223576
11.8 11.738317
15.684434 14.327748
11.5 11.615889
11.2 11.569421
11.3 11.330071
11.1 11.206241
11.3 11.330683
12.199999 11.919275
12.599997 13.15762
11.2 11.30563
11.400001 11.78235
11.599999 12.294787
11.1 11.572731
11.599999 11.665949
11.3 11.442907
11.2 11.255299
12.499997 11.681118
11.7 11.750992
11.3 12.132376
11.900001 11.860754
12.599997 12.306682
11.3 11.471785
11.7 11.704184
11.900001 11.825363
11.1 11.1477995
11.8 12.053615
12.899998 12.401729
11.2 11.419245
11.2 11.257308
12.499997 12.371144
11.2 11.236911
11.900001 11.604563
11.5 11.422831
11.7 11.763254
11.2 11.215051
11.2 11.277196
11.1 11.168666
11.7 11.983598
11.599999 11.5437565
11.3 11.305332
11.5 11.498871
11.5 11.818545
11.2 11.542229
11.3 11.929667
11.1 11.224259
11.1 11.221481
11.900001 11.877188
11.999998 11.931222
11.900001 11.879276
12.599997 12.194979
13.399989 13.246263
11.900001 11.250147
12.199999 12.045521
11.5 11.586418
13.800057 13.374768
12.199999 12.175043
11.599999 11.6471195
12.299998 11.542488
13.800057 13.117341
12.499997 12.346173
13.699981 12.934852
11.900001 12.06735
11.5 11.557781
11.8 11.784962
11.684318 11.694666
11.900001 12.2833395
10.40103 10.6532345
12.399998 11.799367
11.7 11.595853
11.5 11.467022
11.2 11.25367
12.299998 11.843055
11.2 11.27363
11.3 11.288456
13.000009 13.10902
12.299998 12.243912
11.2 11.306162
12.699998 12.980337
11.7 11.858362
13.299971 12.783905
14.160929 13.876142
12.122276 11.882158
11.7 11.979927
12.794648 11.439123
11.900001 11.974211
11.5 11.44445
11.900001 11.97589
13.500008 12.040702
11.900001 11.861414
11.5 11.287348
11.400001 11.385
12.499997 12.18931
11.1 11.571264
11.8 11.811383
11.944664 12.233936
12.899998 12.282672
11.999998 11.967729
14.254902 14.481824
11.7 11.641123
11.8 11.795864
11.2689295 11.2854
11.2 11.221575
13.261151 12.115122
11.599999 11.630026
11.3 11.34334
10.622879 10.765131
11.1 11.24576
11.2 11.22659
11.900001 11.49913
11.2 11.268677
11.999998 12.102468
14.1 13.9840355
10.5 10.69343
13.299971 12.920996
11.900001 11.906437
11.900001 11.8746195
10.622879 10.542689
11.2 11.265942
11.599999 11.576992
11.2 11.22677
10.622879 10.692792
11.3 11.37481
11.5 11.980087
11.8 11.795387
11.7 11.785991
11.2 11.323172
12.799992 12.425457
10.336572 10.891296
11.8 12.305533
11.5 11.490647
12.5685215 12.946643
11.1 11.137161
12.520216 14.184577
12.399998 11.533033
11.900001 11.896762
11.400001 11.47722
11.400001 11.315098
13.600039 12.871166
12.59485 12.466266
11.1 11.823355
12.899998 12.089526
10.2 10.101292
10.131517 11.775253
12.799992 12.5429945
11.7 11.70552
11.8 11.696172
13.299971 12.266615
11.2 11.339161
11.2 11.280935
11.3 11.637337
11.145758 10.8036
11.7 11.372627
14.1 14.126306
11.3 11.304371
11.2 11.239191
10.89588 11.067756
12.1 11.434267
14.600313 13.790868
11.3 11.398687
10.1 10.772385
11.520216 11.139811
11.400001 11.323649
11.1 11.657858
11.599999 11.297619
13.899971 12.596105
11.900001 11.978774
12.299998 11.932333
12.249986 12.646157
11.900001 11.819708
13.600039 12.8692665
11.900001 11.875927
11.599999 11.592561
11.1 11.182621
11.1 11.187691
11.900001 11.878942
11.900001 11.917503
12.199999 11.615017
11.5 11.542465
11.3 11.488162
11.900001 11.651091
11.1 11.2280655
11.5 11.683392
11.3 11.564584
13.000009 12.003756
11.400001 11.2713375
10.1 10.573074
11.400001 11.4499235
11.7 11.741623
11.2 11.646113
11.7 11.912387
11.599999 11.501423
12.699998 12.288488
11.5 11.509627
11.999998 11.949331
11.2 11.325964
11.599999 11.284119
12.299998 11.567485
11.8 11.262173
11.1 11.172694
11.599999 11.626319
11.2 12.388774
11.900001 11.96641
12.199999 11.969854
11.7 11.714279
11.5 11.319443
11.999998 12.498832
10.2 10.988235
11.2 11.424487
12.699998 12.00175
11.599999 11.547468
12.1 11.903736
11.2 11.243056
13.800057 14.0657
11.400001 11.460947
13.500008 12.876368
12.699998 12.179383
11.2 11.255059
11.1 11.239414
12.499997 11.936696
12.926814 12.908383
11.7 11.899392
10.40103 10.417507
11.1 11.272656
11.2 11.21999
11.1 11.258695
11.1 11.133067
11.599999 11.523832
11.7 11.776539
11.900001 11.552606
11.2 11.336033
11.400001 11.434592
11.2 11.283533
11.2 11.248456
11.8 11.803954
11.5 11.583879
11.5 11.610953
11.3 12.328709
11.7 11.706398
11.3 11.318355
11.8 11.8342495
11.599999 11.693037
13.104364 12.638089
11.3 11.28893
11.900001 11.916256
11.1 11.850381
11.2 11.302634
11.8 11.802832
11.400001 11.43623
11.900001 11.876692
12.299998 12.177624
11.999998 11.710644
11.7 11.672289
11.900001 11.809048
11.2 11.53009
12.1 11.801401
15.1 15.057403
9.49794 9.498921
12.199999 12.148577
11.622879 11.248835
12.651294 12.51505
10.70206 10.72111
14.700326 14.937318
11.900001 11.851467
12.699998 12.370662
12.699998 12.416569
11.1 11.247221
11.5 11.524233
11.5 11.562909
11.999998 11.821636
11.599999 11.702009
11.2 11.388212
11.2 11.297535
12.799992 12.7287035
13.40103 13.270084
12.199999 11.805236
12.399998 13.351735
13.000009 12.670561
11.1 11.164717
11.2 11.222844
11.5 12.289209
11.2 11.242202
12.299998 12.073478
11.2 11.3420725
11.1 11.20703
11.3 11.286557
11.8 11.71748
11.1 11.190497
11.400001 11.346476
12.379841 12.568822
13.399989 13.308527
11.2 11.31528
12.699998 12.586274
11.1 11.274989
14.299971 12.9986
11.5 11.660712
11.7 11.69958
12.199999 11.686094
11.8 11.253351
11.400001 11.410524
10.4 11.193291
11.3 11.298994
11.900001 11.959335
11.2 11.232688
13.1 13.3067465
11.900001 11.920656
12.145758 12.228798
11.8 11.861304
12.199999 11.78735
12.699998 13.0683365
11.2 11.28031
11.7 11.744585
11.1 11.280597
11.3 11.45778
11.40103 11.415451
11.1 11.180841
11.2 11.241176
11.5 11.826778
10.5 10.511435
11.7 11.50694
10.1 10.742875
11.2 11.227192
12.399998 12.480512
11.900001 11.878441
12.300659 12.539676
11.3 11.359562
11.1 11.186987
11.900001 11.874073
11.3 11.288052
13.600039 13.261758
12.599997 12.588013
11.599999 11.622851
12.499997 11.905362
11.2 11.27585
11.5 11.553461
11.2 11.460688
10.6 10.619036
10.3 10.375536
11.999998 11.781142
11.1 11.541741
11.8 11.826241
11.2 11.282085
12.799992 13.164977
11.0 10.65154
11.5 11.537542
12.199999 11.694039
11.7 11.7812195
12.599997 12.432075
12.799992 12.5995035
11.7 11.749695
11.2 11.292938
11.599999 11.390808
11.5 11.5650215
11.400001 11.470338
11.2 11.436986
11.599999 11.223847
11.3 11.356385
11.900001 11.885273
11.3 11.284075
11.2 11.213572
11.900001 11.870749
11.7 11.728043
11.2 12.640281
11.7 11.707618
11.1 11.148834
11.3 11.345725
11.900001 11.978142
10.2 10.557746
11.400001 11.8651705
11.8 12.103357
12.299998 12.205408
11.900001 11.871314
13.446788 13.878987
11.1 11.206215
11.1 11.451012
11.7 11.903379
11.599999 11.346392
10.3 10.687414
11.2 11.492195
13.000009 11.655283
13.699981 13.265939
13.800057 12.642976
12.1 11.807881
11.2 11.201704
11.599999 11.554967
12.799992 12.028563
11.2 11.220704
11.5 11.607613
10.869551 11.357185
11.2 11.292212
10.49794 10.687765
11.400001 11.403475
13.1 13.408021
11.900001 11.879838
11.1 11.319223
11.3 11.228242
11.727339 11.802447
11.1 11.215742
11.5 11.633635
11.900001 11.848782
11.8 11.828678
11.7 11.750287
11.2 11.288416
11.8 11.561389
10.622879 10.786619
11.1 11.155845
11.7 11.593529
11.5 11.588138
11.2 11.563023
11.900001 11.926627
12.199999 12.80471
11.7 11.64947
13.923909 14.050231
11.999998 11.51936
11.8 11.458454
11.8 11.839043
11.900001 11.948742
12.599997 12.503619
12.399998 11.431168
10.70206 10.859358
13.79897 13.934884
11.1 11.341869
11.3 11.354492
11.900001 11.844232
11.400001 11.407225
11.3 11.483535
11.599999 11.764656
11.900001 11.870829
11.1 11.868842
11.8 11.824505
9.986056 10.0336685
12.799992 12.011341
11.2 11.299804
9.79897 9.8242855
12.699998 12.559885
10.70206 13.139549
12.1 11.866331
12.299998 11.718082
11.3 11.318687
14.700326 14.26261
11.122276 11.439401
13.1604805 12.150993
11.999998 11.275082
11.1 11.239183
11.5 11.491018
11.2 11.203938
11.900001 11.753601
11.1 11.163784
11.400001 11.443386
11.400001 11.418057
15.200179 14.924146
11.5 11.497626
11.3 11.683055
11.3 11.411278
11.254902 11.270369
11.400001 11.385868
11.599999 11.799121
11.5 11.554987
11.999998 11.929158
11.2 11.284086
10.1 10.5389595
11.2 11.219566
13.000009 13.362668
14.500117 13.959543
11.2 11.154874
11.1 11.191343
12.096055 12.073379
11.599999 13.141721
11.900001 12.160431
12.899998 12.306031
13.63027 12.111059
11.2 11.180949
11.400001 11.431669
11.999998 11.944825
12.299998 12.238256
11.900001 11.883858
13.500008 12.09581
11.7 11.743929
11.3 11.662637
11.1 11.171619
11.599999 11.732705
11.1 11.352137
11.7 11.611408
10.1 10.1508045
11.900001 11.863121
12.532973 11.982564
14.500117 13.902675
13.749991 13.754675
14.1 14.034593
11.1 11.177104
10.5 10.479393
11.900001 11.8839655
12.399998 12.006996
10.020819 10.214041
11.599999 11.5833845
10.40103 10.424335
11.2 11.205395
11.5 11.624778
11.1 11.188475
12.199999 12.474104
11.7 12.113789
12.699998 12.712948
11.3 11.316145
12.020819 12.073807
11.5 11.531084
11.999998 12.013564
11.5 11.376682
11.2 11.230979
11.2 11.469668
11.1 11.153607
11.900001 11.8727665
11.999998 11.740021
12.199999 11.896381
13.738272 13.880758
11.400001 11.433638
13.500008 12.26808
11.7 11.426111
11.2 11.20039
12.483 12.308223
10.3 10.37179
13.800057 13.247264
13.1 11.632357
13.600039 13.314155
11.7 11.711155
14.400163 14.484981
12.299998 12.086191
11.599999 11.4700985
11.900001 11.866463
11.1 11.23394
11.5 11.760326
12.728932 13.021163
11.3 11.354869
10.70206 10.736635
12.923909 12.942004
11.5 11.666241
13.466532 12.67403
11.578862 11.350747
11.7 11.460625
10.40103 12.09878
12.899998 13.147738
11.1 11.182145
11.2 11.267786
11.900001 11.891645
11.8 12.086266
11.1 11.200563
11.900001 11.955526
11.8 11.906255
11.2 11.27028
11.2 11.597111
11.8 11.27429
11.900001 11.874556
11.2 11.276662
12.299998 12.17692
12.599997 12.47908
12.1 12.098678
11.400001 11.429474
11.5 11.593346
11.2 11.220681
12.699998 12.008492
11.2 11.264069
12.899998 11.806813
11.2 11.302417
11.5 11.269609
11.2 11.268289
11.2 11.252894
11.2 11.255547
11.2 11.700907
11.1 11.292404
11.2 11.239332
11.2 11.324988
12.1 11.989427
11.8 11.190254
11.900001 11.895456
11.3 11.435559
11.2 11.264896
14.1 14.2644205
11.3 11.290229
11.5 11.535033
11.599999 11.44441
12.299998 12.04679
11.1 11.15668
11.400001 11.407001
12.456548 12.620641
12.799992 12.808468
12.299998 11.343145
11.900001 11.768819
13.200015 12.471917
11.8 11.993397
11.2 11.279993
11.599999 11.546093
11.999998 11.882779
11.8 11.933556
12.599997 12.443229
10.1 10.118143
11.999998 11.8404045
12.699998 12.583605
11.2 11.280125
11.177759 11.213665
12.1 12.07555
11.5 11.342035
11.1 11.246362
11.8 11.733779
12.1 12.0396
11.900001 11.89245
11.5 11.541133
11.8 11.783265
11.400001 11.575331
11.5 11.388071
11.900001 12.7615385
10.383997 10.296129
11.1 11.25617
11.1 11.210026
11.2 11.228807
13.729818 13.36649
11.7 12.000298
11.3 11.366946
11.400001 11.517893
12.881363 12.351699
12.1 11.385347
9.79897 9.912773
11.2 11.200554
13.999974 14.029872
11.8 11.7367115
11.1 11.171989
11.599999 11.610573
11.2 11.2314415
11.900001 11.904314
9.40103 9.413395
11.2 11.230219
11.7 11.685104
12.199999 12.909256
12.199999 12.365302
11.2 11.221929
11.2 11.276884
11.25 11.460123
14.145758 13.076161
11.7 11.720863
11.900001 11.871622
11.1 11.286038
11.1 11.206248
11.1 11.259693
11.1 11.15469
11.999998 11.966921
11.5 11.609207
11.8 11.476942
11.1 11.2868805
14.400163 14.137286
11.900001 11.889204
13.999974 13.999603
11.7 11.341969
11.5 11.614386
11.5 11.95459
11.999998 11.769024
11.3 11.510553
11.5 11.476988
13.986056 13.898894
11.2 11.228378
11.400001 13.008027
13.000009 13.392963
10.145758 10.200237
11.400001 11.557478
11.400001 11.413887
12.299998 12.427533
11.400001 11.415456
12.499997 12.143151
11.999998 11.821472
11.400001 11.444168
11.3 11.653373
11.3 11.426996
11.8 11.822758
11.5 11.785289
11.5 11.534244
11.262469 11.282496
11.999998 11.965606
11.2 11.2185955
11.2 11.387501
11.3 11.450473
11.900001 11.878515
11.1 11.133337
10.49794 10.5313015
12.499997 12.196295
13.999974 13.275038
11.1 11.216799
10.622879 10.534348
11.1 11.177601
11.599999 11.298864
11.900001 11.8583145
12.199999 11.999294
11.2 12.023939
11.1 11.179443
11.900001 11.620945
11.599999 12.117955
11.400001 11.463401
11.2 11.466388
11.3 11.446922
11.5 11.213247
13.200015 13.234664
11.400001 11.338806
11.7 11.252693
11.400001 11.499372
11.900001 11.860462
11.3 11.3201275
11.1 11.166559
12.399998 12.423644
11.2 11.390862
13.200015 14.052756
11.1 11.259956
11.599999 11.630886
12.392429 12.078041
11.599999 11.650905
11.3 11.292761
11.5 11.572472
11.1 11.24216
15.29382 14.941618
11.7 11.777872
11.2 11.386778
11.8 11.767111
11.900001 12.521094
13.000009 12.760768
12.1 12.351858
11.1 11.229794
13.800057 14.302652
11.900001 11.878047
11.1 11.202166
11.2869625 11.351595
11.599999 11.507994
11.2 11.204985
11.2 11.2936735
11.2 11.204365
11.2 11.362694
11.3 11.305425
11.5 11.556376
11.3 11.529663
13.1 13.020671
11.400001 12.2040825
10.986056 10.993427
11.1 11.218546
11.8 11.817044
12.170581 12.2073555
11.5 11.622028
13.1 14.02028
11.900001 11.839447
13.000009 13.525151
13.699981 12.700658
11.1 11.137055
11.999998 11.738497
11.1 11.660005
12.199999 12.05327
11.599999 11.659187
10.3 10.368498
11.3 11.220726
12.299998 12.209433
11.900001 11.906323
11.2 11.2917385
11.7 11.924072
11.1 11.129565
11.999998 11.928555
11.2 11.250616
11.599999 11.47231
12.344125 12.4579
11.3 11.393336
11.2 11.29116
11.599999 11.54587
11.900001 11.893141
11.599999 12.201907
11.400001 11.916697
11.599999 12.133984
15.600313 14.928839
11.1 11.282178
11.5 11.829336
10.854487 12.15734
12.199999 12.0048
11.599999 11.583756
14.5685215 14.064181
11.3 11.270457
10.622879 11.200636
13.997126 13.78165
14.581486 12.840905
10.8 11.01106
9.49794 9.525864
11.5 11.742731
11.599999 11.661761
11.2 11.593858
12.699998 12.064948
11.2 11.260027
11.599999 12.00498
11.400001 11.259312
11.400001 11.473563
11.5 11.728723
11.1 11.159916
11.5 11.552107
11.8 11.743216
12.599997 11.962542
11.999998 11.880754
11.8 12.25318
11.1 11.183225
11.2 11.830286
11.999998 11.806002
11.2 11.5343
11.1 11.197935
12.299998 12.16473
11.400001 11.720537
11.7 12.433345
11.8 12.1008
11.999998 12.420133
12.1 11.640793
11.8 11.755444
11.2 11.761707
12.1 11.7422085
12.699998 13.02896
11.8 11.844316
11.900001 11.892893
11.1 11.57094
11.5 11.351173
11.058607 11.157618
11.900001 11.886518
11.900001 11.879394
11.999998 11.976837
11.1163435 11.226578
11.3 11.310939
11.3 11.488816
11.58426 11.34559
11.400001 11.266872
11.8 11.792049
13.399989 12.726405
13.821246 13.811917
11.3 11.421301
13.299971 13.284601
14.299971 14.691058
11.637602 11.386121
11.2 11.288476
11.1 11.204002
11.999998 11.962836
11.8 11.781269
12.599997 12.629507
11.599999 12.069678
10.9 11.108472
11.400001 11.480717
11.5 12.1995125
11.2 11.275885
11.7 11.738233
12.499997 12.511355
11.3 11.489866
10.2 10.274056
11.599999 11.769434
11.2 11.236959
11.1 11.242664
12.499997 12.929749
11.7 11.8257065
13.600039 12.462873
11.2 11.275224
11.5 11.707529
12.299998 11.703783
11.2 11.236957
11.1 11.175587
11.5 11.54088
12.599997 12.1409645
13.1 11.995608
11.400001 11.354212
11.2 11.242422
11.400001 11.368164
12.401899 12.5415
9.79897 9.861056
11.543697 11.682417
11.400001 11.401761
11.900001 11.962725
11.599999 12.030671
10.70206 10.792461
14.1 13.7575445
11.1 11.156857
11.8 11.7441435
11.3 11.864502
9.941637 9.896767
11.2 11.886302
11.3 11.44055
11.900001 12.568368
11.599999 11.717236
11.5 12.399203
11.8 11.284468
11.2 11.219572
13.000009 11.841671
14.500117 14.036752
11.3 11.330502
11.8 11.765183
11.7 11.682355
11.1 11.198735
13.200015 12.558455
11.5 11.546702
10.1 10.180073
11.821246 11.426315
11.7 13.162118
11.8 11.610591
12.899998 11.813007
11.79897 12.012327
11.599999 12.018571
11.2 11.299358
11.1 11.20315
11.599999 11.104584
11.3 11.399219
11.400001 12.360376
11.400001 11.472052
10.40103 10.504987
10.70206 10.957296
12.799992 12.81147
10.40103 12.182489
12.899998 12.014748
10.869551 10.267979
11.900001 11.903368
11.900001 11.916582
11.1 11.186992
11.8 11.798542
11.400001 11.525295
11.999998 12.048573
13.500008 12.903061
11.1 11.163703
11.108774 11.263069
11.1 11.207954
10.1 10.088158
11.3 12.128826
11.2 11.289041
12.299998 12.20949
10.622879 10.447704
12.1 11.631579
11.8 11.792169
11.999998 12.060455
11.400001 11.745334
12.799992 13.206487
11.2 11.287901
11.8 11.852636
11.1 11.652708
11.1 11.615118
11.2 11.251746
10.5 10.445767
11.400001 11.399438
10.8447275 12.049755
11.8 11.817942
11.599999 11.674589
11.7 11.7029915
11.3 11.443159
11.1 11.1932335
11.2 11.819132
11.2 11.702387
11.7 11.736748
11.5 11.649794
11.2 11.243315
11.400001 11.396991
11.7 11.684788
11.1 11.300665
12.199999 11.278776
11.49794 11.779949
12.1 11.774973
11.7 12.373457
11.900001 11.994821
11.5 11.522972
11.900001 11.8670225
11.3 11.590043
9.79897 10.205346
13.699981 12.25744
12.1 11.823588
11.1 11.237056
14.700326 14.317703
11.2 11.606754
11.2 11.330134
11.7 11.23357
11.900001 11.923122
14.400163 13.478191
10.1 10.656897
11.900001 11.864548
11.2 11.30315
11.49794 11.43573
11.400001 11.301191
11.1 11.084471
11.5 11.696282
11.5 11.55669
11.900001 11.854443
11.1 11.839744
11.8 11.833315
11.8 11.864543
11.400001 11.506058
13.600039 13.621179
11.1 11.270502
11.1 11.234937
12.699998 12.169329
11.1 12.550933
11.900001 11.883811
11.599999 11.883624
10.70206 10.700596
13.403085 12.318992
11.999998 11.583536
11.400001 11.394608
10.1 11.694259
11.1 11.182058
11.3 11.382321
12.599997 12.053486
11.1 11.204621
11.2 11.262171
11.5 11.559803
11.2 11.268491
11.3 11.407683
13.1 11.956211
12.799992 13.032745
11.3 11.362124
11.7 11.723611
11.1 11.273042
10.70206 10.667038
11.900001 11.919264
13.399989 13.291555
12.199999 12.223286
11.3 11.311939
11.2 11.278521
11.900001 11.372038
11.1 11.187437
13.299971 13.620365
11.1 11.191313
12.299998 11.291082
11.599999 11.564115
11.2 10.861196
11.2 11.245561
12.199999 11.475192
11.400001 11.352815
11.900001 11.90103
11.599999 11.813785
11.7 11.781868
11.3 11.918068
12.1 11.834303
11.5 11.582284
11.900001 11.882028
11.8 11.871712
11.599999 11.594991
11.2 11.264002
11.7 11.66019
12.599997 12.056404
14.500117 13.87097
11.2 11.261427
11.2 11.23112
11.900001 11.8905525
11.8 11.833075
11.2 11.289844
11.1 11.164517
11.900001 11.62608
11.400001 11.373659
11.7 11.5367775
10.3 10.21767
11.900001 11.819216
11.900001 11.85705
12.799992 12.110289
11.599999 11.614012
11.8 11.807323
10.1 11.261807
11.599999 11.835561
11.7 11.73352
13.466532 12.742049
12.299998 12.11293
10.59485 10.476672
11.900001 11.920657
10.932683 11.276419
14.273925 14.313877
11.900001 11.908085
11.5 11.564018
11.1 11.178944
10.7 10.6135025
11.3 11.480968
14.19691 11.63749
11.2 11.2909
13.200015 12.53335
11.1 11.21372
11.8 11.809594
12.899998 12.264402
10.1 11.291405
11.1 11.24052
11.8 11.851679
11.2 11.356514
11.2 11.246128
13.200015 12.167345
11.1 11.204241
9.79897 9.861547
11.1 11.183472
12.349492 12.069662
11.1 11.247797
11.5 11.475605
11.1 11.126553
11.3 11.376156
11.1 11.150803
11.1 11.111276
10.70206 10.728452
12.399998 12.326874
11.8 11.785914
11.2 11.281813
11.599999 11.554935
14.600313 12.90147
11.2 11.257858
13.000009 13.704624
12.248742 10.465068
11.400001 11.513291
11.7 11.725864
11.2 11.315252
11.1 11.241125
12.399998 12.212064
13.000009 12.276039
12.299998 12.23005
11.400001 11.425628
10.2 10.557059
11.1 11.119272
11.900001 11.90087
10.3 10.694938
11.2 11.274261
11.8 11.274069
11.1 11.282601
11.400001 11.348352
11.400001 11.438221
12.1 12.433008
11.599999 11.608168
11.2 11.364389
11.1 11.356571
11.7 11.769437
11.999998 11.705575
11.3 11.353832
11.1 11.1991005
11.8 11.812043
11.3 11.325428
12.199999 11.730711
11.2 11.277844
11.900001 11.82743
12.699998 12.354779
11.2 11.226723
14.419664 14.689138
12.599997 12.300074
11.5 11.52807
11.2 11.228217
11.1 11.203041
12.300659 12.42753
11.2 11.242393
11.599999 12.194715
11.400001 11.519287
12.146482 12.8111315
12.599997 12.971065
11.1 11.150235
12.899998 12.670388
11.1 11.183929
11.1 11.20145
11.900001 11.92985
11.3 11.708674
11.2 11.266551
11.999998 12.036619
11.900001 11.937349
13.999974 12.436061
10.8 10.56706
11.3 11.497113
11.1 11.18561
11.5 11.484193
11.3 11.414107
13.800057 12.349994
11.5 11.507149
11.1 11.318859
11.599999 11.563763
11.3 11.312373
12.721546 12.198211
13.1 12.464234
11.5 11.655444
11.1 11.153799
11.1 11.2205925
11.8 11.37048
10.1 10.295328
11.900001 12.219759
11.3 11.456177
11.782456 11.625824
11.5 11.549756
10.3 10.333466
11.923909 11.425852
10.1 10.177464
11.3 11.347178
11.400001 11.508076
10.6 10.44168
11.1 11.351182
11.400001 11.393293
12.199999 13.2606125
11.8 11.731687
11.999998 11.9586525
11.599999 11.98889
10.70206 11.273005
11.8 11.882353
13.200015 12.313695
11.3 11.629698
11.1 11.152107
13.200015 12.119482
11.3 11.424416
11.7 11.685986
11.7 11.6980095
11.599999 11.590626
11.2 11.2440605
11.599999 11.642939
13.500008 13.926719
12.499997 12.814996
11.8 11.806063
12.899998 12.658792
11.900001 11.963858
11.1 11.129102
11.5 11.828591
11.900001 12.173689
11.999998 11.955656
11.2 11.049358
11.1 10.718523
14.5685215 13.824374
11.900001 11.834952
11.8 11.798784
12.399998 11.630642
11.900001 11.936688
11.3 11.374779
11.999998 11.943171
11.7 11.715164
10.8 10.808427
11.7 11.921048
11.3 11.355358
11.721602 11.244453
13.248742 14.340377
13.200015 12.893648
11.2 11.414058
11.8 11.841505
12.199999 11.708378
11.400001 11.551518
11.1 11.157785
11.2 11.226484
11.2 11.393517
13.299971 12.955285
12.1 11.942028
11.8 11.874382
11.8 11.716173
11.8 11.894087
11.7 11.836647
12.499997 11.887077
11.900001 11.872147
11.999998 11.920467
13.699981 12.511825
12.020819 11.737164
11.7 11.723572
12.1 11.596403
11.900001 11.874565
11.1 11.391687
11.1 11.132684
11.400001 11.361397
12.601689 12.731076
11.1 11.236877
11.999998 11.995532
11.999998 11.98768
12.799992 12.643359
11.8 11.822579
11.2 11.254555
11.5 11.538478
11.2 11.262469
11.999998 11.818059
12.199999 11.906609
11.8 11.720268
11.599999 11.675007
13.104364 11.325361
10.622879 11.201822
13.899971 14.105227
11.3 11.320492
11.400001 11.365347
11.2 11.242203
11.2 11.541677
11.900001 11.863839
11.2 11.24328
11.923909 11.2977295
11.2 11.259804
11.400001 11.6780815
11.2 11.312874
11.900001 11.869382
11.8 11.76632
11.7 11.599396
12.55967 12.761321
13.000009 11.489341
11.2 11.256749
11.1 11.101655
11.5 11.509991
11.1 11.2183275
9.40103 9.36632
11.400001 11.8326235
11.900001 11.9955845
11.425138 11.712719
11.1 11.193134
11.242667 11.299087
10.5 10.8907795
12.699998 11.774712
11.1 11.202922
11.3 11.276336
12.1 11.864618
11.999998 11.817013
11.2 11.232382
13.000009 13.122457
11.999998 12.079102
11.400001 11.404002
14.600313 14.531809
11.738272 11.9639015
11.1 11.207108
11.8 11.738949
11.1 11.255075
11.900001 11.868573
10.719789 10.767445
11.599999 11.613636
11.400001 11.461091
12.799992 12.888389
11.2 11.555492
11.25 11.363127
11.3 11.412596
12.1 12.340401
12.699998 12.558946
11.599999 11.698575
11.70103 11.646714
13.026317 13.494992
12.191515 11.799208
11.1 10.811628
11.999998 12.054024
11.1 11.164552
11.400001 11.500036
11.900001 11.889954
11.1 11.40987
11.5 11.532866
11.1 11.3114605
11.5 11.523722
11.400001 11.258502
11.599999 11.68321
12.199999 12.186092
11.1 11.196853
11.5 11.602192
11.2 11.281611
11.2 11.210165
11.1 11.181153
11.3 11.514907
11.2 11.234781
11.3 12.090023
11.900001 11.88056
11.2 11.275975
11.599999 11.912294
11.2 11.419268
11.999998 12.696617
11.5 11.3605
11.400001 11.508859
11.274371 11.297534
14.427902 14.459607
11.900001 12.386531
11.1 11.155592
11.1 11.205514
11.3 12.157585
10.622879 10.381188
11.999998 11.725299
11.999998 11.406797
11.2 11.263993
11.900001 12.057551
11.1 11.147068
11.400001 11.6124735
10.1 10.363792
11.2 11.278293
11.8 11.778492
11.8 11.857323
11.599999 11.794337
11.7 11.848294
11.49794 12.168511
11.2 11.386774
11.3 11.299389
12.1 12.264133
11.900001 11.759117
12.199999 12.059009
13.600039 13.965799
13.399989 14.003919
11.900001 11.65749
11.8 12.693539
11.3 11.358193
11.999998 12.162066
12.923909 12.721865
11.1 10.837091
11.8 11.615205
11.2 11.243874
11.599999 11.679756
11.5 11.857551
11.900001 11.893736
11.2 11.315632
13.699981 13.521934
12.599997 12.531879
11.2 11.240378
11.400001 11.3882065
10.1 10.265658
11.900001 11.8009615
12.191515 12.063963
11.1 11.147303
11.3 11.54389
15.200179 13.4548855
11.5 12.219574
11.8 11.841545
11.1 11.150101
11.1 11.284226
11.1 12.174634
11.900001 11.764436
12.199999 11.723723
11.900001 11.381502
11.400001 11.445099
11.1 11.186495
11.2 11.417516
11.900001 11.855019
11.400001 11.340573
11.999998 12.401237
11.2 11.24733
11.2 11.265932
11.900001 11.868076
11.599999 10.254596
11.599999 11.598016
11.2 11.180532
10.70206 10.687761
11.2 11.256132
11.2 11.20087
11.999998 12.0324955
11.999998 11.920849
11.2 11.265064
13.200015 12.84095
11.2 11.213142
11.2 11.30313
11.79897 12.186403
12.299998 11.7572775
10.70206 10.768684
10.4 10.434646
11.5 11.60735
12.1 11.905863
11.5 11.54262
11.599999 11.575972
11.5 11.53558
11.1 11.201577
13.299971 12.07943
11.8 11.286207
11.3 11.44706
14.63786 13.891669
12.299998 12.12713
11.3 11.490543
12.299998 11.897842
11.1 11.203195
12.699998 12.58125
11.2 11.24918
11.599999 11.612158
11.1 11.197042
11.8 11.786582
11.2 11.232403
11.900001 11.924065
11.900001 11.929723
11.19691 11.178673
12.249994 12.093308
10.1 10.859052
11.7 11.723185
11.2 11.237538
12.765546 12.301703
11.2 11.277374
11.2 11.226475
13.668636 13.786007
11.5 11.759273
11.599999 11.740178
11.5 11.496469
11.2 11.57982
11.8 11.799412
11.5 11.8809395
12.599997 12.361055
12.299998 11.979869
11.7 11.291323
11.1 11.142054
11.1 11.251451
11.3 11.724026
11.5 11.466883
12.399998 12.120049
11.8 11.795334
11.2 11.261736
11.8 11.79405
11.2 11.239319
12.299998 12.764785
11.2 11.237207
12.79897 12.8468
11.2 11.233469
12.622879 13.158198
11.3 11.211061
11.8 11.807426
11.3 11.359017
11.3 11.407913
11.7 11.729264
11.3 11.331339
11.7 11.495676
11.900001 11.813407
10.1 10.197479
11.2 11.28408
11.5 11.773196
12.699998 11.622427
11.900001 11.877901
10.2 11.297852
11.1 11.221836
11.8 11.868272
11.8 11.788044
11.8 11.759718
11.5 12.6009
11.7 11.778203
12.207906 11.410094
11.2 11.250067
11.2 11.22867
11.900001 11.851007
11.1 12.075328
11.900001 11.608208
13.19691 11.883606
13.145758 13.177164
11.7 12.06271
11.3 11.376099
10.70206 10.684571
11.7 11.627335
13.500008 13.698178
11.3 11.493448
11.5 11.681482
11.400001 11.592223
14.999629 13.46059
11.999998 11.8298645
11.2 11.262561
10.165502 10.324948
11.599999 11.815589
11.999998 11.861523
11.5 11.569498
11.285752 11.6805315
11.900001 11.8057575
11.1 11.4501
11.3 11.327551
11.8 11.804555
11.1 11.342274
11.999998 11.3376
11.5 11.753546
9.89588 9.976722
11.900001 11.876354
11.1 11.172907
13.699981 12.784404
11.3 11.294427
11.5 11.538223
11.900001 11.879632
11.180922 12.659718
12.180399 11.142167
11.2 11.297633
11.2 11.243323
12.399998 11.974025
11.1 11.202057
11.7 12.09164
11.5 11.689542
10.40103 10.632414
11.1 11.189404
11.400001 11.606563
10.938632 11.806219
10.70206 10.735225
11.400001 11.425102
11.2 11.248499
11.7 11.711179
11.900001 11.866038
11.599999 11.99333
11.7 11.732322
11.2 11.224427
12.899998 13.216319
11.5 11.563675
11.5 11.57827
11.2 11.196339
11.2 11.27652
11.400001 11.496785
11.8 11.733616
11.2 11.250452
11.7 11.400403
12.799992 12.124151
12.799992 13.041761
11.3 11.409438
11.3 11.179078
11.1 11.204427
11.7 11.372759
11.49794 11.480809
11.329148 11.619406
12.1 11.5451975
13.200015 12.30943
11.900001 11.91594
11.400001 11.466068
12.199999 11.6045885
13.699981 12.85625
11.2 11.209359
11.5 11.61897
11.5 11.630603
11.400001 11.438782
11.15 11.509497
13.1 12.649919
13.000009 12.054087
11.2 11.327417
12.199999 12.197119
11.8 11.629606
10.622879 10.648332
11.900001 11.867033
12.599997 12.97643
10.40103 10.6308
14.700326 13.919387
10.49794 10.566116
11.2 11.235777
11.999998 11.888456
11.2 11.2703705
10.5 10.436736
11.5 11.574148
11.3 11.3487015
11.1 11.505291
11.2 11.272606
11.900001 12.023075
11.900001 11.970169
11.2 11.21115
11.2 11.315371
11.1 11.080944
11.2 11.307079
11.8 11.691164
10.40103 12.582666
11.7 11.699786
11.900001 11.84892
11.599999 11.661827
11.999998 12.004564
11.1 11.184887
12.449997 12.453834
11.3 11.265315
11.622879 11.664067
11.29382 11.538469
11.400001 11.34576
10.79897 10.974433
11.400001 11.467087
10.49794 10.622236
11.2 11.238965
10.6 11.0078
11.3 11.325811
11.3 10.595926
11.3 11.492639
12.199999 11.235258
11.599999 11.541934
11.2 11.2040615
12.699998 11.843717
12.199999 12.130514
12.199999 11.874545
11.1 11.246659
11.900001 11.977715
13.299971 13.241675
11.2 11.248589
13.800057 13.13394
11.900001 11.671059
14.200179 14.225861
11.7 11.903298
11.599999 11.608753
12.499997 12.49451
11.7 11.627779
11.5 11.742386
11.2 12.112707
11.2 11.248724
11.3 11.356371
11.3 11.449316
11.1 11.16695
10.738272 10.245133
12.299998 11.899309
10.1 10.325432
11.900001 11.860243
11.3 11.463321
11.400001 11.3691025
11.599999 11.265373
11.900001 11.867245
11.1 11.280106
11.7 11.67811
11.2 11.572653
11.400001 11.384174
14.49794 14.298934
11.900001 11.877061
14.145758 12.462694
11.5 12.405398
11.8 11.701523
11.2 11.396956
11.8 11.938488
11.2 11.306328
11.622879 11.51279
11.5 11.564442
13.359637 13.430937
12.299998 10.955149
11.2 11.334149
11.1 11.19648
11.900001 11.88076
11.3 11.423997
11.900001 11.268094
13.000009 11.787622
11.7 11.648813
10.6 11.677627
13.622879 13.579824
11.3 11.581551
11.599999 11.676955
11.5 11.503733
11.79897 12.523461
11.3 11.710165
11.1 11.131097
11.1 11.386904
11.8 11.856151
13.200015 12.188683
11.5 10.604195
11.7 11.655275
11.1 11.232757
11.5 11.621578
11.7 12.031377
11.999998 11.95896
11.5 11.534102
11.3 11.377423
10.2 10.43648
11.599999 11.555501
11.2 11.443985
12.399998 12.62209
11.2 11.251177
13.699981 13.458279
13.000009 12.2423725
11.3 11.376515
11.2 11.2686405
11.3 11.353242
11.3 11.347094
10.3 10.777424
11.900001 11.8662815
11.900001 11.867405
10.7 10.696293
10.70206 10.706739
11.400001 11.444342
11.5 11.865453
12.499997 11.2359295
9.456548 10.815474
11.900001 11.87071
13.1 12.409026
11.599999 11.785044
11.2 11.30766
11.7 11.289182
11.999998 13.157489
11.2 11.244177
11.3 11.510815
12.1 12.211893
13.600039 13.335973
9.79897 9.760933
11.5 11.519957
11.599999 11.4377775
11.999998 11.96037
12.199999 11.981842
11.7 12.11586
11.8 11.831925
11.900001 11.813488
11.400001 11.8369255
11.1 11.202551
11.8 11.835787
11.1 11.140083
11.8 11.81458
11.5 12.100996
11.3 11.292462
11.1 11.163372
11.7 11.710239
11.512516 11.542679
13.399989 12.560191
11.7 11.721237
11.5 11.346712
11.1 11.363026
11.8 12.057764
12.599997 12.1693
11.2 11.284358
11.599999 11.457499
11.1 11.271901
11.3 11.400369
11.3 11.27494
13.699981 13.40973
11.3 11.815279
11.2 11.483626
11.5 11.650461
11.400001 11.49041
12.1161 11.6409645
11.2 11.281333
11.3 11.269421
11.900001 11.84013
11.5 11.572623
11.2 11.229144
12.199999 11.840834
11.599999 11.571882
11.5 11.5367775
11.900001 11.805042
12.499997 13.286452
11.2 11.327756
11.8 11.397799
11.254902 11.434444
12.399998 12.4071455
12.1264105 12.075413
11.7 11.757597
13.399989 12.857968
13.15061 13.683541
11.2 11.289467
12.399998 12.540589
11.999998 11.407988
12.599997 12.511082
12.299998 11.868389
11.599999 11.546723
12.199999 12.135336
11.3 11.679972
11.020819 11.103297
11.599999 11.850955
11.5 11.368156
11.1 11.364199
10.1 10.704556
11.1 11.16131
11.5 11.512547
11.999998 11.880214
11.2 11.290431
11.7 11.217669
10.6 10.687007
11.35 11.513935
12.299998 12.085508
11.2 11.218484
12.399998 12.231781
11.1 11.239436
11.400001 11.457822
11.1 11.815014
14.400163 14.202233
11.1 11.192732
13.299971 13.53528
11.5 12.092306
11.8 11.79192
11.400001 11.305311
11.5 11.61157
11.599999 11.753826
11.2 11.388184
13.000009 14.336446
12.599997 12.58344
11.1 11.219781
11.5 11.402774
11.400001 11.506115
11.400001 11.434585
11.5 11.507555
11.5 11.535206
14.400163 13.541243
11.900001 11.86213
12.986056 12.735296
11.8 11.781798
10.70206 10.751387
11.3 11.358469
11.1 11.181686
11.622879 11.511952
11.7 11.848339
11.599999 11.611551
13.000009 12.479883
11.2 10.764956
11.3 11.371442
11.999998 11.903302
10.1 10.670978
11.3 11.40053
11.2 11.216797
11.5 11.551592
11.999998 12.186192
11.7 11.7481785
11.1 11.773134
12.299998 12.326311
12.199999 12.07422
14.500117 13.945819
11.7 11.410417
11.900001 11.872555
12.599997 12.449601
11.3 11.402264
11.2 11.197039
11.254902 11.278942
11.1 11.297619
12.899998 11.940758
11.900001 11.516962
11.2 11.384231
14.1 14.134702
11.2 11.245523
11.1 11.145773
11.599999 11.5421295
11.400001 10.776312
10.1 11.056601
12.299998 11.788355
10.70206 10.674389
13.600039 13.036498
11.2 11.276006
11.8 11.765832
11.2 11.204897
12.899998 12.357679
14.600313 12.838264
11.2 11.308508
12.599997 12.750613
11.3 11.40616
11.3 11.692348
14.202373 14.507547
10.5 10.742113
11.1 11.2050495
14.200179 13.647647
11.900001 11.723631
11.2 11.218669
11.400001 11.486763
11.2 11.210267
10.89588 11.217957
11.1 11.062414
11.2 11.249903
11.900001 11.943958
12.899998 12.021114
11.456548 11.482079
11.7 11.709749
11.5 11.621185
12.719789 10.841266
11.999998 13.245673
11.7 11.743201
11.400001 11.387638
11.1 11.196037
11.8 11.879212
14.500117 14.646936
13.399989 13.086507
11.1 11.244553
12.199999 11.70502
11.3 11.326534
12.199998 12.242467
13.446788 14.294377
11.900001 11.857673
11.8 12.02787
11.1 11.213487
12.599997 11.361619
11.2 11.231037
11.2 11.256008
11.020819 10.395348
11.900001 11.963887
11.5 11.511545
12.399998 11.92397
12.699998 12.561981
11.900001 11.872399
12.719036 12.043265
13.1 12.820825
11.900001 11.866026
11.5 11.337118
11.900001 11.920097
11.2 11.2698765
11.2 11.265365
11.400001 11.39938
11.880176 12.284247
11.7 11.528315
12.899998 12.534763
11.1 11.240543
11.8 11.758806
11.2 11.201052
11.2 11.383602
11.999998 11.924366
11.900001 11.897526
11.599999 11.617926
12.799992 12.345754
11.400001 11.273296
11.2 11.245834
11.1 11.206326
11.900001 11.934583
11.8 11.746947
12.499997 12.366392
11.2 11.196148
11.900001 11.873648
11.3 11.3119545
12.1 11.523556
12.799992 11.640367
10.2 11.204355
11.8 11.786608
11.900001 11.85984
11.5 11.552982
11.1 11.368235
11.2 11.49566
15.299971 14.270982
11.2 11.193553
11.70103 11.714571
11.2 11.60278
11.49794 11.417755
11.2 11.269373
11.2 11.265856
11.599999 11.594037
13.1 11.6085
11.1 11.314714
11.8 11.6533165
11.7 11.331881
11.900001 12.094539
10.622879 10.644516
11.2 11.4269905
12.1 11.241402
13.600039 11.603493
12.499997 11.964213
9.1 9.484652
11.2 11.280382
11.900001 12.066826
11.166968 11.497248
11.3 12.66376
11.8 11.828748
11.400001 11.437992
11.3 11.459794
11.1 11.143831
11.2 11.295486
13.020819 12.220009
11.2 10.952304
11.599999 11.599766
11.599999 11.925638
13.200015 12.217931
11.599999 11.287924
11.5 11.527575
11.400001 11.449627
14.400163 13.161145
11.900001 12.641618
12.899998 12.413519
11.1 11.243496
11.2 11.253977
11.8 11.806339
11.2 11.191774
11.1 11.173662
11.5 11.510539
11.2 11.302964
12.1 12.11352
11.7 12.057728
9.79897 10.04809
11.2 11.477448
11.599999 11.626297
11.900001 11.88574
11.1 11.102718
11.2 11.255964
11.5 11.561447
12.622879 12.056086
11.900001 11.870762
11.3 11.393869
12.520216 11.218879
11.2 11.462862
11.599999 11.620964
12.199999 12.301194
11.1 11.594446
11.1 11.171062
11.2 11.143066
14.299971 14.350784
11.3 11.365883
13.500008 13.51245
11.3 11.290394
12.299998 12.085009
13.321849 12.784813
11.108774 11.232852
12.555932 12.410796
13.200015 13.093797
11.999998 11.630664
11.3 11.518011
11.400001 11.393774
11.5 11.408488
11.8 11.6367035
11.1 11.329333
13.000009 11.699009
11.2 11.450754
14.1 14.076016
11.3 11.35648
11.900001 11.879495
12.899998 11.564694
11.8 11.735867
12.299998 12.153736
11.2 11.245376
11.1 11.274754
11.3 11.357265
11.2 11.326017
11.2 11.250998
11.3 11.329349
11.2 11.296522
12.199999 11.862659
10.9 10.792513
11.900001 11.857239
11.3 11.237455
12.199999 12.433157
12.699998 12.315437
11.3 11.382319
12.199999 12.078126
11.1 11.1856785
11.2 11.331457
11.3 12.067809
11.3 11.385262
11.599999 11.641898
11.900001 11.865509
14.500117 13.346625
11.15399 11.287148
10.622879 11.2130785
11.2 11.28414
14.79897 13.452593
11.2 11.255757
13.299971 14.348795
11.1 12.078541
11.5 11.542181
11.1 11.062324
11.2 11.2788105
11.2 11.304861
12.299998 11.900602
10.70206 12.803458
10.63529 11.696228
11.599999 11.573828
11.599999 11.59514
11.2 11.314289
11.2 11.221376
12.899998 11.838209
11.5 11.4929
11.2 11.928807
13.500008 13.598641
11.400001 11.414785
11.2 11.372814
11.2 11.253668
11.999998 12.360549
11.1 11.313829
11.2 11.2368
12.799992 12.368331
11.7 11.900387
12.499997 12.309721
13.899971 13.742781
11.1 11.162192
11.7 11.561369
11.3 11.303671
10.5 10.584982
11.5 11.397814
11.1 11.204366
13.399989 12.433089
11.599999 11.729659
11.2 11.724105
11.5 11.544086
11.599999 11.599865
11.1 11.122081
11.3 11.286305
13.399989 13.263461
11.2 11.231628
11.7 11.683342
12.699998 12.274521
11.599999 11.605999
11.900001 11.73605
11.3 11.352341
13.59485 10.960612
11.1 11.216961
11.7 11.5484085
13.299971 12.420055
11.5 11.501053
11.2 11.393892
11.900001 11.85586
11.3 11.7890415
11.900001 11.906846
11.5 11.534452
13.79897 13.640639
11.2 11.2682
11.2 11.323102
11.2 11.213131
12.499997 11.856775
11.1 11.200932
13.800057 12.918665
11.1 11.154974
13.399989 13.267979
11.1 11.16891
9.79897 10.267979
11.900001 11.865973
11.5 11.251404
14.644068 13.35634
12.47675 11.259155
11.254902 11.336308
11.5 11.51128
11.8 11.462811
11.999998 11.79516
11.7 11.738359
11.900001 11.881264
11.2 11.422982
10.1 10.859522
11.599999 11.560883
11.3 11.340075
11.2 11.277864
11.900001 11.993175
11.1 11.489483
11.2 11.316176
12.399998 12.041994
11.8 11.8312845
11.7 11.648996
12.499997 12.577706
13.699981 11.871315
11.2 11.279005
11.900001 11.981804
11.1 11.230714
11.7 11.7915125
11.599999 11.650833
11.3 11.325632
12.399998 11.854721
11.400001 11.910884
11.1 11.229042
11.5 11.560253
11.0914 12.927466
11.2 11.2175865
11.5 11.533153
11.1 11.176388
11.1 11.159466
11.999998 12.308894
13.344125 11.949909
11.2 11.282684
10.446788 11.84078
11.999998 13.490146
11.2 11.236231
11.5 11.85084
12.499997 11.9868765
12.299998 12.203164
10.70206 10.706897
11.2 11.307844
11.5 11.537636
11.3 11.287751
11.900001 11.869589
11.2 11.199221
11.8 12.639091
11.2 11.35372
11.999998 11.945669
11.900001 11.916198
11.47675 11.484289
11.2 11.216108
10.40103 10.618641
11.900001 11.879282
11.900001 11.898425
10.1 10.28838
11.1 11.217834
12.299998 11.787167
11.8 11.742403
11.70206 11.193816
11.8 11.958815
11.3 11.359354
11.2 11.2671385
11.400001 11.791728
11.900001 11.9197035
11.8 11.887375
11.900001 11.954048
11.1 11.11098
11.599999 13.394653
12.399998 11.903269
11.2 11.372107
11.8 11.855624
11.1 11.132072
10.79897 10.973382
14.1 14.021705
10.1 10.205359
11.3 11.326256
11.599999 11.552355
11.900001 11.885198
11.2 11.752583
11.900001 11.89225
11.7 11.795414
11.2 11.300515
12.899998 13.112559
11.900001 11.816704
11.2 12.294417
11.400001 11.624922
14.1 13.406675
11.900001 11.872949
12.299998 11.876757
13.043096 13.0085125
10.70206 10.799107
12.399998 11.831329
10.1 10.128129
11.8 11.431939
11.7 11.59231
12.399998 11.973631
11.5 11.316925
11.999998 12.112371
11.999998 11.708567
11.5 11.490271
11.900001 11.886347
12.399998 12.721148
9.777781 10.818278
11.1 11.128921
11.1 11.22543
11.400001 11.735264
11.5 11.468351
12.199999 11.920786
11.599999 11.571085
13.800057 13.91406
11.900001 11.775318
11.599999 11.298233
11.2 11.215106
12.499997 11.520159
11.5 11.47948
11.3 11.368083
11.3 11.280266
11.599999 11.874569
11.900001 11.922535
11.3 11.357603
11.359637 11.636778
11.8 11.789981
11.3 11.752127
11.1 11.2374935
11.3 11.494263
12.651294 12.438746
11.900001 11.850687
11.2 11.486927
11.8 11.854485
13.864471 14.031326
11.900001 11.900162
11.8 12.192462
11.599999 12.504045
13.000009 11.727357
11.2 11.225285
11.900001 11.904617
11.8 11.333099
11.599999 11.972754
10.3 10.287496
11.999998 11.9753065
11.2 11.343963
11.5 11.640216
11.2 11.380747
11.2 11.249047
11.900001 11.879423
11.900001 11.879646
11.400001 11.23269
9.79897 9.808034
11.3 11.335554
12.299998 11.892944
11.7 12.045544
10.7 10.919876
11.599999 11.957329
11.3 11.276663
11.40103 11.244332
11.7 11.682789
13.800057 13.368493
11.900001 11.882959
11.2 11.242571
10.70206 10.715221
11.400001 11.428587
12.199999 11.604145
11.8 11.617244
11.5 11.778219
11.900001 11.857651
11.8 11.803283
12.499997 11.820833
11.1 11.217329
11.2 11.355335
11.8 11.800495
11.5 11.520041
11.1 11.211717
11.900001 11.890182
11.7 11.598839
11.2 11.215588
12.299998 11.801596
11.900001 11.818838
11.900001 11.934552
11.900001 12.113
11.599999 11.507284
12.299998 12.777286
11.900001 11.865909
11.5 11.573724
11.900001 11.874957
12.599997 12.126531
11.400001 11.611812
11.400001 11.286025
11.1 11.192646
11.2 11.251253
11.900001 11.8360195
11.8 11.85058
11.1 11.226611
11.3 11.338631
10.1 10.766119
13.1 13.325492
11.900001 11.277982
11.409804 12.00429
11.8 11.755859
11.8 11.8643875
12.499997 12.00237
12.359637 11.09268
11.8 11.792142
11.400001 11.439821
11.3 11.635295
12.499997 12.142871
11.2 11.21011
11.900001 11.94057
11.79897 11.68951
11.0 10.698882
11.483266 11.589821
11.599999 11.5469675
11.2 11.299376
10.622879 11.266635
14.722107 11.601432
12.1 12.047367
11.5 11.499697
11.300659 11.219055
12.199999 11.548737
11.2 11.271368
11.3 11.334841
11.5 11.316159
11.5 11.522751
11.1 11.138197
10.622879 10.734634
10.1 10.220467
10.79897 10.869095
11.7 11.749011
11.900001 11.3470125
13.699981 11.991785
11.999998 11.9682455
11.900001 11.862348
11.3 11.264145
11.5 11.589342
11.55 12.532731
11.900001 11.940867
11.2 11.376472
11.2 11.775607
11.8 11.81815
11.900001 11.869463
11.900001 11.876885
11.900001 13.239405
13.000009 12.88544
11.1 11.47064
11.400001 11.470246
11.599999 11.649299
11.7 11.625488
11.8 11.750999
11.5 11.445075
11.900001 11.890714
11.2 11.276543
11.2 11.252298
11.3 11.279181
11.900001 11.935323
11.1 11.175069
11.2 11.224253
11.3 11.959746
13.600039 13.641946
11.2 11.342657
11.1 11.219351
11.2 11.286633
11.8 11.480952
11.7 11.692562
11.400001 11.540699
12.699998 11.802635
11.599999 11.380394
11.1 11.199044
11.3 11.329596
11.400001 11.457673
12.399998 12.343595
11.1 11.256712
11.1 11.190546
11.5 11.510365
10.40103 10.313676
11.7 12.037579
11.3 11.583181
13.200015 12.950276
11.2 11.34265
11.1 11.145129
11.2 11.267815
11.202373 12.789402
12.499997 11.536465
11.1 11.2989235
11.2 11.257916
13.299971 11.690829
11.1 11.224968
11.1 11.311788
11.599999 11.691168
11.2 11.207012
12.599997 11.877739
11.5 11.788233
10.418758 10.392799
10.3 10.734278
11.400001 11.432691
11.3 11.579679
12.299998 11.993052
11.130118 10.798159
11.900001 11.656898
11.1 11.181922
12.1 12.670484
13.299971 13.735481
11.1 11.103794
11.400001 11.952739
13.49794 12.594745
11.5 11.512772
11.7 11.92952
11.1 11.187949
11.900001 11.8980465
11.900001 11.927583
10.3 10.701345
11.3 11.318328
10.8 10.866354
11.400001 11.54888
11.5 11.61874
11.400001 11.438386
11.3 11.401518
11.1 11.29122
10.456548 10.438332
13.299971 13.168765
11.2 11.467707
13.000009 12.335249
11.1 11.365604
13.200015 12.081843
14.200179 13.178115
14.500117 13.9177065
11.900001 11.904602
11.1 11.265709
11.7 11.628146
11.2 11.259806
11.5 11.464137
11.3 11.244752
11.7 11.847084
11.1 11.140752
12.799992 13.017659
11.3 11.279216
11.2 11.20637
12.299998 11.978877
11.5 11.780992
10.1 10.1090555
14.81658 14.14678
12.217476 11.314972
11.1 11.311586
11.1 11.287079
11.400001 11.499184
11.2 11.314172
13.1 12.561963
11.1 11.222883
13.1 12.418637
12.633132 12.679538
11.5 11.583912
11.2 11.256359
11.599999 11.674975
11.8 12.095964
12.1 12.040472
11.400001 11.5884495
11.2 11.250853
11.3 11.357918
11.8 11.824519
11.7 11.734116
12.499997 12.039513
11.3 11.334574
11.999998 11.94397
11.7 12.352618
10.622879 10.144762
11.400001 11.421268
11.900001 11.857573
11.599999 11.805319
11.900001 12.318543
13.899971 13.402375
11.5 11.487995
11.2 11.228452
11.1 11.153433
13.699981 13.329283
11.8 11.770346
12.299998 11.931804
12.299998 13.211785
11.3 11.249655
11.1 11.216681
11.2 11.24161
11.3 11.650902
11.400001 11.342596
11.3 11.31336
11.8 11.485803
10.5685215 10.853767
11.1 11.312586
10.1 10.210993
12.899998 12.185846
11.6157 11.673125
12.652842 12.794774
11.2 11.287291
11.5 11.565155
11.599999 11.886396
11.400001 11.591642
11.2 11.586163
12.299998 12.592662
11.599999 11.78087
11.3 11.322953
11.178996 11.241773
11.999998 12.95468
11.3 12.068937
10.207906 10.281118
11.900001 11.834333
11.900001 11.701401
12.499997 12.180492
11.3 11.649092
11.186186 11.524089
12.199999 11.740048
12.499997 12.176263
11.900001 11.942043
11.7 11.740859
12.1 13.172482
11.900001 12.4306
11.5 11.464936
13.399989 13.986438
11.3 11.752369
11.7 11.662223
10.869551 10.2467375
11.1 11.1401
11.400001 11.441618
11.2 11.415406
11.3 11.231663
11.599999 11.574412
10.1 10.103123
11.1 11.217393
11.7 11.787952
11.900001 11.846949
11.3 11.440308
13.699981 13.454307
11.599999 11.558052
11.3 11.510079
11.1 11.150895
11.400001 11.490673
11.900001 11.921828
11.400001 11.371294
10.70206 10.727168
11.3 11.400338
11.400001 11.463963
11.2 11.240997
12.1 12.082552
13.000009 11.841728
11.2 11.2385645
11.900001 11.778297
11.599999 11.604685
11.8 11.765804
11.2 11.321299
11.7 11.424534
11.999998 12.664376
11.599999 11.607647
11.599999 11.559986
11.0 11.162908
11.5 11.515351
11.900001 11.8776455
11.2 11.240974
11.2 11.215955
11.2 11.269592
14.999629 13.762261
10.1 11.418201
11.8 11.614038
13.699981 13.304086
11.1 11.209122
11.5 11.587642
11.3 11.430737
11.8 11.81332
11.2 11.304354
12.199999 11.9873295
11.999998 12.007017
10.70206 10.805355
13.986056 12.374952
11.599999 11.594524
11.7 11.7071705
11.5 11.531061
10.351812 10.348116
11.2 11.233941
11.2 11.261377
9.79897 9.859742
11.1 11.178026
11.7 11.42028
12.799992 11.977255
12.499997 11.944221
11.900001 11.877956
13.21351 13.359532
11.3 11.490286
13.299971 13.40842
11.2 11.618745
11.5 11.578852
11.1 11.263416
11.900001 11.952288
11.5 11.488418
11.8 11.764874
12.1 11.290181
11.3 11.363916
11.999998 11.847032
11.2 11.267187
11.900001 11.958576
12.299998 12.267839
11.900001 11.85273
11.7 11.745106
11.1 11.230174
11.8 11.645277
11.7 11.710205
11.8 11.764469
13.231403 14.071449
11.145758 11.422546
12.299998 12.038195
13.200015 12.988284
9.923909 9.957114
11.2 11.618112
12.699998 12.506124
11.3 11.660882
11.1 11.281587
11.25 11.3094225
11.7 12.605999
11.900001 11.898792
14.1 14.10554
11.400001 11.66927
12.1 12.371829
11.2 11.307903
11.5 11.550044
11.2 12.637148
13.1 11.8611
11.599999 11.519042
11.3 11.291254
11.3 11.391181
11.5 11.522196
11.2 11.257891
11.8 12.533423
11.2 11.288509
10.89588 10.857949
11.79897 11.789935
11.999998 11.885712
11.400001 11.388788
11.3 11.349593
11.1 11.182356
12.626186 12.811876
11.2 11.256786
11.8 11.83804
10.6 10.6599655
12.359637 12.376069
11.999998 11.871581
11.5 11.552209
11.2 11.283783
11.3 11.305188
11.599999 11.916812
13.000009 12.869431
11.79897 10.818214
11.8 11.830337
11.400001 11.486138
12.299998 11.82623
11.1 11.293163
12.299998 11.519091
11.1 11.091799
11.599999 11.671097
11.8 11.821356
11.2 11.279149
11.45 11.329091
12.089405 13.399311
12.599997 12.124883
11.599999 11.463283
11.599999 11.679241
11.1 11.520256
11.2 11.276301
12.499997 12.583438
11.1 11.11559
13.000009 13.096795
11.400001 11.731715
11.7 11.853469
11.7 12.161359
11.3 11.49872
10.2 10.415059
11.7 11.740723
11.400001 11.359738
11.1 11.21557
11.5 11.307455
11.1 12.263074
11.2 11.255091
12.199999 11.637296
11.3 11.309001
11.5 11.263514
11.2 11.224978
11.5 11.500141
11.599999 11.609883
11.2 11.239565
11.400001 11.544185
11.1 11.135731
11.671865 11.676638
13.899971 12.979421
11.7 11.6665745
11.543697 12.054664
11.1 11.268644
11.7 11.560586
11.1 11.215664
11.8 11.833397
11.2 11.306446
12.344125 12.53221
11.400001 11.476225
11.8 11.942088
11.8 11.866659
13.19691 12.000166
11.900001 11.876869
12.1 12.260126
11.999998 11.943908
11.3 11.250226
11.1 11.22333
11.900001 11.887677
11.599999 11.610855
13.200015 12.993312
11.5 11.5926075
11.999998 11.966364
13.4372425 13.400638
11.5 11.516647
12.699998 12.704138
11.2 11.307695
11.5 11.566056
11.5 11.528259
11.8 11.836731
11.236677 11.609516
11.8 11.5186
11.5 11.565604
11.2 11.223467
11.0 10.999647
12.299998 12.106178
11.999998 11.848949
11.418758 10.738529
10.869551 11.113929
11.900001 11.629288
11.2 11.34055
11.8 11.827759
12.005018 12.735007
12.1 12.018564
11.7 11.698393
11.2 11.260616
11.1 11.226264
10.3 10.584628
11.2 11.331788
11.599999 11.444792
11.900001 11.855897
11.599999 11.527625
13.1 13.009491
11.999998 11.915831
11.900001 11.570583
11.5 11.555312
11.599999 12.001951
11.999998 11.899453
12.199999 11.7216625
11.3 11.337558
12.1 11.89512
11.999998 13.153176
12.924482 11.290809
11.1 11.305131
11.900001 11.85704
11.900001 11.90167
12.499997 12.80013
11.8 11.572439
11.1 11.166491
11.3 11.507389
13.000009 13.27657
10.2 10.388761
11.1 11.17627
11.2 11.293406
12.199999 12.079818
11.7 11.670851
11.2 11.219116
10.622879 10.678127
10.609058 11.968074
11.900001 11.88564
13.000009 13.363576
11.400001 11.423303
12.478272 12.348264
13.600039 13.582172
11.7 11.765282
11.2 11.241526
11.7 11.666795
11.8 11.739826
11.2 11.383052
12.199999 11.977938
14.2870865 13.980603
9.1 9.342529
11.2 11.216657
11.2 11.30574
11.2 11.221726
12.299998 12.004873
11.3 11.395765
11.900001 11.873491
11.900001 11.963203
11.182751 11.287772
10.40103 10.932025
11.2 11.25765
12.199999 11.762569
11.1 11.486897
11.900001 11.871809
11.3 11.337549
11.747817 11.926283
11.3 11.196848
11.2 11.246326
11.7 12.097044
12.899998 12.677652
11.7 11.7006645
11.8 12.305386
11.5 11.46078
10.1 10.373516
13.1 13.3793745
11.1 11.2184105
11.8 11.778126
11.999998 11.985552
11.400001 11.289572
13.79897 13.786178
11.999998 11.973221
11.2 11.20179
11.5 11.555487
11.5 11.649652
11.59485 11.973531
11.3 11.292101
13.1 12.462861
11.2 11.256885
13.000009 13.180511
12.499997 12.749924
11.8 11.782125
11.8 11.874607
11.3 11.271233
11.7 11.657174
11.2 11.312761
11.400001 11.294228
11.5 11.611737
11.1 11.314327
11.2 11.395437
11.999998 11.993199
11.7 12.004908
11.7 11.718615
11.5 11.289012
11.7 11.642079
11.5 11.507912
11.1 11.261473
11.8 11.655819
11.5 11.551157
11.599999 11.752097
11.5 11.828648
13.336572 12.742049
11.900001 11.823024
10.446788 9.484323
11.2 11.6824465
13.200015 13.085162
11.599999 11.568758
11.3 11.584948
11.1 11.200793
12.899998 12.459886
11.1 11.889598
11.400001 11.387865
12.599997 13.604489
13.39303 13.27233
11.900001 11.859425
10.1 10.2593565
11.5 11.600937
12.199999 11.794242
11.3 11.338783
11.3 11.312029
11.900001 11.902668
11.5 11.379931
11.5 11.557859
11.599999 11.666662
11.900001 11.916699
12.1 12.339906
11.3 11.319254
11.400001 11.490574
11.7 11.893625
11.2 11.20362
11.2 11.016032
11.2 11.277685
11.599999 11.653898
11.3 11.291936
11.2 11.449654
11.1 11.233259
11.7 11.785074
11.3 11.447314
11.3 11.423019
12.199999 12.238409
11.2 11.226921
11.7 11.488209
11.5 11.550329
11.2 11.211021
13.200015 13.248767
12.1 11.808111
11.8 11.841542
11.599999 11.578766
10.250515 10.551903
11.3 11.278619
12.199999 12.001553
11.3 11.341122
11.5 11.572335
11.5 11.351255
11.1 11.34651
12.299998 11.363875
11.5 11.540472
13.777781 13.8591
11.3 11.230533
12.245087 12.415536
11.999998 11.744751
12.1 11.205574
12.1 11.828249
12.499997 11.6303215
11.3 11.307003
10.49794 10.687382
11.999998 11.96619
13.000009 12.528619
10.40103 10.306036
11.5 11.577404
11.599999 11.554186
10.9 11.200231
11.3 11.325023
12.300659 12.272007
10.6 10.644638
11.1 10.845072
11.5 11.734398
11.5 11.659439
11.5 11.572985
11.2 11.316875
10.4 10.466192
13.299971 12.114944
12.499997 12.092739
11.400001 11.300451
11.1 11.170117
11.400001 11.28715
11.8 11.9254465
11.2 11.187872
11.2 11.391128
11.400001 11.370919
11.400001 11.398964
11.3 11.31848
11.986056 13.7208395
11.2 11.267385
11.400001 11.252864
11.8 11.857637
12.499997 11.56546
11.8 11.849859
11.5 11.51149
12.699998 12.532723
10.9 10.71575
11.8 12.548753
12.1 12.026486
13.953872 12.505191
11.900001 11.850689
11.884098 11.81879
11.1 11.161237
11.599999 11.597685
11.599999 11.475521
11.2 11.257775
15.1 14.375974
11.2 11.323654
12.158986 11.718364
11.2 11.2504225
11.2 11.3073
11.2 11.241675
11.5 11.518722
11.1 11.43313
14.21351 14.261321
12.699998 12.960695
10.4 10.587521
13.000009 12.204643
11.599999 11.328102
11.2 11.249029
11.999998 11.970415
13.000009 11.853601
12.668636 12.086284
11.8 11.298367
11.445824 10.533674
11.7 11.682531
11.1 11.1098385
11.254902 11.213565
11.2 12.12868
10.1 10.223234
10.40103 10.677593
13.299971 13.44827
11.8 11.820837
11.2 11.2183695
11.5 11.688751
11.2 11.23956
11.400001 12.012457
12.499997 12.860867
11.3 11.325086
12.039302 12.527602
11.1 10.470176
11.1 11.190564
11.599999 11.791386
13.600039 13.3308935
10.1 10.66992
11.900001 11.835259
11.400001 11.528629
10.59485 10.784911
13.000009 13.301192
15.999629 15.563359
12.599997 12.489075
11.2 11.227537
11.7 11.750369
11.2 11.7495
11.1 11.255378
11.318286 11.293418
11.7 11.662075
14.805467 13.8096
11.900001 11.735816
10.2 10.67488
11.900001 11.864559
11.543697 11.514266
12.399998 12.070332
11.1 11.218135
12.799992 12.181452
11.2 11.207275
11.400001 11.349788
11.400001 11.781633
11.5 11.5588
11.2 11.302135
11.900001 11.907789
11.2 11.203467
11.1 11.218615
11.8 11.888664
11.2 11.243443
12.499997 11.684328
11.3 11.414953
12.719789 12.427844
11.2 11.257652
11.1 11.2329235
11.177759 11.221325
12.199999 11.450152
11.599999 11.646849
11.900001 12.119049
12.499997 12.106454
11.5 11.603859
11.599999 11.54337
12.399998 12.765496
13.600039 13.411457
13.399989 12.576458
11.2 11.324778
13.299971 13.015182
11.3 11.522465
13.500008 13.794653
11.8 11.93504
11.3 11.370846
12.901632 12.893195
11.2 11.257193
11.5 11.244
12.1 11.865479
12.499997 11.973752
11.900001 11.954159
10.3 10.77075
11.5 11.516367
11.3 11.389124
10.40103 10.459331
11.2 11.244782
11.8 11.779215
11.999998 12.007939
11.400001 11.259795
13.1 11.831737
14.600313 13.382326
12.299998 12.036735
11.2 11.279747
11.999998 11.7161455
11.5 11.276429
13.344125 12.216291
15.359637 14.287739
11.5 11.494191
11.2 11.2477
9.79897 10.214041
11.900001 11.842639
11.400001 11.499077
11.719789 11.929634
11.2 11.699354
11.599999 11.653468
11.1 11.177755
12.699998 13.031339
9.79897 9.851933
10.1 10.409271
11.1 11.163022
11.5 11.44216
12.199999 12.093558
11.2 11.222794
11.2 11.145335
11.986056 11.351972
11.3 11.304627
11.2 11.283577
11.508935 11.38784
10.79897 11.01773
10.1 11.606288
9.79897 9.975916
11.1 11.496485
11.1 11.15675
12.299998 12.143402
11.8 11.776212
11.7 11.914528
9.70206 9.509375
11.3 11.309236
11.900001 11.929335
12.799992 12.476339
11.599999 11.995823
11.599999 11.594542
14.999629 12.322639
12.899998 12.485686
11.3 11.719839
15.600313 14.64198
12.199999 12.047165
11.7 11.684214
11.1 11.205139
11.900001 11.855397
13.399989 12.915236
11.599999 11.566986
11.2 11.289614
12.899998 13.118805
11.5 11.5230465
11.400001 11.411134
11.900001 11.854141
11.8 11.797039
11.15061 11.751785
10.40103 10.390413
11.2 11.246538
11.5 12.1077585
11.2 11.294905
12.399998 11.99553
12.699998 12.312301
11.400001 11.377322
14.901343 13.490474
11.19691 11.287609
12.314129 11.713561
13.399989 13.926517
13.299971 12.632396
10.70206 10.711571
11.2 11.2401905
11.1 11.242811
11.2 11.258712
11.3 11.7076435
12.299998 11.935785
14.600313 14.251814
11.999998 12.019424
11.599999 11.179136
11.1 11.186311
11.400001 11.3883915
13.1 13.366555
11.058607 11.288412
11.400001 11.263833
11.900001 11.894901
11.1 11.140336
11.2 11.177409
11.1 11.216043
11.3 11.373674
11.3 11.319979
11.900001 11.890825
11.999998 12.082672
11.599999 11.6179905
12.155518 11.980029
13.999974 14.23372
11.8 11.842436
14.200179 14.0283375
11.900001 11.352541
10.1 10.395658
12.499997 12.557655
13.70206 13.047643
11.900001 11.827699
11.3 11.421097
11.821246 11.730813
11.8 11.7966
11.5 11.566461
11.224938 12.14999
11.1 10.955032
13.1 12.883803
11.900001 11.873209
11.900001 11.903218
11.8 11.833899
11.599999 11.609017
11.1 11.174005
11.3 12.469816
11.1 11.175485
11.7 11.73105
10.321849 10.3717165
11.2 11.24883
11.8 11.644873
11.400001 11.43417
11.1 11.239111
11.2 11.343421
11.5 11.522655
11.900001 11.889829
12.1 12.226984
11.2 11.239687
10.40103 10.851391
12.499997 12.660513
11.400001 11.582187
14.1 14.360415
11.900001 11.87786
12.299998 12.131346
11.2 11.2416115
12.699998 11.730697
11.1 11.374517
11.5 11.754879
11.599999 11.578484
13.000009 11.926325
11.1 11.20397
11.900001 11.896809
11.5 11.526966
10.3 11.128512
11.2 11.229824
11.999998 12.226835
11.2 11.27747
11.2 11.296025
12.499997 13.318078
11.8 11.665424
11.900001 11.894529
11.1 11.187107
11.599999 11.612113
11.1 11.427433
10.738272 10.921378
11.599999 11.677729
10.79897 11.001511
13.800057 14.11943
11.5 11.578656
12.699998 12.27369
11.2 11.318874
11.2 11.256836
11.8 11.806946
11.1 11.566884
11.5 11.567345
11.999998 11.642484
11.3 11.398887
11.7 11.265162
13.1 11.765691
11.900001 11.861069
11.999998 11.966972
11.3 11.259547
11.8 11.759825
10.5 10.538626
11.8 11.63949
11.7 11.283623
10.1 11.097501
11.3 11.686343
11.11059 11.164465
13.399989 12.117241
11.1 11.286528
12.299998 12.007538
12.399998 12.2940855
11.8 11.8068285
14.282827 10.901056
11.599999 11.596767
11.1 11.226881
11.2 11.26277
11.599999 11.713263
11.2 11.260515
11.900001 11.873533
11.8 11.830676
11.7 11.664827
10.1 10.570172
11.164493 10.354897
11.3 11.275549
11.2 11.280578
11.2 11.297597
11.999998 11.883014
11.2 11.189777
11.999998 12.07826
11.900001 11.901433
12.499997 12.264512
11.2 11.2800045
11.1 11.215321
11.1 11.231958
11.7 11.672897
13.699981 12.970939
11.1 11.165104
12.1 11.967378
12.299998 12.087936
11.5 11.546915
13.075391 12.977813
11.5 11.538784
11.2 11.284093
11.3 11.249464
12.549997 12.173844
11.8 11.793534
11.56133 12.523759
11.2 11.225882
11.900001 12.161679
11.8 11.7870245
11.2 11.274029
12.299998 11.58844
11.2 11.206943
10.622879 11.401506
11.3 11.276049
11.19691 11.43966
11.999998 12.22551
11.2 11.299125
12.89588 12.410002
11.2 11.958836
10.224938 10.253733
11.8 11.76392
14.1 13.798446
11.5 11.465708
11.3 11.370838
11.2 11.240599
11.5 11.584883
11.5 12.067095
11.5 11.508636
11.5 11.5615635
11.2 11.325
12.199999 12.552903
12.799992 13.030726
11.5 11.525211
11.1 11.181733
11.2 11.374063
12.299998 11.776306
11.599999 11.655487
11.400001 11.459517
11.2 11.213293
11.400001 11.33954
11.2 11.2355995
11.900001 11.883152
11.900001 11.893135
11.900001 11.868389
11.2 11.262739
11.900001 11.863752
11.2 11.271042
11.599999 11.337109
10.40103 10.439525
11.1 11.327447
11.622879 11.706824
13.299971 13.50072
11.400001 11.394212
11.1 11.283646
11.2 11.2527485
11.1 11.128288
11.5 11.386384
11.900001 11.846036
12.299998 12.186405
11.2 11.262909
11.1 11.265445
11.0 11.20096
11.5 11.446651
11.7 11.810922
11.5 11.461905
11.2 11.229628
11.5 11.5859585
13.058607 12.839284
11.2 11.335487
11.400001 11.258306
11.900001 11.935281
12.299998 12.4360485
11.900001 11.879213
11.7 11.611782
11.2 11.244063
11.900001 11.849567
11.2 11.268055
11.2 11.246992
11.7 11.749013
11.599999 11.463772
11.900001 11.854769
11.8 11.839572
11.400001 11.205785
12.742065 13.175826
11.3 11.54488
11.2 11.298233
12.699998 12.074115
12.699998 12.745586
11.1 11.478731
11.1 11.212751
11.3 11.434784
11.2 11.263611
11.7 11.810218
13.000009 12.019308
11.999998 11.840947
11.5 11.410042
11.599999 11.533855
11.7 11.308659
11.3 11.401592
11.40103 11.411146
12.499997 12.466741
11.7 11.782785
11.1 11.148414
12.399998 12.219621
10.9 10.643241
11.1 11.4526825
11.400001 11.303251
11.999998 11.932993
12.1 12.118628
11.5 11.529667
11.7 11.756979
12.499997 12.446332
11.2 11.244157
11.999998 11.96401
11.3 11.441229
13.000009 11.954676
11.2 11.303755
11.900001 11.838002
10.3 10.441817
11.2 11.48443
11.900001 11.867298
11.8 11.386323
11.900001 11.86602
11.599999 11.622142
11.204387 11.250351
10.622879 10.727152
15.1 14.293196
11.900001 11.819512
13.299971 13.075942
11.2 11.174522
11.2 11.289864
10.622879 10.679439
11.8 12.174234
11.7 11.720509
12.1 11.85747
11.2 11.438194
11.2 11.198437
11.999998 11.913906
12.299998 11.303532
11.2 11.262123
13.000009 13.478976
11.2 11.317133
11.999998 11.8752
13.999974 13.723596
11.5 11.40753
12.699998 12.714761
13.600039 12.86185
12.1 13.001111
13.600039 12.736794
11.7 11.766836
11.900001 11.894763
13.200015 13.248125
11.2 11.235926
13.336572 13.011226
11.999998 11.659869
11.2 11.459055
10.622879 10.800055
11.2 11.212852
11.3 11.253204
11.1 11.138268
12.499997 12.518926
11.1 11.184659
11.7 11.669798
12.399998 12.491704
11.2 11.59588
11.2 11.244328
11.2 11.311361
11.5 12.336017
11.2 11.252109
11.5 11.437546
11.5 11.562857
11.7 11.583322
11.7 11.754105
11.400001 11.517118
11.2 11.236753
11.2 11.242103
11.900001 11.86112
11.2 11.244753
11.999998 11.203863
11.5 11.716041
11.599999 13.535323
11.1 11.22953
12.399998 12.448989
11.599999 11.589766
11.19691 11.485138
11.7 11.650495
12.299998 11.739758
12.699299 12.733236
11.5 11.508606
11.900001 11.865728
11.999998 11.859962
11.599999 11.667648
11.5 11.512129
11.8 11.790111
11.1 11.234697
12.499997 12.777515
11.5 11.488464
11.7 11.836233
10.7 11.35952
12.599997 11.806479
11.3 11.321706
11.3 11.411846
11.900001 12.174673
12.199999 11.848158
11.599999 11.7315445
12.699998 13.24443
11.599999 11.625107
11.8 11.845533
11.400001 11.392993
12.199999 12.689324
11.400001 11.796199
13.399989 11.593587
11.900001 11.876195
11.599999 11.582761
12.399998 12.151348
11.1 11.126883
13.500008 13.959926
11.1 11.354601
11.2 11.216829
11.900001 11.887774
11.254902 11.326796
11.8 11.381876
11.2 11.429294
11.999998 11.826664
11.2 11.241631
11.900001 11.976442
11.2 11.480298
11.900001 11.882805
10.777781 10.249634
11.5 11.511272
11.900001 11.933077
10.622879 10.713896
13.200015 11.423293
11.49794 11.61219
11.900001 12.272122
13.1 12.917123
11.1604805 10.854742
11.3 11.392694
11.1 11.276446
11.2 11.340276
11.2 11.294077
11.3 11.675884
10.9 10.662926
11.8 11.829836
10.3 10.086031
11.900001 11.896582
10.923909 11.151457
13.699981 12.084503
11.5 11.529287
11.5 11.574841
11.3 11.38602
11.7 11.360462
11.7 11.581621
11.1 11.331681
10.40103 11.086386
11.2 11.225979
11.599999 11.6155205
11.599999 11.304344
11.12048 11.256255
12.1 12.300032
10.622879 10.900104
11.8 11.764893
12.199999 13.053479
13.699981 13.987809
12.589455 12.442182
11.599999 11.49839
11.3 11.41955
11.900001 11.980944
11.2 11.337576
11.999998 12.048723
11.476309 11.193434
10.549771 10.983837
12.399998 11.573588
11.900001 11.905914
10.938632 11.522637
10.9 10.386684
10.4 10.8605
12.699998 12.212316
12.299998 12.192089
11.999998 12.438193
13.399989 13.522544
11.900001 11.315731
13.1 11.263704
14.200179 12.986858
9.79897 9.862933
10.40103 11.716488
11.400001 11.463477
11.8 11.778137
11.2 11.302843
11.400001 11.464724
11.5 11.598419
13.191515 13.071188
10.70206 10.719376
11.3 11.393495
13.299971 12.993497
11.999998 11.896584
11.2 11.231821
11.5 11.527279
11.1 11.506837
12.1 11.9175005
12.199999 11.909744
11.1 11.200976
13.500008 13.025609
11.7 11.726446
11.1 11.123558
11.2 11.34156
10.242667 10.267979
11.8 11.952125
10.577556 10.28845
11.1 11.056921
10.555932 10.785961
13.999974 13.338853
11.900001 12.6080885
11.7 11.757364
11.1 11.1960745
11.7 11.71071
11.2 11.223654
11.2 11.200026
11.1 11.292246
11.900001 11.861873
11.3 11.963781
10.2 10.434771
11.900001 11.888292
11.2 11.2348175
11.2 11.968161
11.5 11.678387
12.499997 12.159229
11.1 11.075448
10.5 10.57044
10.869551 11.1117525
11.2 11.5555935
11.8 11.868149
11.7 11.421871
11.400001 11.393399
11.599999 11.733561
11.3 11.431007
11.8 12.039191
11.3 11.40751
11.2 11.234776
12.199999 11.868887
11.2 11.26091
12.199999 12.071672
11.7 11.739048
13.200015 12.445291
11.8 11.972621
10.70206 10.715609
11.2 11.932504
11.1 11.216884
11.5 11.466515
11.3 11.789751
11.400001 10.929471
12.799992 11.9967575
11.999998 12.21856
11.900001 11.879668
11.40103 11.550812
11.1 11.49155
11.2 11.461392
11.2139435 11.344727
11.2 11.22349
11.8 12.731267
11.3 11.2728615
11.599999 11.283657
12.499997 12.036775
12.1 11.831789
14.700326 13.865709
11.400001 11.435415
13.219187 10.956359
12.599997 12.687831
11.1 11.210668
11.900001 11.897671
11.1 11.512071
11.1 11.206598
11.8 11.852318
14.254902 14.223907
13.699981 13.395295
12.1 10.6544
11.8 12.531558
12.1 12.09137
10.555932 10.926065
11.3 11.419727
10.058607 10.028852
11.1 11.108806
13.200015 11.968256
13.622879 13.2648535
11.900001 11.831512
13.1 13.1223955
13.699981 12.241632
11.400001 11.440424
11.599999 11.493386
11.1 11.525192
10.1 11.415824
11.2 11.424723
11.1 12.189985
11.2 11.390856
11.239147 11.323535
11.599999 11.524285
11.1 11.1093
11.900001 11.985224
11.400001 11.518365
12.599997 11.314174
11.900001 11.978573
11.2 11.267504
11.1 11.202255
11.3 11.480599
11.900001 11.90733
11.3 11.361109
12.399998 11.598865
11.986056 12.126475
11.8 11.872159
11.2 11.253963
14.1 14.401933
11.5 11.46344
11.1 11.203447
13.800057 12.457133
11.5 11.538669
10.242667 11.76496
11.2 11.25345
12.299998 11.757648
11.8 12.005871
11.5 11.773645
11.1 11.246723
11.7 11.814737
11.7 11.667492
11.7 11.705086
11.520216 11.265116
13.1 12.28502
11.349999 11.5954
11.400001 11.404179
11.2 11.284098
11.7 12.026268
13.800057 12.378413
11.400001 11.279674
11.400001 11.464071
11.400001 12.521593
11.7 11.426544
11.2 11.299982
11.599999 11.661394
12.668636 12.279417
11.2 11.280657
11.400001 11.357756
11.999998 11.968115
14.1 12.486749
11.900001 11.877435
11.1 11.13899
11.900001 12.004758
11.1 11.216185
12.399998 12.2054825
11.1 11.255142
12.699998 11.434233
12.199999 11.709262
12.499997 11.880834
11.2 11.267546
11.2 11.309775
12.599997 12.426914
11.2 11.213102
11.8 11.68278
12.499997 11.574727
11.2 11.294734
11.2 11.285261
12.799992 11.860873
11.2 11.297966
11.999998 12.007395
13.321849 13.111669
10.145758 10.223959
11.900001 11.532176
11.5 11.640007
11.1 11.453084
11.1 11.196901
11.999998 11.936575
11.1 11.239516
11.999998 11.967426
11.400001 11.449202
12.1 12.322082
12.1 12.382675
11.900001 11.968496
11.2 11.292109
11.900001 11.857197
12.699998 12.452764
11.5 11.437921
11.8 11.868461
11.999998 11.814597
13.299971 12.807681
11.5 11.50741
11.3 11.318026
11.2 11.210135
11.1 11.121824
11.999998 11.911722
11.900001 11.882809
11.5 11.637377
11.2 11.271873
11.900001 11.431499
11.999998 11.879378
11.2 11.281394
11.5 11.493373
11.999998 11.889507
11.999998 11.956842
11.999998 11.945569
12.399998 12.343207
12.239662 12.623665
11.8 11.794398
12.299998 12.181362
10.3 10.450874
11.2 11.20676
14.500117 13.048425
14.79897 14.44202
11.35 11.205666
11.0 10.560901
11.900001 12.130918
11.5 11.7338085
11.2 11.214015
11.1 11.158154
11.8 11.80984
11.5 11.286629
11.8 11.819871
11.7 11.757213
11.599999 11.630369
11.1 11.148626
10.805533 12.058409
11.3 11.347488
10.70206 10.731979
11.2 11.288258
11.1 11.150574
13.000009 13.444165
11.2 11.220507
11.2 11.343091
11.1 11.277324
13.1 13.575091
12.1 11.771685
11.280576 11.337266
10.1 10.6576805
11.2 11.31897
11.599999 11.273205
11.2 11.403453
11.1 11.15211
11.400001 11.498444
11.900001 11.772878
14.500117 14.222133
10.622879 10.639713
11.7 11.696226
11.3 11.274026
11.5 11.721622
11.400001 11.252468
10.40103 10.573908
11.3 11.325458
11.8 11.785322
12.499997 12.267252
12.850003 11.850823
13.219187 11.931479
11.1 11.180048
11.3 11.384957
11.599999 11.514446
12.399998 12.752302
11.2 11.195983
11.5 11.705565
11.2 11.450386
11.900001 11.608395
10.5 10.682815
11.599999 11.7010565
11.2 11.239198
12.399998 11.616352
11.2 11.254931
11.1 11.407604
11.400001 11.1791315
12.199999 12.541789
11.599999 11.695366
12.599997 12.593535
11.2 11.347186
13.986056 13.469177
11.8 11.697107
11.3 11.292866
13.399989 13.252088
11.2 11.279701
11.2 11.253605
10.3 10.743467
11.8 11.811985
11.2 11.251255
11.5 11.543476
10.79897 10.715076
11.5 11.396077
12.1 11.545527
11.8 11.745301
11.900001 11.896982
11.999998 11.896283
11.7 11.620344
11.7 11.617477
12.601689 12.768182
11.5 11.606591
11.1 11.166868
11.2 11.322757
11.2 11.193018
11.202373 11.265264
10.872113 11.054901
11.400001 11.569525
11.2 12.152648
10.40103 11.018707
12.190621 11.989819
10.1 10.696319
11.5 11.471739
11.2 11.229169
11.1 11.663685
10.3 10.293584
11.8 11.85
11.79897 11.342515
11.900001 11.865387
11.400001 11.266987
11.599999 11.495914
10.5 10.6799135
10.40103 10.64797
14.1 13.281241
11.8 11.840798
11.5 11.493614
11.2 11.20538
13.600039 13.381098
11.900001 11.93763
11.8 11.766893
11.400001 11.475206
11.900001 11.85232
12.199999 12.073814
11.7 11.719164
11.2 11.287273
11.7 11.76388
12.299998 12.131362
11.2 11.247437
12.399998 11.902721
11.273925 11.4492445
11.999998 11.945307
12.807404 12.884984
11.999998 12.017712
9.47675 9.478365
11.1 11.199648
13.500008 13.259698
13.650009 13.224789
12.651294 12.629336
11.900001 12.7434225
11.8 11.831865
13.999974 12.530816
11.2 11.270785
11.5 11.443382
11.3 11.319097
11.2 11.390036
13.1 13.31528
11.5 11.505562
11.999998 12.080105
11.289096 11.692785
13.622879 13.580649
11.599999 11.651501
11.900001 11.828035
14.600313 13.703852
11.3 11.295536
11.2 11.280125
11.5 11.273164
11.599999 11.628356
13.500008 12.95911
12.1 11.99789
11.3 11.923836
12.299998 12.165566
11.1 11.275784
11.1 11.209402
11.2 11.682291
10.1 11.338469
13.000009 14.069339
11.599999 11.385543
14.881657 12.499717
11.2 11.216759
11.900001 12.126941
11.999998 11.978875
12.1 11.436597
12.599997 11.340028
12.499997 12.604974
11.40103 11.237097
11.900001 11.869886
11.5 11.590298
11.8 12.081201
11.900001 12.333663
11.599999 11.803788
12.799992 12.695678
11.2 11.31605
11.7 11.501043
11.3 11.426443
11.1 11.202533
11.3 11.932968
11.3 11.712695
11.8 11.794504
11.3 11.400769
11.8 11.758178
11.900001 11.678749
11.104364 11.208576
11.15 11.538567
11.5 11.543246
11.1 11.19095
11.1 11.596361
12.599997 11.423192
11.1 12.3640375
11.400001 11.421379
12.399998 11.898693
11.1 11.206783
12.149149 12.665064
11.7 11.7340355
11.1 11.220337
11.900001 11.86004
11.1 11.255413
10.1 10.744583
11.900001 11.869084
11.2 11.261604
11.2 11.435104
12.1 11.252681
12.599997 12.943376
11.2 11.210586
10.622879 10.699358
12.899998 13.546083
13.000009 12.475114
11.400001 11.42052
12.899998 12.767558
11.3 11.363713
11.400001 11.308849
11.400001 11.273405
11.400001 11.541527
11.999998 12.003439
11.8 11.806152
11.5 11.537437
11.1 11.481215
11.3 11.316555
11.3 11.552333
11.1 11.152742
13.299971 12.417705
11.7 11.705559
11.5 11.440974
11.5 11.57604
13.600039 12.001216
11.5 11.50716
11.5 11.524941
11.685027 11.845617
10.5 10.485008
11.599999 11.585587
11.2 11.250193
11.599999 11.43726
11.1 11.276232
12.699998 12.44455
11.8 11.781139
11.5 11.582392
11.3 11.826824
11.599999 11.507978
11.5 11.471248
13.200015 12.37026
11.400001 11.412916
11.986056 11.4037285
12.1 12.027159
11.400001 11.422865
11.2 11.213643
11.2 11.235374
11.900001 11.747824
12.392429 11.403949
13.399989 12.720012
11.2 10.817446
11.2 11.276449
12.601689 12.74887
11.2 11.217322
12.1 11.906029
11.8 11.777593
10.165502 10.281735
11.2 11.195128
12.499997 12.173004
12.899998 12.377349
11.2 11.238396
14.351812 14.197905
14.500117 13.008092
11.999998 11.983299
10.70206 10.715182
11.5 11.846479
11.5 11.524111
11.5 11.504866
11.5 12.004713
11.599999 11.568361
13.200015 12.97845
12.485103 11.846071
11.7 11.851864
11.2 11.555496
11.2 11.361359
11.900001 11.819736
12.499997 12.165323
11.8 11.702928
11.2 11.427296
11.900001 11.895166
11.1 11.184969
12.399998 12.716762
11.999998 11.983701
11.999998 11.9466505
12.40103 11.251818
11.900001 11.912571
11.2 11.195956
11.5 11.545288
13.500008 12.651044
11.400001 11.425843
12.399998 12.522699
11.2 11.239707
11.900001 11.972735
11.2 11.678468
11.3 11.297091
12.199999 12.067981
12.299998 13.035369
11.8 11.7939825
11.1 11.194506
10.6 10.54432
11.1 11.193958
11.3 11.360724
11.1 11.265364
11.3 11.9583025
11.400001 11.424648
11.900001 11.898541
11.7 11.778185
13.1 13.039786
11.1 10.968966
13.254902 13.3023615
11.738272 11.540822
11.8 11.546158
13.800057 13.017027
11.5 11.524657
11.1 11.154545
11.1 11.229168
11.5 11.312421
14.600313 14.374124
11.599999 11.674528
12.699998 12.847049
11.1 11.311058
10.79897 11.114458
11.1 11.23897
12.1 11.858259
11.1 11.233295
11.1 10.97591
11.5 11.520626
11.999998 11.907829
11.2 11.22488
14.200179 14.736056
13.4372425 13.692903
12.499997 12.114601
11.5 11.479302
12.399998 11.883513
11.1 11.220557
11.400001 11.368834
11.1 11.208252
10.1 10.276808
11.5 11.5301285
11.923909 12.5821905
13.399989 13.000274
11.622879 11.570626
11.7 11.387761
11.2 11.2429085
11.1 11.216272
11.599999 11.627317
11.581486 11.299948
13.200015 12.395257
12.899998 13.230065
11.2 11.3256645
11.3 11.342506
12.699998 12.086705
12.685027 12.59044
11.999998 11.918185
11.8 11.77137
10.2 11.347707
11.2 11.315035
12.299998 10.434429
11.1 11.242991
11.400001 11.558612
12.299998 12.056727
11.2 11.263061
11.5 11.820834
11.1 11.597743
11.599999 11.652464
11.2 11.232577
11.400001 11.534922
11.2 11.318752
13.531798 12.463271
11.1 11.148556
11.599999 11.602834
12.1 12.72518
11.2 10.924562
11.900001 11.923973
12.299998 11.757473
13.800057 12.733654
13.200015 12.059257
11.999998 11.972342
11.1 12.204264
11.900001 11.950957
13.299971 13.036525
11.2 11.26304
12.199999 12.09828
13.800057 13.420569
11.599999 11.56108
11.8 11.769758
11.7 11.680921
11.2 11.279545
11.8 11.909351
11.8 11.766981
11.1 11.147765
11.498559 12.109409
11.3 11.322123
12.1 11.6006155
11.1 11.242638
11.5 11.633265
11.999998 12.098034
11.599999 11.6670265
10.40103 11.325228
11.900001 11.917146
11.2 11.218298
12.8447275 12.118032
13.000009 11.975648
11.3 12.06418
11.900001 11.855372
11.2 11.335241
11.2 11.45838
11.1 11.28944
11.3 11.3463335
11.8 12.177958
11.667832 12.544932
11.1 11.281637
13.000009 12.676177
11.599999 11.31576
11.2 11.301491
11.900001 11.871995
12.199999 12.01232
11.999998 11.922875
10.622879 10.773059
10.79897 11.118763
11.932683 12.221348
12.199999 11.901246
11.2 11.26557
11.900001 11.871148
11.020819 11.330393
11.8 11.811202
11.7 11.732788
12.199999 11.531837
11.900001 11.860697
11.2 11.300619
14.1 14.6054945
11.900001 11.910718
11.3 11.335368
14.299971 13.6654005
11.2 11.615679
11.599999 11.626728
11.5 11.56817
11.400001 11.624577
11.3 11.61713
10.8 10.918634
11.2 11.258551
11.900001 11.913263
14.321849 14.298449
11.900001 11.864388
11.5 11.545128
13.399989 14.116689
11.3 11.464259
11.7 11.2451315
11.2 11.217101
12.953999 13.265414
11.2 12.036164
11.1 11.122589
11.1 11.251106
11.3 11.316716
11.5 11.54639
11.1 11.195919
11.8 11.693002
13.899971 13.594504
11.5 11.47691
11.999998 11.942409
12.699998 12.274946
11.900001 11.878703
11.2 11.294756
11.999998 12.01017
11.8 11.646805
12.799992 12.000164
11.900001 11.847893
11.1 11.165168
12.499997 12.203029
11.8 12.424931
11.2 11.27407
13.699981 13.518792
12.299998 13.16103
11.8 11.8424635
11.1 11.159851
11.2 11.370462
10.5 10.745216
11.900001 11.863533
11.400001 10.849705
11.3 11.351872
11.1 11.004824
12.899998 12.777646
12.299998 11.7079115
11.70103 11.680313
11.400001 11.655022
11.3 11.337945
11.8 11.798389
12.1 11.925123
13.200015 12.630526
11.400001 11.438844
11.5 11.557898
11.900001 11.874416
11.3 11.456134
11.8 11.864716
11.400001 11.483248
11.40103 11.3512
11.1 11.253748
12.699998 12.34558
11.5 11.537434
11.1 11.235924
11.900001 11.720988
12.71261 12.722409
12.499997 11.474357
13.699981 12.216091
11.49794 11.578026
11.599999 12.004095
12.799992 11.97292
13.531798 13.1465025
11.2 11.269485
11.2 11.144466
11.3 11.358772
11.8 11.833372
11.3 11.262003
11.1 11.1871195
11.400001 11.430639
12.199999 12.062278
11.8 11.419477
11.599999 11.729965
10.2 10.225465
11.1 11.3680725
11.2 11.257463
10.1 10.268976
10.70206 11.073835
11.3 11.388586
11.1 11.27504
11.900001 11.713435
11.3 11.434367
11.1 11.227079
12.537707 12.265951
11.599999 11.63246
10.555932 10.940232
11.5 11.588745
11.1 11.179268
11.400001 11.373045
12.869551 12.902389
11.7 11.552137
11.400001 11.247462
12.599997 11.979923
12.199999 12.131176
11.400001 11.700431
11.2 11.312325
14.652842 14.800967
11.1 11.155281
11.7 11.563898
12.324754 12.949848
11.1 10.446014
11.2 11.272862
11.2 11.257196
12.499997 11.586475
11.400001 11.572586
11.1 11.188882
11.2 11.629655
11.8 11.829529
12.1 12.813859
14.1 14.478967
11.999998 11.915213
12.812984 11.73302
11.3 11.275726
12.1 11.803923
11.400001 11.389548
11.599999 11.787752
11.900001 11.918049
11.999998 11.9561
11.7 12.56676
11.999998 11.946066
11.2 11.247787
11.669136 12.724133
11.900001 11.748946
11.5 11.310266
11.84958 11.348781
11.900001 11.830167
11.7 11.759111
11.5 11.804005
11.2 11.203043
11.900001 11.994291
11.5 11.51495
11.2 11.35113
13.600039 13.4616785
11.923909 11.932392
11.900001 11.878645
11.254902 11.256417
11.2 11.620541
11.7 11.702682
11.900001 11.90421
11.5 11.429042
11.900001 12.135805
11.3 11.3238125
13.299971 11.753795
11.999998 11.522096
11.2 11.261244
11.900001 11.960247
11.1 11.267747
11.900001 11.847427
13.899971 12.091047
11.900001 11.869787
10.1 10.230206
11.5 11.505825
14.236677 14.30453
9.40103 9.322478
11.7 11.782492
11.400001 11.344575
11.8 12.583292
11.599999 11.434721
11.3 11.283682
11.7 11.808033
11.2 11.251152
11.8447275 11.743555
11.5 11.5223875
12.1 12.142998
9.79897 9.907986
12.7090645 13.67291
11.3 12.938399
11.2 11.1984005
11.5 11.511833
12.1 12.123517
10.4 10.541775
10.40103 11.585878
11.7 11.89944
11.900001 11.932501
12.1 12.993589
12.399998 12.336066
11.2 11.238862
11.900001 11.929474
13.699981 12.980109
11.599999 11.510541
9.893174 9.927436
11.3 11.293081
11.900001 11.911141
13.49794 12.7568245
11.8 11.834254
13.500008 13.199241
12.799992 12.403394
13.800057 12.118518
14.200179 14.061783
11.599999 11.740637
11.5 11.530666
11.3 11.30321
10.1 10.35755
11.696879 11.967899
11.8 11.879686
11.79897 11.977201
11.699999 12.1314535
11.3 11.354525
11.8 11.876933
11.5 11.565223
12.699998 12.107503
11.5 11.523653
12.399998 12.696475
11.2 11.232583
11.2 11.50024
12.359637 12.340585
11.900001 11.871113
11.5 11.531963
10.4 10.663601
16.141392 14.443637
13.399989 12.945925
11.7 11.465157
15.1 13.696412
11.1 11.189566
11.599999 11.760864
11.3 11.31628
13.200015 12.990777
11.999998 11.995821
11.7 11.307572
11.8 11.817732
12.199999 12.121037
11.3 11.345395
11.2 11.277136
13.899971 12.762888
11.567883 11.191467
11.900001 11.887658
11.900001 11.82826
11.3 12.121266
11.1 11.21896
11.8 11.957975
11.8447275 12.012052
11.3 11.455557
11.1 11.19048
10.40103 10.412037
11.652842 12.131976
11.2 11.24411
11.900001 11.9213915
11.2 11.224194
11.7 11.7092905
11.3 12.173626
12.699998 11.232616
11.5 11.530172
11.900001 11.873656
11.7 11.60685
12.699998 11.96578
11.3 11.210732
11.5 11.428465
14.299971 14.181322
12.1 11.683235
11.7 11.7472725
11.900001 11.389455
12.199999 12.325429
11.1 11.224468
11.7 11.281515
13.21351 12.997865
10.1 10.080389
11.5 11.736077
11.5 11.752346
11.2 11.224245
11.900001 11.88168
11.900001 11.561848
13.399989 12.871194
10.40103 11.193916
11.5 11.487294
11.900001 11.69912
10.79897 11.411333
12.1 11.898147
11.5 11.507059
11.3 11.700514
11.1 11.1603985
11.999998 11.797084
11.3 11.357775
11.8 11.856395
12.599997 11.779463
11.599999 11.65872
12.199999 12.651081
11.400001 11.440494
11.1 11.196442
11.1 11.204042
11.999998 12.007095
11.2 11.222108
12.299998 12.443849
12.199999 11.950445
11.1 11.167374
11.999998 12.234158
11.8 12.015337
11.5 11.637951
11.7 11.606142
10.1 10.717825
11.2 11.233753
10.351812 10.283051
11.1 11.1811075
11.1 11.124655
11.1 11.22197
11.3 11.269889
11.2 11.308796
12.633132 13.57952
12.499997 12.450124
11.999998 12.115274
11.2 11.278426
11.999998 11.925392
11.400001 11.474905
11.400001 11.38477
11.400001 11.415337
11.400001 11.464912
11.1 11.104941
11.999998 11.528884
11.599999 11.567578
11.400001 11.406771
12.1 12.010334
11.3 11.59203
11.2 11.371352
11.2 11.599066
11.058607 11.159676
11.900001 11.866647
11.1 11.2451
11.5 11.593719
11.1 11.179763
11.2 11.294241
11.8 11.836208
10.40103 10.357573
11.7 11.67858
11.900001 11.958939
11.2 11.268946
11.1 11.272143
11.5 11.260969
11.8 11.716816
10.777781 11.74826
11.3 11.303572
11.5 11.55135
11.900001 11.918364
11.7 11.637962
14.814443 12.344533
11.5 12.072514
11.1 11.200334
11.3 11.818475
11.400001 11.589274
11.3 12.74374
11.599999 11.684298
10.3 10.531944
11.3 11.432667
11.5685215 11.359143
10.581486 11.029192
11.7 11.733032
12.953872 12.540305
11.900001 11.860578
11.1 11.204504
11.2 11.335251
11.7 11.735226
11.599999 11.637082
11.400001 11.609044
11.3 11.317724
11.4 11.687802
12.899998 13.998775
11.1 11.203964
13.487216 13.3456545
13.500008 13.09734
11.8 11.581067
11.1 11.290515
11.599999 11.620226
11.999998 11.975525
12.1 12.1055355
13.999974 12.444848
12.70206 12.487447
11.3 11.24552
11.900001 11.557755
12.1 11.687359
12.1 12.648456
10.3 10.39596
11.900001 11.929206
11.2 11.259417
11.7 11.653185
11.8 11.738674
11.5 11.587076
11.5 11.550943
11.999998 11.956648
11.1 11.204259
11.3 11.610068
11.869551 10.382772
11.3 11.450896
13.1 13.033692
11.400001 11.4660845
11.8 11.899872
11.1 11.151023
11.1 11.240984
11.2 11.226629
11.1 11.2348385
10.3 10.214711
10.70206 10.708115
11.999998 11.996443
12.299998 12.176537
11.599999 11.931513
10.40103 10.593405
11.5 11.655117
11.900001 11.779921
12.1 11.262349
11.5 11.49242
10.1 10.242024
11.7 12.059872
11.400001 11.403723
11.999998 11.678677
11.8 12.395615
11.999998 11.857024
11.2 11.330416
11.900001 11.708477
11.8 11.804101
11.5 11.559848
11.999998 12.09093
11.1 11.181179
11.1 11.233079
11.7 11.635514
11.400001 11.249243
10.078811 10.066518
11.8 11.855953
11.599999 11.837305
11.2 11.277513
11.3 11.309659
11.999998 12.589734
11.5 11.240352
11.3 11.490424
11.400001 11.225881
11.5 11.518526
11.7 11.7277775
11.1 11.287128
10.70206 10.72213
11.427902 11.451129
12.899998 13.590787
11.8 11.820093
11.999998 11.928236
13.399989 12.923217
11.3 11.389727
13.299971 12.739656
12.1 12.04751
11.1 11.192281
10.5 10.775934
11.3 11.578551
11.599999 11.295397
11.7 11.654869
11.1 11.170158
10.79897 11.646435
13.600039 13.479146
11.1 11.162005
11.1 11.804133
11.8 11.835403
11.2 11.271088
12.199999 12.00602
11.2 11.244985
11.900001 11.892794
13.1 12.306718
11.900001 11.881012
11.2 11.234774
11.1 11.168112
11.5 11.427452
11.1 11.197355
12.699998 12.3392935
11.1 11.193521
11.2 11.441384
11.2 11.189722
13.200015 12.962745
10.4 11.771225
11.1 11.149278
11.7 11.487984
11.900001 11.902407
10.2 10.594661
11.2 11.331676
12.1 11.897093
11.1 11.205538
11.2 11.211746
11.2 11.279118
11.5 11.531358
13.600039 13.820612
11.2 11.235651
12.199999 12.069835
13.500008 13.0849905
11.2 11.223362
11.5 11.546531
11.8 11.510408
11.8 11.766035
11.8 11.795065
11.400001 11.2977085
11.3 11.376598
11.599999 11.567662
11.900001 11.864484
11.2 11.229609
11.599999 11.421347
11.900001 12.006874
11.2 11.254681
11.020819 10.95517
12.299998 12.278468
9.70206 9.424014
12.299998 11.685331
11.400001 11.380951
11.3 11.361328
11.5 11.663957
12.1 12.177992
12.299998 11.978064
11.2 10.705704
11.7 11.529823
11.1 11.264141
11.2 11.214878
12.799992 13.599555
11.8 11.856312
11.7 11.69971
11.599999 11.605431
10.1 10.475711
11.5685215 11.55794
9.79897 10.272416
11.8 11.855345
11.329148 11.959667
12.699998 12.352584
11.2 11.321426
10.923909 11.199305
13.800057 12.85427
11.3 11.301038
11.5 11.551063
11.5 11.56811
10.1 10.245812
11.400001 11.408173
11.8 11.777789
10.2 10.840721
11.400001 11.473444
11.599999 11.557495
11.3 11.292724
11.2 11.204227
11.5 11.535896
12.499997 12.561471
11.900001 11.872452
11.3 11.387533
11.8 11.780968
11.1 11.190905
12.699998 12.556968
10.47675 10.6652355
11.1 11.20109
13.899971 13.559467
11.5 11.395559
12.599997 12.087216
11.5 11.530371
11.2 11.395382
13.500008 12.378625
13.1 13.242505
12.877283 11.754261
10.7 10.360006
10.70206 10.625817
11.2 11.242655
11.8 11.741352
11.5 11.768997
11.3 11.259413
11.599999 11.393829
11.8 11.706572
10.622879 10.599194
11.999998 11.95036
11.900001 11.870484
11.5 11.380762
11.3 11.4429
11.543697 12.216745
11.400001 11.357824
12.399998 11.827599
11.599999 10.341896
11.8 11.84218
12.199999 11.661665
11.2 11.246595
11.8 11.939674
11.1 11.227688
11.1 11.105899
12.199999 12.696483
11.2 11.312313
11.400001 11.576534
14.1 13.877639
11.5 11.259735
11.7 11.646321
11.520216 11.34803
11.3 11.715264
11.1 11.476754
13.899971 13.438587
12.199999 11.997344
11.5 11.543323
11.3 11.173324
11.8 13.137782
13.299971 12.751891
11.2 11.292456
11.900001 11.821602
11.699999 11.955504
11.400001 11.659372
11.900001 11.836297
11.8 11.811786
11.8 11.822016
11.400001 11.2302475
12.543697 12.586076
12.1 11.965139
11.999998 12.051299
11.2 11.250898
12.555932 12.378048
11.2 11.255513
11.3 11.242001
12.499997 11.600907
12.248742 13.257022
11.3 11.286835
11.5 11.514723
11.3 11.569924
11.3 11.354015
11.400001 11.398784
11.2 11.187074
14.400163 14.490329
12.299998 11.96752
11.1 11.196939
11.3 11.418793
10.622879 10.876706
11.8 11.8077965
11.5 11.519966
10.5 10.659135
11.3 11.309831
11.2 11.216941
11.900001 11.307252
11.900001 12.066447
11.2 11.225319
11.1 11.166973
11.2 11.7355385
11.900001 11.882317
11.1 11.279736
11.1 11.173445
11.2 11.219116
11.900001 11.913086
11.2 11.266895
10.2 10.248325
11.400001 11.699846
11.5 11.760433
11.2 11.213954
12.199999 11.806776
11.1 11.204851
11.5 11.194881
11.900001 11.900844
11.3 11.610085
11.400001 11.448613
11.900001 11.896541
11.900001 11.356927
11.7 11.4037895
11.7 11.195168
11.900001 12.314525
11.3 11.24271
11.3 11.451234
13.500008 13.07768
11.2 11.240369
11.7 11.702171
13.600039 13.545218
10.1 11.2339
14.5685215 13.195695
12.899998 12.923442
11.2 11.234952
11.5 11.513336
12.499997 12.29181
11.1 11.173947
10.70206 10.7245035
11.900001 11.888881
11.8 11.703325
12.1 11.595331
11.2 12.206896
11.2 11.223764
11.900001 11.879281
11.5 11.8320465
14.1 14.2150755
13.299971 13.00212
11.8 11.837322
11.599999 11.697708
11.5 13.469136
11.821246 11.587338
11.1 11.333513
9.40103 9.384904
11.5 11.547343
11.400001 11.9300995
11.8 11.765262
11.900001 11.763024
12.199999 11.458352
13.191515 13.123305
12.1 11.249036
12.668636 12.843577
11.1 11.201585
11.599999 11.900699
12.699998 12.217565
11.900001 11.887768
11.5 11.557156
11.1 11.326466
11.8 11.367152
12.1 11.672297
11.5 11.540961
13.600039 13.215667
11.599999 11.8113785
11.8 11.797988
11.400001 11.416704
11.900001 11.884967
11.7 11.740795
11.900001 11.884323
11.1 11.152073
11.400001 11.622954
11.5 11.690842
11.2 11.264805
11.3 11.323708
11.18302 11.334839
12.799992 11.91532
11.900001 11.8929825
11.1 11.515905
13.699981 12.612835
12.899998 12.425431
11.1 11.531259
11.180922 11.263905
13.699981 13.492148
11.1 11.156734
11.3 11.278184
10.622879 10.902799
11.1 11.181514
10.40103 10.735327
11.1 11.199543
12.499997 11.471249
11.999998 11.921897
11.599999 11.803794
11.7 11.732552
11.8 11.788617
11.3 11.038805
11.1 11.119391
11.3 11.341861
11.400001 11.261681
13.000009 13.187601
13.1 13.134135
10.7 10.621977
11.719789 12.311997
11.2 11.423805
12.599997 12.685131
12.199999 11.942859
11.1 11.211188
11.900001 11.913464
11.900001 11.8685
11.5 11.508394
11.599999 13.844693
10.622879 10.677295
11.1 11.211525
11.8 11.761156
11.7 11.6966
11.8 11.799587
11.8 11.838785
12.199999 11.685219
11.999998 12.026774
14.299971 13.568772
11.599999 11.545657
11.1 11.307111
11.7 11.931314
11.8 11.789507
11.900001 11.856411
11.900001 11.862445
11.999998 12.02281
12.699998 12.543427
10.49794 11.363628
11.2 11.316876
11.8 11.438795
10.7 11.3866825
13.49794 13.390111
9.122276 9.254245
11.1 11.84021
12.899998 11.577784
11.400001 11.538197
11.1 11.156623
11.900001 11.891163
12.399998 12.147984
11.900001 11.8806
11.400001 11.366483
11.400001 11.440643
11.124064 11.288063
11.900001 11.906685
11.5 11.518448
11.49794 11.631275
11.599999 11.654898
12.599997 13.300673
11.2 11.235073
11.5 11.367891
10.70206 10.712971
11.1 11.214813
11.1 11.191141
11.5 11.442634
11.2 11.31642
12.299998 11.89418
11.1 11.184547
12.299998 11.586093
11.7 11.695569
14.299971 13.591092
11.8 11.721895
13.299971 12.773718
11.2 12.08945
11.2 11.254211
10.40103 10.819509
10.70206 10.667955
12.899998 13.669356
11.3 11.359222
11.2 11.455559
11.1 11.220455
12.599997 12.429578
10.1 10.125721
11.1 11.179573
11.2 11.2994175
11.2 11.277555
12.399998 12.120746
12.299998 12.167387
11.5 11.293035
11.2 11.331876
11.1 11.298213
11.8 11.5324135
12.1 11.983134
11.79897 12.251459
12.1 12.458137
11.8 11.619439
10.581486 10.32345
11.1 11.251972
11.900001 12.001436
12.199999 12.257659
11.2 11.717165
12.1 12.14299
11.5 11.60759
11.699999 12.220758
14.400163 13.407634
12.799992 11.939583
13.299971 12.558476
10.59485 10.5361595
12.399998 11.895205
12.899998 13.540481
11.5 11.563705
11.3 11.342923
11.5 11.652143
11.2 11.335215
12.499997 11.500101
12.799992 12.395457
12.799992 12.480124
11.2 11.227388
13.1 12.002018
11.2 11.230685
10.79897 10.946329
12.299998 12.460888
11.900001 11.889697
11.599999 12.298153
11.8 11.66814
11.1 11.161635
11.900001 11.909576
11.5 11.549509
11.8 11.879895
11.900001 11.894676
11.900001 11.876684
11.5 11.291653
11.7 11.768543
13.899971 14.028232
12.399998 11.813506
11.3 11.290657
11.2 11.237663
11.400001 11.840687
12.299998 12.119455
11.2 11.268344
11.999998 11.926764
11.3 11.362977
11.8 11.809994
11.900001 11.852909
11.999998 12.025263
13.1 14.196555
11.7 11.706106
11.7 11.643988
11.8 11.710885
11.379819 11.387299
10.1 10.70305
9.70206 10.0243635
11.8 11.937891
10.79897 10.223234
13.800057 13.5780945
13.999974 13.741984
11.400001 11.371996
11.3 11.179862
11.2 11.21789
11.3 11.379498
11.999998 12.019808
13.652842 14.183871
11.2 11.26788
11.3 11.360454
11.1 11.266987
11.999998 11.985998
11.2 11.228128
11.7 11.886202
10.622879 10.641216
11.3 10.929245
11.8 12.100971
10.1 10.180577
11.3 11.385458
11.1 11.222656
11.1 11.201397
11.999998 11.984911
12.1 11.905256
12.499997 13.140864
11.900001 11.949057
13.129657 13.088693
11.3 11.346118
12.699998 12.314927
11.5 11.303976
11.3 11.324955
11.2 11.295713
11.400001 11.54322
11.8 11.891865
11.400001 11.507755
12.738272 12.505868
12.899998 11.833
15.1 15.282183
12.299998 12.010777
11.254902 11.189088
11.7 12.141495
12.1 11.760603
13.821246 12.979948
13.399989 13.521698
11.2 11.305508
10.1 10.041119
11.7 11.72843
11.1 11.202865
10.5 10.236059
11.7 11.26372
14.1 14.048256
11.2 11.237298
11.900001 11.894401
11.1 11.189205
11.1 11.536471
11.608639 11.150988
11.3 11.524668
11.400001 11.451967
11.1 11.148571
11.8 11.385538
11.400001 11.541067
15.321849 14.126374
11.599999 11.2964
11.1 11.221544
11.1 11.1256075
10.1 11.0111265
11.5 11.631782
11.8 12.114332
13.299971 12.44307
11.7 11.498654
11.2 11.527342
11.8 11.825996
13.000009 12.027515
11.599999 11.282819
13.399989 13.520973
12.299998 11.97903
11.599999 11.63433
11.2 11.222935
11.7 11.717397
11.2 11.258436
11.599999 11.83317
11.1 11.176529
12.699998 13.052739
13.1 13.165364
13.699981 13.758996
11.999998 11.953936
11.5 11.501507
11.5 11.960167
11.900001 11.500414
11.5 12.03897
11.2 11.233295
13.399989 12.576594
11.7 11.688898
11.2 11.209602
11.1 11.231638
11.138579 11.59671
11.3 11.282628
13.043096 13.11719
11.2 11.233885
11.900001 11.902823
10.1 10.276549
10.3 10.4566965
11.1 11.157292
11.3 11.405381
11.1 11.217169
11.2 11.210737
11.400001 11.4153385
11.5 11.555744
11.900001 11.854912
11.2 11.256635
11.1 11.1348
12.399998 12.124586
11.900001 11.896568
11.5 11.631181
10.8 10.299131
11.2 11.245595
11.558421 11.301127
11.2 11.205659
11.900001 11.881586
11.7 11.802574
11.1 11.362937
13.399989 12.895606
11.2 11.684568
13.999974 13.342292
13.299971 12.457016
12.899998 11.957424
11.2 11.19502
11.3 11.216139
10.1 10.18155
11.5 11.625427
12.799992 13.3613405
11.599999 11.605583
12.299998 12.418175
11.1 11.289005
12.199999 11.264175
11.999998 11.922835
11.3 11.506973
11.599999 12.28191
13.000009 12.187304
11.5 11.582637
11.2 11.551792
11.8 11.994343
11.999998 11.931864
11.2 11.26789
11.900001 11.870822
11.999998 11.983736
11.2 11.28397
11.999998 11.938703
11.400001 11.404773
11.2 11.46842
12.299998 12.306117
11.8 11.743706
11.7 11.829651
11.3 11.27162
11.710834 11.806835
11.7 11.703022
11.400001 11.328604
11.108774 11.253252
11.900001 11.41666
11.5 11.518058
11.900001 11.877096
11.400001 11.504061
11.2 11.259477
11.2 11.319151
11.8 11.974129
13.699981 11.223358
11.3 11.219141
11.2 11.225485
11.2 11.212423
13.1 13.206092
11.400001 11.368583
11.2 11.261269
11.2 11.18317
12.399998 11.673212
11.900001 11.771217
11.900001 13.1397
11.400001 11.44463
11.400001 11.520391
11.900001 11.896706
10.70206 10.688338
11.1 11.381048
12.599997 12.541705
11.2 11.256322
11.1 11.184061
11.1 11.312429
10.622879 10.670643
14.40103 12.559632
13.299971 13.079846
11.8 11.840219
10.1 10.452682
11.1 11.171957
11.5 11.3098545
11.5 11.401588
14.600313 14.302995
11.900001 11.882958
10.4 10.329586
11.8 11.9558525
11.400001 11.771887
11.3 11.293002
10.622879 10.606735
10.70206 10.724236
12.0813 11.471585
11.2 11.247347
11.3 12.144014
10.7 11.458687
11.3 11.381537
11.900001 11.847343
12.699998 12.767937
11.7 12.618512
11.900001 11.921945
11.7 11.194995
11.3 11.318215
12.299998 12.31525
11.8 11.52953
11.555932 10.956278
11.599999 11.596459
11.2 11.203803
11.1 11.184694
12.299998 12.255579
12.399998 12.184311
13.600039 13.876605
11.400001 11.500425
11.599999 11.599796
11.5 11.938662
11.1 11.301588
11.400001 11.335989
11.5 11.56118
11.7 11.735986
14.1 14.198095
14.1 14.134435
11.3 11.350462
11.2 11.267671
11.2 11.22197
11.531798 10.80645
10.3 10.402949
11.2 11.229624
11.3 11.366562
12.1 12.030202
11.2 11.258065
11.2 11.397055
11.3 11.49096
11.400001 11.249086
11.599999 11.62009
11.1 11.6848
11.599999 11.998568
11.1 11.246965
11.999998 12.041675
11.2 11.268488
11.8 11.828905
13.299971 12.57873
11.40103 11.208933
11.2 11.247709
11.400001 11.427635
11.599999 11.563901
11.1 11.187349
10.986056 10.668422
11.5 11.690515
11.2 11.218088
10.2 10.3386
11.8 11.802222
11.900001 12.584252
11.2 11.23224
12.199999 12.0988865
11.3 11.31225
11.702686 11.719885
12.199999 11.659184
12.399998 12.134061
13.999974 13.329837
11.2 11.253122
11.999998 11.347282
11.999998 12.236711
11.2 11.303049
11.5 11.428992
13.1 12.956747
11.900001 11.8729515
11.1 11.135079
11.2 11.297272
11.2 11.215227
11.599999 12.862206
13.000009 13.002137
11.2 11.284794
11.900001 11.815247
13.117729 13.721444
11.400001 11.219168
13.1 12.835281
13.043096 13.110778
11.999998 12.316488
10.40103 10.485275
12.299998 12.1190405
11.1 11.199755
11.1 11.452871
10.4 10.347429
11.261151 11.525974
11.8 11.864714
11.2 11.230492
10.3 10.4941
11.8 12.180004
11.1 11.158428
11.2 11.239345
11.400001 11.436576
11.5 12.070709
13.155421 13.9325285
10.622879 10.616873
11.1 11.251602
12.299998 12.188704
11.400001 11.51524
11.7 11.779229
11.1 11.174473
11.5 11.508085
12.799992 12.758208
11.1 11.175085
11.900001 11.8997555
11.2 11.308863
10.79897 10.783088
11.3 11.370449
11.3 11.442228
11.7 11.523626
11.400001 11.539862
12.499997 11.2774
11.356133 11.36157
11.999998 11.953469
12.199999 12.045542
11.400001 11.42617
11.900001 11.878757
11.1 11.228319
11.599999 11.306433
14.999629 13.807814
12.399998 12.173386
11.599999 11.775261
11.5 11.368904
11.400001 11.885226
11.8 12.6769495
10.622879 10.68783
11.2 11.248556
11.1 11.235987
11.599999 11.4296
11.5 11.49703
11.1 11.186903
12.1 12.05036
11.2 11.319851
11.5 11.533068
11.7 11.743252
11.1 11.2019825
11.3 11.409213
11.1 11.24102
11.7 11.772636
11.5 11.430674
11.3 11.325928
11.999998 11.981804
10.2 10.330789
12.199999 12.670991
10.70206 10.73068
12.299998 11.6159115
11.8 11.72383
13.800057 13.037641
12.299998 12.098506
11.400001 11.771811
11.1 11.312104
11.1 11.404141
13.200015 11.890507
11.400001 11.436504
12.499997 11.15676
12.199999 12.355032
11.2 11.33279
11.7 11.5588255
11.19691 11.174654
12.499997 11.784609
11.900001 11.866081
11.7 11.529926
11.8 11.844175
11.2 11.255652
11.2 11.306772
11.999998 12.039533
11.1 11.148942
11.1 11.150541
11.400001 11.3335705
11.400001 11.305614
11.1 11.182103
11.900001 11.870899
13.359637 13.637853
11.79897 11.86116
11.2 11.260233
13.180922 13.19971
11.2 11.224387
11.900001 11.749384
11.999998 11.962938
11.2 11.253452
11.5 11.690672
11.1 11.402436
11.5 11.518901
11.19691 11.351902
11.7 11.777545
10.1 10.224081
11.5 11.49922
11.1 10.608589
11.2 11.204688
11.8 11.542749
11.900001 11.940746
11.2 11.340672
11.400001 11.274038
11.8 11.772652
10.9 10.757514
11.5 11.508533
11.599999 11.631916
11.3 11.315668
10.70206 10.721219
10.1 10.272416
11.400001 11.685003
11.599999 11.667715
11.999998 11.483502
11.900001 11.890842
11.2 11.239792
12.899998 13.022341
11.2 11.845167
10.627244 10.392107
11.599999 11.66733
11.3 11.346739
11.7 11.620893
10.678396 11.207283
11.8 11.806658
12.799992 12.5796585
11.8 11.814468
11.3 11.332727
11.400001 11.388489
12.699998 12.233807
11.1 11.177853
11.999998 11.928251
11.400001 12.187347
11.599999 11.464636
11.5 11.573065
11.5 11.549072
11.900001 11.878262
11.1 11.246819
10.49794 10.62841
11.1 11.102154
11.599999 11.745546
11.2 11.178388
11.1 11.291403
12.1 12.489482
13.999974 12.679366
11.400001 11.172074
11.3 11.28625
11.8 12.112082
12.299998 13.151355
11.8 12.201543
11.7 11.601513
9.47675 9.418627
11.5 11.582854
11.2 11.301674
12.299998 12.312989
11.5 11.561644
11.8 11.839872
11.1 11.178551
11.599999 11.66346
11.2 11.249464
11.999998 11.862812
11.1 11.097391
12.599997 12.255608
11.8 11.778257
11.3 11.29887
12.399998 12.137079
11.400001 11.42662
13.899971 12.970407
10.589405 11.134275
11.8 11.743487
11.400001 11.4002695
11.900001 11.870941
12.399998 12.224321
11.8 11.725914
13.136212 13.012176
13.1 12.083129
11.1 11.146524
11.2 11.263077
11.8 11.8576975
11.3 11.447405
11.2 11.2969885
11.3 11.470693
11.7 11.719034
11.3 11.39926
11.900001 11.868286
11.3 11.846628
13.699981 13.73058
11.2 11.3399
11.999998 11.9539385
13.899971 13.724632
11.900001 11.955341
12.599997 11.682785
11.5 11.551213
11.212469 11.303258
11.900001 11.8681555
11.1 11.556252
11.2 11.280626
11.900001 11.861307
11.599999 11.886654
11.7 11.755998
11.400001 11.421139
11.900001 11.7072735
11.5 11.551867
11.0 11.788394
11.599999 11.524359
12.1 12.923177
12.299998 11.730508
11.5 11.737306
11.2 11.229632
11.1 11.24019
12.1 12.551343
11.400001 11.2656145
11.912762 11.50383
13.200015 13.226527
11.122276 11.4706955
11.8 11.763557
11.5 11.393559
11.1 11.7957945
11.2 11.330176
12.1 11.284554
13.581486 13.507064
10.622879 11.273722
12.499997 12.280021
12.799992 12.570807
12.797429 13.676185
11.5 11.738733
11.1 10.945339
11.8 11.829476
11.2 11.542512
12.699998 12.702112
11.7 11.285412
12.599997 11.981218
11.999998 11.999895
10.8 10.47085
11.8 11.765156
11.900001 11.68738
11.5 11.451168
10.8 11.198092
11.3 11.24504
11.900001 11.258831
11.400001 11.390297
11.599999 11.623835
11.400001 11.463432
12.70206 13.6857815
11.1 11.173095
11.599999 11.782333
11.2 11.262059
11.254902 11.273562
11.2 11.335769
11.999998 12.9874935
11.1 11.180379
12.03968 11.578112
13.899971 12.244411
11.7 11.266724
12.299998 12.104601
13.685027 13.372675
11.1 11.144246
11.7 11.763643
11.900001 11.836407
11.400001 11.397629
11.2 11.291963
11.900001 11.847712
11.999998 11.940757
11.400001 11.398575
11.1 11.466161
14.400163 13.5409975
11.2 11.366583
12.699998 11.798769
12.499997 11.967996
11.900001 11.881274
13.200015 12.862582
11.7 11.788243
14.79897 14.047526
14.600313 12.294817
11.1 11.180622
11.2 11.248644
12.199999 12.760418
11.900001 11.955964
11.900001 11.779764
11.3 11.428165
11.1 11.276747
11.2 11.227525
13.1 14.130349
11.2 11.244411
12.199999 11.292697
11.5 11.5349865
11.599999 11.587526
11.999998 12.557879
11.1 11.155948
11.2 11.262413
12.699998 11.931624
14.999629 14.667748
11.5 11.528539
11.1 11.214449
11.2 11.266539
11.400001 11.357915
11.5 11.485072
12.835182 12.705404
15.299971 14.87309
11.599999 11.465128
14.1 14.23637
11.654827 11.687984
11.1 11.256581
11.400001 11.438172
11.3 11.572324
11.2 11.315095
11.3 11.261637
11.2 11.670833
11.1 11.25805
12.199999 11.896161
11.400001 11.362071
11.8 11.776081
13.456548 11.26515
11.1 11.363566
13.401807 13.848947
11.2 11.22809
11.400001 11.446098
12.499997 11.839014
13.531798 12.831296
11.599999 11.746168
11.1 11.219213
11.1 11.214113
11.1 11.246742
11.336572 11.240169
11.599999 11.408719
11.5 11.456769
13.1 12.132861
11.2 11.233921
11.5 11.518313
11.2 11.474516
12.199999 12.425595
11.0 10.457529
12.499997 11.833822
11.8 11.84367
11.7 11.770204
11.2 11.468133
11.2 11.20052
12.299998 12.127481
10.5685215 11.323217
11.900001 11.893886
11.8 11.767765
11.1 11.227398
11.1 11.569139
10.5 10.656007
11.900001 11.957426
15.1 13.825338
11.5 11.3552475
11.8 11.804895
11.400001 11.481674
11.8 11.800871
11.3 11.369264
10.89588 10.706698
11.2 11.251789
13.1 12.615371
11.1 11.393962
11.999998 11.608976
11.900001 11.37977
11.1 11.606932
11.7 11.694789
10.29382 10.329539
11.7 11.763688
11.3 11.370907
11.1 11.348199
11.2 11.362218
11.1 11.396906
11.900001 12.103257
11.1 11.128075
11.2 11.255354
11.599999 11.8078575
11.1 11.192191
11.900001 11.858755
10.627244 10.430198
11.5 11.478822
11.599999 11.609461
11.1 11.301828
11.900001 11.949866
11.3 11.269516
11.3 11.422522
11.2 11.542352
11.1 10.874435
11.3 11.277893
11.400001 11.533699
11.1 11.208293
11.2 11.266214
11.2 11.279339
11.543697 11.443472
11.7 11.725727
11.3 11.340691
11.8 11.452055
11.400001 11.589708
11.1 11.197372
13.1 13.05671
11.3 11.628931
12.699998 11.828722
11.2 11.182059
11.900001 11.845725
13.000009 11.95623
13.500008 12.8792715
11.599999 11.539806
11.900001 11.830981
11.2 11.242199
10.854487 12.203773
11.900001 11.674242
11.599999 11.639676
11.1 11.200269
11.900001 11.678848
11.3 11.399924
11.599999 11.6045885
11.900001 12.130791
9.49794 9.544806
11.900001 11.865942
11.5 11.394762
11.599999 11.576567
11.3 11.332954
11.1 11.165644
11.8 11.861836
11.2 11.306304
11.5 11.357853
12.199999 11.96883
11.999998 11.772374
11.900001 11.876692
11.2 11.256992
11.900001 11.891484
13.699981 13.434971
11.599999 11.488388
11.2 11.260631
11.599999 11.636633
11.5 11.869743
13.000009 11.998173
11.599999 11.800812
11.3 11.346809
10.79897 11.083779
11.145758 11.363251
11.2 11.227774
12.899998 12.114244
11.7 11.775305
11.8 11.817713
11.8 11.787016
13.777781 13.71865
11.2 11.235165
13.699981 12.674522
11.2 11.388509
11.1 11.286503
13.200015 12.908727
12.899998 12.218822
11.5 11.509449
14.1 12.852356
11.900001 11.856247
11.900001 11.828334
11.599999 11.696659
10.1 10.742863
12.599997 12.385392
11.8 12.218312
11.2 11.248366
11.900001 11.884888
11.900001 11.903916
11.5 11.475274
12.393282 13.0782175
11.5 11.622204
12.199999 11.797736
10.8 11.262136
11.1 11.997527
11.900001 11.885088
11.1 11.228792
12.1 11.218539
11.2 11.252074
12.399998 12.942584
11.3 11.398422
14.300659 12.955686
11.999998 11.933198
11.2 11.286793
11.999998 13.380733
11.599999 11.678698
13.1 11.362749
11.1 11.262312
11.1 11.112963
11.1 11.2178135
11.5 11.726849
11.7 11.719404
11.1 11.2229805
13.986056 13.713117
11.2 11.251433
12.299998 11.927276
11.7 11.900784
11.999998 11.932213
11.599999 11.594963
11.400001 11.551248
11.900001 11.870579
11.2 11.267539
11.3 11.572155
11.8 11.809529
11.7 12.266898
11.999998 11.68679
11.599999 11.711161
11.900001 12.030178
12.010095 12.929919
15.079304 14.75396
11.1 11.240438
11.7 11.715412
10.70206 10.7192335
11.400001 11.287638
11.1 11.150486
11.400001 11.4906025
12.699998 11.2886915
11.6157 11.899878
11.599999 11.552509
13.800057 14.214439
12.699998 11.467297
11.900001 11.891568
11.2 11.266926
11.2 11.297939
11.7 11.752605
11.900001 11.58267
10.49794 12.386094
12.1 11.989933
11.900001 11.931393
11.999998 11.537501
12.299998 12.230264
14.79897 13.878299
12.299998 11.434137
11.2 11.188939
11.599999 11.411772
10.40103 11.244305
11.2 11.234089
12.599997 12.503868
11.5 11.454012
13.999974 14.258973
12.058607 10.439146
11.2 11.28866
13.500008 12.985503
11.599999 11.29582
11.3 12.4867735
11.900001 11.805702
11.7 11.707956
11.8 11.820998
11.7 11.255747
11.2 11.2916355
11.1 11.200114
11.2 11.296362
11.2 11.326777
12.9500065 11.394165
11.2 11.338412
11.175305 11.306015
11.599999 11.729368
11.900001 11.690108
11.2 11.324365
11.2 11.271533
11.953872 12.690511
11.599999 11.237064
11.5 11.518268
11.799999 11.918307
11.8 11.396105
11.8 11.730842
13.000009 13.380173
11.999998 12.113722
11.400001 11.650025
11.2 11.20524
11.1 11.142521
12.399998 12.842568
13.999974 13.541945
11.1 11.167416
11.3 11.346731
14.600313 13.852149
11.400001 11.562975
10.40103 10.71931
13.699981 13.190143
11.8 11.751789
10.622879 10.703711
11.2 11.236869
10.7 10.478777
11.900001 11.983513
10.49794 11.63332
11.3 11.314022
12.200179 13.622192
12.499997 12.082
11.599999 11.370098
11.400001 11.336925
11.599999 11.564821
11.999998 11.726318
12.199999 12.904473
11.3 11.393056
11.3 11.334494
11.8 11.85627
11.2 11.220705
11.2 11.2910795
11.900001 11.870957
11.999998 11.852787
12.1 11.816691
11.999998 12.00365
11.5 11.56426
11.999998 12.292894
11.2 11.231772
11.2 11.208052
11.900001 11.825653
11.1 11.167778
10.70206 10.735625
10.70206 11.309713
11.2 11.247541
11.1 11.313612
12.299998 11.94704
12.299998 11.704809
11.2 11.240979
11.549999 11.784704
11.599999 11.539476
13.600039 13.216346
11.1 11.149681
11.1 11.19804
11.8 12.374518
11.12048 11.272987
12.399998 12.210516
11.599999 11.66064
11.1 11.687595
11.900001 12.000915
11.900001 11.961473
11.3 11.361797
11.1 11.259531
11.3 11.274849
11.1 11.166947
11.900001 11.885733
11.5 11.635817
11.2 11.269562
13.600039 13.655956
11.8 11.614647
14.553289 12.448916
12.199999 11.644777
11.2139435 11.551463
12.399998 12.404788
11.8 11.6959915
11.900001 11.891241
13.299971 13.285001
11.2 11.196999
10.655955 11.032581
11.1 11.184073
11.7 11.63501
11.5 11.954394
11.8 11.824735
11.2 11.294055
14.020819 14.503574
11.7 11.653048
12.1 12.346185
10.3 11.195615
11.8 11.277243
14.79897 14.733966
11.900001 11.594912
11.3 11.421537
11.999998 11.37956
11.1 11.421639
11.7 11.639712
11.1 11.217492
12.599997 12.115357
11.3 11.320882
11.5 11.518734
12.299998 12.074665
11.999998 11.581744
11.2 11.407432
13.299971 13.293342
11.8 12.036793
11.3 11.274006
11.7 11.217229
12.1 11.584247
11.900001 11.865683
11.999998 12.182844
13.399989 12.013298
11.8 11.821893
13.1 12.875491
11.3 11.298904
12.299998 12.0795965
11.1 11.292751
11.2 11.288424
11.900001 11.865874
11.2 11.186207
11.3 11.286715
11.1 10.940347
13.254902 12.645445
13.200015 12.740924
11.5 11.448202
13.643358 13.854192
11.400001 11.5245905
11.999998 11.906067
12.899998 12.802788
11.2 12.260664
11.900001 11.881809
11.7 11.702151
11.7 12.2587185
11.1 11.199551
11.900001 11.823015
11.900001 12.101038
11.5 11.251201
12.699998 12.388873
11.599999 11.582698
11.2 11.203238
12.793687 11.984631
11.599999 11.716876
11.5 11.527237
11.2 11.709557
11.5 11.543482
12.299998 11.5172615
11.1 11.370105
12.599997 12.553344
11.900001 11.826977
11.2 11.291639
11.900001 11.873573
11.889032 11.815022
11.5 11.474759
11.1 11.110793
11.400001 11.4014225
12.199999 11.930257
12.399998 11.867666
11.5 11.5894375
11.8 11.705534
11.7 11.736201
11.5 11.495473
13.000009 12.317449
11.8 11.8016615
11.900001 11.82271
11.900001 11.884318
10.70206 10.928139
11.3 11.308048
11.900001 11.910485
11.3 11.584318
11.900001 11.8639965
11.900001 11.714194
11.5 11.445199
12.199999 11.342794
10.777781 10.221479
12.020819 12.196049
13.000009 11.927109
11.999998 11.856998
11.2 11.351662
13.637602 13.454723
11.900001 11.854549
11.900001 11.89521
11.2 11.300254
11.999998 11.895185
11.0 10.519336
12.299998 12.166202
11.1 11.161327
12.1 12.275019
11.1 11.274212
11.900001 11.645938
11.900001 11.860891
10.622879 10.952051
12.499997 13.190262
11.8 11.802107
11.5 11.509771
12.1 11.947716
12.40103 13.865657
13.399989 12.808351
11.2 11.420565
11.900001 11.887371
11.1 11.358715
11.400001 11.469185
11.1 11.237249
14.050077 14.40927
11.400001 11.4234295
11.3 11.314932
11.5 11.6693735
11.7 12.421933
11.2 11.216723
11.953872 12.054117
11.999998 12.030077
12.1 11.8808365
11.1 11.049915
12.499997 14.03993
11.599999 11.631144
11.8 11.800625
11.7 11.856888
11.8 11.765949
11.2 11.267229
11.2 11.235366
11.7 11.548586
11.1 11.101597
11.2 11.30186
11.7 11.869732
11.599999 11.627606
12.399998 13.043132
11.3 11.257229
11.599999 11.866827
11.3 11.328311
11.2 11.417484
11.2 11.194197
11.2 11.341663
11.2 11.213857
10.8 10.612093
12.199999 11.900738
11.900001 11.873886
11.8 11.803461
11.599999 11.618324
11.8 12.01265
11.8 11.803287
12.199999 12.015804
11.1 11.202963
13.000009 12.953156
11.5 11.611195
12.199999 11.858124
12.1 12.026249
11.5 11.5598755
11.2 11.266514
11.9 12.018873
10.581486 10.588238
10.70206 10.767237
11.2 11.166269
11.3 11.315175
11.8 11.804478
10.3 10.29512
12.510107 11.986161
11.2 11.240835
13.622879 13.715523
11.400001 11.906722
12.499997 12.677915
11.8 11.822565
13.299971 13.412135
11.5 11.585852
11.3 11.3809185
11.5 11.297386
12.799992 11.994273
11.3 11.411734
11.999998 11.61352
11.900001 11.878202
12.499997 11.750094
11.5 11.440589
12.299998 12.155199
11.79897 11.493452
11.2 11.417659
13.000009 11.86847
11.1 11.2793455
1.3 1.1837041
12.499997 12.181768
11.1 11.185253
12.599997 12.490314
11.3 11.656793
11.7 11.537344
11.637602 11.527319
13.500008 14.052585
12.599997 12.348677
11.1 11.491039
12.1161 11.670212
11.2 11.248267
11.7 12.3981085
11.400001 11.651367
11.900001 11.829618
12.299998 12.9250965
12.299998 12.212348
11.900001 11.602654
11.3 11.870262
11.2 11.22356
11.8 11.756405
13.000009 12.867704
12.499997 12.327458
11.1 11.2290535
11.8 11.974422
11.1 11.2278805
11.3 11.423851
12.1 12.015126
11.599999 11.671291
11.2 11.696697
11.8 11.776052
11.1 11.129601
14.999629 13.382182
11.599999 12.111632
11.7 11.643971
11.1 11.176445
11.2 11.327262
11.999998 11.527118
11.8 11.829369
11.7 11.782339
12.399998 11.872824
11.7 11.741844
11.5 11.584987
11.599999 11.807589
13.352575 12.991594
10.40103 10.384772
11.2 11.568271
14.145758 14.871526
13.581486 13.433558
11.5 11.48865
11.900001 11.875229
10.8 10.779132
14.555932 13.733981
10.70206 10.729075
11.2 11.221537
11.599999 11.547888
11.2 11.242569
11.900001 11.835594
12.1 11.765455
11.5 11.455013
14.1 12.813476
12.799992 12.8740225
11.1 11.299236
11.7 11.775292
11.8 11.800073
11.1 11.155604
11.999998 11.961884
11.2 11.230915
11.7 11.747545
12.1 11.470928
11.7 11.709841
10.2 10.244205
11.3 11.3514
11.2 11.247467
11.900001 11.857712
11.953872 11.963757
11.56133 11.885381
11.5 11.839069
11.5 12.075968
11.8 11.776784
13.418758 13.129359
11.5 11.715806
11.400001 11.44918
11.400001 11.445875
11.8 11.708377
11.900001 11.751873
11.599999 11.571732
13.1 12.767808
11.999998 12.017202
11.2 11.660915
12.456548 12.200133
11.1 11.115974
11.999998 11.87693
11.999998 11.983047
11.999998 12.276194
11.2 11.33877
13.800057 13.258359
11.1 11.229061
11.900001 11.777603
11.5 11.50978
11.1 11.209213
11.599999 11.731637
11.900001 11.690338
12.499997 13.487807
11.599999 11.779154
13.048455 13.943741
12.399998 12.007349
11.1 11.215272
11.999998 11.8971
11.1 11.180375
12.499997 12.041675
11.1 11.193491
11.8 11.847147
11.1 11.21831
11.999998 11.949245
11.900001 11.887665
11.1 11.30593
11.5 11.521947
11.1 11.395939
11.1 11.297836
11.400001 11.772768
11.4372425 11.324218
11.400001 11.835397
11.999998 11.993448
11.3 11.422499
11.1 11.106328
11.400001 11.395451
11.8 11.957802
11.900001 11.894294
12.1 12.249338
10.609157 10.822625
11.1 11.206562
11.1 11.115491
11.3 11.44652
11.1 11.202213
12.199999 11.434595
11.1 11.257034
11.2 11.254698
11.1 11.130199
11.2 11.246038
12.399998 12.774788
15.299971 13.867255
11.599999 11.553182
12.1 11.558857
11.2 11.2200775
11.7 11.830783
11.900001 11.823046
11.2 11.234781
11.999998 12.224897
11.999998 12.2403755
11.8 11.794634
12.199999 11.648
11.2 11.250386
12.543697 12.56373
11.400001 11.422975
11.599999 11.739489
11.900001 11.876424
11.7 11.743139
11.3 11.327637
11.999998 12.321884
11.400001 11.262726
11.2 11.39228
11.2 11.185055
11.900001 11.869957
15.520216 11.437588
11.2 11.311625
13.899971 12.916656
11.1 11.228211
11.3 11.467621
12.899998 12.136023
13.500008 13.845614
11.2 11.488052
11.1 11.200071
11.1 11.228523
12.649994 12.72307
12.299998 11.881504
11.900001 11.85334
11.900001 11.802052
11.900001 11.878422
11.900001 12.139525
14.901343 12.570815
10.40103 10.676285
11.999998 11.953934
11.581486 13.438149
11.8 11.763431
11.999998 12.022494
11.8 11.819008
12.199999 12.044023
11.3 11.692026
11.400001 11.433329
11.1 11.201244
11.2 11.24189
11.999998 12.068918
11.1 11.19089
14.500117 13.049573
12.254902 12.47877
13.200015 13.36032
11.1 11.335114
13.1 12.617448
11.3 11.856131
11.400001 11.4603
11.400001 11.35675
12.1 11.988819
11.1 11.327887
11.1 11.216452
11.599999 11.600596
10.40103 12.045775
14.901343 14.291268
11.999998 11.935294
11.5 11.311102
11.3 11.378451
11.400001 11.327108
11.2 11.265757
11.5 11.506676
11.599999 11.231987
11.999998 12.225065
11.540743 11.267665
11.3 11.292497
11.3 11.7951565
10.4 10.313731
11.999998 11.985253
11.3 11.271956
11.999998 11.871277
11.5 11.692849
11.79897 11.99548
11.1 11.397413
11.8 11.833992
11.8 11.637587
11.599999 11.9454975
11.1 11.180569
11.1 11.163387
11.7 11.713577
12.399998 12.172667
12.899998 11.984337
11.2 11.37904
12.099999 12.730191
10.1 10.071571
11.2 11.286168
10.608639 10.599726
12.199999 12.02894
12.812199 12.184615
11.2 11.2323065
11.2 10.446084
11.900001 11.888937
12.1 11.217784
11.3 11.297537
11.599999 11.82839
11.1 11.232895
11.2 11.220679
11.900001 11.882151
11.8 11.883954
11.599999 11.555998
10.869551 10.884914
12.1 12.301111
13.000009 12.112035
11.2 11.268908
10.165502 10.390966
11.8 11.661406
11.400001 11.53963
12.786133 11.381242
12.1 12.504673
10.1 10.787498
11.5 11.39489
11.3 11.399687
10.9 10.766018
14.200179 13.333215
12.1 11.890941
11.2 11.202069
11.400001 11.862068
11.599999 11.2626705
11.400001 11.482208
11.999998 12.139879
11.2 11.261084
11.1 11.315371
10.1 10.678885
11.7 11.722567
11.0 10.910733
10.6 10.650154
11.7 11.710857
11.1 11.201541
12.199999 12.31873
11.2 11.226793
11.2 11.250305
11.1 11.141331
11.89588 12.254243
11.3 11.371485
11.400001 11.367666
12.299998 12.086931
11.999998 11.960086
14.299971 14.087295
11.900001 11.65899
11.7 11.662781
11.25 11.472437
11.2 11.234907
11.599999 11.269772
11.3 11.53613
13.699981 13.2338915
11.8 11.92402
12.901632 12.85933
11.5 11.502031
12.299998 11.812764
11.3 11.333141
11.900001 11.854113
12.199999 12.5366745
11.2 11.252285
13.719789 12.353027
11.900001 12.256122
11.900001 11.853593
11.3 11.291828
11.2 11.298704
11.5 11.352304
11.999998 11.89739
11.3 11.290792
11.8 11.771997
13.1 12.998529
11.7 11.4662
11.599999 11.5802555
11.1 11.290521
11.900001 11.863014
11.5 11.705067
11.5 11.805275
11.7 11.783398
11.2 11.276399
11.49794 11.621215
14.400163 14.5607395
11.1 11.455992
11.7 11.715608
11.900001 11.934814
12.199999 12.52373
11.1 10.669989
12.599997 13.042796
11.3 11.64282
13.600039 11.987631
11.3 11.584093
14.299971 13.927044
11.1 11.162239
11.3 11.560923
11.1 11.226398
11.3 11.302337
11.2 11.251352
12.992498 12.170508
11.7 11.698547
11.999998 11.455383
12.899998 12.186916
11.2 11.219302
11.3 11.448284
11.999998 12.606372
9.47675 9.583915
11.999998 11.54902
14.40103 13.497251
11.3 11.336306
11.900001 11.547951
11.2 11.3201885
13.899971 13.2096405
11.5 12.205189
10.2 10.389956
11.900001 11.921832
11.2 11.255744
11.8 11.433779
11.2 11.283024
11.900001 11.925811
13.500008 12.730525
13.999974 13.14326
12.699998 12.319596
11.900001 11.90438
11.3 11.325468
13.4372425 13.466461
13.200015 12.102039
11.2 11.263943
11.900001 11.958893
11.8 12.053312
11.777781 11.999565
11.5 11.444597
11.2 11.819549
10.622879 10.711528
11.3 11.3372555
11.3 11.689156
11.599999 11.895523
11.8 11.458994
12.19691 12.37622
11.5 11.616535
11.999998 11.895458
12.422393 13.005869
11.5 11.563236
11.3 11.557743
11.2 11.234048
10.1 10.207736
9.40103 9.357558
10.70206 10.723941
11.900001 11.946899
11.7 11.712399
12.757577 12.680765
12.599997 11.600229
12.699998 12.101124
11.999998 11.622057
11.3 11.382526
11.1 11.757327
11.3 12.0154705
11.7 11.693865
11.2 11.55629
11.2 11.227458
10.5 10.564377
11.3 11.343428
11.1 11.229673
11.2 12.016775
11.900001 11.866449
10.70206 10.714511
11.2 11.232391
12.699998 12.436299
11.8 11.990421
11.2 11.25611
11.2 11.399703
12.399998 12.834689
11.1 11.3671665
11.2 11.281538
11.900001 11.877061
13.200015 13.90988
11.2 11.251602
12.299998 11.793328
11.8 12.154351
12.399998 11.802467
11.1 11.241212
11.999998 11.965698
11.1 11.1923275
11.2 11.295759
12.199999 12.374296
11.5 11.52976
11.1 10.964578
11.1 11.999762
11.7 11.720644
10.70206 10.745362
10.6 10.592478
11.1 11.208792
12.399998 11.847952
11.400001 11.401078
11.5 11.543131
13.399989 12.886718
11.400001 11.7185
12.199999 12.12914
12.199999 11.812623
10.1 10.190973
11.2 11.24823
11.599999 11.74729
12.1 12.138808
12.899998 12.117784
12.015424 12.891594
10.3 10.194969
11.2 11.372238
11.1 11.174284
12.599997 12.52759
11.599999 11.476608
11.5 11.519672
11.599999 11.614275
11.599999 11.641827
11.2 11.225584
11.1 11.164848
11.3 11.299843
11.2869625 11.307567
13.000009 12.353621
11.1 11.290012
13.999974 13.666983
13.59485 13.372765
11.599999 11.962943
11.1 11.309799
11.400001 11.368439
11.2 11.195393
11.2 11.257079
11.999998 12.031434
12.199999 11.856548
11.2 11.274584
13.200015 13.952505
11.7 11.412981
11.7 11.743418
11.599999 11.620184
11.49794 11.365275
12.899998 12.449043
11.1 11.207472
11.5 11.537211
11.599999 11.526259
11.5 11.804663
11.5 11.520806
11.1 11.129839
11.2 11.233796
10.1 10.232238
12.499997 11.926265
11.2 11.213309
11.1 11.664977
12.199999 11.616451
11.1 11.163261
13.600039 13.392016
10.622879 14.007952
11.2 11.21334
11.106614 11.172948
11.7 11.640923
11.2 11.219928
11.8 11.800747
11.555047 11.921627
11.1 11.200246
11.145758 11.252434
15.140959 14.669016
11.599999 11.535834
11.5 11.829596
11.5 11.660765
11.7 11.757222
10.70206 10.750128
12.599997 12.944825
11.400001 11.4458685
11.599999 11.583266
11.900001 11.706145
11.2 11.274921
10.70206 10.749716
13.500008 12.5098915
11.2 11.228973
11.7 11.641703
11.900001 12.069916
11.8 11.766
11.400001 11.336981
11.5 11.5990305
11.8 12.166864
11.5 11.539121
13.299971 12.873478
12.299998 12.417377
11.1 11.281332
10.40103 10.29186
13.999974 13.503028
11.900001 11.418015
11.3 11.237659
11.900001 11.66593
12.399998 11.829606
11.900001 11.896608
11.8 11.465401
11.8 11.829596
11.5 11.526208
11.3 11.302835
11.3 11.276879
11.1 11.172134
11.1 11.573807
10.622879 10.481065
13.500008 12.576798
11.5 11.841804
11.999998 11.93941
11.8 11.770107
12.399998 12.907586
10.923909 11.0942135
11.599999 11.692853
11.999998 12.036961
11.7 11.712273
11.1 11.2248535
11.599999 11.79715
11.599999 11.54524
11.900001 11.88159
11.900001 11.87352
12.499997 12.154995
13.399989 13.509168
11.400001 11.36107
11.8 11.770874
12.299998 12.207352
11.3 11.297234
11.900001 11.884665
11.2 11.239506
11.3 11.302717
11.5 11.499469
13.299971 12.865118
12.699998 12.1667385
11.2 11.418387
11.2 11.823233
11.3 11.313443
11.2 11.271726
11.2 11.360249
11.1 11.303204
11.599999 11.562662
11.2 11.204539
11.8 12.299801
11.79897 11.909756
11.2 11.2639885
11.1 11.13027
11.900001 11.907286
11.900001 11.986865
11.900001 11.925255
11.7 12.662799
10.1 10.037304
11.900001 11.801573
11.900001 11.931862
11.599999 11.62339
13.399989 12.983474
10.516801 11.144501
11.7 11.665938
12.314671 11.943329
11.3 11.451679
12.299998 12.4508095
12.299998 12.75328
11.599999 11.561159
14.600313 12.951663
11.7 11.731049
11.999998 11.302328
13.399989 12.616325
11.900001 12.043292
11.900001 11.850969
12.799992 12.813954
11.8 11.718703
13.299971 13.98294
11.555932 11.928241
11.599999 11.604425
11.020819 11.0840025
11.1 11.230053
11.599999 11.65047
11.8 11.245525
11.400001 11.313332
11.999998 11.81805
12.6934595 13.7727585
12.40103 12.386626
12.199999 11.653723
11.900001 11.833806
11.8 11.814832
12.1 11.873318
12.1 11.500681
11.400001 11.521067
11.900001 11.897348
11.5 11.374708
10.923909 11.053639
13.299971 11.849598
11.599999 11.288277
12.499997 11.592366
14.200179 14.07968
11.2 11.249852
11.3 11.278394
11.8 11.8070345
11.599999 11.7414
11.7 11.688042
12.199999 12.015052
11.2 11.2659855
13.699981 12.989283
11.8447275 13.018146
11.7 12.104112
12.307609 13.238984
11.1 11.297201
10.70206 10.75455
11.1 11.1805
11.2 11.262739
11.3 11.359255
11.2 11.323694
14.299971 12.740953
11.2 11.285099
11.3 11.483211
11.599999 11.367439
12.399998 12.017801
11.3 11.408489
11.1 11.26048
11.5 11.505604
11.3 11.390891
11.8 11.942812
11.331801 11.60373
11.400001 11.420768
11.2 11.337053
11.8 11.768359
11.70206 10.626862
11.7 11.631649
10.70206 10.68569
11.2 11.257162
11.900001 11.901376
10.9 10.569591
11.900001 11.85984
11.3 11.3108
15.500117 14.637004
11.3 11.293482
11.2 11.220068
11.2 11.277819
11.900001 12.000645
12.49794 11.03248
11.8 11.787591
11.5 12.037016
11.1 11.132573
11.900001 12.253823
11.5 11.571021
11.2 11.435471
11.900001 11.88185
11.2 11.295917
11.900001 12.941768
11.2 11.215797
11.900001 11.933458
13.899971 11.685279
11.2 11.2241
10.9 10.969538
11.900001 11.895166
9.79897 9.8756485
11.2 11.329466
11.2 11.216009
11.900001 11.842342
11.1 11.383592
11.1 11.2080965
12.1 11.910999
11.900001 12.431452
11.599999 11.593895
11.2 11.240933
11.3 11.337684
11.3 11.393747
12.6934595 13.741954
10.40103 10.640393
11.400001 11.503476
10.1 10.782446
10.70206 10.756376
11.400001 11.326531
11.3 11.292815
11.3 11.351994
13.600039 12.934931
10.40103 10.523664
11.3 11.382322
11.400001 11.42705
11.5 11.434879
12.699998 12.091027
11.7 11.712466
11.1 11.13772
15.600313 14.803639
11.599999 11.758123
12.199999 12.029792
12.499997 12.521861
10.2 10.685836
11.900001 12.2705
12.499997 11.704927
12.597573 12.699923
11.400001 11.451819
11.900001 11.849604
11.900001 11.893555
11.900001 11.900393
11.1 11.172903
13.1 12.083645
11.7 11.301565
11.2 11.319915
11.400001 11.358791
12.1 11.787198
11.5 12.19975
11.1 12.311277
11.900001 11.794844
11.900001 11.92096
11.1 11.220547
11.2 11.27445
11.8 11.792459
11.3 11.298132
10.622879 10.663761
11.1 11.161808
13.145758 12.321498
11.5 11.563095
11.999998 11.95969
11.1 11.243894
12.299998 12.130927
11.8 11.796942
11.2 11.22246
13.200015 13.036383
11.599999 11.661518
12.1 11.924639
11.2 11.257567
11.599999 11.526457
11.8 11.8389225
12.1 11.536127
14.600313 13.722948
12.699998 11.517715
11.5 11.286007
11.900001 12.271608
11.1 11.193527
11.599999 11.717274
11.900001 11.888758
11.900001 11.870941
11.3 11.36153
11.7 12.715729
11.999998 12.224146
11.999998 11.907026
11.2 11.250273
12.599997 12.169869
11.8 11.73967
11.3 11.410315
11.3 11.783081
11.900001 11.854759
11.409804 10.980918
11.5 11.616116
12.399998 11.731237
11.1 11.130951
10.49794 10.620919
11.900001 11.890446
11.400001 11.39135
11.999998 12.428813
11.900001 11.859961
11.400001 11.389318
11.49794 11.464569
10.1 10.738075
13.800057 13.376482
11.15 11.267079
11.2 11.320664
11.1 11.222912
12.199999 11.656279
11.1 11.110521
11.8 11.821783
14.500117 14.746345
11.2 11.29889
12.899998 12.445176
11.3 11.512989
11.1 11.1469965
11.2 11.46213
11.8 12.073069
13.699981 13.519108
10.622879 11.101525
13.399989 12.456871
12.199999 11.972782
11.2 11.315586
11.900001 11.909817
11.2 11.231379
11.900001 11.841844
11.5 11.4550705
11.599999 11.646408
11.999998 12.996148
12.399998 12.019169
10.1 10.085624
11.0 11.031261
11.3 11.376804
11.7 11.820285
12.199999 12.269453
11.8 11.843538
11.1 11.192607
11.3 11.322871
11.3 11.420687
11.400001 11.273428
11.400001 11.582213
11.900001 11.738533
11.900001 11.608065
11.2 12.447375
11.3 11.367658
14.500117 14.789402
9.79897 9.810967
11.3 11.283328
11.8 11.61256
11.1 11.219873
10.1 10.027854
11.1 11.357448
13.1 12.670184
13.767562 13.269559
11.999998 12.21364
11.2 11.251705
10.1 10.193172
9.79897 9.863975
13.399989 13.189131
11.7 11.703243
11.2 11.349542
11.8 11.744612
14.299971 14.104972
10.1 10.213025
11.400001 11.568619
11.8 12.4827385
10.4 10.384298
12.399998 11.738661
10.723423 10.588985
11.999998 11.984425
13.500008 13.072216
11.7 11.912548
13.1 13.126882
12.145758 12.102415
12.899998 11.283292
11.8 11.832468
11.1 11.39507
11.900001 11.855501
11.599999 11.758114
11.3 11.335072
11.2 11.194834
11.1 11.134077
11.400001 11.663858
11.1 11.192909
11.8 11.720219
11.1 11.160456
11.2 11.213253
12.1 12.054417
13.699981 12.102862
13.800057 13.545817
11.2 11.290461
11.1 11.575834
11.7 12.032837
11.2 11.236987
11.1 11.193915
11.2 11.202555
11.1 11.179854
11.5 11.323318
13.321849 13.273673
11.1 11.1323395
11.555932 11.245096
11.8 11.86639
11.2 12.167339
11.999998 11.837108
11.3 11.622843
13.600039 12.146024
13.600039 12.624799
14.326648 11.940674
11.2 11.406736
11.2 11.274667
11.999998 12.945004
11.599999 12.030918
11.400001 11.442544
12.299998 12.0578
11.2 11.627685
11.2 12.0849085
11.1 11.203488
11.999998 11.597354
11.5 11.49511
11.1 11.159167
11.7 11.42853
13.020819 12.968232
11.2 11.257731
11.7 11.778984
11.7 11.474325
14.547158 11.917578
11.069375 11.553869
11.8 11.907092
11.3 11.334662
11.8 11.748127
11.1 11.527794
11.7090645 11.519345
11.3 11.306283
11.5 11.743006
10.622879 10.657071
11.400001 11.867363
11.400001 11.350559
11.700326 11.25519
11.1 11.291321
13.500008 12.264644
11.3 11.285841
11.400001 11.800487
11.999998 12.08577
10.1 10.334646
11.1 11.18216
10.622879 10.62549
11.900001 11.912463
11.5 11.658872
11.7 11.416129
11.7 11.681708
11.5 11.54657
11.3 11.333534
11.2 11.470951
11.2 11.320719
11.3 11.429697
10.4 10.711944
12.598941 12.42517
11.900001 11.867794
11.2 11.266332
10.8 10.653013
11.3 11.397026
10.70206 10.686247
11.900001 11.811954
15.700326 15.818383
12.199999 11.793914
12.299998 12.244749
13.254902 13.358064
11.622879 12.787388
11.8 11.814386
11.2 11.365638
12.637602 11.751915
11.7 11.841681
11.900001 11.881537
13.699981 13.174635
11.2 11.009631
12.499997 12.275854
11.599999 11.649909
11.900001 11.869393
11.3 11.698353
11.2 11.2466955
10.1 10.194834
11.400001 11.506775
11.3 11.275498
11.1 11.233074
11.2 11.326492
11.7 11.454416
11.599999 11.547174
11.400001 11.408468
11.999998 12.0029955
12.399998 12.2252
12.299998 12.632392
11.900001 11.865578
11.1 11.200248
11.599999 11.677375
12.299998 11.404306
11.8 11.775883
11.400001 10.5433855
14.200179 14.204704
11.400001 11.451871
11.8 11.726036
11.599999 11.53459
11.3 11.301015
11.2 11.227891
13.219187 13.493322
11.400001 11.418828
13.000009 12.924889
11.900001 11.868856
11.3 11.308113
12.299998 12.589567
10.1 10.143145
11.400001 11.4226055
11.5 11.45902
12.299998 12.112119
14.145758 13.691511
11.7 12.236076
11.599999 11.431042
11.599999 11.676267
11.2 11.265369
11.999998 11.722136
11.8 11.824362
11.1 11.174401
11.599999 11.563417
11.3 11.397709
11.400001 11.286541
11.2 11.260491
11.400001 12.017097
11.2 11.235357
12.299998 12.080476
11.5 11.520866
11.7 11.636308
12.1 11.847408
11.3 11.275299
13.200015 13.337715
11.3 11.406976
11.1 12.288727
11.5 11.592165
11.5 11.54262
11.599999 11.617301
13.1 13.045264
11.7 11.665258
13.200015 13.152675
11.2 11.211545
13.699981 13.274533
11.599999 11.25359
11.900001 11.766941
11.999998 12.036166
11.2 11.313932
11.900001 11.929741
12.19691 12.498101
11.599999 11.544128
11.2 11.267735
11.900001 11.887347
11.5 11.523576
11.400001 11.243868
11.900001 11.84352
11.5 11.369362
11.5 11.569908
11.2 11.392364
13.299971 14.668967
13.200015 12.947106
11.599999 11.677738
11.2 11.443531
11.3 11.318004
12.299998 11.410524
11.3 11.744482
11.5 11.962414
11.599999 11.770208
11.400001 11.4606085
11.400001 11.505704
11.8 11.746208
11.5 11.825043
11.8 12.324861
11.1 11.753781
12.499997 12.507724
11.2 11.237997
10.622879 11.203411
11.8 11.762374
11.599999 11.575313
12.799992 12.528682
11.900001 11.871308
11.599999 11.209081
11.900001 12.039902
11.2 11.212847
11.999998 11.968687
11.3 11.607178
11.900001 11.889729
11.3 11.588761
11.900001 12.051741
11.900001 11.906617
11.1 11.099344
11.7 11.885467
14.400163 14.4177065
12.799992 12.5679865
11.2 12.059238
11.2 11.306416
11.400001 11.418407
11.900001 12.562079
11.900001 11.889427
11.999998 11.384793
11.1 11.156717
11.1 11.260667
12.899998 11.694983
11.2 11.236371
11.380575 11.503742
11.1 11.244041
11.2 11.253968
11.1 11.652666
11.2 11.2567005
11.5 11.325094
11.599999 11.543858
10.8 11.17698
11.599999 11.543859
11.900001 11.875198
11.7 11.631199
11.900001 11.8821945
12.199999 11.63825
14.500117 14.617822
11.599999 11.675422
10.5 10.750872
11.5 11.596931
11.1 11.221731
11.900001 11.855251
11.2 11.254447
13.399989 12.021437
11.900001 11.926242
11.7 11.70051
11.1 11.736435
11.400001 11.42496
13.821246 13.233698
12.1 11.967889
11.7 10.8896475
11.599999 11.719509
11.3 11.327585
10.622879 10.69521
11.2 11.257693
11.599999 11.753365
11.1 11.504141
11.5 11.37887
11.5 11.584614
11.1 11.329858
10.869551 10.892138
11.599999 11.724695
10.40103 10.355108
11.1 11.154043
12.899998 12.582645
11.7 11.737318
11.5 11.519374
11.599999 11.59461
11.2 11.367523
11.5 11.511792
11.2 11.280078
11.999998 11.982876
12.199999 11.913183
11.2 11.2518635
10.622879 10.64786
14.901343 13.747981
11.900001 12.105541
11.8 11.84361
11.999998 11.936693
11.5 11.893429
11.555932 11.6598835
11.599999 11.5546055
11.3 11.257372
14.375724 13.739833
10.1 10.600605
11.900001 11.939808
11.5 11.560139
11.3 11.284811
11.599999 11.766207
11.3 11.275555
11.3 11.335407
11.2 11.42329
11.599999 11.688746
11.900001 11.873944
11.599999 12.955592
12.299998 12.082647
11.2 11.435713
11.900001 11.893212
12.699998 13.673991
11.1 11.147075
12.299998 13.60241
11.8 11.776356
11.3 11.332651
12.199999 12.784015
11.999998 11.863702
11.2 11.212849
13.699981 14.023697
10.1 10.566926
13.000009 12.120821
10.70206 10.727047
10.70206 11.676947
10.70206 10.721828
11.599999 11.391724
11.900001 11.882474
11.2 11.264166
11.8 11.759672
11.1 11.423865
10.5 10.606714
11.8 11.566572
11.212469 11.256987
9.923909 10.0336685
11.5 11.519392
11.7 11.616425
11.2 11.238018
11.599999 11.816432
11.849336 12.184529
13.600039 13.023793
11.400001 11.515688
10.70206 10.798062
11.400001 11.455894
13.699981 13.153238
10.40103 10.436647
11.2 11.224374
11.3 11.319685
11.2 11.267641
10.40103 11.610776
11.3 11.883743
11.8 11.784555
11.1 11.162443
11.1 11.265188
11.3 11.334696
11.400001 11.381992
11.400001 11.340908
11.600844 12.233867
11.1 11.19468
11.5 11.571293
11.2 11.32114
13.000009 11.550315
11.900001 11.870636
11.1 11.142715
11.1 11.1552515
11.8 11.719608
11.2 11.363492
11.2 11.288605
11.3 11.4765625
14.500117 13.862316
11.1 11.243914
11.3 11.256776
11.599999 11.659481
11.2 11.346439
11.400001 11.4783535
11.1 11.186869
11.400001 11.35081
11.900001 12.089981
11.8 11.721437
10.8 10.457373
11.2 11.476604
12.199999 12.024942
11.3 11.412537
11.2 11.273694
12.599997 12.258746
11.5 11.411509
11.8 11.768781
11.5 11.497042
11.8 12.248667
11.2 11.578619
12.499997 13.327239
11.900001 11.821259
12.199999 11.835604
11.3 11.343864
11.1 11.879465
11.900001 11.868822
11.999998 11.930409
13.299971 12.471992
12.699998 12.161209
11.2 11.261732
11.999998 13.136927
11.999998 12.011908
11.7 11.802427
11.900001 11.946461
12.1 11.962849
11.2 11.283381
11.3 12.507589
11.1 11.253384
11.5 11.54892
11.900001 11.802441
12.8447275 12.750848
14.999629 15.130546
11.5 11.54183
11.900001 11.895557
11.900001 12.004484
11.400001 11.446862
11.999998 11.395636
11.2 11.370319
11.2 11.560491
11.7 11.767069
11.900001 11.931816
11.7 11.763799
10.2 10.189865
11.8 11.815111
11.400001 11.62039
11.7 12.435699
11.3 11.454283
11.599999 11.689191
10.1 11.505517
11.5 11.311863
11.900001 11.939276
11.1 11.478621
11.999998 11.370659
11.400001 11.78025
11.900001 11.852846
11.1 11.154985
11.599999 11.785625
12.1 12.006215
12.923909 12.896069
11.5 11.524572
10.9 10.681065
11.2 11.251894
13.800057 11.477643
11.599999 11.581144
11.3 11.451052
11.599999 11.625763
11.900001 11.709869
13.999974 13.137324
15.581486 15.125008
11.2870865 11.434997
11.2 11.258999
11.7 11.713781
11.8 11.81161
12.199999 12.007766
13.1 13.316334
11.3 11.622244
11.900001 11.45697
12.088853 13.502609
11.900001 11.406448
10.40103 11.8671055
11.1 11.337392
11.599999 11.596117
11.900001 11.947145
11.999998 12.090184
11.5 11.590456
11.900001 11.894792
14.700326 14.400128
11.1 12.095634
11.1 11.109978
11.400001 12.01339
11.2 11.245533
11.900001 11.869252
11.1 11.227401
11.5 11.463023
12.63529 11.052082
13.1 13.0212555
11.1 11.174498
10.1 10.230113
11.3 11.328255
11.1 11.363296
11.3 11.844574
11.5 11.647018
11.2 11.454372
11.3 11.302677
11.5 11.217365
10.996197 11.107508
11.3 11.3748455
11.8 11.806549
10.29382 10.316951
10.70206 10.681693
11.2 11.271332
11.900001 11.884373
11.900001 12.575895
11.900001 11.87727
11.1 11.198816
13.000009 13.194724
11.5 11.537326
11.5 11.510662
11.1 11.1629095
11.1 11.181611
11.599999 11.5424
12.020819 11.9403105
12.1 11.444453
11.5 11.5245075
11.1 11.264012
14.600313 13.898172
12.699998 11.212027
11.400001 11.857866
11.2 11.250333
12.199999 12.055772
11.900001 11.916361
12.599997 12.135746
11.1 11.226047
11.2 11.272936
11.900001 11.832607
11.5 12.019714
11.3 11.322657
11.2 11.30591
11.375724 11.816189
13.399989 14.161311
11.3 11.344635
11.900001 11.833277
11.2 11.252025
12.1 11.838625
11.2 11.31973
11.900001 11.810192
11.900001 11.842669
11.1 11.15535
11.1 11.573312
11.3 11.247658
11.5 11.535656
14.427902 14.578597
11.400001 11.4052105
11.5 11.514495
11.400001 11.463123
14.145758 14.093553
11.8 12.317884
11.2 11.25599
11.900001 11.896011
13.000009 12.386243
11.3 11.314592
11.1 11.551274
11.8 11.779742
11.359637 11.118099
11.1 11.080816
11.5 11.528408
11.599999 12.469342
11.1 11.201143
10.541291 10.724905
11.5 11.526822
11.900001 11.917056
11.900001 11.905058
11.1 11.581934
11.400001 11.396784
11.1 11.196987
11.3 11.506065
11.900001 11.903241
11.8 11.839001
10.7 10.228801
11.999998 12.06613
12.599997 12.155476
12.299998 11.714713
11.7 11.839332
11.3 11.392442
12.651294 12.60525
11.2 11.903919
11.5 11.5891
12.399998 12.119566
11.400001 11.450579
12.046395 11.740109
11.3 11.253221
11.8 11.86461
11.5 11.543855
10.972896 11.70365
11.900001 11.886789
11.2 11.20344
13.999974 13.91052
12.399998 12.68553
11.1 11.218851
11.900001 11.427116
11.8 11.82786
11.3 11.3810215
11.5 11.493816
11.1 11.178894
11.5 11.806477
11.2 11.190598
11.5 11.52232
11.7 11.890176
12.499997 11.921984
12.199999 12.225192
11.3 11.329333
11.7 11.798984
14.668636 14.691478
10.40103 10.705282
11.7 11.224813
10.6 10.396646
10.79897 10.733916
11.900001 11.870793
11.999998 11.923297
11.49794 11.403715
11.1 11.195253
11.2 11.260837
11.2 11.317686
11.7 11.672167
11.999998 11.92221
11.7 11.682283
11.999998 12.128412
11.2 11.271133
12.1 11.785379
11.7 11.559597
11.8 11.800812
11.8 11.688631
10.70206 10.690688
12.899998 12.168528
14.1 14.094527
11.5 11.5944195
13.399989 12.649343
9.79897 10.03229
11.3 11.413972
9.70206 9.605667
10.1 10.130994
11.2 11.208227
12.1 12.226579
11.2 11.229791
11.599999 11.57988
13.191515 12.971581
11.2 11.296296
11.8 11.8296175
11.5 11.449224
11.3 11.310324
11.599999 11.624031
11.599999 11.591962
11.7 11.698414
11.3 11.286097
13.299971 13.620205
12.399998 12.02621
13.622879 13.574453
11.5 11.435404
12.1 11.988134
11.2 11.217633
10.40103 10.471937
12.120642 12.311913
11.400001 11.659071
11.3 11.428205
12.499997 12.58039
11.1 11.142094
11.2 11.22697
11.599999 11.733904
11.7 11.68816
11.2 11.775723
11.1 11.841673
10.1 12.0450115
11.2 11.763803
12.1 12.146004
11.3 11.343345
11.599999 11.663715
11.5 11.485169
11.2 11.171989
12.199999 12.36596
10.79897 10.92348
11.2 11.239302
10.40103 10.651873
11.087163 10.993584
12.899998 12.525888
11.5 11.765631
11.3 11.131944
11.058607 10.8912735
12.1 11.837095
13.899971 13.400573
12.499997 12.201178
10.2 10.179114
11.8 11.958761
11.900001 12.121022
11.3 12.234977
11.1 11.27223
10.4 10.670671
11.3 11.709888
11.2 11.250246
11.599999 12.335798
11.1 11.203775
11.5 11.537981
11.2 11.6
11.8 11.821432
11.2 11.257313
11.8 11.906442
11.900001 11.8886795
11.400001 11.352676
10.49794 10.488461
12.399998 11.970565
12.899998 11.70653
11.1 11.177336
11.7 11.596943
11.3 11.365633
11.1 11.158229
13.1 12.39487
11.2 11.403001
11.400001 11.46141
11.2 11.273779
11.999998 11.93703
11.1 11.219868
11.999998 11.978329
10.622879 11.261122
11.3 11.285297
9.79897 9.859379
11.2 11.225328
12.699998 12.190605
11.400001 11.5376215
12.170581 12.09497
11.8 11.821154
11.900001 11.9770975
12.180922 12.165518
11.8 11.715694
11.7 11.693286
11.900001 11.856472
11.999998 12.287984
11.8 11.981733
11.400001 11.41527
11.7 11.917307
11.2 11.640766
11.1 11.113989
11.719789 11.408281
10.622879 10.721991
11.999998 12.013333
11.1 11.216662
12.399998 12.306362
13.1 12.473329
12.499997 12.683755
11.999998 11.931424
10.40103 10.276808
11.8 11.864113
11.999998 11.910429
11.400001 11.940911
11.8 11.816614
11.2 11.243318
11.1 11.244584
11.7 11.749625
11.1 11.532887
13.8447275 12.89309
11.999998 12.0288925
11.400001 12.923317
11.2 11.20322
11.2 11.415963
12.399998 12.02573
12.299998 12.155611
11.1 11.123064
12.699998 13.25499
11.2 11.247444
11.2 11.850838
11.3 11.486383
11.999998 11.994699
11.2 11.258037
11.3 11.320194
11.1 11.79928
12.899998 12.163432
11.2 11.304779
11.118106 11.235892
11.5 11.539094
11.8 11.8127575
11.2 11.241105
11.900001 11.838702
12.199999 11.868784
13.600039 14.155641
11.2 11.2376995
11.1 11.208
11.400001 11.496952
11.5698 11.800404
11.1 11.201981
11.1 11.13751
11.2 11.254289
11.900001 11.8215885
12.1 11.846493
11.599999 11.6091175
11.7 11.782925
11.599999 11.818119
12.40103 12.63181
11.1 12.4472475
11.2 11.282345
11.3 11.381406
11.7 11.701633
11.999998 11.942831
11.8 11.839594
11.7 11.689619
11.5 11.565646
11.8 11.823228
11.3 11.445368
12.299998 12.161631
11.8 11.767239
11.3 11.641282
11.3 11.30742
13.699981 12.656358
11.900001 11.858356
11.999998 11.98973
11.1 10.715497
11.900001 11.915519
11.900001 11.8858385
11.400001 11.48767
13.399989 13.051538
11.2 11.249708
11.1 11.11767
11.900001 12.016244
11.599999 11.622257
11.999998 12.011997
11.2 11.299371
11.3 11.3535385
11.2 11.276174
10.6 10.603186
11.599999 12.6270075
11.2 11.9914
10.79897 11.20624
11.3 11.3656645
11.7 11.707519
11.900001 11.867787
11.2 11.710388
11.7 11.807844
11.900001 11.86005
11.5 11.231093
11.1 11.169584
11.1 11.164375
11.1 11.121667
11.1 11.207552
10.40103 10.421808
11.900001 11.884516
11.400001 11.830268
11.1 11.173692
11.3 11.364816
10.7 10.378865
12.499997 12.189745
10.5 10.482012
11.344125 11.436233
11.2 11.564827
11.1 11.318097
11.8 11.810181
11.5 11.526334
11.900001 11.867587
11.2 11.218788
10.2 10.808292
11.599999 11.349996
9.750965 9.625185
11.70103 11.679297
11.3 11.504088
14.299971 12.603493
11.599999 11.631166
11.400001 11.97139
11.1 11.185875
11.1 11.460739
11.599999 11.655013
11.2 11.343886
11.2 11.231617
11.400001 11.574557
13.000009 12.441817
11.2 11.2949095
11.8 11.609885
11.599999 11.411153
11.3 11.336711
11.8 11.804905
13.860608 13.77877
11.2 11.39448
11.2 11.231051
12.765546 12.072103
11.1 11.225525
11.7 12.00656
11.1 11.1424885
11.8 11.894718
11.7 11.726141
12.777781 12.679504
11.8 11.729559
10.40103 10.585192
11.3 11.255111
11.2 11.946152
11.5 11.613466
11.400001 11.8599205
11.2 11.326027
11.5 11.481905
11.5 11.385333
11.2 11.310209
13.399989 13.163514
11.5 11.581062
11.2 11.244257
11.8 11.789435
11.900001 11.9193125
11.3 11.338772
11.400001 12.271593
12.699998 11.669414
11.400001 12.260838
11.8 11.819424
11.999998 12.004522
11.2 11.251988
13.219187 12.482736
11.8 12.232969
10.4372425 10.767723
11.900001 11.871731
12.199999 12.119026
11.1 11.036417
12.299998 11.944271
12.1 11.883814
11.599999 11.604315
11.97999 12.36916
11.2 11.3117485
12.499997 12.129586
11.900001 11.884968
11.5 11.472868
11.7 11.660636
13.399989 12.673287
11.2 11.490984
11.999998 11.2781515
13.899971 13.069406
14.088687 13.81246
14.805467 12.219478
11.2 11.504724
11.1 11.158876
11.2 11.517567
11.3 11.535843
11.1 11.229145
11.400001 11.399632
13.299971 12.1551695
11.89588 12.380441
11.520216 11.271053
11.400001 11.439227
11.8 11.482639
11.900001 11.881514
11.999998 11.638478
11.7 11.926589
11.8 11.747433
12.199999 11.815864
11.8 11.862883
11.2 11.585527
11.5 11.253251
11.900001 11.873971
11.2 11.206556
11.2 11.404924
11.599999 11.670936
12.54 12.09679
12.799992 12.394871
11.3 11.320222
11.3 11.429534
10.622879 10.645275
11.900001 11.377134
11.637602 11.456863
11.999998 11.957556
12.299998 12.309924
11.900001 11.8812475
11.195826 11.779597
15.1 14.0950575
11.3 11.334828
11.8 11.8425045
11.1 11.142566
11.599999 11.677307
11.900001 12.727674
11.5 11.387127
14.1 14.457767
12.199999 11.771103
11.1 11.17718
11.599999 11.564978
12.499997 12.1229
11.1 11.454554
14.200179 13.536389
11.224938 11.230215
11.2 11.172028
11.1 11.488217
11.2 11.207639
12.199999 11.750841
11.1 11.271004
11.900001 11.925749
10.058607 10.067549
11.999998 11.524688
10.1 11.503521
11.1 11.264387
10.70206 10.7112
11.2 11.304159
11.999998 11.191479
13.699981 13.581166
13.699981 12.037977
11.7 11.452782
11.2 11.567184
11.599999 11.654243
11.5 11.82256
11.3 11.287427
11.2 11.262683
12.622879 13.105139
13.899971 12.321101
11.2 11.2528715
11.599999 11.557579
13.200015 13.16845
11.336121 11.194931
14.700326 14.69572
11.3 11.29585
11.599999 11.646322
11.999998 12.02959
11.5 11.552275
14.1 12.130061
11.3 11.349953
11.3 11.451925
11.3 11.420253
12.199999 11.724724
13.500008 13.380742
11.1 11.576003
11.198542 11.723227
13.000009 12.064036
10.6 11.739954
12.699998 12.164446
11.3 11.469484
12.299998 11.783825
11.404665 11.151381
11.3 11.427376
11.1 11.221842
11.400001 11.462908
11.8 11.74165
10.70206 10.834883
11.400001 11.568146
14.183691 14.138588
11.7 11.713299
11.1 10.985188
11.599999 11.237868
11.2 11.305392
11.2 12.283709
13.200015 12.435477
12.299998 12.044659
10.1 10.47328
11.900001 11.832447
11.2 11.283183
11.3 11.3116455
11.1 11.223215
11.1 11.161531
11.1 11.1882925
11.400001 11.432718
11.2 11.43415
12.599997 11.52265
10.622879 11.241049
11.7 11.759668
11.3 11.601873
11.2 11.440116
11.3 11.259669
11.2 11.539927
13.000009 12.507052
14.700326 14.789245
11.1 11.202406
11.7 11.652525
12.899998 12.077003
11.599999 11.959372
12.599997 12.906081
11.1 11.208342
11.999998 11.933554
11.8 11.823633
11.999998 11.988834
11.1 11.357684
11.900001 11.658026
11.821246 11.800324
11.2 11.223184
10.7 10.086641
11.2 11.262886
12.586782 12.229017
11.2 11.25488
11.1 11.294936
11.900001 11.891159
12.799992 12.2881975
11.8 11.81406
11.400001 11.484259
11.2 11.2077
12.499997 12.080461
11.7 11.662399
11.2 11.246292
11.2 11.372316
13.200015 11.8715925
12.281115 13.073588
10.4 10.3334875
10.3 10.709292
11.274371 11.380323
12.499997 12.265259
12.799992 11.824545
11.400001 11.535829
11.8 11.810204
11.900001 11.70887
11.3 11.354681
11.1 11.114802
11.7 11.748905
12.028305 11.761954
11.400001 11.724445
11.900001 11.936133
11.2 11.35306
11.1 11.396111
11.900001 11.857317
11.400001 11.264141
11.2 11.261489
11.2 11.222248
11.3 11.497925
11.2 11.319782
11.8 11.430841
10.70206 10.720495
11.2 11.195236
11.1 11.742203
11.900001 11.4153385
11.5 11.978629
11.900001 11.932986
12.199999 13.015079
11.3 11.415682
13.97615 12.288208
11.1 11.531963
12.799992 13.041125
11.2 11.321358
11.5 11.723608
11.3 11.570315
11.8 11.804386
11.2 11.22335
11.3 11.354605
11.19691 11.450905
11.599999 11.514201
12.499997 12.206318
11.7 11.872971
12.199999 11.550979
11.3 11.480868
13.89588 12.249298
13.19691 13.716584
10.6 10.639653
12.199999 11.426338
11.900001 11.865767
11.2 11.881401
15.058607 12.990994
11.8 11.783658
13.340332 14.303929
12.446788 12.624707
11.1 11.972591
13.1 13.851164
11.2 11.782417
11.3 11.2010765
10.3 10.801651
11.2 11.163172
11.1 11.207666
12.499997 11.539749
11.7 11.682258
11.8 11.599343
12.446788 12.812293
11.400001 11.463261
14.125949 14.158166
11.7 11.652072
11.999998 12.035736
11.900001 11.892498
11.2 11.324405
11.2 11.24151
11.5 11.737228
11.2 11.222023
11.175305 11.255057
11.2 11.372749
11.400001 11.395748
10.4 10.578772
11.170581 12.100854
11.8 11.811547
11.3 11.33874
11.2 11.323179
11.8 11.749044
11.2 11.202016
12.699994 12.75803
11.3 12.105256
11.1 11.245714
11.900001 11.567202
12.8447275 10.994951
11.400001 11.458851
11.3 11.345968
13.699981 13.548355
11.2 11.261531
12.199999 12.070932
11.5 11.428493
11.1 11.261906
11.900001 11.844387
11.108774 11.249121
11.1 11.24644
13.000009 12.263496
11.7 12.4044895
11.900001 11.816557
12.599997 13.146401
11.2 12.083008
11.8 11.792818
11.3 11.427699
12.799992 13.124396
11.999998 12.19628
13.200015 12.018545
10.79897 11.085379
10.2 10.624309
11.3 11.288696
12.899998 12.562247
11.2 11.240171
11.1 11.137156
11.999998 11.877019
11.599999 11.604521
11.7 11.382556
11.900001 11.735065
11.1 11.24603
11.7 11.735022
12.699998 12.522379
11.8 11.813978
11.155518 10.979607
12.8447275 10.922798
11.2 11.239931
11.7 11.762993
11.3 11.251192
14.986056 14.654622
11.8 11.946269
14.375724 14.350768
11.7 11.672328
11.599999 11.622211
11.599999 11.622363
12.799992 13.079706
11.900001 12.014341
11.1 11.122232
11.3 11.531261
11.999998 11.354472
11.900001 11.846506
11.7 11.906532
11.400001 11.42876
11.777781 12.49594
11.999998 11.620903
11.1 11.125711
11.999998 11.564013
11.8 11.83098
11.1 11.700203
11.400001 11.470504
12.499997 12.20368
14.500117 14.387029
11.3 11.367424
11.2 11.239456
11.999998 11.797589
11.8 11.749653
11.747817 12.075345
11.400001 11.272287
11.79897 12.098171
13.000009 12.7870035
12.399998 11.879203
11.900001 11.862396
11.400001 11.589775
12.899998 12.9560585
11.5 11.649762
11.7 11.480296
11.599999 11.311377
11.900001 11.828643
11.5 11.510334
10.6 10.250154
11.1 11.304715
12.899998 13.301618
12.199999 11.831299
11.999998 11.923419
11.1 11.348036
11.2 11.263134
10.70206 10.698425
11.8 11.807634
11.2 11.217066
11.5 11.529091
11.3 11.192263
11.685027 11.774829
11.5 11.50329
12.499997 11.487341
11.7 11.698181
11.5 11.531437
11.3 11.266655
11.8 11.858639
13.608639 13.481591
11.8 11.820881
11.400001 11.484661
11.900001 12.438931
14.500117 14.716033
11.2 11.259836
13.899971 12.649196
12.899998 12.338004
10.4 10.395896
13.1 12.760759
11.999998 12.00411
11.400001 11.299763
11.7 11.559872
11.599999 11.442965
11.3 11.811484
14.79897 13.53438
11.8 11.785378
11.2 12.445429
9.79897 9.88793
12.233122 12.171798
11.2 11.217629
11.3 11.365433
11.5 11.563715
11.900001 12.085829
11.3 11.715208
11.2 11.660837
11.5 11.471001
11.2 11.23624
11.1 11.143869
11.2 11.251619
10.3 10.250505
11.2 11.243297
12.299998 12.337535
11.3 11.300514
11.8 11.824124
10.923909 11.259856
11.2 11.309891
11.1 11.139294
11.2 11.327635
11.2 11.250916
11.999998 12.39125
12.399998 12.175521
11.1 11.170238
12.899998 13.113561
11.599999 11.566044
11.599999 11.497224
11.2 11.217863
12.1 11.368059
11.2 11.260397
11.3 11.293334
11.900001 11.397823
11.400001 11.247333
11.1 11.13575
11.5 11.59001
11.599999 11.438968
11.3 11.53347
11.2 11.619937
11.3 11.356152
11.1 11.194777
14.1 13.71692
11.5 11.552162
11.1 11.225309
10.7 11.504524
11.5 11.502743
11.1 11.224766
11.900001 11.842099
11.2 11.3686495
10.47675 10.428419
13.000009 13.347664
11.3 11.285939
12.799992 11.821184
11.2 11.27388
11.175794 11.244734
11.1 11.253283
11.254902 11.569261
11.599999 11.756044
11.1 11.206784
11.3 11.428829
13.1 11.523973
11.1 11.201801
11.7 11.882566
11.900001 11.898729
11.8 11.80392
12.499997 12.748847
12.499997 12.342806
11.7 11.609234
12.399998 12.533368
11.1 12.294787
13.000009 13.026473
11.8 11.259271
12.637602 12.253642
11.2 11.2421665
12.299998 12.010901
11.15 11.198711
11.3 11.236624
11.5 11.52756
9.79897 9.844902
9.70206 9.7457285
11.900001 11.785183
11.2 11.264575
9.79897 9.773005
11.5 11.502452
11.2 11.194218
11.7 11.398264
11.2 11.2410755
11.1 11.1858
11.8 11.882015
11.1 11.572414
11.5 11.868042
12.299998 11.779661
11.999998 11.910236
11.2 11.236053
11.599999 11.644857
11.1 11.229357
11.599999 11.526541
11.2 11.416489
11.8 11.754954
11.900001 12.229519
11.8 11.893985
11.2 11.25682
12.499997 11.992215
11.392429 12.00625
14.700326 11.441801
11.7 11.303346
11.2 11.2527685
11.900001 11.93204
11.8 11.820137
11.7 11.686935
11.900001 11.891035
11.599999 11.572506
11.1 11.485771
11.2 11.241072
11.8 11.752968
11.7 11.567727
11.1 11.177012
11.8 11.802472
12.020819 12.0462475
11.1 11.17254
11.7 12.237212
11.900001 11.937064
11.900001 11.916451
11.2 11.247166
11.7 12.359834
11.400001 12.051352
11.900001 11.912422
9.47675 9.456919
11.999998 11.954273
13.1 11.969742
11.7 11.812813
11.900001 11.863503
12.199999 11.946566
11.2 11.221925
11.5 11.337291
11.599999 11.52812
11.1 11.135785
11.999998 11.985323
11.3 11.307226
11.8 11.337994
11.2 11.257912
11.2 11.391874
12.1 12.085051
11.0 11.293785
9.79897 9.894581
11.5 11.533566
11.1 11.196007
12.899998 12.277528
11.2 11.280917
11.7 11.317997
12.199999 11.692874
11.2 11.194652
11.8 11.630632
11.8 11.77265
11.5 11.536177
11.2 11.255354
11.900001 11.831973
11.900001 11.838083
12.1 12.302869
11.7 11.635538
11.5 11.763727
12.199999 11.691933
14.901343 13.893744
11.400001 11.242452
11.7 12.151753
11.7 11.331472
11.900001 11.908469
11.343923 11.537626
11.599999 11.488161
13.897412 13.469177
9.1 10.180939
11.986056 13.365041
11.3 11.395544
10.1 11.754213
11.900001 11.88559
11.999998 11.767726
11.599999 12.144851
11.49794 11.214655
12.622879 12.805036
12.399998 12.568936
11.2 11.259254
11.7 11.688782
11.2 11.231165
11.1 11.212405
11.599999 13.169193
11.1 12.190743
10.49794 11.996962
11.254902 11.233282
11.1 11.166605
11.5 11.597229
12.499997 12.550452
11.2 11.290716
11.8 12.12026
11.3 10.554009
11.2 11.279341
11.400001 11.23959
11.5 11.324906
11.2 11.277981
11.5 11.599064
11.3 11.493068
11.400001 11.497921
13.648455 13.564481
11.757577 11.361286
11.599999 12.417314
11.400001 11.442324
11.5 11.54127
11.5 12.370633
12.199999 11.756722
12.399998 12.34543
10.8 11.47456
11.49794 11.393467
11.8 11.844808
11.3 11.59787
11.2 11.341208
11.8 11.634269
13.699981 13.502747
11.400001 11.426136
10.49794 10.639877
9.79897 9.6507225
11.400001 11.478944
13.000009 11.905558
11.1 11.160113
12.599997 12.515267
12.799992 12.756324
11.5 11.503439
11.5 11.428751
11.599999 11.613207
11.2 11.227764
13.321849 13.331929
11.8 11.827608
11.1 11.264118
15.999629 14.113387
11.1 11.191243
11.2 11.28004
11.5 11.611994
11.8 11.829641
11.7 11.746144
11.1 11.197033
11.5 11.646045
11.999998 12.003044
12.599997 11.941203
11.599999 12.168842
11.400001 11.482748
11.900001 11.857521
12.299998 11.789091
11.2 11.930013
11.2 11.244857
13.399989 13.337925
11.5 11.548374
11.999998 12.692117
11.900001 11.869557
11.599999 11.589405
11.999998 12.180607
11.999998 12.077369
10.779135 11.586279
11.2 11.279152
12.199999 12.2398815
11.599999 11.599505
11.900001 11.877401
11.599999 11.293407
11.2 12.493911
11.2 11.250044
11.599999 11.607685
14.901343 15.056949
11.599999 11.612291
11.8 11.842306
11.900001 11.2666025
11.2 11.254963
11.2 11.303148
11.7 11.747094
11.1 11.173185
11.900001 11.895193
11.3 11.507572
10.1 12.072788
13.200015 13.610945
12.499997 13.475964
11.1 11.166549
11.8 12.1201
11.2 11.234043
10.3 11.440573
11.999998 11.97799
11.3 11.336899
11.1 11.193584
11.2 11.300937
11.543697 11.943847
11.7 11.995468
11.900001 11.888187
11.1 11.26456
11.900001 11.880705
11.1 11.243891
11.5 12.341997
11.999998 11.923658
10.622879 10.656352
11.710834 11.642669
11.900001 11.397843
13.1 13.244536
11.8 11.831547
14.329148 14.13561
14.923909 13.960033
11.8 11.6399765
10.70206 10.728426
12.1 12.642336
11.900001 11.931634
11.400001 11.396483
12.1 11.898247
11.2 11.234682
11.5 11.372324
11.900001 11.880744
11.69176 12.0696125
11.1 11.205539
11.3 11.274925
11.900001 11.873174
11.3 11.52718
11.900001 11.531056
11.3 11.3026705
11.3 11.7249
11.56133 11.744207
11.1 11.243707
14.299971 14.059004
11.8 11.821724
11.5 11.77717
12.399998 11.71291
11.5 11.75762
11.999998 11.965512
11.2 11.250478
11.8 11.695667
11.2 11.218591
11.599999 11.899173
11.1 11.807972
12.199999 12.082871
12.1 11.916116
11.5 11.552847
14.1 13.997809
11.3 11.363384
11.8 11.806897
11.8 11.700458
11.5 11.314785
11.2 11.259769
12.199999 11.565897
11.578862 11.515543
11.3 11.277542
12.1 12.195695
11.400001 11.840698
11.900001 11.77204
11.8 12.473496
12.300659 12.366548
11.2 11.215012
12.199999 12.031278
12.699998 12.155885
11.3 11.333174
11.8 12.100154
11.2 11.569578
11.3 11.355214
12.1 12.487078
11.1 11.237244
11.7 11.827414
11.5 11.699608
12.199999 12.004395
11.1878605 11.279863
12.799992 12.625152
11.599999 11.32348
11.254902 11.16016
12.1 12.175759
14.321849 14.143973
11.7 11.723725
11.8 11.768996
11.49794 11.278086
11.400001 11.506614
11.900001 11.94408
11.2 11.274136
11.2 11.3288765
11.5 11.592224
11.2 11.229409
11.2 11.686848
12.599997 13.482746
11.900001 11.957423
11.1 11.228436
12.1 12.248253
11.2 11.604458
11.2 11.307882
12.499997 13.090838
11.404665 11.26964
11.2 11.201561
11.999998 12.138037
11.599999 11.663734
10.1 9.920645
11.900001 11.8846
13.399989 13.238827
13.737937 14.078584
11.7 11.729
11.3 11.30812
11.3 11.343838
11.953872 11.854716
12.499997 11.943834
10.1 10.031113
11.1 11.296534
13.299971 13.232295
11.400001 11.533006
11.2 11.329447
11.3 11.060549
11.900001 11.7518425
11.1 11.2206545
10.1 10.272749
10.1 10.173896
11.3 11.253469
14.901343 12.196159
11.599999 11.5991745
11.3 11.312218
12.180922 12.433654
9.79897 9.8009815
11.3 11.411608
11.400001 11.2721
11.1 11.189156
11.1 11.970985
10.79897 12.020697
11.599999 11.958572
13.321849 13.489736
14.999629 14.579143
12.058607 11.475193
11.2 11.233969
11.5 11.789949
11.1 11.245133
11.599999 11.276055
11.1 11.194943
11.2 11.503446
11.2 11.4033785
11.599999 11.472584
11.5 11.466249
14.162119 14.041135
11.2 11.249783
11.8 11.7948265
11.3 11.640337
11.2 11.318636
11.1 12.465947
11.2 11.211348
11.1 11.368811
11.1 11.218161
11.8 11.78726
11.1 11.1154375
11.2 11.209179
11.5 11.479593
12.278486 12.23361
11.400001 11.536279
11.7 11.406505
11.9041 11.903666
14.901343 14.963639
11.2 11.239677
11.8 11.69327
11.1 11.259787
11.2 11.303178
12.427902 13.561915
11.599999 11.7332115
11.3 11.296724
14.1 13.253262
11.5 12.723112
11.7 11.701392
11.2 11.304368
11.1 11.157752
11.1 11.158258
11.1 11.092743
11.900001 11.572893
11.2 11.78824
11.349999 11.591648
11.900001 11.902292
11.2 11.301457
11.1 11.154199
11.1 11.203925
11.1 11.094866
11.7 11.77822
15.508935 14.711849
11.5 11.494274
11.400001 11.47178
12.299998 12.024094
11.599999 11.317096
13.375724 13.37555
11.8 11.689462
12.1 12.446637
11.2 11.281202
11.1 11.209149
14.307609 14.9181185
11.198147 11.083925
11.3 12.144215
11.1 11.204703
12.399998 11.662492
12.953872 12.972668
10.79897 10.827141
11.3 11.3612585
10.5 11.796234
12.499997 11.707346
12.599997 11.916909
11.8 11.78035
11.2 11.241261
11.400001 11.253319
11.400001 11.481921
11.5 11.529088
12.499997 12.022833
11.3 11.301956
11.0 11.201922
12.599997 11.793922
12.199999 12.023701
13.699981 13.143428
11.2 11.224427
12.399998 12.632309
11.2 11.343058
11.900001 11.801724
11.8 11.812941
11.321849 11.215374
11.3 11.355569
11.400001 11.447722
11.5 11.453558
11.2 11.236002
13.299971 12.959492
11.1 11.248859
13.399989 11.855459
11.599999 11.335366
11.2 11.421116
13.200015 13.152049
11.599999 11.628966
13.461511 13.111007
11.900001 11.714275
10.555932 10.661321
11.3 11.181201
11.7 11.687792
11.5 11.940666
11.2 11.312755
11.900001 11.871418
12.399999 12.2283
11.900001 11.869658
11.900001 11.939457
11.900001 11.890837
12.599997 12.293072
11.3 11.360373
11.900001 11.460274
13.058607 11.868661
11.8 11.827218
10.40103 10.446499
11.5 11.5801935
11.5 11.569117
12.799992 11.520081
14.200179 13.002759
11.006578 10.700214
11.999998 11.294573
11.5 11.489133
11.2 11.282441
11.7 11.732567
10.622879 10.783764
11.400001 12.256507
12.020819 11.875311
11.336514 11.357939
12.1 11.980311
11.1 11.2648535
14.200179 13.407109
11.1 11.987883
9.890485 10.000657
12.351812 12.207473
14.79897 14.589099
12.1 12.103655
11.8 11.692177
11.1 11.145387
11.599999 11.634785
11.1 11.2831135
12.1 12.646238
14.49794 13.979463
11.2 11.225719
11.7 11.779683
13.508935 13.695479
11.2 11.382698
12.359379 11.553638
11.392429 10.918044
11.599999 11.814674
12.799992 12.223322
11.3 11.497956
11.1 11.747759
11.1 11.345789
11.1 11.177157
11.999998 11.912485
11.400001 11.433386
11.1 11.223426
11.1 11.765647
11.3 11.736039
11.3 11.726372
12.399998 12.260202
12.199999 11.3341055
11.435792 11.327539
11.7 11.31965
11.1 11.072227
12.199999 11.514759
11.400001 11.45248
11.3 11.397452
11.1 11.29278
14.1 13.578964
13.000009 11.284633
13.899971 13.15371
11.900001 11.842388
13.299971 12.481719
12.699998 11.564217
11.900001 11.893202
10.2 10.048489
11.3 11.420967
11.2 11.621201
10.4 10.325905
11.1 11.180855
11.900001 11.900778
11.900001 11.878181
12.1 11.887324
10.4 10.33571
11.7 11.758473
10.543697 10.85953
11.1 11.179047
11.1 11.560085
11.900001 11.943806
11.2 11.243431
11.7 11.705311
11.1 11.2104
11.3 11.35152
12.899998 12.1728
11.7 11.712976
11.400001 11.371781
11.1 10.790904
11.2 11.432634
13.299971 13.7707405
12.699998 12.391343
11.3 11.268359
13.200015 13.263415
11.2 11.256498
11.999998 11.908892
10.4 10.348558
11.1 11.214588
11.900001 12.151551
11.3 11.31728
12.699998 11.546078
11.7 12.242117
11.8 11.790928
11.3 11.269588
11.2 11.255377
11.1 11.196731
11.1 11.287304
11.400001 11.892638
11.1 11.186624
11.400001 11.728497
11.2 11.349218
11.1 11.126011
11.2 11.243584
11.5 11.753462
11.3 11.576525
11.8 11.494263
11.3 11.273996
11.900001 11.951866
11.1 11.15216
12.1 11.389944
11.5 11.3023
11.1 11.206018
10.40103 10.313204
11.900001 11.889864
11.1 11.211105
11.2 11.26423
11.5 11.728458
11.1 10.909414
11.1 11.8228035
12.199999 12.342991
11.7 11.686012
13.200015 12.48745
11.3 11.342111
11.1 11.161297
9.40103 9.458433
11.1 11.334968
11.2 11.4545765
12.399998 12.614873
11.599999 11.618335
11.2 11.254731
12.399998 12.387127
14.321063 12.797496
11.7 11.480591
11.3 11.367245
11.5 11.555518
11.1 11.122904
11.66225 11.845269
11.2 11.414835
11.637602 11.277112
11.5 11.572737
11.2 11.2309675
14.622879 13.909369
11.8 11.461096
11.900001 11.8436985
11.463512 12.501874
10.2 10.685311
11.2 11.249683
10.70206 10.747388
11.8 11.817691
11.7 11.695137
11.5 11.5590725
11.1 11.398762
11.2 11.285481
11.999998 11.91688
11.2 11.259591
11.2 11.223675
11.3 11.370012
11.7 11.655434
12.899998 13.203551
11.1 11.210866
11.2 11.78274
11.1 11.121058
11.599999 11.576715
11.321849 10.969679
11.1 11.122143
10.6 10.399464
13.500008 14.311281
11.8 11.323765
12.599997 12.656576
10.2 10.326342
11.5 11.512302
11.1 11.12479
11.1 11.207573
10.1 10.147559
11.2 11.206272
11.1 11.629732
10.40103 10.238879
11.2 11.330617
11.400001 11.4309635
11.1 11.250572
10.5 10.610668
11.5 11.347461
11.1 11.270184
12.399998 12.531779
11.2 11.27634
14.200179 14.095706
11.3 11.357708
11.2 11.364279
11.2 11.260554
13.399989 12.421052
13.1 11.9999895
11.5 11.568865
11.1 11.168899
14.261151 13.967568
11.3 11.31469
9.79897 9.976489
11.2 11.262609
11.8 11.654152
11.599999 12.127791
13.800057 13.694587
13.066142 12.481187
10.8 11.099569
11.400001 11.329022
11.8 11.725497
11.3 11.46393
11.1 11.195194
11.1 11.193973
10.1 10.118147
9.79897 9.851755
11.7 11.852032
11.8 11.790331
12.058607 11.665457
11.1 11.446155
11.999998 12.370103
11.400001 11.455719
11.400001 11.830187
11.1 10.96448
11.900001 11.7168665
11.599999 12.14664
11.1 11.079893
14.219187 14.459799
11.5 11.8844
11.1 11.274396
11.1 11.193105
11.599999 11.211587
11.3 11.324718
10.79897 11.178268
11.2 11.511375
11.2 11.234459
11.1 11.1795025
12.299998 11.656668
11.2 11.240337
13.000009 12.668546
12.427902 11.225464
11.5 11.605194
11.1 11.112421
11.400001 11.768968
10.1 10.087222
11.3 11.345193
12.794648 12.663438
10.40103 10.506008
11.40103 11.497257
11.7 11.823397
11.2 11.376033
10.9 10.932036
11.900001 11.868595
11.3 11.488277
11.900001 11.9571085
11.2 11.189932
11.2 11.794494
13.267491 13.079982
11.400001 11.394696
12.199999 12.298207
11.7 11.781629
9.79897 9.865812
11.599999 11.372519
11.1 11.254999
11.7 11.826469
11.2 11.292138
11.5 11.408968
11.2 11.248097
11.900001 11.875555
11.2 11.313988
11.999998 11.970559
11.5 11.4445505
11.8 11.831666
11.900001 11.662535
12.899998 12.532647
10.622879 11.276741
11.999998 12.098871
11.400001 11.478215
10.622879 10.691763
11.629299 11.653444
11.2 11.194227
11.2 11.622019
11.1 11.171319
11.2 11.305294
11.1 11.2069435
12.1 12.334178
11.8 11.5160675
11.599999 11.316168
11.3 11.318786
12.1 11.859207
11.400001 11.340396
11.5 11.553986
11.1 11.426788
11.5 12.113069
12.299998 11.665762
14.999629 13.925813
11.5 11.459393
11.999998 12.025634
13.1 12.477072
11.400001 11.350237
12.378189 12.393912
14.49794 12.851944
11.8 11.596431
11.999998 12.066814
11.7 11.726336
11.5 11.71365
11.1 11.696592
11.3 11.518488
15.1 14.198574
11.400001 11.398504
11.8 11.796698
11.2 11.250799
11.1 11.112272
13.122276 13.010146
11.7 12.20228
10.1 10.084596
11.1 11.190979
11.2 11.278353
11.900001 11.872035
11.3 11.420881
14.1 13.864724
11.1 11.695271
12.499997 12.286612
11.2 11.214358
12.899998 12.9416685
11.1 11.188694
11.1 11.318317
10.923909 11.054695
13.1 13.1531315
11.7 11.75255
11.5 11.730114
11.900001 12.382259
11.3 11.465681
11.5 11.597321
11.0 10.92814
11.2 11.268013
11.2 11.253573
13.000009 13.305795
10.555932 10.626536
11.8 11.763642
11.900001 11.86894
11.1 11.390371
12.299998 12.225781
11.2 11.1295185
12.1 11.36913
11.359637 10.769499
11.3 11.489088
11.1 10.658159
12.1 12.26461
13.581486 13.570897
11.2 11.213083
11.2 11.324813
11.400001 11.450356
11.900001 12.647853
14.1 13.957012
11.1 12.869597
11.1 11.188333
12.399998 12.169403
12.1 12.02173
11.2 11.596941
11.555932 11.876666
11.900001 11.860592
11.400001 11.4169655
11.400001 11.774775
11.2 11.302645
12.020819 11.858604
10.2 10.7169485
11.1 11.156528
11.2 11.13349
12.699998 12.045674
11.3 11.251811
11.8 11.276619
12.367606 12.103201
10.4 10.318762
11.3 11.25248
11.1 11.187286
11.900001 11.875443
11.2 11.230026
11.2 11.239252
11.599999 11.847704
11.1 11.200031
11.8 11.942349
11.400001 11.30319
12.399998 12.605998
11.7 11.36372
11.400001 11.515638
11.5 11.513737
11.900001 11.890386
11.400001 11.528547
10.8 10.725516
11.2 11.219302
11.8 11.923656
11.2 11.308885
10.1 10.245663
14.777781 14.484418
11.5 11.836954
11.8 11.226866
12.760172 11.271854
10.9 11.230034
13.999974 14.058913
11.1 11.26126
14.622879 13.839694
11.101305 12.643942
11.1 11.22846
14.400163 14.664851
10.719789 10.726072
11.400001 11.311866
11.900001 11.8564415
11.1 11.256357
11.900001 13.1308565
11.2 11.350055
11.7 11.651474
11.1 11.513298
11.5 11.553429
11.777781 11.759139
11.3 11.381954
11.599999 11.6777
11.599999 11.480425
12.1 11.280743
11.2 11.248253
11.5 11.541046
12.199999 12.123743
12.461511 12.484731
11.1 11.119487
11.1 11.314406
11.1 11.144972
11.2 11.318432
11.3 11.429429
11.5 11.466014
11.900001 11.857388
11.8 11.721746
12.1 11.297045
11.599999 11.513609
11.3 11.275578
11.2 11.257015
11.7 11.745661
11.8 11.815155
11.900001 11.916686
11.5 11.38264
11.900001 11.869841
12.499997 12.612353
11.3 11.347468
11.2 11.32374
11.400001 11.523623
13.1 13.248769
11.5 11.533146
11.1 11.232503
11.5 11.58498
13.351812 13.849642
11.3 11.276531
11.1 11.149874
11.599999 11.321266
11.2 11.298411
11.3 11.502966
11.5 11.464045
11.1 11.378828
11.599999 11.819368
13.1 13.007048
11.3 11.270543
11.1 11.186356
10.1 10.096045
14.299971 12.870576
11.3 11.298386
11.599999 11.585533
12.040815 13.621145
11.5 11.505105
10.9 11.941879
11.1 11.265289
11.999998 12.266319
10.622879 10.650723
11.1 11.226536
11.2 11.312561
11.2 11.214181
10.662469 10.990585
11.599999 11.491324
11.1 11.184631
11.400001 11.434998
11.1 11.140727
11.599999 11.592951
11.1 11.237327
14.8447275 13.686153
13.899971 13.426898
11.2 11.389453
11.2 11.253363
13.899971 13.623807
11.1 11.228954
11.8 11.444412
11.900001 12.089905
11.5 11.542716
11.400001 11.344451
12.199999 12.32511
11.900001 11.9614105
11.999998 11.926455
10.70206 10.645996
11.2 11.81924
12.499997 13.100441
11.2 11.205138
11.5 11.623568
13.800057 12.91095
12.051963 11.812717
11.900001 11.847918
10.1 10.159755
11.1 11.189548
12.1 11.570004
11.599999 12.276536
11.2 11.244129
13.600039 14.528869
11.2 11.259104
14.299971 13.62386
12.899998 12.434846
11.400001 11.440618
11.1 11.186033
11.5 11.551001
12.299998 11.715543
11.999998 12.003534
11.3 11.279697
11.5 11.455849
11.8 11.652162
10.622879 10.517833
13.999974 12.979421
11.2 12.021425
11.8 11.761761
11.900001 11.899397
11.2 11.231347
11.5 11.522113
11.5 11.530643
11.599999 11.564864
11.7 11.572594
11.2 11.275261
11.2 11.207737
12.1999855 12.281583
11.1 11.118581
11.900001 11.854967
11.2 11.195822
11.3 11.33604
11.999998 11.558552
11.999998 11.957221
11.900001 11.892382
11.7 11.6647005
11.2 11.208647
11.1 11.254199
12.399998 11.731525
12.499997 11.531829
11.5 10.648219
11.900001 11.872587
11.599999 11.638625
11.400001 11.649269
12.599997 13.198438
11.900001 11.873016
11.900001 11.838593
11.1 11.116897
11.8 11.812624
11.900001 11.861078
11.900001 11.903828
14.40103 12.456851
11.3 11.356813
11.900001 11.901816
13.2704735 12.547223
11.900001 12.411922
11.2 11.268437
13.699981 13.901711
13.800057 13.667621
9.79897 10.329856
11.3 12.000315
11.5 11.493973
11.999998 11.895887
11.999998 11.38083
12.699998 12.732892
12.299998 12.154549
11.900001 11.889524
11.599999 12.045267
11.3 11.397007
12.499997 11.871924
11.400001 11.651356
11.999998 12.362954
12.499997 12.313785
11.1 11.155285
13.399989 14.003053
10.622879 10.726025
11.400001 11.180418
13.321849 13.110778
11.2 11.323813
11.2 11.19828
11.400001 11.464056
11.2 11.356388
11.3 11.635792
12.399998 13.383395
11.3 11.706533
11.1 11.223183
11.1 11.051893
13.1 12.026012
11.599999 11.584818
11.3 11.286684
11.5 12.589616
12.359637 12.390607
12.699998 12.832921
11.7 11.782288
11.1 12.196285
11.400001 11.422963
11.3 12.764508
11.5 11.663298
11.7 11.647436
11.900001 12.144616
11.900001 11.882338
11.7 11.510698
12.299998 12.217685
11.5 11.575819
14.299971 14.727129
11.400001 11.577519
11.1 11.232555
11.2 11.224249
13.1 12.838548
11.7 12.150303
12.900001 12.302906
11.3 11.340577
12.79897 12.78147
11.2 11.269314
11.900001 11.885744
13.1 13.284993
11.3 11.238121
11.900001 11.91125
11.1 11.332458
12.199999 11.848623
12.599997 13.040221
12.699998 12.686836
10.70206 10.713726
12.555932 12.501985
11.1 11.112572
11.2 11.354031
11.1 11.161371
11.2 11.26722
11.900001 12.749246
12.21351 12.614989
12.19691 12.574027
13.1 11.800515
11.5 11.549647
11.599999 11.480954
11.2 11.597268
12.599997 11.783081
11.79897 11.649938
11.900001 12.11161
11.8447275 12.985862
13.899971 13.321008
11.530626 11.398008
11.5 11.577028
11.999998 11.959496
12.128261 10.616771
11.999998 11.986248
11.900001 11.863806
11.5 11.607286
11.8 11.838757
11.40103 11.528303
11.900001 11.86087
12.199999 11.697788
12.1 11.916159
11.900001 11.977635
11.599999 11.640349
11.239147 11.687004
11.555932 11.206356
10.40103 10.414562
11.7 11.70878
11.2 11.205957
11.5 11.97638
12.799992 12.593873
11.3 11.381913
11.2 11.203041
11.900001 11.88479
11.599999 11.419742
11.5 11.573951
11.999998 11.286879
10.145758 10.210171
12.599997 12.047741
11.400001 11.368662
11.3 11.384016
11.900001 11.887858
12.499997 13.1768675
11.2 11.526451
11.599999 11.584718
11.5 11.386597
11.7 11.683098
11.400001 11.652774
11.8 11.805563
12.699998 12.127405
12.1 12.064142
11.400001 11.515375
11.2 11.25087
11.400001 11.530003
11.2 11.2583885
11.5 11.563178
11.2 11.261034
11.1 11.137541
10.224938 10.05776
11.5 11.532261
11.2 11.249996
11.8 11.513041
11.2 11.243593
11.2 11.273367
12.399998 12.444873
10.7 10.690976
11.7 11.36327
11.900001 11.928348
11.400001 11.479777
12.1 12.12678
11.8 11.805716
11.5 11.566432
11.2 11.253934
11.7 11.95187
11.900001 11.869853
11.3 11.317303
11.1 11.154438
12.899998 11.965237
11.900001 11.884241
10.2 10.39512
11.400001 11.427072
11.1 11.223425
10.4 10.371035
11.2 11.198915
11.599999 11.603167
10.1 11.151773
11.2 11.2805
10.4 10.386834
12.199999 12.135817
11.900001 11.846756
11.7 11.794466
11.1 11.150123
11.2 11.580036
11.2 11.240902
11.2 11.53445
11.599999 11.612156
11.999998 11.822048
11.599999 11.609275
12.599997 12.268904
11.1 11.174395
11.1 11.365614
10.40103 10.428746
11.7 11.730061
11.543697 12.312446
13.299971 12.18534
11.76354 12.009897
11.400001 10.869144
11.8 12.156771
11.1 11.168539
11.7 11.648594
13.999974 12.506665
11.8 12.142822
11.3 11.204575
11.2 11.318602
12.19691 12.4275675
12.199999 11.914121
11.900001 11.878145
13.15061 12.754882
11.3 11.355037
11.3 11.459569
11.1 11.202421
13.1 12.061304
11.66117 11.480548
13.869806 12.997357
11.3 11.480296
11.1 11.295381
11.3 11.616374
11.599999 11.58544
14.600313 14.354831
13.020819 12.944499
11.8 12.0179205
11.8 11.837951
11.535334 11.410012
11.2 11.259518
11.599999 11.549011
11.7 11.6048355
11.900001 11.6942215
11.8 11.785169
11.3 11.259613
11.1 11.428501
12.299998 11.657382
11.230768 11.392792
11.5 11.545713
11.2 11.290972
10.4 10.453982
11.8 11.884957
11.999998 11.566484
11.5 12.008277
11.599999 11.648488
14.200179 13.974832
12.499986 12.005385
12.299998 11.819114
11.7 11.662906
11.7 11.63378
11.900001 11.859127
11.3 11.28318
11.5 11.780186
11.1 11.178367
13.1 12.3437395
11.400001 11.510705
11.3 11.431601
11.7 11.399314
11.2 11.195362
11.5 11.327133
14.999629 14.869435
12.499997 12.663558
11.1 11.257578
11.0 10.704893
11.1 11.181276
11.900001 11.880744
11.400001 11.303113
11.1 11.143419
12.926814 12.575143
11.2 11.304073
11.3 11.281158
10.9 11.488572
12.1 11.8225155
11.1 11.106156
11.3 11.311262
11.900001 11.872229
12.1 12.041657
11.2 11.322847
11.900001 11.871254
11.5 11.86916
11.5 11.621617
11.8 11.904978
11.8 11.494527
11.7 11.778159
11.7 11.556252
11.2 11.205374
14.058607 14.143748
11.999998 11.762184
11.2 11.293709
11.900001 11.958086
12.1 11.936884
11.8 11.913771
11.999998 11.972884
12.536519 12.071007
11.2 11.273686
11.2 11.541932
9.79897 9.876109
11.2 11.216782
9.40103 9.33884
11.560548 13.682986
10.40103 10.514965
11.7 12.21274
11.5 11.705758
11.3 11.35244
11.1 11.227918
11.2 11.285763
11.2 11.20922
10.145758 10.165047
11.3 11.478288
11.2 11.23404
11.19691 11.200899
15.1 14.318611
11.8 12.126942
11.1 11.177422
11.3 11.262753
11.2 11.257024
11.1 11.363295
12.51862 12.088446
11.900001 11.88921
11.900001 11.841427
11.8 11.758785
11.1 11.316994
11.5 11.494535
11.3 11.601869
11.3 11.741521
11.2 11.495381
13.999974 13.1614485
11.900001 12.100525
12.199999 11.843119
11.7 11.708576
10.8 11.074545
11.400001 11.375271
12.1 11.624974
11.900001 11.902988
11.599999 12.109118
11.944213 12.389142
11.2 11.278223
11.3 11.376709
12.759379 12.461127
11.145758 11.509535
11.2 11.667351
11.599999 11.550358
13.500008 12.681964
11.599999 11.6214285
11.2 11.376335
11.900001 11.883638
11.599999 12.019919
11.3 11.329654
12.199999 12.138313
11.900001 11.581357
11.2 11.2058525
11.8 11.647982
12.699998 12.411578
10.70206 11.018742
11.8 11.831106
10.3 10.39193
11.599999 12.092693
11.375724 11.219841
11.900001 11.883202
11.2 11.730566
11.1 11.1543665
11.3 11.254442
11.1 11.248157
13.299971 12.612279
11.900001 11.437139
11.1 11.212831
11.2 11.341994
12.799992 12.540186
11.900001 11.869922
11.2 11.277887
11.1 11.189669
11.8 11.85382
11.1 11.193647
11.599999 12.418769
11.2 11.899621
11.2 11.243819
11.1 11.581776
11.2 11.200623
11.400001 11.413603
10.122276 10.180226
11.1 11.139642
13.999974 13.452556
11.900001 11.836626
11.900001 11.884385
11.900001 12.126221
11.900001 11.862722
10.9 10.635499
11.599999 11.613774
11.3 11.703812
13.600039 13.340676
11.2 11.667368
11.2 11.298403
11.5 11.567373
11.8 12.14081
11.2 11.221113
11.900001 11.931046
12.499997 11.631346
9.79897 10.033008
11.400001 11.451415
11.2 11.249724
12.299998 12.12781
11.900001 11.740179
11.999998 11.679746
11.2 11.25906
11.1 11.249109
11.8 11.852808
11.900001 11.866986
11.7 11.575082
13.050004 13.732597
10.901343 10.747734
13.899971 13.261178
10.830955 10.807915
11.999998 11.948103
11.900001 11.863257
11.2 11.46797
11.3 11.3175535
13.1 13.268687
11.1 11.206678
11.175305 11.283867
11.1 11.08703
11.8 12.041105
14.700326 13.958177
11.900001 12.358953
11.1 11.282825
11.400001 11.289148
12.1 11.746893
11.2 11.318573
11.599999 11.640475
12.1 11.922751
11.900001 11.247496
11.7 11.2615795
10.6 10.588385
11.5 11.509769
11.5 11.616352
11.8 11.813564
11.118106 11.226816
12.299998 11.455459
11.7 11.670382
11.3 11.452408
11.599999 11.322242
11.1 11.696222
11.1 11.17404
13.699981 12.8896
13.622879 13.763713
13.299971 14.062411
11.1 11.266134
11.400001 11.460328
10.622879 10.629906
11.8 11.826731
11.1 11.166689
11.599999 11.572122
11.1 11.221107
12.899998 12.298009
11.2 11.349825
11.900001 11.82949
11.7 11.8476515
10.70206 10.673604
11.7 11.796577
11.5 11.526789
11.5 11.460485
11.400001 11.757741
11.400001 11.4443
12.40103 12.497959
14.065731 14.852864
11.1 11.283039
11.7 11.772796
11.8 11.843104
11.7 11.738731
11.5 11.579788
11.3 11.722896
11.7 11.753065
11.45 11.509916
11.574222 11.607038
11.3 11.374156
11.400001 11.389483
11.2 11.2523985
11.2 11.2051525
11.900001 11.908822
11.2 11.195158
11.5 11.521871
11.2 11.336828
11.367606 11.050962
11.1 11.235651
11.1 11.240301
11.8 11.795597
11.999998 11.960275
11.599999 11.668943
11.2 11.315063
11.2 11.233717
11.999998 11.534054
12.299998 12.211669
10.1 10.103506
11.599999 11.967764
11.5 11.292234
12.699998 12.579785
11.2 11.482057
11.8 11.819078
10.40103 10.501821
11.2 11.236197
11.2 11.195185
11.900001 11.919731
11.2 11.288942
11.900001 11.897724
11.7 11.776196
12.599997 12.844945
11.999998 11.991504
11.2 11.238903
10.321849 10.652079
13.000009 13.545469
11.2 11.289534
11.8 11.840239
11.599999 11.410587
11.8 11.890944
11.1 11.178747
11.1 11.189777
11.2 11.270738
11.2 11.244889
10.1 10.13654
11.1 11.149162
11.1 11.234534
11.1 11.204253
11.7 11.895239
13.1 11.857758
11.599999 11.2719145
12.899998 13.38166
11.8 11.916938
12.599997 12.586702
11.5 11.579502
11.7 11.701195
11.5 11.356988
11.5 11.54451
10.70206 10.847795
11.900001 11.892363
11.2 11.218662
11.2 11.275152
11.2 11.860836
12.699998 11.548678
11.2 11.836573
11.599999 11.490887
11.400001 12.493202
12.399998 12.423473
11.900001 11.908993
11.900001 11.902399
11.7 11.55002
11.2 11.3319025
11.3 11.547294
13.399989 12.695292
11.2 11.222973
11.7 11.2657385
11.2 11.455288
13.200015 12.24519
14.09948 12.489437
12.199999 12.446249
11.1 11.344107
11.400001 11.406449
11.2 11.268199
10.40103 10.33135
13.800057 13.651162
11.400001 11.284302
12.140959 11.658786
11.2 11.321188
11.890485 12.648456
11.1 11.235201
11.5 11.465351
11.599999 11.674862
11.1 11.221485
11.7 11.783802
11.5 11.61672
11.599999 11.662758
11.599999 12.772198
11.400001 11.605359
11.1 11.385662
11.5 11.565552
11.900001 11.87528
13.046922 12.658406
11.7 11.65512
11.3 11.313726
11.1 11.229293
11.2 11.283913
13.1 13.353295
14.79897 14.592992
10.8 10.783555
11.202373 11.721748
11.900001 11.852023
11.1 11.273489
11.599999 11.762761
11.7 11.86338
12.199999 12.35079
11.108774 11.259265
12.399998 11.849279
11.3 11.428786
11.2 11.194051
11.400001 11.592383
10.3 10.602814
13.1 12.483733
11.400001 11.747147
11.799998 11.730595
13.600039 12.965348
10.79897 10.723984
11.2 11.253091
11.2 11.329844
11.1 11.257772
11.900001 11.925957
11.1 11.208321
11.5 11.494146
11.869551 12.091527
12.399998 12.502646
11.400001 11.334073
13.854961 10.867222
12.699998 11.837996
12.499997 11.916679
11.1 11.228237
12.499997 11.848278
10.608639 12.369205
11.1 11.519749
11.3 11.284477
11.5 12.0432415
13.409804 12.807848
11.2 11.234373
11.900001 11.828662
11.599999 11.653864
11.3 11.567217
11.8 12.427632
11.140959 11.580645
12.1 11.844416
11.2 11.259532
11.900001 11.56889
12.1 11.661528
11.2 11.300043
14.280456 14.197401
11.900001 11.880043
10.2 10.295659
11.3 11.478241
11.1 11.1746025
11.3 11.335647
11.5 11.470421
11.599999 11.598531
11.3 11.3857155
11.599999 11.2962475
11.8 11.807048
11.900001 11.895939
10.5 10.513457
11.2 11.384203
11.5 11.562084
12.199999 12.141598
11.2 11.295828
11.900001 11.832528
11.3 11.875561
11.7 11.700218
11.5 11.533931
14.999629 14.501018
11.400001 11.456169
11.3 11.341356
10.40103 10.191826
11.5 11.539466
12.199999 12.544209
11.8 11.857559
9.79897 9.868013
11.400001 11.366485
11.8 11.881386
11.3 11.300584
11.106614 11.168587
11.3 11.870105
11.999998 11.582069
11.599999 12.246718
13.299971 11.788283
13.29382 13.307887
12.1 11.191319
11.999998 11.99681
11.2 11.406813
11.8 11.862481
11.400001 11.346142
11.1 11.18652
11.40103 11.930836
11.999998 12.665918
11.5 11.553946
11.8 12.193307
11.400001 11.6894045
11.599999 12.372469
11.8 11.82083
11.1 11.254345
11.8 11.799788
11.900001 11.882531
10.1 10.360533
11.900001 11.797443
10.1 10.104352
12.899998 12.55806
11.8 11.7772045
11.900001 11.855669
11.8 11.810211
13.409804 12.609641
11.2 11.201666
11.7 11.663555
13.999974 13.588368
11.2 11.315984
12.690067 12.926295
13.47675 13.216964
11.599999 11.593622
13.800057 14.033267
13.999974 12.593345
10.4 10.302861
11.599999 11.662474
12.699998 12.384383
11.5 11.539524
11.1 11.238461
11.1 11.270242
11.900001 11.874697
11.599999 11.59539
11.8 11.761448
11.2 11.633031
11.1 11.241121
11.400001 11.549866
11.900001 11.832182
11.999998 11.885634
11.5 11.5303135
11.5 12.110877
10.40103 10.25569
11.999998 11.933909
11.900001 11.884344
11.1 11.115637
11.2 11.262228
12.299998 12.451385
11.3 11.280447
11.1 11.17771
11.5 11.858309
12.799992 12.729365
11.1 11.212984
12.633132 11.287284
11.8 11.647693
13.600039 13.225315
11.1 11.144352
14.145758 14.128152
14.200179 14.689081
11.1 11.328051
11.3 11.357087
11.2 11.298786
11.7 11.717884
12.699998 12.29778
10.70206 10.672573
14.1 11.966415
11.2 12.319883
12.1 11.717984
13.500008 14.143246
11.5 11.530727
11.5 11.3010845
11.2 11.541926
11.2 11.242117
10.70206 10.71269
11.2 11.658687
13.299971 13.511537
11.2 11.374355
11.7 11.7183895
9.79897 9.854847
11.7 11.615931
11.900001 11.860891
12.799992 12.8394
11.400001 12.284189
11.1 11.432506
11.2 11.293034
11.5 11.519059
11.900001 11.889625
10.40103 10.386042
11.1 11.097374
11.5 11.52425
11.3 11.883673
11.8 11.80966
11.5 11.723041
11.1 11.473104
10.986056 10.663559
12.199999 12.784573
11.3 11.349522
11.79897 11.732682
11.8 11.974942
11.8 10.687588
11.5 11.267948
10.738272 10.814552
11.2 11.289621
11.2 11.264212
11.738272 11.601749
13.399989 12.43172
12.1 12.009774
11.3 11.433367
14.200179 12.780999
11.1 11.147019
12.1 11.985326
12.919643 12.489346
11.2 11.777593
12.599997 12.856636
13.299971 12.967658
11.1 11.186597
14.652842 14.076208
11.1 11.175343
11.8 11.88148
11.3 11.309866
11.900001 11.708698
11.8 11.583032
11.2 11.2587595
11.8 11.773693
11.900001 11.873159
11.900001 11.878062
11.8 11.792362
11.7 11.746528
11.2 11.258039
13.500008 12.84551
11.599999 11.674383
11.585452 12.745386
12.299998 11.484186
10.8 11.056874
11.8 11.806491
11.900001 11.8692665
11.3 11.412855
11.719789 11.689052
11.5 11.562832
11.900001 11.866786
11.8 11.812958
11.2 12.478262
13.299971 12.574993
11.1 11.647438
11.2 11.352964
11.400001 11.436697
11.400001 11.8199215
11.400001 11.408723
11.3 11.321729
12.699998 11.574133
14.49794 14.6901655
11.1 11.213757
11.900001 11.80775
11.999998 11.867656
11.3 11.542446
11.2 11.3043
12.1 11.98798
11.5 11.536829
11.1 11.259889
11.8 11.64913
11.900001 12.036742
12.399998 11.994312
11.900001 11.9151
11.999998 12.335201
11.2 11.261856
13.699981 13.201703
11.1 11.234827
11.400001 11.622211
12.699998 13.05841
11.2 11.246855
13.899971 14.754515
11.7 12.386459
11.900001 11.955484
11.999998 11.843383
10.70206 11.9049
11.2 11.243248
11.400001 11.471553
12.599997 11.920953
11.5 11.48531
11.900001 11.947876
11.400001 11.591983
11.7 11.683103
11.1 11.35492
13.1 12.779942
11.900001 11.784746
11.400001 11.632976
11.400001 11.415024
10.1 10.087344
11.400001 11.490879
11.2 11.307301
12.02263 12.571492
11.2 11.2263565
12.499997 12.325401
12.199999 11.256767
11.2 11.207716
13.800057 13.141633
11.3 11.909521
11.3 11.348995
10.1 11.856175
13.299971 13.297238
10.3 12.06403
14.299971 11.947865
11.1 11.3479185
11.900001 11.922863
11.2 12.041826
11.1 11.14521
11.599999 11.708331
11.212469 11.317276
13.699981 13.795198
11.400001 11.197063
11.180922 11.2674675
10.622879 10.941802
12.499997 13.228671
10.70206 10.667112
12.599997 12.639758
12.299998 12.24751
11.599999 11.608601
11.5 11.46627
11.999998 12.544768
11.900001 11.937763
10.700015 10.773012
14.901343 11.941618
11.1 11.149246
10.2 10.643611
11.685027 11.540165
11.5 11.588399
11.2 11.246461
11.2 11.271912
9.79897 10.259027
11.8 11.83014
11.7 11.694909
11.2 11.299937
11.900001 11.907314
13.1 13.1175165
11.7 11.745323
11.3 11.597222
12.799992 12.812698
12.299998 11.839262
11.900001 11.552359
12.799992 12.728173
11.2 11.612406
11.1 11.351258
11.599999 11.552525
11.1 11.179884
11.900001 11.89929
12.299998 12.168419
11.3 11.307136
11.7 11.67643
11.7 11.7323675
14.986056 14.217298
11.599999 11.600325
11.5 11.751022
11.7 11.743656
11.7 12.092475
11.3 11.380636
10.5 10.315289
11.1 11.321033
11.7 11.970987
11.999998 11.956186
11.2 11.762903
11.8 11.828216
11.400001 11.5915
11.1 11.399729
15.200179 14.967681
11.900001 11.873736
11.1 11.163683
11.999998 11.85811
11.2 11.663617
11.400001 11.830736
11.3 11.303144
11.3 11.292347
11.2 11.22347
11.2 11.288031
12.799992 11.946638
13.899971 12.694932
13.399989 13.34793
10.2 11.362644
11.5 11.481402
11.400001 11.452271
11.2 11.201471
11.400001 11.493101
13.1 13.048826
11.3 11.465363
11.900001 12.469117
10.5 10.632782
14.622879 12.230018
11.2 11.798838
11.5 11.513641
10.6 10.448606
11.1 11.186136
11.7 11.4993305
12.499997 12.200188
11.1 11.088221
11.5 11.428157
11.1 11.242532
11.900001 11.879018
11.2 11.301538
11.5 11.485424
12.299998 11.766668
12.199999 12.142154
11.3 11.461115
11.3 11.508193
11.599999 11.661274
11.7 11.206823
14.40103 13.880502
11.2 11.342976
11.5 11.525816
12.399998 12.531898
11.400001 11.363136
10.70206 10.719027
11.2 11.29201
11.7 11.832508
12.418758 11.941942
11.900001 11.876349
11.2 11.31156
11.5 11.44002
11.999998 11.933299
11.1 11.197968
11.7 12.010853
12.299998 12.097693
10.622879 11.032192
11.1 11.179448
12.1 11.44238
10.753647 12.633148
11.3 11.389859
12.699998 13.45983
12.281115 11.6459675
11.2 11.931505
11.1 11.705799
11.999998 11.988927
11.3 11.300709
13.000009 12.317791
11.2 11.283577
11.5 11.546101
13.200015 11.928083
11.3 11.490343
11.3 11.637442
11.1 11.287873
11.1 11.259511
12.399998 12.04243
11.3 11.321524
11.999998 11.573303
11.1 11.279284
11.2 11.320718
10.520216 10.727706
11.3 11.378876
12.299998 11.975342
11.400001 11.443285
10.078811 10.073278
12.499997 12.26085
11.599999 11.604956
11.900001 12.058117
11.999998 11.674334
11.3 11.541435
11.900001 12.240311
11.999998 11.855556
11.5 11.669369
11.8 12.039634
11.599999 11.908032
11.2 11.306401
12.499997 12.62302
11.1 11.150469
11.49794 12.020797
12.637602 12.159358
11.3 11.41595
11.1 11.1479225
12.668636 12.678267
11.5 11.571596
12.799992 12.657752
11.400001 11.282703
11.3 11.401458
10.40103 10.338684
11.2 11.250587
11.986056 11.578058
11.1 11.484148
11.1 11.269577
12.719789 13.186867
11.2 11.20693
11.1 11.231888
11.5 11.624387
12.599997 13.619321
11.599999 11.351248
11.2 11.26124
11.1 11.359611
12.299998 12.570639
10.516801 11.199917
11.2 11.420227
11.5 11.256907
11.8 11.357439
12.699998 12.464185
11.599999 11.332188
11.900001 11.90977
11.2 11.315444
11.1 11.724649
12.299998 11.396565
11.1 11.224079
12.399998 11.8120365
11.8 11.8944235
11.5 11.544424
13.000009 12.079763
11.1 11.304898
14.901343 13.181525
11.8 11.825167
14.113228 12.09299
11.1 11.1897545
10.79897 11.101458
13.986056 13.445356
11.1 11.242582
11.599999 11.870679
11.5 11.566363
11.1 11.203047
11.400001 11.928356
11.8 11.8288355
10.1 10.619086
11.400001 11.459257
10.719789 10.701456
12.199999 11.838426
11.999998 11.7491045
11.5 11.569011
12.499997 12.707189
11.999998 11.907759
11.1 11.400055
11.900001 11.997579
11.1 11.116171
11.3 11.333793
11.400001 11.774065
10.40103 10.541134
11.869551 11.344508
12.224938 12.188677
11.900001 11.808662
14.4000435 14.227243
11.1 11.161287
11.140959 11.786759
11.900001 11.98839
12.199999 12.050473
11.1 11.149057
11.7 11.524452
11.2 11.259774
11.2 11.276318
11.5 11.23845
11.400001 11.597646
10.5685215 10.399522
11.400001 11.711342
11.5 11.563591
11.5 11.888307
11.599999 11.512535
11.5 11.546227
10.49794 10.590038
11.1 11.185823
11.900001 11.876304
11.900001 12.583151
11.900001 11.860253
11.599999 11.683643
11.900001 11.842391
11.8 11.777273
11.1 11.128428
13.777781 13.650912
11.2 11.3587475
11.7 11.7486105
11.2 11.275438
11.710109 11.825662
11.2 11.227907
11.1 11.200704
11.1 12.030402
10.622879 10.538428
14.600313 14.857118
11.900001 11.892857
11.2 11.444951
11.3 11.367468
11.7 11.54567
12.399998 11.986626
11.2 11.245235
11.900001 11.872569
12.199999 11.963062
10.2 10.387027
12.199999 11.901278
11.1 11.142942
11.999998 11.887445
11.2 11.122933
11.2 11.270973
11.3 11.523653
13.299971 13.06442
11.5 11.512197
11.1 11.67928
11.7 11.820019
12.399998 12.324988
11.400001 11.425037
10.1 12.098066
12.515898 11.462831
12.599997 12.906311
13.000009 13.084465
11.1 11.126867
10.70206 10.737534
11.479343 11.691866
11.999998 11.424686
11.900001 11.895731
11.900001 11.891626
11.5 11.462945
11.599999 11.583893
11.1 11.303829
12.399998 11.579849
11.599999 11.906413
11.400001 11.678162
11.7 11.724645
11.599999 12.210573
11.19691 11.068527
11.8 11.71634
11.2 11.202252
11.191515 11.586362
13.699981 13.6442375
10.622879 10.663704
10.1 10.173966
11.3 11.765469
11.1 11.793409
11.7 11.566278
11.3 11.278741
12.299998 11.794784
11.900001 11.919402
11.8 11.822517
11.2 11.477821
9.70206 9.671024
11.900001 11.876688
11.599999 11.904541
12.1 13.009408
11.900001 11.879782
11.1 11.207102
11.3 11.343697
13.1 13.200971
12.199999 11.989246
11.999998 12.451453
11.8 11.838848
11.5 12.420975
12.499997 11.966428
11.7 11.700157
11.900001 11.879997
11.2 11.274623
11.5 11.456608
11.8 11.790027
12.299998 12.151309
11.999998 11.933829
11.599999 11.426399
11.900001 11.932626
10.6 10.874673
10.70206 11.1705885
11.400001 11.262804
11.5 11.869598
11.3 11.640906
11.2 11.282457
13.1 12.329738
10.857208 11.30178
12.199999 11.927542
11.999998 12.188004
11.599999 11.535628
11.8 11.815888
12.299998 12.644393
11.51454 11.9098425
12.899998 13.079259
11.5 11.42226
13.500008 12.97722
11.1 11.143642
11.2 11.235054
11.3 11.48941
11.7 11.737337
11.1 11.185297
11.2 11.268309
12.899998 12.237462
11.7 11.803803
13.000009 12.216271
11.2 11.283485
11.5 11.528536
11.599999 11.436242
12.199999 12.03464
11.686266 11.5699005
11.2 11.311878
12.1 12.263071
11.5 11.491468
13.200015 12.528452
11.599999 11.526451
11.923909 11.884568
11.2 11.274861
11.599999 11.67849
13.242667 13.435401
11.3 11.49534
11.900001 11.968313
11.1 11.27931
11.2 11.26728
11.7 11.5932665
11.1 11.264238
11.2 11.254307
11.5 11.473021
11.400001 11.226791
12.699998 12.042529
11.1 11.217009
11.1 11.131794
12.199999 12.597162
11.2 11.234304
11.999998 11.968119
12.1 11.870994
11.3 11.437751
11.8 11.683182
11.400001 11.475504
11.7 11.385332
12.199999 12.101509
11.900001 12.2838335
12.299998 12.147699
12.199999 13.122474
11.999998 11.939256
11.599999 11.341222
11.5 11.194454
11.1 11.157324
11.3 11.334116
11.5 11.601072
11.300659 11.483407
11.7 11.78892
11.5 11.504052
11.900001 11.871626
11.2 11.25078
12.19691 12.534259
11.7 11.7057085
11.999998 11.9641485
11.7 11.928887
10.627244 11.895101
11.3 11.294462
11.400001 11.520731
11.2 11.249251
11.1 11.159556
11.599999 11.837059
11.999998 11.983422
11.7 11.605552
11.599999 11.497589
11.389741 11.578131
11.900001 11.942593
11.599999 11.485434
11.7 11.764879
11.999998 12.064604
12.1 11.8614235
12.299998 12.702039
11.900001 11.8820305
11.7 11.749422
11.70103 11.656075
11.1 11.441586
13.821246 12.742839
11.5 11.492618
11.900001 11.864239
11.900001 11.412983
13.1 12.7127905
11.5 11.385153
11.599999 11.672197
11.3 10.80481
11.1 11.219631
11.3 10.989873
12.299998 11.823751
11.400001 11.255513
11.1 11.21216
11.8 11.8320465
11.8 12.05011
11.8 11.819199
11.2 11.691393
12.199999 11.856591
11.5 11.694845
13.000009 12.742932
11.2 11.247367
12.499997 12.390185
10.443902 10.675261
12.40103 12.523982
12.499997 11.834394
10.622879 10.598035
11.5 11.60984
10.7 10.641954
11.8 11.833187
11.8 11.721121
11.599999 11.793518
11.900001 11.92445
11.7 11.598022
11.7 11.773677
10.608639 10.523662
11.900001 11.88668
11.400001 11.482546
11.953872 11.826736
11.1 11.191041
11.400001 11.498931
11.1 11.216828
11.336572 11.2523
12.899998 12.649027
11.2 11.284584
11.2 11.312588
13.000009 12.946717
11.900001 11.86089
13.1 11.978523
12.1 11.728235
11.2 11.323646
11.999998 11.715784
9.40103 9.388008
11.3 11.364243
12.1 11.784615
12.799992 12.305986
11.2 11.279898
11.7 11.692671
11.1 11.357206
11.599999 11.29038
11.1 11.173824
11.5 11.726699
11.8 11.842844
11.7 11.7833
11.1 11.245619
11.3 11.326862
11.5 11.583125
11.1 11.204712
11.1 11.607797
11.2 11.152076
11.2 11.205309
11.3 11.438442
11.1 11.239405
11.8 11.883431
11.2 11.814983
11.8 11.821224
13.49794 13.373819
11.900001 11.872823
11.2 11.273064
10.652842 10.779276
13.800057 14.018446
15.180922 15.184068
11.400001 11.557317
11.900001 11.459907
11.1 11.15239
11.5 11.5366745
11.900001 11.812626
9.978481 10.02945
11.2 11.324169
12.420572 12.047371
11.2869625 11.28812
11.5 12.802149
11.5 11.517312
11.5 11.442839
11.3 11.220835
11.5 11.554182
10.1 10.566148
12.799992 12.254243
11.999998 11.947451
11.900001 11.945327
11.5 11.461494
11.1 11.320246
12.799992 12.55689
13.000009 12.485234
11.8 11.818429
12.112214 11.41848
14.757577 14.3103
12.199999 12.022031
11.8 11.717461
13.79897 12.783978
12.399998 11.888828
11.2 11.222956
10.3 10.281003
11.900001 11.932244
11.1 11.162857
12.599997 11.364793
11.2 11.364693
11.49794 11.266685
12.583288 13.410236
12.953872 12.934728
14.145758 13.206566
11.2 11.299253
11.1 11.15024
11.7 11.760487
12.499997 12.183236
11.1 11.13896
11.2 11.262818
11.2 11.236818
11.400001 11.310408
11.2 11.223368
11.7 11.588459
11.999998 11.737031
11.1 11.197556
12.599997 11.60047
11.7 11.505699
11.207906 10.993712
11.1 11.327117
11.900001 11.847277
11.599999 11.557519
11.3 11.369925
11.2 11.231707
11.7 11.754476
11.8 11.633337
14.200179 11.821453
11.2 11.216703
11.2 11.327408
11.400001 11.533723
11.1 11.243969
11.2 11.184917
11.2 11.217677
11.7 11.930635
11.2 11.340168
11.5 11.570122
11.900001 11.937876
13.200015 13.2670965
11.520216 11.259319
11.400001 11.277823
11.7 12.233757
11.2 11.250479
13.000009 12.5286665
11.2 12.086152
11.8 11.829385
11.2 11.546619
12.799992 13.109053
11.8 11.687923
11.599999 11.678429
10.1 10.631073
11.2 11.249765
11.1 10.949352
10.89588 10.387286
11.400001 11.402417
11.400001 11.430107
11.1 11.211654
10.321849 11.366097
11.5 11.317312
11.1 11.175501
12.599997 11.752123
11.1 11.199662
11.5 11.532633
13.000009 12.534499
11.999998 11.774581
10.70206 10.656801
11.1 11.114415
11.8 11.848658
11.7 11.6550865
11.1 11.24225
12.1 11.807877
15.1 14.415194
11.7 11.499952
11.1 11.156721
14.19691 14.51156
11.115759 11.198842
13.685027 13.44813
11.2 11.308186
11.40103 11.422081
11.999998 11.925689
11.854487 11.890635
11.1 11.232474
11.999998 12.008014
11.986056 12.518689
11.3 11.435188
11.2 11.191671
11.400001 11.277613
11.1 11.170649
11.900001 11.879643
11.5 11.525934
11.2 11.322605
12.19691 12.411365
11.309011 11.684093
11.8 11.844417
11.599999 11.598166
11.999998 11.803606
11.198455 11.248748
9.79897 9.712098
11.5 11.742558
11.900001 11.80648
11.2 11.249218
12.599997 12.652452
11.3 11.699634
11.1 11.231049
11.2 11.216145
11.18351 11.289348
11.3 11.255189
13.399989 13.251643
11.70103 11.71756
11.5 11.517485
10.2 9.791704
12.399998 13.317884
12.499997 12.420336
12.399998 12.310508
11.3 11.722597
12.299998 12.322467
11.7 11.69043
11.8 11.8359165
10.40103 11.30066
11.400001 11.406694
13.299971 13.06239
11.5 11.575014
13.399989 12.075323
11.1 11.191685
11.1 11.205982
11.2 11.358364
14.1 13.77727
11.400001 11.41889
11.599999 11.601885
12.1 11.28034
11.999998 11.928371
12.499997 12.360624
11.40103 11.140413
11.7 11.791096
12.299998 11.762775
11.900001 11.854849
11.2 11.327097
11.2 11.177863
11.2 11.416145
11.900001 11.950256
12.199999 12.037977
12.1 11.881547
11.900001 12.015254
11.900001 12.147158
11.2 11.310797
11.2 11.414396
11.2 11.304181
11.19691 11.276949
11.1 11.194308
13.699981 14.027755
10.49794 10.041742
10.4 10.592213
11.2 11.272541
11.3 11.485947
11.2 11.35643
11.7 11.655053
11.2 11.25546
11.8 11.783425
14.47675 12.285887
11.8 11.683783
11.7 11.875054
11.7 11.682356
11.1 11.177021
11.8 12.1605215
9.79897 9.987053
11.7 11.577276
11.999998 12.212439
11.900001 11.98508
12.599997 12.153627
11.1 11.288541
11.900001 11.86212
12.399998 11.852636
13.1 12.24914
10.4 10.328575
11.400001 11.425592
12.399998 12.254931
11.3 11.25937
11.7 11.686682
11.599999 11.569518
11.8 11.485171
11.599999 11.495199
10.4 10.759595
10.70206 10.701765
11.175305 11.238373
11.900001 11.903349
14.600313 14.873932
11.2 11.256184
11.1 11.989607
11.400001 11.459274
11.3 11.417297
11.1 11.697163
10.095678 10.019548
11.8 11.845483
11.900001 11.873503
11.400001 11.408986
11.8 11.758621
11.2 11.368765
13.399989 12.10924
11.3 11.321901
10.49794 10.68388
11.1 11.258601
11.3 11.527244
11.8 11.962574
11.3 11.679814
11.900001 11.951965
12.699998 12.171322
11.1 11.473165
11.599999 12.021477
12.199999 12.571726
13.600039 12.0709095
11.2 11.276569
12.599997 11.805466
11.999998 12.02357
10.1 10.227994
11.2 11.246649
11.400001 11.475121
11.900001 12.009264
11.400001 11.402952
11.5 11.5281315
11.3 11.355134
12.7038 11.9754925
11.3 11.367466
11.1 11.2102585
13.299971 12.602115
11.8 11.808754
11.1 11.275001
11.1 11.181593
11.3 11.319754
11.2 11.272438
11.900001 11.902643
11.400001 11.35121
11.2 11.210861
12.299998 12.35057
11.1 11.387494
11.900001 11.885941
11.8 11.728258
11.2 11.236406
11.2 11.220254
11.622879 11.545961
11.2 11.28032
11.599999 11.724912
13.70206 14.196616
11.5 11.734585
12.418758 12.832475
11.599999 11.980522
11.2 11.230814
13.953872 12.633227
11.3 11.816677
11.400001 11.500183
11.900001 11.86961
11.1 11.180851
12.499997 11.301952
11.1 11.077294
11.999998 11.987258
11.900001 11.959638
11.1 11.100689
11.900001 11.940577
12.191515 12.04403
14.1 13.899337
11.5 11.490751
12.799992 11.922387
14.254902 13.312385
11.400001 11.477896
11.400001 11.594202
12.856081 12.303129
12.399998 12.740714
11.3 11.4828005
10.70206 10.559998
11.254902 11.257349
11.3 11.4788065
11.400001 11.365736
13.2870865 13.288783
11.900001 12.69323
11.1 11.189707
11.3 11.597429
12.699998 11.258043
12.1 11.782192
12.599997 12.050478
11.5 11.560126
13.000009 13.90015
12.499997 12.478417
11.3 11.445519
10.9 10.992718
10.1 10.122388
11.2 11.773053
11.8 11.808126
11.671333 11.792351
12.70206 12.706139
11.900001 11.835895
11.1 11.17319
11.400001 11.459881
12.699998 12.142694
11.8 11.611901
13.508935 14.371015
13.500008 13.8751
11.400001 11.8000145
11.5 11.47426
13.699981 12.455958
11.400001 11.459059
11.8 12.292979
11.1 11.172025
11.900001 11.834536
11.2 11.2863655
12.1 12.26922
11.2 11.287261
11.8 11.830842
14.999629 14.609656
12.29382 12.249157
12.499997 12.011568
11.3 11.309282
11.1 11.090123
11.599999 11.62516
9.79897 9.846221
11.2 11.593932
11.7 11.713306
11.900001 12.080496
11.3 11.274133
11.1 11.202067
12.155518 11.885199
11.999998 12.110622
11.400001 11.333802
11.2 11.267038
14.79897 14.230035
11.599999 11.739315
11.5 11.546164
14.200179 13.709826
12.399998 12.235738
11.3 11.352676
12.499997 11.896668
11.999998 11.972746
11.999998 11.892327
10.1 10.347533
12.899998 12.938513
11.999998 12.008057
11.400001 11.632477
11.400001 11.536461
11.7 11.649696
10.5 10.969183
13.000009 12.750318
11.3 11.29297
11.900001 11.8623295
12.199999 11.713268
11.8 11.781063
11.900001 11.855059
13.800057 13.024595
10.1 10.245044
11.8 11.787323
11.999998 12.041443
10.1 10.129138
11.7 11.70139
11.1 11.219807
11.1 11.687717
12.699998 11.858352
11.999998 11.90539
11.999998 11.288477
11.5 11.612867
11.3 11.707379
11.2 11.274407
11.400001 11.245184
10.321849 10.065691
11.3 11.322696
13.000009 12.846233
11.599999 11.602291
12.15 11.311271
9.905 11.069141
13.499203 13.809619
12.685027 13.150243
11.1 11.183517
11.2 11.175705
11.400001 11.389372
14.500117 12.105883
11.1 11.278011
12.15061 11.627504
11.999998 11.845571
13.180922 13.116392
11.5 11.451086
11.999998 11.902521
10.40103 10.440134
12.00309 12.216195
11.872113 11.5227585
12.299998 11.942286
11.5 11.5501995
11.5 11.578444
11.2 11.308271
11.2 11.2713785
11.3 11.297924
11.8 11.838495
12.1 12.089401
14.200179 13.178845
11.2 11.290712
11.3 11.462835
11.2 11.225432
11.2 11.332552
11.2 11.235965
11.1 11.2423115
11.599999 11.549513
11.2 11.393772
11.2 11.427061
11.7 11.619266
13.299971 11.7122345
11.3 11.438816
11.3 11.263739
11.1 11.215027
12.608639 11.485014
11.400001 11.51846
11.900001 11.89334
11.5 12.013765
11.900001 11.896053
11.2 11.516767
11.196367 10.726927
11.400001 11.62365
10.40103 11.007975
11.5 11.465109
11.329885 10.207637
11.3 11.395558
11.2 11.21109
11.400001 11.387289
11.2 11.306009
11.343923 11.50202
11.2 11.321707
11.2 11.36227
11.5 11.356975
11.1 11.679907
10.8447275 10.791104
13.500008 12.974638
11.70206 11.1445675
11.1 11.149092
11.8 11.73592
11.2 11.297001
11.400001 11.361731
11.599999 11.38285
11.999998 11.840422
11.5 11.478724
11.2 11.26046
11.7 11.924065
11.5 11.612225
11.8 11.347107
11.1 10.677687
11.1 11.137636
11.3 11.396012
11.1 11.163403
12.299998 11.846437
11.2 11.264294
11.2 11.465749
13.899971 14.118939
11.900001 11.504291
11.1 11.182907
11.2 11.237421
11.900001 11.862538
11.2 10.569114
11.1 11.356944
11.5 11.601643
12.1 11.553546
11.599999 11.528646
11.999998 12.341076
12.299998 11.838832
11.5 12.591214
11.2 11.383456
11.2 11.259056
11.1 11.145117
11.2 11.2803135
11.5 11.591999
11.900001 11.936495
11.599999 11.6612425
11.900001 11.897928
11.900001 13.115073
11.8 11.785543
11.7 11.598012
11.7 11.789642
11.900001 11.938404
11.2 11.30168
11.7 11.262249
11.020819 11.150465
11.2 11.204607
11.900001 12.031013
11.8 11.798164
11.020819 11.087879
9.79897 9.820636
11.1 11.194788
11.2 11.280253
13.000009 13.549596
11.900001 11.873024
11.1 11.265526
11.8 11.640799
11.1 11.298104
11.900001 11.87201
10.1 10.37828
10.8 11.255747
12.199999 12.005275
11.5 11.454636
11.3 11.425765
11.400001 11.408861
11.1 11.197954
11.3 11.227753
9.79897 9.975916
12.531798 13.086413
11.400001 11.4353695
11.599999 11.661348
11.1 11.372538
13.999974 12.329543
11.900001 11.398843
12.299998 12.018566
11.2 11.236153
12.1 11.656181
11.8 11.900315
12.199999 11.969021
11.1 11.181743
11.5 11.57098
11.599999 11.774818
11.5 11.25749
11.8 11.812941
12.899998 13.183026
12.899998 11.810732
11.3 11.289
10.1 10.284588
11.2 11.226671
13.000009 12.452135
11.5 11.537333
11.5 12.548354
12.299998 12.437359
10.40103 11.391275
12.40643 12.140446
11.1 11.123518
11.7 11.652498
11.999998 11.417883
11.900001 11.645826
14.847425 13.955725
11.400001 11.595486
11.999998 11.941118
11.2 11.364401
11.1 11.204571
11.1 11.159646
11.999998 11.930995
12.299998 13.893727
11.8 11.935785
11.1 11.223679
11.5 11.588142
12.010095 11.400068
11.599999 11.621857
11.2 11.220678
11.267491 11.212627
12.101985 11.880846
12.299998 12.15478
14.400163 15.06781
10.40103 12.089536
11.900001 11.889304
10.4 10.397977
13.500008 13.046315
11.2 11.283461
12.399998 11.374427
11.2 11.311863
12.1 12.306509
11.900001 11.878656
11.1 11.382648
11.3 11.290164
11.7 12.088015
11.1 11.449103
10.4 10.794537
12.499997 11.699642
10.1 10.31342
13.1 12.287014
11.900001 11.235205
11.2 11.256838
12.199999 12.058206
11.900001 11.301578
12.599997 12.55189
11.3 11.315889
11.2 11.283002
11.3 11.260604
11.999998 12.060434
11.599999 11.640238
11.1 11.165888
13.000009 12.825103
11.19691 11.100542
11.400001 11.315182
11.1 11.198069
13.1 13.093072
11.2 11.229743
11.3 10.897732
11.2 11.177349
11.8 11.866532
14.784246 15.036409
11.3 11.582054
10.520216 10.665282
11.8 12.020733
11.2 11.240034
11.900001 11.868236
11.581486 11.8030815
11.8 11.759123
11.400001 11.423482
11.7 11.705142
11.1 12.01022
13.399989 12.743031
11.3 11.323017
13.2870865 13.748685
11.999998 11.855764
11.5 11.641743
11.7 11.729746
11.900001 11.851649
11.400001 11.435438
11.400001 11.5661125
10.79897 11.156769
11.5 11.5258665
11.3 11.298473
11.7 11.698619
11.1 11.259581
11.5 11.424723
11.40103 11.600704
12.19691 11.637657
12.329148 11.904261
10.1 11.373071
11.3 11.374197
11.900001 11.764452
10.40103 10.433943
11.1 11.535226
11.224938 11.231005
11.8 11.692909
11.599999 11.626236
10.1 10.1763935
11.2 11.246877
12.699998 11.985828
11.175305 11.226064
14.600313 12.9803
11.1 11.163596
11.900001 11.679199
10.622879 10.632195
10.971278 10.477303
11.2 11.557153
12.699998 13.832362
11.900001 11.8694315
11.1 11.158916
11.900001 11.946262
13.899971 12.120193
11.2 11.282484
11.1 11.812798
12.199999 12.100447
11.1 11.750986
12.499997 12.829386
10.953872 11.0410595
13.000009 13.711626
11.8 11.8411
12.299998 12.556503
11.5 11.287467
12.199999 12.276255
11.2 11.294964
11.8 11.535847
11.400001 11.053964
11.1 11.153341
11.3 11.3129835
11.5 11.606041
11.3 11.397989
11.2 11.214079
11.1 11.224604
11.7 11.458883
11.2 11.24427
11.3 11.368771
11.8 11.703453
11.3 11.376032
11.336572 11.263361
12.299998 12.218253
11.8 11.846468
11.79897 11.071241
11.900001 11.847715
11.900001 12.158962
11.599999 11.618138
13.800057 13.840885
11.3 11.3979845
11.1 11.17705
11.8 11.559406
11.5 11.44265
11.2 11.233454
11.2 11.227519
11.1 11.238167
12.1 11.86641
11.900001 11.966128
13.500008 13.008565
11.2 11.205258
11.3 12.083227
11.3 11.386246
11.5 11.488491
11.900001 12.113186
13.399989 12.454236
11.900001 11.860994
11.5 11.506996
11.900001 11.850975
10.487216 11.410332
12.699998 12.814233
12.5698 12.151554
11.7 12.069736
11.7 11.711532
11.2 11.281359
10.622879 10.671883
11.5 11.520287
12.499997 12.243674
11.3 11.317521
12.199999 11.907156
11.900001 12.125186
11.400001 11.948486
11.757577 11.097009
11.900001 11.860554
12.499997 13.1417885
10.40103 11.727197
11.7 11.741489
11.1 11.153549
11.7 11.768031
11.404665 10.98206
12.199999 11.9536085
10.47675 10.475812
12.699998 12.533293
12.499997 11.927684
12.599997 11.60479
12.499997 12.088566
11.2 11.22682
11.1 11.276944
11.1 11.1963415
11.8 11.938508
11.2 11.221876
11.8 11.807573
11.999998 12.056876
10.321849 10.557791
11.7 11.8524685
11.599999 11.755081
11.900001 11.8555355
11.900001 11.870198
11.3 11.220763
11.2 11.262822
11.1 11.146885
11.400001 11.291697
11.599999 11.611903
11.900001 11.862368
13.699981 12.377368
11.1 11.221748
11.3 12.267805
11.2 11.219059
12.199999 12.088603
11.3 11.288727
11.999998 11.358007
11.999998 11.573669
11.5 11.49328
11.900001 12.207034
13.399989 13.015819
11.2 11.232584
11.599999 11.618965
11.5 11.453932
12.699998 12.515877
13.899971 13.449457
11.7 12.130085
11.599999 11.542192
11.3 11.253098
11.2 11.280621
11.654828 11.794439
14.901343 13.794184
11.599999 11.801932
11.599999 11.663
14.901343 14.326913
11.2 12.439178
11.3 11.225009
11.2 11.266193
11.3 11.4569645
11.999998 11.957081
14.1 12.714086
11.900001 11.307701
10.4 10.152177
12.299998 12.263775
13.200015 12.041871
11.7 11.751604
11.2 11.237698
11.599999 11.692214
11.3 11.286982
11.1 11.140733
11.3 11.347366
11.599999 12.007514
11.5 11.507055
11.3 11.672919
11.2 11.222708
12.174634 11.685524
11.1 11.199123
11.599999 11.664612
10.831188 10.950272
11.900001 11.885526
11.1 11.324399
11.900001 12.376878
11.900001 11.946117
11.1 11.221504
11.1 11.118845
12.299998 12.723393
12.199999 11.844786
11.400001 11.510612
11.900001 11.863189
11.2 11.221243
11.599999 11.737295
11.999998 12.204659
11.2 11.240364
10.40103 10.662398
11.2 11.277175
11.400001 11.460138
11.599999 11.624144
12.1 11.585068
11.274371 11.648989
11.1 11.211636
11.999998 12.594696
11.3 11.927813
11.3 11.182456
11.1 11.17976
11.8 11.770956
11.1 11.263382
11.5 11.540052
11.3 11.494432
11.2 11.27423
12.299998 12.048962
11.2 11.250577
13.600039 13.25871
11.2 11.312267
11.5 11.473488
11.1 11.199209
11.1 11.245739
11.900001 11.547578
11.599999 11.429522
11.2 11.292088
12.299998 11.105934
11.8 11.8461485
12.499997 11.558368
12.399998 12.17295
11.7 13.134175
11.3 11.372296
11.8 11.793063
11.7 11.747316
11.7 11.6605625
11.2 11.281361
9.79897 10.249634
13.087163 12.083268
11.7 12.225767
11.2 11.183497
11.2 11.286896
11.900001 11.757426
12.1 12.131493
11.1 11.205976
11.3 11.214529
11.3 11.476637
11.3 11.359644
11.2 11.316231
11.400001 11.426714
11.2 11.210273
11.900001 11.875942
11.8 12.509081
11.8 11.772475
12.599997 12.355033
10.2 10.32052
11.900001 11.711566
12.499997 12.328609
12.499997 11.82803
11.1 11.202547
11.599999 11.875429
11.2 11.237217
11.2 11.687993
13.1 12.017265
10.1 10.1754465
13.299971 12.869762
11.400001 11.410894
12.299998 11.542528
11.1 11.159235
12.375724 11.87968
11.2 11.712837
11.3 11.320915
13.500008 13.476821
11.5 11.5930805
11.5 11.388214
13.800057 13.781064
12.499997 12.159088
11.1 11.247288
10.4 10.29685
11.400001 11.480398
11.5 11.601715
11.3 11.280508
11.999998 11.474017
11.400001 11.439271
10.700015 10.749992
12.299998 11.569103
11.8 11.778313
12.499997 11.866111
11.8 11.866372
11.5 11.660823
10.7 10.539779
12.299998 11.439721
11.900001 11.717483
11.2 11.292256
13.200015 12.471463
11.2 11.304303
11.900001 12.038953
10.1 10.295691
14.299971 13.364209
11.999998 11.948996
11.599999 11.684104
11.1 11.19216
11.900001 11.863898
12.299998 12.069955
11.2 11.569997
11.5 11.55752
11.2 11.30663
11.5 11.567995
10.4 10.652577
11.7 11.756279
11.0 10.794811
11.2 11.281519
11.2 11.278188
10.40103 10.573627
11.1 11.097784
11.5 11.558697
11.900001 11.703758
11.2 11.259249
11.400001 11.394424
11.1 11.204639
11.900001 11.926844
11.3 11.36368
9.79897 9.851927
11.3 11.321707
11.2 11.256856
11.2 11.297495
11.2 11.243977
11.400001 11.439176
11.1 11.298379
11.8 11.729549
11.8 11.890505
10.9 10.825359
13.200015 12.936946
10.8 11.227486
11.900001 11.845122
10.1 10.034763
11.8 11.487164
11.999998 11.980309
11.999998 11.99964
11.1 11.161299
11.599999 11.51202
12.299998 12.833653
11.5 11.6033325
10.4 9.917007
11.400001 11.840764
11.2 11.297857
11.400001 11.455797
12.199999 12.067747
12.699998 12.199089
9.79897 9.740232
11.8 11.8476095
13.79897 13.867015
12.299998 12.161455
11.900001 11.888974
11.900001 12.365167
11.3 11.454365
11.1 11.245202
13.200015 12.461936
11.1 11.156431
11.900001 11.879787
11.2 11.771515
11.900001 11.874052
11.8 11.340874
11.7 11.440398
11.5 11.936717
11.900001 12.468425
11.3 11.703539
11.2 11.233805
10.719789 10.627825
11.1 11.136517
11.2 11.199014
11.7 12.225376
9.1 9.318712
10.70206 10.768224
11.7 11.54606
11.3 11.314881
13.500008 12.278025
11.900001 11.320623
11.3 11.337832
11.400001 11.269557
11.1 11.238247
11.5 11.55949
11.400001 11.882864
13.622879 13.511516
11.599999 11.581905
13.899971 14.042169
11.3 11.379099
11.3 11.356737
12.84958 13.125297
12.299998 12.334207
11.1 10.66749
11.7 11.73465
11.1 11.246041
12.499997 11.989874
11.999998 11.672719
11.900001 11.851843
13.800057 13.418746
11.2 11.45101
11.2 11.294028
11.2 11.220541
12.499997 13.86457
11.599999 11.587616
13.600039 12.726197
10.1 10.13229
11.3 11.385007
12.1 12.09307
11.2 11.210582
12.799992 13.856992
11.1 11.14338
12.1 11.9410515
11.5 11.501642
15.200179 15.138867
11.2 11.209533
13.1 12.760064
13.500008 14.324643
12.499997 12.115892
11.400001 11.588883
12.1 11.881289
13.000009 11.962442
11.7 11.718666
11.1 11.077631
11.7 11.766447
10.581486 10.6771965
11.7 11.729933
12.1 11.82066
11.3 11.616879
12.499997 13.108378
12.1 11.536899
10.70206 10.726473
12.499997 11.712378
12.433482 12.004709
11.1 11.270486
11.0 11.027883
11.8 11.825317
12.899998 12.067002
11.1 11.234592
12.1 11.683157
11.1 11.145931
11.7 11.545746
11.400001 11.238789
11.2 11.273845
12.299998 12.501853
13.299971 13.266477
11.2 11.235461
13.800057 12.746708
11.177759 11.240581
11.5 11.521831
11.900001 12.264212
11.2 11.236717
13.299971 13.422315
11.400001 11.527348
14.700326 12.995975
11.2 11.303795
11.2 11.355386
12.799992 12.315835
11.1 11.629049
15.500117 15.391609
12.058607 12.676032
11.2 11.3167715
12.1 11.897173
12.1 12.116028
11.1 11.216284
11.3 11.435263
12.699998 11.970921
12.699998 12.36502
11.900001 11.611385
11.400001 11.418509
13.923909 13.031989
11.999998 11.939758
12.058607 11.795637
11.3 11.076443
11.2 11.520769
11.400001 11.449942
13.000009 13.447869
11.900001 11.816949
11.8 11.827816
11.400001 11.759239
11.900001 11.86268
11.8 11.8084345
11.8 11.7094345
11.8 11.806806
10.70206 11.054186
12.199999 12.143939
13.500008 12.0990925
11.3 11.34383
11.2 11.816719
12.986056 12.8496685
12.1 11.908318
11.8 11.29327
13.953872 14.005103
11.5 11.554815
11.900001 11.892556
11.2 11.265574
11.2 11.249572
11.1 11.136452
11.8 11.61426
11.400001 11.79861
11.7 12.131186
11.2 11.248682
11.2 11.45997
11.3 11.446915
11.3 11.2343235
11.5 11.539995
11.5 11.512135
11.400001 11.438015
11.8 12.15657
11.788375 11.25502
10.145758 10.124619
11.3 11.281794
11.145758 11.809523
11.7 11.332994
11.599999 11.429329
11.3 11.23705
12.899998 13.552445
13.200015 13.14297
12.1 12.357649
12.299998 11.269522
11.8 11.734697
12.546117 12.286122
12.499997 11.550348
11.5 11.581434
11.1 11.176912
11.3 11.413808
11.3 11.513647
12.1 11.47794
11.2 11.298761
11.2 11.887526
11.5 11.575824
11.5 12.185435
11.3 11.284481
11.3 11.343472
13.000009 12.245813
11.599999 11.660783
13.1 13.827711
10.40103 10.476059
11.900001 11.743589
11.2 11.263127
11.3 11.29141
11.5 11.481424
13.392429 13.131278
12.699998 11.875078
11.599999 11.729933
11.3 11.559025
11.1 11.116057
11.2 11.225237
11.3 11.307865
13.1 13.012036
11.900001 11.893209
11.599999 12.067783
12.699998 12.212019
11.1 11.169926
11.400001 11.515912
11.2 11.240713
14.700326 14.080131
11.8 11.8128605
13.1 12.695638
12.799992 13.231412
11.999998 11.976307
11.329148 11.407035
9.79897 9.966857
11.1 11.169224
11.2 11.259519
11.7 11.908723
11.1 11.254885
12.599997 11.585552
11.5 11.534583
11.5 11.181142
10.668636 11.288615
11.487216 10.743935
11.400001 11.343469
11.900001 11.850571
11.900001 11.857669
11.2 11.253065
11.1 11.18376
11.2 11.214555
12.384832 12.508138
10.622879 10.694708
11.2 11.33128
14.1 14.117864
11.400001 11.617028
11.400001 11.629125
11.900001 11.894111
11.599999 11.617926
11.2 11.247935
13.699981 13.683843
12.699998 12.463309
11.5 11.527211
11.400001 11.431448
11.900001 11.890207
11.2 11.845872
11.1 11.188331
11.180922 11.668825
11.900001 11.430501
13.1 12.519446
11.8 11.856193
11.8 11.902187
11.999998 11.989983
11.1 10.7421
12.826416 12.53797
12.299998 11.902018
11.8 11.85009
11.999998 12.157248
11.8 11.760361
11.3 11.378288
10.70206 10.72106
12.299998 12.109315
11.1 11.245071
12.399998 13.008325
11.2 11.21979
11.2 11.249339
11.5 11.630314
11.3 11.319186
13.1 12.112148
11.3 11.337697
11.7 11.776275
10.40103 11.545595
11.2 11.269057
11.5 11.623027
14.600313 12.542857
11.900001 11.892767
11.3 11.299604
11.2 11.286287
11.599999 11.835947
11.400001 11.409935
12.299998 12.950249
12.399998 12.656499
12.599997 13.117097
11.3 11.415183
11.900001 11.943268
14.400163 14.265528
11.599999 11.36673
11.49794 11.405415
11.2 11.268852
11.400001 11.468372
11.106614 11.171267
11.2 11.269932
11.3 11.297629
9.79897 10.032051
11.8 11.881488
10.40103 10.670296
11.3 11.445417
12.199999 12.106619
11.2 11.244384
11.999998 11.535678
13.800057 12.1154
12.27745 12.087467
11.8 11.815729
11.2 11.223358
11.5 11.42414
11.2 11.220253
11.3 11.8684845
12.799992 12.463441
11.599999 11.710165
11.900001 11.8840885
11.900001 11.8781
11.900001 11.905104
11.1 11.188787
11.599999 11.262048
11.5 11.484018
11.901343 11.986271
11.2 11.147591
11.7 11.641536
11.2 11.344925
10.3 10.3158245
12.399998 11.406722
11.8 11.84098
11.900001 11.881473
12.499997 11.507378
11.2 11.253716
11.1 11.19718
11.7 11.749286
11.7 11.8162365
12.799992 11.8457575
11.719789 11.484129
11.400001 11.6629305
11.1 11.250492
12.299998 12.199012
11.2 11.440782
11.599999 11.624577
11.5 11.406386
11.123362 11.185734
11.599999 11.560757
11.900001 11.868774
11.1 11.673907
11.821246 11.549704
11.3 11.457653
11.1 11.110446
11.400001 11.430649
11.900001 11.905102
12.899998 12.090952
13.600039 13.989089
11.900001 11.513014
11.5 11.563106
12.199999 11.201923
11.999998 11.987527
11.2 11.540314
13.000009 12.685119
11.2 11.254108
10.92333 11.08843
11.900001 11.861354
12.699998 12.639016
12.058607 11.724419
11.3 11.435621
11.999998 12.722404
11.999998 12.17116
11.5 11.669115
11.1 11.201881
11.900001 11.853621
11.8 11.823425
11.3 11.457619
12.699998 11.957038
11.5 11.59053
12.599997 11.889065
11.900001 11.861582
11.3 11.323038
11.400001 11.098145
11.8 11.838589
11.599999 11.626835
11.2 11.752506
12.599997 13.285317
11.400001 11.368333
11.999998 11.759566
11.900001 11.860598
11.2 11.263899
11.900001 11.871742
15.600313 15.781986
14.145758 13.93193
11.7 11.9753685
11.7 12.64972
11.2 11.228757
11.999998 11.945799
13.1 12.150555
11.8 11.818863
11.622879 12.572812
11.2 11.337702
11.2 11.289666
11.2 11.181687
11.3 11.231481
9.986056 9.949891
11.2 11.194937
11.5 12.145595
11.900001 11.850343
11.3 11.521003
11.900001 11.890744
12.1 11.444462
11.599999 11.724685
13.321849 13.66356
11.1 11.107611
14.79897 14.444512
11.2 11.475768
13.821246 13.663765
11.599999 11.554191
11.999998 11.588807
12.899998 12.698616
11.400001 11.416785
11.900001 12.4256735
11.2 11.234146
11.999998 12.283222
14.1 11.9082985
11.999998 11.924501
11.900001 11.908648
11.599999 11.679267
10.40103 10.35746
11.999998 12.025598
11.999998 12.006422
11.2 11.35807
11.1 11.461073
11.5 11.602427
12.1 11.744191
11.900001 11.893576
11.19691 11.248375
11.400001 11.778866
11.2 11.341292
11.400001 11.489479
11.2 11.599489
11.1 11.124445
12.399998 12.222752
11.3 11.578539
13.500008 13.458893
10.5 10.415745
11.953872 11.932827
11.2 11.456932
11.8 11.752323
11.8 11.824684
12.499997 11.813243
11.900001 11.861136
11.8 11.735683
13.399989 13.390978
11.1 11.191299
11.2 11.286932
12.399998 11.794868
11.599999 11.561704
12.507823 11.6598015
11.5 11.408277
11.7 12.063453
11.599999 11.504227
14.500117 13.043528
11.900001 11.867058
11.599999 11.87405
11.999998 11.612609
12.1 12.380784
11.7 11.970642
11.599999 11.305445
11.900001 12.125724
11.212469 11.250714
14.299971 13.416893
15.79897 14.348363
11.3 11.362892
11.5 11.565294
10.40103 10.222349
10.70206 10.734033
11.900001 11.657669
12.927804 13.554441
11.1 11.327288
10.79897 10.9893465
11.900001 11.860638
11.400001 11.202927
12.199999 12.045074
13.202373 11.333565
13.999974 13.134399
12.399998 13.26397
11.3 11.489456
10.40103 10.388561
11.1 11.303957
11.400001 11.513411
11.8 12.051563
14.200179 14.134313
11.1 11.193796
11.3 11.45169
11.822364 11.757996
11.1 11.189482
11.7 11.568769
11.2 11.243484
10.1 10.062868
11.599999 11.711612
11.7 11.614168
11.7 11.850267
11.900001 12.015936
11.3 11.451755
11.400001 11.778335
11.8 11.67412
11.1 11.231196
11.900001 12.885381
11.0 10.799467
11.2 11.493925
11.1 11.731385
11.3 11.3426895
12.299998 11.854116
11.3 11.321035
11.7 11.910875
11.400001 11.649826
11.400001 11.408562
11.7 11.737263
13.299971 12.763284
11.900001 11.879306
11.900001 11.838423
12.499997 12.309079
11.3 11.272269
11.900001 11.868278
13.699981 14.047414
11.900001 11.883234
11.7 11.735707
11.599999 11.658571
13.1 13.478315
11.972896 12.217658
11.3 11.553771
11.900001 11.886658
11.5 11.167891
11.2 11.340886
11.1 11.136715
11.2 11.287946
11.5 11.334948
12.1 12.904533
12.799992 12.360044
14.145758 14.201486
11.2 11.219221
11.5 11.6044035
11.599999 11.800112
13.000009 12.977498
11.5 11.4803915
11.2 11.370604
11.5 11.290259
11.3 11.316849
12.599997 11.864501
10.70206 10.715479
11.5 11.494876
11.1 11.178947
11.599999 11.542212
11.1 11.166161
11.900001 11.932707
11.8 11.850887
11.8 11.834622
11.3 11.321548
11.999998 11.973728
11.5 12.162763
11.999998 12.011388
11.900001 12.47711
11.2 11.350319
11.2 11.222326
11.900001 11.856844
11.1 12.280071
11.8 12.304368
11.8 11.791826
11.1 11.258846
11.2 11.262069
11.1 11.838219
12.199999 12.947921
11.2 11.25305
11.3 11.382726
11.3 11.266283
11.2 11.286457
11.999998 11.916103
11.2 11.257238
10.2 10.4616375
12.374244 13.357001
11.2 11.268205
11.2 11.222897
11.999998 12.006589
11.999998 12.999707
11.2 11.197427
11.599999 12.249016
11.599999 11.82206
11.5 11.536688
11.1 11.115849
11.400001 11.493313
10.901343 10.837998
11.5 10.931746
11.599999 11.695938
11.599999 11.561853
11.900001 11.786527
11.1 11.14415
11.3 11.319832
11.8 11.834507
13.20033 13.549603
11.3 11.470127
11.3 11.219031
11.2 11.283569
11.5 11.914827
11.799998 12.229697
11.400001 11.413948
10.1 10.655096
11.999998 12.715407
11.999998 12.277518
11.900001 11.836684
11.400001 11.525701
11.5 11.47549
12.555932 12.269627
11.2 11.3505945
11.2 11.16947
9.79897 9.8995495
11.400001 11.375655
12.499997 11.65833
11.3 11.311868
11.2 11.311146
11.1 11.743045
11.95 12.2364
11.999998 11.922932
11.49794 11.624072
10.2 10.685343
11.3 11.029083
11.3 11.458951
11.1 11.213376
11.7 11.794847
12.1 12.006763
11.400001 11.649684
11.2 11.248276
11.599999 11.655758
9.70206 9.465077
11.900001 11.721671
11.2 11.580416
11.1 11.148966
11.3 11.505706
11.2 11.227896
11.2 11.523597
12.299998 12.22105
11.5 11.515559
11.5 11.469506
11.19691 11.656194
11.400001 11.49591
11.3 11.765343
11.900001 11.756456
10.40103 11.573795
11.2 11.269634
11.2 11.2313
11.900001 11.889544
11.8 11.608253
11.2 11.247493
11.999998 12.036522
12.89588 12.898448
12.699998 11.293692
11.2 11.269626
11.999998 11.873743
13.000009 12.869093
11.8 11.855749
11.2 11.799807
11.1 11.482933
11.900001 11.896803
11.5 11.589608
11.3 11.274312
12.299998 12.308554
11.599999 11.532474
11.1 11.238724
11.2 11.248829
11.599999 11.621339
11.5 11.573856
11.5 11.512767
11.999998 12.211141
12.199999 11.42797
11.599999 11.770367
11.5 11.521843
11.1 11.330177
13.622879 13.656571
11.7 11.679787
13.1 11.922118
11.89588 12.087141
11.3 11.478057
11.3 11.444
12.799992 12.312681
11.999998 12.440886
13.999974 14.493751
11.5 11.244684
12.299998 12.218983
13.79897 13.699189
10.79897 10.888334
11.2 11.220706
11.3 11.4027
11.2 11.249555
11.3 11.277524
11.2 11.334592
11.3 11.340998
11.0 10.983833
13.200015 13.019651
10.1 9.826319
11.3 11.412263
11.900001 11.923492
11.400001 11.449278
11.2 11.852278
11.900001 11.8791065
11.2 11.327396
11.3 11.267534
11.543697 11.736328
11.7 11.740879
11.900001 11.942883
11.1 11.371169
11.900001 12.038649
11.3 11.433089
11.999998 11.815551
11.2 11.497092
11.993028 11.217673
13.899971 13.30787
11.2 11.216246
14.1 13.712752
13.500008 13.423268
11.900001 11.874819
11.1 11.146307
11.599999 12.091661
10.1 10.670106
11.2 11.284795
11.1 11.279584
11.1 11.132868
12.199999 11.873125
11.7 11.725098
12.399998 12.90825
11.2 11.315637
10.622879 10.73239
13.600039 11.997803
13.000009 12.539683
11.108774 11.255068
10.3 10.342905
11.665578 11.830826
10.622879 10.833049
11.3 11.44315
11.3 11.451852
11.3 11.518772
11.8 11.854704
11.5 11.437908
11.8 11.791148
11.900001 11.8225355
11.900001 11.904814
11.2 11.24185
11.1 12.056089
11.3 11.530823
11.8 12.0998125
11.3 11.254677
11.1 11.479805
11.1 11.167136
11.5 11.485004
10.738272 10.82149
11.8 11.255486
11.8 11.7951145
11.0 11.268473
11.3 11.449449
13.777781 12.98175
12.899998 12.921273
11.2 11.261514
11.900001 11.908627
13.899971 12.82154
11.1 11.212501
11.2 11.684139
12.719789 12.4944935
11.5 11.289097
11.599999 11.605689
11.2 11.257701
11.242667 11.594194
10.79897 12.340669
11.900001 11.858991
11.3 11.303354
11.8 11.86643
11.900001 12.582224
11.999998 11.920044
12.499997 12.71499
11.5 11.539577
13.500008 12.939859
11.7 11.760974
11.2 11.2839155
12.299998 12.084191
11.1 11.325106
11.900001 11.880256
11.2 11.272469
14.299971 13.34196
11.900001 11.898014
12.759556 13.706159
11.2 11.930397
11.999998 11.827314
11.8 12.03825
11.599999 11.701412
11.8 11.827177
11.3 12.015653
11.622879 11.2502775
11.95 12.656365
11.8 12.033433
11.999998 11.921926
11.900001 11.3918
11.1 11.136694
13.200015 13.835374
11.5 11.341974
11.3 11.280964
11.549999 12.01469
12.399998 11.9903555
13.800057 12.558077
11.5 11.390621
11.7 11.723714
11.2 11.222752
11.7 11.74134
11.5 11.53657
13.399989 13.028102
11.1 11.26338
11.8447275 11.135128
12.199999 12.114111
12.299998 11.898003
11.3 11.225528
11.1 11.205977
12.299998 11.624299
11.1 11.305558
9.79897 9.836258
11.3 11.304284
11.599999 11.674952
11.1 11.332444
15.299971 13.585414
11.599999 11.5789
11.1 11.217534
11.400001 11.448275
9.79897 9.902567
11.2 11.272184
14.668636 14.407836
11.900001 12.380454
11.7 11.857187
11.2 11.735886
11.058607 11.003315
13.399989 12.587689
13.986056 14.2077
11.2 11.246019
11.999998 12.287979
10.1 10.440679
11.2 11.532877
12.788246 12.746718
11.599999 11.988514
11.400001 11.383962
10.40103 10.203255
12.299998 12.57194
11.3 11.283803
11.1 11.316171
11.900001 11.861693
11.400001 11.75401
11.8 11.833792
11.3 11.596079
12.199999 12.201132
11.900001 11.868185
11.900001 11.870619
11.8 11.800053
15.254902 15.617002
11.2 11.217408
13.299971 12.899961
11.5 11.463428
11.2 11.316529
11.1 11.208837
12.399998 13.077954
12.799992 12.680512
11.2 11.223791
11.1 11.219453
11.2 11.260695
12.599997 12.566026
11.999998 11.867992
13.999974 13.255316
11.900001 11.849996
12.299998 11.9794855
11.999998 11.8948
11.2 11.261726
11.3 11.307392
11.1 11.758139
12.1 11.973125
11.900001 11.902951
11.79897 12.006584
11.3 11.315477
11.1 11.278638
11.400001 11.726679
11.1 11.799558
11.1 11.221966
11.8 11.779343
11.400001 11.468945
11.8 11.434556
11.2 11.25362
11.599999 11.530834
10.2 10.301151
13.500008 12.573358
11.1 11.193121
11.2 11.25092
11.900001 11.880681
11.999998 11.930832
11.1 11.245932
11.7 11.717037
11.900001 11.927029
11.2 11.292361
11.400001 11.401688
11.900001 12.348392
11.599999 11.701696
11.999998 11.9856
11.901343 12.036308
12.799992 12.935811
11.7 11.788173
11.8 12.029803
11.2 11.243062
11.2 11.219394
11.2 11.402317
11.599999 11.801004
11.1 11.261528
11.8 11.793503
11.8 11.808802
12.299998 12.095898
11.2 11.267332
11.900001 11.882125
11.8 12.376867
11.999998 11.944736
11.5 11.497134
12.699998 11.511026
11.7 11.747952
11.8 11.799854
11.900001 11.892627
10.49794 10.587625
13.314671 12.190256
11.5 11.485272
11.1 11.11692
11.900001 11.874516
11.400001 11.37161
10.520216 10.621084
11.8 11.659489
11.2 11.239251
14.400163 14.40599
11.40103 11.513443
14.500117 13.931785
11.1 11.598357
11.900001 11.869598
12.299998 11.810972
11.1 11.221338
11.5 11.820739
12.299998 11.975457
12.899998 12.014353
11.2 11.204697
11.3 11.252818
13.600039 12.233727
11.336572 11.2939415
11.2 11.231444
12.399998 11.818987
11.400001 11.513622
11.2 11.337046
11.1 11.063274
11.3 11.351494
11.446788 11.63228
11.599999 11.713572
13.1 13.0421
12.499997 12.246221
11.2 11.365007
11.3 11.752616
11.599999 11.618577
12.599997 12.11283
11.8 13.096359
11.5 11.554508
11.45 11.321451
11.1 11.230359
11.2 11.217796
11.2 11.325298
11.2 11.240495
11.1 11.384258
12.299998 11.964437
11.1 11.322204
11.599999 11.9755535
11.3 11.5358715
9.79897 9.859758
11.1 11.227695
13.200015 11.631069
11.5 11.532186
11.2 11.259801
11.3 11.294722
11.3 11.4782
11.7 11.775984
12.499997 12.7492285
11.953872 11.574868
11.7 11.749561
12.0 12.345568
11.239147 11.648676
11.1 11.248153
11.7 11.864913
12.010408 11.90954
12.499997 12.400645
13.864471 14.279361
11.7 11.692381
10.40103 10.765675
11.2 11.279773
11.3 11.352308
13.986056 13.061709
11.999998 11.876236
11.599999 11.599405
11.7 11.663955
11.2 11.309206
11.1 11.226671
11.999998 11.920805
11.1 11.132511
11.1 11.15402
11.7 12.064009
11.2 11.214712
9.508935 9.361679
11.999998 11.866283
11.3 11.327997
12.418758 12.666073
11.719789 11.119755
11.3 11.273396
15.480535 15.25526
11.5 11.495136
11.5 11.368658
14.200179 13.593058
11.5 11.690002
11.3 11.28913
12.199999 12.911033
11.2 11.282452
11.8 11.82232
11.5 11.455241
11.1 11.2284155
11.999998 12.2136965
11.8 11.403696
11.2 11.282038
11.1 11.189369
11.1 11.266405
11.1 11.156737
11.5 11.228186
11.3 11.534191
15.456548 13.550353
12.699998 11.292463
11.2 11.292314
11.900001 11.942303
12.1 11.73946
11.400001 11.255692
11.2 12.073555
11.2 11.264823
12.19691 13.278302
13.000009 11.819643
11.5 11.551803
11.8 11.6397085
11.2 11.427651
11.8 11.751949
11.400001 11.402114
12.299998 12.453766
11.1 11.165114
12.699998 12.601947
12.299998 12.421943
11.40103 10.977111
12.199999 12.08873
13.000009 11.824176
12.799992 11.959814
11.111138 11.189936
11.999998 11.971786
9.923909 9.973699
11.7 11.732806
11.2 11.284847
11.900001 11.864872
11.400001 11.431074
11.1 11.229382
13.200015 13.491848
11.400001 11.49044
11.5 11.485092
11.400001 11.439976
11.400001 11.397249
12.192825 12.0399475
11.999998 13.074436
11.400001 11.880266
13.600039 13.261121
11.2 11.230439
11.1 11.295538
14.901343 13.525937
11.2 11.206479
11.5 11.551493
11.2 11.216355
11.400001 11.492239
11.7 11.639476
11.8 11.920971
11.900001 11.99548
12.799992 13.127538
11.2 11.229456
11.900001 11.917742
11.1 11.81484
11.2 11.260495
13.500008 12.633044
11.711954 11.508656
11.1 11.142312
13.1 13.602108
11.900001 11.943541
11.900001 11.906648
12.958547 11.74843
11.1 11.216017
11.2 11.294868
11.3 11.440947
10.9 11.752314
10.79897 11.003019
11.5 11.271152
14.8447275 14.589841
11.8 11.919071
11.1 11.209122
13.500008 12.539362
11.7 11.714088
11.254902 11.15459
11.8 12.019533
11.1 11.465191
11.2 11.216164
11.1 11.243015
11.2 11.271531
10.1 10.175789
11.8 11.810197
11.400001 11.321454
11.2 11.322285
14.508935 13.688566
11.1 11.195394
12.599997 12.489194
14.1 12.876534
11.3 11.382912
11.7 11.735329
9.40103 9.411638
11.999998 12.166254
11.3 11.525047
11.212469 11.236721
11.5 11.607273
10.1 10.144007
12.599997 12.768907
10.839154 11.4999895
11.7 11.547161
11.2 11.214108
11.900001 11.848017
11.8 11.820902
11.3 11.287834
11.3 11.431999
11.7 11.706418
11.1 11.192995
11.2 11.319379
12.499997 12.353365
14.500117 13.750077
14.40103 14.281379
15.1 14.103276
11.2 11.225909
11.7 11.648763
12.1 12.139797
11.3 11.415143
9.893174 9.934943
11.8 11.997528
11.599999 11.507328
11.5 13.511812
11.900001 11.846584
12.199999 11.680965
11.900001 11.873096
11.2 11.284906
11.1 11.188284
11.1 11.297034
12.06041 13.125077
11.2 11.487553
11.2 11.303013
11.1 11.653968
12.499997 12.332289
11.599999 11.600517
11.900001 11.90159
11.2 11.375776
12.699998 12.501586
10.622879 10.726574
11.8 10.920593
11.8 13.148983
11.7 11.535747
11.599999 11.652463
13.699981 13.333182
11.1 11.458107
12.543697 12.78841
12.199999 11.82612
11.1 11.17031
11.400001 11.619652
11.900001 12.102288
11.1 11.301305
13.011954 13.379134
12.699998 11.888861
11.2 11.5421915
11.400001 11.458623
11.900001 11.902421
11.5 11.586781
13.1 13.121087
11.8 11.801266
11.900001 11.878978
11.3 11.339339
12.993441 12.293559
11.900001 12.382524
11.900001 11.74479
11.2 11.285847
11.2 11.114614
11.900001 11.878262
11.900001 11.67164
12.821246 12.352127
11.2 11.39587
12.434419 12.713182
12.899998 11.991474
11.8 11.873074
12.199999 11.684645
11.400001 11.250692
11.2 11.237347
11.599999 11.665094
11.3 11.825701
11.7 11.666283
12.799992 11.476551
11.2 11.231314
11.459518 11.377497
11.2 11.231783
11.1 11.164095
11.7 12.331929
12.799992 12.590068
11.400001 11.547836
11.3 11.334709
11.7 11.678701
9.79897 9.613123
11.599999 11.575254
11.1 11.258474
11.534152 11.394983
11.3 11.332575
12.499997 12.412311
11.8 11.765158
11.8 11.858204
11.900001 11.983785
11.7 11.71608
11.5 11.674375
11.400001 11.450115
11.1 11.209955
12.299998 13.118784
12.199999 11.503617
12.199999 11.663431
11.599999 11.586027
11.999998 12.009218
11.400001 11.36327
12.923909 12.607215
12.058607 11.821526
13.699989 13.506375
13.000009 12.843911
11.1 11.205433
11.2 11.260351
11.2 11.225197
13.1 13.127639
11.2 11.23448
10.2 10.302429
11.400001 11.492134
11.1 11.235136
11.3 11.456469
11.8 11.785448
11.1 11.217367
11.2 11.438174
11.1 11.10438
11.900001 11.870846
12.1 11.6626425
11.900001 11.880829
11.900001 11.840178
10.70206 10.729525
12.1 11.899893
11.8 11.846331
10.622879 10.649296
12.1 13.571664
11.2 11.216829
11.2 11.295048
11.900001 11.791618
13.1 13.090765
11.7 11.766331
11.5 11.566536
12.466532 11.14664
11.599999 11.211678
11.2 11.232519
11.1 11.321293
11.2 11.254646
11.40103 11.434586
11.400001 11.472836
11.1 11.156778
12.699998 12.598568
11.400001 11.196369
11.900001 12.963323
11.165502 11.466108
13.299971 13.078105
10.7 10.525799
11.8 12.041578
11.1 11.175296
11.1 11.217212
11.8 11.819204
9.79897 9.854273
9.986056 10.003151
11.2 11.28606
11.7 11.767759
11.2 11.218939
12.078811 12.008836
12.1 11.236665
12.299998 11.979879
12.199999 11.937826
11.1 11.232592
11.3 11.622732
11.900001 11.889883
11.2 11.245798
11.1 11.518557
11.400001 11.386089
15.200179 14.060483
10.446788 10.416287
12.1 11.6807995
11.7 11.685581
11.5 11.552449
11.1 11.155187
12.499997 12.355062
11.7 11.749617
11.900001 11.939588
11.3 11.269634
12.299998 11.688388
11.999998 11.950009
11.5 11.349863
12.723423 12.259734
12.199999 11.576973
14.1 13.168426
11.900001 11.877847
11.599999 11.625429
12.1 12.041515
11.5 11.52453
10.622879 10.520798
11.2 11.285254
11.2 11.258505
11.2 11.249725
11.400001 11.638703
11.8 11.792343
10.6 10.487211
11.999998 11.989532
11.7 11.733662
11.1 11.139214
11.2 11.221403
12.599997 12.226647
12.899998 12.058279
11.900001 12.074858
11.7 11.811167
11.2 11.283782
11.5 11.933604
11.999998 11.374581
11.5 11.715006
11.8 11.739107
11.2 11.2565975
11.599999 11.582494
10.89588 10.835453
11.2 11.220325
11.999998 12.310849
11.3 11.432873
11.599999 11.722471
12.899998 12.140438
11.49794 11.961484
13.299971 13.426393
10.1 10.172418
13.600039 13.682718
11.2 11.277211
11.400001 11.423887
11.1 11.254893
12.899998 11.412162
11.900001 11.863956
11.400001 11.421779
11.8 11.98945
12.399998 11.591707
11.1 11.099403
11.1 11.227396
11.599999 11.545924
11.5 11.493845
11.1 11.159356
11.2 11.209051
10.79897 10.267979
11.7 11.792777
11.3 11.447836
12.399998 11.890175
11.1 11.224233
11.8 11.838212
11.599999 11.602079
11.8 11.848771
11.0 10.770651
13.47675 13.209367
11.5 11.527101
11.5 11.612422
11.5 11.561092
11.5 11.56205
11.599999 11.856165
12.49794 12.262863
11.0 10.880263
13.145758 13.511561
12.199999 12.080735
12.1 11.99548
11.8 11.794447
11.2 11.237127
12.555932 12.7214155
11.5 11.794403
11.2 11.222172
11.3 11.455919
11.3 11.287686
11.900001 11.856682
11.599999 11.719683
11.3 11.405486
11.2 11.271499
11.7 11.771156
11.1 11.245966
11.5 11.610823
11.5 11.489643
11.8 11.84096
11.1 11.426201
12.1 11.832224
11.8 11.778352
11.5 12.175412
11.7 11.687957
11.999998 11.922475
11.3 11.414005
13.699981 14.025407
10.1 10.2758255
11.3 11.150558
15.117729 14.663436
10.40103 10.96132
11.3 11.476746
11.5 11.472811
13.999974 13.700097
11.1 11.16459
11.999998 11.812884
11.3 11.273004
12.799992 11.580355
11.8 11.788287
14.200179 13.825282
12.399998 12.044703
12.899998 13.004216
11.999998 11.9601145
11.1 11.213299
10.40103 10.532366
11.2 11.285927
11.2 11.236635
11.2 11.276945
12.299998 12.497038
11.8 11.84573
13.500008 14.517878
11.400001 11.282402
10.79897 11.322932
11.900001 12.283425
11.400001 11.418196
11.5 11.2720585
11.1 11.491329
11.3 11.368654
11.1 11.259293
10.4 10.6761675
11.3 11.31896
11.900001 12.074175
11.2 11.268278
11.2 11.262207
11.2 11.198758
12.1 12.049789
12.499997 11.905405
11.7 11.802093
11.400001 11.440589
12.199999 11.964315
11.1 11.226955
11.2 11.281323
11.999998 11.96168
11.900001 11.914091
11.5 11.504075
11.599999 11.573257
11.5 11.478616
13.299971 12.738042
11.3 11.33914
14.999629 14.669616
11.7 11.687592
11.1 12.321978
11.7 11.767693
10.622879 10.566425
11.901343 11.829644
11.1 11.2167015
10.1 11.389146
11.7 11.680715
11.400001 11.489248
11.900001 11.912954
12.300659 12.47882
12.299998 11.595705
10.7 10.307968
11.7 11.274941
11.8 11.796291
11.7 11.478991
11.3 11.331066
11.7 11.707351
11.2 11.262249
11.400001 11.339396
11.599999 11.55834
11.3 11.290903
11.999998 11.922992
11.7 11.707941
11.2 11.276465
11.8 11.834101
10.4 10.361511
11.2 11.23925
11.043335 11.284157
10.8 10.51474
12.499997 11.871601
11.900001 11.875642
11.900001 11.828069
11.2 11.271297
11.900001 12.001083
11.19691 12.397268
11.2 11.31561
11.1 11.087932
13.699981 13.94543
12.199999 12.13104
11.400001 11.419228
11.822364 11.795784
13.500008 12.778703
11.599999 11.696795
13.999974 11.970728
14.500117 13.946073
11.3 11.538204
11.8 11.850792
11.3 11.421008
11.1 11.2297325
11.7 12.264812
14.700326 14.092626
11.5 11.654977
14.200179 13.733613
11.7 11.661427
11.1 11.022947
11.900001 11.968674
11.3 11.605267
13.800057 12.85815
11.2 12.147188
11.49794 11.334366
11.5 11.519659
11.900001 11.855148
11.3 11.301462
10.8 10.789392
11.400001 11.490254
11.1 11.227751
11.7 11.7259865
10.40103 10.753418
11.900001 12.041002
11.999998 11.993309
11.2 11.344205
13.500008 12.83821
11.5 11.682802
11.058607 11.276518
11.900001 11.900404
11.900001 11.911669
11.3 11.360785
11.2 11.233688
11.2 11.224959
11.900001 12.017404
12.399998 11.888775
11.5 11.556448
11.900001 11.661139
10.4 10.487064
11.2 11.243364
11.900001 11.889222
11.599999 11.370759
11.2 11.646818
11.900001 11.878632
11.2 11.387384
11.5 11.549928
11.900001 11.958845
11.3 11.673334
12.199999 12.337203
11.999998 11.959992
11.5 11.431381
11.400001 11.399637
11.5 11.869742
12.251195 11.098358
13.555932 13.272007
12.399998 12.086208
11.581486 12.022661
12.399998 12.571187
11.2 11.261746
12.685027 12.692077
11.2 11.482108
11.7 11.727483
11.2 11.2562
12.499997 12.12598
11.1 11.168446
12.699998 12.209497
11.1 11.153998
11.2 11.211268
11.599999 11.476244
11.900001 12.153869
11.7 11.661945
11.900001 11.873963
12.899998 13.143344
11.900001 11.952048
11.900001 11.861803
12.1 12.081677
11.599999 11.599291
11.3 11.455915
11.2 11.187696
11.7 11.784931
11.8 11.934999
11.7 11.7703905
11.900001 11.909559
11.5 11.419247
10.7 10.599416
13.899971 13.990586
11.5 11.569743
11.2 11.259499
14.200179 14.458567
13.600039 12.467299
11.2 11.262138
12.199999 12.060602
11.999998 11.867178
11.900001 11.905373
11.821246 12.656186
11.2 11.231581
12.399998 11.719967
11.999998 12.107466
11.2 11.231689
11.5 11.601704
10.40103 10.6884575
11.1 11.204052
12.599997 12.336407
11.900001 12.345733
11.599999 11.60188
11.3 11.4960785
11.7 11.3505945
11.599999 11.661342
12.199999 11.751072
11.1 11.155329
11.5 11.489373
11.2 11.244712
11.2 11.463133
11.8 11.792111
13.699981 13.445549
11.900001 11.703693
11.7 11.851711
11.3 11.667187
11.900001 11.947388
12.1 11.39695
11.2 11.240943
12.1 11.904015
11.5 11.942397
11.8 11.250074
11.2 11.33155
11.1 11.363107
11.3 11.266999
11.7 11.7238245
15.79897 11.352074
11.1 11.1838665
11.400001 11.421233
10.1 10.35192
11.49794 11.489294
11.2 11.566689
11.2 11.217532
11.599999 11.589138
11.2 11.530445
11.392429 11.643117
11.7 11.939857
11.2 11.376289
11.900001 11.385681
11.8 11.759779
11.3 11.826607
11.7 11.905905
11.7 11.553318
11.555932 11.361872
11.999998 12.010414
11.999998 11.897317
11.3 11.377691
11.7 11.617622
11.599999 11.935533
11.8 11.439282
11.8 11.731851
12.499997 12.722388
11.3 11.345518
11.2 11.308105
11.3 11.327351
12.199999 12.1367035
13.000009 13.231915
11.3 11.308652
11.7 11.848896
11.1 11.302775
11.5 11.430668
11.5 11.628783
11.900001 12.219473
11.900001 12.555591
11.2 11.252442
11.2 11.210279
11.900001 11.877346
11.599999 11.543936
11.5 11.48934
11.2 11.271696
11.2 11.336903
12.399998 11.802321
11.5 11.3070545
12.058607 12.121817
11.400001 11.356907
15.400163 15.385782
11.2 11.233673
11.999998 12.091191
11.5 11.539804
11.599999 12.241543
11.599999 11.536434
11.900001 11.958185
11.900001 11.952925
11.5 11.612583
10.1 11.394603
11.900001 11.9194565
10.40103 10.3739395
11.1 11.240488
11.900001 11.849709
11.400001 11.568065
11.900001 11.893014
11.2 11.266794
11.2 11.385603
13.299971 12.36637
11.999998 11.9448805
11.400001 11.417868
11.3 12.189378
11.1 11.124056
12.499997 11.722781
15.1 13.816722
11.2 11.251551
10.7 10.362232
11.8 11.861828
11.5 11.919636
11.8 11.839983
14.40103 14.965855
11.2 11.873053
12.199999 12.5046015
11.400001 11.418269
11.3 11.441236
11.0 10.551169
11.3 11.575456
11.599999 12.188531
11.900001 11.884462
11.1 10.79447
11.8 11.844971
11.7 11.775373
11.1 11.220906
11.400001 11.774712
11.900001 11.861975
11.2 11.203384
11.2 11.314543
11.400001 12.271986
15.299971 15.168186
11.3 11.204311
11.7 11.747356
11.400001 11.588544
11.400001 11.319775
11.5 11.477159
11.1 11.360813
11.5 11.4948015
11.1 11.098415
11.900001 11.867286
10.2 10.531714
12.599997 12.796205
12.699998 12.093439
11.1 11.191346
12.899998 11.811075
11.3 11.297985
11.2 11.350005
11.3 11.58639
11.49794 11.271258
11.900001 11.925372
13.409894 13.256851
11.8 11.685612
11.1 11.213234
12.1 11.923795
11.900001 12.034788
11.2 11.270559
11.75 11.523747
11.1 11.266731
11.3 11.367203
12.499997 12.033096
10.40103 11.090197
13.1 13.117627
11.1 11.170456
11.3 11.4144125
11.400001 11.4221735
11.999998 12.173922
11.2 11.574789
11.2 11.734499
11.1 11.1582155
14.145758 14.491534
12.699998 11.670308
13.1 11.627086
11.7 11.716308
11.599999 11.958131
11.2 11.276258
12.499997 12.135575
11.2 11.235303
11.1 11.218202
11.2 11.257826
11.999998 12.020913
11.5 11.724026
11.900001 11.807396
11.3 11.556927
11.400001 11.400833
11.900001 11.88913
10.79897 10.276808
11.8 11.584975
11.400001 11.784849
11.2 11.311852
11.1 11.201633
13.299971 13.055066
11.2 11.211601
11.3 11.428001
11.900001 11.869068
11.2 11.254503
13.800057 13.672738
11.2 11.182339
12.460513 12.830249
11.5 11.6251545
12.321849 12.032766
10.1 11.276358
11.1 11.233244
11.5 11.623739
11.5 11.482477
11.2 11.53541
11.7 11.720392
11.7 12.825402
11.3 11.324255
11.2 11.271267
10.70206 10.738032
11.1 11.179939
10.9 11.369888
12.499997 12.831723
11.5 11.493217
11.2 11.237233
12.899998 13.815343
11.2 11.231717
11.2 11.197555
10.1 10.221634
11.2 11.242416
11.599999 11.708781
10.4 10.744366
14.600313 13.8636465
11.7 11.91175
11.900001 11.849466
11.2 11.322645
10.5 10.60009
11.7 11.688567
13.000009 12.963594
11.2 11.27497
14.869551 14.695976
11.2 11.319782
12.49794 13.502582
12.899998 12.767942
11.1 11.1778965
11.2 11.270671
13.200015 13.789617
11.8 11.887914
13.500008 13.58086
12.699998 12.220003
11.2 11.303366
11.400001 11.428144
11.2 11.253504
12.799992 12.255856
13.200015 11.955975
11.1 11.433861
11.89588 12.890515
11.1 11.1957855
11.900001 11.890925
11.5 11.446753
12.599997 11.689184
13.800057 14.124723
11.923909 11.274885
11.5 11.4870205
11.2 11.308956
11.2 11.247713
10.49794 11.212593
12.953872 12.196308
11.3 11.332659
11.999998 11.470297
11.1 10.962824
10.418758 10.328778
11.1 11.268877
12.499997 12.125019
14.1 12.907748
11.7 11.698786
12.499997 11.765741
13.500008 13.041836
11.8 11.845489
11.599999 11.590618
11.7 11.725376
12.199999 11.532486
11.599999 11.529223
12.299998 12.196334
11.8 11.838883
14.299971 13.427288
11.1 11.314587
13.600039 13.232349
11.900001 11.914141
13.986056 12.324603
10.1 10.189787
11.5 11.421278
13.465243 11.000574
11.400001 11.45624
11.400001 11.382844
11.900001 11.883397
11.599999 11.614516
11.999998 11.892662
12.899998 12.312333
11.2 11.259451
11.115759 11.209952
12.699998 11.979251
11.5 11.552963
11.900001 11.421703
11.5 11.549023
11.3 11.337181
12.699998 12.560307
11.900001 11.8806715
12.953872 12.9790125
11.8 11.754116
13.899971 14.502273
11.2 11.276033
11.8 11.304621
14.600313 13.904691
11.2 11.249971
11.999998 12.290631
11.711954 11.553087
11.900001 12.072186
11.900001 11.861961
10.1 10.65943
12.399998 11.771246
9.622879 9.619104
11.2 11.31233
10.70206 10.717703
12.1 12.339178
10.1 10.12752
11.599999 11.561823
11.3 11.47008
11.900001 11.866856
12.699998 12.709409
13.299971 13.313615
11.599999 11.626172
11.2 11.242592
11.400001 11.401636
11.1 11.520187
12.399998 11.515228
11.3 12.359303
11.599999 11.5901
11.7 12.1869755
11.400001 11.688724
13.622879 13.78113
12.199999 11.755983
11.599999 11.691138
11.5 11.501471
11.999998 11.935837
14.1 13.760238
12.699998 12.981077
11.2 11.235682
11.900001 11.906091
12.54855 13.857556
12.399998 12.302564
11.2 11.250575
11.900001 11.893652
11.5 11.755636
11.900001 11.916798
12.399998 11.816573
11.8 11.811712
10.89588 11.802225
12.299998 12.083023
11.1 11.291742
11.1 11.16931
11.599999 11.603366
13.1 12.134763
12.299998 11.853758
11.2 11.234461
11.7 11.712085
11.2 11.725811
10.3 10.62439
11.999998 12.683305
11.2 11.238908
11.7 11.675396
11.2 11.260861
11.2 11.223017
13.622879 13.586032
11.8 11.7045555
11.400001 11.386029
13.214758 12.9958515
12.175721 12.717019
13.1 11.942665
11.1 11.187124
11.2 11.227698
11.8 11.829901
6.1 3.9032564
9.506714 9.388882
11.400001 11.463117
13.1 12.762126
10.4 10.720893
11.400001 11.375008
12.078811 12.88535
11.999998 11.843125
11.8 11.811532
11.599999 11.750308
10.958237 10.105044
11.5 11.574532
12.299998 12.068733
11.5 11.561346
14.8447275 12.637686
11.900001 11.8847885
11.2 11.318774
11.400001 11.460342
11.7 11.641529
12.199999 11.638254
11.999998 11.945857
10.1 10.328918
12.499997 13.45765
11.400001 11.428165
11.2 11.26132
10.4 10.195321
12.599997 13.026121
11.900001 11.799421
11.2 11.301333
12.399998 12.365432
11.900001 11.869318
11.2 11.202397
11.1 11.180235
11.900001 11.907825
11.900001 11.852861
14.299971 12.778008
11.2 11.367081
11.2 11.249919
15.49794 13.914408
11.058607 11.471728
11.599999 11.586063
11.599999 11.585157
11.5 11.449504
11.5 11.556829
11.999998 11.961193
11.599999 11.966736
14.400163 13.010823
13.000009 12.376655
11.1 11.2116165
15.299971 14.320453
11.599999 11.633811
11.2 11.253608
10.622879 10.627203
11.1 11.301973
11.2 11.317587
9.79897 9.658933
11.5 11.41731
11.900001 11.826723
11.2 11.24887
13.1 13.425172
11.599999 11.388189
12.1161 11.368211
11.2 11.231347
11.7 11.660486
10.1 10.049053
11.2 11.241983
11.5 11.331815
11.8 11.70816
11.1 11.22164
10.622879 10.540221
11.1 11.15975
11.1 11.202834
11.599999 11.690865
12.1 11.387692
11.2 11.280192
11.2 11.316255
11.2 11.744775
10.2 10.485515
11.599999 11.500911
11.3 11.319032
11.3 11.354256
12.499997 12.754559
11.1 11.170009
11.8 12.893102
12.199999 11.607088
12.199999 12.690447
11.5 11.51749
11.822364 11.81595
11.7 11.8407
11.599999 11.870658
11.5 11.573835
11.400001 11.505807
12.599997 11.620227
12.699998 11.670767
11.5 11.513419
12.199999 12.158049
11.2 11.219866
11.5 11.608316
12.499997 12.154735
11.5 11.498934
13.47675 13.548352
12.799992 11.652725
11.8 11.783291
13.600039 13.676169
11.900001 11.87679
11.400001 11.558657
13.000009 12.941339
11.2 11.245632
12.199999 11.665151
11.1 11.226625
11.2 11.280054
11.3 11.2869625
11.1 11.228126
13.1 13.929907
9.79897 10.102342
12.299998 11.980282
13.600039 13.595498
12.199999 11.520957
11.1 11.192169
12.199999 11.996449
11.400001 11.376866
11.400001 11.486279
12.299998 12.25153
11.7 11.870155
12.799992 13.2155485
11.2869625 11.410131
11.815606 12.686297
11.1 11.84027
11.5 11.574347
11.599999 11.8124695
12.399998 12.507239
11.400001 11.145889
12.399998 12.118988
11.7 11.769588
11.3 11.293288
12.1 12.04643
13.800057 11.365049
11.7 11.664026
10.79897 11.447404
11.5 11.463784
11.999998 12.435733
11.1 11.221581
11.999998 11.936881
11.1 11.510627
11.900001 11.905455
11.622879 11.407331
11.400001 11.307655
11.1 11.42629
11.900001 11.867372
11.3 11.230277
10.3 11.428104
10.4 10.541813
10.5 10.518237
14.145758 14.269159
10.1 10.206617
11.900001 12.312936
11.1 11.17844
11.400001 11.575379
11.900001 11.863617
11.7 11.708681
11.1 11.217409
11.3 11.396446
12.248742 12.85623
10.70206 10.697707
12.199999 11.972659
12.299998 12.332789
11.900001 11.882238
11.3 11.3167515
11.303734 11.404621
11.900001 11.870288
13.180922 13.215453
11.5 11.486078
11.1 11.2436695
11.2 11.312793
10.1 9.965704
11.2 11.389296
11.207906 10.725791
11.900001 11.903313
11.2 11.286365
11.2 11.585506
11.1 11.183212
11.400001 11.438612
11.3 11.333732
11.5 11.615069
11.8 11.776952
11.2 11.231369
14.200179 13.428384
11.1 11.4498825
11.5 11.471207
11.5 13.582783
10.9 10.922101
13.200015 12.789348
12.799992 11.440121
12.499997 11.990353
11.599999 11.558946
10.2 11.132834
11.8 12.20765
11.2 11.216173
11.8 11.763815
11.900001 11.869903
11.2 11.243548
10.186186 10.285934
13.399989 13.43145
11.5 11.5080185
11.1 11.203207
11.5 11.513619
11.1 11.216806
11.2 11.336333
11.1 11.176075
12.199999 12.158327
11.1 11.264101
11.1 11.300435
12.499997 12.897851
11.5 11.561556
12.199999 12.485711
11.1 11.453663
11.1 11.299677
11.5 11.507811
12.799992 11.568064
11.2 11.94273
12.1 12.120283
11.900001 11.803639
12.418758 12.636142
11.3 11.277414
11.3 11.343771
11.400001 11.472294
12.399998 11.882512
11.999998 12.054332
11.5 11.5525
11.2 11.2439
12.499997 12.28531
11.1 11.119877
10.79897 11.019379
11.3 11.452839
11.2 11.269491
11.2 11.604439
11.999998 12.425045
11.1 11.315868
11.1 11.182838
14.901343 14.941024
12.699998 11.9536495
12.199999 11.941054
10.79897 11.09274
11.2 11.30562
11.1 11.210113
11.599999 11.643115
11.1 11.262078
11.1 11.248797
11.599999 11.582122
12.599997 12.052361
12.199999 12.155823
11.7 11.858097
11.900001 11.889472
11.2 11.348015
11.2 11.435621
11.1 11.142668
11.900001 11.8755
12.299998 12.114185
11.999998 11.783545
11.2 11.393972
14.1 14.016075
9.79897 10.221479
12.899998 13.051755
11.7 11.673285
11.2 11.682777
11.5 11.493822
11.1 11.387164
11.3 11.44028
11.599999 11.735624
11.900001 11.864991
12.299998 12.19083
11.7 11.678183
11.7 11.66142
11.3 11.302502
12.699998 11.860178
11.2 11.234115
11.1 11.154893
11.3 11.463323
12.1 12.001656
13.200015 13.62163
12.299998 13.395511
11.1 11.202204
11.7 12.057839
11.1 11.254759
11.5 11.256439
11.900001 11.826085
11.8 11.944088
11.7 11.851585
11.2 11.252422
10.321849 10.105383
11.900001 11.865481
11.1 11.160854
11.900001 11.922312
12.199999 12.154804
11.7 11.671944
11.1 11.229194
10.8 11.04916
14.299971 12.537087
11.1 11.073599
12.699998 12.135811
11.400001 11.993373
11.1 11.208088
11.400001 11.345658
11.1 11.17704
11.1 11.377241
11.3 11.269233
12.399998 11.968641
11.1 11.242483
12.1 12.559564
13.1 11.957792
11.5 11.520762
11.400001 11.514639
10.445824 10.258589
11.2 11.256047
11.3 11.449537
11.400001 11.658527
12.899998 13.33949
13.000009 12.683214
11.900001 11.841917
11.400001 11.4176445
11.400001 11.3503
11.900001 12.150968
11.5 11.464937
11.3 11.711554
11.1 11.262229
11.900001 11.913383
10.622879 10.636137
11.3 11.522016
11.2 11.281568
12.199999 12.169915
11.5 11.593207
11.5 11.527111
11.999998 11.770605
11.3 11.502715
11.3 11.357087
11.1 11.37101
11.2 11.420404
11.3 11.637036
11.8 12.111159
13.299971 13.94388
11.2 11.253292
11.900001 11.814028
11.599999 12.539838
11.2 11.288543
12.990712 12.517372
14.400163 14.406249
13.500008 13.394038
11.1 11.267081
11.2 11.234945
11.5 11.538999
11.1 11.183676
13.821246 14.023297
11.7 11.761297
11.1 11.861743
11.1 11.280973
12.1 11.822277
12.599997 12.288721
11.1 11.145409
11.7 11.666649
11.2 11.242754
11.400001 11.474236
12.1 11.274752
11.2 11.254677
14.600313 14.034173
10.70206 10.68281
10.4 10.639832
11.685027 11.691496
15.254902 12.861871
11.1 11.237753
11.8 11.723492
12.499997 11.794672
11.2 11.26857
11.1 11.3412285
11.1 11.157871
11.3 11.487835
15.200179 13.920344
13.399989 12.877398
11.29586 11.002602
12.299998 12.072842
14.8447275 13.704791
11.900001 11.909773
12.1 11.279594
12.923909 12.798751
12.218045 11.864
11.900001 11.447998
11.400001 11.422365
11.999998 11.747253
11.3 11.301065
11.999998 11.835566
11.5 11.520132
11.2 11.333588
12.520216 11.306492
11.45 11.424899
14.79897 13.5954275
11.2 11.248533
11.3 12.316171
10.1 10.596182
11.1 11.185127
11.2 11.404427
11.900001 11.825502
11.999998 11.981655
11.3 11.391338
11.900001 11.84301
11.8 11.791128
11.2 11.244024
11.1 13.500134
12.599997 13.052472
11.3 11.3286085
11.8 11.855809
10.1 10.660365
11.2 11.227293
11.8 11.833752
11.3 11.903955
13.1 12.830996
11.5 11.601289
11.1 11.800238
10.976149 11.563018
11.2 11.256146
12.1 11.941412
13.000009 12.997073
11.900001 11.356149
11.2 11.347431
11.900001 11.873053
11.3 12.497878
10.70206 10.730375
10.1 10.332912
11.1 11.248367
12.145758 12.294675
11.1 11.243246
14.999629 14.712712
11.1 11.333073
13.899971 13.632774
12.1 11.605406
10.622879 10.487535
11.3 11.391474
12.499997 12.811169
11.2 11.2598915
12.199999 12.034443
11.999998 11.898719
11.900001 11.926769
13.500008 12.3029995
11.1 11.237677
11.2 11.227706
11.7 11.617495
11.3 11.306011
11.788246 11.238737
11.2 11.160061
11.2 11.708337
11.400001 11.246661
12.199999 12.046992
11.7 11.782516
11.999998 11.957713
12.599997 11.592432
11.2 11.2602825
11.900001 11.924732
11.1 11.30291
11.599999 11.591419
11.5 11.704248
11.7 11.700061
13.600039 12.531594
11.900001 11.910549
10.622879 12.180988
11.2 11.235631
12.799992 12.031407
11.400001 11.411158
11.8 11.749529
13.500008 12.4300375
13.500008 13.309871
11.3 11.502457
11.400001 11.439711
11.2 11.167378
11.900001 12.944195
11.1 11.177686
11.2 11.294752
11.8 11.512154
14.719789 14.496283
12.299998 12.2891445
11.3 11.65241
12.499997 12.4250345
11.1 11.169956
11.5 11.504881
11.2 11.201069
11.999998 12.1341095
11.8 11.795469
13.500008 12.651815
11.900001 11.864609
14.1 13.768552
11.2 11.262938
11.5 11.909531
11.5 11.567415
10.581486 10.604291
11.7 11.756345
14.1 13.448243
11.2 11.447439
11.2 11.226521
