11.8 11.877676
10.1 10.111524
12.699998 12.381813
11.2 11.193962
11.1 11.144055
12.599997 12.834976
11.8 11.786383
11.8 11.947244
11.3 11.41993
11.1 11.152948
12.351812 12.447217
11.3 12.099585
11.2 11.168814
12.499997 12.730219
12.599997 12.610636
11.2 11.238408
11.900001 11.953955
13.685027 14.448005
11.2 11.164583
11.2 11.196678
11.665431 10.800121
12.799992 11.511134
11.7 11.574763
10.79897 10.301669
11.2 11.243883
11.2 11.176509
13.972057 12.698893
11.599999 12.236366
9.40103 9.76151
12.1 11.951398
11.900001 11.852233
11.5 11.566661
12.499997 12.59246
11.900001 11.917386
11.1 11.160467
11.1 11.144675
11.5 11.522323
14.1 13.397911
11.3 11.5863495
11.3 11.3666935
13.1 13.017009
11.400001 11.660896
11.5 11.543526
12.599997 12.145794
12.543697 11.904932
11.3 11.354555
11.1 11.164658
12.899998 11.554735
12.199999 11.905054
11.7 12.380728
11.3 11.260309
11.900001 12.005272
11.1 11.162427
11.599999 11.631366
11.1 11.155133
11.999998 11.911144
11.599999 11.479824
11.900001 11.930939
13.608639 13.454205
13.344125 13.388496
11.2 11.188543
11.1 11.255394
10.622879 10.664235
12.699998 11.967947
11.900001 11.929602
11.999998 11.459546
13.999974 13.749583
12.499997 11.632243
11.999998 11.921197
10.9 10.503779
11.999998 12.010351
11.7 12.540614
11.2 11.181076
11.8 11.814172
11.3 11.249552
11.7 11.77828
11.900001 11.935526
12.087163 11.573275
11.1 11.136406
13.299971 12.754799
11.5 11.445629
11.900001 11.178845
12.299998 12.549566
13.200015 11.326576
13.0914 12.720569
11.8 11.834804
12.199999 11.249654
12.29382 12.322926
11.7 11.67148
11.1 11.054666
11.8 11.858828
12.5999975 12.405111
11.2 11.584863
11.2 11.308956
11.2 11.297598
11.2 11.239977
11.400001 11.358553
11.2 11.213061
12.199999 12.079159
11.2 11.2096815
12.899998 12.395496
11.2 11.20336
11.900001 11.899465
11.900001 11.936176
14.200179 11.953567
11.8 11.711863
11.599999 11.601941
11.7 11.729166
11.3 11.448484
11.2 11.259876
11.3 11.233146
11.2 11.305163
11.400001 11.422776
11.900001 11.986286
14.40103 14.765013
11.3 11.418875
10.1 10.213709
11.900001 11.880798
11.400001 11.425831
13.699981 13.432586
10.581486 10.76836
11.5 11.526959
11.599999 11.570598
11.400001 11.662524
15.26892 14.457493
12.199999 12.528188
11.5 12.797691
11.900001 11.878835
11.7 11.636005
11.2 11.196846
11.8 11.845714
12.1 11.622194
12.299998 12.353488
10.70206 10.712707
11.900001 11.488072
11.900001 11.946881
11.3 11.615581
11.3 11.292821
11.7 11.674051
13.167756 12.7179
11.7 11.76137
11.900001 11.682994
11.999998 11.990013
10.869551 10.124764
12.399998 12.526805
11.7 11.792354
13.399989 12.851388
11.900001 11.896398
11.2 11.323547
11.2 11.266157
11.1 11.171101
11.5 11.480751
11.1 11.229329
10.1 10.418045
11.2 11.268658
13.000009 13.5315275
14.1 13.738611
11.7 11.799057
11.3 11.351894
10.1 10.974117
12.685027 12.808208
12.1 13.2534075
11.1 11.178541
11.5 11.560773
11.078811 10.654537
11.999998 11.964222
10.49794 10.403375
11.5 11.474766
12.901632 11.22004
11.400001 11.42609
11.2 11.229606
10.40103 10.442354
11.543697 11.537825
12.499997 12.453639
11.7 12.047079
11.7 11.890203
12.299998 12.088799
11.5 11.607084
11.1 11.117687
11.2 11.19927
14.1 14.336257
11.999998 11.98666
11.900001 11.922163
12.738272 12.665723
11.7 11.687412
10.79897 10.558226
13.1 12.522685
11.5 11.249833
11.999998 11.950287
11.400001 11.40293
11.1 11.215517
11.1 11.232227
11.8 11.255029
12.195114 11.700303
11.2 11.201395
11.999998 11.948828
11.900001 12.468504
9.70206 10.374441
11.8 11.757575
11.999998 11.978426
11.5 11.737497
11.400001 11.422073
12.899998 12.961762
12.199999 11.914052
11.400001 11.477925
11.3 11.259772
11.3 11.327697
12.599997 11.246867
13.1 12.314846
11.3 11.323735
12.1 12.280037
12.461728 11.97651
12.899998 12.3447075
13.899971 13.089918
9.79897 10.249798
11.999998 11.944758
10.89588 13.9949465
12.499997 12.036671
11.7 11.63265
11.900001 11.912441
10.1 10.133571
13.399989 13.181471
11.2 11.338613
11.900001 11.926823
11.1 11.356352
11.1 11.1539545
11.900001 11.853617
12.1 11.839594
11.400001 11.43976
12.199999 11.452227
11.5 11.198449
10.1 10.123336
11.8 11.817468
11.7 11.71217
11.622879 11.935219
10.99279 10.879769
12.599997 11.979567
11.5 11.550265
11.1 11.735146
11.2 11.188308
11.900001 11.878877
10.4 10.478375
12.1 12.262136
11.5 11.574035
11.599999 11.61613
11.8 11.632273
12.699998 12.119311
11.8 11.868588
11.555932 11.175796
12.199999 12.387693
11.900001 12.181463
11.1 11.212538
11.5 11.586411
11.599999 11.668433
11.900001 12.401125
11.3 11.2949
12.685027 12.5781555
11.3 11.30015
11.900001 11.873542
10.49794 10.554286
11.1 11.129663
11.900001 11.87305
12.1 11.846494
11.1 11.328076
11.5 11.494474
10.79897 10.619145
11.8 11.864885
12.599997 12.036097
11.3 11.364591
11.7 11.729952
11.400001 11.544146
11.2 11.228221
11.3 11.2658615
11.3 11.331561
10.70206 10.710146
11.861954 10.839438
11.900001 11.899995
11.1 11.141707
12.299998 12.272683
11.2 11.381662
10.70206 10.738358
11.2 11.266187
12.1 11.878821
11.5 11.537228
12.399998 12.054629
14.299971 11.217332
11.3 11.273544
11.2 11.2145405
12.799992 12.354404
11.2 11.203945
12.1 11.631759
11.8 11.860222
11.3 11.395508
12.199999 12.029614
13.899971 13.308231
11.7 11.638447
14.738272 14.74217
11.900001 11.629841
11.900001 11.769859
11.3 11.260533
11.3 11.2858515
11.2 11.412634
11.2 11.178006
11.599999 11.577499
11.900001 12.249415
11.400001 11.412874
11.5 10.7925205
12.1 11.859398
11.2 11.203631
11.3 11.426332
11.1 11.142597
11.999998 12.187927
10.531798 10.522677
11.1 11.318512
11.99279 11.036901
11.900001 12.007768
14.299971 13.132662
11.5 11.539001
11.900001 11.892246
11.3 11.270847
11.5 11.367583
13.864471 12.665871
14.118106 13.554426
11.599999 11.608852
11.900001 11.834715
11.5 11.484035
11.2 11.218246
11.3 11.3808975
10.622879 10.741691
11.8 11.562612
12.79897 11.944329
11.999998 11.316637
11.1 11.145431
11.2 11.201966
11.900001 11.906406
11.1 11.246601
11.3 11.400299
11.1 11.183355
12.499997 12.201719
11.999998 11.976576
12.299998 12.179557
11.1 11.160739
11.900001 11.856753
11.999998 11.952386
14.1 12.943258
13.600039 13.458361
10.1 10.649824
12.799992 11.581377
11.3 11.359433
11.7 11.725302
10.622879 10.587704
11.1 11.155142
10.1 11.46675
12.299998 12.310622
11.1 11.1426525
13.1 12.574834
11.900001 11.873226
11.1 11.131635
11.5 11.576692
13.200015 12.434911
11.999998 12.685564
11.3 11.081875
11.5 11.484242
11.3 11.733018
12.199999 11.934355
11.900001 11.837608
10.1 10.818113
12.299998 13.01317
11.400001 11.43562
10.622879 10.6428385
11.999998 11.963289
11.2 11.2590475
11.400001 11.66617
14.299971 13.86515
11.2 11.192279
11.8 11.791331
10.622879 11.634392
11.5 11.503489
12.199999 11.862289
10.224938 11.381877
11.7 12.0793705
12.399998 12.717281
11.999998 11.940499
10.40103 10.446455
11.8 11.831613
11.2 11.337572
11.2 11.19873
12.300659 12.502259
11.7 11.73607
12.299998 11.246822
11.1 11.13768
11.3 10.67597
14.49794 12.382709
11.1 11.780657
11.400001 11.362218
11.7 11.751208
10.1 10.376294
11.3 11.433081
11.1 11.149688
11.7 11.722479
12.699998 12.501687
11.1 11.518625
11.900001 11.963341
13.923909 12.367226
13.200015 11.636669
13.800057 12.805484
11.400001 11.480391
12.1 11.875796
10.520216 10.559099
11.108774 11.180475
11.5 11.554736
11.2 11.314703
13.1 13.179201
12.199999 12.392187
11.999998 11.976075
13.999974 13.216396
11.999998 12.724855
12.499997 11.954852
11.900001 12.096371
11.999998 12.05886
11.1 11.183999
11.2 11.207413
11.3 11.363302
12.599997 12.111914
11.2 11.1904125
11.900001 11.909288
11.999998 11.860518
11.5 11.482612
13.699981 13.208803
12.499997 12.545906
11.5 11.386758
11.7 11.711769
11.599999 11.622877
12.448722 11.526515
11.3 11.39694
11.19691 12.134569
11.7 11.380587
11.5 11.05673
11.900001 12.041143
11.2 11.498429
11.8 11.726236
11.1 11.14254
11.7 11.583887
11.599999 11.52478
12.799992 12.880923
11.8 11.7930355
11.2 11.629598
11.900001 11.867217
11.2 11.198137
11.999998 11.526147
11.599999 12.5887165
11.599999 11.407969
11.5 11.510778
11.7 11.662427
11.1 11.162242
11.1 11.468937
11.900001 11.775406
11.1 11.155323
11.900001 11.900877
11.2 11.309824
11.599999 11.727634
11.3 11.159401
11.8 11.95159
11.900001 11.946843
11.3 11.378111
13.020819 12.204227
10.1 10.160312
9.70206 9.784414
11.1 11.129434
11.1 11.124281
12.199999 12.190072
11.7 11.302959
11.3 11.262551
11.8 11.862491
11.5 11.587815
12.399998 11.336444
11.2 11.2616825
11.999998 11.933858
11.2 11.183907
12.953872 12.649706
11.599999 11.501028
12.113436 12.644117
11.3 11.79344
14.1 13.748657
10.1 10.5712805
11.2 11.579798
11.5 11.311957
12.1 12.064675
11.599999 11.590324
11.2 11.228118
11.7 11.645227
11.999998 11.96562
11.1 11.140532
11.999998 11.99488
11.1 11.13202
11.400001 11.457307
11.640608 11.641776
11.900001 11.893008
11.3 11.394953
11.7 11.694586
11.2 11.222122
11.1 11.128638
12.699998 11.930569
11.5 11.7548485
10.622879 10.6585865
11.999998 11.626061
11.1 11.763595
11.5 10.97125
11.543697 11.225519
11.5 11.683823
11.8 11.382901
11.3 11.312738
10.652842 11.371132
11.2 11.219601
13.699981 12.82896
10.40103 11.106237
10.79897 10.76376
12.399998 11.215001
11.5 11.583592
11.2 11.342902
11.5 11.2171
10.1 10.380318
11.8 11.810871
11.7 11.661337
11.5 11.517619
11.7 11.837393
11.2 11.186381
11.1 11.105182
11.5 11.577837
10.70206 10.642958
11.1 11.1563425
11.1 11.167592
11.3 11.342496
11.2 11.185325
11.599999 11.396434
11.7 11.860046
11.8 11.703636
11.1 11.151745
11.8 11.732125
10.70206 10.690354
11.900001 12.528493
10.79897 11.20519
11.400001 11.450888
12.1 11.945792
11.2 11.28065
11.5 11.418861
11.1 10.816739
11.5 11.489006
11.999998 11.981493
12.777781 11.334135
11.7 11.783775
11.1 11.239027
11.8 12.117698
11.7 11.695425
11.2 11.168037
12.1 12.126414
11.999998 11.981007
12.499997 12.6742115
12.599997 12.240444
11.400001 11.535295
12.1 11.888329
12.299998 12.018578
11.8 11.858779
11.5 11.544095
13.117729 13.222645
11.8 11.797174
12.1 12.121723
11.2 11.178555
13.399989 11.863758
11.2 11.416852
11.5 11.65056
11.2 11.220762
9.79897 10.263607
11.3 11.242772
11.3 11.49459
11.7 11.744531
11.7 11.635103
11.900001 11.986652
11.2 11.235535
11.7 11.683466
11.179355 11.433611
11.8 11.773988
11.900001 11.9662285
12.079304 11.754688
11.3 11.394916
11.400001 11.332014
11.235986 11.182247
11.1 11.143195
11.3 11.246687
11.1 11.120575
11.2 11.177862
11.821246 11.5634775
11.900001 11.828449
12.299998 12.816639
11.999998 11.938349
11.900001 11.88239
11.1 10.957066
11.1 11.404793
11.145275 10.856716
11.400001 11.433112
11.2 11.174036
14.1 13.764523
10.7 11.238137
11.7 11.665366
12.199999 12.650121
11.400001 11.637374
11.8 11.784111
11.599999 11.768429
11.8 11.833949
12.699998 12.6507845
11.3 11.349701
11.7 11.657216
14.351262 13.681003
10.5 10.549124
12.058607 12.951743
11.2 11.274354
11.3 11.316338
11.7 11.984187
11.3 11.407114
11.2 11.210826
11.400001 11.511899
11.1 11.19896
11.8 11.866437
12.799992 11.990916
11.7 11.706407
11.3 11.3166685
13.103601 13.351048
11.5 11.379379
11.1 11.141057
10.1 10.228267
11.1 11.435439
12.599997 12.327693
12.499997 12.314331
11.999998 12.259617
11.7 11.761942
11.5 11.487697
11.1 11.10554
11.3 11.48371
11.8 11.861145
11.8 11.412649
11.1 11.224582
12.599997 11.972497
11.999998 12.011527
12.1 11.901587
11.900001 11.89976
10.49794 10.703159
11.900001 11.878573
11.599999 11.336938
11.900001 11.853829
10.4372425 10.699171
11.2 11.1938095
12.1 12.196981
11.7 11.6838
11.5 11.78252
10.1 10.282628
11.3 11.277266
11.8 11.751004
10.3 10.621677
11.1 11.146862
11.1 11.148786
10.9 12.762129
11.900001 11.888175
14.700326 14.781123
12.199999 11.816262
15.1 15.3335285
11.3 11.330828
11.900001 12.112982
11.5 11.5022545
11.953872 12.983408
9.40103 9.805825
11.2 11.2807045
11.2 11.237619
14.581486 13.236382
11.1 11.068871
11.900001 11.582436
11.5 12.194314
11.2 11.234876
11.599999 11.620974
11.8 11.550115
11.108774 11.2099085
11.599999 11.448048
11.7 11.709583
11.3 11.836961
14.299971 14.114441
13.200015 11.711124
11.2 11.2718525
11.2 11.528607
12.508935 11.832917
11.599999 11.646707
11.599999 11.894226
13.953872 13.555109
14.1 13.810786
12.799998 13.229668
13.299971 14.056216
11.5 11.613871
11.3 11.567224
11.058607 13.257198
11.3 11.304631
11.7 11.824076
11.1 11.088827
10.769952 10.6515
11.1 11.14676
11.7 11.680048
11.900001 11.90975
11.599999 11.750501
11.8 11.755504
12.299998 11.228182
11.2 11.216277
11.8 11.789382
12.299998 11.929258
13.000009 11.773741
11.5 11.56604
11.3 11.400925
11.2 11.418804
13.899971 15.078363
11.2 11.213579
11.999998 11.96735
11.1 11.219311
11.3 11.264986
11.7 11.77093
11.3 11.376126
10.70206 10.694257
12.799992 12.215056
14.700326 14.384319
11.5 11.449758
11.7 11.853962
12.799992 12.420004
12.1 11.723378
11.1 11.150525
11.900001 11.448411
11.7 11.748235
11.900001 11.873821
12.499997 11.967573
12.074694 12.444942
11.1 11.131902
12.199999 11.297503
12.499997 12.347571
12.499997 12.14796
11.900001 11.938785
11.5 11.537773
11.1 11.202456
11.900001 11.953586
11.2 11.263915
11.3 11.456505
11.2 11.45864
11.5 11.553175
11.5 11.445604
12.199999 13.948505
11.2 11.21325
11.599999 11.401365
11.8 12.3335705
13.600039 12.892547
11.1 11.28024
12.399998 11.945018
10.738272 10.116978
11.3 11.267627
11.3 11.452099
11.1 11.147807
11.599999 11.19565
11.2 11.514788
11.391998 11.4096775
12.1 11.453311
11.999998 12.736086
13.600039 12.673852
11.2 11.195992
11.1 11.24015
10.40103 10.116978
12.499997 12.127413
11.1 11.459621
11.900001 11.893293
11.1 11.147314
11.5 11.459221
11.3 11.370763
11.599999 11.650693
11.2 11.207446
11.900001 11.892013
11.757577 11.925904
11.3 11.304437
11.599999 12.229734
11.999998 12.1668825
11.3 11.327067
10.40103 10.875805
11.1 11.763719
12.299998 11.442639
11.8 11.896556
11.3 11.809782
11.2 11.213881
12.1 12.0035515
11.1 11.131997
11.2 11.188784
11.999998 11.968461
13.500008 13.0166645
11.2 11.447959
12.799992 13.302237
11.2 11.336147
11.900001 11.910445
11.1 11.146541
11.1 11.130389
11.5 11.5228405
11.599999 11.603876
12.199999 11.803977
11.400001 11.321196
10.40103 10.566016
12.1 11.945655
11.2 11.201371
11.2 11.212727
11.2 11.197632
11.5 11.555311
11.599999 11.599066
10.49794 10.2224045
12.199999 12.435395
11.2 11.223131
12.1 12.112092
11.5 11.529575
11.1 11.180611
11.8 11.85565
11.45 11.716248
11.2 11.20039
11.5 11.407801
13.186186 12.560817
11.900001 11.875843
11.8 11.870198
11.1 11.148519
13.035542 12.713884
10.5 10.385073
11.2 11.243678
11.2 11.202892
11.900001 11.786253
11.7 11.9238825
10.2 10.598664
11.5 11.498955
11.999998 11.93658
11.5 11.45732
11.380575 11.5103
11.3 11.401102
11.1 11.164453
13.200015 13.147
11.2 11.176754
11.5 11.628947
11.8 11.847001
11.2 11.396418
10.2 10.387045
11.3 11.295879
12.953872 13.799025
11.3 11.337994
11.599999 11.606631
11.5 11.232706
11.400001 11.407255
11.900001 11.854279
11.1 11.221259
11.7 11.720732
10.1 10.307428
11.5 11.311303
12.1 11.660913
11.8 12.042166
11.900001 12.081304
13.1 12.215071
12.599997 11.470367
13.299971 12.767392
11.599999 12.016335
14.600313 13.725731
11.1 11.219174
11.900001 11.9063425
14.200179 13.829103
11.999998 11.945736
11.1 11.134553
10.1 10.237026
10.2 10.555393
11.999998 12.012607
11.400001 11.427775
11.400001 11.507553
11.5 11.469223
13.699981 13.140382
11.2 11.163502
11.5 11.224153
11.5 11.480836
10.622879 11.729583
11.999998 11.970301
11.8 11.6502905
11.5 11.558063
11.374088 11.449698
11.900001 11.863723
11.1 11.339537
11.2 11.137247
11.2 11.272054
11.5 11.28176
11.7 12.451326
11.999998 11.539639
11.1 11.120365
11.2 11.3362255
11.3 11.361483
11.400001 11.464068
11.2 11.18974
11.400001 11.444239
11.2 11.218807
11.2 11.361714
11.8 11.613961
11.2 11.192432
11.2 11.304366
11.900001 11.872759
11.3 11.497675
11.1 11.141925
11.900001 11.235424
13.899971 13.603624
11.5 11.842226
11.7 11.603992
14.200179 13.735063
11.2 11.39468
11.7 11.855002
12.499997 12.352327
12.1 11.736545
11.900001 11.892031
13.202373 12.967684
11.3 11.327368
10.1 10.120113
14.600313 13.061876
11.2 11.219671
12.499997 12.297964
11.599999 11.427921
11.3 11.334987
11.103488 10.863095
11.1 11.252705
11.3 11.385442
11.1 11.196256
11.7 11.968447
12.599997 12.853329
13.446788 10.596152
11.900001 11.948179
11.599999 11.633696
13.1 12.617339
11.2 11.19784
12.899998 12.585712
11.5 11.467304
10.622879 10.579498
12.399998 12.812139
9.40103 9.693317
11.1 11.151452
11.273925 11.34174
11.923909 12.224121
11.3 11.315703
9.893174 10.286961
11.3 11.2726
11.49794 12.452507
11.7 12.2203045
11.900001 11.893165
14.500117 13.458313
11.1 11.824719
11.043335 10.988911
12.399998 12.254625
11.3 11.405178
11.599999 11.566947
12.499997 12.323632
13.000009 13.17883
12.499997 13.254898
11.5 11.565741
11.999998 11.576823
11.400001 11.389812
11.1 11.37158
11.953872 11.920481
11.2 11.146681
11.5 11.29189
11.1 11.159099
11.1 11.160124
11.2 11.233655
11.7 11.594986
11.3 11.618874
11.999998 11.718948
12.699998 11.650041
14.953872 14.491177
11.2 11.343803
11.900001 11.677896
11.900001 11.903959
11.900001 11.916412
11.1 11.149295
10.1 10.153454
12.699998 12.584924
11.3 11.508816
11.1 11.130954
11.2 11.215268
11.999998 11.936303
9.47675 9.694506
11.1 11.477287
11.3 11.316586
12.899998 12.869027
11.7 11.553251
11.599999 11.577219
11.400001 11.404106
11.7 11.79743
11.7 11.734821
11.900001 11.901679
11.5 11.518424
11.8 11.831618
13.500008 12.584733
11.5 11.522479
11.900001 11.867178
11.8 11.827827
11.2 11.185806
11.400001 11.479356
11.1 11.234018
11.3 11.565984
11.2 11.226392
10.40103 10.441292
11.599999 11.713845
11.2 11.163872
11.1 11.164279
11.900001 11.920121
11.2139435 11.280244
12.199999 12.165576
11.2 11.269912
11.3 11.409164
11.599999 11.695844
11.400001 11.541573
11.7 11.481444
11.2 11.323107
11.900001 11.857277
11.7 11.526006
11.7 11.710156
11.3 11.360098
11.599999 11.536711
12.699998 11.89794
11.2 11.21135
13.000009 13.389962
11.3 11.485809
11.1 11.50296
11.999998 11.948433
11.1 11.415405
11.999998 11.452337
11.8 11.798263
11.599999 11.474158
11.1 11.269262
11.900001 11.979612
11.400001 11.500498
11.3 11.312714
11.5 11.439977
11.900001 11.919347
11.3 11.4226465
12.699998 11.661605
11.7 12.129731
11.1 11.158923
12.499997 12.423254
11.900001 12.171871
11.8 11.911135
11.400001 11.42507
11.7 11.723303
11.5 11.596588
11.2 11.214851
12.854487 12.493832
11.8 11.827415
11.8 11.341887
11.1 11.177149
11.953872 12.946745
12.1 12.634018
11.900001 11.843827
11.8 11.834433
11.900001 11.887596
13.000009 12.617927
11.400001 11.584836
11.599999 11.529835
11.1 11.1619835
11.1 11.194223
11.400001 11.272381
11.5 11.566149
11.7 11.325249
11.2139435 10.978491
11.40103 10.784649
11.1 11.1653385
11.5 12.437253
11.7 11.749147
12.499997 12.290079
11.999998 12.064164
10.40103 10.415456
11.3 11.352291
11.900001 11.286898
10.70206 10.720402
11.400001 11.464135
11.2 11.172942
11.999998 11.561905
11.1 11.145962
12.899998 13.348448
11.7 11.626341
11.8 11.831849
11.1 10.486361
11.999998 12.398807
11.999998 12.105525
11.3 11.69712
11.1 11.137547
11.8 12.259892
11.3 11.41785
12.699998 11.863076
11.900001 11.960625
11.7 11.371938
11.8 11.861674
11.900001 11.788541
12.058607 12.013191
11.1 11.136426
11.3 11.321702
11.900001 11.890589
10.89588 10.859687
11.3 11.334366
11.3 11.345093
11.5 11.478423
12.199999 11.92147
11.637602 11.833586
11.400001 11.470285
12.799992 11.938797
11.900001 11.856076
12.1 12.11796
11.900001 11.973963
11.2 11.490121
11.1 11.164582
11.999998 12.05917
11.2 11.213725
11.2 11.854413
11.900001 11.906467
11.15 11.188645
11.7 11.672221
11.3 11.5626
11.900001 11.897456
11.5 11.445611
11.1 11.162503
11.5 11.512742
11.2 11.312372
11.599999 11.673226
11.999998 12.019474
11.7 11.467138
11.7 11.711249
11.5 11.588862
11.400001 11.260018
10.555932 10.633356
11.8 11.941819
11.2 11.183861
11.40103 11.530179
13.699981 12.823887
11.400001 11.441305
11.1 11.128811
13.999974 12.577192
12.699998 11.949906
11.2 11.183798
10.40103 10.433177
10.622879 10.626805
12.599997 12.123359
13.999974 13.959548
11.1 11.013621
10.8064165 10.622608
11.3 11.424324
12.199999 12.882935
13.314671 13.705725
10.8 10.508091
12.1 11.351895
12.299998 11.979795
11.2 11.198515
12.799992 11.820244
11.8 11.863757
11.400001 11.314731
15.500117 14.954167
13.399989 12.8181925
11.599999 11.8380995
13.29382 13.122049
11.2 11.193042
11.2 11.240318
11.1 11.154007
11.8 11.659208
12.299998 12.325345
11.2 11.218346
11.2 11.299192
11.999998 12.011049
11.2 11.236793
11.900001 12.012921
11.2 11.198893
11.2 11.251056
11.5 11.779372
11.1 11.134294
11.7 11.61599
11.900001 12.226616
11.599999 11.420276
12.399998 11.891215
11.599999 12.430967
11.2 11.170439
11.5 11.462192
12.499997 12.795724
11.2 11.788428
11.5 11.310174
13.699981 12.525757
11.900001 11.876745
13.299971 12.540343
11.8 11.767909
11.3 11.279039
11.999998 11.968699
11.599999 11.438063
11.7 11.758151
11.3 11.456089
11.2 11.187139
11.999998 12.380214
11.599999 11.638794
12.499997 12.502241
12.199999 12.272208
11.2 11.216877
12.399998 11.756021
11.2 11.2087345
11.3 11.229826
11.2 11.298755
11.3 11.308816
11.2 11.23681
11.2 11.232579
11.2 11.459958
11.900001 11.880089
12.299998 12.730385
13.19691 11.72645
11.2 12.694849
11.999998 11.961706
11.043335 11.144612
10.49794 10.614068
11.2 11.199358
11.1 11.12085
11.8 11.850513
11.400001 11.92112
11.400001 11.33335
12.555932 12.568978
12.499997 12.085022
11.2 11.206887
11.2 11.248495
11.7 11.899753
11.2 11.167426
11.400001 11.412495
13.600039 13.260545
12.399998 11.816971
12.799992 12.630988
12.799992 11.89946
12.499997 12.021347
11.400001 11.441517
11.3 11.307771
11.254902 10.84544
11.219187 11.798535
11.5 11.496312
11.8 11.801124
11.900001 11.903162
11.400001 11.439262
11.7 11.870016
12.449998 12.317544
11.8 11.793563
11.2 11.193225
11.2 11.202594
11.2 11.207052
11.2 11.216177
10.622879 10.544366
11.900001 11.935589
11.999998 11.84395
11.999998 11.925129
11.1 11.1612425
11.999998 11.942292
11.900001 12.137641
10.622879 10.6758
11.3 11.528322
11.599999 11.536776
13.1 13.194008
11.2 11.347133
12.599997 11.440028
11.1 11.166922
14.1 13.872633
11.1 11.853105
11.3 11.53504
11.900001 11.830298
11.599999 11.473313
11.599999 11.451068
11.2 11.255413
9.47675 9.730614
12.066576 11.851886
12.499997 12.123001
11.7 11.670417
12.727088 11.846279
11.400001 11.983629
11.367606 11.958313
11.8 11.790549
11.3 11.296052
11.3 11.325424
11.5 11.413469
11.3 11.603036
11.5 11.472874
11.8 11.800324
10.078811 10.116411
11.400001 11.334407
11.900001 11.908986
11.2 11.977469
10.40103 10.480897
11.3 11.286536
11.1 11.11232
11.1 11.315856
11.1 11.130106
11.5 11.191266
11.5 11.570835
12.608865 12.750013
12.805533 12.035662
11.5 11.52172
11.400001 11.348643
11.8 11.830803
10.1 10.148649
11.599999 11.649037
11.1 11.13147
12.699998 12.235249
11.3 11.330399
13.399989 12.431078
11.7 11.660448
13.000009 12.391793
11.3 11.411966
11.999998 12.2460985
11.900001 11.912956
11.2 11.214191
10.79897 10.143727
11.637602 11.1680765
11.2 11.331691
11.2 11.168663
11.900001 11.852829
11.8 11.932108
11.462984 11.358468
12.599997 12.400156
11.8 11.8075285
12.299998 12.0599
13.236677 12.8169365
11.1 11.127452
13.000009 12.41212
11.400001 11.317795
11.3 11.743725
11.5 11.511565
13.300002 12.5243
11.7 11.684386
11.400001 11.37867
11.3 11.525662
11.400001 12.299301
11.3 11.354082
11.1 11.14999
11.8 11.793689
11.2 11.189377
11.7 12.042246
11.5 12.008451
11.1 11.155875
11.1 11.087125
11.2 11.904195
12.1 12.333734
14.700326 14.575298
11.1 11.160172
11.8 11.934979
11.900001 11.740337
10.3 10.525955
12.299998 11.608989
12.899998 12.787775
11.1 11.221083
10.409804 10.821162
13.200015 12.338573
11.900001 11.88101
11.400001 11.432465
11.7 11.538843
13.500008 13.068839
11.599999 11.558773
11.5 11.581339
12.599997 12.150423
11.2 11.376018
11.599999 11.461937
11.2 11.436316
12.199999 12.314842
11.900001 11.614575
11.1 11.660497
11.2 11.47223
12.6934595 13.071152
10.1 10.357316
11.7 11.659241
12.953872 12.283208
13.02329 11.516747
11.599999 11.242041
11.900001 11.773249
10.165502 13.27459
11.101723 11.2462015
11.8 11.802883
11.7 12.073303
11.999998 12.089689
12.299998 12.118764
11.900001 11.869294
13.1 12.104023
12.199999 12.002564
11.45 11.459202
11.900001 11.883
11.400001 11.381233
11.7 11.675383
12.499997 11.316333
13.000009 11.267865
11.7 11.268897
10.8 11.294737
11.599999 11.641441
12.1 11.880866
11.7 11.6593485
11.2 11.248994
11.2 11.1693535
14.1 13.768633
12.199999 12.112295
10.622879 10.696763
11.7 11.668848
11.900001 11.489158
10.40103 10.505753
11.1 11.353263
11.3 11.161111
11.1 11.173049
11.2 11.203712
10.70206 10.88601
10.8 10.516859
12.869551 13.242694
11.999998 13.177843
11.999998 11.908644
13.399989 12.783744
10.122276 10.168881
11.1 11.134305
12.399998 12.551084
11.1 11.1677685
11.5 11.501647
11.230182 12.918422
11.599999 11.604244
11.1 11.18278
11.2 11.354477
11.5 11.526266
11.900001 11.871335
11.1 11.177828
11.1 11.187171
11.3 11.411357
12.399998 11.610947
11.999998 11.28228
11.1 11.148609
12.499997 12.516108
11.400001 11.529004
11.8 11.810331
11.7 11.79823
11.5 11.640442
11.8 12.063326
11.1 11.007363
11.900001 11.881505
10.1 10.955815
11.8 11.909825
11.7 11.618916
11.5 11.392689
11.900001 11.205595
12.399998 12.439492
11.599999 12.071284
11.3 11.321119
12.499997 11.829304
11.400001 11.4854765
11.79897 11.2773695
11.999998 11.813704
9.79897 10.282487
11.8 11.77535
11.5 11.615525
11.5 11.559569
11.5 11.451237
12.1 12.456446
10.40103 11.091908
11.7 11.48239
11.900001 11.903818
13.299971 12.806633
11.3 11.332251
11.400001 11.382212
11.2 11.219504
11.7 11.720075
11.7 11.579182
11.2 11.21402
12.799992 12.430584
11.3 11.360329
11.1 11.141406
11.7 11.707571
11.999998 11.551005
11.7 12.42569
13.899971 13.345861
12.399998 13.316072
10.887813 11.389765
11.900001 11.881932
10.608639 10.4249
12.299998 12.080557
13.236677 12.19809
9.79897 10.263607
11.5 11.439989
11.427902 11.000195
11.5 11.282371
10.4 10.623142
11.7 11.815072
11.2 11.234553
11.2 11.290935
11.5 11.49722
11.900001 11.89196
12.245694 11.872203
11.900001 11.908826
11.2 11.207785
11.900001 11.882382
11.1 11.364808
11.254902 11.474741
12.199999 11.987163
11.5 11.2280655
11.7 11.728392
11.618801 11.598572
11.999998 12.003617
11.5 11.533637
11.2 11.387493
11.400001 11.283096
12.199999 12.094451
11.2 11.435467
11.400001 11.377104
12.947712 12.839954
11.3 11.325642
11.599999 11.539241
12.599997 12.296426
11.7 11.859896
11.5 11.604019
11.2139435 11.098796
10.40103 10.478443
11.8 12.267786
11.2 11.741452
11.900001 11.885391
11.900001 11.807914
11.8 11.839173
11.1 11.833986
11.2 11.205953
11.7 11.687116
11.400001 11.45924
11.8 11.345255
11.599999 11.581619
9.79897 10.301669
11.1 11.123708
11.599999 11.427607
12.599997 11.775954
12.899998 13.054109
11.8 12.323517
12.622879 11.872195
11.599999 12.416788
11.7 12.273521
12.765546 12.129247
11.3 11.3117695
11.5 11.499329
11.900001 11.8826685
11.900001 11.963838
11.8 11.817304
10.40103 10.339574
11.8 11.822215
14.1 14.296867
11.900001 11.848476
11.999998 11.957031
11.2 11.264939
11.7 11.697133
11.7 11.720902
11.599999 11.268355
11.8 11.594169
11.5 11.583492
11.2 11.223656
11.487216 12.667134
11.1 11.18611
11.2 11.237219
11.900001 11.85141
11.3 11.52015
11.599999 11.535924
11.1 12.480799
11.2 11.164079
11.671865 11.759387
11.599999 11.649435
14.200179 14.669207
11.900001 12.141101
11.2 11.229806
11.999998 11.98212
14.901343 13.438958
11.900001 11.869345
11.5 11.494996
11.5 11.416998
11.599999 11.632115
10.1 10.389315
13.200015 12.95546
11.599999 11.582645
13.000009 13.363911
11.2 11.229393
11.508935 11.357697
11.8 12.145352
11.2 11.21844
11.7 11.513126
11.2 11.394176
11.3 11.360416
11.3 11.321824
11.400001 11.408401
11.1 11.172847
11.599999 11.592165
11.900001 11.844002
13.699981 13.46114
11.999998 12.271502
11.999998 12.049956
14.1 13.440644
11.2 11.18252
11.400001 11.482023
11.2 11.5955925
11.900001 11.948882
14.600313 12.149118
11.900001 11.171561
11.8 11.865248
11.1 10.645818
13.000009 13.014595
11.599999 11.824762
11.2 11.256089
12.199999 12.479647
11.8 11.654326
11.999998 12.583509
10.7 10.714136
11.3 11.365845
11.7 11.837669
11.1 11.481085
13.953872 13.118675
11.900001 11.909063
11.2 11.194194
13.200015 13.169202
10.581486 10.882618
11.599999 11.630927
12.499997 12.223264
11.2 11.186654
11.3 11.438901
10.4 10.498387
11.900001 11.969372
12.299998 12.12866
11.2 11.228282
11.1 11.674833
11.7 11.928394
10.1 12.193638
11.2 11.209006
12.300659 11.801228
11.1 11.132981
11.900001 12.395636
11.7 12.034143
12.399998 11.918515
11.400001 11.418676
11.3 11.260218
11.3 11.350324
12.399998 11.255753
11.2 11.240262
11.3 11.286081
12.499997 11.990208
11.5 11.565581
12.738272 11.1334915
11.3 11.317124
11.5 11.53925
11.2 11.168871
11.3 11.382706
11.400001 11.450877
11.2 11.197505
11.400001 11.377767
11.1 11.162463
11.999998 11.7517395
11.999998 12.459606
11.1 11.151627
11.8 11.293641
11.3 11.439854
11.7 12.193948
15.500117 14.639074
11.2 11.193802
10.40103 10.619022
11.599999 11.585651
11.599999 11.590982
11.1 11.202909
11.2 11.1988535
11.5 11.721804
11.999998 12.066589
11.2 11.20426
11.3 11.525816
11.8 11.826851
10.020819 10.26067
11.5 11.538029
10.1 10.490484
10.70206 10.624452
11.599999 11.407317
11.5 11.737888
11.1 11.146907
12.699998 11.533871
11.999998 11.80933
11.1 11.18428
11.3 11.195539
11.1 11.1483135
11.5 11.6776
13.000009 12.852112
11.8 11.8437395
11.1 11.137695
11.1 11.136922
11.5 11.491196
11.1 11.172814
10.40103 10.665825
11.900001 11.390245
11.3 11.44334
11.1 11.174243
11.5 11.485347
11.900001 11.700462
14.200179 13.93367
11.400001 11.357976
9.668636 9.971982
11.5 11.610424
11.1 11.140265
10.3 10.391122
11.7 11.69374
11.5 11.571692
11.5 11.573456
12.599997 12.49585
11.1 11.1662035
11.8 11.687117
11.8 11.870182
11.3 11.494385
11.2 11.227108
11.2 11.482103
11.1 11.155565
11.986056 12.36318
11.599999 11.728164
14.1 13.007466
11.307609 11.169104
11.999998 12.062499
11.5 11.487056
11.999998 11.8721
11.1 11.120298
11.0 10.728552
11.2 11.189087
13.078811 12.611048
11.3 11.370384
11.7 11.663194
11.2 11.2298765
11.7 11.280866
11.3 11.556841
10.5 10.351508
12.199999 12.204391
14.600313 14.357229
12.499997 12.350604
12.399998 12.824089
11.3 11.415782
11.2 11.195923
11.5 11.513395
11.2 11.217919
11.999998 11.82276
11.900001 11.909718
11.900001 11.865936
14.711015 11.80728
11.2 11.269722
11.2 11.366393
10.1 10.521126
11.2 11.223877
12.799992 12.321962
12.485103 11.236065
11.3 11.476717
11.400001 11.736438
11.2 11.195981
11.8 11.84828
11.400001 11.450598
14.06468 13.728654
11.1 11.1602955
12.597573 11.863377
11.2 9.548817
12.549999 14.390873
11.2 11.2410555
11.1 11.157074
11.8 11.795138
13.999974 14.1647415
12.1 12.035249
11.3 11.1957245
11.29382 10.723205
11.70206 12.355295
11.7 11.725352
11.8 11.923324
11.900001 12.033579
12.899998 12.592544
11.8 11.7927065
11.900001 11.987277
11.900001 11.430537
11.2 11.410136
13.1 12.65484
11.5 11.749671
11.3 11.28986
11.900001 11.892583
11.2 11.236048
11.3 11.266503
11.400001 11.398992
11.2 11.194192
10.1 10.306769
11.900001 11.8993
11.2 11.170154
12.299998 13.056966
11.1 11.164777
11.1 11.133398
11.2 11.224968
11.1 11.112371
12.6934595 13.176865
11.599999 12.307571
11.900001 11.8371725
11.7 11.471055
13.1 12.799496
11.999998 11.85047
11.7 11.709692
13.186186 13.279188
11.1 11.2106285
11.5 11.504271
11.3 11.273402
11.400001 11.561922
11.1 11.142466
11.2 11.2649
12.499997 11.738311
13.1 12.784777
11.599999 11.66729
14.555932 14.112929
13.299971 13.371077
11.2 11.182126
11.1 11.224076
11.900001 11.842708
10.1 10.291408
11.1 11.158666
12.699998 12.724908
11.2 11.180018
11.900001 11.870371
11.7 11.6986065
11.7 11.76222
11.5 11.568
13.000009 12.091171
11.7 11.883805
11.400001 11.474011
11.900001 12.352282
11.599999 11.659911
11.3 11.286673
11.2 10.987083
11.900001 11.890979
11.1 10.627562
12.599997 12.356812
11.900001 12.003686
11.900001 11.904101
12.117729 10.622647
11.3 11.289783
11.5 11.595827
10.8447275 10.612752
11.1 11.142187
13.200015 12.542728
11.1 11.167368
11.1 11.368928
12.399998 12.0656185
11.7 11.399441
10.1 10.407945
11.7 11.622093
11.1 11.07644
11.3 11.286145
11.1 11.478391
11.8 11.859575
11.1 11.131976
12.1 12.12967
11.2 11.163149
11.900001 11.942669
11.599999 11.529265
10.70206 10.646017
11.2 11.231239
13.418758 12.7099085
11.8 11.879205
14.359637 14.086808
11.2 11.250899
11.2 11.278459
11.5 11.4099045
11.2 11.2070875
12.199999 12.014385
11.2 11.195911
14.466532 14.300158
11.1 11.113618
12.1 12.808691
11.7 11.359049
11.2 11.306068
11.900001 11.513533
11.599999 11.3961
11.599999 11.45
11.5 11.54161
12.499997 11.998613
10.622879 10.65373
10.608639 10.553452
11.3 11.509063
11.7 11.282064
11.1 11.14257
11.999998 12.003306
11.900001 11.756835
12.399998 11.538035
11.3 11.541635
11.1 11.13859
11.2 11.301625
11.900001 11.8780155
11.2 11.190152
11.2 11.236415
12.499997 12.377636
11.2 11.222524
11.8 11.529775
11.599999 11.740867
11.2 11.175353
11.2 11.291505
11.999998 11.870081
10.2 10.445329
11.999998 11.409951
11.7 11.719849
10.40103 10.892564
11.2 11.177008
11.5 11.609894
11.2 11.578505
10.622879 10.699817
11.2 11.300201
14.43626 12.024485
11.900001 11.88771
11.599999 11.768487
14.29382 14.219446
11.8 11.776733
11.2 11.249251
12.953872 12.797672
11.599999 11.613671
11.1 11.151222
11.2 11.213416
11.3 11.266434
11.599999 11.522055
11.999998 11.99083
11.900001 11.87609
11.999998 12.127525
11.2 11.282575
14.1 14.167742
10.2 10.550054
11.3 11.258288
11.400001 11.850596
12.399998 12.400616
12.299998 12.374901
12.699998 11.636233
11.2 11.169812
11.3 11.569338
11.5 11.506674
11.2 11.193213
11.400001 12.033417
11.900001 11.880332
15.108774 12.879703
11.599999 12.119205
13.299971 13.220833
12.599997 12.480869
12.499997 12.30403
11.2 11.362153
12.40103 11.884138
11.1 11.56833
11.900001 11.881961
11.267491 11.8393955
13.399989 13.736294
11.2 11.661974
10.7 10.728209
11.5 11.7180395
11.1 11.163402
12.199999 12.075588
11.7 11.356013
10.70206 10.735568
11.7 10.964519
12.199999 11.729519
11.3 11.366378
11.7 11.732572
11.2 11.2008
12.1 11.47339
11.7 11.660975
11.999998 11.977702
11.400001 11.435717
10.450574 10.5991125
12.699998 12.491531
11.3 11.233678
11.3 11.28915
11.5 11.531957
12.499997 12.452298
11.5 11.83822
11.400001 12.251535
13.29382 13.072464
15.1 14.309156
11.400001 11.377201
11.5 11.439279
11.3 11.536578
12.1 12.884346
11.900001 11.738108
11.999998 12.062685
11.261151 11.57356
11.2 11.219287
12.429754 12.315877
11.7 11.740591
13.899971 13.708069
11.999998 11.907371
11.599999 11.586491
13.000009 13.045156
11.1 11.180473
12.404044 12.69508
11.2 11.203062
11.8 11.537115
10.1 10.20007
11.5 11.579123
11.3 11.405375
11.5 11.310304
11.400001 11.481056
12.499997 12.955332
11.5 11.549705
11.2 11.28368
11.900001 11.896636
11.900001 11.888231
11.136212 11.152218
13.699981 12.405352
11.1 11.222479
11.400001 11.444248
11.7 12.28466
12.199999 12.135014
14.600313 14.30074
11.3 11.509405
11.8 11.30753
11.5 11.403537
11.7 11.7013855
11.400001 11.523385
11.3 11.525683
11.5 11.6296215
11.3 11.291303
15.1 13.593761
11.2 11.251956
12.499997 12.424013
12.599997 12.493636
11.8 11.416433
11.1 11.1634035
11.343923 11.462465
11.599999 11.48529
11.1 11.178979
12.531798 10.621387
11.2 11.268064
11.5 11.4536705
11.3 11.323634
11.5 11.376572
12.699998 12.464648
12.267491 12.442365
13.1 12.716397
11.900001 11.880652
10.622879 10.671011
11.2 11.174396
11.1 11.151281
11.8 11.42653
11.8 11.436881
11.400001 11.307057
12.599997 11.613332
11.7 11.317431
11.7 11.452137
11.230576 11.209106
11.2 11.369598
11.5 11.661929
11.7 11.231322
12.299998 12.088211
11.900001 11.857653
12.287653 12.482737
11.400001 11.392044
11.1 11.139463
11.2 11.214432
14.600313 13.842713
11.2 11.240426
11.2 11.227143
11.3 11.391685
11.7 11.388062
10.622879 11.143793
12.699998 11.670241
11.8 11.5710535
12.599997 12.216312
11.900001 11.938339
11.1 11.181618
14.40103 14.0458145
11.8 12.053924
11.400001 11.389264
10.8 10.957232
11.2 11.183971
11.5 12.644028
11.2 11.198204
13.399989 12.596158
9.79897 10.027157
11.900001 11.849184
11.2 11.31703
12.599997 11.708231
11.999998 11.783504
11.8 11.231495
11.1 11.127947
10.923909 10.366508
11.1 11.225805
11.89588 11.203363
11.3 11.46647
11.3 11.495414
13.719789 13.425583
11.1 10.804282
11.8 11.760336
13.000009 12.909189
11.900001 12.024987
11.1 11.12971
11.2 11.380635
11.3 11.315386
11.3 11.347747
12.799992 12.311581
12.199999 12.325399
10.3 10.479348
11.8 11.795266
11.400001 11.536941
11.5 11.475617
10.418758 11.381956
11.2 11.246682
11.3 11.2466545
11.400001 11.180683
11.599999 11.684405
11.900001 11.633273
11.5 11.556983
11.1 11.137918
10.622879 10.675187
11.3 11.308813
12.446788 12.062377
11.999998 13.103023
11.058607 10.387932
11.8447275 11.92573
11.1 11.146839
11.7 11.695371
11.1 11.178298
11.900001 11.928491
11.900001 11.899637
12.599997 12.204815
11.3 11.284994
11.2 11.323062
11.900001 11.901889
11.4 11.530394
11.2 11.178532
12.1 12.510289
11.1 11.133755
10.6934595 10.868863
11.8 12.7066555
11.8 11.498374
12.699998 12.209596
11.599999 11.842364
11.2 11.20599
11.7 11.968365
13.1 12.68816
12.499997 13.625706
10.40103 10.914562
12.899998 12.995508
10.210698 10.331586
11.599999 11.333597
11.900001 11.90534
11.2 11.209871
12.399998 11.168472
11.2 11.190661
11.605162 11.209986
11.900001 11.915049
11.900001 11.340106
11.900001 11.852514
12.584126 11.815934
13.999974 12.7592125
11.7 11.733797
11.400001 12.173187
11.1 11.2712345
13.399989 12.207641
12.899998 12.743998
11.8 11.909759
11.599999 12.167135
11.2 11.294574
11.400001 11.4383745
11.900001 11.909638
11.1 11.14326
11.1 11.177994
11.8 11.978625
12.314671 11.436488
13.500008 12.42761
11.1 11.1600485
11.8 11.7919035
11.7 12.016447
11.2 11.169447
11.2 11.182841
11.599999 11.613892
11.400001 11.998345
11.900001 11.903491
11.999998 12.054666
10.6 10.508946
13.40103 10.757213
14.870304 13.952973
11.460513 11.078125
11.2 11.246933
11.3 11.567497
11.7 11.743555
11.2 11.224507
13.500008 13.136705
11.1 11.20156
14.869551 14.2100315
12.299998 11.305735
11.3 11.277673
11.2 11.207754
11.3 11.767323
11.3 11.261293
11.999998 11.938679
11.3 11.365293
11.2 11.264123
13.000009 12.771461
11.7 11.789785
11.999998 11.334043
11.8 11.909448
12.399998 12.354341
12.699998 12.154941
11.1 11.146275
12.505608 12.71562
12.499997 12.381183
12.399998 11.870544
11.5 11.501684
12.1 11.675138
12.520216 12.703014
14.200179 13.969019
10.2 10.627823
11.8 11.762345
10.1 10.237333
11.2 11.297842
11.1 11.1416025
13.600039 11.766
11.400001 11.239832
12.199999 11.987428
11.900001 11.944007
10.1 10.572601
11.900001 11.853042
11.1 11.161705
11.999998 11.375433
11.400001 11.313805
11.5 11.418835
15.200179 14.954945
11.3 11.574997
12.299998 12.110377
11.1 11.155336
11.2 11.213028
11.599999 11.83243
11.900001 11.87258
11.2 11.383749
11.8 11.790508
11.900001 11.2042465
10.3 10.404702
11.3 11.2807045
11.900001 11.777745
13.200015 12.5713215
12.899998 12.936171
11.999998 12.002161
11.1 11.145319
11.3 11.350371
12.359637 12.261187
12.299998 12.174794
11.400001 11.346692
11.400001 11.610179
10.1 10.486872
11.8 11.820713
11.8 11.883764
11.3 11.537411
11.8 11.875246
12.299998 12.084454
11.1 12.509138
11.599999 11.552925
11.999998 12.61028
11.400001 11.461486
11.3 11.370325
11.8 11.690844
12.399998 12.10561
11.3 11.327893
11.900001 12.029046
11.1 11.138962
11.2 11.311703
11.900001 11.51179
11.1 11.185136
11.2 11.348751
11.2 11.359457
11.3 11.562029
11.8 11.725529
11.2 11.246041
11.2 11.192833
13.699981 13.500458
11.599999 11.715253
11.3 11.30421
11.1 11.168426
11.5 11.6655035
11.3 11.306833
11.5 11.52565
11.999998 12.016813
9.947712 10.095831
11.8 11.800384
11.8 11.825357
11.1 11.171083
11.5 11.488695
11.1 11.1629
12.799992 12.494843
11.7 11.705629
11.7 11.974817
11.900001 11.900425
11.599999 11.613544
11.8 12.09745
10.622879 11.049365
11.400001 11.442489
11.7 11.689016
11.7 11.711572
11.8 12.034533
10.8 10.647743
14.400163 13.241796
11.2 11.225109
11.2 11.225717
11.3 11.727043
14.500117 14.630808
11.1 11.1879425
12.599997 12.216363
13.999974 13.317183
11.3 11.427197
11.8 11.888413
11.3 11.231284
11.1 11.14719
11.3 11.320216
11.1 11.167927
11.5 12.027325
11.8 11.817301
11.599999 11.704555
11.1 11.139179
11.2 11.465917
11.900001 12.289131
11.1 11.214168
10.622879 10.885795
11.2 11.214725
11.1 11.133077
11.7 11.887443
11.1 11.807089
11.900001 11.890875
12.699998 12.032848
11.5 11.526084
11.8 11.760374
11.1 11.153825
11.400001 11.367004
12.499997 11.671973
11.1 10.880153
11.381498 12.998529
12.499997 12.348679
13.249993 12.446411
11.8 11.836938
11.900001 11.888559
12.799992 12.737905
11.599999 11.689322
11.5 11.667934
9.79897 10.2504
11.3 11.348193
11.3 11.371884
12.899998 13.046305
11.1 11.200685
10.1 10.124976
11.456548 11.889711
11.1 11.591434
10.1 10.336902
11.900001 11.906725
11.2 11.208351
11.7 11.914896
12.199999 11.487746
11.3 11.353099
11.3 11.326174
11.2 11.17876
11.5 11.571232
11.2 11.173078
11.2 11.3666935
11.900001 11.90334
11.5 11.67818
11.8 11.215219
13.899971 13.470373
10.3 10.470023
12.599997 11.997412
11.400001 11.370088
14.200179 14.066177
11.2 11.204616
11.900001 11.856499
11.2 11.264631
15.200179 15.262368
12.399998 13.021626
11.2 11.2424965
11.1 11.119932
11.599999 11.648108
11.999998 11.9677
11.1 11.142923
11.7 11.817511
11.2 11.225015
11.020819 11.451496
11.599999 11.791789
11.2 11.216364
11.5 11.485967
13.122276 13.011009
11.900001 11.625749
11.2 11.278384
11.3 11.447465
11.2139435 11.652449
11.999998 11.992086
13.000009 11.917274
11.900001 11.694852
11.2 11.257928
11.900001 11.656639
11.5 11.193663
11.400001 11.39612
11.900001 11.971636
11.2 11.195678
11.2 11.191386
14.321849 13.390888
11.900001 11.903396
11.7 11.640621
12.1 11.408478
11.900001 11.848518
12.821246 12.19143
11.2 11.246701
11.685027 11.844053
11.1 11.145938
13.500008 13.60989
13.1 12.76199
11.2 11.216957
11.7 11.689216
11.2 11.209581
12.299998 12.1885805
12.499997 12.331477
11.599999 11.612283
11.999998 11.182598
12.899998 11.915983
12.359637 12.153358
11.2 11.169722
11.900001 11.855232
14.79897 14.229441
10.40103 10.511669
11.2 11.2285385
11.7 11.722852
12.555932 12.536891
11.2 11.209158
11.2 11.173157
11.3 11.340456
13.699981 11.480265
11.999998 12.146311
11.1 11.163173
11.1 11.481365
12.299998 11.866828
11.7 11.720961
12.899998 12.912979
11.599999 11.8180895
10.1 10.517388
11.400001 11.360234
11.3 11.233194
11.900001 11.876033
11.1 11.12915
9.49794 10.148898
11.900001 11.842336
13.899971 12.7021675
11.900001 11.177158
11.2 11.354264
11.5 11.495804
12.699998 11.462125
12.499997 12.247648
11.8 12.05828
12.1 11.522755
11.3 11.360295
11.1 11.174073
11.400001 11.32672
11.1 11.137789
11.400001 11.451561
13.399989 12.76178
11.1 11.062454
12.399998 12.815028
11.900001 11.902284
14.254902 14.26309
11.999998 11.882555
12.899998 12.831499
11.1 11.461654
11.3 11.366705
12.453596 12.24936
11.599999 12.157948
9.79897 10.027608
11.5 11.461932
15.600313 15.222182
13.500008 13.067848
11.8 11.965205
11.1 11.149464
10.40103 11.051075
11.1 11.16147
12.599997 12.160434
13.200015 12.144038
11.1 11.154568
13.000009 13.466942
11.2 11.247584
10.40103 10.463355
11.8 11.837401
11.2 11.17546
12.1 11.384361
10.1 10.313122
11.8 11.815426
11.5 11.601882
10.70206 10.714538
11.999998 11.587026
12.120452 12.561899
11.2 11.196876
11.2 11.230487
11.1 11.15449
11.900001 12.071996
11.400001 11.395104
11.5 11.4304905
11.599999 11.705149
11.2 11.19966
11.1 11.55645
11.7 11.705896
11.7 11.787974
11.5 11.380016
11.1 11.242955
13.392429 11.883558
11.1 11.17253
12.399998 12.554392
11.2 11.316195
11.1 11.240414
11.2 11.699859
11.7 11.7251
10.690574 10.666796
11.900001 11.906816
11.349999 11.579425
12.899998 12.74695
12.1 12.186785
11.745892 11.49979
10.8 11.03103
11.1 10.969558
12.637602 12.027271
11.900001 11.69266
11.5 11.593144
12.499997 11.996886
11.3 11.318275
11.900001 11.6899
12.799992 12.376118
11.900001 11.933037
12.899998 13.243408
11.400001 12.2377615
12.699998 11.834947
12.899998 12.426782
14.1 13.826818
11.8 11.886225
11.599999 11.325011
14.40103 14.091657
11.900001 11.913318
11.8 11.815075
13.000009 13.421855
11.1 11.157164
11.900001 11.888029
11.555932 11.130189
11.2 11.258817
11.599999 11.509978
11.2 11.174061
11.400001 11.683034
11.2 11.729868
11.3 11.281021
11.5 11.515374
12.499997 12.079119
11.900001 11.7734585
11.5 11.695709
11.900001 11.944913
11.49794 11.472773
11.1 11.158446
11.1 11.152342
11.900001 11.978995
10.49794 10.558373
11.2 11.1781225
10.1 10.300344
13.000009 11.469105
11.2 11.179405
11.5 12.262483
11.3 11.219607
11.2 11.283006
11.999998 11.907989
11.3 11.348783
12.599997 12.578661
11.8 11.757931
11.3 11.331329
11.900001 11.890804
14.700326 13.884462
11.3 11.247613
11.7 11.680086
12.199999 12.078947
11.400001 11.26146
11.2 11.253679
11.7 11.807037
11.900001 11.820669
11.999998 12.589039
11.1 11.128053
11.2 11.268458
13.511954 13.102707
11.8 11.954406
11.5 11.454946
11.999998 11.872825
11.1 11.966298
11.400001 11.456215
11.999998 11.987021
11.2 11.246397
12.499997 12.312351
10.4 10.708859
11.599999 11.676872
11.7 11.625443
12.499997 12.4271345
12.199999 11.797652
11.637602 11.89868
12.601689 12.553366
11.8 11.82883
11.3 11.73073
14.1 12.607211
11.1 11.066972
11.1 11.190286
11.900001 11.883452
11.8 11.705026
11.5 11.466
11.5 11.543883
11.3 11.332327
11.1 10.942486
10.719789 10.578157
11.1 11.159471
11.2 11.167856
11.5 11.8864565
11.5 11.571044
11.400001 11.473192
11.900001 11.871576
12.639102 13.078288
12.1 11.879202
11.1 11.133692
11.400001 11.444863
11.900001 12.014777
11.8 11.870773
13.1 13.100567
11.1 11.353529
13.1 13.034499
11.5 11.56792
11.1 11.136969
11.3 11.300548
11.8 11.953129
11.8 11.552843
11.3 11.769638
11.8 11.817595
12.199999 12.037753
11.999998 12.081752
11.3 11.338982
11.5 11.480536
11.2 11.181074
11.5 12.034625
10.40103 10.431095
10.186186 10.24821
10.8 10.650501
11.56133 11.935577
11.1 11.141493
11.2 11.239128
11.999998 12.04958
11.5 11.605753
11.1 11.118958
11.1 12.791435
11.5 11.457561
11.3 11.302575
10.738272 10.143727
11.7 11.632092
11.5 11.594896
11.400001 11.441478
13.1 11.69746
11.900001 11.761366
11.1 11.263975
11.599999 11.592095
11.8 11.818395
13.699981 13.552185
12.1 12.686921
11.3 11.296899
13.128426 13.138599
14.49794 13.181071
11.999998 11.3390255
11.599999 12.754963
11.5 11.603902
10.6 10.479128
15.1 13.875419
12.499997 11.589532
11.5 11.589738
11.1 11.145518
11.8 11.43893
11.900001 11.881699
11.1 11.166213
11.1 11.169154
11.1 11.155222
11.2 11.3080635
11.2 11.207642
11.2 11.203792
12.399998 11.441654
10.40103 10.595059
11.5 11.466231
11.2 11.27701
13.200015 13.084775
11.1 11.197299
11.8 11.852201
11.2 11.249059
12.399998 13.315665
10.5 10.64996
11.900001 11.536744
11.8 11.879202
13.49794 11.363351
13.299971 11.317326
13.8409815 14.554969
11.2 11.241575
11.5 11.472284
12.199999 11.742539
11.900001 11.933699
13.600039 11.730654
11.3 11.324435
11.900001 11.902634
11.660667 11.713236
11.70206 11.535068
10.9 10.852159
11.1 11.207113
14.200179 12.6646595
11.2 11.238656
11.400001 11.599718
11.5 11.47793
10.2 10.518956
11.599999 11.908496
11.5 11.517179
11.900001 11.922179
11.900001 11.9040985
11.997942 11.6741495
11.5 11.4657755
10.40103 10.381258
11.3 11.370334
11.2 11.197679
11.999998 12.094554
11.900001 11.8742895
11.599999 11.479082
12.399998 12.341386
11.2 11.198943
11.1 11.140808
11.400001 11.408483
9.1 10.285488
11.400001 11.403339
11.400001 11.289906
14.200179 13.41408
12.499997 12.276682
10.70206 11.087677
11.7 11.742345
11.849999 12.348204
11.1 11.143916
11.5 11.565997
11.5 11.635937
11.999998 11.959823
11.1 11.218748
10.1 10.236124
11.3 11.435925
11.1 10.98462
11.900001 11.907162
11.5 11.613061
11.2 11.188099
11.900001 11.879721
11.599999 11.586499
11.3 11.306098
11.599999 11.36194
11.2 11.190398
11.2 11.263306
11.400001 11.738053
12.26877 12.709833
11.2 11.420184
11.2 11.259961
11.3 11.319102
11.5 11.5146885
14.1 13.776303
11.2 11.221772
11.7 11.679558
10.70206 10.730815
11.5 11.3713
11.622879 11.747314
11.1 11.079765
11.900001 11.921826
11.599999 11.6218405
13.399989 13.034496
11.5 11.485135
11.900001 11.683561
12.1 12.001322
13.999974 12.718983
9.79897 10.121278
11.2 11.176389
13.1 12.7043915
9.66703 10.080936
11.999998 11.919388
12.399998 12.622788
11.7 12.069582
11.599999 11.941159
11.5 11.989937
11.5 11.5260725
11.400001 11.401378
11.7 12.367423
11.400001 11.4665165
11.2 11.684885
10.70206 10.539311
10.2 10.385931
12.199999 12.09511
11.900001 11.874382
12.499997 12.108181
11.8 11.830774
11.3 11.831467
11.5 11.494864
12.298596 12.079066
11.7 11.730176
11.7 11.685617
10.622879 10.631916
11.599999 11.738909
11.599999 11.447732
11.900001 11.9714155
11.1 11.417781
11.3 11.436035
11.900001 11.888061
11.2 11.250909
11.8 11.820842
11.7 11.664429
12.799992 11.55182
11.900001 11.887838
11.3 11.312479
11.1 10.971973
10.3 10.526108
12.1 12.119626
12.1 12.040617
11.400001 11.430558
11.2 11.99542
11.3 11.354107
11.2 11.18797
10.1 10.396034
11.7 11.8257885
12.199999 12.170823
12.399998 12.065421
12.761543 12.392016
11.3 11.219771
11.900001 12.036702
11.3 11.166444
11.5 11.301991
11.8 11.808004
11.2 11.1979
11.3 11.281297
13.8447275 12.491467
11.900001 12.341764
11.79897 11.910222
12.70206 12.579692
11.3 11.243529
12.599997 11.642629
11.999998 12.5659485
11.1 11.132662
10.49794 10.489182
11.1 11.086454
12.199999 12.277775
10.49794 10.244938
11.3 11.588873
11.1 11.1633625
11.8 12.304601
11.2 11.244073
11.599999 11.58915
11.999998 11.962073
11.999998 12.538838
11.3 11.327871
12.986056 13.630909
9.70206 10.021608
11.7 11.786394
11.3 11.2090645
13.145758 11.704658
11.2 11.193179
11.2 11.19042
11.400001 11.248991
11.2 11.2021885
11.900001 11.880885
11.1 11.146851
11.2 11.241163
11.1 11.145135
11.7 11.751108
11.8 12.439315
13.500008 13.337937
13.4372425 13.219496
11.999998 11.80321
11.5 12.197169
11.5 11.450599
11.5 11.617724
12.399998 12.451491
11.1 11.214828
11.8 11.835987
10.8 10.64011
11.5 11.42718
11.1 11.114302
11.3 11.515026
11.900001 11.503576
12.199999 11.95965
12.899998 12.366154
11.2 11.180514
13.600039 13.239065
12.899998 12.879206
11.3 11.337255
11.599999 11.543193
11.1 11.139401
11.1 11.170116
11.2 11.609533
11.8 11.547689
11.900001 12.021691
11.2 11.193349
11.2 11.347507
12.499997 12.402478
12.399998 11.975857
11.599999 12.95219
11.2 11.438356
11.400001 11.7215395
11.1 11.15272
13.899971 14.275663
12.399998 11.735134
9.79897 10.029811
12.1 11.762571
11.8 11.577606
11.2 11.155626
12.299998 12.283707
12.199999 11.577217
11.3 11.540871
11.2 11.408429
11.400001 11.372876
12.299998 11.950808
11.923909 11.9377365
11.7 11.873094
11.8 11.789286
11.49794 10.391773
11.999998 11.932568
11.938632 11.956449
10.70206 10.716982
13.500008 13.077742
11.400001 11.869214
12.622879 12.847795
11.5 11.5035
11.5 11.652233
11.599999 11.708366
11.1 11.252065
11.2 11.240969
11.2 11.183228
11.599999 11.545302
10.427902 10.65092
13.899971 13.693378
10.6 10.49083
11.40103 11.063164
11.1 10.803509
11.999998 11.851093
14.200179 12.155112
14.200179 14.217863
13.600039 13.821367
11.1 11.13403
11.8 11.712793
11.999998 12.133987
14.79897 14.223108
11.2 11.238835
11.5 11.964653
11.400001 11.330111
13.999974 12.430152
11.5 11.515857
11.3 11.297634
11.8 11.791778
11.738272 11.423195
11.2 11.567386
12.699998 13.311808
11.3 11.296041
11.2 11.183731
12.699998 11.797159
11.1 11.703604
11.2 11.447028
11.5 11.690233
12.299998 13.004847
11.1 11.160782
11.3 11.266985
11.1 10.508155
11.2 11.218123
11.999998 11.929489
11.900001 11.908738
14.901343 13.133291
11.900001 11.866506
11.8 11.637161
11.1 10.7643385
10.70206 10.706419
11.400001 11.404078
12.599997 12.662283
11.400001 11.227232
10.6 10.582901
12.399998 11.60574
11.999998 12.016964
15.262569 15.018752
11.7 11.706185
11.400001 11.389055
11.3 11.43302
11.5 11.472871
13.165502 12.87713
11.999998 12.374632
11.900001 11.908118
11.2 11.234185
11.900001 11.944874
11.1 11.132241
11.2 11.346452
13.699981 13.382519
11.900001 11.893317
11.999998 11.96907
13.800057 12.843032
11.8 11.7870655
11.400001 11.430018
11.3 11.324615
11.999998 12.009183
11.900001 11.9037075
10.9 10.664624
11.900001 11.898086
11.1 11.2203
10.2 10.560968
11.1 11.133172
11.7 11.970685
11.900001 11.887098
11.1 11.1400175
11.816699 12.309662
11.2 11.186191
11.1 11.148045
11.2 11.177614
12.799992 12.979855
13.999974 13.643306
11.1 11.145861
10.2 10.37107
11.5 11.52609
11.2 11.279357
13.600039 13.831703
14.1 12.902206
11.599999 11.561441
11.3 11.290938
9.79897 10.0366
11.1 11.437201
11.5 11.539241
11.8 12.433153
11.8 11.754447
10.321849 10.2560625
11.3 11.228284
11.1 11.829294
11.1 11.16618
12.499997 12.446267
11.2 11.18781
11.999998 11.951345
13.899971 12.543454
11.1 11.024543
11.2 11.232494
11.999998 11.943527
11.7 11.776636
12.199999 11.967544
12.399998 11.708468
11.400001 11.492457
12.199999 12.018122
11.8 11.855289
12.499997 12.306915
11.8 11.846471
11.900001 11.989733
11.599999 11.421539
11.2 11.801529
11.7 11.872293
12.199999 11.646171
11.1 11.171192
9.79897 10.007152
11.7 11.665316
10.1 10.453465
11.2 11.228229
12.1 11.477575
11.1 11.121143
11.2 11.294293
11.2 11.154807
12.499997 12.768633
11.7 12.183121
11.999998 11.962358
11.1 11.172478
11.3 11.28154
11.7 11.225845
11.5 12.093811
11.2 11.219673
12.399998 11.878095
10.1 10.372619
11.1 11.144053
11.599999 11.490873
12.599997 12.488914
10.6 10.525448
11.999998 11.930982
11.599999 11.561997
11.900001 12.00034
11.8 11.845996
11.599999 11.588711
11.5 11.594292
11.400001 11.516653
11.900001 11.911169
13.500008 13.471626
11.900001 11.885046
11.999998 11.971818
11.2 11.285724
11.79897 11.396244
11.1 11.198608
11.400001 11.433212
11.2 11.214419
10.6 10.52566
11.1 11.137094
11.3 11.338089
11.900001 12.010077
12.199999 12.158335
12.899998 12.300116
14.180399 14.05364
11.900001 11.656365
11.8 12.193963
11.900001 11.578383
11.900001 11.66538
11.1 11.516152
11.599999 11.546611
11.1 11.218006
11.5 11.558908
12.767562 12.447111
12.399998 12.152457
12.199999 11.770397
11.3 11.583326
11.900001 11.905371
12.299998 11.673707
11.351037 11.503489
13.999974 13.503513
11.2 11.178868
11.1 11.12849
11.599999 12.226044
11.3 11.263211
12.017215 12.311157
11.900001 11.890646
11.5 11.537145
12.1 12.153194
11.2 11.247471
12.986056 12.853306
11.1 11.179165
11.3 11.254242
11.5 11.508893
11.1 11.137665
11.7 11.70831
11.2 11.370612
11.400001 11.397419
11.2 11.226706
11.2 11.445811
11.1 11.163706
11.5 11.41959
12.1 12.52979
11.2 11.201855
12.899998 12.659044
10.6 10.523315
12.399998 12.057371
11.2 11.248862
15.1 13.633873
10.9 10.504177
11.900001 11.92016
11.3 11.362423
11.7 11.737
11.400001 11.425441
11.7 11.534873
11.3 11.562017
12.699998 13.373699
14.29897 14.008464
12.1 11.896109
11.1 11.129431
11.7 11.515031
11.999998 13.402956
11.599999 11.56407
11.900001 11.896742
11.900001 11.777195
11.900001 12.106877
12.1 12.879003
14.1 13.476868
11.1 11.150841
11.900001 11.882646
11.8 11.285239
13.364454 11.911797
11.599999 11.370626
11.2 11.179661
11.2 11.198117
11.1 11.064263
11.5 11.525146
11.599999 11.517573
11.400001 11.409385
13.800057 13.51632
11.400001 11.469741
11.2 11.228366
11.900001 12.588032
11.2 11.238828
11.900001 11.77908
12.1 11.268541
11.999998 11.9517975
11.900001 11.985311
11.267491 11.834686
12.757577 13.1824
11.900001 11.962739
11.900001 11.919382
11.2 11.521226
11.1 11.14525
11.900001 11.879788
11.2 11.516715
11.999998 12.098356
11.3 11.367012
11.383997 12.103664
11.900001 11.948101
11.40103 10.730651
11.5 11.357299
11.1 11.189248
11.5 11.970273
11.3 11.59378
11.950048 13.014127
11.599999 11.638148
11.3 11.3418
11.5 11.4609995
11.2 11.259198
12.300659 12.345568
11.3 11.317062
12.699998 12.085655
12.699998 12.026612
11.7 11.730265
11.7 11.690279
11.2 11.193661
10.1 10.455653
11.400001 11.392166
11.59621 12.014887
11.400001 11.548939
11.8 11.778085
11.1 11.148186
14.113489 13.873051
12.794648 11.857139
11.2 11.263999
11.900001 11.843046
11.777781 11.591821
11.7 11.365145
11.999998 11.893653
11.900001 11.8780155
11.1 11.145984
11.900001 11.672851
11.400001 11.308333
14.400163 13.988524
11.2 11.686152
13.000009 13.471929
11.900001 11.863051
13.427902 13.04238
11.900001 11.881764
11.400001 11.320846
12.899998 12.306267
13.1 12.847283
11.2 11.413846
14.1 13.955732
11.3 11.159037
11.900001 11.874937
11.5 11.700062
10.70206 10.721526
11.3 11.311459
12.599997 12.839262
11.900001 11.696763
10.4 10.576863
10.8 10.924661
11.900001 11.904797
11.2 11.305856
11.1 11.217455
13.200015 12.179296
11.2 11.228837
11.999998 11.728016
11.3 11.58719
11.2 11.194829
11.1 11.285238
11.3 11.330012
11.5 11.670747
11.7 11.673572
11.900001 11.857119
11.8 11.534028
11.2 11.2397
12.299998 11.935004
12.499997 11.558152
11.8 11.877239
11.2 11.227894
11.2 11.288246
11.900001 11.728427
10.622879 10.722361
11.900001 11.730785
11.2 11.235273
11.8 11.85619
11.8 11.595954
11.3 11.291308
11.7 11.257426
11.8 12.707721
11.2 11.281124
11.5 11.431536
10.1 10.331832
13.000009 12.733427
11.2 11.322136
13.999974 13.280584
11.900001 11.906767
12.199999 12.552567
11.3 11.469751
11.8 11.844796
11.2 11.227927
11.3 11.459285
13.1 12.990286
11.3 11.318714
12.1 11.32317
11.499027 11.820764
11.2 11.217903
11.599999 11.590664
11.1 11.1618805
12.199999 11.529307
11.2 11.233695
11.999998 11.932825
11.2 10.970875
11.1 11.182898
11.5 13.035648
14.200179 13.198151
11.1 11.383492
11.599999 11.643485
11.999998 11.940559
14.1 14.345611
12.299998 11.712639
11.7 11.697227
12.699998 12.240749
11.8 11.957943
13.000009 11.75085
11.55 11.518255
11.1 11.153982
11.1 11.16846
11.400001 11.361252
12.1 11.701308
11.900001 11.786661
11.599999 11.699031
11.2 11.255601
11.1 11.432925
11.1 11.718226
11.599999 12.200177
12.599997 11.347547
10.555932 10.454616
11.1 11.278519
11.5 11.464015
11.5 11.585085
12.399998 12.41871
11.999998 12.018596
13.500008 13.468203
11.599999 11.591344
14.700326 13.803166
13.999974 13.462031
11.7 11.611723
11.2 11.275898
11.900001 11.878469
14.329148 14.18898
11.3 11.447876
11.7 11.63479
10.9 10.995172
11.900001 11.88625
11.1 11.110227
11.1 11.234391
11.25 11.323496
14.400163 13.2992325
11.2 11.200558
11.2 11.250916
11.7 11.701271
11.599999 11.645521
11.1755495 11.238685
12.599997 12.463444
12.199999 12.065204
11.2 11.182198
11.599999 11.671678
11.599999 11.618823
11.8 11.370321
11.599999 11.584993
11.3 11.580486
10.70206 13.016899
11.400001 11.43492
11.1 11.176799
11.5 11.486959
12.1 12.18665
11.7 14.073483
11.1 11.003012
11.2 11.255495
12.2870865 12.2392
12.799992 12.292522
11.2 11.242706
11.400001 11.417081
12.1 12.501429
11.999998 11.851698
11.1 11.135797
11.900001 11.846482
11.2 11.504226
11.3 11.378741
11.999998 11.97719
11.2 11.357388
11.900001 11.896181
11.1 11.243585
13.307609 12.989866
11.1 11.279985
11.2 11.219343
11.3 11.294754
11.400001 11.309502
12.899998 12.762721
11.1 11.121503
11.351812 11.163971
11.5 11.597238
11.900001 11.901676
11.2 11.178116
12.40103 11.377357
11.8 11.883292
12.799992 12.35714
11.5 11.624051
11.1 11.664134
11.2 11.337241
11.2 11.405113
11.7 11.779099
11.5 11.347242
12.020819 11.900867
12.199999 12.303121
14.1 12.718447
11.2 11.217641
11.8 11.84567
11.400001 11.44286
10.622879 11.442812
11.2 11.185099
11.8 11.839264
11.2 11.259208
11.999998 11.958851
11.1 11.753833
11.400001 11.339497
11.5 11.491819
11.400001 11.442504
13.000009 12.808928
11.900001 11.911476
11.2 11.184769
11.1 11.226966
12.799992 11.791604
11.3 11.252798
12.599997 13.35859
11.900001 11.915385
14.79897 11.752627
11.900001 11.708778
10.1 10.293199
12.699998 12.729498
11.999998 12.095828
11.622879 10.633591
11.900001 11.889027
11.2 11.223136
11.2 11.21741
11.2 11.198674
12.799992 11.934089
11.900001 11.840996
11.3 11.215708
11.2 11.23533
11.2 11.209955
11.5 11.543523
10.652842 10.669928
11.5 11.508845
11.5 11.484698
11.3 11.355103
11.3 11.434777
11.900001 11.97044
11.1 11.1334095
11.599999 11.512826
11.1 10.500232
11.2 11.211848
11.3 11.250219
14.299971 13.8955145
11.1 11.209386
11.999998 12.038759
11.2 11.199647
13.1 12.780933
11.999998 11.800427
11.999998 11.935535
10.622879 14.294896
10.70206 10.68816
11.5 11.707815
11.1 11.097042
11.3 11.300187
11.8 11.782435
11.900001 11.490722
12.810108 12.669964
11.8 11.350851
11.900001 11.887289
11.3 11.299867
11.1 11.225132
11.8 11.832239
13.699981 12.590016
12.499997 11.740313
11.175721 11.216769
11.999998 11.538668
11.8 11.754953
11.2 11.18241
11.1 11.260953
11.3 11.466767
12.599997 13.040756
11.1 11.202765
11.5 11.53744
10.1 10.328266
10.4 10.284921
11.3 11.30612
14.500117 14.189951
11.7 11.630021
11.400001 11.708389
11.5 11.611449
11.999998 11.858311
11.2 11.190194
11.1 11.133713
12.358699 12.739245
11.2 11.239944
11.2 11.225621
11.3 11.507184
11.2 11.269883
11.2 11.167804
13.200015 13.040594
14.40103 12.833029
11.8 11.854256
12.699998 11.776779
11.1 11.195797
11.8 11.631059
11.400001 11.410671
11.3 11.328716
10.598941 11.170996
11.3 11.323202
12.299998 12.267651
12.299998 11.66307
11.999998 11.968413
13.699981 12.676723
10.224938 11.455246
10.622879 10.664966
11.8 11.867344
11.8 11.8952055
11.40103 11.163869
11.803335 12.371923
11.1 11.94865
12.1 12.184352
11.2 11.19748
11.900001 11.884464
11.1 10.959337
11.900001 11.876987
11.599999 12.2903185
11.7 11.607133
11.7 11.713965
11.599999 11.580894
12.668636 12.8200655
12.299998 12.290203
11.599999 11.507172
11.599999 11.641217
11.8 11.358419
11.1 11.168027
11.3 11.384848
12.821246 11.72321
11.900001 11.248064
12.299998 12.47291
11.5 11.622162
11.900001 11.781398
11.2 11.227055
11.2 11.241464
11.3 11.357742
11.900001 11.871054
11.400001 11.378846
11.2 11.2207985
15.1 14.909508
11.999998 11.939569
11.2 11.2289915
11.3 11.496002
11.2 11.212083
11.8 11.884942
13.600039 12.653669
13.500008 13.017501
11.2 11.204226
11.1 11.153882
11.2 11.204291
11.3 11.349764
11.222634 11.143466
11.1 11.276475
11.1 11.057403
13.000009 13.022825
12.196367 12.306233
13.307609 13.095171
11.1 11.397068
12.1 11.59681
11.599999 11.519769
11.7 11.765203
11.3 11.257304
11.1 11.217531
11.3 11.368619
12.499997 12.968156
11.3 11.305384
11.599999 11.600221
11.599999 11.536035
11.1 11.17349
11.900001 11.896977
10.70206 10.70843
11.1 10.942657
11.5 11.716909
11.2 11.218427
11.2 11.195962
11.900001 11.918899
13.1 12.682895
11.900001 12.455876
11.392207 11.157244
11.5 11.477365
10.70206 10.718677
12.699998 12.553164
11.7 11.684996
11.900001 12.488957
13.000009 13.1562
11.599999 11.781081
11.2 11.20837
11.3 11.354608
11.400001 11.431224
11.2 11.6244335
11.400001 11.3512
11.953872 12.02169
12.299998 11.814618
15.200179 14.467264
11.1 11.122467
11.1 10.986996
11.622879 11.339205
11.400001 11.387364
11.3 11.304173
11.3 11.545759
11.7 11.614193
11.2 11.346146
11.400001 11.426245
11.8 11.63565
11.8 11.751767
10.8 10.625585
11.8 11.831314
11.8 11.931744
12.299998 12.282988
13.000009 12.504099
11.2 11.194941
11.8 11.589051
11.1 10.878267
10.622879 10.886554
13.000009 12.532325
11.2 11.168572
11.900001 12.170625
12.415514 12.331002
11.8 11.516135
11.900001 11.912197
11.3 11.316417
12.19691 12.460326
11.3 11.335991
11.900001 11.904022
13.500008 13.013257
13.399989 12.5984955
10.622879 10.258134
12.1 11.314233
13.899971 12.693289
11.8 11.78062
11.1 11.336107
11.599999 11.613885
11.599999 11.500111
11.999998 11.622463
11.900001 11.797649
13.299971 12.64322
11.2 11.222858
12.1 11.853166
13.399989 12.845799
12.299998 12.431769
11.5 11.812408
11.1 11.157984
12.699998 12.912552
11.2 11.193524
11.3 12.33541
11.1 11.160306
11.1 11.13179
11.5 12.183065
11.8 11.893076
11.599999 11.269581
11.794648 11.994179
11.5 11.273571
11.7 11.54711
11.1 11.129253
11.7 11.868534
13.999974 13.470954
11.400001 11.2176485
13.699981 13.178245
10.1 10.71708
13.800057 13.543857
10.1 10.176438
12.799992 12.275412
11.7 11.64207
11.3 11.4490385
12.899998 12.22747
11.999998 12.154046
11.900001 11.90772
11.900001 11.744309
12.399998 12.425513
11.7 11.756379
11.8 11.828152
11.1 11.281465
11.1 11.154318
11.8 11.810554
11.2 11.220657
11.8 11.808334
11.8 11.858503
11.400001 11.151841
11.599999 11.795647
11.599999 11.047246
12.299998 13.561424
12.499997 11.614598
13.999974 13.883814
11.1 11.2101755
11.5 11.410805
11.8 11.853493
11.599999 11.567925
11.2 11.325163
11.999998 11.9641285
11.8 11.818876
11.8 12.087696
11.7 11.684313
11.3 11.486764
10.516801 10.8492775
11.5 11.6197815
11.599999 11.486283
11.1 11.284902
11.2 11.209195
13.600039 12.592388
11.900001 11.637956
11.599999 11.663539
11.900001 11.887636
9.978481 10.091345
11.599999 11.555149
11.1 11.244069
11.3 11.874892
11.1 11.174116
13.500008 12.783429
11.599999 11.591945
9.79897 10.043625
11.900001 11.874838
12.1 11.82426
11.8 11.87439
11.3 11.368909
11.599999 11.752085
11.900001 11.89679
11.7 11.694044
12.299998 12.988449
11.400001 11.376147
13.555932 12.555334
12.899998 12.640754
11.2 11.235295
11.8 11.797868
10.5 10.988127
11.2 11.225481
12.299998 12.313471
11.1 11.195235
11.900001 11.896354
12.1 11.928451
11.520216 11.521997
11.1 11.220424
13.299971 12.3759985
11.5 11.398593
11.8 11.819573
11.3 11.319272
11.1 11.721645
11.900001 11.918493
11.1 11.170097
10.1 10.844923
11.2 11.190155
11.3 11.452336
11.900001 12.02234
12.499997 11.784024
11.2 11.253228
11.2 11.45964
11.3 11.731212
11.999998 11.8604145
11.900001 11.913059
14.200179 14.0808735
11.999998 11.973655
13.321849 13.1322565
11.5 11.387033
12.1 11.354697
11.2 11.324204
11.8 12.011147
11.900001 12.009416
11.2 11.39863
11.2 11.183453
13.699981 13.40652
12.031815 11.869936
11.400001 11.484999
11.2 11.292537
11.1 12.049831
11.900001 12.378077
11.49794 11.11416
11.2 11.206599
11.999998 11.869214
11.599999 11.599566
11.2 11.234256
11.8 11.982486
11.8 11.83579
11.7 11.758675
11.622879 11.316033
12.799992 12.589153
11.999998 11.969803
12.199999 11.853515
11.7 11.771539
12.299998 12.029266
11.867003 12.511908
10.3 10.352623
12.1 12.643729
11.2 11.323454
11.1 11.277106
13.800057 13.246946
11.900001 12.262472
12.699998 11.715357
11.2 11.18784
11.5 11.440626
11.1 11.348888
11.900001 11.929286
11.2 11.190139
11.900001 11.894508
9.79897 10.347587
12.299998 13.204804
11.2 11.222188
11.2 11.167252
11.1 11.1271515
11.999998 11.950994
12.599997 11.413316
11.8 11.82423
11.2 11.160542
11.5 11.551754
11.900001 11.8922825
11.599999 11.891516
11.900001 11.942911
11.900001 11.913443
11.5 11.548436
11.3 11.304609
12.899998 12.784079
11.1 11.465165
11.1 11.164387
11.2 11.321257
11.2 11.358705
11.599999 11.745083
12.1 12.394583
11.3 11.457244
9.79897 10.147336
13.321849 13.342184
11.8 11.593996
11.900001 11.894003
11.900001 11.909903
14.200179 13.068102
11.1 11.143789
11.2 11.264786
11.1 11.147361
11.900001 11.872776
11.2 11.18244
11.1 11.154158
9.1 9.898484
11.1 11.131508
11.8 11.810008
12.199999 12.056454
11.5 11.598093
11.900001 11.704252
11.999998 11.942945
11.1 11.823999
11.3 11.267049
11.3 11.281337
11.7 11.8825245
10.40103 10.417318
11.599999 11.635297
11.1 11.191301
11.2 11.300816
13.1 12.9147625
11.400001 11.381883
13.299971 12.598602
11.79897 10.786732
11.2 11.877765
13.046922 12.666303
11.400001 11.3611
11.900001 12.043069
13.1 11.597616
11.1 11.154286
12.899998 12.690542
11.2 11.187517
11.5 11.53836
11.599999 11.4510355
11.5 11.527957
11.900001 11.90469
11.2 11.320404
11.599999 11.855792
11.3 11.309177
11.3 11.297446
11.8 11.862181
11.599999 11.809136
11.8 11.580253
11.3 11.364
12.1 12.223369
11.2 11.181165
11.900001 11.852265
11.2 11.178589
11.3 11.339588
10.622879 10.47249
11.5 11.44301
10.1 10.514726
11.1 11.191403
12.199999 12.093357
11.1 11.835901
11.5 11.587487
11.5 11.594583
11.3 11.403512
11.999998 11.937605
11.999998 11.984526
11.900001 11.8924265
11.3 11.481681
11.1 11.181987
11.900001 11.876879
9.49794 9.719756
12.622879 12.343077
13.800057 12.667663
11.999998 12.016457
11.900001 11.246158
11.400001 11.429863
11.900001 11.310169
12.675118 12.1755
11.8 11.518289
11.8 11.820328
13.000009 12.767841
11.1 11.128256
10.581676 9.915467
12.299998 12.208039
11.400001 11.465191
12.199999 11.910013
11.1 11.126518
11.900001 11.600552
11.7 11.647722
10.9 10.649994
12.699998 12.033409
11.1 11.12286
11.1 11.225159
11.599999 11.630341
11.900001 11.882021
11.1 11.123968
11.2 11.232638
13.1 13.128471
11.8 11.786574
11.900001 11.872926
12.599997 11.911274
11.1 12.988579
12.299998 12.242324
12.1 12.351344
11.7 11.722013
11.2 11.22034
11.1 11.18469
14.200179 13.989687
12.466532 13.152355
11.102177 13.30875
11.3 11.320084
11.999998 11.625264
11.8 11.520865
11.3 11.437625
11.3 11.168157
11.7 12.690346
11.8 11.810364
11.2 11.229725
10.7 10.491197
11.599999 11.605748
13.399989 13.273928
11.999998 12.027455
11.25 11.344936
12.299998 12.252466
11.900001 11.905877
11.2 11.207266
12.1 12.283365
11.5 11.536568
11.900001 11.657988
11.2 12.137187
11.668636 11.64948
11.5 11.647074
11.2 11.350462
12.1 12.5701
12.899998 11.796254
11.8 11.799204
11.118531 11.149456
11.006578 11.547365
11.5 11.511294
11.999998 11.608554
14.1 13.832594
13.200015 13.407286
10.40103 10.580283
11.3 11.34837
11.8 11.878023
11.2 11.311687
12.418758 12.538466
12.799992 12.284927
10.794648 11.030989
11.1 11.154282
11.900001 11.88232
12.79897 13.127918
10.70206 10.719519
11.400001 11.710628
11.2 11.322503
11.999998 11.768343
11.1 11.164814
12.699998 12.157183
10.70206 10.708896
14.500117 13.805124
11.2 11.189113
11.900001 11.574331
11.5 12.171375
11.5 11.657693
13.219187 13.064839
12.370835 15.119791
11.2 11.24594
11.400001 11.460172
11.900001 11.938859
13.321849 13.139906
11.599999 11.603507
12.1 11.715235
11.2 11.296774
11.400001 11.406788
10.1 11.822083
12.899998 12.4331875
11.2 11.209969
11.1 11.260563
11.7 11.690744
11.8 11.805046
11.400001 11.309213
12.799992 12.375041
11.400001 11.797273
11.400001 11.653916
11.599999 11.484109
11.2 11.409855
10.2 10.468046
11.900001 11.919808
11.900001 11.8812475
11.7 11.868443
10.1 10.608155
11.1 11.226152
11.2 11.228486
10.40103 10.934898
11.5 11.565996
11.2 11.218523
11.8 11.864949
11.3 11.364437
11.599999 11.065085
11.3 11.183971
14.1 14.056303
11.8 11.846688
11.900001 12.122511
10.2 10.565527
12.499997 12.7227
14.757577 14.470694
11.59485 12.054223
11.599999 11.603692
11.3 11.26236
10.29382 12.018004
11.3 11.279305
11.1 11.004755
11.1 11.146421
11.999998 11.986379
11.1 11.153981
11.1 11.158899
11.900001 11.919567
11.599999 11.570943
11.2 11.215563
14.314671 12.551888
11.2 11.233114
11.400001 11.400292
11.1 11.139886
12.599997 12.786699
11.1 10.914723
9.622879 10.348478
11.900001 11.871475
13.1 12.014942
11.900001 12.272248
11.8 11.830253
11.2 11.208784
11.7 11.858973
11.7 11.612025
11.3 11.40615
11.1 11.158376
11.7 12.022317
9.79897 10.2352295
11.900001 11.949722
11.8 11.889482
11.2 11.208367
11.1 11.201774
14.299971 13.708211
11.599999 11.592602
11.5 11.584917
11.599999 11.575852
11.1 11.134368
12.010095 12.553323
11.1 11.273471
11.599999 11.642378
11.3 11.26472
11.8 11.805995
11.1 11.223639
12.099998 11.689199
10.7 11.233583
12.799992 12.307985
11.19691 10.788921
11.2 11.318013
11.7 11.984622
13.399989 12.502132
13.399989 13.110705
11.8 12.4876375
11.2 11.216123
11.400001 11.5202
11.400001 11.414123
11.900001 11.9434395
11.2 11.095745
11.2 11.381201
12.299998 11.994652
12.199999 11.954505
11.3 11.303686
12.499997 11.843326
11.3 11.347967
11.999998 11.701665
11.1 11.176883
12.1 11.679436
11.2 11.18912
11.999998 11.718757
11.999998 11.976703
11.3 11.42287
11.2 11.24439
11.8 11.818731
13.299971 12.826397
11.7 12.048307
11.5 11.512255
11.2 11.435966
12.1 11.209545
11.140959 11.277584
11.7 11.685795
13.550023 13.273933
14.79897 14.080115
11.5 11.626532
11.3 11.454204
11.8 11.809847
11.1 11.150878
9.79897 10.088325
12.499997 12.425917
11.5 11.364965
11.7 12.28308
11.599999 11.627966
11.1 11.130667
10.70206 10.70421
11.900001 11.586069
11.456548 10.397337
11.3 11.215684
12.058607 12.3586645
11.900001 12.268707
11.3 11.731808
11.2 11.284203
13.899971 14.1535
11.2 11.172243
11.2 11.221633
11.3 11.323519
10.622879 10.606236
11.2 11.365269
11.1 11.189138
11.2 11.191225
10.70206 10.730776
11.900001 11.879435
11.900001 12.074471
10.89588 13.988476
11.1 11.31838
11.400001 11.721735
11.8 11.734079
11.900001 11.9604
11.2 11.253419
11.404665 11.326711
11.2 11.229152
11.8 11.282102
13.699981 13.478516
11.2 11.452461
13.236677 13.6125965
11.2 11.288879
12.299998 11.971732
11.7 12.142632
12.799992 11.824011
11.2 11.179062
11.389741 11.546994
12.622879 12.394999
11.999998 11.919414
11.1 11.182025
14.719789 14.331348
11.3 11.39297
13.000009 12.736042
11.3 11.489658
12.685027 12.459075
12.499997 12.6173935
11.900001 12.210747
11.3 11.260823
11.400001 11.393503
11.8 11.360936
11.8 11.86272
11.2 11.448303
11.900001 11.861616
11.900001 11.913629
13.699981 12.877908
11.7 11.748021
10.622879 10.617207
11.400001 11.403131
11.7 11.719955
11.7 11.752286
11.7 11.936292
10.4 10.357094
13.699981 14.578557
12.1 11.849113
11.7 11.733819
11.900001 11.762693
11.5 11.43779
11.999998 11.998686
13.533231 14.011968
10.622879 10.684303
11.3 11.955717
11.1 11.147878
12.799992 11.977236
9.79897 9.994371
11.1 11.166066
11.3 11.423806
11.900001 11.85352
11.7 11.783692
11.900001 11.869806
11.900001 11.892781
11.1 11.162191
11.999998 11.978254
11.1 11.222585
11.2 11.316069
11.3 11.296362
13.299971 12.636814
11.2 11.185811
11.3 11.229807
11.3 11.322181
11.900001 11.924468
11.7 11.763677
12.399998 11.8121805
11.400001 11.866713
11.7 12.026632
11.400001 11.317331
13.000009 13.144236
12.499997 12.836552
13.000009 13.119535
11.2 11.209394
12.1 11.441426
12.599997 12.1186695
11.900001 11.8548
11.1 10.89131
11.12 11.104059
11.8 11.912952
11.3 11.28463
11.2 12.085302
11.622879 11.739633
11.900001 11.515674
11.3 11.316812
11.1 11.178802
11.2 11.20423
12.115923 12.351302
12.429754 11.443173
14.200179 12.853329
11.599999 11.657988
11.5 11.495593
11.2 11.403919
11.2 11.35073
13.500008 12.509082
11.8 11.7589855
11.5 12.40078
11.5 11.495183
11.400001 11.759384
11.8 11.872502
11.3 11.743843
11.3 11.284925
11.8 11.840752
9.79897 10.3144045
11.3 11.2448015
11.8 11.789848
11.8 12.793072
11.900001 11.907631
11.900001 11.898099
11.2 11.198837
11.242667 11.233078
11.2 11.271389
11.400001 11.479216
10.4 10.467424
12.599997 11.801607
10.4 10.485588
12.1 12.058612
11.2 11.204431
13.399989 13.306969
11.7 12.34985
11.19691 10.416591
12.899998 12.6819
11.5 11.802324
11.2 11.397015
10.70206 10.729406
11.900001 11.909013
12.199999 12.521413
11.2 11.218998
11.2 11.340839
11.400001 11.369532
11.599999 11.6016865
11.5 11.202647
13.000009 12.326937
11.599999 11.726862
11.900001 11.894748
11.2 11.174617
13.299971 12.468708
11.3 11.360229
11.599999 11.631085
11.2 11.4457445
11.7 11.740037
13.1 13.371258
11.8 11.803928
11.3 11.743779
11.058607 10.677274
11.400001 11.794158
11.2 11.270122
12.599997 12.158993
11.599999 12.006115
11.5 11.499302
11.2 11.195748
11.2 11.226586
11.3 11.745146
11.7 11.822966
11.1 11.128622
11.1 11.183876
11.5 11.283165
11.2 11.165495
11.2 11.301199
12.199999 11.815181
11.2 11.207999
11.8 11.925671
11.8 11.684334
12.1 12.67907
11.7 11.851377
11.5 11.5024395
11.400001 11.226292
11.8 11.847105
11.7 11.416271
13.500008 14.496675
11.5 11.446737
11.599999 11.650536
11.2 11.331654
12.738272 11.479954
11.1 11.173682
11.7 11.435191
11.900001 11.774397
11.999998 11.933613
11.900001 11.968455
13.699981 13.258384
11.3 11.31112
11.7 11.733561
12.1 11.575783
11.8 12.184956
12.1 12.071511
11.8 11.937736
11.1 11.217545
11.2139435 11.22373
11.900001 11.8511095
11.900001 11.902508
13.261151 12.831935
11.5 11.789362
11.900001 11.89991
10.7 10.710421
11.8 11.799196
14.200179 13.676077
12.699998 12.206711
10.4 10.533992
11.5 11.450338
11.5 11.461352
11.3 11.341277
13.600039 11.304285
11.923909 12.151281
11.3 11.439606
11.1 11.135813
11.79897 11.267015
12.899998 12.43852
11.3 11.139484
11.2 11.19988
11.2 11.332858
13.850844 13.905729
9.79897 10.116898
11.7 11.74164
11.400001 11.4223585
11.900001 11.879147
11.520216 10.981553
11.900001 11.866764
11.5 11.437578
11.900001 11.895308
11.2 11.365383
11.900001 11.885116
11.5 11.663293
12.399998 11.901403
11.900001 12.416203
11.400001 11.474603
11.7 11.770596
12.299998 12.281738
11.5 11.172554
11.400001 11.363906
12.799992 12.51623
11.400001 11.401863
11.599999 11.668865
11.2 11.206488
11.1 11.144652
12.499997 12.470275
11.900001 11.624923
11.900001 11.8434
11.400001 11.944542
11.900001 12.038202
12.699998 12.107684
11.40103 11.046549
11.2 11.196515
10.618988 10.57488
11.1 11.173639
11.400001 11.202554
13.321849 12.716342
11.8 11.816844
12.299998 12.313068
11.8 11.8131695
11.2 11.195726
11.1 11.152059
11.599999 11.571211
12.299998 11.961405
14.1 14.259081
11.999998 11.974999
11.599999 11.472451
11.599999 11.490553
11.7 11.668373
11.400001 11.513789
11.999998 11.953683
12.1 11.443496
12.799992 11.8059025
11.8 11.805714
10.40103 10.9347315
11.599999 11.500988
11.5 11.631218
11.8 11.888017
11.1 11.14815
12.899998 12.482245
12.1 11.992685
11.3 11.273276
11.599999 11.497051
11.900001 11.858201
11.5 11.473358
11.3 11.328348
11.999998 12.002158
11.7 11.700901
11.1 11.195176
11.2 11.290518
13.719789 11.820279
11.999998 12.193488
12.199999 12.56625
11.8 11.802998
11.400001 11.406025
11.8 11.84112
11.3 11.614467
11.2 11.194417
11.5 11.603191
11.1 11.441403
11.900001 11.856395
13.1 12.2208805
10.40103 10.511513
10.1 10.295295
11.5 11.495587
11.1 11.133956
11.8 11.881567
11.999998 11.953355
11.999998 11.899686
10.1 10.239782
10.9 10.657291
12.1 11.419695
11.1 11.303758
11.599999 11.374726
11.8 11.969335
11.2 11.416383
11.2 11.222672
11.599999 11.629351
11.400001 11.375992
11.2 11.185612
11.599999 11.596789
11.1 11.207328
11.3 11.423509
11.900001 11.891413
11.599999 11.504289
11.999998 11.936812
11.999998 11.958717
11.1 11.157444
11.599999 11.58177
13.000009 11.696873
13.699981 13.090626
14.400163 13.064479
11.5 11.496345
11.5 12.206989
11.8 11.743625
11.5 11.494495
11.599999 11.199704
11.5 11.627842
12.199999 11.634312
10.49794 10.60332
11.400001 11.603745
11.900001 11.349084
11.5 11.516921
11.900001 11.865992
11.900001 11.632269
11.999998 12.456645
12.1 11.805895
11.400001 11.4585
10.70206 10.956915
11.516017 11.18109
11.3 11.782769
11.2 11.253622
11.2 11.193914
13.200015 12.362871
11.900001 12.335185
11.900001 11.648743
11.599999 11.94268
11.599999 11.586688
11.1 11.152173
11.3 11.291118
11.599999 11.407541
11.5 11.570985
12.799992 11.672252
14.299971 13.410553
11.400001 11.413715
11.5 11.473389
12.1 11.439569
11.1 11.140824
11.5 11.619575
11.3 11.272671
11.3 11.456715
11.2 11.155699
11.528291 11.07051
11.1 11.135316
12.199999 11.974332
11.2 11.203238
11.1 11.148824
11.3 11.308734
11.3 11.286312
11.3 11.355054
11.900001 11.858776
10.622879 10.702676
11.400001 11.322938
12.899998 12.360339
11.5 11.471668
11.1 11.117959
11.5 11.869945
13.1 12.55954
11.900001 11.878134
11.7 11.788275
11.5 11.308637
11.2 11.1894455
11.900001 11.870899
11.2 11.198443
11.599999 11.163027
11.2 11.16086
11.900001 11.905064
11.1 10.98182
11.599999 11.566242
11.5 11.427217
10.70206 10.67409
11.2 11.291498
11.3 11.469284
13.399989 12.810488
13.1 13.193662
12.399998 11.886666
11.900001 11.926491
12.699998 13.056234
11.5 11.524389
11.321849 11.394919
11.1 11.229654
11.900001 11.865239
12.399998 11.679716
9.986056 10.290477
11.599999 11.759183
10.40103 10.50958
11.3 11.43784
11.2 11.155109
11.2 11.331883
11.8 11.850306
11.1 11.806993
11.900001 11.997792
11.900001 11.971141
11.7 11.749376
11.999998 11.590246
11.2 11.507453
11.8 11.791141
13.200015 13.169643
11.1 11.293255
13.738272 13.763956
11.2 11.258992
11.400001 11.437502
10.56401 10.482529
11.1 11.230978
11.900001 11.895714
12.4372425 12.85019
11.2 11.213896
11.5 11.460314
11.5 11.48734
11.900001 11.874044
11.599999 11.724925
11.1 11.37383
11.5 11.622263
11.7 11.403818
11.2 11.167639
11.900001 11.903356
11.599999 11.874185
11.2 11.1782675
11.400001 11.459468
12.499997 12.574327
10.7 10.4854765
11.8 11.799412
13.399989 13.154703
13.200015 12.502186
11.900001 11.883936
11.7 12.076617
11.900001 11.88166
11.2 11.239403
11.7 11.758329
11.2 11.233438
12.814443 12.62628
11.999998 11.891548
11.5 11.542879
11.1 11.175481
11.903272 12.241462
11.5 11.508754
11.400001 11.322969
11.1 11.625248
11.3 11.280998
11.5 11.8237095
11.204387 11.51855
10.1 10.925302
14.1 13.411195
11.400001 11.741326
12.699998 12.785192
13.000009 12.615099
11.5 11.613703
11.5 11.558537
11.2 11.212195
11.400001 11.834911
11.5 11.589309
11.900001 11.869356
11.3 11.310951
11.900001 11.879399
11.2 11.250777
11.1 11.144483
11.599999 11.434368
11.108774 11.209315
11.2 11.272019
11.8 11.913769
11.999998 12.350541
10.1 10.295582
11.900001 12.10511
12.899998 12.9633255
11.5 11.785431
11.2 11.622855
11.3 11.2849655
12.299998 11.603551
11.3 11.246162
10.2 10.385963
11.8 11.739408
11.900001 11.936122
11.2 11.3138275
11.8 11.904779
11.599999 12.268259
11.2 11.4357605
11.2 11.271361
12.199999 11.673874
13.000009 12.56291
11.2 11.255186
11.2 11.207247
11.7 11.324004
11.900001 11.886487
11.2 12.4273615
11.1 11.141777
11.900001 11.882469
11.2 11.173941
11.2 11.434346
13.299971 13.475026
11.7 11.7805395
11.7 11.33213
12.499997 12.21882
11.7 11.630344
11.2 11.960161
11.7 11.679995
14.700326 13.467184
10.622879 10.634904
11.3 11.270025
13.1 12.553583
11.900001 11.923131
13.800057 12.914345
12.199999 11.850426
11.5 11.552634
11.3 11.285128
11.5 11.351851
11.2 12.225438
11.999998 11.985908
11.2 11.358305
11.599999 11.747702
11.8 11.824469
11.40103 11.988764
11.1 11.156007
13.200015 14.147406
13.899971 12.860677
11.5 11.657387
11.321849 11.467619
12.399998 11.706785
13.138838 12.318916
9.668636 9.916848
12.668636 12.0489025
11.2 11.2127695
13.200015 12.500764
11.8 11.885958
11.1 11.157897
11.5 11.487851
11.2 11.235578
10.622879 11.753177
12.599997 13.752279
14.8447275 14.360416
11.5 11.673819
12.199999 11.9012785
13.299971 11.956687
11.1 11.146364
11.290441 11.394047
11.599999 12.192783
12.199999 11.4031725
11.900001 12.770064
11.7 11.772966
13.299971 12.529132
11.5 11.42601
12.499997 12.049744
11.1 11.13828
11.2 11.210889
11.400001 11.442132
11.5 11.986299
12.899998 12.712973
11.999998 11.940155
14.500117 13.223557
12.199999 11.628305
12.1 11.430356
11.7 11.696879
11.5 11.712453
11.1 11.242792
12.599997 13.519079
11.1 11.300631
13.800057 13.261828
11.2 11.191739
11.900001 12.01263
11.599999 11.568752
11.7 12.049217
12.799992 11.827067
14.1 12.620454
11.3 11.373694
11.1 12.317552
11.7 11.721753
11.2 11.244274
12.499997 12.291927
14.256437 13.402649
11.8 12.332908
11.599999 11.97448
11.8 12.040411
12.599997 12.31728
10.49794 10.543526
12.299998 11.705455
11.2 11.208609
11.2 11.284038
11.2 11.315399
13.000009 11.830296
12.399998 11.888867
11.2 11.216739
10.3 10.432791
11.2 11.214148
12.79897 11.6800165
11.7 11.800846
11.900001 11.917579
12.499997 11.984502
11.400001 11.463541
11.3 11.404635
11.400001 11.288227
12.699998 11.924132
11.3 11.401698
11.5 11.701749
11.900001 11.835128
11.1 11.120867
11.900001 11.884726
11.7 12.355655
11.599999 11.64877
14.700326 13.942936
11.2 11.231172
11.900001 11.865028
11.7 11.682469
12.149998 11.611883
10.9 10.521485
11.5 11.672397
11.49794 11.569657
14.1 13.817098
11.7 11.821253
10.40103 10.454294
11.5 11.510673
11.3 11.388838
11.900001 11.884768
12.799992 12.839954
12.379841 11.048426
11.900001 11.896578
11.8 11.798098
11.1 11.136862
11.2 11.269224
11.2 11.300102
11.2 11.5345745
10.5 10.462126
11.900001 11.908342
13.000009 12.981361
13.800057 13.548742
10.738272 10.57195
13.600039 13.331099
11.599999 11.793428
11.2 11.275419
11.5 11.816586
11.400001 11.2921915
11.7 13.958927
11.5 11.62985
11.1 11.13709
12.899998 12.517482
11.400001 11.582943
13.800057 12.90166
11.1 11.138114
12.699998 13.476578
11.900001 11.679696
13.600039 12.82346
11.3 11.40364
11.400001 11.215819
13.699981 12.807056
12.299998 12.22341
12.020819 11.422772
11.1 11.238755
13.500008 14.432186
14.1 13.859903
11.2 11.183708
11.5 11.492665
11.2 11.305606
11.2 11.305914
11.200007 11.122195
13.1 13.241377
11.8 11.652821
11.2 11.176595
14.151198 13.031832
11.7 11.736813
11.1 11.086958
11.8 11.816385
11.2 11.13877
13.000009 13.452716
10.555932 11.547083
11.2 11.247654
11.2 11.551749
11.5 11.546852
11.8 11.731296
11.400001 11.422697
11.599999 11.986535
11.2 11.250745
11.2 11.26543
11.400001 11.436949
11.999998 11.958658
10.5 10.633732
11.8 11.856527
10.622879 10.722804
11.3 11.309919
11.900001 11.906005
10.19691 10.297251
11.2 11.264998
10.637602 11.222561
11.2 11.174234
11.999998 11.930103
11.8 11.785795
12.199999 12.273353
11.5 11.588408
11.999998 12.004874
11.1 11.699051
11.3 11.432698
11.106564 11.615268
11.1 11.613241
11.3 11.359884
11.3 11.38298
12.15 11.88916
11.1 11.182425
11.999998 12.002907
11.400001 11.671579
11.3 11.449929
10.622879 10.6116905
11.5 11.4754095
11.3 11.608059
11.8 11.904918
11.900001 11.855094
12.986056 13.453543
10.2 10.474402
11.900001 11.87167
11.2 11.253153
11.1 11.2979555
10.4 10.486496
11.7 11.365369
11.7 11.661044
11.2 11.18479
11.2 11.217303
11.3 11.614162
11.3 11.292404
11.599999 11.683069
11.1 11.15133
11.5 11.63891
13.200015 12.431164
11.881984 11.889917
11.8 11.747823
11.7 11.752991
11.7 11.4235
13.399989 12.823453
11.599999 11.589228
11.2 11.17354
11.8 11.820447
11.400001 11.380015
11.999998 11.317146
12.799992 13.215184
10.70206 10.718387
10.1 10.788204
12.799992 12.929136
11.900001 12.396414
11.8 11.81165
13.899971 12.835456
10.70206 10.645672
11.999998 11.935922
11.3 11.314468
13.500008 13.169303
11.400001 11.4336
11.2 11.309566
11.900001 11.850372
11.3 11.244672
11.1 11.1401005
11.1 11.131297
11.900001 11.837669
12.599997 12.485182
11.3 11.3358965
11.8 11.863168
10.7 10.400163
11.900001 12.039609
11.3 11.505307
11.599999 11.127896
10.4 10.660903
11.5 11.507377
11.2 11.265112
11.900001 11.868763
11.599999 11.503597
12.599997 11.744204
11.655955 11.634183
11.599999 11.562791
11.1 11.1496
11.5 11.649815
11.5 11.799717
11.1 11.148392
11.2 11.223405
11.400001 11.5721855
11.2 11.594319
14.500117 13.337763
11.900001 11.948088
13.4372425 12.656135
11.599999 11.617869
13.1 13.219121
11.2 11.386374
12.199999 12.563324
12.499997 12.279371
13.000009 12.514622
11.3 11.5367985
12.136212 11.461886
11.5 11.474655
11.5 11.755504
11.5 11.481048
13.500008 13.886759
11.900001 11.940802
12.1 11.859797
11.400001 11.161277
11.599999 11.529743
11.2 11.197961
11.3 11.38907
14.901343 13.030326
11.1 11.345532
9.893174 10.319203
11.7 11.719533
11.900001 11.921511
11.599999 11.176543
11.2 11.281664
11.8 11.930303
11.8 11.999085
12.199999 12.716087
11.1 11.149567
11.7 11.823386
11.7 11.7361765
11.900001 12.190745
11.2 11.201253
13.299971 12.574066
11.1 11.38104
11.2 11.218605
11.599999 11.588619
11.8 11.852991
11.999998 11.629638
11.3 11.425715
9.622879 10.314984
11.7 11.663789
11.5 11.584366
10.336572 10.338907
12.299998 12.272279
10.775512 11.164639
11.599999 11.248482
11.900001 11.881113
10.7 10.7211
12.199999 11.524812
11.1 11.221191
11.5 11.537664
14.901343 13.922976
12.599997 12.786402
11.3 11.436758
11.2 11.194457
11.8 11.818593
11.8 11.848464
11.5 11.577633
11.8 11.833601
12.199999 11.971344
12.172629 12.106576
11.900001 11.886059
11.599999 11.811684
12.899998 13.251579
12.299998 12.124136
11.400001 11.504973
11.1 11.172325
11.400001 12.31414
11.7 11.699895
11.599999 11.564774
11.8 11.635553
13.108774 12.471957
11.5 11.498097
15.299971 15.172251
12.769587 12.91813
12.399998 12.22616
13.399989 11.96039
12.19691 12.145144
11.5 11.470779
14.1 14.147773
13.899971 13.315338
12.020819 10.313952
11.900001 11.894714
11.900001 11.853317
11.8 11.944046
10.224938 11.346203
11.2 11.20839
11.7 11.644055
11.7 11.87488
12.199999 12.661421
10.1 10.477048
10.2 10.306414
14.622879 13.723733
11.7 11.453903
11.3 11.349301
12.399998 12.134061
12.1 11.896771
10.1 10.877076
11.900001 11.906157
11.900001 11.941572
12.399998 12.580174
11.599999 11.5704
11.8 11.80732
13.000009 12.270664
12.89588 12.947135
11.5 11.774592
13.800057 13.211792
11.900001 11.898912
11.900001 11.904799
11.999998 11.209817
11.5 11.555183
11.2 11.177796
11.1 11.155676
11.900001 11.976101
11.8 11.83139
11.7 11.583646
11.7 11.939083
12.699998 12.345281
11.599999 11.351984
11.1 11.209955
11.0 10.523466
11.543697 11.610088
11.3 11.36731
11.8 11.711764
11.5 11.60625
12.923909 13.144403
11.999998 12.212808
12.399998 12.366781
11.900001 11.861787
11.18831 11.20835
12.599997 11.998024
11.599999 11.679241
12.1 11.604839
11.400001 11.46414
11.5 11.521456
12.199999 12.150342
13.800057 13.036045
12.599997 11.777504
12.199999 12.308884
11.900001 11.891034
11.3 11.349596
11.3 11.34809
11.307609 11.4504
11.2 11.177618
11.400001 11.227447
10.3 10.3846
10.2 10.466069
11.2 11.223778
10.2 10.69323
11.2 11.25452
11.1 11.166085
13.1 11.874719
13.000009 12.501219
11.900001 11.904255
11.1 11.124616
11.8 11.840126
11.599999 11.643159
11.2 11.252448
12.1 11.736006
12.199999 12.171289
11.3 11.255348
14.299971 14.222322
11.1 11.165821
11.1 11.161692
11.5 11.540461
11.1 11.147512
11.2 11.216431
12.799992 11.823024
13.899971 12.817249
11.599999 11.661171
11.884776 11.87251
11.599999 11.826077
11.3 11.3108835
11.1 11.215653
11.599999 11.616243
11.5 11.151756
14.155518 14.17463
11.2 11.181038
11.8 11.7969055
11.1 11.1887
11.8 11.847698
11.2 11.217135
11.999998 11.75102
11.400001 11.323497
11.5 11.453955
11.926936 11.930862
11.3 11.294851
11.7 11.372229
11.70206 11.582628
11.1 10.9959545
11.1 11.128057
10.9 10.743292
11.40103 11.215236
11.599999 11.573516
14.1 13.512114
11.1 11.167811
12.599997 11.782219
11.900001 12.009578
11.900001 11.920581
11.900001 11.873841
11.2 11.192101
13.200015 13.1605
11.0 10.810075
11.5 11.570611
12.651294 12.432224
11.5 11.416323
10.8 11.755915
11.400001 11.51501
11.1 11.129403
11.599999 11.753142
12.299998 12.37821
11.8 12.002637
12.317528 11.890101
13.986056 12.910696
11.1 11.164256
12.299998 11.852848
11.2 11.310707
11.7 11.732423
11.2 11.190163
12.199999 12.152909
11.8 11.809351
11.8 11.735148
11.400001 11.490597
11.1 11.136689
11.5 11.513394
11.900001 12.232234
11.999998 11.981048
11.7 11.541047
11.1 11.130711
11.3 11.369064
11.2 11.242759
11.3 11.583993
11.400001 11.401852
10.5 10.712358
11.599999 11.620018
10.1 10.208638
10.1 10.3708515
11.5 11.550233
13.399989 12.019679
11.5 11.524822
11.7 11.4544325
13.000009 12.671154
11.2 11.185512
11.1 11.163341
12.199999 11.628136
11.8 11.763081
11.599999 11.545638
12.199999 12.278154
11.2 11.168836
11.599999 11.77532
11.1 10.220488
11.5 11.499376
11.1 11.285876
11.1 11.3335495
11.7 11.595271
11.1 11.2189
11.8 11.821106
11.1 11.393515
11.2 11.313748
10.70206 10.709536
11.96328 11.371556
13.500008 12.719439
11.900001 11.882511
11.2 11.153857
11.900001 11.900241
11.1 11.186888
12.299998 12.292259
12.199999 12.05292
11.1 11.150082
11.900001 11.7418785
12.399998 12.439169
11.5 11.615072
11.999998 11.948578
12.399998 12.46443
11.2 11.380596
10.622879 10.489117
11.2 11.215104
11.1 11.156124
10.4 10.554134
11.8 11.805735
10.2 10.447909
11.900001 11.902041
14.299971 13.116562
11.7 11.7772
11.999998 12.091969
11.2 11.322522
11.7 11.955198
11.3 11.353869
11.2 11.256313
11.400001 11.656215
11.8 11.983548
11.8 11.828956
10.79897 10.725111
11.3 11.358088
12.299998 11.978455
11.3 11.379936
13.899971 12.928597
11.8 11.713895
10.6 10.637029
11.3 11.253337
11.400001 11.474223
11.40103 10.9928465
11.5 11.568186
10.3 10.48596
13.79897 13.521093
11.599999 11.706928
11.1 11.155675
11.2 11.270242
12.340956 12.193152
11.2 11.199107
11.8 12.36007
11.900001 11.904291
13.777781 13.540527
11.599999 11.540109
11.900001 11.866139
12.420272 12.721346
13.600039 11.93155
12.299998 12.067142
11.2 11.447505
11.400001 11.423661
12.872113 11.859112
11.1 11.165915
13.999974 13.473349
10.89588 13.922353
11.3 11.414228
11.2 11.246561
11.7 11.590189
11.2 11.289647
11.8 11.59759
13.500008 13.357285
11.1 11.592428
11.2 11.215118
12.199999 11.809563
11.900001 11.899131
11.1 11.0342455
11.599999 11.380219
10.40103 10.488285
11.2 11.255244
13.600039 11.351642
11.900001 11.879201
11.2 11.176126
11.8 11.6516695
11.2 11.629686
11.2 11.363248
11.2 11.264975
11.9680605 11.949246
11.7 11.591894
11.400001 11.439475
11.1 11.150088
14.600313 14.500601
13.581486 13.301077
11.1 11.154217
10.555932 10.721612
11.2 11.267802
11.2 11.237864
10.759556 10.563193
11.2 11.35972
12.577556 11.976307
11.8 11.581221
11.1 11.129408
11.599999 11.629297
12.899998 12.191177
13.399989 13.061203
11.40103 11.246308
11.1 11.168751
11.5 11.311949
11.2 11.245358
11.999998 12.153234
11.3 11.28811
11.1 11.191569
14.200179 13.648884
13.1 13.008076
11.622879 13.021351
11.900001 11.914919
11.900001 11.74335
11.900001 11.8705
15.1 14.324623
11.2 11.299683
11.2 11.245499
11.2 11.167614
11.1 11.35234
11.599999 11.808231
11.999998 11.955801
11.400001 11.439357
11.5 11.679191
11.1 10.821104
11.7 11.971703
11.900001 11.9376135
13.1 12.999281
11.400001 11.42336
11.2 11.283231
11.7 11.708008
11.5 11.479523
11.1 11.313715
12.299998 12.392671
13.321849 11.16345
11.1 11.205609
11.900001 11.921795
11.7 11.59413
11.1 11.13415
11.7 11.694498
11.900001 11.83795
13.600039 11.959834
11.8 11.79132
11.900001 11.917031
10.2 10.507169
12.299998 12.762146
11.400001 11.373549
12.299998 11.984889
11.5 11.542838
10.4 10.557279
12.199999 11.873507
11.8 11.757272
11.900001 11.883456
11.400001 11.632142
11.3 11.308217
11.3 11.369855
11.8 11.829206
12.399998 12.999624
10.7 10.911495
11.2 11.238388
11.8 11.791273
11.1 11.2027855
11.5 11.606917
11.8 11.774769
12.1 11.9873495
11.3 11.327035
11.599999 11.86961
11.2 11.167085
11.8 11.923533
11.8 11.981062
11.719789 11.322983
13.299971 11.161819
11.3 11.359514
11.1 11.141917
12.699998 13.302336
11.45 11.509196
11.668636 11.508438
13.40103 13.16177
11.900001 12.121859
11.1 11.226508
11.1 11.127477
12.899998 12.175093
11.2 11.208877
11.400001 11.490653
11.4335785 13.12886
11.1 11.229487
11.2 11.203409
11.3 11.251652
11.999998 12.116653
11.999998 12.096312
11.254902 13.7986145
11.400001 11.8572855
11.900001 11.9005165
11.3 11.227341
11.65 11.35842
10.8 10.986274
12.799992 12.342926
11.2 11.267872
11.5 11.677075
11.999998 11.742806
11.400001 11.405068
11.900001 11.8436985
11.2 11.258346
15.219187 14.238727
11.5 11.510891
10.622879 10.6843605
11.2 11.201826
11.2 11.250793
11.3 11.282026
11.8 11.977214
11.7 11.836591
11.3 11.425347
10.40103 10.524291
11.599999 11.675202
11.3 11.362258
11.2 10.557339
11.400001 11.472355
12.1 11.802689
11.999998 12.825197
11.3 11.378675
11.900001 11.920608
11.1 11.2290535
11.2 11.250501
11.1 11.14645
14.500117 13.782872
11.400001 11.499804
11.5 11.463248
11.2 11.224986
11.3 11.375963
10.5 10.544676
11.5 11.656206
11.900001 11.875253
10.70206 10.712558
12.399998 11.814202
10.66225 11.494481
12.175721 11.616155
11.8 11.788641
14.299971 13.953651
11.599999 11.449348
11.2 11.260861
11.5 11.803786
11.900001 11.866507
12.599997 12.955413
11.3 11.458858
11.926936 11.896215
11.8 11.878533
13.299971 13.419241
11.599999 11.708803
11.5 11.323856
13.999974 13.260746
13.048454 12.225527
11.1 11.1411085
11.3 11.306005
11.1 11.131581
11.3 11.29023
11.1 11.213771
12.1 12.2304735
12.628708 12.6808815
11.7 11.404653
11.7 11.631729
11.49794 11.37039
11.75 11.20683
11.900001 11.867637
11.8 11.804233
11.599999 11.642483
13.299971 12.67328
11.599999 11.73871
12.199999 12.0152
11.2 11.213124
11.8 11.884808
11.999998 11.921693
11.7 11.696533
11.2 11.279763
11.8 11.853093
11.400001 11.384844
11.599999 11.41754
11.1 11.163154
11.8 11.78826
11.8 11.468351
11.7 11.676822
14.500117 13.116758
11.2 11.232532
11.8 11.931692
11.900001 11.879267
12.112837 11.199915
12.199999 11.98853
11.1 12.418335
11.8 11.83525
11.49794 12.570059
11.3 11.2885475
11.5 11.483382
11.3 11.338112
11.3 11.320864
11.3 11.318225
11.7 11.757046
11.900001 11.536646
11.5 11.397107
11.3 11.2204685
11.900001 11.900515
11.5 11.669782
12.899998 12.120437
11.5 11.458402
14.500117 13.841258
11.599999 11.689158
11.1 11.161416
13.600039 13.264784
11.1 11.266429
11.599999 11.598535
11.2 11.221213
11.5 11.469598
11.400001 11.309818
11.999998 11.617864
11.1 11.149245
13.738272 13.510105
11.7 11.468767
11.3 11.556373
11.3 11.836926
11.599999 11.584208
13.200015 11.740378
11.1 11.215269
11.2 11.167472
12.685027 11.681975
11.900001 11.823545
11.7 10.598467
11.5 11.487417
11.2 11.286907
11.900001 11.858714
11.8 11.82933
11.400001 11.414449
12.199999 12.17446
11.900001 11.672972
11.599999 11.677946
11.900001 12.318355
11.79897 11.3945875
11.400001 11.398982
11.15 11.259896
11.400001 11.163021
12.028118 11.810942
12.299998 12.154147
12.299998 12.634981
11.999998 11.951128
11.3 11.368011
10.622879 10.667779
11.2 11.303249
11.999998 11.393208
14.500117 13.37752
11.3 11.33569
11.8 12.462145
11.3 11.466339
11.7 11.697674
11.900001 11.9074135
11.2 11.348971
11.900001 11.890878
11.3 11.071863
12.399998 11.978504
12.299998 12.396509
11.5 11.515672
11.900001 11.863501
10.3 11.0839615
10.49794 10.56857
11.900001 11.900373
11.1 11.212882
11.900001 11.853854
11.599999 11.606784
11.344125 11.520044
11.2 11.365173
11.400001 11.4409
11.5 11.548807
11.999998 11.928511
11.400001 11.5419035
11.400001 11.681003
12.6934595 13.207134
11.3 11.318211
11.2 11.966193
11.400001 11.362551
11.1 11.176962
11.999998 11.57245
11.1 11.035692
11.2 11.206858
11.599999 11.691036
11.1 11.253824
11.5 11.558076
13.000009 12.421761
11.5 11.584315
11.1 11.270805
11.2 11.206397
13.600039 13.869439
11.8 11.984352
11.8 11.252341
10.70206 10.708104
13.1 12.4729595
13.399989 12.349135
11.2 11.252701
11.3 11.861969
11.599999 11.697364
14.901343 13.85795
11.7 11.556475
11.599999 11.714504
11.1 11.171805
11.2 11.18751
12.299998 12.209004
11.2 11.287619
11.2 11.187318
11.900001 11.88964
11.1 11.159437
11.1 11.160821
11.2 11.370429
12.699998 12.698139
11.999998 11.836888
11.900001 11.887054
14.100029 13.919953
11.2 11.383532
11.599999 11.45754
11.900001 11.922358
11.5 11.504409
11.2 11.458604
12.699998 12.674761
11.719789 11.57727
11.900001 11.896195
11.599999 11.723701
11.7 11.730897
13.000009 11.3076105
13.600039 12.995128
11.999998 11.933011
10.3 10.510852
12.199999 13.294276
11.2 11.193737
9.890485 10.23758
11.599999 11.877844
11.3 11.297976
11.400001 11.563342
11.5 12.179689
12.899998 12.200823
11.999998 12.023176
11.29382 11.190227
11.3 11.898534
12.299998 11.803979
11.175305 11.175859
12.599997 11.7751255
11.3 11.242709
11.2 11.181735
10.1 11.422973
13.999974 13.622794
13.1 12.680499
11.5 11.548082
11.599999 11.570015
11.900001 12.008268
11.999998 11.945335
11.2 11.250774
11.1 11.15085
11.2 11.407716
11.3 11.2502985
11.1 11.160371
11.356133 11.19175
11.1 11.169019
11.7 11.854143
12.499997 12.489674
11.1 11.151132
13.299971 12.752512
13.79897 13.290684
11.599999 11.569672
11.400001 11.431217
11.900001 11.903185
12.299998 12.171269
11.900001 11.892852
13.000009 13.080828
11.999998 11.893119
11.7 11.752568
11.3 11.473415
12.1 11.13604
11.1 11.138636
10.622879 10.592208
11.2 11.274258
13.1 12.608728
12.199999 11.851506
11.1 11.146209
14.49794 15.097351
11.2 11.202016
11.2 11.261594
11.8 11.965065
11.900001 11.933835
11.900001 11.865461
11.7 11.689292
11.8 12.13257
11.7 11.741206
13.000009 11.944635
12.499997 12.46823
11.321849 10.746264
11.3 11.490916
12.899998 11.967809
11.599999 12.215154
11.5 11.549759
10.40103 10.975624
11.8 11.83734
11.999998 11.92138
12.799992 12.463419
11.7 12.006233
11.900001 11.857371
11.400001 11.451387
11.2 11.178217
11.2 11.230197
11.1 11.153442
11.7 11.692503
11.900001 11.939379
11.400001 11.387022
11.7 11.687802
11.900001 11.85727
11.999998 11.431714
12.899998 11.991559
11.8 12.912449
10.2 10.330604
11.3 11.333175
13.1 12.8648205
12.199999 11.947723
12.46955 11.962634
10.5 11.353799
11.599999 11.357506
10.5 10.48164
11.1 11.149971
11.900001 11.883178
11.5 11.814022
13.600039 12.544012
11.3 11.320442
11.900001 11.687087
11.3 11.344471
11.1 11.138026
11.5 11.537281
12.899998 11.813869
11.2 11.247965
11.599999 11.578474
11.999998 12.244259
12.799992 12.802944
12.699998 12.284889
11.1 11.311279
11.1 11.151108
11.1 11.125045
11.1 10.672137
11.3 11.209091
13.000009 12.731505
11.1 11.178648
11.8 11.870451
11.400001 11.444362
11.2 11.185803
11.999998 11.244699
11.7 11.853649
13.500008 13.055872
11.3 11.3224745
11.999998 12.109453
11.8 11.862958
10.145758 10.116054
11.900001 11.264954
11.900001 11.880767
11.5 11.433117
10.7 10.635089
11.8 11.747204
11.900001 11.904613
11.2 11.245963
11.8 12.0622835
11.8 11.88498
11.400001 11.491212
11.999998 11.767161
12.6867 12.622586
11.900001 11.816812
11.1 11.690835
11.599999 11.495279
11.1 11.265948
12.599997 12.025617
11.2 11.275195
11.7 11.639299
12.899998 13.332567
12.199999 11.389098
11.2 11.207581
12.499997 12.382387
11.8 11.576521
11.1 11.21476
12.699998 11.394874
11.900001 11.879897
15.299971 14.810408
12.299998 12.277435
11.1 11.1434355
11.999998 11.971347
11.8 11.499569
12.199999 12.071617
10.2 10.428422
10.3 10.544227
11.1 11.18121
13.81627 13.553038
10.5 10.785577
11.599999 11.426098
11.900001 11.459228
11.3 11.398298
11.2 11.195229
11.79897 11.807723
12.199999 11.842361
12.923909 10.92248
11.400001 11.216119
11.1 11.142997
11.1 11.164027
10.40103 10.680389
11.2 11.22384
11.3 11.366072
11.2 11.220913
11.8 11.241918
13.800057 13.04979
12.199999 11.823366
11.900001 11.892604
10.2 10.443819
11.8 11.840409
15.200179 15.40629
11.1 11.112282
11.1 11.145862
11.3 11.466715
11.400001 11.461607
11.2 11.39171
11.3 11.384884
11.7 11.735832
11.400001 11.457943
10.224938 11.600924
11.400001 11.42222
11.8 11.811144
11.400001 11.384395
11.400001 11.463553
11.900001 11.62582
11.2 11.198526
14.299971 14.866859
14.299971 13.024689
11.400001 11.365501
11.3 11.548022
11.599999 11.611165
11.1 11.827401
11.8 11.818177
11.400001 11.468409
11.900001 12.298322
11.2 11.203106
10.1 10.413419
11.3 11.299522
11.1 11.126489
11.900001 11.601474
12.399998 12.559357
11.2 11.241305
11.8 11.556657
11.2 11.263607
10.1 10.280555
11.900001 11.945106
10.5 10.497995
13.65752 10.652018
11.3 11.273779
11.2 11.22979
11.1 11.140083
11.2 11.184251
11.2 12.006017
11.8 11.848824
11.400001 11.533668
11.2 11.476401
11.1 11.14108
11.2 11.189994
11.1 11.165689
11.1 11.137297
14.834261 14.267234
11.5 11.320475
11.400001 11.452435
11.400001 11.515464
11.7 11.70741
11.900001 11.963456
11.2 11.199007
11.599999 11.622772
11.5 11.332269
12.950003 12.95202
12.699998 12.078225
11.7 11.612739
11.7 11.314624
12.799992 11.848754
14.108774 14.060207
11.2 11.180402
10.1 10.350317
11.2 11.440018
11.2 11.208367
11.3 11.221278
10.40103 10.995619
12.899998 11.891514
11.923909 10.70694
11.2 11.209966
11.400001 11.409045
11.70206 12.719323
11.1 11.166089
13.800057 12.75019
11.2 11.226662
11.400001 11.378294
11.2 11.180806
12.199999 12.242093
12.399998 12.006561
13.1 11.796706
10.622879 10.643266
11.1 11.143568
12.899998 12.16633
11.8 11.811841
11.900001 11.913326
11.2 11.558977
11.900001 11.696491
11.3 11.280667
11.999998 11.917017
11.5 11.499681
11.2 11.225576
12.199999 12.395016
11.599999 11.508251
11.400001 11.530498
11.487216 11.614399
13.487216 13.29154
11.1 11.42059
11.7 11.796831
11.7 11.690126
11.599999 11.499395
11.1 11.165002
12.399998 12.272781
11.900001 11.8806505
11.599999 11.594029
11.400001 11.431362
12.499997 12.575222
12.499997 11.892305
10.40103 10.706099
11.2 11.471788
11.900001 11.888774
11.2 11.217291
11.1 10.69996
12.1 10.743496
11.900001 11.935064
11.7 11.674603
11.5 11.508575
11.999998 11.899261
11.8 11.835644
12.307609 11.523548
12.699998 12.65557
13.953872 13.348932
11.5 11.444543
11.3 11.322555
11.2 11.391405
12.199999 11.952048
12.00309 11.677506
11.3 11.343666
11.599999 11.594222
13.200015 12.1388235
11.2 11.175761
12.668636 12.496454
10.622879 10.686784
11.3 11.260942
11.2 11.290077
13.668636 11.404525
11.8 11.83822
10.8447275 10.144108
11.6867 12.259016
11.5 11.78955
11.1 11.241472
11.900001 12.1255245
11.2 11.363964
12.1 11.696329
12.393091 11.9993305
10.40103 10.827192
11.900001 11.983828
12.599997 12.759522
11.3 11.397006
11.1 10.646996
11.1 11.020405
11.1 11.217711
11.5 11.439512
10.3 10.466159
12.699998 11.860106
11.3 11.428959
11.3 11.401398
10.1 10.296974
11.2 11.227514
10.7 10.656556
11.1 11.145411
11.3 11.417531
13.1 12.486613
10.8 10.592377
11.7 11.6120615
11.3 11.271735
11.2 11.781446
10.224938 11.458082
11.1 11.181301
11.1 11.979552
13.000009 11.71083
13.180922 12.883641
11.1 11.137364
11.3 11.337383
11.900001 11.886305
11.7 12.329052
12.193092 12.454798
11.2 11.145851
11.2 11.640916
11.5 11.802944
11.3 11.353198
12.799992 11.879065
11.599999 12.862764
11.1 11.156635
12.299998 11.734809
11.1 11.162534
11.2 11.30904
11.8 11.885646
11.2 11.30828
11.400001 11.319204
11.7 12.143426
14.500117 13.788218
11.900001 11.87139
11.5 11.628421
11.49794 12.138807
13.899971 13.2667265
11.2 11.310309
11.2 11.247907
11.1 11.279948
11.280072 11.289401
12.499997 12.860869
11.2 11.218677
11.5 11.495377
11.49794 12.087163
11.1 11.128268
11.2 11.390053
12.1 11.905744
11.732644 10.821718
13.299971 13.260172
11.900001 11.905003
11.668636 12.32186
11.599999 11.620212
11.2 11.184921
10.40103 10.515682
11.999998 11.9812765
11.1 11.19533
11.2 11.334994
11.2 11.170465
11.2 11.351519
11.599999 11.774207
11.1 11.704576
11.900001 11.90482
11.7 12.330961
11.400001 11.413553
11.8 11.805753
11.2 11.220331
11.400001 11.422762
11.5 11.505231
11.5 11.588696
12.1 11.925978
12.599997 12.394764
12.1 11.788109
11.400001 11.624478
11.1 11.207056
13.399989 13.688213
11.999998 11.838942
11.599999 11.56994
11.3 11.483328
10.70206 10.681523
11.2 11.169561
11.400001 12.136006
11.1 11.198445
11.900001 11.924465
14.145758 14.573774
11.599999 11.650672
11.2 11.234128
11.8 11.839367
12.299998 11.83972
11.8 11.828014
11.2 11.242015
11.7 11.337013
11.999998 11.682689
11.900001 11.8866
11.999998 12.003937
12.1 12.183888
11.599999 11.65397
12.599997 11.984782
12.499997 12.043509
12.199999 12.1239805
11.599999 11.326247
11.599999 11.5431385
10.935647 11.31466
11.7 11.757199
11.999998 11.597129
10.2 10.507718
11.5 11.47959
11.175305 11.262032
11.1 11.179066
10.40103 10.572923
10.4 10.440933
11.2 11.180189
9.986056 10.303829
11.3 11.343749
12.699998 13.30213
11.400001 11.489733
11.2 11.378714
11.400001 11.467523
11.2 11.291519
11.079304 12.53322
11.1 11.493311
11.1 11.121847
11.2 11.164533
11.999998 11.982483
11.1 11.294039
11.900001 11.923035
12.599997 12.733892
11.2 11.604731
11.900001 11.870369
11.400001 11.495595
11.599999 11.551496
10.79897 10.427228
11.2139435 11.298875
11.2 11.310614
12.299998 11.678939
11.400001 11.421822
12.577345 12.162234
11.1 11.386168
11.7 11.808183
11.1 11.074051
11.2 11.222193
11.8 11.832102
13.500008 13.826879
11.8 11.778976
11.2 11.229959
13.899971 13.344044
12.599997 12.152465
12.699998 13.393789
11.400001 11.232948
11.3 11.435517
11.599999 11.879845
12.29382 13.161803
11.3 11.319808
11.1 11.147476
11.999998 11.924365
11.1 10.916246
11.900001 11.497127
11.900001 12.223549
12.799992 12.942628
11.2 11.2667465
12.299998 12.873335
12.299998 12.046641
11.900001 11.856799
11.2 11.224167
11.2 11.406472
11.8 11.81783
11.3 11.259453
12.699998 12.738306
11.7 11.240499
11.7 11.711521
11.1 10.755304
11.1 11.157446
11.7 11.485061
11.3 11.402027
11.5 11.399182
11.999998 12.028324
11.599999 11.62721
11.900001 11.858964
12.899998 11.799469
11.1 11.130065
13.699981 13.513037
12.519075 12.372342
12.499997 11.967045
11.2 11.189899
11.900001 11.871377
11.3 11.666217
11.599999 11.653843
11.2 11.202077
11.1 10.231926
12.699998 12.27889
12.899998 11.95323
11.5 11.393148
12.699998 13.284809
11.599999 12.355007
11.400001 11.432394
11.2 11.209894
11.599999 11.770737
11.900001 11.878047
11.2 11.355713
12.599997 13.660923
11.900001 11.94033
11.2 11.218096
14.400163 13.785521
11.1 11.193045
11.900001 11.934089
10.1 10.194609
11.3 12.149737
11.3 11.523877
11.2 11.181113
10.3 10.432451
11.2 11.290006
11.2 11.174885
11.2 11.215473
12.699998 12.612904
11.5 11.554794
11.2 11.3324995
11.3 11.309096
11.5 11.569929
11.599999 11.2920885
11.1 11.151285
12.399998 11.974625
11.999998 11.947372
11.2 11.23523
11.5 11.5458
11.5 11.482992
11.400001 11.484391
11.599999 11.828337
11.1 10.8006315
9.40103 10.082003
11.900001 11.873668
11.1 11.211788
11.652842 11.8820715
11.900001 12.12473
11.5 11.454618
11.900001 12.349123
11.1 11.172755
11.7 11.89681
11.2 12.085141
11.2 11.203421
11.2 11.218791
11.900001 11.971255
11.900001 11.880833
11.8 11.833789
11.400001 11.110164
12.986056 12.929844
11.1 11.179729
11.900001 11.98514
11.2 11.242669
11.953872 12.332635
11.3 11.266129
11.8 12.019842
10.5 10.580896
11.3 11.303088
11.599999 11.641199
12.5 12.07233
11.7 11.681479
13.1 12.599966
11.400001 11.437772
14.500117 13.83828
12.520216 12.38378
11.8 11.092675
11.900001 11.887632
11.2 11.186102
11.900001 11.880196
11.1 11.259975
11.599999 11.600853
11.2 11.368846
11.7 11.726545
11.1 11.171523
13.899971 14.303055
11.599999 11.588466
11.2 11.162789
10.70206 10.70162
11.900001 11.88354
11.3 11.321556
11.900001 11.878949
11.3 11.979165
11.1 11.136108
11.5 11.412914
11.400001 11.218536
11.2 11.232101
11.3 11.309454
12.199999 12.673306
11.900001 11.914472
11.8 11.904025
11.1 11.157711
11.2 11.180296
11.3 11.423014
12.299998 11.298256
12.1 12.157179
11.900001 11.908848
11.400001 11.4212885
11.1 11.908127
14.79897 13.378688
11.1 11.194503
10.8 11.093288
12.499997 12.011987
11.2 11.164845
10.40103 10.335478
11.400001 11.51923
11.999998 12.479296
13.600039 12.714031
11.498559 11.602818
12.299998 12.151673
11.2 11.211586
11.1 11.139262
11.1 11.171561
11.3 11.361216
11.999998 11.835103
11.999998 11.853454
12.199999 11.579145
11.7 11.525885
11.2 11.321318
11.3 11.334163
11.5 11.563228
11.900001 12.022169
11.2 11.222076
11.2 11.197585
11.1 11.144836
13.1 12.427833
10.738272 10.550018
9.49794 9.603197
11.5 11.472053
11.2 11.309959
10.9 11.990699
11.1 11.215232
11.7 11.743205
11.3 11.928446
11.3 11.388548
10.622879 10.666079
12.499997 12.542982
10.9 11.104622
11.900001 11.911181
11.400001 11.735981
11.900001 11.909357
11.1 11.158594
11.8 11.60379
11.599999 11.634688
11.599999 11.561165
11.3 11.337113
11.900001 12.031464
11.5 11.299274
11.400001 11.452678
11.999998 11.469252
11.3 11.517035
11.599999 11.77503
11.1 11.224307
11.5 11.583125
11.8 11.860372
11.1 11.40334
11.900001 11.776555
12.399998 11.181073
11.7 11.350804
11.900001 12.201964
11.1 11.127552
11.2 11.189566
12.199999 11.962604
12.316096 11.533326
11.400001 11.51972
12.299998 12.480422
11.400001 11.450089
11.2 11.168193
12.299998 11.2822695
11.3 11.388649
11.2 11.874849
11.329148 11.54981
11.2 11.249181
11.2 11.259715
11.1 11.15145
11.1 11.159347
11.7 11.760536
12.520216 11.92179
11.2 11.676057
11.999998 11.904844
11.2 11.268467
11.900001 11.89986
11.599999 11.679611
11.900001 11.9661255
13.600039 13.127911
13.399989 12.52801
13.357275 12.657278
11.7 11.83177
11.5 11.252322
11.818967 11.564663
11.900001 11.861296
12.299998 11.736687
11.1 11.3606415
13.200015 12.806043
12.299998 12.078928
10.5 10.517936
13.1 12.603893
12.199999 12.157336
12.599997 11.907593
11.400001 11.375529
11.599999 11.718616
11.999998 12.504734
11.900001 11.910684
13.000009 12.595506
11.3 11.1631975
11.7 11.821559
11.531798 10.729399
10.8 10.548004
13.699981 13.503354
13.299971 12.793841
11.1 11.1463785
11.2 11.204239
11.2 11.207243
11.900001 11.969992
11.900001 11.941484
10.49794 10.673837
11.2 11.19734
10.1 11.334532
11.400001 11.525618
11.7 11.99259
11.599999 11.609659
12.799992 11.815768
11.599999 11.611989
14.1 13.945266
11.8 11.862899
11.900001 11.856307
10.622879 10.558676
11.2 11.241787
11.1 11.154649
12.599997 13.503589
11.900001 11.8689
11.900001 12.118571
11.8 11.879034
10.1 10.464934
11.5 11.17753
11.5 11.5503845
10.1 10.781887
10.4 10.508748
11.3 10.935099
11.900001 11.231478
12.1 11.97448
10.1 10.348928
12.999629 13.553948
11.2 11.325076
11.2 11.26118
11.599999 11.24709
13.1 13.778666
11.999998 12.17466
12.430683 12.192283
11.400001 11.562182
11.1 11.140987
12.499997 12.918636
11.381802 11.478436
11.5 11.588079
11.900001 11.903021
11.900001 11.805682
10.1 10.178504
11.2 11.18552
11.5 11.405454
11.999998 11.723385
11.900001 11.828175
12.788246 11.904457
11.1 11.186892
11.5685215 11.270713
11.5 11.467789
11.2 11.212886
13.200015 12.280601
11.2 11.806017
11.3 11.256409
12.799992 13.232903
11.2 11.173171
11.7 11.851479
11.8 11.229691
11.5 11.439144
11.3 11.290589
11.999998 11.69394
12.199999 12.171741
11.7 12.106453
11.2 11.191066
11.3 11.242184
11.7 11.692064
11.599999 11.584443
11.400001 11.323978
11.1 11.596335
11.1 11.149639
10.49794 10.5998335
9.9642315 9.902738
12.199999 11.733956
11.599999 11.596134
14.018398 12.759708
11.7 11.357687
11.2 11.189055
11.2 11.202896
11.900001 11.405231
11.3 11.34662
11.3 11.305799
13.200015 12.348416
11.1 11.136795
12.847147 12.487949
11.599999 11.315624
11.7 11.685947
11.4809065 11.351585
10.70206 11.635222
11.0 10.628564
11.2 11.273575
11.599999 11.204822
12.299998 12.246618
11.3 11.442473
11.2 11.1825695
11.999998 11.923172
11.900001 11.904058
11.8 11.826038
11.2 11.233025
12.399998 12.219654
11.1 11.132975
11.5 11.511592
11.2 11.261873
11.1 11.127372
13.299971 13.351118
11.2 11.180029
11.2 11.186277
11.999998 12.035826
11.79897 11.15227
11.2 11.18788
12.699998 12.657772
11.900001 11.859799
11.1 11.057233
13.800057 13.226608
12.799992 12.446557
11.400001 11.421228
11.5 11.47793
11.1 11.154224
11.2 11.187485
11.1 11.281248
14.400163 12.897756
12.299998 12.269099
12.799992 12.204426
11.900001 11.863605
11.900001 11.914928
12.499997 12.012377
11.900001 12.00885
11.1 11.159888
11.599999 11.17161
11.5 11.434125
12.299998 12.578241
11.175305 11.2157
11.599999 11.563421
11.336572 11.027872
11.900001 11.836745
11.1 11.141335
11.3 11.3142805
11.5 11.501971
13.1 12.929025
11.599999 11.670579
11.400001 11.335141
11.3 11.320824
12.723423 13.494581
10.2 10.649113
10.70206 10.727109
12.899998 12.460737
11.1 11.207475
12.299998 11.597391
11.2 11.190662
11.5 11.695385
11.3 11.532238
11.2 11.207534
11.599999 11.391634
11.3 11.438782
11.5 11.340164
11.599999 11.63735
12.299998 11.989191
12.199999 11.798246
13.466532 13.561115
13.520216 12.512667
11.1 11.22916
11.900001 11.904261
11.599999 11.356734
10.40103 10.412388
13.600039 13.078278
11.999998 11.967417
11.2 11.249417
14.500117 13.134737
11.2 11.273724
11.7 11.801711
11.7 11.718241
11.5 11.496464
12.899998 11.490634
11.900001 12.01114
13.399989 11.97178
12.1 11.507186
11.8 11.788785
11.5 11.478522
11.900001 11.4543705
11.599999 11.617138
12.1 11.850594
11.3 11.3354435
11.400001 11.360744
12.299998 12.062365
11.8 11.862875
10.40103 11.942892
11.2 11.213158
11.3 11.382733
11.2 11.232803
10.70206 10.707417
12.099998 12.061923
12.30831 12.163549
9.890485 10.278163
14.299971 14.3067665
12.899998 12.793778
10.668636 10.679751
13.000009 12.369101
12.1 12.092246
11.2 11.3765
12.299998 12.535246
11.2 11.235796
12.399998 11.713701
11.2 11.490446
11.5 11.598308
11.2 11.363091
11.2 11.205366
11.2 11.306797
11.1 11.245485
12.499997 12.135747
13.1 13.239794
11.900001 11.917704
11.8 11.823424
13.1 12.612472
10.4 10.3501005
11.3 11.233485
11.2 11.240731
11.900001 11.885712
11.3 11.344496
11.900001 11.888469
11.900001 11.917231
11.400001 11.3966465
13.1 12.732664
11.1 11.194816
10.70206 10.717457
10.00309 11.190835
11.8 11.628344
11.400001 11.413824
11.2139435 11.362759
11.599999 11.554148
11.8 11.755386
9.79897 10.121278
11.2 11.281517
11.1 11.145405
12.986056 10.844014
11.400001 11.333682
12.799992 12.146972
11.2 11.350344
11.999998 11.595369
12.1 12.163572
11.3 11.248153
11.7 11.820538
11.5 11.60638
11.5 11.524237
13.000009 12.772811
11.7 12.209969
11.5 11.464934
11.3 11.35113
11.1 11.124778
11.7 11.588156
13.500008 13.745045
10.9758215 10.756972
12.699998 12.066821
11.900001 11.924562
12.189909 12.001931
11.999998 12.102629
11.058607 10.390125
11.5 11.442859
11.900001 11.90846
11.5 11.492907
11.3 11.292353
11.599999 11.85039
13.1 12.41555
10.622879 11.226752
11.1 11.075287
12.499997 11.993657
11.1 10.765456
11.3 11.330245
11.3 11.235124
11.2 11.198594
11.2 11.2571535
12.668636 12.596596
11.900001 11.68022
13.299971 12.673908
10.70206 10.797558
12.299998 12.78935
10.1 10.301176
11.2 11.2296715
11.3 11.31997
11.1 11.167056
13.800057 13.5068245
12.199999 11.84591
11.7 11.689434
13.652842 13.29073
11.2 11.233485
11.1 11.143981
11.999998 11.864002
11.3 11.436552
11.1 11.131057
11.017215 11.486961
11.2 11.30981
11.900001 11.878225
12.599997 12.237595
12.699998 11.828028
11.5 11.414774
13.800057 14.2137375
11.2 11.178375
11.3 11.580779
12.799992 12.878475
11.2 11.213123
12.499997 12.312267
11.5 11.627961
10.6 10.606633
11.999998 11.97793
12.199999 12.963865
14.1 14.131632
11.8 11.842503
11.2 11.185396
11.599999 11.662799
12.1 11.873975
11.7 13.065719
12.899998 13.202301
13.600039 12.627302
11.900001 11.763115
11.999998 11.906974
11.599999 11.170779
14.1 14.209251
11.400001 11.390225
11.2 11.420612
12.399998 11.831028
12.1 11.674127
11.1 11.187496
12.5685215 12.457922
11.999998 12.000416
11.400001 11.380299
11.0 11.05193
11.1 11.129564
11.900001 11.906363
10.19691 10.305765
11.900001 11.918935
11.3 11.488002
11.3 11.220565
11.900001 11.899517
10.1 10.512484
9.70206 9.8089695
11.2 11.225047
11.999998 11.925973
11.1 11.17749
11.2 11.195036
11.1 11.186861
11.7 11.8661175
11.999998 11.931368
12.399998 12.082267
11.435792 11.464903
11.999998 11.945487
11.400001 11.417809
11.900001 11.916502
13.40103 13.507975
11.8 12.323754
11.7 11.688994
11.8 11.773038
11.2 11.399487
11.582672 11.728252
11.3 11.405394
11.1 11.188058
11.5 11.400716
11.8 11.629248
11.5 11.407113
11.3 11.280363
11.1 11.180682
11.921121 11.911501
12.199999 12.173214
11.599999 11.609518
11.7 11.674397
11.254902 11.191471
11.400001 11.34475
11.3 11.377219
11.8 11.903628
11.2 11.176946
11.5 11.604879
11.1 11.159172
11.400001 11.11128
11.3 11.254728
12.399998 12.532308
11.599999 11.301328
11.8 11.805726
12.599997 11.925545
10.1 10.536514
11.599999 11.554671
11.999998 11.912589
11.400001 11.604047
11.900001 11.95401
11.900001 12.136956
12.022269 11.810874
11.1 11.12849
11.3 11.455217
11.2 11.148576
11.1 11.183359
11.1 11.35261
11.8 11.925116
10.9 10.859251
11.2 11.199647
12.199999 12.053578
11.999998 11.95932
11.400001 11.956082
11.2 11.24319
11.1 11.443709
13.543697 13.231021
11.900001 11.915658
12.699998 12.529161
12.499997 12.198859
11.400001 11.444445
11.5 11.8237095
15.400163 13.746498
11.1 11.490498
11.2 11.202135
11.2 11.264027
11.1 11.228733
11.1 11.176546
11.2 11.207301
11.999998 11.787601
10.40103 10.583131
11.1878605 11.191246
11.5 11.453052
10.79897 10.290551
13.999974 13.857726
10.40103 10.643464
11.1 11.140494
11.400001 11.4033985
11.900001 11.883533
11.999998 11.897653
11.2 11.255325
11.2 11.207902
11.2 11.219074
11.5 12.008299
11.2 11.372035
11.900001 11.737042
11.599999 11.51076
11.028118 11.119287
11.400001 11.345842
12.199999 12.071012
11.7 11.851212
11.1 11.169208
11.1 11.019633
12.79897 13.245838
14.496618 14.3762
13.1 12.047114
11.400001 11.510292
11.3 11.36138
11.8 11.751648
11.3 11.300259
11.999998 14.214611
11.3 11.390227
11.1 11.20872
11.999998 11.957004
11.599999 11.335069
11.3 11.370579
11.7 11.571061
11.400001 11.439794
11.999998 11.977905
11.3 11.400614
12.499997 12.223722
10.8 10.6279545
11.5 11.627856
12.199999 12.088072
11.2 11.267339
12.599997 12.400703
11.8 11.848923
11.3 11.282699
11.1 11.693769
12.399998 12.037924
12.899998 12.463947
11.3 11.287061
12.399998 12.316586
10.40103 10.645393
11.5 11.942276
11.400001 11.512705
11.3 11.334305
11.3 11.755483
12.1 11.895021
12.1 11.691798
11.1 11.139238
12.1 11.935766
11.5 11.507292
11.8 11.871925
10.2 10.566923
11.5 11.584005
10.122276 10.116291
13.299971 13.545189
11.8 12.29065
10.1 11.236996
11.2 11.332705
11.999998 11.749069
11.435792 11.5199175
11.3 11.397161
11.400001 11.490819
10.1 10.334369
11.900001 11.628191
12.799992 12.561881
11.8 11.852909
11.2 11.209663
11.999998 11.931646
11.5 11.5601845
11.2 11.18559
11.3 11.360123
10.70206 11.195152
12.499997 12.051954
12.799992 13.175356
11.599999 11.581266
12.399998 11.865367
11.900001 11.885725
11.3 11.264987
14.59485 14.39905
14.186186 14.184001
11.1 11.223641
11.599999 11.585215
10.4 10.385102
12.1 12.081025
11.2 11.221915
11.2 11.47374
13.15061 11.45032
11.900001 11.798603
11.999998 11.924677
11.3 11.326668
11.900001 11.929264
11.999998 11.601253
11.400001 11.469474
12.1 12.076459
11.3 11.332851
14.79897 13.982461
11.900001 11.828439
11.966461 12.609392
11.7 11.327664
11.7 11.583284
10.76294 12.201166
11.7 11.54188
11.2 11.222479
11.900001 13.092301
11.7 11.694042
11.599999 11.2927065
11.900001 11.77323
11.1 11.165082
11.1 11.147295
11.5 11.517329
13.399989 13.080917
11.1 11.117856
11.267491 10.979518
11.5 11.366749
12.899998 12.863882
11.900001 11.713196
11.1 11.254542
12.491108 12.021643
12.299998 12.272996
10.70206 10.716402
11.684318 11.611151
11.3 11.266331
11.3 11.256473
11.3 11.422958
11.900001 11.875554
11.900001 11.859456
11.1 11.123308
13.321849 13.2084875
11.400001 11.351551
11.3 11.327755
11.900001 11.896482
13.399989 13.022629
11.8 11.764051
11.2 11.39357
11.1 11.193756
13.622879 12.910082
11.900001 11.858
11.2 11.752239
11.900001 11.369186
11.900001 11.9285345
11.5 11.585276
11.1 11.131188
11.5 11.501664
11.3 11.75926
11.40103 10.756658
10.5 10.678052
11.5 11.458654
11.7 11.824052
11.2 11.275368
11.7 12.346071
12.699998 12.564845
11.599999 11.746237
11.543697 11.518362
12.367606 12.174479
11.900001 11.905025
11.2 11.476536
11.3 11.659944
11.8 11.858632
11.400001 11.398486
12.043096 11.507702
11.4413 11.627095
10.8 10.752036
11.2 11.323963
11.2 11.370791
13.399989 12.722002
14.79897 14.183323
12.799992 13.289175
11.1 11.2561
11.900001 11.901111
11.3 11.391233
11.400001 11.387955
12.299998 12.001534
12.228427 11.2239685
10.5 10.8081665
12.299998 12.254619
11.321849 11.466692
10.685027 10.906248
11.2 11.204964
11.900001 11.861211
13.1 12.215589
12.906876 12.119513
11.8 11.857022
12.622879 11.936832
11.599999 11.720037
11.2 11.284583
11.1 11.659707
14.40103 12.905355
13.314671 12.1622505
11.5 11.481375
11.599999 11.820835
12.299998 12.120773
11.2 11.245623
10.40103 10.514173
12.299998 12.5991535
11.2 11.185726
11.999998 13.572697
11.7 11.711313
12.699998 12.6008005
11.1 11.1624565
11.1 12.01538
14.999629 13.510287
11.2 12.58433
11.999998 11.98887
11.3 11.341894
11.599999 11.824339
11.599999 11.640647
11.2 11.186846
11.1 11.165394
11.999998 11.969133
11.8 11.884202
12.1 11.539229
13.399989 12.444307
11.599999 11.603657
11.400001 11.417194
11.999998 11.96411
11.7 11.615106
11.1 10.976113
13.600039 12.466457
11.999998 12.166289
11.900001 11.664274
12.399998 11.9178505
11.8 11.832949
12.719789 12.27149
11.900001 11.856884
11.1 10.933069
10.1 10.182589
11.1 11.158326
11.900001 11.900294
12.299998 12.323937
11.900001 11.903229
12.1 11.812819
11.2 11.399488
12.899998 12.849883
11.5 11.541205
12.199999 12.493288
11.1 11.149295
11.2 11.205354
11.2 11.211732
12.499997 12.485882
11.900001 11.826304
11.1 11.088201
11.2 11.356799
11.599999 11.654248
11.599999 11.56602
11.1 12.555263
12.199999 11.584395
10.5 10.8208685
11.2 11.37718
11.3 11.3592005
13.3174305 13.198494
12.399998 11.347746
12.499997 12.435143
11.400001 11.460919
11.2 11.241003
11.1 11.243684
11.7 11.643622
11.1 11.127402
11.8 11.8912115
11.7 11.686732
10.8 10.563268
11.622879 15.610088
11.7 11.799166
10.2 10.33273
11.1 11.156009
11.7 11.647817
12.299998 12.071271
10.622879 10.655568
11.5 11.499998
11.900001 11.720468
11.5 11.487814
11.2 11.250947
11.1 11.339428
11.599999 11.950344
11.1 11.185262
11.900001 11.844724
11.8 11.426455
11.1 11.150024
11.5 11.680067
11.2 11.199582
11.900001 11.904007
11.8 11.778458
10.1 10.615436
11.599999 11.558671
11.1 11.129105
11.3 11.562302
11.8 11.8277445
11.8 11.610071
11.5 11.49094
13.488122 12.277904
11.900001 12.184673
11.8 11.769651
12.199999 11.935753
10.7 10.661683
11.3 11.289724
11.5 11.712449
10.40103 10.593962
11.999998 12.43796
11.900001 11.868019
11.2 11.237804
11.400001 11.410088
11.1 11.150078
11.0 10.727829
11.599999 11.619887
14.180922 14.303291
11.40103 10.885688
12.199999 11.797259
10.1 10.492558
11.3 11.325058
13.299971 13.009821
11.5 11.643508
11.1 10.536851
10.70206 10.712217
11.3 11.295578
11.2 11.201049
11.900001 12.511869
11.1 11.14044
11.2 11.19229
12.1 11.980446
11.2 11.233992
11.599999 11.659661
12.299998 12.666283
13.600039 12.980301
11.900001 11.507126
11.0 10.839303
13.699981 12.581937
11.999998 11.454377
13.1 12.552551
11.900001 12.211274
12.499997 12.658971
13.892513 14.622108
13.117729 13.146964
11.7 11.321244
11.3 11.332333
11.8 11.7699
11.1 11.278611
14.1 14.33796
11.5 11.567635
12.399998 12.8821535
11.400001 11.456705
11.599999 12.669082
11.900001 11.867525
11.900001 11.907039
11.5685215 12.070253
11.1 11.267756
13.600039 11.38092
11.2 11.341643
11.900001 11.827559
11.2 11.234503
11.599999 11.67247
11.900001 11.601875
11.8 11.7705
11.923909 12.470677
11.5 11.317287
10.4 10.326363
11.3 11.709795
11.1 11.118652
11.999998 12.345292
13.694213 13.789702
12.599997 12.657361
11.8 11.805624
11.3 11.761764
11.7 11.605762
11.7 11.715419
11.3 11.315629
11.1 11.255292
11.1 11.119939
12.299998 11.692646
11.7 12.08277
11.599999 11.641302
11.8 12.706814
11.599999 11.482805
10.6 10.674589
10.49794 10.647026
11.8 11.847134
11.900001 11.915283
11.599999 11.157515
11.400001 11.346861
11.7 11.740808
11.3 11.455661
12.399998 11.8491745
10.6 10.713525
11.5 11.48221
11.392429 11.381808
13.155518 13.144989
10.7 10.601624
10.1 10.182316
13.500008 13.447897
11.2 11.328123
11.2 11.211216
11.8 11.762556
11.900001 12.191696
12.299998 12.937004
11.5 11.46022
10.8447275 10.190269
10.637602 10.998052
11.599999 11.595118
11.5 11.390319
11.400001 11.395271
11.400001 11.52596
11.2 11.8750305
11.599999 11.720318
13.999974 13.135447
11.3 11.331184
12.1 11.97496
11.1 11.096118
11.599999 11.584686
13.899971 13.240152
11.2 11.210446
11.1 11.1761875
11.900001 11.944283
11.2 11.153148
11.2 11.246756
11.400001 11.387156
12.299998 11.336425
11.5 11.506935
11.2 11.437889
11.1 11.304417
11.7 13.619089
11.8 11.820987
11.1 11.293468
11.5 11.178658
11.2 11.172706
12.499997 11.909838
11.599999 11.590976
11.900001 11.883142
11.3 11.34188
11.7 11.394704
11.8 11.430415
10.4 10.703001
11.1 11.174689
11.2 11.177239
11.7 11.706528
11.3 11.470272
11.8 11.89233
11.1 11.210088
11.400001 11.444732
11.900001 11.850659
11.400001 11.275112
10.1 11.3938675
11.3 11.3439665
11.7 11.72234
11.5 11.424396
11.2 11.942931
11.599999 11.522705
11.2 11.229532
11.2 11.416138
11.59485 11.212243
13.1604805 13.459983
13.600039 11.997627
12.757577 12.473191
12.399998 12.063678
11.8 12.144035
13.1 12.969189
10.757577 10.737777
11.1 11.232626
11.900001 11.877308
10.70206 11.042308
11.900001 11.880696
13.200015 12.85314
11.7 11.250199
11.2 11.200712
11.5 11.220514
11.8 11.809837
11.2 11.382533
11.1 11.135667
11.999998 11.914141
11.453596 10.927923
12.399998 12.449476
12.1 12.479954
10.1 11.179813
14.1 11.319754
10.622879 10.65392
11.400001 11.577671
12.599997 11.642681
12.27437 12.336803
13.399989 11.965919
9.79897 9.989025
11.599999 11.634808
11.1 11.193317
12.699998 12.503227
11.1 11.149357
10.49794 10.497947
11.1 11.329469
11.2 11.211054
11.8 11.829753
11.2 11.289055
15.1 14.938849
11.400001 11.53257
12.199999 12.276406
11.3 11.255434
11.351812 11.069894
11.2 11.194
11.900001 11.91882
11.5 11.495794
11.599999 11.695051
13.1 13.234819
11.2 11.243013
11.900001 11.881746
11.2 11.401033
12.399998 12.389196
11.900001 11.890937
12.499997 12.082955
13.40103 13.145561
12.299998 12.116734
11.599999 11.464098
11.3 11.326083
11.2 11.197704
12.199999 12.605573
12.418758 11.215448
11.3 11.31159
11.400001 11.168413
12.104364 11.974929
11.3 11.3106165
11.400001 11.490786
11.1 11.1494055
13.986056 13.815887
11.8 11.789696
11.900001 11.948816
10.70206 10.719237
12.399998 11.661311
11.3 11.517264
11.599999 12.51342
11.599999 11.646606
11.400001 11.341015
11.2 11.712183
11.599999 11.716323
11.8 11.801067
12.344125 12.748269
11.1 11.422792
13.399989 13.132774
12.899998 12.280167
11.2 11.3125725
11.7 11.738454
11.400001 11.336013
11.7 11.710015
12.799992 13.182855
11.8 11.847308
11.400001 11.627277
10.59485 10.9770775
11.3 11.246206
11.2 11.477827
14.600313 13.588318
12.899998 12.572868
10.953872 11.178637
11.599999 11.7347355
11.400001 11.499257
11.5 11.283225
13.299971 14.122089
11.599999 11.211774
13.200015 13.344279
11.7 11.485305
11.2 11.253564
13.19691 12.930662
12.299998 11.816132
12.1 12.639793
11.900001 11.931984
12.399998 11.644785
10.8447275 10.948889
11.2 11.231229
11.8 11.811134
11.5 11.436543
11.5 11.315929
13.00309 13.454718
11.599999 11.351066
11.2 11.16099
10.79897 10.90716
11.19691 11.404893
11.2 11.363486
11.900001 11.932475
12.799992 12.562036
11.7 11.74585
11.1 11.147356
11.8 11.824034
11.599999 11.37914
11.999998 11.718121
11.999998 11.889726
11.5 11.379301
11.900001 11.922558
11.2 11.166522
11.8 11.709737
11.900001 11.907874
11.3 11.328574
12.1 11.498417
11.1 11.164218
11.1 11.162495
11.3 11.437931
11.5 11.4202795
12.299998 11.968635
11.2 11.172013
11.4372425 10.658145
11.1 11.5263605
10.8 11.170235
11.622879 10.900619
11.599999 11.666264
11.1 11.163921
11.8 11.695952
11.1 11.147669
11.3 11.322271
11.1 11.145432
14.600313 14.428689
11.1 11.643128
11.999998 12.120132
12.199999 12.414922
11.1 11.150521
12.299998 12.640006
11.2 11.182288
13.000009 12.825936
12.199999 13.456053
11.599999 11.575895
11.7 11.884453
11.1 11.150913
11.5 11.519656
11.2 11.270451
11.5 11.394417
11.2 11.238276
11.2 11.210164
11.400001 11.398749
11.400001 11.462973
10.1 10.247545
11.7 12.048339
15.1 14.843872
11.599999 11.637266
11.1 11.159797
11.1 11.212802
12.399998 11.67136
11.999998 11.92552
11.3 11.354083
11.747817 11.7768545
11.400001 11.498959
11.8 11.876392
13.299971 12.728903
11.900001 11.8269415
11.7 11.745967
11.999998 11.955522
12.19691 12.505184
11.1 10.948985
11.193093 11.195151
12.299998 11.900283
11.218616 10.900505
11.1 11.151645
11.2 11.436924
11.1 11.184569
13.000009 12.894583
12.1 11.84183
11.2 11.168179
11.1 11.138415
11.900001 11.865325
11.1 10.753299
11.900001 11.942459
12.1 11.857694
11.3 11.300213
10.3 10.783423
11.1 11.172243
11.7 11.648626
11.2 11.237669
11.8 11.836267
11.400001 11.44019
11.2 11.2931595
11.8 11.825863
11.2 11.201876
11.2 11.237395
11.7 11.732246
13.300659 13.359889
11.3 11.257127
11.79897 12.172404
11.3 11.331033
10.79897 10.279995
11.999998 12.034235
11.49794 10.376058
11.2 11.518424
11.900001 11.65864
11.900001 11.939905
11.8 11.80289
11.1 11.122444
11.8 11.449087
11.1 11.127989
12.199999 12.475005
11.2 10.888333
11.2 11.190389
12.581486 12.077298
11.543697 11.264666
11.900001 11.914071
11.900001 11.84963
11.5 11.44117
11.1 11.174023
11.1 11.143173
12.899998 13.270367
11.2 11.254838
11.8 11.827496
11.1 11.16988
11.2 11.293383
9.79897 10.160703
13.1 13.302897
12.581486 14.0161705
11.400001 11.459285
11.900001 11.933018
11.900001 11.908774
11.2 11.307513
11.3 11.369362
11.900001 11.911384
11.1 11.141196
11.2 11.24851
11.1 11.132194
11.5 11.69454
11.1 10.676207
12.299998 11.418546
11.5 11.416587
13.1 12.936391
11.7 11.750866
11.2 11.288118
11.1 11.162725
11.599999 11.630055
11.2 11.163666
12.531798 12.336865
11.900001 11.908989
11.1 11.235925
11.3 11.340662
12.499997 12.116677
11.900001 11.869959
11.5 11.242567
11.2 11.23609
11.923909 11.821415
11.8 11.846012
11.3 11.300072
11.1 11.209022
11.8 11.964767
11.5 11.552484
11.900001 11.983942
11.3 11.46705
12.199999 11.8097725
10.5 10.704561
10.6 10.612467
14.299971 13.824559
11.7 11.7934885
11.1 11.329903
11.8 11.83957
14.949485 14.075397
11.7 11.650758
11.8 11.552462
11.2 11.1709795
11.400001 11.337086
11.1 11.161747
11.1 10.53415
11.3 11.593524
12.599997 12.001356
11.5 11.510107
11.7 11.597312
11.3 11.21082
11.3 11.521098
12.466532 12.7531395
14.200179 11.907283
11.3 11.330631
11.2 11.313818
11.1 11.567312
10.1 10.294823
11.2 11.452245
11.3 11.383819
11.900001 11.883904
11.3 11.4372
11.3 11.292801
11.599999 11.644349
11.400001 11.425852
11.340546 11.325053
11.652842 11.922641
13.1 12.720485
11.8 11.836188
11.2 11.202444
12.020819 13.80206
11.900001 11.878992
11.900001 11.906574
12.1 11.654137
11.599999 11.564156
11.900001 11.857213
12.399998 11.59665
14.441478 13.533002
11.3 11.329612
11.999998 11.97426
11.999998 11.925741
11.999998 12.35361
11.900001 11.749497
11.1 11.313074
11.599999 11.657054
11.599999 11.812863
11.2 11.1817045
11.8 11.926382
11.8 11.780205
13.699981 12.761807
11.3 11.377161
11.7 11.65283
11.3 11.893523
11.2 11.232892
11.2 11.179828
9.79897 10.286893
11.3 11.388869
11.2 11.245092
10.622879 10.700194
12.799992 12.232269
11.317054 11.310376
11.8 11.884041
11.7 11.677573
12.499997 12.643541
11.5 11.428171
11.2 11.1877775
11.1 11.49811
11.1 11.110444
11.400001 11.44569
11.2 11.245266
11.999998 12.047424
12.699998 12.736675
12.199999 12.303065
11.599999 11.877004
13.899971 12.861171
14.869551 14.32347
13.299971 12.770092
11.599999 11.563379
11.400001 11.560039
11.8 11.857853
12.599997 11.991367
12.1 11.672518
10.40103 10.544797
12.299998 12.168833
10.272631 11.827853
11.2 11.310943
11.900001 11.8778
11.400001 11.405848
11.999998 11.992183
11.1 11.185793
11.1 11.162868
11.7 11.691237
10.1 10.416376
11.2 11.323223
12.599997 12.849834
13.869551 12.774966
11.3 11.2622385
11.3 11.670485
11.599999 11.709434
11.999998 12.77918
11.8 11.721186
12.799992 12.794434
13.200015 11.964031
11.8 11.838032
11.1 11.186512
11.5 11.5063505
11.400001 11.226847
11.2 11.277763
13.899971 13.521181
11.7 11.93275
11.2 11.573805
11.3 11.658256
11.2 11.195734
11.5 11.503569
11.5 11.557042
11.3 11.594818
11.599999 11.67874
11.2 11.268003
11.8 11.807926
11.2 11.072507
11.5 11.487668
11.3 11.408388
11.1 11.196307
11.40103 11.707175
11.900001 11.929552
11.8 11.813137
12.199999 11.838074
11.7 11.7867565
11.2 11.182228
11.1 11.230837
11.8 11.819984
11.3 11.292081
10.622879 10.702489
13.399989 12.602055
11.2 11.200763
11.1 11.063088
11.8 11.504876
11.8 11.813062
11.1 10.684818
10.40103 10.522688
11.2 11.254708
11.19691 11.50392
14.1 13.745549
10.020819 10.286893
13.699981 13.666964
11.5 11.383689
11.2 11.205054
11.2 11.265202
11.999998 11.901979
11.70103 11.642999
11.900001 11.865984
11.1 11.103396
11.1 11.148716
12.191515 11.8864355
11.599999 11.563646
11.8 12.216657
11.5 11.112914
11.8 11.551771
11.8 11.860644
13.299971 12.821629
11.400001 11.503226
11.5 11.663016
11.900001 12.035964
11.1 11.374846
11.999998 12.030985
12.399998 12.036293
11.2 11.274789
11.3 11.258782
12.779854 11.650163
11.900001 11.9066305
11.3 11.264228
11.5 11.659238
11.8 11.837029
11.400001 11.538161
11.2 11.287061
11.1 11.142382
11.3 11.42058
11.8 11.907573
11.5 11.500198
11.641513 11.28337
11.2 11.283849
11.1 11.131172
11.1 11.160431
11.400001 11.2918415
12.399998 12.254566
12.499997 12.042259
14.29897 13.646286
10.6 10.676389
11.5 11.504949
10.98941 10.667209
11.7 11.732078
11.3 11.331933
11.3 11.321574
11.2 11.061977
11.999998 11.968911
11.203953 11.227371
11.1 11.191721
11.900001 11.818082
11.599999 11.359569
11.1 11.1676
11.900001 11.904625
11.599999 11.624771
11.2 11.206817
11.2 11.176643
12.599997 12.14397
11.2 11.283539
11.900001 11.893485
11.175305 11.220977
12.299998 12.078925
11.900001 11.889105
11.2 11.486298
11.5 11.754866
11.900001 11.788038
12.1 11.573873
11.599999 12.047608
11.5 11.55895
11.5 11.484172
11.738272 12.466972
10.40103 10.787464
11.5 12.081492
11.7 11.693382
11.7 11.1872835
11.2 11.291007
15.500117 14.059589
10.608639 10.485575
11.2 11.170437
11.2 11.1863
11.7 12.310898
11.2 11.232961
11.1 11.154475
11.2 11.173126
13.800057 12.771036
11.5 11.641415
11.8 11.851532
11.8 11.833951
11.8 11.755541
11.2 11.430802
11.400001 11.331158
13.800057 12.932774
10.1 10.835153
11.2 11.212563
11.49794 11.504067
11.400001 11.443255
11.599999 11.825847
11.2 11.611117
11.869551 11.157507
11.2 11.65681
11.2 11.283755
11.2 11.198481
11.2 11.233516
11.2 11.191214
11.999998 12.03856
11.3 11.577922
13.800057 13.924843
11.999998 11.889259
13.062573 12.727816
11.900001 11.877259
10.40103 10.530479
11.400001 11.572981
12.699998 12.059958
11.2 11.18345
11.5 11.534069
9.79897 10.041826
11.2 11.21228
10.49794 10.556622
11.900001 11.915008
11.19691 10.926706
11.2 11.142842
11.599999 11.269847
11.400001 11.431994
11.599999 11.5781
11.900001 11.915886
12.1 11.684522
11.2 11.226427
11.2870865 11.0849695
12.199999 11.784554
11.999998 11.93753
11.999998 11.985409
11.599999 11.635719
13.899971 13.961728
11.5 11.517336
10.3 10.475169
12.1 11.888679
10.5 10.605807
11.8 11.243003
11.2 11.300463
10.923909 10.228554
12.699998 12.206686
11.900001 11.638853
10.1 10.237782
11.599999 11.378512
11.999998 11.983447
11.900001 11.877014
11.547423 10.410932
12.499997 12.943552
13.1 13.616604
10.40103 10.684241
11.999998 11.697792
11.8 10.999768
11.2 11.229646
12.1 11.509105
12.499997 12.7149935
14.446788 14.180165
13.000009 12.546562
11.900001 11.896883
11.7 11.678144
11.1 12.553065
11.900001 11.94603
11.2 11.167676
11.5 11.511147
11.2 11.283535
11.2 11.189643
11.1 11.4827585
11.1 11.187905
10.1 10.310867
11.7 11.697415
12.923909 13.082529
11.599999 11.550382
11.2 11.215874
11.2 11.266359
12.499997 11.243548
11.599999 11.352177
11.599999 11.573866
12.199999 11.876975
11.1 11.041121
10.1 10.206516
11.3 11.522451
14.200179 14.310902
11.3 11.404684
11.2 11.252138
9.79897 10.0599575
11.7 13.538736
11.8 11.718847
11.8 11.870068
13.427902 13.958506
11.2 11.269285
11.999998 11.932202
11.8 11.816772
11.900001 11.899624
12.399998 12.137592
11.1 11.147783
11.2 11.386793
11.3 11.728593
10.8 11.451177
10.49794 10.518841
11.400001 11.29966
11.3 11.410243
11.8 11.715892
11.8 11.809909
11.8 11.814943
11.8 11.793308
13.999974 13.193571
10.70206 10.717393
11.900001 11.71446
12.299998 13.054543
11.1 11.1148205
12.536519 12.38853
11.5 11.876849
11.8 11.706457
11.400001 11.329497
11.8 12.073561
11.900001 11.81772
11.1 11.176722
13.062573 12.345617
11.900001 11.5085745
11.999998 12.460393
11.900001 11.887313
11.8 11.824995
11.3 11.274084
10.4 11.002247
11.3 11.260378
11.2 11.268881
11.2 11.268444
11.2 11.199353
10.777781 10.273597
11.3 11.400223
11.7 11.444068
11.5 11.520182
12.799992 12.017922
11.900001 11.88843
11.3 11.355542
11.155518 11.635467
11.7 11.673199
11.3 11.174877
11.400001 11.437508
11.7 11.678374
11.7 12.043708
11.2 11.34155
11.2 11.1250515
11.1 11.150839
11.900001 11.723915
11.900001 12.766298
10.79897 11.069635
12.499997 11.935802
10.19691 10.224427
10.7 11.468973
11.7 11.59133
11.1 11.181894
11.400001 11.309064
11.2 11.17883
12.399998 11.622867
11.8 11.809473
12.1 11.937899
11.900001 11.493925
12.399998 11.31029
11.900001 11.889052
11.5 11.497746
11.1 11.03294
11.900001 11.902244
11.3 11.915075
11.2 11.220411
10.7 10.599737
13.600039 13.536521
11.543697 11.741466
11.900001 11.301147
11.30135 11.12592
11.2 11.28083
11.020819 11.489326
11.5 11.659387
11.2 11.207891
10.1 10.498617
13.8447275 12.912718
11.5 11.52138
11.2 11.351051
11.207893 11.328652
13.520216 13.372824
11.3 11.327246
10.3 10.653534
11.1 11.136208
11.7 11.768906
12.299998 11.676019
11.400001 11.425022
11.1 12.727747
12.1 12.598741
10.1 11.271639
11.2 11.253272
12.899998 13.000744
12.399998 11.540335
11.8 11.700576
11.3 11.494614
10.49794 10.514547
11.2 11.17008
11.2 11.277946
11.599999 11.648694
11.2 11.206623
11.5 11.697557
12.299998 12.71823
11.1 11.172152
11.194204 11.350414
12.199999 11.94963
12.199999 11.558691
11.599999 11.510899
11.7 11.583161
11.254902 12.703012
11.400001 11.437249
11.7 11.7408905
11.1 11.569113
13.608639 13.312963
10.3 10.395118
11.900001 11.337952
11.2 11.189558
12.699998 12.446995
11.2 11.189356
12.299998 11.57242
11.400001 11.480159
11.7 11.774996
11.3 11.363233
11.599999 11.636884
13.800057 12.738854
11.8 11.694287
11.8 11.89665
10.8447275 10.596826
11.3 11.355973
11.2 11.294987
11.5 11.533009
11.5 11.516933
11.5 11.489412
10.622879 10.739182
12.299998 12.063599
11.999998 11.92657
11.900001 11.879554
11.999998 11.926851
12.499997 12.386755
14.600313 13.625666
12.299998 11.850241
11.999998 11.9869585
11.599999 11.576248
11.999998 11.965429
11.599999 11.580038
11.1 11.209238
11.1 11.129679
11.2 11.25461
11.7 11.65714
11.900001 11.903431
10.70206 10.747466
11.3 11.361996
12.79897 13.324879
13.600039 13.319457
11.8 11.415138
11.999998 11.2205515
12.199999 11.887509
11.599999 11.659298
10.1 10.288468
11.2 11.297584
11.900001 12.369797
11.599999 11.645495
11.2 11.58635
11.2 11.17225
12.699998 11.790424
12.299998 13.09245
11.2 11.290015
11.1 11.302053
11.2 11.259198
11.7 11.421725
12.29382 12.090069
12.1 12.108328
11.400001 11.34542
11.599999 11.315795
11.2 11.221033
11.2 11.955541
13.1 12.553211
11.7 12.997028
10.4 10.542242
11.900001 11.889887
11.5 11.505489
11.3 11.266115
12.799992 11.9143305
11.8 11.675667
11.3 11.359757
11.3 11.203062
11.999998 11.637111
11.999998 11.967744
11.999998 11.901339
11.3 11.333539
11.3 11.181685
14.200179 14.294352
11.3 11.46305
10.70206 10.669601
11.599999 11.553175
13.200015 12.776613
11.5 11.635911
11.2 11.512281
11.2 11.186271
11.8 11.542105
11.5 11.47184
12.60724 12.108575
11.2 11.275967
12.699998 12.098107
11.8 11.910486
12.499997 12.012616
11.599999 11.643466
11.999998 11.883693
13.049981 12.67503
13.399989 13.024428
10.622879 11.268317
10.1 10.492128
11.400001 11.405238
11.3 11.428213
12.299998 12.534528
11.2 11.304404
11.8 11.82255
11.242667 12.190219
11.400001 11.404925
11.2 11.202677
11.3 11.791673
11.2 11.22224
11.2 11.182338
11.999998 12.201604
11.2 11.190867
11.599999 11.661229
11.599999 11.78733
11.599999 12.0396805
11.7 11.933779
12.199999 11.692301
11.2 11.22007
11.2 11.385929
11.1 11.380826
11.1 11.13858
11.2 11.175341
11.2 11.323651
11.2 11.179984
11.900001 11.825779
11.3 11.383857
11.8 11.863566
11.400001 11.719627
11.3 11.417697
11.8 11.8496685
11.999998 11.941278
10.8 10.553302
14.79897 14.098988
11.1 11.176642
12.078811 12.421202
11.2 11.279121
11.900001 11.993074
12.199999 12.141275
11.1 11.149825
11.2 11.407815
13.600039 11.678147
12.5111685 10.958249
10.70206 11.949242
11.1 11.176631
13.200015 13.29199
13.600039 13.779741
11.8 11.870786
11.599999 10.676653
11.2 11.173588
16.518217 14.783573
11.1 11.2087755
13.200015 13.023758
11.1 11.222811
12.1 12.030769
9.49794 10.130151
11.999998 11.944517
11.7 11.764134
12.1 12.662807
11.2 11.218165
11.999998 12.277147
11.5 11.618452
12.829721 12.398881
12.399998 11.694813
11.400001 11.521773
12.1 11.639711
11.0 10.682179
11.8 11.859498
12.399998 12.042717
11.5 11.565508
12.699998 12.507439
9.49794 10.552494
11.400001 11.582091
11.668636 12.529379
11.2 11.241297
11.1 11.124397
11.999998 11.935461
11.900001 11.900349
11.3 11.297053
11.8 11.778734
12.799992 13.232373
11.2 11.515534
11.2 11.320572
11.7 11.710506
11.599999 11.411593
11.8 11.5351715
11.5 11.46693
11.5 11.521139
11.1 10.49369
11.5 11.535477
12.399998 12.254019
10.2 10.447457
10.79897 10.301751
14.400163 13.09488
11.1 11.137599
11.7 11.874534
11.986056 12.160753
11.3 11.201606
11.5 11.457258
11.900001 11.880822
11.2 11.304459
11.8 11.8717165
14.70206 14.208036
12.699998 11.657499
11.599999 11.256785
11.2 11.222588
11.900001 11.935008
10.70206 10.68853
11.599999 11.881591
11.8 11.715727
11.1 11.158966
12.680044 12.36644
13.899971 13.346308
12.299998 12.276774
11.1 11.139346
11.637602 11.161943
12.299998 12.322931
11.1 11.162162
11.900001 11.930924
11.8 11.906228
11.900001 11.868943
11.599999 12.055729
11.400001 11.462887
11.1 11.076577
11.400001 11.461287
14.1 13.418043
11.2 11.201646
11.1 11.143685
11.2 11.352643
11.1 11.18427
10.1 10.44677
11.3 11.296965
10.5 10.483487
11.89588 11.509479
11.999998 12.102895
11.5 12.491529
11.7 12.006728
15.600313 15.09647
11.1 11.18621
11.3 11.27129
10.5 10.780618
11.900001 11.876083
11.400001 11.429866
11.5 11.404497
11.118106 11.213636
11.999998 12.002937
11.3 11.564291
11.5 11.510325
11.3 11.122252
11.5 11.653114
11.599999 11.625443
11.5 11.563914
12.399998 12.706119
11.2 11.176025
11.599999 11.60531
12.877283 12.451683
11.400001 11.307467
11.5 11.61958
14.500117 14.135245
11.3 11.370073
11.3 11.351746
11.2 11.217931
11.1 11.148349
11.900001 12.463467
11.8 11.862312
13.155518 13.364603
11.400001 11.404303
11.2 11.218374
11.3 11.373802
11.1 11.247665
12.1 11.958166
11.2 11.245244
11.900001 11.812664
11.400001 11.478244
12.599997 12.907664
11.8 11.799443
11.400001 11.22567
10.1 11.590442
10.622879 10.700742
11.599999 11.62974
12.599997 12.965553
11.8 11.624341
11.900001 11.99766
11.5 11.473372
11.2 11.212289
11.2 11.27358
11.400001 11.375079
11.2 11.232198
11.8 11.617404
10.8 10.713595
11.900001 11.90392
11.900001 11.890861
11.5 11.4506035
14.175721 12.501291
11.900001 11.596829
13.1 12.758305
11.2 11.165999
12.499997 13.109203
12.899998 13.2763
11.599999 11.745691
11.7 11.268342
12.199999 11.579144
11.2 11.835188
11.5 11.50588
11.7 11.671443
11.599999 11.493552
11.900001 11.859682
14.400163 14.086257
10.622879 10.681406
11.900001 11.8643465
14.1 14.088714
11.8 11.263296
11.900001 11.897596
11.7 11.397438
12.9041 12.467892
11.999998 11.994033
12.599997 13.353324
13.000009 12.383293
11.7 11.778709
13.1 12.616047
11.1 11.133407
11.599999 11.554231
11.1 11.186342
15.108774 14.059294
11.400001 11.367882
11.5 11.815406
11.3 11.778727
12.299998 12.395687
11.3 11.385231
14.200179 13.552057
11.3 11.2117815
11.2 11.176147
11.3 11.370241
11.2 11.251955
13.399989 13.338425
11.1 11.159415
11.2 11.186049
11.400001 11.466575
11.7 11.532174
12.699998 12.875743
11.2 11.176239
11.900001 11.88754
13.200015 12.414201
11.5 11.454239
12.899998 11.606433
12.299998 11.84783
11.2 11.170311
11.599999 11.651487
11.599999 11.440137
12.1 11.890909
11.3 11.384859
10.3 10.570081
11.400001 11.421581
11.8 11.824284
12.199999 11.992716
11.999998 12.053912
11.8 11.9418125
11.3 11.401226
13.299971 13.9620075
11.3 11.291556
11.400001 12.021146
13.543697 13.1315565
13.500008 13.2763195
11.3 11.642347
11.5 11.497418
11.8 11.78684
11.900001 11.890489
11.400001 11.282346
11.2 11.205151
12.058607 10.659735
10.2 10.416347
11.1 11.11865
11.7 11.873622
11.1 11.294007
11.1 10.921009
11.8 11.894364
11.2 11.295881
12.27437 12.332558
11.3 11.384148
11.1 11.269846
11.599999 11.692106
11.599999 11.643392
11.1 11.164684
15.192754 13.381922
11.2 11.194399
11.1 11.124157
11.2 11.246351
11.2 11.273126
11.8 11.860066
11.400001 11.418812
11.900001 11.884867
11.900001 11.902239
11.2 11.296932
9.79897 10.160703
11.5 11.504761
12.299998 12.915076
11.7 11.790792
11.2 11.227478
11.3 11.334365
11.900001 11.910639
11.7 11.611573
11.2 11.211056
11.7 11.206245
11.2 11.22678
11.7 12.127038
11.3 11.268541
11.900001 11.890853
11.900001 11.931193
11.400001 11.26332
11.45 11.244457
11.3 11.327228
10.79897 10.889071
11.2 12.843464
11.8 11.883795
11.7 13.287262
11.5 10.814179
11.2 11.142959
11.999998 11.590368
10.40103 10.579349
11.5 12.2611885
12.399998 12.352395
11.1 11.135356
11.2 11.224361
11.2 11.192945
11.2 11.229483
11.8 11.857867
13.4372425 13.262941
11.999998 11.954761
11.2 11.406208
11.2 11.201651
11.5 11.496088
13.020819 10.964784
11.5 11.520834
10.70206 10.916849
11.3 11.317537
11.8 11.881538
12.199999 11.486763
10.1 10.482954
11.1 11.188574
11.7 11.9484215
14.500117 14.734985
12.599997 13.029352
11.599999 11.586069
13.200015 13.105353
11.2 11.218838
11.400001 11.307431
11.3 11.361992
11.1 11.129946
12.399998 13.308174
12.399998 12.376726
11.599999 11.756317
11.2 11.191287
12.399998 12.127116
11.8 11.878377
11.400001 11.254592
11.999998 11.908668
11.5 11.488964
11.2 11.247487
11.900001 11.883585
11.5 11.466197
11.2 11.210547
11.599999 11.495783
12.399998 12.03345
11.2 11.216638
12.058607 11.396407
13.000009 13.395509
11.3 11.477165
11.999998 11.963194
15.058607 13.9513
13.699981 12.547832
11.599999 11.851843
11.900001 12.945307
11.5 11.127372
12.359637 12.275845
11.2 11.246586
14.29897 14.13675
11.3 11.571853
11.5 11.721951
12.399998 12.487003
11.3 11.374285
11.2 11.263492
11.1 11.222656
12.399998 12.400922
11.5 11.311873
12.299998 11.957761
12.1 11.754694
11.1 11.270339
13.899971 13.983833
11.2 11.259177
11.2 11.243854
11.900001 11.857389
11.2 11.235924
11.599999 11.577832
11.3 11.403944
11.8 11.696535
11.2 11.32542
11.1 11.137397
10.2 10.549324
11.599999 11.5587435
12.399998 11.602847
11.2 11.228168
11.2 11.1293955
11.5 11.503344
11.7 11.474399
10.3 10.5004635
11.8 11.7296505
12.449998 12.883331
11.1 11.173942
11.2 11.19976
11.599999 11.707058
10.8447275 10.683585
11.599999 11.557163
11.1 11.160959
11.413951 11.392567
11.999998 11.996688
11.1 11.146415
11.400001 11.442081
11.5 11.60961
11.2 11.199029
11.599999 12.3083
11.7 11.45511
10.40103 10.562862
11.1 11.223307
12.599997 12.091263
11.5 11.45998
11.5 11.59409
11.5 11.501373
11.2 11.237194
11.1 11.244123
11.5 11.881699
12.29074 11.91858
11.2 11.200106
12.599997 12.39262
11.900001 11.9165325
11.2 11.258253
11.2 11.202678
11.3 11.372359
11.8 11.611485
11.999998 11.712334
11.1 11.328421
11.7 11.306036
11.999998 11.965699
11.8 11.837194
11.1 11.208194
11.999998 11.728028
11.3 11.422923
11.1 11.14416
11.3 11.390315
11.7 11.609341
12.399998 12.447816
9.79897 10.300934
12.399998 12.5791645
11.2 11.285814
11.8 11.832012
11.900001 11.935968
12.344125 12.402229
11.2 11.203573
11.1 11.161876
11.2 11.216086
12.699998 12.429475
11.3 11.332128
11.8 11.701988
11.2 11.197776
11.400001 11.3645115
13.699981 14.236501
10.40103 10.695517
11.8 12.788346
11.900001 11.877247
12.499997 12.413801
11.8 11.832117
11.3 11.427927
12.799992 13.252771
11.900001 11.895494
11.599999 11.662218
11.2 11.203998
11.2 11.285175
12.1 12.160271
11.1 11.187994
12.622879 11.89009
10.224938 11.264366
11.1 11.187493
11.2 11.20354
11.5 11.625774
11.900001 11.46867
11.8 11.836506
11.2 11.175213
10.70206 10.719311
11.900001 11.902895
11.8 11.8208475
11.2 11.189751
11.8 11.946557
11.2 11.236804
11.5 11.487973
12.622879 12.201042
13.500008 12.510415
11.1 11.153544
11.2 11.231018
11.2 11.222302
11.2 11.196323
13.999974 13.224115
11.900001 11.907544
11.1 11.091456
11.3 11.250528
11.7 11.737055
11.8 11.839856
11.900001 11.863357
11.180922 11.224255
10.622879 10.594045
11.599999 11.671997
11.599999 11.655076
11.900001 11.911062
10.1 11.606684
11.8 11.427966
11.3 11.237566
15.299971 14.643037
12.899998 12.34813
11.5 11.467429
11.3 11.302838
11.3 11.343633
11.5 12.296765
12.799992 11.683647
11.7 11.5680065
11.400001 11.399151
12.299998 13.542009
11.7 11.870864
11.900001 11.929396
11.7 11.792987
11.599999 12.17702
11.8 11.619937
11.900001 12.227388
11.1 11.174318
11.8 11.804871
11.3 11.379606
11.999998 12.08394
11.999998 11.984397
11.3 11.359243
11.900001 11.893344
10.307609 11.192072
11.599999 11.649914
11.1 11.151274
11.1 11.145982
11.2 11.191485
11.3 11.373803
11.1 11.168622
14.1 12.61249
11.2 11.298807
11.2 11.183167
11.2 11.172781
12.1 12.175027
11.2 11.210339
14.400163 13.861386
11.1 11.12525
11.8 11.770225
12.399998 12.553399
14.79897 13.992551
11.2 11.187772
12.499997 12.743641
11.5 11.555773
11.900001 11.867443
11.999998 12.494742
12.986056 12.884081
11.8 11.767339
11.3 11.389162
11.900001 11.887624
11.5 11.880557
11.2139435 11.174715
11.2 11.238022
11.1 11.363848
10.40103 11.003196
11.79897 12.134639
11.900001 11.846021
11.1 10.938577
11.5 11.434326
11.3 11.230539
12.399998 11.701147
11.15 11.327118
11.7 11.627145
14.1 13.729535
10.70206 10.703823
11.400001 11.448326
12.499997 12.413133
11.1 11.207282
11.1 11.644831
11.8 13.077813
11.1 11.167034
11.1 11.193974
11.1 11.185765
11.999998 14.515489
11.5 12.595908
11.1 11.177948
11.1 11.120949
11.2 11.203406
12.399998 11.928672
11.1 11.131704
11.900001 11.968319
11.2 11.192159
11.599999 11.527623
10.40103 10.393521
12.499997 11.666832
11.49794 11.5007715
11.1 11.41515
13.59485 13.511026
12.392429 12.5811825
11.8 11.782869
11.2 11.17913
11.2 11.185984
13.122276 13.093373
11.7 11.967831
11.400001 11.380523
10.224938 11.254549
11.7 11.9794035
11.999998 11.8601265
11.8 11.904404
11.8 11.879268
11.1 10.955291
10.1 10.236381
11.1 11.5056505
12.399998 12.103903
11.2 11.236849
11.8 11.799025
11.2 12.150043
11.5 11.669243
11.8 11.167907
14.1 13.535897
11.3 11.492061
11.3 11.283728
11.900001 11.872718
11.900001 11.880067
11.3 11.660259
10.8 10.723836
11.5 11.457393
10.224938 10.327727
12.799992 13.008371
11.5 11.588237
12.299998 12.092128
11.5 11.43918
11.8 11.799981
11.5 11.526003
11.1 10.874152
13.500008 12.110782
12.899998 11.788564
12.1 11.563966
11.2 11.359958
11.1 11.120225
11.7 11.355593
10.40103 10.72198
11.7 11.30529
11.2 11.310637
12.1 11.292681
11.2 11.197127
11.900001 11.917083
11.900001 11.890361
12.199999 11.802924
11.3 11.38726
11.2 11.236734
12.199999 12.114516
10.224938 10.378173
11.7 11.607833
11.8 11.999405
11.031815 10.841894
10.923909 10.832295
11.5 11.438805
11.3 11.472341
11.2 11.220647
11.599999 11.5471945
11.7 11.587191
11.900001 11.879904
12.399998 12.697115
11.2 11.282609
11.2 11.17697
11.2 11.19563
11.2 11.198627
11.7 11.710315
11.400001 11.452046
11.999998 11.954706
11.1 11.183436
13.191515 12.855756
10.3 10.489242
13.1 12.150341
13.200015 12.848061
11.999998 11.979892
11.1 11.179903
9.70206 9.739629
11.2 11.225116
9.40103 10.15806
11.5 11.560924
11.900001 11.939414
12.499997 12.373371
11.900001 11.860454
11.900001 11.874888
11.900001 11.896805
10.4 10.51859
11.2 11.308793
11.7 11.767748
11.1 11.144855
11.1 11.137157
11.3 11.361201
11.599999 11.74017
11.40103 11.2738
11.2 11.207275
11.5 11.366439
11.900001 11.859422
11.8 11.83713
12.1 11.832033
11.2 11.155399
12.1 12.422788
10.79897 10.827927
11.999998 11.739162
10.581486 10.622739
11.5 12.615608
11.3 11.311716
11.3 11.266199
12.599997 12.513478
13.1 12.362252
12.93459 12.296854
11.599999 11.652624
11.8 12.107139
13.000009 12.917714
11.5 11.538729
13.191515 12.903666
11.1 11.137154
12.599997 12.943761
11.2 11.352102
11.2 11.428929
12.122276 11.352719
11.900001 11.939162
11.3 11.516718
11.1 11.135455
11.900001 11.922678
11.3 11.365663
11.3 11.374271
12.399998 11.874976
11.8 11.884413
11.3 11.365536
11.2 11.254898
11.2 11.190833
12.299998 13.118532
11.7 11.331773
14.1 13.337668
11.3 11.227989
11.7 12.025193
11.1 10.980289
11.976935 11.977311
11.3 11.310469
11.400001 11.29532
12.499997 11.636366
11.900001 11.859826
11.3 11.293245
11.5 11.500181
11.418758 11.330529
11.599999 11.524234
12.199999 12.170485
11.599999 11.403881
11.999998 11.671998
11.435792 11.522654
11.3 11.299906
11.900001 11.381134
13.1 13.751647
11.2 11.24223
11.400001 11.344008
12.899998 13.112458
12.499997 11.51357
11.5 11.446471
11.3 12.29828
11.1 11.15786
11.254902 11.192014
11.900001 11.800875
11.599999 11.499647
11.900001 11.89847
11.900001 11.759375
11.400001 11.359638
11.3 11.348089
9.79897 10.042662
12.299998 12.21693
10.70206 11.001567
11.8 11.753613
12.299998 12.338124
11.1 11.235392
11.79897 11.013536
14.999629 14.927804
11.2870865 10.584898
11.7 11.753409
11.8 13.125786
11.400001 11.457277
11.2 11.230367
15.600313 14.507082
11.3 11.277834
11.900001 11.875675
11.900001 11.9460745
11.1 11.125925
11.8 12.1201515
11.400001 11.624267
12.599997 11.469979
11.999998 11.994728
11.599999 11.650377
11.7 11.396389
11.2 11.233784
12.699998 11.932845
11.2 11.267533
11.108774 11.344532
11.1 11.129049
12.399998 12.267325
11.599999 12.118086
11.3 11.340426
11.8 11.872107
11.400001 11.411814
11.2 11.399987
11.599999 11.575309
14.79897 14.323961
11.2 11.230773
12.599997 12.655779
11.7 11.915333
11.2 11.266894
11.900001 12.590744
10.020819 10.250399
14.700326 13.885414
12.199999 11.69979
11.8 11.828264
10.79897 10.967005
10.622879 10.555827
11.2 11.233399
11.618557 12.093716
10.1 10.789452
11.1 11.347655
11.8 11.785468
11.456548 11.361107
13.600039 13.112915
10.40103 10.566706
11.5 11.528376
11.3 11.538063
11.2 11.235918
12.399998 13.3667555
11.3 11.492855
11.1 11.135369
11.900001 13.195985
12.618579 12.050247
11.78403 11.241993
11.599999 11.2536335
11.2 11.387354
12.1 11.339671
11.900001 11.848976
11.1 11.127384
10.224938 11.311023
12.020819 11.604174
11.900001 11.583207
11.2 11.263356
11.900001 11.94231
11.400001 11.352765
11.5 11.537581
14.1 14.455109
12.499997 12.124497
10.1 10.445406
11.2 11.206492
11.757577 12.063304
11.2 11.286318
11.7 11.724591
13.200015 12.53853
11.5 11.585549
14.1 13.048885
11.400001 11.364926
11.8 11.82421
11.1 11.163003
11.2 11.231781
11.8 11.838526
11.2 11.769999
11.5 11.46857
11.8 11.932108
11.2 11.490563
11.999998 12.011149
12.199999 12.090529
11.400001 11.473058
12.1 11.996842
10.581486 10.073805
11.5 11.458698
11.999998 11.954154
11.400001 11.560538
11.8 11.820496
11.8 12.741535
11.999998 12.483563
11.7 11.703648
12.199999 11.841402
11.3 10.531458
11.599999 11.159754
11.8 11.834715
13.800057 13.202098
11.3 11.287534
12.899998 11.260727
10.1 10.545245
10.788375 10.83366
11.2 11.210975
11.1 11.567612
13.899971 13.773538
11.7 11.630685
12.058607 12.888019
11.400001 11.651451
11.5 11.550986
11.2 11.335312
11.1 11.220754
11.2 11.268484
11.2 11.210022
11.2 11.203008
14.1 11.838258
12.499997 12.423353
12.399998 11.942198
11.900001 11.862976
14.200179 13.022909
11.7 11.665438
11.8 11.857018
11.7 11.688267
11.1 11.530295
10.6 10.548004
10.9 11.025757
11.1 11.172031
11.2 11.204319
13.800057 12.4068985
11.400001 11.449029
11.900001 11.861636
11.400001 11.361372
11.999998 11.244462
11.7 11.690197
11.1 11.241818
11.8 11.852196
12.599997 11.866946
11.599999 11.751543
12.1 12.128271
11.3 11.297624
11.900001 11.909226
10.622879 10.646495
11.297911 11.606142
11.3 11.286363
12.599997 11.829463
11.3 11.288969
11.1 11.130136
11.2 11.234203
13.089405 11.909165
11.923909 11.849956
11.3 11.444821
11.999998 11.945862
11.2 11.180876
10.9 10.711557
12.1 11.340648
11.126872 11.167156
14.700326 13.584902
10.861686 11.190276
11.5 12.02395
13.299971 12.812267
11.2 11.201735
11.7 11.89478
11.1 11.109376
13.399989 13.00811
11.2 11.210356
11.5 11.565498
11.1 11.618523
11.599999 11.7865505
11.2 11.221369
11.400001 11.483104
11.7 11.741103
12.799992 12.230789
11.5 11.762563
10.70206 10.955662
11.400001 11.4034
11.2139435 11.582085
11.7 11.847171
10.40103 10.61332
12.40103 11.707919
11.8 12.15055
11.7 11.228201
11.999998 11.727092
12.1 11.30757
12.877283 11.937178
12.299998 12.312279
11.8 11.819371
10.1 10.463899
11.5 11.565265
11.3 11.712924
11.3 11.326148
11.999998 11.935557
10.351812 10.399556
11.3 11.199501
13.699981 13.28682
10.59485 11.414341
11.1 11.157273
14.1 13.815341
11.7 11.891135
10.1 10.266135
11.1 11.187203
11.999998 11.9434805
11.2 11.19968
13.79897 13.206087
10.2 10.409217
11.8 11.795107
11.622879 11.437167
10.3 10.3949795
11.2 11.629169
11.2 12.567474
11.2 11.416608
11.900001 12.019318
14.200179 14.0038595
11.400001 11.426808
11.599999 11.77496
11.2 11.223933
11.2 11.204558
11.3 11.583948
11.2 11.662996
11.3 11.297907
11.3 11.327265
11.400001 11.375222
11.900001 11.895136
11.999998 12.007722
11.599999 11.3227
11.900001 11.27077
11.1 11.150904
11.2 11.273532
13.1 12.030862
10.8 10.537222
11.400001 11.493142
11.2 11.216115
11.1 11.172594
11.3 11.457926
11.8 11.840087
11.2 11.195731
11.3 11.329255
11.2 11.2185335
11.2 11.341384
11.8 11.812131
11.2 11.176486
11.599999 12.157654
12.665546 12.154821
14.299971 12.701132
11.900001 11.8997555
11.400001 11.531311
11.2 11.198698
11.599999 11.629272
11.807744 12.042351
11.2 11.193566
10.4 10.394179
11.599999 12.332317
11.599999 11.353689
11.900001 11.881858
11.999998 11.986395
11.900001 11.888119
11.8 11.843739
11.1 11.131093
11.599999 11.60175
11.1 10.731011
11.900001 11.91237
11.5 11.802944
12.899998 12.04849
11.1 11.035263
11.1 12.758287
11.1 11.117699
10.2 10.52733
11.599999 11.54609
11.5 11.568824
11.8 11.864915
11.5 12.076994
11.999998 11.91308
11.5 11.689494
12.899998 13.472476
11.1 11.15581
14.200179 13.39933
10.4 10.533082
11.5 11.615267
12.1 11.918047
11.2 11.238345
12.299998 12.38522
11.1 11.180416
11.2 11.578934
11.3 11.355
11.1 11.211644
11.900001 11.927204
11.1 11.578481
11.7 11.703728
11.999998 11.994912
11.999998 11.645269
10.738272 10.681394
11.2 11.395227
11.400001 11.558736
13.999974 12.757969
11.5 11.547048
12.299998 12.055864
11.5 11.360079
11.2 11.325558
11.599999 11.290182
11.1 11.127929
11.5 11.456518
11.2 11.286799
11.897941 11.886094
11.400001 11.434519
14.999629 13.976224
12.499997 12.6920805
11.1 11.2621155
11.2 11.403969
11.999998 11.989287
11.7 11.836083
10.89724 10.638134
11.599999 12.251392
12.821246 11.739582
10.9 10.790991
12.847147 12.271282
11.3 11.365024
10.622879 10.697343
11.1 11.130881
11.5 11.366476
10.622879 10.675154
11.8 11.796508
11.900001 11.904804
11.1 11.287794
13.899971 14.108199
11.599999 11.44042
11.5 11.557785
11.7 11.5699625
9.79897 10.122255
11.3 11.44302
11.900001 11.939746
11.7 11.71662
11.2 11.247867
11.2 11.198837
13.078811 13.097316
10.79897 10.892375
11.1 11.156532
10.8 10.757235
11.400001 11.394708
14.79897 12.283149
10.1 10.128044
11.2 11.264548
12.1 11.9208145
11.3 11.540898
12.799992 12.4055195
11.3 11.654693
11.999998 11.977142
11.1 11.159791
11.400001 11.608567
11.1 11.127722
11.599999 11.429135
11.1 11.372822
11.5 11.941642
11.1 11.15631
10.5 10.9347925
11.5 12.795012
12.1 12.212038
11.2869625 11.29499
11.999998 12.368715
11.2 11.20169
12.730784 12.829797
12.199999 11.9944315
12.299998 11.7977495
11.1 11.151046
11.1 11.170293
12.1 12.138181
11.2 11.699501
11.900001 11.899762
11.3 11.659952
11.599999 11.348909
15.280456 14.300279
10.637602 11.216104
13.399989 12.272446
11.2 11.461691
11.5 11.90962
12.199999 12.21228
11.400001 11.375302
11.1 11.141551
11.999998 12.247438
11.3 11.3793125
11.8 11.522282
11.2 11.272336
11.599999 11.661945
11.3 11.390579
11.108774 11.176385
11.599999 11.624539
11.400001 11.512975
11.900001 11.857231
11.2 11.302705
11.900001 11.880953
11.5 11.538583
11.7 11.707426
11.2 11.207305
11.2 11.208318
11.2 11.211196
11.400001 11.407467
11.900001 11.850289
11.2 11.234785
11.3 11.434082
11.900001 11.914427
11.3 11.108194
11.2 11.230193
13.280456 12.936684
11.8 11.820294
11.5 10.858308
11.8 11.788679
11.5 11.455828
12.199999 11.580385
11.1 11.155433
11.5 11.527225
11.1 11.31749
11.400001 11.398998
11.2 11.277136
12.254902 12.128511
11.900001 11.876619
10.8 10.886242
11.2 11.458989
12.599997 11.630656
11.900001 11.887507
11.599999 11.606765
11.999998 12.789784
11.2 11.216028
11.999998 12.025076
11.1 11.156142
11.8 11.770713
11.2 11.227107
11.1 11.334489
11.2 11.224867
12.399998 11.919598
11.7 11.535808
11.900001 11.851814
11.2139435 11.268947
11.0 10.563434
11.7 11.771929
11.622879 11.685354
11.2 11.184055
11.8 11.827702
11.999998 11.928033
12.599997 12.586773
11.2 11.304844
10.8 10.520282
11.3 11.246346
11.2 11.257419
11.5 11.494449
11.1 11.2333355
12.599997 12.042232
11.641513 11.745649
11.599999 11.566518
12.699998 12.046525
11.3 11.370947
11.2 11.195859
11.1 11.134492
12.1 11.69735
10.9 10.691635
11.999998 11.684456
10.336572 10.6205635
11.5 11.506915
11.2 11.510018
11.900001 11.964534
11.1 11.15109
11.79897 10.353199
12.879892 12.456415
12.199999 12.282908
11.900001 11.739864
13.299971 11.949003
13.543697 13.283289
11.911955 11.894704
12.199999 12.341835
11.2 11.280867
11.3 11.460352
11.2 11.849891
13.1 10.90938
12.504504 12.026857
11.2 11.184763
11.2 11.357623
11.1 11.1514635
11.1 11.157592
11.3 11.647856
11.2 11.17343
11.3 11.3732
11.3 11.397255
11.7 11.860178
12.1 11.999546
11.1 11.1213875
11.400001 11.430415
10.70206 10.738608
10.738272 10.685771
11.2 11.22784
11.900001 11.626215
11.900001 11.917789
11.7 11.977015
11.400001 11.621707
11.900001 11.874986
11.400001 11.428684
13.600039 12.531262
13.439989 13.461626
12.199999 12.238415
11.1 11.150794
10.40103 10.687973
11.2 11.201873
11.8 11.85191
13.200015 13.398802
15.175721 14.500271
11.999998 12.695192
11.1 11.172723
11.8 11.849884
11.8 11.82448
11.3 11.416355
11.7 11.696667
10.49794 10.4757595
10.627244 10.437066
11.1 11.163913
10.6 10.603352
11.400001 11.413623
12.199999 12.156112
11.3 11.3574705
11.8 11.812185
12.299998 12.20236
13.1 13.110444
11.5 11.565149
11.1 11.509762
11.999998 11.971935
11.1 11.174877
11.599999 12.070614
11.2 11.19254
11.5 11.501341
11.7 11.655821
11.1 11.152155
10.3 10.49088
11.5 11.484615
10.3 10.50159
11.2 10.952845
11.400001 11.547487
11.7 11.516754
11.5 11.519855
11.5 11.4904375
11.900001 11.858303
11.2 11.206087
11.1 11.162125
12.499997 11.923865
11.599999 11.569449
11.8 11.776131
11.1 11.213184
12.399998 12.602758
11.7 11.738176
11.8 11.82398
11.900001 11.569221
11.900001 11.899212
11.1 11.214872
11.8 11.827433
15.684434 12.918095
11.5 11.504607
11.2 11.18497
11.3 11.238846
11.1 11.177543
11.3 11.396784
12.199999 11.901366
12.599997 12.873303
11.2 11.277384
11.400001 11.933891
11.599999 12.622525
11.1 11.335935
11.599999 11.705584
11.3 11.411243
11.2 11.205462
12.499997 11.890038
11.7 11.693693
11.3 12.306912
11.900001 11.796656
12.599997 11.618669
11.3 11.379038
11.7 11.589906
11.900001 11.71331
11.1 11.165804
11.8 12.039538
12.899998 12.505166
11.2 11.181486
11.2 11.209841
12.499997 11.650537
11.2 11.203054
11.900001 11.763678
11.5 11.410436
11.7 11.686984
11.2 11.23794
11.2 11.193199
11.1 11.15048
11.7 11.944023
11.599999 11.679811
11.3 11.293443
11.5 11.503903
11.5 11.70712
11.2 11.599767
11.3 11.686231
11.1 11.141945
11.1 11.143198
11.900001 11.879854
11.999998 11.96093
11.900001 11.923991
12.599997 12.191887
13.399989 13.355589
11.900001 11.583664
12.199999 12.231914
11.5 11.489052
13.800057 13.648996
12.199999 12.213099
11.599999 11.516497
12.299998 11.569493
13.800057 12.857303
12.499997 12.217133
13.699981 12.958479
11.900001 11.864224
11.5 11.513235
11.8 11.632112
11.684318 11.675221
11.900001 12.6478195
10.40103 10.72999
12.399998 11.75357
11.7 11.848779
11.5 11.482117
11.2 11.1831455
12.299998 11.650644
11.2 11.218298
11.3 11.335112
13.000009 13.46607
12.299998 12.266592
11.2 11.207257
12.699998 13.135733
11.7 12.469591
13.299971 12.876467
14.160929 13.377775
12.122276 12.85205
11.7 12.149709
12.794648 11.881322
11.900001 11.939237
11.5 11.485271
11.900001 12.504353
13.500008 12.235538
11.900001 11.884434
11.5 11.3659315
11.400001 11.387305
12.499997 12.380039
11.1 11.450646
11.8 11.801241
11.944664 12.284762
12.899998 12.177693
11.999998 12.084563
14.254902 14.354094
11.7 11.759561
11.8 11.835074
11.2689295 11.3765
11.2 11.207281
13.261151 10.703652
11.599999 11.682174
11.3 11.330895
10.622879 10.627673
11.1 11.198839
11.2 11.200534
11.900001 11.867479
11.2 11.161446
11.999998 11.973442
14.1 13.745274
10.5 10.433521
13.299971 12.88092
11.900001 11.55477
11.900001 11.87793
10.622879 10.494449
11.2 11.235852
11.599999 11.576846
11.2 11.264823
10.622879 10.642346
11.3 11.212785
11.5 11.674939
11.8 11.813519
11.7 11.63945
11.2 11.193029
12.799992 12.425192
10.336572 10.835926
11.8 11.809552
11.5 11.556283
12.5685215 12.797943
11.1 11.141186
12.520216 13.94873
12.399998 11.67018
11.900001 11.846274
11.400001 11.755011
11.400001 11.325119
13.600039 12.577377
12.59485 12.869039
11.1 12.152504
12.899998 12.23023
10.2 10.493784
10.131517 11.182364
12.799992 12.409657
11.7 11.773034
11.8 11.893513
13.299971 12.543946
11.2 11.203535
11.2 11.208024
11.3 11.371573
11.145758 11.453819
11.7 11.532755
14.1 14.078068
11.3 11.245988
11.2 11.42801
10.89588 10.9080515
12.1 11.786403
14.600313 13.355809
11.3 11.402051
10.1 10.568329
11.520216 11.248913
11.400001 11.402042
11.1 11.452069
11.599999 11.262399
13.899971 12.767618
11.900001 11.919256
12.299998 11.936697
12.249986 12.740919
11.900001 11.881534
13.600039 12.98377
11.900001 11.8721695
11.599999 11.676752
11.1 11.157146
11.1 11.17078
11.900001 11.879121
11.900001 11.868257
12.199999 11.857659
11.5 11.452213
11.3 11.358875
11.900001 11.943739
11.1 11.165341
11.5 11.645525
11.3 11.555247
13.000009 12.288998
11.400001 11.262973
10.1 10.348832
11.400001 11.45346
11.7 11.797158
11.2 11.277112
11.7 12.020367
11.599999 11.2768755
12.699998 12.908378
11.5 11.484028
11.999998 11.941843
11.2 11.257865
11.599999 11.381694
12.299998 11.473024
11.8 11.236339
11.1 11.161743
11.599999 11.569148
11.2 11.826338
11.900001 11.594111
12.199999 11.966587
11.7 11.751061
11.5 11.365483
11.999998 12.165851
10.2 10.907553
11.2 11.226501
12.699998 11.6226425
11.599999 11.591146
12.1 12.2299595
11.2 11.252868
13.800057 13.748736
11.400001 11.469491
13.500008 12.635232
12.699998 12.625156
11.2 11.332617
11.1 11.123614
12.499997 11.963726
12.926814 12.740446
11.7 11.681062
10.40103 10.537563
11.1 11.152407
11.2 11.194442
11.1 11.146043
11.1 11.141606
11.599999 11.529333
11.7 11.793993
11.900001 11.867732
11.2 11.234853
11.400001 11.376524
11.2 11.282334
11.2 11.253175
11.8 11.880226
11.5 11.5669365
11.5 11.501591
11.3 11.632047
11.7 11.629449
11.3 11.361076
11.8 11.800266
11.599999 11.743162
13.104364 12.614841
11.3 11.315153
11.900001 11.97513
11.1 12.477296
11.2 11.194578
11.8 11.817718
11.400001 11.347187
11.900001 11.882463
12.299998 11.825699
11.999998 11.659205
11.7 11.678213
11.900001 11.876798
11.2 11.4954605
12.1 11.793545
15.1 14.74167
9.49794 9.975376
12.199999 12.320988
11.622879 10.9170065
12.651294 12.366472
10.70206 10.700259
14.700326 14.42309
11.900001 11.937549
12.699998 12.416981
12.699998 12.746804
11.1 11.2373495
11.5 11.529797
11.5 11.446752
11.999998 11.97609
11.599999 11.66681
11.2 11.257323
11.2 11.217177
12.799992 12.201401
13.40103 13.250746
12.199999 12.051067
12.399998 12.555015
13.000009 12.641909
11.1 11.171316
11.2 11.189882
11.5 12.292103
11.2 11.214244
12.299998 12.197616
11.2 11.201807
11.1 11.89943
11.3 11.381764
11.8 11.798908
11.1 11.192272
11.400001 11.381958
12.379841 12.314634
13.399989 13.331192
11.2 11.235289
12.699998 12.924541
11.1 11.19327
14.299971 13.256323
11.5 11.670151
11.7 11.6803255
12.199999 11.765669
11.8 11.598487
11.400001 11.348554
10.4 11.238347
11.3 11.287298
11.900001 11.905924
11.2 11.188304
13.1 13.39879
11.900001 11.911172
12.145758 11.996136
11.8 11.836384
12.199999 11.777224
12.699998 12.418573
11.2 11.193676
11.7 11.726306
11.1 11.326755
11.3 11.311802
11.40103 11.375692
11.1 11.61039
11.2 11.175409
11.5 11.57535
10.5 10.710058
11.7 11.467767
10.1 10.60827
11.2 11.23469
12.399998 12.427536
11.900001 11.898989
12.300659 11.034339
11.3 11.31562
11.1 11.154277
11.900001 12.386507
11.3 11.292519
13.600039 13.2233925
12.599997 11.946786
11.599999 11.649351
12.499997 12.065974
11.2 11.185412
11.5 11.47054
11.2 11.432956
10.6 10.551133
10.3 10.387562
11.999998 11.874386
11.1 11.224964
11.8 11.865781
11.2 11.222644
12.799992 12.654575
11.0 11.017248
11.5 11.5511
12.199999 11.691603
11.7 11.684184
12.599997 12.384363
12.799992 12.929912
11.7 11.683101
11.2 11.213936
11.599999 11.417088
11.5 11.540631
11.400001 11.34981
11.2 11.2604
11.599999 11.649363
11.3 11.308828
11.900001 11.893372
11.3 11.455804
11.2 11.179326
11.900001 11.907428
11.7 11.673188
11.2 11.39697
11.7 11.683823
11.1 11.189849
11.3 11.484026
11.900001 11.969083
10.2 10.357168
11.400001 11.719392
11.8 11.856107
12.299998 12.190412
11.900001 11.874901
13.446788 13.561861
11.1 11.205585
11.1 11.221853
11.7 11.923481
11.599999 11.290853
10.3 10.538307
11.2 11.2029295
13.000009 11.951424
13.699981 13.376879
13.800057 12.796792
12.1 12.077413
11.2 11.190319
11.599999 11.532542
12.799992 11.53238
11.2 11.15758
11.5 11.628629
10.869551 11.325212
11.2 11.206019
10.49794 10.564743
11.400001 11.312521
13.1 13.193178
11.900001 11.941368
11.1 11.156567
11.3 11.220967
11.727339 11.779191
11.1 11.187073
11.5 11.59921
11.900001 11.906796
11.8 11.881352
11.7 11.725447
11.2 11.2184105
11.8 11.652689
10.622879 10.677764
11.1 11.154722
11.7 11.67047
11.5 11.613522
11.2 11.216721
11.900001 11.908438
12.199999 12.600168
11.7 11.7186985
13.923909 13.569853
11.999998 12.044179
11.8 11.489809
11.8 11.829699
11.900001 11.891132
12.599997 12.519537
12.399998 11.578007
10.70206 10.704458
13.79897 13.449553
11.1 11.188742
11.3 11.314756
11.900001 11.911562
11.400001 11.504895
11.3 11.331073
11.599999 12.204472
11.900001 11.864623
11.1 11.690034
11.8 11.842688
9.986056 10.302415
12.799992 12.103566
11.2 11.201132
9.79897 10.019408
12.699998 11.896742
10.70206 12.561215
12.1 11.852083
12.299998 11.441462
11.3 11.331348
14.700326 14.3186035
11.122276 11.425773
13.1604805 12.445358
11.999998 11.789852
11.1 11.229067
11.5 11.523904
11.2 11.223904
11.900001 11.869347
11.1 11.151633
11.400001 11.380883
11.400001 11.499156
15.200179 14.740465
11.5 11.600753
11.3 11.507074
11.3 11.518569
11.254902 11.406405
11.400001 11.393568
11.599999 11.459647
11.5 11.511701
11.999998 11.983086
11.2 11.22081
10.1 10.399038
11.2 11.194581
13.000009 13.056868
14.500117 13.910383
11.2 11.196581
11.1 11.160686
12.096055 12.161589
11.599999 12.680711
11.900001 12.079497
12.899998 11.513617
13.63027 12.696962
11.2 11.294922
11.400001 11.398752
11.999998 11.907836
12.299998 12.489877
11.900001 11.982387
13.500008 12.245605
11.7 11.657507
11.3 11.502917
11.1 11.14908
11.599999 11.594514
11.1 11.309683
11.7 11.58071
10.1 10.3171425
11.900001 11.884808
12.532973 12.4255085
14.500117 13.612546
13.749991 13.4176655
14.1 13.735701
11.1 10.690354
10.5 10.660998
11.900001 11.860521
12.399998 12.23167
10.020819 10.301669
11.599999 11.596466
10.40103 10.55662
11.2 11.219612
11.5 11.501665
11.1 11.135721
12.199999 13.42378
11.7 11.599886
12.699998 12.900047
11.3 11.480148
12.020819 12.126965
11.5 11.408103
11.999998 11.976782
11.5 11.493166
11.2 11.194413
11.2 11.316707
11.1 11.13249
11.900001 11.852341
11.999998 12.697432
12.199999 12.054094
13.738272 11.670088
11.400001 11.512778
13.500008 11.909868
11.7 11.807838
11.2 11.038954
12.483 12.509322
10.3 10.380019
13.800057 13.293077
13.1 11.501334
13.600039 13.310997
11.7 11.676081
14.400163 14.35535
12.299998 12.280229
11.599999 11.339609
11.900001 11.880764
11.1 11.213402
11.5 11.930615
12.728932 13.213121
11.3 11.288237
10.70206 10.703028
12.923909 12.831595
11.5 11.432443
13.466532 13.229778
11.578862 11.514184
11.7 11.449313
10.40103 10.746663
12.899998 12.880759
11.1 11.128189
11.2 11.395617
11.900001 11.893787
11.8 12.610799
11.1 11.155927
11.900001 11.884863
11.8 11.645538
11.2 11.571455
11.2 11.958943
11.8 11.23657
11.900001 11.876949
11.2 11.283338
12.299998 12.608491
12.599997 12.299602
12.1 11.947579
11.400001 11.346807
11.5 11.479426
11.2 11.224005
12.699998 11.905716
11.2 11.189632
12.899998 12.154596
11.2 11.233702
11.5 11.497248
11.2 11.183204
11.2 11.185552
11.2 11.182021
11.2 11.450268
11.1 11.120847
11.2 11.190941
11.2 11.23056
12.1 11.835506
11.8 11.266177
11.900001 11.809063
11.3 11.208692
11.2 11.257125
14.1 14.205437
11.3 11.307722
11.5 11.750595
11.599999 11.45538
12.299998 12.080376
11.1 11.148563
11.400001 11.45573
12.456548 13.134064
12.799992 13.008022
12.299998 11.466453
11.900001 11.7519
13.200015 12.521073
11.8 12.13932
11.2 11.464271
11.599999 11.683066
11.999998 11.938629
11.8 11.876989
12.599997 12.346426
10.1 10.16666
11.999998 11.792547
12.699998 12.589295
11.2 11.277302
11.177759 11.196648
12.1 11.981516
11.5 11.38437
11.1 11.145632
11.8 11.572513
12.1 11.992379
11.900001 11.8484
11.5 11.503971
11.8 11.833148
11.400001 11.532405
11.5 11.470677
11.900001 11.910958
10.383997 10.969852
11.1 11.213036
11.1 11.179525
11.2 11.212933
13.729818 14.011975
11.7 11.758888
11.3 11.268589
11.400001 11.36901
12.881363 12.45379
12.1 11.290196
9.79897 10.037876
11.2 11.21344
13.999974 14.093613
11.8 11.765248
11.1 11.101435
11.599999 11.53947
11.2 11.565342
11.900001 11.8971195
9.40103 9.76947
11.2 11.232461
11.7 12.006588
12.199999 12.5152235
12.199999 12.556466
11.2 11.246267
11.2 11.472366
11.25 11.390011
14.145758 13.165244
11.7 11.720997
11.900001 11.851094
11.1 11.167903
11.1 11.157711
11.1 11.360445
11.1 11.158699
11.999998 12.114632
11.5 11.498891
11.8 11.466026
11.1 11.198412
14.400163 13.554619
11.900001 11.917804
13.999974 13.032063
11.7 11.302484
11.5 11.570095
11.5 11.455119
11.999998 11.849917
11.3 11.408425
11.5 11.498449
13.986056 14.150868
11.2 10.730518
11.400001 11.824276
13.000009 12.580126
10.145758 10.1460705
11.400001 11.447618
11.400001 11.370771
12.299998 12.768203
11.400001 11.534348
12.499997 12.468288
11.999998 11.966594
11.400001 11.488012
11.3 11.505186
11.3 11.398091
11.8 11.858019
11.5 11.65068
11.5 11.538152
11.262469 11.251945
11.999998 11.922954
11.2 11.246324
11.2 11.434249
11.3 11.324869
11.900001 11.880871
11.1 11.157476
10.49794 10.581769
12.499997 12.392747
13.999974 13.219044
11.1 11.22113
10.622879 10.609202
11.1 11.177703
11.599999 11.28197
11.900001 11.853989
12.199999 12.274641
11.2 11.523775
11.1 11.133021
11.900001 11.564773
11.599999 12.34827
11.400001 11.368772
11.2 11.298816
11.3 11.554607
11.5 11.248459
13.200015 12.515534
11.400001 11.34726
11.7 11.174078
11.400001 11.415251
11.900001 11.907561
11.3 11.373014
11.1 11.153499
12.399998 12.806415
11.2 11.309212
13.200015 13.149015
11.1 11.182885
11.599999 11.607681
12.392429 12.311974
11.599999 11.735149
11.3 11.233648
11.5 11.498651
11.1 11.164288
15.29382 14.437589
11.7 11.69403
11.2 11.316798
11.8 11.830167
11.900001 11.946222
13.000009 11.834231
12.1 11.82223
11.1 11.127986
13.800057 14.583141
11.900001 11.7980995
11.1 11.134562
11.2869625 11.358607
11.599999 11.52786
11.2 11.200862
11.2 11.287566
11.2 11.192131
11.2 11.553612
11.3 11.258474
11.5 11.489037
11.3 11.473753
13.1 12.57559
11.400001 11.545528
10.986056 10.764212
11.1 11.16
11.8 11.797648
12.170581 12.719377
11.5 11.472577
13.1 14.012844
11.900001 11.956243
13.000009 13.689164
13.699981 11.668543
11.1 11.124234
11.999998 11.612628
11.1 11.684878
12.199999 12.147079
11.599999 11.714726
10.3 10.485829
11.3 11.262749
12.299998 12.416847
11.900001 11.930539
11.2 11.23243
11.7 11.887909
11.1 11.131286
11.999998 11.971023
11.2 11.23496
11.599999 11.507893
12.344125 12.39143
11.3 11.392454
11.2 11.36293
11.599999 11.538296
11.900001 11.89501
11.599999 11.327296
11.400001 11.926768
11.599999 12.508712
15.600313 14.5706
11.1 11.173634
11.5 11.668065
10.854487 11.569591
12.199999 12.045874
11.599999 11.577042
14.5685215 13.954151
11.3 11.22981
10.622879 11.212164
13.997126 13.106271
14.581486 12.50278
10.8 11.376306
9.49794 9.649438
11.5 11.883716
11.599999 11.871055
11.2 11.510665
12.699998 11.779527
11.2 11.231142
11.599999 11.928018
11.400001 11.240482
11.400001 11.413273
11.5 11.488083
11.1 11.25394
11.5 11.490265
11.8 11.470114
12.599997 11.614219
11.999998 11.970922
11.8 12.1258745
11.1 11.161354
11.2 11.984822
11.999998 11.789673
11.2 11.365139
11.1 11.145406
12.299998 12.253143
11.400001 11.633811
11.7 12.294804
11.8 11.85247
11.999998 12.136419
12.1 11.414953
11.8 11.795687
11.2 11.322925
12.1 11.738414
12.699998 12.977345
11.8 11.823723
11.900001 11.885606
11.1 11.165464
11.5 11.29559
11.058607 13.3367195
11.900001 11.888142
11.900001 12.163982
11.999998 11.946419
11.1163435 11.169744
11.3 11.157744
11.3 11.448074
11.58426 11.325522
11.400001 11.3753195
11.8 11.973969
13.399989 12.894736
13.821246 13.907499
11.3 11.334574
13.299971 12.299414
14.299971 14.525594
11.637602 11.255816
11.2 11.2457285
11.1 11.167266
11.999998 11.95032
11.8 11.591467
12.599997 12.502017
11.599999 11.913986
10.9 10.625394
11.400001 11.375015
11.5 12.300492
11.2 11.255433
11.7 12.147619
12.499997 13.184591
11.3 11.532582
10.2 10.464458
11.599999 11.775955
11.2 11.217643
11.1 11.155059
12.499997 12.99415
11.7 11.698544
13.600039 13.331725
11.2 11.252192
11.5 11.497185
12.299998 11.926484
11.2 11.117256
11.1 11.1390915
11.5 11.554099
12.599997 11.735894
13.1 12.394588
11.400001 11.3845
11.2 11.216845
11.400001 11.472791
12.401899 12.64144
9.79897 10.063862
11.543697 11.293715
11.400001 11.391552
11.900001 11.878372
11.599999 11.626138
10.70206 10.710375
14.1 14.282099
11.1 11.149101
11.8 11.801562
11.3 11.804471
9.941637 10.178632
11.2 11.408574
11.3 11.432885
11.900001 12.134252
11.599999 11.633241
11.5 12.039711
11.8 11.654469
11.2 11.323963
13.000009 11.880521
14.500117 13.664153
11.3 11.309165
11.8 11.779433
11.7 11.809423
11.1 11.152224
13.200015 12.288506
11.5 11.468854
10.1 10.374627
11.821246 11.838391
11.7 12.421296
11.8 12.052079
12.899998 12.003344
11.79897 12.08982
11.599999 11.951432
11.2 11.217734
11.1 11.156001
11.599999 10.706466
11.3 11.380568
11.400001 12.386948
11.400001 11.413044
10.40103 10.625743
10.70206 10.776055
12.799992 12.666514
10.40103 10.682892
12.899998 12.166187
10.869551 10.107374
11.900001 11.911814
11.900001 11.948063
11.1 11.15588
11.8 11.712069
11.400001 11.479766
11.999998 11.940226
13.500008 13.208378
11.1 11.145416
11.108774 11.192084
11.1 11.202887
10.1 10.192252
11.3 11.484999
11.2 11.210098
12.299998 11.883193
10.622879 10.659949
12.1 11.670821
11.8 11.832996
11.999998 12.021822
11.400001 11.55694
12.799992 11.891857
11.2 11.1889925
11.8 11.860021
11.1 11.07549
11.1 11.511908
11.2 11.160669
10.5 10.813091
11.400001 11.441407
10.8447275 11.612295
11.8 11.816648
11.599999 11.614489
11.7 11.64987
11.3 11.429488
11.1 11.171267
11.2 11.232366
11.2 11.32934
11.7 11.655436
11.5 11.526758
11.2 11.272008
11.400001 11.398995
11.7 11.636297
11.1 11.248278
12.199999 11.319638
11.49794 11.578836
12.1 11.604174
11.7 11.752627
11.900001 12.144467
11.5 11.402695
11.900001 11.890979
11.3 11.482703
9.79897 10.301167
13.699981 13.360487
12.1 11.989931
11.1 11.239401
14.700326 14.32503
11.2 11.693316
11.2 11.22165
11.7 11.229427
11.900001 11.907341
14.400163 13.721127
10.1 10.547874
11.900001 11.89047
11.2 11.331413
11.49794 12.9292965
11.400001 11.290792
11.1 11.234503
11.5 11.808683
11.5 11.577518
11.900001 11.724417
11.1 11.486199
11.8 11.835581
11.8 11.83788
11.400001 11.443029
13.600039 12.921179
11.1 11.215026
11.1 11.152537
12.699998 12.444371
11.1 11.829281
11.900001 11.864312
11.599999 11.77002
10.70206 10.725265
13.403085 11.959815
11.999998 11.765316
11.400001 11.398647
10.1 10.606702
11.1 11.160344
11.3 11.440602
12.599997 12.201885
11.1 11.167911
11.2 11.204408
11.5 11.525128
11.2 11.19632
11.3 11.295021
13.1 12.361286
12.799992 13.214858
11.3 11.345323
11.7 11.708596
11.1 11.167725
10.70206 10.727999
11.900001 11.876797
13.399989 13.2418
12.199999 12.71243
11.3 11.311945
11.2 11.329557
11.900001 11.378673
11.1 11.188511
13.299971 12.689924
11.1 11.217084
12.299998 11.181601
11.599999 11.546317
11.2 11.162329
11.2 11.178186
12.199999 11.716671
11.400001 11.340795
11.900001 11.910114
11.599999 12.10087
11.7 11.714743
11.3 11.63765
12.1 11.872858
11.5 11.523532
11.900001 11.890748
11.8 11.740379
11.599999 11.5766115
11.2 11.180143
11.7 11.754322
12.599997 11.986439
14.500117 13.844631
11.2 11.200301
11.2 11.247407
11.900001 11.89024
11.8 11.852905
11.2 11.25732
11.1 11.155968
11.900001 11.555961
11.400001 11.12159
11.7 11.417537
10.3 10.486542
11.900001 11.850826
11.900001 11.854548
12.799992 12.146057
11.599999 11.707209
11.8 11.81107
10.1 11.610684
11.599999 11.575964
11.7 11.544421
13.466532 12.729614
12.299998 12.306786
10.59485 10.43609
11.900001 11.847555
10.932683 10.900722
14.273925 14.271717
11.900001 11.891286
11.5 11.471365
11.1 11.15528
10.7 10.611707
11.3 11.628394
14.19691 11.382353
11.2 11.197177
13.200015 12.106356
11.1 11.274632
11.8 11.723605
12.899998 11.598155
10.1 11.244456
11.1 11.2197485
11.8 11.8515005
11.2 11.375864
11.2 11.179246
13.200015 12.856694
11.1 11.160773
9.79897 10.115675
11.1 11.162309
12.349492 11.725455
11.1 11.095187
11.5 11.574821
11.1 11.134179
11.3 11.356019
11.1 11.169225
11.1 11.13521
10.70206 10.726425
12.399998 12.112352
11.8 11.562203
11.2 11.18551
11.599999 11.703859
14.600313 12.96606
11.2 11.200178
13.000009 13.449477
12.248742 10.628696
11.400001 11.414999
11.7 11.839149
11.2 11.208563
11.1 11.168133
12.399998 12.320854
13.000009 12.481933
12.299998 12.882126
11.400001 11.361785
10.2 10.472504
11.1 11.109977
11.900001 11.9369335
10.3 10.651335
11.2 11.202699
11.8 11.326176
11.1 11.300916
11.400001 11.39965
11.400001 11.423022
12.1 12.615643
11.599999 11.618977
11.2 11.241722
11.1 11.063647
11.7 11.761838
11.999998 11.81805
11.3 11.6878195
11.1 11.144065
11.8 11.8057165
11.3 11.374453
12.199999 12.127729
11.2 11.175382
11.900001 11.941218
12.699998 12.307933
11.2 11.2546015
14.419664 14.186571
12.599997 12.638724
11.5 11.518938
11.2 11.236031
11.1 11.16479
12.300659 12.375455
11.2 11.165602
11.599999 11.624494
11.400001 11.4572525
12.146482 12.513451
12.599997 12.2455225
11.1 11.130051
12.899998 12.815405
11.1 11.141834
11.1 11.151998
11.900001 11.845962
11.3 11.433126
11.2 11.194415
11.999998 11.984479
11.900001 11.9010935
13.999974 12.418618
10.8 10.509602
11.3 11.407578
11.1 11.170602
11.5 11.627954
11.3 11.267176
13.800057 13.722143
11.5 11.691795
11.1 10.822899
11.599999 11.613074
11.3 11.283327
12.721546 11.621217
13.1 12.432412
11.5 11.729815
11.1 11.151753
11.1 11.07295
11.8 11.305338
10.1 10.215509
11.900001 12.441912
11.3 11.321344
11.782456 11.670298
11.5 11.491086
10.3 10.534558
11.923909 11.1708975
10.1 10.040737
11.3 11.51565
11.400001 11.447957
10.6 10.600795
11.1 11.296944
11.400001 11.498276
12.199999 12.625839
11.8 11.679476
11.999998 11.981777
11.599999 12.029876
10.70206 10.747254
11.8 11.881212
13.200015 12.613735
11.3 11.405482
11.1 11.161616
13.200015 13.038399
11.3 11.396556
11.7 11.70361
11.7 11.666104
11.599999 11.586414
11.2 11.206987
11.599999 11.808777
13.500008 13.3429985
12.499997 12.82357
11.8 11.897183
12.899998 12.548861
11.900001 11.942532
11.1 11.143564
11.5 11.596356
11.900001 11.8389225
11.999998 11.961768
11.2 10.681311
11.1 10.896275
14.5685215 14.955815
11.900001 11.908488
11.8 11.854058
12.399998 11.554758
11.900001 11.951114
11.3 11.240639
11.999998 11.993454
11.7 11.729744
10.8 10.678706
11.7 11.751056
11.3 11.4966545
11.721602 10.8638115
13.248742 13.881623
13.200015 12.592754
11.2 11.497752
11.8 11.882112
12.199999 11.906915
11.400001 11.566411
11.1 11.14312
11.2 11.43244
11.2 11.329564
13.299971 13.1547
12.1 12.425877
11.8 11.878862
11.8 11.820696
11.8 11.694487
11.7 11.992555
12.499997 11.834016
11.900001 12.011761
11.999998 12.002619
13.699981 12.671925
12.020819 11.617222
11.7 11.721132
12.1 11.81644
11.900001 11.9077635
11.1 11.440956
11.1 11.121634
11.400001 11.33706
12.601689 12.465012
11.1 11.143833
11.999998 11.988796
11.999998 12.055546
12.799992 12.784779
11.8 11.887206
11.2 11.227166
11.5 11.612225
11.2 11.200089
11.999998 11.470626
12.199999 11.526621
11.8 11.817959
11.599999 11.632877
13.104364 11.451777
10.622879 11.1741495
13.899971 13.439511
11.3 11.284438
11.400001 11.310212
11.2 11.194017
11.2 11.2982645
11.900001 11.875336
11.2 11.176553
11.923909 11.304397
11.2 11.225615
11.400001 12.61024
11.2 11.42552
11.900001 11.871133
11.8 11.813254
11.7 11.554543
12.55967 12.311909
13.000009 11.570357
11.2 11.202346
11.1 11.137135
11.5 11.529068
11.1 11.141881
9.40103 10.092822
11.400001 11.968157
11.900001 11.929196
11.425138 11.467441
11.1 11.16017
11.242667 11.129296
10.5 10.634176
12.699998 12.337105
11.1 11.21275
11.3 11.289209
12.1 11.909556
11.999998 12.258398
11.2 11.241259
13.000009 12.926291
11.999998 11.92054
11.400001 11.488178
14.600313 14.2794285
11.738272 12.060584
11.1 11.178128
11.8 11.671318
11.1 10.987022
11.900001 11.860927
10.719789 10.39488
11.599999 11.653823
11.400001 11.465929
12.799992 12.456891
11.2 11.45304
11.25 11.44795
11.3 11.395325
12.1 12.316238
12.699998 12.258059
11.599999 11.593938
11.70103 11.722414
13.026317 13.065985
12.191515 11.894025
11.1 10.679694
11.999998 11.56303
11.1 11.144865
11.400001 11.505059
11.900001 11.912945
11.1 11.566048
11.5 11.464702
11.1 11.1735935
11.5 11.539987
11.400001 10.74624
11.599999 11.628727
12.199999 12.198427
11.1 11.217013
11.5 11.544221
11.2 11.238517
11.2 11.293958
11.1 11.150426
11.3 11.331644
11.2 11.266189
11.3 11.373384
11.900001 11.895975
11.2 11.1989975
11.599999 11.698616
11.2 11.220271
11.999998 13.078466
11.5 11.47074
11.400001 11.481907
11.274371 11.257138
14.427902 14.15718
11.900001 12.260654
11.1 10.810751
11.1 11.150678
11.3 11.42535
10.622879 10.673756
11.999998 11.584198
11.999998 11.564526
11.2 11.2653265
11.900001 12.476601
11.1 11.138622
11.400001 11.585258
10.1 10.347466
11.2 11.228764
11.8 11.785224
11.8 11.8592415
11.599999 11.380125
11.7 11.794189
11.49794 11.518629
11.2 11.252164
11.3 11.283016
12.1 12.008629
11.900001 11.800701
12.199999 12.177022
13.600039 13.524779
13.399989 14.571647
11.900001 11.725434
11.8 12.330289
11.3 11.270071
11.999998 11.627422
12.923909 12.854596
11.1 10.655015
11.8 11.818415
11.2 11.352743
11.599999 11.559737
11.5 11.695138
11.900001 11.872849
11.2 11.207178
13.699981 13.282466
12.599997 12.343168
11.2 11.205798
11.400001 11.356247
10.1 10.506467
11.900001 11.81757
12.191515 12.248723
11.1 11.129933
11.3 11.532267
15.200179 13.664283
11.5 11.628452
11.8 11.841929
11.1 11.1434555
11.1 11.165796
11.1 11.19977
11.900001 11.685815
12.199999 12.201855
11.900001 11.481475
11.400001 11.447808
11.1 11.186509
11.2 11.229452
11.900001 11.925864
11.400001 11.401534
11.999998 12.243151
11.2 11.182529
11.2 11.255624
11.900001 11.878891
11.599999 10.657549
11.599999 11.789908
11.2 11.188398
10.70206 10.707592
11.2 11.319248
11.2 11.188052
11.999998 12.094201
11.999998 12.043227
11.2 11.24548
13.200015 12.927313
11.2 11.177292
11.2 11.400111
11.79897 12.78687
12.299998 11.98478
10.70206 10.687211
10.4 10.590504
11.5 11.478539
12.1 11.939901
11.5 11.570178
11.599999 11.528842
11.5 11.567297
11.1 11.159413
13.299971 11.661605
11.8 11.415402
11.3 11.386129
14.63786 13.755065
12.299998 12.2143135
11.3 11.3490505
12.299998 11.85642
11.1 11.153039
12.699998 12.195364
11.2 11.3374605
11.599999 11.633158
11.1 11.128926
11.8 11.851823
11.2 11.197534
11.900001 11.855183
11.900001 11.927719
11.19691 11.169521
12.249994 12.342774
10.1 11.06935
11.7 11.887078
11.2 11.216072
12.765546 12.014605
11.2 11.245573
11.2 11.208678
13.668636 13.352569
11.5 11.797174
11.599999 11.705663
11.5 11.529168
11.2 11.215438
11.8 11.921436
11.5 11.517501
12.599997 12.773537
12.299998 11.751403
11.7 11.543898
11.1 11.1691475
11.1 11.517115
11.3 11.688221
11.5 11.592075
12.399998 11.317193
11.8 11.859549
11.2 11.172809
11.8 12.132055
11.2 11.176284
12.299998 12.830187
11.2 11.235723
12.79897 12.012644
11.2 11.238479
12.622879 12.185158
11.3 11.196587
11.8 11.821307
11.3 11.357272
11.3 11.459093
11.7 11.811346
11.3 11.300918
11.7 11.426021
11.900001 11.706574
10.1 10.342927
11.2 11.286728
11.5 11.497084
12.699998 11.668681
11.900001 11.883169
10.2 10.829773
11.1 11.246938
11.8 11.851379
11.8 11.836767
11.8 11.705487
11.5 11.731591
11.7 11.683421
12.207906 12.5346985
11.2 11.273355
11.2 11.194494
11.900001 11.849164
11.1 11.724384
11.900001 12.431838
13.19691 11.288336
13.145758 12.956875
11.7 11.350146
11.3 11.302881
10.70206 10.709065
11.7 11.589464
13.500008 13.667478
11.3 11.382096
11.5 11.544824
11.400001 11.506083
14.999629 14.22953
11.999998 11.854252
11.2 11.214083
10.165502 13.663246
11.599999 11.897967
11.999998 11.952288
11.5 11.4648285
11.285752 11.523735
11.900001 11.401551
11.1 11.287302
11.3 11.433213
11.8 11.852284
11.1 11.116738
11.999998 12.296046
11.5 11.467712
9.89588 9.949066
11.900001 11.869288
11.1 11.133858
13.699981 12.990482
11.3 11.273041
11.5 11.515631
11.900001 11.847489
11.180922 12.065434
12.180399 12.113634
11.2 11.249511
11.2 11.217814
12.399998 11.846803
11.1 11.168573
11.7 11.659223
11.5 11.611359
10.40103 10.738576
11.1 11.14307
11.400001 11.507359
10.938632 10.60574
10.70206 10.688732
11.400001 11.349255
11.2 11.224294
11.7 11.678035
11.900001 11.872062
11.599999 11.673405
11.7 11.632453
11.2 11.192756
12.899998 13.443356
11.5 11.517368
11.5 11.615238
11.2 11.225414
11.2 11.17231
11.400001 11.398205
11.8 11.676256
11.2 11.303147
11.7 11.283249
12.799992 12.4296465
12.799992 12.395679
11.3 11.367298
11.3 11.167895
11.1 11.153605
11.7 11.462449
11.49794 11.242046
11.329148 11.497455
12.1 11.622399
13.200015 12.226946
11.900001 11.960646
11.400001 11.419415
12.199999 11.604122
13.699981 13.460285
11.2 11.322772
11.5 11.56913
11.5 11.603407
11.400001 11.525838
11.15 11.32016
13.1 12.664684
13.000009 11.988657
11.2 11.237191
12.199999 11.723474
11.8 11.748142
10.622879 10.6398325
11.900001 11.927422
12.599997 13.495692
10.40103 10.380206
14.700326 13.437527
10.49794 10.098352
11.2 11.209086
11.999998 11.883875
11.2 11.243138
10.5 10.47561
11.5 11.432227
11.3 11.492399
11.1 11.274793
11.2 11.255358
11.900001 11.960963
11.900001 11.934663
11.2 11.187388
11.2 11.201329
11.1 11.106639
11.2 11.203754
11.8 11.52523
10.40103 13.451929
11.7 11.830669
11.900001 11.913053
11.599999 11.575342
11.999998 11.974427
11.1 11.192365
12.449997 11.823713
11.3 11.487674
11.622879 11.554486
11.29382 11.787976
11.400001 11.339309
10.79897 10.254307
11.400001 11.387065
10.49794 10.547502
11.2 11.174222
10.6 10.508661
11.3 11.244341
11.3 10.676318
11.3 11.460603
12.199999 11.237254
11.599999 11.684438
11.2 11.159771
12.699998 12.127344
12.199999 12.034532
12.199999 12.066192
11.1 11.160025
11.900001 11.930701
13.299971 13.463479
11.2 11.200334
13.800057 12.760203
11.900001 11.668967
14.200179 14.099711
11.7 11.559674
11.599999 11.655008
12.499997 12.19674
11.7 11.860847
11.5 12.333223
11.2 11.321176
11.2 11.248264
11.3 11.52238
11.3 11.391564
11.1 11.157811
10.738272 10.16025
12.299998 12.255347
10.1 10.481039
11.900001 11.871055
11.3 11.418415
11.400001 11.356178
11.599999 11.741839
11.900001 11.892563
11.1 11.16894
11.7 11.58494
11.2 11.652606
11.400001 11.410842
14.49794 14.301573
11.900001 11.922179
14.145758 13.79419
11.5 13.027706
11.8 11.737924
11.2 11.7506485
11.8 11.887232
11.2 11.280826
11.622879 11.703647
11.5 11.430617
13.359637 13.597216
12.299998 11.65421
11.2 11.451855
11.1 11.176322
11.900001 11.873759
11.3 11.589136
11.900001 11.454008
13.000009 11.869217
11.7 12.101057
10.6 11.897844
13.622879 13.939436
11.3 11.191007
11.599999 11.607969
11.5 11.546068
11.79897 11.506531
11.3 11.53275
11.1 11.146554
11.1 11.261943
11.8 11.880505
13.200015 12.472021
11.5 10.707753
11.7 11.758792
11.1 11.22638
11.5 11.527346
11.7 11.76775
11.999998 12.04982
11.5 11.667791
11.3 11.424427
10.2 10.442333
11.599999 11.74474
11.2 11.232931
12.399998 13.585768
11.2 11.149004
13.699981 12.772662
13.000009 12.604539
11.3 11.3109255
11.2 11.209649
11.3 11.155449
11.3 11.356833
10.3 10.537006
11.900001 11.889403
11.900001 11.901619
10.7 10.6129055
10.70206 10.7337265
11.400001 11.440848
11.5 11.609709
12.499997 11.270538
9.456548 9.520106
11.900001 11.882086
13.1 12.620865
11.599999 11.791466
11.2 11.226214
11.7 11.114646
11.999998 12.582765
11.2 11.1993475
11.3 11.415538
12.1 12.236684
13.600039 13.138074
9.79897 10.026342
11.5 11.526711
11.599999 11.415009
11.999998 11.758793
12.199999 12.212252
11.7 12.228994
11.8 11.828718
11.900001 11.844033
11.400001 11.29095
11.1 10.8168745
11.8 11.787252
11.1 11.015259
11.8 11.825673
11.5 11.71037
11.3 11.319462
11.1 11.141681
11.7 11.614498
11.512516 11.363645
13.399989 12.608383
11.7 11.851526
11.5 11.349125
11.1 11.209959
11.8 11.937509
12.599997 12.26935
11.2 11.201889
11.599999 11.467323
11.1 11.10137
11.3 11.299484
11.3 11.318045
13.699981 13.600765
11.3 11.4907675
11.2 11.279023
11.5 11.541731
11.400001 11.442409
12.1161 11.305182
11.2 11.196679
11.3 11.321933
11.900001 11.9063015
11.5 11.501266
11.2 11.239336
12.199999 12.01866
11.599999 11.574866
11.5 11.548397
11.900001 11.802554
12.499997 12.229998
11.2 11.21973
11.8 11.654308
11.254902 11.207562
12.399998 11.502867
12.1264105 11.846337
11.7 11.593685
13.399989 13.112726
13.15061 13.558886
11.2 11.190064
12.399998 12.785835
11.999998 11.298396
12.599997 12.516945
12.299998 11.805189
11.599999 11.56829
12.199999 12.158108
11.3 11.317905
11.020819 10.932211
11.599999 11.874087
11.5 11.860687
11.1 11.25124
10.1 11.445504
11.1 11.143505
11.5 11.582708
11.999998 11.872719
11.2 11.203314
11.7 11.512643
10.6 10.644157
11.35 11.561946
12.299998 12.146811
11.2 11.263318
12.399998 11.546174
11.1 11.278517
11.400001 11.372112
11.1 11.588719
14.400163 14.656261
11.1 11.188255
13.299971 13.089
11.5 12.884515
11.8 11.786136
11.400001 11.469233
11.5 11.514203
11.599999 11.545456
11.2 11.4061365
13.000009 13.739558
12.599997 12.712251
11.1 11.156239
11.5 11.412754
11.400001 11.417631
11.400001 11.556927
11.5 11.492533
11.5 11.582675
14.400163 13.9249
11.900001 11.739995
12.986056 12.926392
11.8 11.831152
10.70206 10.708274
11.3 11.341759
11.1 11.158814
11.622879 11.519682
11.7 11.732891
11.599999 11.582708
13.000009 11.931814
11.2 10.7019205
11.3 11.340834
11.999998 11.989869
10.1 10.252263
11.3 11.392327
11.2 11.285245
11.5 11.382933
11.999998 11.758948
11.7 11.613841
11.1 10.98235
12.299998 11.7444515
12.199999 12.766254
14.500117 13.92784
11.7 11.430295
11.900001 11.894278
12.599997 12.1592
11.3 11.292696
11.2 11.227878
11.254902 11.572622
11.1 11.362014
12.899998 12.818285
11.900001 11.55135
11.2 11.528808
14.1 13.588609
11.2 11.2411375
11.1 11.140375
11.599999 11.584488
11.400001 10.945052
10.1 10.618334
12.299998 11.899018
10.70206 10.648904
13.600039 12.556728
11.2 11.16865
11.8 11.7830715
11.2 11.164055
12.899998 11.995436
14.600313 12.482647
11.2 11.227945
12.599997 12.483551
11.3 11.403242
11.3 11.584384
14.202373 14.359988
10.5 10.482353
11.1 11.157553
14.200179 12.799704
11.900001 11.412716
11.2 11.2090435
11.400001 11.529632
11.2 11.184993
10.89588 11.848873
11.1 11.1237135
11.2 11.215058
11.900001 11.904576
12.899998 12.400652
11.456548 11.358602
11.7 11.758763
11.5 11.55644
12.719789 12.57963
11.999998 12.997068
11.7 11.747756
11.400001 11.311515
11.1 11.207257
11.8 11.890632
14.500117 12.792675
13.399989 13.005223
11.1 11.145469
12.199999 11.702399
11.3 11.370435
12.199998 12.369404
13.446788 13.472176
11.900001 11.896341
11.8 11.490107
11.1 11.183471
12.599997 11.480878
11.2 11.208499
11.2 11.322326
11.020819 10.643051
11.900001 11.989655
11.5 11.525675
12.399998 12.476613
12.699998 12.609158
11.900001 11.91213
12.719036 12.323841
13.1 12.63898
11.900001 11.869998
11.5 11.240933
11.900001 11.908622
11.2 11.287412
11.2 11.225824
11.400001 11.446921
11.880176 12.337976
11.7 11.507862
12.899998 12.792662
11.1 11.22281
11.8 11.806083
11.2 11.1835
11.2 11.2232275
11.999998 11.954575
11.900001 11.891763
11.599999 11.631771
12.799992 12.862192
11.400001 11.318573
11.2 11.206709
11.1 11.148219
11.900001 11.881434
11.8 11.728636
12.499997 12.135637
11.2 11.161325
11.900001 11.916602
11.3 11.368926
12.1 11.326662
12.799992 11.653006
10.2 10.635836
11.8 11.759531
11.900001 11.87696
11.5 11.579709
11.1 10.852911
11.2 11.576605
15.299971 14.493807
11.2 11.175268
11.70103 11.6432085
11.2 11.558683
11.49794 11.1261015
11.2 11.19847
11.2 11.315319
11.599999 11.54454
13.1 12.6444
11.1 11.505639
11.8 11.731024
11.7 11.252741
11.900001 11.708042
10.622879 10.680192
11.2 11.676671
12.1 11.195264
13.600039 11.633419
12.499997 11.965789
9.1 10.75327
11.2 11.200401
11.900001 11.902285
11.166968 11.165072
11.3 12.312589
11.8 11.82605
11.400001 11.335571
11.3 11.6713505
11.1 11.156207
11.2 11.231386
13.020819 11.979269
11.2 10.839765
11.599999 11.576797
11.599999 12.271411
13.200015 12.131955
11.599999 11.394778
11.5 11.58875
11.400001 11.381667
14.400163 12.890093
11.900001 12.129497
12.899998 12.192967
11.1 10.935293
11.2 11.189048
11.8 11.819887
11.2 11.199299
11.1 13.285311
11.5 11.92221
11.2 11.274256
12.1 12.117854
11.7 12.142429
9.79897 10.032924
11.2 11.297671
11.599999 11.528726
11.900001 11.878305
11.1 11.096579
11.2 11.193107
11.5 11.451939
12.622879 12.227815
11.900001 11.9330845
11.3 11.305268
12.520216 11.571182
11.2 11.877661
11.599999 11.631464
12.199999 12.266886
11.1 11.464598
11.1 11.159467
11.2 11.800989
14.299971 12.921092
11.3 11.287855
13.500008 12.987858
11.3 11.32128
12.299998 12.26713
13.321849 12.400243
11.108774 11.169025
12.555932 12.464161
13.200015 13.2926
11.999998 11.914051
11.3 11.237608
11.400001 11.465284
11.5 11.4661875
11.8 11.926365
11.1 11.974637
13.000009 12.12042
11.2 11.198166
14.1 13.987204
11.3 11.276875
11.900001 11.871867
12.899998 11.660919
11.8 11.648688
12.299998 12.245711
11.2 11.200175
11.1 11.237188
11.3 11.46543
11.2 11.416004
11.2 11.192423
11.3 11.32745
11.2 11.38436
12.199999 11.889258
10.9 10.660263
11.900001 11.909969
11.3 11.296328
12.199999 12.310794
12.699998 12.162666
11.3 11.3476095
12.199999 12.08966
11.1 11.154645
11.2 11.307687
11.3 11.253614
11.3 11.37978
11.599999 11.706791
11.900001 11.883558
14.500117 13.125081
11.15399 11.171114
10.622879 10.819779
11.2 11.215832
14.79897 12.689522
11.2 11.204324
13.299971 12.093812
11.1 11.617221
11.5 12.017515
11.1 11.140439
11.2 11.234997
11.2 11.1849985
12.299998 11.91822
10.70206 11.113594
10.63529 11.62693
11.599999 11.55471
11.599999 11.635113
11.2 11.412678
11.2 11.175313
12.899998 11.634234
11.5 11.508264
11.2 11.405611
13.500008 13.568388
11.400001 11.440743
11.2 11.311125
11.2 11.234149
11.999998 12.029039
11.1 11.340873
11.2 11.255407
12.799992 12.763618
11.7 11.8897915
12.499997 12.516638
13.899971 13.758087
11.1 11.1336565
11.7 11.553921
11.3 11.291807
10.5 10.622901
11.5 11.299308
11.1 11.208233
13.399989 11.975195
11.599999 11.80413
11.2 11.093899
11.5 11.523711
11.599999 11.63872
11.1 11.142881
11.3 11.3697405
13.399989 13.511259
11.2 11.234359
11.7 11.767108
12.699998 12.378038
11.599999 11.873796
11.900001 12.017665
11.3 11.3368435
13.59485 12.120453
11.1 11.608136
11.7 11.698096
13.299971 12.213942
11.5 11.545636
11.2 11.268469
11.900001 11.94575
11.3 11.610597
11.900001 11.922856
11.5 11.456369
13.79897 13.290777
11.2 11.291181
11.2 11.2839985
11.2 11.197145
12.499997 11.921899
11.1 11.148279
13.800057 13.923979
11.1 11.160165
13.399989 11.361432
11.1 11.154228
9.79897 10.107374
11.900001 11.903026
11.5 11.345428
14.644068 14.019074
12.47675 10.995956
11.254902 11.312401
11.5 11.515234
11.8 12.261953
11.999998 12.08157
11.7 11.911313
11.900001 11.883859
11.2 11.286388
10.1 10.4055805
11.599999 11.522911
11.3 11.298309
11.2 11.411986
11.900001 11.918576
11.1 11.171375
11.2 11.230793
12.399998 12.56292
11.8 11.891418
11.7 11.693903
12.499997 12.647864
13.699981 11.9619665
11.2 11.305029
11.900001 11.967216
11.1 11.138778
11.7 11.91036
11.599999 11.506804
11.3 11.311211
12.399998 12.021831
11.400001 11.521447
11.1 11.136572
11.5 11.429914
11.0914 12.130701
11.2 11.193502
11.5 11.466865
11.1 11.139183
11.1 11.141284
11.999998 12.54514
13.344125 13.4535885
11.2 11.168802
10.446788 11.045591
11.999998 12.805349
11.2 11.200553
11.5 11.742918
12.499997 12.35562
12.299998 12.378256
10.70206 10.6768265
11.2 11.2794485
11.5 11.481585
11.3 11.326262
11.900001 11.89918
11.2 11.252164
11.8 12.333317
11.2 11.267269
11.999998 11.998605
11.900001 11.888454
11.47675 11.483816
11.2 11.247794
10.40103 10.667054
11.900001 11.898878
11.900001 12.055209
10.1 10.366642
11.1 11.16938
12.299998 11.905077
11.8 11.955426
11.70206 11.174386
11.8 11.754328
11.3 11.273615
11.2 11.18687
11.400001 11.873418
11.900001 11.93787
11.8 11.7836
11.900001 12.02774
11.1 11.12372
11.599999 13.877451
12.399998 11.314663
11.2 11.290187
11.8 11.827185
11.1 11.140964
10.79897 10.307405
14.1 13.832521
10.1 10.308937
11.3 11.451395
11.599999 11.546806
11.900001 11.875846
11.2 11.44078
11.900001 11.872914
11.7 11.74654
11.2 11.220537
12.899998 12.9775505
11.900001 11.791274
11.2 11.384741
11.400001 11.573648
14.1 13.327224
11.900001 11.85067
12.299998 11.790116
13.043096 13.1322565
10.70206 10.722471
12.399998 11.696023
10.1 11.316227
11.8 11.463196
11.7 11.82733
12.399998 12.043293
11.5 11.396158
11.999998 11.982479
11.999998 11.647331
11.5 11.512593
11.900001 11.867214
12.399998 11.580729
9.777781 10.383436
11.1 11.103821
11.1 11.157593
11.400001 11.412927
11.5 11.443246
12.199999 11.408305
11.599999 11.501874
13.800057 13.718299
11.900001 11.898935
11.599999 11.300167
11.2 11.240681
12.499997 12.089159
11.5 11.460351
11.3 11.331577
11.3 11.212923
11.599999 11.750557
11.900001 11.908522
11.3 11.289351
11.359637 11.1802635
11.8 11.875932
11.3 11.405861
11.1 11.207049
11.3 11.251585
12.651294 12.395705
11.900001 11.8844595
11.2 11.216987
11.8 11.829647
13.864471 13.536317
11.900001 11.933783
11.8 12.2629175
11.599999 11.936953
13.000009 11.667533
11.2 11.17565
11.900001 11.960441
11.8 11.361891
11.599999 11.950463
10.3 10.432203
11.999998 12.005051
11.2 11.443433
11.5 11.362954
11.2 11.245562
11.2 11.20964
11.900001 11.882053
11.900001 11.88666
11.400001 11.386666
9.79897 10.021884
11.3 11.367243
12.299998 11.876164
11.7 11.703154
10.7 11.148407
11.599999 11.340562
11.3 11.264621
11.40103 11.032025
11.7 11.716869
13.800057 13.365011
11.900001 11.879016
11.2 11.430947
10.70206 10.697252
11.400001 11.559224
12.199999 11.473477
11.8 11.646484
11.5 11.539967
11.900001 11.887167
11.8 11.844949
12.499997 11.760757
11.1 11.169473
11.2 11.231826
11.8 11.803065
11.5 11.534194
11.1 11.149248
11.900001 11.86732
11.7 11.581825
11.2 11.194363
12.299998 11.564913
11.900001 11.9104595
11.900001 11.917296
11.900001 12.50413
11.599999 11.380751
12.299998 12.329156
11.900001 11.952993
11.5 11.484435
11.900001 11.899302
12.599997 12.820814
11.400001 11.712009
11.400001 11.301542
11.1 11.150629
11.2 11.171406
11.900001 11.741206
11.8 11.854247
11.1 11.151291
11.3 11.334912
10.1 11.191421
13.1 13.151863
11.900001 11.418351
11.409804 12.304249
11.8 11.821253
11.8 11.482532
12.499997 12.417819
12.359637 11.164781
11.8 11.766971
11.400001 11.302288
11.3 11.329785
12.499997 12.393193
11.2 11.213572
11.900001 11.89089
11.79897 11.531528
11.0 10.565375
11.483266 11.430866
11.599999 11.5385275
11.2 11.266292
10.622879 10.859899
14.722107 11.589932
12.1 11.917826
11.5 11.471576
11.300659 11.182185
12.199999 12.011877
11.2 11.223051
11.3 11.302596
11.5 11.314469
11.5 11.368489
11.1 11.179517
10.622879 10.605378
10.1 10.3073015
10.79897 11.241976
11.7 11.51499
11.900001 11.199794
13.699981 12.142482
11.999998 12.115078
11.900001 11.875739
11.3 11.202213
11.5 12.361479
11.55 12.993569
11.900001 11.879454
11.2 11.36142
11.2 11.310957
11.8 11.88017
11.900001 11.871563
11.900001 11.878503
11.900001 13.401911
13.000009 12.406132
11.1 11.269416
11.400001 11.484821
11.599999 11.629248
11.7 11.699824
11.8 11.802219
11.5 11.39508
11.900001 11.8901005
11.2 11.258583
11.2 11.16446
11.3 11.326321
11.900001 11.983714
11.1 11.122675
11.2 11.23265
11.3 12.053104
13.600039 13.897062
11.2 11.2940235
11.1 11.164752
11.2 11.27395
11.8 11.560311
11.7 11.667352
11.400001 11.644727
12.699998 12.103196
11.599999 11.292248
11.1 11.2023
11.3 11.223968
11.400001 11.391384
12.399998 12.200875
11.1 11.171668
11.1 11.145301
11.5 11.380826
10.40103 10.550889
11.7 12.14877
11.3 11.909699
13.200015 12.7602005
11.2 11.348931
11.1 11.139893
11.2 11.239027
11.202373 12.184145
12.499997 11.738319
11.1 11.1915
11.2 11.225453
13.299971 12.403511
11.1 11.13497
11.1 11.191946
11.599999 11.535966
11.2 11.20884
12.599997 12.404855
11.5 11.725973
10.418758 11.2473135
10.3 10.4776745
11.400001 11.385216
11.3 11.268653
12.299998 11.745984
11.130118 11.223466
11.900001 11.51159
11.1 11.140345
12.1 12.039113
13.299971 13.761038
11.1 11.128008
11.400001 11.871408
13.49794 12.537314
11.5 11.411107
11.7 11.868912
11.1 11.13867
11.900001 11.910289
11.900001 11.90018
10.3 10.872502
11.3 11.301135
10.8 10.853644
11.400001 11.33211
11.5 11.5056
11.400001 11.378166
11.3 11.908381
11.1 11.187942
10.456548 10.414984
13.299971 13.284292
11.2 11.304692
13.000009 11.868804
11.1 10.844801
13.200015 12.296162
14.200179 13.019036
14.500117 13.502959
11.900001 11.875403
11.1 11.172289
11.7 11.6970005
11.2 11.210446
11.5 11.4194
11.3 11.412206
11.7 11.46594
11.1 11.151948
12.799992 12.754227
11.3 11.276651
11.2 11.185554
12.299998 12.33967
11.5 11.55489
10.1 10.315778
14.81658 14.44997
12.217476 11.26258
11.1 11.310415
11.1 11.002482
11.400001 11.545216
11.2 11.366736
13.1 12.228764
11.1 11.198844
13.1 12.184497
12.633132 12.666303
11.5 11.477883
11.2 11.238504
11.599999 11.580134
11.8 11.708943
12.1 12.017533
11.400001 11.733596
11.2 11.16697
11.3 11.41848
11.8 11.860664
11.7 11.734891
12.499997 11.79927
11.3 11.397476
11.999998 11.971886
11.7 11.888828
10.622879 10.078776
11.400001 11.405481
11.900001 11.899792
11.599999 11.678112
11.900001 11.977771
13.899971 13.377508
11.5 11.442284
11.2 11.2018
11.1 11.162643
13.699981 13.452857
11.8 11.853191
12.299998 11.864535
12.299998 12.740867
11.3 11.185375
11.1 11.20035
11.2 11.200294
11.3 11.450665
11.400001 11.286891
11.3 11.588436
11.8 11.402865
10.5685215 10.778614
11.1 11.2380905
10.1 11.365526
12.899998 12.220922
11.6157 11.234135
12.652842 12.672596
11.2 11.258511
11.5 11.573242
11.599999 12.047348
11.400001 11.337981
11.2 11.275411
12.299998 12.491652
11.599999 11.614997
11.3 11.30373
11.178996 11.182001
11.999998 12.998668
11.3 11.551322
10.207906 10.426778
11.900001 11.902667
11.900001 11.726394
12.499997 12.268524
11.3 11.617732
11.186186 11.6304035
12.199999 11.897979
12.499997 12.475748
11.900001 11.864765
11.7 11.73252
12.1 11.923604
11.900001 12.001844
11.5 11.389192
13.399989 13.470336
11.3 11.605698
11.7 11.702926
10.869551 10.143727
11.1 11.129159
11.400001 11.703369
11.2 11.310345
11.3 11.19998
11.599999 11.609069
10.1 10.288417
11.1 11.157092
11.7 11.596193
11.900001 11.6937
11.3 11.334863
13.699981 13.960457
11.599999 11.54129
11.3 11.425029
11.1 11.157245
11.400001 11.592792
11.900001 11.90269
11.400001 11.39652
10.70206 10.694723
11.3 11.36562
11.400001 11.429468
11.2 11.155463
12.1 11.461855
13.000009 10.566791
11.2 11.262065
11.900001 11.644577
11.599999 11.6436205
11.8 11.835531
11.2 11.340826
11.7 11.436719
11.999998 12.3340845
11.599999 11.6270075
11.599999 11.656916
11.0 10.867992
11.5 11.49054
11.900001 11.894162
11.2 11.230387
11.2 11.274973
11.2 11.176524
14.999629 14.378301
10.1 11.591145
11.8 11.527804
13.699981 12.890256
11.1 11.13344
11.5 11.700256
11.3 11.573524
11.8 11.879069
11.2 11.270505
12.199999 12.162686
11.999998 12.558475
10.70206 10.736652
13.986056 12.281283
11.599999 11.6647005
11.7 11.66615
11.5 11.519262
10.351812 10.425831
11.2 11.192542
11.2 11.211973
9.79897 10.001321
11.1 11.151082
11.7 11.396825
12.799992 12.028691
12.499997 12.450461
11.900001 11.827401
13.21351 12.827027
11.3 11.731024
13.299971 12.93554
11.2 11.363287
11.5 11.550287
11.1 11.193399
11.900001 11.910287
11.5 11.51309
11.8 11.804762
12.1 11.256735
11.3 11.335904
11.999998 12.538493
11.2 11.208468
11.900001 11.888252
12.299998 12.438151
11.900001 11.872649
11.7 11.940233
11.1 11.142728
11.8 11.48946
11.7 11.657788
11.8 11.766068
13.231403 14.740144
11.145758 10.8072815
12.299998 12.53322
13.200015 12.670384
9.923909 10.350345
11.2 11.238758
12.699998 12.276268
11.3 11.495362
11.1 11.538077
11.25 11.320376
11.7 11.875748
11.900001 11.886151
14.1 14.02069
11.400001 11.534645
12.1 12.281776
11.2 11.438307
11.5 11.587923
11.2 12.114493
13.1 11.823361
11.599999 11.507162
11.3 11.374157
11.3 11.38832
11.5 11.485179
11.2 11.250758
11.8 12.598003
11.2 11.238962
10.89588 13.884249
11.79897 12.009377
11.999998 11.8784275
11.400001 11.414151
11.3 11.297792
11.1 11.167061
12.626186 12.563604
11.2 11.374495
11.8 11.841742
10.6 10.564871
12.359637 12.023251
11.999998 11.752638
11.5 11.556532
11.2 11.232786
11.3 11.29382
11.599999 11.94792
13.000009 12.596926
11.79897 10.982164
11.8 11.814628
11.400001 11.4508095
12.299998 11.276756
11.1 11.5292015
12.299998 11.529052
11.1 11.130206
11.599999 11.941455
11.8 11.860635
11.2 11.220618
11.45 11.506177
12.089405 13.550272
12.599997 12.576248
11.599999 11.463814
11.599999 11.720656
11.1 11.478395
11.2 11.210466
12.499997 12.284352
11.1 11.105578
13.000009 12.603374
11.400001 11.573683
11.7 11.683769
11.7 13.35425
11.3 11.54988
10.2 10.4766
11.7 11.721779
11.400001 11.388956
11.1 11.188069
11.5 11.469253
11.1 11.9438305
11.2 11.183282
12.199999 12.104934
11.3 11.351832
11.5 11.191419
11.2 11.164192
11.5 11.408959
11.599999 11.698392
11.2 11.193949
11.400001 11.43679
11.1 11.137972
11.671865 12.074538
13.899971 12.973576
11.7 11.6886
11.543697 11.76907
11.1 11.199544
11.7 11.487394
11.1 11.144987
11.8 11.875619
11.2 11.228161
12.344125 12.436028
11.400001 11.393817
11.8 12.090143
11.8 11.874691
13.19691 12.0352125
11.900001 11.917361
12.1 12.576582
11.999998 11.947281
11.3 11.215096
11.1 11.09824
11.900001 11.897066
11.599999 11.587668
13.200015 13.176863
11.5 11.495501
11.999998 11.940516
13.4372425 13.191286
11.5 11.476421
12.699998 12.740659
11.2 11.220921
11.5 11.468558
11.5 11.466664
11.8 11.852849
11.236677 11.863577
11.8 11.926005
11.5 11.503565
11.2 11.183657
11.0 10.842272
12.299998 12.397472
11.999998 11.872107
11.418758 11.365225
10.869551 11.172576
11.900001 11.509167
11.2 11.264522
11.8 11.902742
12.005018 11.771965
12.1 12.466244
11.7 11.629189
11.2 11.26932
11.1 11.174586
10.3 10.728158
11.2 11.427013
11.599999 11.517403
11.900001 11.872978
11.599999 11.527009
13.1 13.047726
11.999998 11.913109
11.900001 11.659272
11.5 11.52975
11.599999 11.62661
11.999998 11.988402
12.199999 11.966072
11.3 11.27742
12.1 11.901524
11.999998 12.6047535
12.924482 10.844655
11.1 10.98934
11.900001 11.863353
11.900001 11.88863
12.499997 11.993021
11.8 11.708045
11.1 11.494211
11.3 11.563219
13.000009 12.932737
10.2 10.458833
11.1 11.143302
11.2 11.206275
12.199999 11.86316
11.7 11.750054
11.2 11.198264
10.622879 10.680635
10.609058 10.85822
11.900001 11.8728485
13.000009 12.606978
11.400001 11.350631
12.478272 12.430883
13.600039 13.68491
11.7 11.965404
11.2 11.18357
11.7 11.649127
11.8 11.7228365
11.2 11.180368
12.199999 12.009315
14.2870865 13.875305
9.1 9.526125
11.2 11.211993
11.2 11.166159
11.2 11.332661
12.299998 12.037955
11.3 11.4618845
11.900001 11.889746
11.900001 11.919452
11.182751 11.1940565
10.40103 10.930411
11.2 11.186207
12.199999 11.693056
11.1 11.305637
11.900001 11.872706
11.3 11.3248005
11.747817 11.869086
11.3 11.311298
11.2 11.27262
11.7 12.319095
12.899998 12.532521
11.7 11.532291
11.8 11.910774
11.5 11.543718
10.1 10.340979
13.1 13.466806
11.1 11.240695
11.8 11.831839
11.999998 12.130115
11.400001 11.323082
13.79897 13.387545
11.999998 12.461206
11.2 11.192626
11.5 11.525037
11.5 11.610266
11.59485 11.879441
11.3 11.2803955
13.1 12.894776
11.2 11.169615
13.000009 13.645031
12.499997 12.87784
11.8 11.807898
11.8 11.847306
11.3 11.284568
11.7 11.785878
11.2 11.300608
11.400001 11.330904
11.5 11.532076
11.1 11.252906
11.2 11.388474
11.999998 11.959917
11.7 11.923077
11.7 11.686691
11.5 11.443248
11.7 11.621246
11.5 11.368609
11.1 11.155728
11.8 11.75109
11.5 11.451485
11.599999 11.554609
11.5 11.981818
13.336572 12.729614
11.900001 11.87987
10.446788 9.854166
11.2 11.477178
13.200015 12.8452
11.599999 11.546651
11.3 11.523505
11.1 11.187979
12.899998 12.225548
11.1 12.330697
11.400001 11.422752
12.599997 12.47019
13.39303 13.627846
11.900001 11.842963
10.1 10.44179
11.5 11.479385
12.199999 11.811956
11.3 11.429173
11.3 11.312068
11.900001 11.975282
11.5 11.269767
11.5 11.5089445
11.599999 11.516919
11.900001 11.888241
12.1 13.090722
11.3 11.301643
11.400001 11.284462
11.7 11.713348
11.2 11.164639
11.2 11.116337
11.2 11.253344
11.599999 11.925601
11.3 11.325092
11.2 11.254403
11.1 11.190997
11.7 11.671519
11.3 11.471877
11.3 11.397109
12.199999 12.092482
11.2 11.2207575
11.7 12.269501
11.5 11.582023
11.2 11.200545
13.200015 12.359786
12.1 12.416099
11.8 11.811889
11.599999 11.613815
10.250515 10.628786
11.3 11.233988
12.199999 12.495136
11.3 11.248863
11.5 11.416975
11.5 11.39168
11.1 11.273072
12.299998 11.239817
11.5 11.467661
13.777781 13.618884
11.3 11.2426815
12.245087 12.492933
11.999998 11.901142
12.1 10.83984
12.1 11.87738
12.499997 11.776267
11.3 11.264813
10.49794 10.796406
11.999998 12.091274
13.000009 12.488369
10.40103 10.64245
11.5 11.522745
11.599999 11.694348
10.9 11.273442
11.3 11.227467
12.300659 12.191914
10.6 10.527611
11.1 11.509306
11.5 11.804008
11.5 11.417412
11.5 11.528787
11.2 11.35905
10.4 10.577996
13.299971 11.427474
12.499997 12.612827
11.400001 11.240468
11.1 11.138835
11.400001 11.207661
11.8 11.605411
11.2 11.212663
11.2 11.251599
11.400001 11.369389
11.400001 11.428974
11.3 11.342782
11.986056 12.045119
11.2 11.176181
11.400001 11.399486
11.8 11.867435
12.499997 11.630653
11.8 11.870947
11.5 11.514653
12.699998 12.278673
10.9 10.473577
11.8 12.493024
12.1 11.955687
13.953872 12.863423
11.900001 11.881491
11.884098 11.801819
11.1 11.163867
11.599999 11.577031
11.599999 11.588803
11.2 11.196924
15.1 14.4844
11.2 11.195164
12.158986 11.43551
11.2 11.243756
11.2 11.152827
11.2 11.278223
11.5 11.520303
11.1 11.214607
14.21351 14.063041
12.699998 13.19951
10.4 10.463385
13.000009 12.462336
11.599999 11.766335
11.2 11.208372
11.999998 12.017785
13.000009 11.93746
12.668636 12.174376
11.8 11.268209
11.445824 10.646619
11.7 11.611186
11.1 11.14538
11.254902 11.1813965
11.2 11.389575
10.1 10.160703
10.40103 10.58345
13.299971 13.156137
11.8 11.873285
11.2 11.204125
11.5 11.754717
11.2 11.196885
11.400001 12.30518
12.499997 13.203807
11.3 11.317502
12.039302 11.909165
11.1 10.507199
11.1 11.175761
11.599999 11.734388
13.600039 13.323744
10.1 10.391779
11.900001 11.939993
11.400001 11.422896
10.59485 10.800802
13.000009 13.119237
15.999629 15.496307
12.599997 12.140843
11.2 11.225313
11.7 11.723584
11.2 11.887783
11.1 11.22665
11.318286 11.374747
11.7 11.733764
14.805467 13.299695
11.900001 11.599034
10.2 10.392465
11.900001 11.8685875
11.543697 11.489039
12.399998 12.436933
11.1 11.194928
12.799992 12.512294
11.2 11.181158
11.400001 11.3605995
11.400001 11.527804
11.5 11.527071
11.2 11.255138
11.900001 11.923188
11.2 11.197746
11.1 11.142799
11.8 11.642651
11.2 11.207653
12.499997 12.000666
11.3 11.355425
12.719789 12.418391
11.2 11.245217
11.1 11.234146
11.177759 11.186863
12.199999 12.349989
11.599999 11.39152
11.900001 11.215133
12.499997 11.608285
11.5 11.486982
11.599999 11.603465
12.399998 13.006229
13.600039 13.548872
13.399989 12.373131
11.2 11.377947
13.299971 13.102167
11.3 11.935826
13.500008 14.087645
11.8 11.930504
11.3 11.310394
12.901632 11.018606
11.2 11.299067
11.5 11.362867
12.1 12.275902
12.499997 12.180148
11.900001 11.946599
10.3 10.794923
11.5 11.344675
11.3 11.360851
10.40103 10.426592
11.2 11.229202
11.8 11.804128
11.999998 11.919302
11.400001 11.221311
13.1 12.865753
14.600313 13.87835
12.299998 12.282833
11.2 11.350845
11.999998 11.740298
11.5 11.203632
13.344125 13.543188
15.359637 13.9425
11.5 11.646416
11.2 11.18822
9.79897 10.301669
11.900001 11.961576
11.400001 11.479698
11.719789 11.71937
11.2 11.422723
11.599999 11.56377
11.1 11.132877
12.699998 13.012061
9.79897 10.052475
10.1 10.430406
11.1 11.137786
11.5 11.38084
12.199999 12.080245
11.2 11.295031
11.2 11.204242
11.986056 12.043381
11.3 11.364188
11.2 11.192421
11.508935 11.473623
10.79897 10.278945
10.1 11.0450325
9.79897 10.260453
11.1 11.470789
11.1 10.665528
12.299998 12.139756
11.8 11.821866
11.7 11.93802
9.70206 10.00288
11.3 11.333869
11.900001 11.852159
12.799992 13.197897
11.599999 10.998289
11.599999 11.501019
14.999629 12.825896
12.899998 12.564014
11.3 11.439436
15.600313 14.775604
12.199999 12.080618
11.7 11.700013
11.1 11.198103
11.900001 11.856188
13.399989 12.492625
11.599999 11.657718
11.2 11.249181
12.899998 12.178738
11.5 11.528511
11.400001 11.3011265
11.900001 11.656372
11.8 11.823894
11.15061 11.4512825
10.40103 10.519301
11.2 11.215252
11.5 12.092805
11.2 11.167916
12.399998 12.170394
12.699998 12.292368
11.400001 11.5
14.901343 13.588071
11.19691 10.666691
12.314129 12.376394
13.399989 12.544415
13.299971 12.625377
10.70206 10.692596
11.2 11.177327
11.1 11.2223835
11.2 11.242866
11.3 11.333756
12.299998 11.474892
14.600313 14.529928
11.999998 12.033413
11.599999 11.243304
11.1 11.131167
11.400001 11.463736
13.1 12.973941
11.058607 10.379797
11.400001 11.250569
11.900001 11.929737
11.1 11.136162
11.2 11.231977
11.1 11.215446
11.3 11.366479
11.3 11.284964
11.900001 11.8933525
11.999998 11.900591
11.599999 11.682522
12.155518 11.293246
13.999974 12.973837
11.8 11.5685005
14.200179 13.673723
11.900001 11.517979
10.1 10.51762
12.499997 12.389719
13.70206 13.35159
11.900001 11.895966
11.3 11.307102
11.821246 11.968138
11.8 12.033406
11.5 11.568011
11.224938 11.493597
11.1 10.537501
13.1 13.121817
11.900001 11.860875
11.900001 11.810558
11.8 11.815343
11.599999 11.434241
11.1 11.160634
11.3 11.833163
11.1 11.129669
11.7 11.763614
10.321849 10.458956
11.2 11.201575
11.8 11.372431
11.400001 11.395243
11.1 11.146291
11.2 11.407817
11.5 11.543706
11.900001 11.900283
12.1 12.353146
11.2 11.323536
10.40103 10.212589
12.499997 12.183098
11.400001 11.636714
14.1 12.988489
11.900001 11.867686
12.299998 11.79126
11.2 11.221752
12.699998 12.29135
11.1 11.26607
11.5 11.771771
11.599999 11.531426
13.000009 11.900486
11.1 11.16818
11.900001 11.853427
11.5 11.443293
10.3 11.229774
11.2 11.257944
11.999998 12.049272
11.2 11.192673
11.2 11.3761215
12.499997 13.219215
11.8 11.591398
11.900001 11.86227
11.1 11.167258
11.599999 11.642759
11.1 11.269653
10.738272 10.979255
11.599999 11.642887
10.79897 10.779519
13.800057 14.144384
11.5 11.497245
12.699998 11.582078
11.2 11.343624
11.2 11.300316
11.8 11.8529825
11.1 11.29598
11.5 11.483733
11.999998 11.643592
11.3 11.265297
11.7 11.816182
13.1 11.699568
11.900001 11.878174
11.999998 12.055302
11.3 11.227376
11.8 11.731064
10.5 10.673861
11.8 11.576409
11.7 11.292858
10.1 11.474721
11.3 11.483549
11.11059 11.149507
13.399989 12.429839
11.1 11.158298
12.299998 12.522123
12.399998 11.980896
11.8 11.846766
14.282827 12.575115
11.599999 11.698183
11.1 11.325593
11.2 11.177494
11.599999 11.672654
11.2 11.221703
11.900001 11.874011
11.8 11.809591
11.7 11.270994
10.1 10.564786
11.164493 10.875244
11.3 11.2756605
11.2 11.242263
11.2 11.18894
11.999998 12.225943
11.2 11.204154
11.999998 12.135696
11.900001 11.947305
12.499997 12.444221
11.2 11.18949
11.1 11.1327095
11.1 11.163431
11.7 11.607153
13.699981 12.6883135
11.1 11.066138
12.1 11.947796
12.299998 12.063605
11.5 11.48136
13.075391 13.890568
11.5 11.5349455
11.2 11.267253
11.3 11.374269
12.549997 12.436241
11.8 11.849871
11.56133 11.984636
11.2 11.204385
11.900001 12.03723
11.8 11.859202
11.2 11.257368
12.299998 11.51321
11.2 11.190654
10.622879 10.841336
11.3 11.230175
11.19691 11.126433
11.999998 12.091433
11.2 11.237218
12.89588 11.998839
11.2 11.64306
10.224938 11.659879
11.8 11.821789
14.1 13.7130575
11.5 11.527815
11.3 11.329811
11.2 11.204783
11.5 11.503947
11.5 11.883175
11.5 11.6294365
11.5 11.479224
11.2 11.619031
12.199999 12.036823
12.799992 12.424536
11.5 11.55466
11.1 11.1967535
11.2 11.205333
12.299998 11.865823
11.599999 11.666486
11.400001 11.410343
11.2 11.160852
11.400001 11.432884
11.2 11.218256
11.900001 11.751837
11.900001 11.88714
11.900001 11.899836
11.2 11.186777
11.900001 11.877197
11.2 11.221669
11.599999 11.197939
10.40103 12.821299
11.1 11.344444
11.622879 11.693533
13.299971 12.892624
11.400001 11.412647
11.1 11.578285
11.2 11.221625
11.1 11.185929
11.5 11.679791
11.900001 11.945047
12.299998 12.2245655
11.2 11.240072
11.1 11.178901
11.0 10.868366
11.5 11.345509
11.7 12.332974
11.5 11.615637
11.2 11.215655
11.5 11.818436
13.058607 12.311366
11.2 11.26285
11.400001 11.280696
11.900001 11.865554
12.299998 12.555935
11.900001 11.922607
11.7 11.953727
11.2 11.197568
11.900001 11.876684
11.2 11.259448
11.2 11.191861
11.7 11.743318
11.599999 11.6636915
11.900001 11.9589615
11.8 11.852636
11.400001 11.212141
12.742065 12.448545
11.3 11.452076
11.2 11.399479
12.699998 12.347381
12.699998 12.454955
11.1 11.419932
11.1 11.154227
11.3 11.461568
11.2 11.249594
11.7 11.623921
13.000009 11.786481
11.999998 11.839701
11.5 11.546949
11.599999 11.555191
11.7 11.186597
11.3 11.454563
11.40103 11.485085
12.499997 11.748903
11.7 11.670301
11.1 11.148442
12.399998 12.584325
10.9 10.475179
11.1 11.239407
11.400001 11.382987
11.999998 11.933631
12.1 12.488289
11.5 11.539634
11.7 11.81848
12.499997 12.553383
11.2 11.188382
11.999998 11.972274
11.3 11.541868
13.000009 11.89383
11.2 11.300459
11.900001 11.881448
10.3 10.544345
11.2 11.240773
11.900001 11.862558
11.8 11.45086
11.900001 11.906901
11.599999 11.557791
11.204387 11.47335
10.622879 10.648039
15.1 13.67193
11.900001 11.867037
13.299971 12.987368
11.2 11.233186
11.2 11.21805
10.622879 10.610413
11.8 12.011503
11.7 11.730936
12.1 11.871028
11.2 11.605817
11.2 11.229466
11.999998 11.900167
12.299998 11.229199
11.2 11.218265
13.000009 12.850968
11.2 11.354052
11.999998 11.698046
13.999974 13.476928
11.5 11.28699
12.699998 12.374074
13.600039 13.347279
12.1 12.583347
13.600039 12.624292
11.7 11.786415
11.900001 11.906282
13.200015 12.57397
11.2 11.174332
13.336572 12.827795
11.999998 11.307419
11.2 11.439668
10.622879 11.100109
11.2 11.217461
11.3 11.19448
11.1 11.155054
12.499997 12.699354
11.1 11.184783
11.7 11.770851
12.399998 12.494797
11.2 11.38984
11.2 11.223288
11.2 11.236174
11.5 12.045375
11.2 11.189126
11.5 11.440144
11.5 11.474312
11.7 11.636656
11.7 11.705997
11.400001 11.513353
11.2 11.240228
11.2 11.236098
11.900001 11.888749
11.2 11.423371
11.999998 11.333905
11.5 11.674671
11.599999 12.865309
11.1 11.163125
12.399998 12.403534
11.599999 11.623904
11.19691 10.46376
11.7 11.755489
12.299998 11.945813
12.699299 12.313002
11.5 11.58821
11.900001 11.896762
11.999998 11.843264
11.599999 11.656248
11.5 11.479559
11.8 11.8159075
11.1 11.321405
12.499997 12.664238
11.5 11.407831
11.7 11.608763
10.7 10.6784525
12.599997 11.859008
11.3 11.324835
11.3 11.629907
11.900001 12.470224
12.199999 11.90622
11.599999 11.583471
12.699998 12.865953
11.599999 11.493192
11.8 11.855548
11.400001 11.424264
12.199999 11.789647
11.400001 11.44454
13.399989 11.713415
11.900001 11.942955
11.599999 11.547185
12.399998 11.905967
11.1 11.268791
13.500008 13.389118
11.1 11.284115
11.2 11.19579
11.900001 11.924107
11.254902 11.253608
11.8 11.330426
11.2 11.317681
11.999998 11.654734
11.2 11.190019
11.900001 12.002862
11.2 11.43103
11.900001 11.911821
10.777781 10.26067
11.5 11.552134
11.900001 11.354448
10.622879 10.344625
13.200015 11.510082
11.49794 11.068485
11.900001 12.270492
13.1 13.03493
11.1604805 10.829276
11.3 11.350647
11.1 11.369383
11.2 11.201249
11.2 11.245592
11.3 11.698054
10.9 10.456415
11.8 11.870103
10.3 10.259033
11.900001 11.904734
10.923909 10.875863
13.699981 12.008318
11.5 11.53139
11.5 11.697701
11.3 11.372289
11.7 11.676511
11.7 11.719894
11.1 11.256165
10.40103 11.129174
11.2 11.239784
11.599999 11.510899
11.599999 11.312433
11.12048 11.165352
12.1 12.394516
10.622879 10.712784
11.8 11.836057
12.199999 13.024469
13.699981 13.143848
12.589455 12.618703
11.599999 11.589301
11.3 11.222576
11.900001 11.93653
11.2 11.207787
11.999998 11.813637
11.476309 11.124678
10.549771 10.766962
12.399998 11.9851465
11.900001 11.885264
10.938632 10.614099
10.9 10.46703
10.4 10.540416
12.699998 12.0110855
12.299998 12.244068
11.999998 13.131138
13.399989 13.171365
11.900001 11.877824
13.1 11.157553
14.200179 12.660987
9.79897 10.083368
10.40103 11.538027
11.400001 11.521052
11.8 11.850085
11.2 11.285957
11.400001 11.429938
11.5 11.560555
13.191515 12.912206
10.70206 10.695325
11.3 11.407817
13.299971 13.528241
11.999998 11.948177
11.2 11.1988735
11.5 11.605349
11.1 11.148972
12.1 12.454569
12.199999 11.949654
11.1 11.182987
13.500008 13.149261
11.7 11.755653
11.1 11.08605
11.2 11.114262
10.242667 10.107374
11.8 11.910072
10.577556 11.148203
11.1 11.132981
10.555932 10.6915455
13.999974 13.4505825
11.900001 12.589587
11.7 11.716981
11.1 11.1458
11.7 11.64738
11.2 11.186812
11.2 11.169048
11.1 11.2858095
11.900001 11.722001
11.3 11.464405
10.2 10.554432
11.900001 11.884175
11.2 11.17023
11.2 11.999757
11.5 11.570347
12.499997 12.320873
11.1 11.130916
10.5 10.520525
10.869551 10.918117
11.2 11.351089
11.8 11.817895
11.7 11.666011
11.400001 11.44701
11.599999 11.977081
11.3 11.362351
11.8 11.755701
11.3 11.449534
11.2 11.249939
12.199999 11.904068
11.2 11.227204
12.199999 12.117762
11.7 11.785045
13.200015 12.737103
11.8 11.8841095
10.70206 10.71546
11.2 12.270052
11.1 11.371707
11.5 11.512655
11.3 11.714427
11.400001 10.925642
12.799992 12.320974
11.999998 12.755446
11.900001 11.883734
11.40103 11.6079035
11.1 11.20204
11.2 11.325384
11.2139435 11.036838
11.2 11.185752
11.8 13.04371
11.3 11.363914
11.599999 11.342567
12.499997 12.141643
12.1 11.740142
14.700326 13.668889
11.400001 11.553646
13.219187 12.252386
12.599997 12.329037
11.1 11.189521
11.900001 11.6701145
11.1 10.7457
11.1 11.128539
11.8 11.846605
14.254902 14.058945
13.699981 13.47324
12.1 10.669326
11.8 12.561613
12.1 11.901035
10.555932 10.578453
11.3 11.30228
10.058607 10.240179
11.1 11.130767
13.200015 11.885372
13.622879 13.244549
11.900001 11.945647
13.1 12.930416
13.699981 14.067031
11.400001 11.421785
11.599999 11.247495
11.1 12.573045
10.1 11.059435
11.2 11.304045
11.1 11.802769
11.2 11.301057
11.239147 11.220333
11.599999 11.665432
11.1 11.133636
11.900001 11.92775
11.400001 11.392944
12.599997 11.992438
11.900001 11.893744
11.2 11.193353
11.1 11.166022
11.3 11.319889
11.900001 11.893056
11.3 11.308452
12.399998 11.497227
11.986056 11.339628
11.8 11.981966
11.2 11.1912565
14.1 13.91566
11.5 11.530333
11.1 11.129214
13.800057 12.252466
11.5 11.594913
10.242667 10.95145
11.2 11.348981
12.299998 11.803231
11.8 11.886972
11.5 11.727035
11.1 11.165843
11.7 11.783836
11.7 11.483797
11.7 11.715086
11.520216 11.155716
13.1 12.361905
11.349999 11.505122
11.400001 11.4510145
11.2 11.2407675
11.7 11.7914915
13.800057 11.626537
11.400001 11.2451935
11.400001 11.443014
11.400001 11.935676
11.7 11.543195
11.2 11.282468
11.599999 11.659691
12.668636 12.651686
11.2 11.24263
11.400001 11.541976
11.999998 11.976489
14.1 13.142925
11.900001 11.98373
11.1 11.153741
11.900001 12.061875
11.1 10.7512245
12.399998 12.039844
11.1 11.146747
12.699998 11.682294
12.199999 11.6339245
12.499997 12.380337
11.2 11.348486
11.2 11.302734
12.599997 12.517766
11.2 11.209446
11.8 11.609935
12.499997 11.780649
11.2 11.196629
11.2 11.336268
12.799992 11.796649
11.2 11.399164
11.999998 12.030957
13.321849 13.169505
10.145758 10.119088
11.900001 11.583761
11.5 11.5045395
11.1 11.23839
11.1 11.150733
11.999998 11.965668
11.1 11.157247
11.999998 12.024353
11.400001 11.440585
12.1 12.412729
12.1 11.873158
11.900001 11.881425
11.2 11.220176
11.900001 11.9066725
12.699998 12.679687
11.5 11.370853
11.8 11.871293
11.999998 12.135248
13.299971 13.125006
11.5 11.522791
11.3 11.400371
11.2 11.211869
11.1 11.157692
11.999998 11.893244
11.900001 11.910078
11.5 11.539557
11.2 11.192672
11.900001 11.955766
11.999998 11.906517
11.2 11.206127
11.5 11.517719
11.999998 11.892014
11.999998 11.978927
11.999998 11.559299
12.399998 12.721763
12.239662 12.4305935
11.8 11.813997
12.299998 12.178616
10.3 10.465952
11.2 11.190158
14.500117 13.46113
14.79897 14.204401
11.35 12.71487
11.0 10.5334
11.900001 11.942206
11.5 11.623835
11.2 11.182077
11.1 11.129598
11.8 11.83284
11.5 11.206407
11.8 11.94009
11.7 11.811209
11.599999 11.60819
11.1 11.13072
10.805533 11.957384
11.3 11.400639
10.70206 10.704311
11.2 11.236118
11.1 11.122817
13.000009 13.189496
11.2 11.231533
11.2 11.152416
11.1 11.153919
13.1 13.008829
12.1 11.412539
11.280576 11.313741
10.1 10.474582
11.2 11.242921
11.599999 11.844359
11.2 11.12408
11.1 11.136224
11.400001 11.795637
11.900001 11.851623
14.500117 14.21514
10.622879 10.625328
11.7 11.773466
11.3 11.332036
11.5 11.616971
11.400001 11.354479
10.40103 10.743212
11.3 11.350522
11.8 11.787403
12.499997 12.207181
12.850003 11.949155
13.219187 12.484861
11.1 11.159709
11.3 11.392081
11.599999 11.417755
12.399998 12.283884
11.2 11.201055
11.5 11.4531975
11.2 11.214209
11.900001 11.552067
10.5 10.530361
11.599999 11.679501
11.2 11.272445
12.399998 12.070042
11.2 11.26382
11.1 11.169212
11.400001 11.20976
12.199999 12.605961
11.599999 11.661014
12.599997 11.971907
11.2 11.22126
13.986056 13.071152
11.8 11.8260975
11.3 11.232702
13.399989 12.961683
11.2 11.21191
11.2 11.460646
10.3 10.829422
11.8 11.852097
11.2 11.242327
11.5 11.513319
10.79897 10.667027
11.5 11.487018
12.1 12.026819
11.8 11.775602
11.900001 11.8779745
11.999998 11.864907
11.7 11.635893
11.7 11.438269
12.601689 12.485182
11.5 11.725608
11.1 11.144185
11.2 11.292798
11.2 11.194561
11.202373 11.005107
10.872113 10.487358
11.400001 11.4822
11.2 11.331265
10.40103 10.740376
12.190621 11.797992
10.1 10.71013
11.5 11.44861
11.2 11.230609
11.1 11.225932
10.3 10.324458
11.8 11.799935
11.79897 11.475861
11.900001 11.710122
11.400001 11.342278
11.599999 11.431572
10.5 10.605355
10.40103 10.530431
14.1 13.621824
11.8 11.872329
11.5 11.477796
11.2 11.212101
13.600039 13.482587
11.900001 11.912765
11.8 11.771286
11.400001 11.405076
11.900001 12.208691
12.199999 12.12983
11.7 11.657425
11.2 11.2726345
11.7 11.712168
12.299998 12.348714
11.2 11.226811
12.399998 11.913056
11.273925 11.223463
11.999998 11.904395
12.807404 11.52858
11.999998 11.951422
9.47675 9.739712
11.1 11.147362
13.500008 12.487694
13.650009 13.432859
12.651294 12.387091
11.900001 12.851671
11.8 11.869254
13.999974 11.925421
11.2 11.195901
11.5 11.443966
11.3 11.356783
11.2 11.421265
13.1 13.113885
11.5 11.574703
11.999998 11.922438
11.289096 11.389765
13.622879 13.70694
11.599999 11.629572
11.900001 11.888597
14.600313 13.875258
11.3 11.25529
11.2 11.167846
11.5 11.16298
11.599999 11.451718
13.500008 12.7887535
12.1 12.042913
11.3 11.253014
12.299998 12.398991
11.1 11.153804
11.1 11.062606
11.2 11.180546
10.1 11.354688
13.000009 13.58247
11.599999 11.348175
14.881657 11.879178
11.2 11.227385
11.900001 11.902048
11.999998 11.980757
12.1 12.089629
12.599997 12.462583
12.499997 12.974524
11.40103 11.082047
11.900001 11.885076
11.5 11.458991
11.8 11.995815
11.900001 11.701083
11.599999 11.705427
12.799992 12.505182
11.2 11.334506
11.7 11.722402
11.3 11.337452
11.1 11.122733
11.3 12.252333
11.3 11.54903
11.8 11.818287
11.3 11.374691
11.8 11.828103
11.900001 11.766307
11.104364 11.241751
11.15 11.291875
11.5 11.536581
11.1 11.207313
11.1 11.008626
12.599997 12.604739
11.1 11.791206
11.400001 11.349677
12.399998 11.871668
11.1 11.181504
12.149149 12.814644
11.7 11.6856575
11.1 11.125195
11.900001 12.121529
11.1 11.253282
10.1 10.73228
11.900001 11.874051
11.2 11.4881935
11.2 11.187592
12.1 11.242735
12.599997 12.559412
11.2 11.186162
10.622879 10.599789
12.899998 13.124554
13.000009 12.528484
11.400001 11.4659395
12.899998 12.527359
11.3 11.357349
11.400001 11.249141
11.400001 11.301072
11.400001 11.858922
11.999998 11.970913
11.8 11.839381
11.5 11.479377
11.1 11.161945
11.3 11.292466
11.3 11.464088
11.1 11.130086
13.299971 12.260578
11.7 11.764167
11.5 11.444742
11.5 11.372772
13.600039 12.163643
11.5 11.458856
11.5 11.587814
11.685027 11.014991
10.5 10.485464
11.599999 11.712063
11.2 11.262674
11.599999 11.724226
11.1 11.186826
12.699998 12.333514
11.8 11.798588
11.5 11.481256
11.3 11.409557
11.599999 11.489845
11.5 11.443268
13.200015 11.900901
11.400001 11.414641
11.986056 11.567095
12.1 12.074783
11.400001 11.414929
11.2 11.21022
11.2 11.229003
11.900001 11.705032
12.392429 11.679802
13.399989 12.815509
11.2 10.671592
11.2 11.325345
12.601689 12.525487
11.2 11.247623
12.1 11.809658
11.8 11.833277
10.165502 13.588669
11.2 11.243845
12.499997 12.165598
12.899998 12.365222
11.2 11.322482
14.351812 14.271305
14.500117 13.531696
11.999998 11.94295
10.70206 10.711432
11.5 11.746411
11.5 11.511801
11.5 11.63574
11.5 11.90651
11.599999 11.616571
13.200015 12.733415
12.485103 11.902806
11.7 11.685507
11.2 11.51234
11.2 11.236742
11.900001 11.847833
12.499997 12.345899
11.8 11.84932
11.2 11.12185
11.900001 11.892662
11.1 11.153533
12.399998 13.409616
11.999998 11.954106
11.999998 11.977791
12.40103 11.320311
11.900001 11.915692
11.2 11.205228
11.5 11.554515
13.500008 13.277538
11.400001 11.378491
12.399998 11.820866
11.2 11.210601
11.900001 11.735045
11.2 11.365696
11.3 11.32277
12.199999 12.1992855
12.299998 12.825898
11.8 11.825169
11.1 11.130704
10.6 10.587584
11.1 11.165172
11.3 11.224669
11.1 11.199392
11.3 11.918662
11.400001 11.424588
11.900001 11.889744
11.7 11.698572
13.1 12.569824
11.1 10.637198
13.254902 13.212259
11.738272 11.45961
11.8 11.404283
13.800057 13.131131
11.5 11.584113
11.1 11.138314
11.1 11.152788
11.5 11.341042
14.600313 14.271847
11.599999 11.678002
12.699998 12.747282
11.1 11.240938
10.79897 10.242102
11.1 11.160378
12.1 11.85317
11.1 11.185154
11.1 10.759359
11.5 11.455481
11.999998 11.979746
11.2 11.199289
14.200179 14.184349
13.4372425 12.6714325
12.499997 11.871664
11.5 11.407473
12.399998 11.632007
11.1 11.216489
11.400001 11.355264
11.1 11.147519
10.1 10.121278
11.5 11.720823
11.923909 12.228564
13.399989 13.058648
11.622879 12.561961
11.7 12.3008175
11.2 11.183557
11.1 11.200598
11.599999 11.44821
11.581486 10.61714
13.200015 12.290484
12.899998 13.297598
11.2 11.216884
11.3 11.439728
12.699998 12.107796
12.685027 12.459682
11.999998 11.967677
11.8 11.77975
10.2 10.603285
11.2 11.190104
12.299998 10.964425
11.1 11.12349
11.400001 11.272899
12.299998 12.066266
11.2 11.297195
11.5 11.557537
11.1 10.769369
11.599999 11.619435
11.2 11.236744
11.400001 11.524721
11.2 11.363817
13.531798 13.250385
11.1 11.153947
11.599999 11.577794
12.1 12.992328
11.2 10.941614
11.900001 11.902071
12.299998 11.627555
13.800057 13.231456
13.200015 11.861234
11.999998 12.229741
11.1 11.32331
11.900001 12.029895
13.299971 13.509803
11.2 11.214753
12.199999 12.110627
13.800057 13.417262
11.599999 11.486704
11.8 11.852821
11.7 11.739572
11.2 11.195258
11.8 11.805048
11.8 11.835095
11.1 11.165647
11.498559 11.287456
11.3 11.307662
12.1 11.4916935
11.1 11.176089
11.5 11.66339
11.999998 12.089436
11.599999 11.517313
10.40103 10.797016
11.900001 11.641713
11.2 11.2172
12.8447275 12.398183
13.000009 12.5136175
11.3 11.409228
11.900001 11.881511
11.2 11.354613
11.2 11.289326
11.1 11.354669
11.3 11.396269
11.8 12.053202
11.667832 11.968742
11.1 11.323956
13.000009 12.458701
11.599999 11.453222
11.2 11.374586
11.900001 11.85607
12.199999 12.072524
11.999998 11.8548155
10.622879 10.7070055
10.79897 11.164307
11.932683 12.228678
12.199999 11.8908
11.2 11.302575
11.900001 11.896489
11.020819 11.350581
11.8 11.857429
11.7 11.794625
12.199999 12.11881
11.900001 11.889155
11.2 11.238004
14.1 14.203112
11.900001 12.2280245
11.3 11.403719
14.299971 13.801743
11.2 11.308645
11.599999 11.571089
11.5 11.704481
11.400001 11.572476
11.3 11.960472
10.8 10.915852
11.2 11.325945
11.900001 11.873323
14.321849 13.524017
11.900001 11.90981
11.5 11.442129
13.399989 13.465895
11.3 11.327373
11.7 11.255632
11.2 11.174478
12.953999 12.941172
11.2 11.233615
11.1 11.143048
11.1 11.171431
11.3 11.277818
11.5 11.561264
11.1 11.158856
11.8 11.765185
13.899971 13.427223
11.5 11.529196
11.999998 11.959441
12.699998 11.230942
11.900001 11.878396
11.2 11.527563
11.999998 11.968347
11.8 11.567952
12.799992 12.278573
11.900001 11.891972
11.1 11.14323
12.499997 11.607678
11.8 12.2897835
11.2 11.32218
13.699981 13.940624
12.299998 13.784601
11.8 11.88769
11.1 11.1949835
11.2 11.159483
10.5 10.613276
11.900001 11.896732
11.400001 10.580522
11.3 11.364436
11.1 10.869278
12.899998 12.636547
12.299998 12.399191
11.70103 11.707616
11.400001 11.448335
11.3 11.296037
11.8 11.807838
12.1 11.86701
13.200015 12.681969
11.400001 11.363773
11.5 11.514635
11.900001 11.882749
11.3 11.258078
11.8 11.7810545
11.400001 11.449777
11.40103 10.455391
11.1 11.206597
12.699998 12.387595
11.5 11.59672
11.1 11.146652
11.900001 11.736632
12.71261 12.726808
12.499997 11.320031
13.699981 12.36257
11.49794 11.424679
11.599999 11.947152
12.799992 11.954744
13.531798 13.66181
11.2 11.169161
11.2 11.21304
11.3 11.244659
11.8 11.821275
11.3 11.338322
11.1 11.210537
11.400001 11.426395
12.199999 12.112979
11.8 11.545587
11.599999 11.820277
10.2 10.309095
11.1 11.2206545
11.2 11.225933
10.1 10.055047
10.70206 11.014519
11.3 11.759999
11.1 11.164852
11.900001 11.6179495
11.3 11.402141
11.1 11.151311
12.537707 12.180183
11.599999 11.630558
10.555932 10.593628
11.5 11.481078
11.1 11.150544
11.400001 11.3393135
12.869551 12.597419
11.7 11.396229
11.400001 11.150035
12.599997 12.105187
12.199999 12.034831
11.400001 11.717896
11.2 11.231565
14.652842 13.720107
11.1 11.202732
11.7 11.652077
12.324754 13.506126
11.1 10.587874
11.2 11.214001
11.2 11.229481
12.499997 11.644617
11.400001 11.41781
11.1 11.138596
11.2 11.466299
11.8 11.849683
12.1 12.170855
14.1 13.135657
11.999998 11.888361
12.812984 11.058778
11.3 11.260995
12.1 11.871179
11.400001 11.451227
11.599999 11.562889
11.900001 12.247628
11.999998 11.926253
11.7 11.66901
11.999998 11.983379
11.2 11.195743
11.669136 12.240801
11.900001 11.662957
11.5 11.263147
11.84958 10.862939
11.900001 11.878775
11.7 11.763642
11.5 11.535871
11.2 11.181953
11.900001 12.16184
11.5 11.700567
11.2 11.213248
13.600039 13.266756
11.923909 12.006681
11.900001 11.902524
11.254902 11.580304
11.2 11.318459
11.7 11.757888
11.900001 12.026679
11.5 11.342159
11.900001 11.813366
11.3 11.30688
13.299971 11.941847
11.999998 11.451333
11.2 11.3024435
11.900001 11.842255
11.1 11.159164
11.900001 11.890893
13.899971 12.307204
11.900001 11.858351
10.1 10.299835
11.5 11.672997
14.236677 14.087087
9.40103 9.881268
11.7 12.000846
11.400001 11.252813
11.8 12.223045
11.599999 11.439084
11.3 11.292137
11.7 11.84222
11.2 11.304603
11.8447275 11.507476
11.5 11.355877
12.1 11.881667
9.79897 10.070091
12.7090645 13.5112095
11.3 12.454512
11.2 11.193353
11.5 11.549414
12.1 11.840321
10.4 10.511583
10.40103 10.511766
11.7 11.907408
11.900001 11.888045
12.1 12.397308
12.399998 12.213108
11.2 11.259291
11.900001 11.902123
13.699981 13.561161
11.599999 11.456107
9.893174 10.222934
11.3 11.327133
11.900001 11.932709
13.49794 12.478296
11.8 11.833496
13.500008 13.438883
12.799992 12.78432
13.800057 13.52095
14.200179 14.056688
11.599999 11.490341
11.5 11.535015
11.3 11.268452
10.1 10.347051
11.696879 11.763374
11.8 12.087175
11.79897 12.02028
11.699999 12.336701
11.3 11.373884
11.8 11.923986
11.5 11.556375
12.699998 11.419903
11.5 11.501129
12.399998 12.400137
11.2 11.174279
11.2 11.400782
12.359637 12.216285
11.900001 11.865594
11.5 11.552807
10.4 10.490911
16.141392 14.509039
13.399989 13.333518
11.7 11.438954
15.1 13.643849
11.1 11.147305
11.599999 11.5958395
11.3 11.321241
13.200015 12.071035
11.999998 11.944973
11.7 11.350527
11.8 11.81469
12.199999 11.794521
11.3 11.333317
11.2 11.252305
13.899971 13.398718
11.567883 11.152579
11.900001 11.863035
11.900001 11.89518
11.3 11.619013
11.1 11.057297
11.8 11.932042
11.8447275 11.831173
11.3 11.42493
11.1 11.159269
10.40103 10.74501
11.652842 11.647749
11.2 11.220522
11.900001 11.872856
11.2 11.215266
11.7 11.755944
11.3 11.209832
12.699998 11.159326
11.5 11.64603
11.900001 11.926124
11.7 11.534133
12.699998 11.977127
11.3 11.189246
11.5 11.522897
14.299971 14.111286
12.1 11.819509
11.7 11.808359
11.900001 11.320378
12.199999 12.186067
11.1 11.146391
11.7 11.16226
13.21351 13.084694
10.1 10.185109
11.5 11.532887
11.5 11.772821
11.2 11.187644
11.900001 11.890125
11.900001 11.87803
13.399989 12.933498
10.40103 10.517002
11.5 11.535622
11.900001 11.418512
10.79897 10.82647
12.1 11.929549
11.5 11.499881
11.3 11.916084
11.1 11.160113
11.999998 11.73755
11.3 11.311582
11.8 11.786475
12.599997 11.8206215
11.599999 11.678955
12.199999 12.564995
11.400001 11.373615
11.1 11.141366
11.1 11.14365
11.999998 12.039539
11.2 11.172812
12.299998 12.305279
12.199999 11.700267
11.1 11.176399
11.999998 11.611129
11.8 11.67604
11.5 11.369307
11.7 11.57355
10.1 11.023356
11.2 11.204574
10.351812 10.441191
11.1 11.149832
11.1 11.146653
11.1 11.214784
11.3 11.357846
11.2 11.553546
12.633132 12.796729
12.499997 12.508202
11.999998 12.236107
11.2 11.302553
11.999998 11.8038845
11.400001 11.391225
11.400001 11.461013
11.400001 11.429278
11.400001 11.393332
11.1 11.172016
11.999998 11.424662
11.599999 11.598514
11.400001 11.383273
12.1 12.018377
11.3 11.3805685
11.2 11.344372
11.2 10.792643
11.058607 13.2302885
11.900001 11.893657
11.1 11.192407
11.5 11.6407
11.1 11.152671
11.2 11.202059
11.8 11.996437
10.40103 10.55369
11.7 11.659159
11.900001 12.322057
11.2 11.28186
11.1 11.203739
11.5 11.397465
11.8 11.486991
10.777781 11.433066
11.3 11.239958
11.5 11.5806675
11.900001 11.943578
11.7 12.1038685
14.814443 11.86217
11.5 12.017341
11.1 11.156608
11.3 11.533451
11.400001 11.596879
11.3 11.230054
11.599999 11.5417595
10.3 10.57369
11.3 11.387088
11.5685215 11.551728
10.581486 10.650138
11.7 11.723095
12.953872 13.473526
11.900001 11.887852
11.1 11.124687
11.2 11.216005
11.7 11.72815
11.599999 11.622859
11.400001 11.500853
11.3 11.412465
11.4 11.628345
12.899998 13.575237
11.1 11.167881
13.487216 13.121713
13.500008 12.867411
11.8 11.31163
11.1 11.197293
11.599999 11.409405
11.999998 11.934976
12.1 12.013712
13.999974 13.721563
12.70206 11.054631
11.3 11.527423
11.900001 11.3959255
12.1 11.849607
12.1 12.333647
10.3 10.549948
11.900001 11.875617
11.2 11.233048
11.7 11.682838
11.8 11.772737
11.5 11.540528
11.5 11.477182
11.999998 11.939481
11.1 11.177009
11.3 11.396542
11.869551 11.382028
11.3 11.321379
13.1 12.9900875
11.400001 11.492389
11.8 11.8235035
11.1 11.14904
11.1 11.162031
11.2 11.222402
11.1 11.186741
10.3 10.419641
10.70206 10.726794
11.999998 11.966586
12.299998 12.293019
11.599999 11.733484
10.40103 10.410053
11.5 11.452177
11.900001 11.78082
12.1 11.37972
11.5 11.388205
10.1 10.261539
11.7 11.681556
11.400001 11.437286
11.999998 12.311183
11.8 11.915297
11.999998 11.839851
11.2 11.238962
11.900001 11.607869
11.8 11.8785305
11.5 11.442902
11.999998 11.956385
11.1 11.151437
11.1 10.954117
11.7 11.778496
11.400001 11.1444025
10.078811 10.136358
11.8 11.84964
11.599999 11.680811
11.2 11.204399
11.3 11.312732
11.999998 12.728639
11.5 11.344508
11.3 11.401422
11.400001 11.180961
11.5 11.498406
11.7 11.730609
11.1 11.234795
10.70206 10.71794
11.427902 11.33692
12.899998 13.203973
11.8 11.82938
11.999998 11.907581
13.399989 12.69515
11.3 11.368919
13.299971 12.755733
12.1 12.31464
11.1 11.150695
10.5 10.53225
11.3 11.772539
11.599999 11.589885
11.7 11.663103
11.1 11.16395
10.79897 11.00798
13.600039 12.283455
11.1 11.141006
11.1 12.184902
11.8 11.8750515
11.2 11.20262
12.199999 11.879675
11.2 11.181413
11.900001 11.892034
13.1 12.633302
11.900001 11.860266
11.2 11.224752
11.1 11.165128
11.5 11.495447
11.1 11.143711
12.699998 12.531428
11.1 11.226002
11.2 11.2373495
11.2 11.14672
13.200015 13.173077
10.4 12.150067
11.1 11.168526
11.7 11.485167
11.900001 11.89698
10.2 10.503228
11.2 11.1596365
12.1 11.880305
11.1 11.272656
11.2 11.184944
11.2 11.192674
11.5 11.426468
13.600039 13.272789
11.2 11.178763
12.199999 12.100353
13.500008 12.710349
11.2 11.171751
11.5 11.387081
11.8 11.851757
11.8 11.79629
11.8 11.817694
11.400001 11.407044
11.3 11.38116
11.599999 11.51647
11.900001 11.888092
11.2 11.235242
11.599999 11.881825
11.900001 11.901858
11.2 11.213232
11.020819 11.020703
12.299998 12.40643
9.70206 10.079605
12.299998 11.863281
11.400001 11.327229
11.3 11.38913
11.5 11.304631
12.1 12.222986
12.299998 11.673189
11.2 10.9407835
11.7 11.269379
11.1 11.355839
11.2 11.182383
12.799992 13.590719
11.8 11.829139
11.7 11.866203
11.599999 11.640448
10.1 10.30124
11.5685215 11.352485
9.79897 10.124764
11.8 11.894796
11.329148 11.221884
12.699998 12.316559
11.2 11.193641
10.923909 10.972158
13.800057 12.754087
11.3 11.448533
11.5 11.681491
11.5 11.561459
10.1 10.309971
11.400001 11.409101
11.8 11.831027
10.2 10.513536
11.400001 11.417725
11.599999 11.685636
11.3 11.306893
11.2 11.2017765
11.5 11.567122
12.499997 12.496345
11.900001 11.865176
11.3 11.3388405
11.8 11.8286705
11.1 11.190773
12.699998 12.754707
10.47675 10.475632
11.1 11.149311
13.899971 13.048027
11.5 11.481669
12.599997 12.21095
11.5 11.502286
11.2 11.359722
13.500008 12.223051
13.1 13.259981
12.877283 12.527815
10.7 10.452473
10.70206 10.523622
11.2 11.1676
11.8 11.765846
11.5 11.449426
11.3 11.241379
11.599999 11.578245
11.8 11.670729
10.622879 10.584432
11.999998 11.969805
11.900001 11.884378
11.5 11.860104
11.3 11.371002
11.543697 11.706697
11.400001 11.35396
12.399998 11.787837
11.599999 10.142541
11.8 11.802697
12.199999 11.565454
11.2 11.203175
11.8 11.790411
11.1 11.154203
11.1 11.168007
12.199999 12.082174
11.2 11.309013
11.400001 11.6168
14.1 13.985426
11.5 11.224949
11.7 11.701035
11.520216 11.149299
11.3 11.624173
11.1 11.647993
13.899971 13.34046
12.199999 12.429091
11.5 11.491622
11.3 11.3390665
11.8 12.472283
13.299971 12.209036
11.2 11.203878
11.900001 11.819121
11.699999 12.1522
11.400001 11.779428
11.900001 11.935869
11.8 11.872713
11.8 11.828932
11.400001 10.994879
12.543697 12.380302
12.1 12.031502
11.999998 12.031661
11.2 11.219371
12.555932 12.448293
11.2 11.264195
11.3 11.312217
12.499997 12.217831
12.248742 12.876423
11.3 11.24245
11.5 11.767759
11.3 11.440584
11.3 11.34099
11.400001 11.425451
11.2 11.228058
14.400163 13.300775
12.299998 11.955391
11.1 11.158503
11.3 11.620828
10.622879 11.078605
11.8 11.824679
11.5 11.515665
10.5 10.654315
11.3 11.282668
11.2 11.169085
11.900001 11.256412
11.900001 11.859658
11.2 11.164692
11.1 11.141251
11.2 11.309437
11.900001 11.890214
11.1 11.1464
11.1 11.13669
11.2 11.182511
11.900001 12.089087
11.2 11.255299
10.2 10.270073
11.400001 11.794518
11.5 11.584731
11.2 11.222312
12.199999 11.919312
11.1 11.184212
11.5 11.176896
11.900001 11.929014
11.3 12.022571
11.400001 11.490965
11.900001 11.946101
11.900001 11.45621
11.7 12.026974
11.7 11.173432
11.900001 12.249317
11.3 11.334033
11.3 11.3107195
13.500008 13.699599
11.2 11.292961
11.7 11.671382
13.600039 13.565931
10.1 11.730904
14.5685215 14.193556
12.899998 12.050361
11.2 11.178591
11.5 11.3047905
12.499997 12.163109
11.1 11.121574
10.70206 10.688913
11.900001 11.839411
11.8 11.790145
12.1 12.344739
11.2 11.19208
11.2 11.176609
11.900001 11.890448
11.5 11.744717
14.1 14.164129
13.299971 12.8534155
11.8 12.089232
11.599999 11.703698
11.5 13.08714
11.821246 11.190642
11.1 11.414419
9.40103 9.809789
11.5 11.411853
11.400001 11.432693
11.8 11.595521
11.900001 11.755549
12.199999 11.305355
13.191515 13.038897
12.1 11.206007
12.668636 12.505766
11.1 11.163201
11.599999 12.01637
12.699998 12.292805
11.900001 11.891521
11.5 11.5374565
11.1 11.351145
11.8 11.795067
12.1 11.508263
11.5 11.525921
13.600039 13.104922
11.599999 11.744198
11.8 11.824197
11.400001 11.319013
11.900001 11.892565
11.7 11.564852
11.900001 11.89834
11.1 11.145529
11.400001 11.524173
11.5 11.700249
11.2 11.370789
11.3 11.37309
11.18302 12.724845
12.799992 12.074492
11.900001 11.818475
11.1 11.396742
13.699981 12.648536
12.899998 12.307071
11.1 11.43496
11.180922 11.18149
13.699981 13.202776
11.1 11.152
11.3 11.202818
10.622879 10.900059
11.1 11.157267
10.40103 10.670664
11.1 11.13788
12.499997 12.055817
11.999998 11.927331
11.599999 11.780769
11.7 11.714316
11.8 11.806963
11.3 11.13339
11.1 11.107551
11.3 11.268204
11.400001 11.2439785
13.000009 13.207271
13.1 12.289926
10.7 10.53365
11.719789 12.143766
11.2 11.364866
12.599997 12.525238
12.199999 11.741987
11.1 11.143187
11.900001 11.957223
11.900001 11.918264
11.5 11.608533
11.599999 13.230293
10.622879 10.677523
11.1 11.194088
11.8 11.81861
11.7 11.673802
11.8 11.863973
11.8 11.845642
12.199999 11.937967
11.999998 12.246499
14.299971 14.026638
11.599999 11.625728
11.1 11.210282
11.7 11.565141
11.8 11.629215
11.900001 11.9109745
11.900001 11.867858
11.999998 11.914459
12.699998 13.085003
10.49794 10.836783
11.2 11.867317
11.8 11.484126
10.7 11.2866955
13.49794 13.258419
9.122276 9.586988
11.1 11.572798
12.899998 11.63509
11.400001 11.325228
11.1 11.149443
11.900001 11.86817
12.399998 11.967272
11.900001 11.888796
11.400001 11.438713
11.400001 11.365372
11.124064 11.445125
11.900001 11.908382
11.5 11.53824
11.49794 11.644275
11.599999 11.828208
12.599997 14.680007
11.2 11.934126
11.5 11.694077
10.70206 10.705795
11.1 11.421809
11.1 11.15274
11.5 11.597303
11.2 11.51979
12.299998 12.439624
11.1 11.238385
12.299998 11.781941
11.7 12.091506
14.299971 13.475429
11.8 11.812229
13.299971 12.719423
11.2 11.361246
11.2 11.22625
10.40103 10.387069
10.70206 10.83871
12.899998 12.938906
11.3 11.391519
11.2 11.272878
11.1 11.192103
12.599997 12.081507
10.1 10.298584
11.1 11.13783
11.2 11.213695
11.2 11.185457
12.399998 12.349075
12.299998 12.253103
11.5 11.246744
11.2 11.413255
11.1 11.239678
11.8 11.447311
12.1 12.218814
11.79897 11.87804
12.1 12.778997
11.8 11.822752
10.581486 10.54913
11.1 11.288726
11.900001 11.898562
12.199999 11.827319
11.2 11.205471
12.1 12.247693
11.5 11.749064
11.699999 12.3384495
14.400163 13.19108
12.799992 12.613832
13.299971 12.679288
10.59485 10.494769
12.399998 11.583364
12.899998 12.710237
11.5 11.464058
11.3 11.344034
11.5 11.346588
11.2 11.545334
12.499997 11.444586
12.799992 12.395504
12.799992 12.32934
11.2 11.169217
13.1 12.487942
11.2 11.15843
10.79897 10.252583
12.299998 12.077758
11.900001 11.954807
11.599999 12.10591
11.8 11.652713
11.1 11.137978
11.900001 11.853265
11.5 11.39672
11.8 11.892016
11.900001 11.873858
11.900001 11.862448
11.5 11.254895
11.7 11.753635
13.899971 13.834363
12.399998 11.995862
11.3 11.264999
11.2 11.2184
11.400001 11.750243
12.299998 12.184743
11.2 11.226215
11.999998 11.968523
11.3 11.48279
11.8 11.81329
11.900001 11.960448
11.999998 11.73472
13.1 13.487074
11.7 11.656834
11.7 11.443977
11.8 11.768346
11.379819 11.349397
10.1 10.588196
9.70206 10.261808
11.8 11.960687
10.79897 10.160703
13.800057 13.082474
13.999974 13.752977
11.400001 11.738935
11.3 11.373156
11.2 11.213719
11.3 11.311676
11.999998 12.22414
13.652842 12.77629
11.2 11.247055
11.3 11.602395
11.1 11.140517
11.999998 11.4685
11.2 11.189613
11.7 11.810601
10.622879 10.649128
11.3 11.254274
11.8 12.640316
10.1 11.512548
11.3 11.308206
11.1 11.157665
11.1 11.157204
11.999998 11.918985
12.1 11.864987
12.499997 12.195347
11.900001 11.894367
13.129657 13.328322
11.3 11.35681
12.699998 12.091379
11.5 11.512688
11.3 11.344591
11.2 11.164388
11.400001 11.516612
11.8 11.724806
11.400001 11.573916
12.738272 11.912827
12.899998 12.17472
15.1 15.055572
12.299998 11.970086
11.254902 11.286257
11.7 11.948519
12.1 11.686483
13.821246 13.193344
13.399989 13.014003
11.2 11.238311
10.1 10.320604
11.7 11.771666
11.1 11.198343
10.5 10.510759
11.7 11.278785
14.1 13.689622
11.2 11.169252
11.900001 11.862465
11.1 11.203268
11.1 11.272035
11.608639 11.0517025
11.3 11.391542
11.400001 11.316333
11.1 11.152899
11.8 11.612326
11.400001 11.487413
15.321849 14.186436
11.599999 11.482039
11.1 11.263501
11.1 11.126018
10.1 11.895623
11.5 11.385448
11.8 11.804859
13.299971 12.009504
11.7 11.35284
11.2 11.8388
11.8 11.831898
13.000009 12.159561
11.599999 11.360915
13.399989 12.778982
12.299998 12.059769
11.599999 11.526307
11.2 11.278479
11.7 11.886992
11.2 11.236394
11.599999 11.408016
11.1 11.167293
12.699998 12.893781
13.1 12.594921
13.699981 13.765966
11.999998 11.977248
11.5 11.542272
11.5 11.8835125
11.900001 11.469527
11.5 12.009715
11.2 11.188915
13.399989 12.086541
11.7 11.61517
11.2 11.194396
11.1 11.144456
11.138579 11.497808
11.3 11.373287
13.043096 13.219613
11.2 11.262952
11.900001 11.912485
10.1 10.338754
10.3 10.422153
11.1 11.138026
11.3 11.379961
11.1 11.193962
11.2 11.2404995
11.400001 11.3422
11.5 11.525908
11.900001 11.914316
11.2 11.251261
11.1 11.120216
12.399998 12.708941
11.900001 11.8943615
11.5 11.56232
10.8 10.6487255
11.2 11.279138
11.558421 11.365321
11.2 11.1778
11.900001 11.881854
11.7 11.804215
11.1 10.994003
13.399989 12.786418
11.2 11.401548
13.999974 13.2925
13.299971 12.58087
12.899998 11.968761
11.2 11.18739
11.3 11.373454
10.1 10.2883215
11.5 11.52882
12.799992 13.453337
11.599999 11.53395
12.299998 12.448257
11.1 11.066273
12.199999 11.34958
11.999998 11.700534
11.3 11.337031
11.599999 12.000528
13.000009 12.864007
11.5 11.484133
11.2 11.295652
11.8 12.252667
11.999998 11.984285
11.2 11.193171
11.900001 11.900869
11.999998 12.2952
11.2 11.269938
11.999998 12.058224
11.400001 11.450034
11.2 11.694056
12.299998 12.386404
11.8 11.685375
11.7 11.80175
11.3 11.31541
11.710834 11.653742
11.7 11.825946
11.400001 11.375857
11.108774 11.203489
11.900001 11.495259
11.5 11.385219
11.900001 11.901624
11.400001 11.46867
11.2 11.225076
11.2 11.305352
11.8 11.761615
13.699981 11.149297
11.3 11.20562
11.2 11.215211
11.2 11.229672
13.1 12.934081
11.400001 11.333809
11.2 11.306779
11.2 11.256016
12.399998 11.743045
11.900001 11.735093
11.900001 13.691611
11.400001 11.395651
11.400001 11.43301
11.900001 11.479952
10.70206 10.695829
11.1 11.108032
12.599997 12.993511
11.2 11.224083
11.1 11.157501
11.1 11.178977
10.622879 10.606868
14.40103 12.873518
13.299971 12.737156
11.8 11.873239
10.1 10.192505
11.1 11.135868
11.5 11.579174
11.5 11.404921
14.600313 14.028908
11.900001 11.870506
10.4 10.517288
11.8 12.08739
11.400001 11.522854
11.3 11.30181
10.622879 10.666779
10.70206 10.7395315
12.0813 12.072386
11.2 11.243815
11.3 11.4451065
10.7 11.328451
11.3 11.409534
11.900001 11.881603
12.699998 13.268028
11.7 12.442013
11.900001 11.885847
11.7 11.225563
11.3 11.305586
12.299998 12.060991
11.8 11.385257
11.555932 10.856845
11.599999 11.635647
11.2 11.314509
11.1 11.150784
12.299998 12.544008
12.399998 12.1565275
13.600039 13.701992
11.400001 11.410054
11.599999 11.559984
11.5 11.806568
11.1 11.197395
11.400001 11.365585
11.5 11.43507
11.7 11.469862
14.1 13.80118
14.1 13.677296
11.3 11.287004
11.2 11.251363
11.2 11.29066
11.531798 10.707833
10.3 10.583523
11.2 11.209976
11.3 11.365282
12.1 11.904648
11.2 11.198955
11.2 11.320706
11.3 11.298389
11.400001 11.064427
11.599999 11.685926
11.1 11.809167
11.599999 11.700043
11.1 10.6868725
11.999998 12.013369
11.2 11.198987
11.8 11.865148
13.299971 12.407673
11.40103 10.852409
11.2 11.187786
11.400001 11.386212
11.599999 11.493222
11.1 11.13023
10.986056 11.375217
11.5 11.614813
11.2 11.205524
10.2 10.4306135
11.8 11.828276
11.900001 12.3686285
11.2 11.349698
12.199999 12.257011
11.3 11.265739
11.702686 11.6891165
12.199999 11.725693
12.399998 11.972244
13.999974 12.335281
11.2 11.216488
11.999998 11.244894
11.999998 11.619417
11.2 11.452969
11.5 11.525476
13.1 13.202917
11.900001 11.898561
11.1 11.132863
11.2 11.192827
11.2 11.211103
11.599999 11.995653
13.000009 12.656591
11.2 11.235166
11.900001 11.870695
13.117729 12.938352
11.400001 11.178111
13.1 12.533158
13.043096 13.176931
11.999998 11.701286
10.40103 10.499056
12.299998 11.947143
11.1 11.180495
11.1 11.204711
10.4 10.564543
11.261151 12.075512
11.8 11.877664
11.2 11.163639
10.3 10.427454
11.8 11.959264
11.1 11.1742115
11.2 11.164647
11.400001 11.451193
11.5 12.155777
13.155421 13.30653
10.622879 10.655473
11.1 11.271698
12.299998 12.313416
11.400001 11.452355
11.7 11.657427
11.1 11.135127
11.5 11.491256
12.799992 12.372528
11.1 11.126503
11.900001 11.874324
11.2 11.200713
10.79897 10.980343
11.3 11.3462715
11.3 11.452783
11.7 11.373119
11.400001 11.470411
12.499997 12.068441
11.356133 11.161169
11.999998 11.94583
12.199999 12.228897
11.400001 11.313427
11.900001 11.671499
11.1 11.190217
11.599999 11.267803
14.999629 13.62873
12.399998 11.902103
11.599999 12.091412
11.5 11.199293
11.400001 11.728451
11.8 12.822337
10.622879 10.677045
11.2 11.182482
11.1 11.164082
11.599999 11.215498
11.5 11.515797
11.1 11.136616
12.1 11.453218
11.2 11.3351
11.5 11.5696125
11.7 11.6601925
11.1 11.142866
11.3 11.337916
11.1 11.1871605
11.7 11.64082
11.5 11.533398
11.3 11.399043
11.999998 12.032446
10.2 10.41506
12.199999 12.50869
10.70206 10.705412
12.299998 11.660255
11.8 11.9283
13.800057 12.538855
12.299998 12.32675
11.400001 11.5639305
11.1 11.516094
11.1 11.180453
13.200015 12.117655
11.400001 11.405453
12.499997 11.371971
12.199999 12.061408
11.2 11.258775
11.7 11.685823
11.19691 10.85443
12.499997 11.46678
11.900001 11.8676195
11.7 11.617261
11.8 11.801454
11.2 11.165344
11.2 11.258508
11.999998 12.023683
11.1 11.156268
11.1 11.187168
11.400001 11.21445
11.400001 11.288965
11.1 11.142412
11.900001 11.855053
13.359637 12.795495
11.79897 12.895767
11.2 11.227322
13.180922 13.103554
11.2 11.185433
11.900001 11.536898
11.999998 12.034412
11.2 11.194467
11.5 12.010863
11.1 11.285021
11.5 11.429838
11.19691 10.416613
11.7 11.689183
10.1 10.282504
11.5 11.44209
11.1 10.615979
11.2 11.203943
11.8 11.705344
11.900001 11.963961
11.2 11.320574
11.400001 11.29047
11.8 11.805557
10.9 11.150828
11.5 11.610485
11.599999 11.6556225
11.3 11.345525
10.70206 10.700289
10.1 10.124764
11.400001 11.427082
11.599999 11.637003
11.999998 11.458445
11.900001 11.90761
11.2 11.198026
12.899998 12.55468
11.2 12.152331
10.627244 10.262047
11.599999 11.739512
11.3 11.33562
11.7 11.666269
10.678396 10.734499
11.8 11.813134
12.799992 12.442241
11.8 11.822865
11.3 11.431951
11.400001 11.466418
12.699998 12.7953415
11.1 10.727988
11.999998 11.92861
11.400001 11.632305
11.599999 11.482268
11.5 11.61354
11.5 11.444224
11.900001 11.897507
11.1 11.898013
10.49794 10.213203
11.1 11.130065
11.599999 11.61963
11.2 11.321742
11.1 11.373702
12.1 12.124043
13.999974 12.400871
11.400001 11.23021
11.3 11.327549
11.8 11.866898
12.299998 12.151814
11.8 11.828272
11.7 11.642073
9.47675 9.806048
11.5 11.777825
11.2 11.22806
12.299998 12.122571
11.5 11.527879
11.8 12.090494
11.1 11.144012
11.599999 11.69385
11.2 11.183745
11.999998 11.954582
11.1 11.128812
12.599997 12.4548025
11.8 11.82594
11.3 11.331745
12.399998 11.5891075
11.400001 11.412569
13.899971 13.192298
10.589405 11.289366
11.8 11.76043
11.400001 11.434025
11.900001 11.851316
12.399998 12.576826
11.8 11.4504595
13.136212 13.124534
13.1 12.335414
11.1 11.24073
11.2 11.226604
11.8 11.854874
11.3 11.338283
11.2 11.20913
11.3 11.367822
11.7 11.7815275
11.3 11.367211
11.900001 11.84918
11.3 11.686635
13.699981 13.5614395
11.2 11.279408
11.999998 11.945893
13.899971 13.188005
11.900001 11.924901
12.599997 11.462886
11.5 11.681078
11.212469 11.172593
11.900001 11.91859
11.1 11.1863365
11.2 11.281529
11.900001 11.902321
11.599999 11.714157
11.7 11.819934
11.400001 11.428015
11.900001 11.771457
11.5 11.499165
11.0 11.807288
11.599999 11.766247
12.1 12.853962
12.299998 12.203925
11.5 11.653963
11.2 11.179818
11.1 11.175596
12.1 11.812694
11.400001 11.282939
11.912762 11.240953
13.200015 12.860438
11.122276 11.402908
11.8 11.774099
11.5 11.523647
11.1 11.745591
11.2 11.247605
12.1 11.465494
13.581486 13.525698
10.622879 10.859764
12.499997 12.468457
12.799992 13.35511
12.797429 11.911085
11.5 11.62907
11.1 10.844917
11.8 11.794813
11.2 11.388046
12.699998 12.520551
11.7 11.239648
12.599997 13.070449
11.999998 11.944005
10.8 10.51487
11.8 11.69933
11.900001 11.718486
11.5 11.539864
10.8 11.212283
11.3 11.231904
11.900001 11.154603
11.400001 11.310581
11.599999 11.585302
11.400001 11.459208
12.70206 14.130134
11.1 11.188883
11.599999 11.7058935
11.2 11.173336
11.254902 11.144272
11.2 11.167473
11.999998 12.4183655
11.1 11.189546
12.03968 11.854985
13.899971 12.337035
11.7 11.391905
12.299998 12.1892805
13.685027 13.388603
11.1 11.165949
11.7 11.621344
11.900001 12.046473
11.400001 11.378348
11.2 11.276378
11.900001 12.088903
11.999998 11.943409
11.400001 11.361893
11.1 11.76089
14.400163 14.187897
11.2 11.225853
12.699998 11.778833
12.499997 11.461762
11.900001 11.86887
13.200015 12.802866
11.7 11.768021
14.79897 14.935367
14.600313 12.153578
11.1 11.141347
11.2 11.21155
12.199999 12.702752
11.900001 11.925847
11.900001 11.2998085
11.3 11.3334255
11.1 11.439775
11.2 11.25317
13.1 14.250892
11.2 11.180877
12.199999 11.735054
11.5 11.528436
11.599999 11.678093
11.999998 12.361888
11.1 11.121515
11.2 11.269366
12.699998 11.944635
14.999629 14.936199
11.5 11.376689
11.1 11.143511
11.2 11.1699505
11.400001 11.437968
11.5 11.289545
12.835182 12.592499
15.299971 14.607906
11.599999 11.415971
14.1 14.596754
11.654827 11.709901
11.1 11.148076
11.400001 11.398534
11.3 11.386396
11.2 11.397943
11.3 11.273608
11.2 11.80252
11.1 11.15101
12.199999 12.060472
11.400001 11.328723
11.8 11.769867
13.456548 11.165402
11.1 11.21347
13.401807 13.776709
11.2 11.18973
11.400001 11.492289
12.499997 11.715301
13.531798 12.867176
11.599999 11.87928
11.1 11.138788
11.1 11.159554
11.1 11.185268
11.336572 11.3271265
11.599999 11.595687
11.5 11.426169
13.1 12.227666
11.2 11.216271
11.5 11.493249
11.2 11.235849
12.199999 12.037359
11.0 10.685627
12.499997 11.804366
11.8 11.874873
11.7 11.729814
11.2 11.20946
11.2 11.181098
12.299998 12.323973
10.5685215 10.919028
11.900001 11.886334
11.8 11.809212
11.1 11.178176
11.1 11.245318
10.5 10.629002
11.900001 11.861913
15.1 13.227
11.5 11.320102
11.8 11.838842
11.400001 11.272881
11.8 11.872351
11.3 11.370448
10.89588 10.6531515
11.2 11.159931
13.1 12.766495
11.1 11.275729
11.999998 11.535504
11.900001 11.396294
11.1 11.233755
11.7 11.726807
10.29382 11.407655
11.7 11.796263
11.3 11.666355
11.1 11.576011
11.2 11.300895
11.1 11.271379
11.900001 12.05696
11.1 11.176441
11.2 11.243883
11.599999 12.002731
11.1 11.138535
11.900001 11.870841
10.627244 10.448233
11.5 11.343825
11.599999 11.363046
11.1 11.115311
11.900001 11.918314
11.3 11.264889
11.3 11.27962
11.2 11.622981
11.1 10.644773
11.3 11.295196
11.400001 11.359416
11.1 11.155111
11.2 11.299301
11.2 11.375488
11.543697 11.519237
11.7 12.728994
11.3 11.320983
11.8 11.317847
11.400001 11.757338
11.1 11.1662035
13.1 12.557518
11.3 11.799918
12.699998 11.842268
11.2 11.157841
11.900001 11.853723
13.000009 11.790494
13.500008 13.298677
11.599999 11.559818
11.900001 11.837551
11.2 11.176299
10.854487 10.582788
11.900001 11.82182
11.599999 11.526877
11.1 11.150777
11.900001 11.892976
11.3 11.419789
11.599999 11.651696
11.900001 12.286092
9.49794 9.683003
11.900001 11.897532
11.5 11.523865
11.599999 11.505631
11.3 11.294364
11.1 11.139032
11.8 11.90583
11.2 11.281689
11.5 11.639391
12.199999 11.936546
11.999998 11.565267
11.900001 11.882681
11.2 11.175484
11.900001 11.896931
13.699981 13.138586
11.599999 11.571818
11.2 11.2009735
11.599999 11.599442
11.5 11.516098
13.000009 12.322975
11.599999 11.693293
11.3 11.382832
10.79897 11.032496
11.145758 10.874121
11.2 11.19443
12.899998 12.3183975
11.7 11.805981
11.8 11.845074
11.8 11.819092
13.777781 13.777254
11.2 11.183619
13.699981 12.659809
11.2 11.504232
11.1 11.386582
13.200015 12.966432
12.899998 12.5368595
11.5 11.48556
14.1 12.743812
11.900001 11.88712
11.900001 11.885078
11.599999 11.633808
10.1 10.682391
12.599997 12.605692
11.8 12.263095
11.2 11.167864
11.900001 11.892488
11.900001 11.965529
11.5 11.462144
12.393282 12.662699
11.5 11.627797
12.199999 11.305373
10.8 11.112781
11.1 11.884732
11.900001 11.898979
11.1 11.132024
12.1 11.294866
11.2 11.188951
12.399998 12.301593
11.3 11.51822
14.300659 14.287686
11.999998 11.817155
11.2 11.282203
11.999998 13.204293
11.599999 11.512466
13.1 11.351681
11.1 11.159942
11.1 11.244395
11.1 11.154831
11.5 11.590201
11.7 11.714175
11.1 11.148744
13.986056 13.176865
11.2 11.2209215
12.299998 11.702331
11.7 11.807326
11.999998 11.957358
11.599999 11.581965
11.400001 11.642652
11.900001 11.867576
11.2 11.207203
11.3 11.398455
11.8 11.896196
11.7 11.654812
11.999998 11.868665
11.599999 11.678864
11.900001 11.609355
12.010095 12.752686
15.079304 14.763724
11.1 11.211857
11.7 11.698723
10.70206 10.727225
11.400001 11.216494
11.1 11.148221
11.400001 11.509305
12.699998 11.492076
11.6157 11.543255
11.599999 11.585293
13.800057 13.81102
12.699998 11.612034
11.900001 11.888086
11.2 11.329281
11.2 11.222468
11.7 11.689818
11.900001 11.529739
10.49794 13.384873
12.1 12.23201
11.900001 11.922983
11.999998 12.529881
12.299998 11.9386
14.79897 14.241686
12.299998 11.761771
11.2 11.19101
11.599999 11.410742
10.40103 10.855945
11.2 11.293756
12.599997 14.66227
11.5 11.5053
13.999974 14.262786
12.058607 10.841231
11.2 11.225192
13.500008 13.208912
11.599999 11.23881
11.3 11.759575
11.900001 11.964567
11.7 11.631238
11.8 11.857423
11.7 11.2056265
11.2 11.353057
11.1 11.137314
11.2 11.189344
11.2 11.299905
12.9500065 11.45984
11.2 11.346259
11.175305 11.209171
11.599999 11.91227
11.900001 11.881138
11.2 11.243001
11.2 11.187678
11.953872 11.243351
11.599999 11.196229
11.5 11.507057
11.799999 11.875416
11.8 11.661857
11.8 11.764298
13.000009 13.49061
11.999998 13.052305
11.400001 11.438544
11.2 11.203054
11.1 11.160392
12.399998 12.354706
13.999974 13.026203
11.1 10.224533
11.3 11.304332
14.600313 14.0409565
11.400001 11.655883
10.40103 10.683835
13.699981 13.195045
11.8 11.818601
10.622879 10.665331
11.2 11.251571
10.7 10.528908
11.900001 12.001185
10.49794 12.054583
11.3 11.391832
12.200179 13.809608
12.499997 11.835639
11.599999 11.547457
11.400001 11.387859
11.599999 11.591074
11.999998 11.737622
12.199999 12.237398
11.3 11.396913
11.3 11.374337
11.8 11.524876
11.2 11.202261
11.2 11.443993
11.900001 11.859101
11.999998 11.989157
12.1 11.852964
11.999998 11.91559
11.5 11.49172
11.999998 12.46375
11.2 11.213037
11.2 11.177117
11.900001 11.870369
11.1 11.142676
10.70206 10.709701
10.70206 10.83658
11.2 11.214318
11.1 11.031469
12.299998 11.939602
12.299998 12.231613
11.2 11.171691
11.549999 11.702138
11.599999 11.5499525
13.600039 12.801419
11.1 11.123746
11.1 11.156457
11.8 11.879263
11.12048 11.150028
12.399998 11.781159
11.599999 11.70937
11.1 10.9474945
11.900001 12.0781
11.900001 11.791601
11.3 11.40131
11.1 10.996133
11.3 11.284806
11.1 11.1392975
11.900001 11.933162
11.5 11.617297
11.2 11.213353
13.600039 13.419285
11.8 11.819687
14.553289 12.490887
12.199999 11.59679
11.2139435 11.375522
12.399998 11.953335
11.8 11.805343
11.900001 11.873477
13.299971 13.037485
11.2 11.173886
10.655955 11.407362
11.1 11.130135
11.7 11.397674
11.5 11.5355015
11.8 11.775539
11.2 11.214863
14.020819 14.108835
11.7 11.71769
12.1 12.061546
10.3 10.565029
11.8 11.212301
14.79897 14.639702
11.900001 11.835264
11.3 11.38804
11.999998 11.462317
11.1 11.798
11.7 11.725635
11.1 11.156812
12.599997 12.124678
11.3 11.3064165
11.5 11.220047
12.299998 12.245721
11.999998 12.149518
11.2 11.381232
13.299971 13.479479
11.8 11.737426
11.3 11.308242
11.7 11.158393
12.1 11.919102
11.900001 11.883485
11.999998 12.181603
13.399989 12.429131
11.8 11.821812
13.1 12.060603
11.3 11.264997
12.299998 12.277657
11.1 11.254217
11.2 11.182983
11.900001 11.920595
11.2 11.162385
11.3 11.256075
11.1 10.781814
13.254902 12.373097
13.200015 12.913652
11.5 11.509413
13.643358 13.249162
11.400001 11.540713
11.999998 11.868147
12.899998 12.443817
11.2 12.214529
11.900001 11.903029
11.7 11.771787
11.7 12.057544
11.1 11.1482115
11.900001 11.902775
11.900001 12.192296
11.5 11.241511
12.699998 12.627523
11.599999 11.5899515
11.2 11.1777
12.793687 11.619732
11.599999 11.613454
11.5 11.536643
11.2 11.659518
11.5 11.453798
12.299998 11.572788
11.1 11.51705
12.599997 12.127852
11.900001 11.91426
11.2 11.320612
11.900001 11.889993
11.889032 11.908345
11.5 11.762615
11.1 11.128803
11.400001 11.455211
12.199999 12.294096
12.399998 11.982628
11.5 11.646414
11.8 11.963165
11.7 11.782081
11.5 11.725403
13.000009 12.79123
11.8 11.650969
11.900001 11.82813
11.900001 11.898706
10.70206 10.672743
11.3 11.339881
11.900001 11.919595
11.3 11.376695
11.900001 11.880776
11.900001 11.95964
11.5 11.429023
12.199999 11.472153
10.777781 10.3144045
12.020819 11.6718
13.000009 12.228671
11.999998 11.245524
11.2 11.272634
13.637602 13.674086
11.900001 11.885003
11.900001 11.873145
11.2 11.187723
11.999998 11.926888
11.0 10.539257
12.299998 11.951103
11.1 11.103767
12.1 11.875832
11.1 11.234392
11.900001 11.839277
11.900001 11.884306
10.622879 10.6735735
12.499997 12.760956
11.8 11.850112
11.5 11.308006
12.1 11.613699
12.40103 12.840948
13.399989 12.562789
11.2 11.450073
11.900001 11.906306
11.1 11.104751
11.400001 11.436831
11.1 11.161104
14.050077 14.291437
11.400001 11.497694
11.3 11.38813
11.5 11.622657
11.7 11.817893
11.2 11.195178
11.953872 12.0673895
11.999998 12.129977
12.1 12.184722
11.1 11.119028
12.499997 13.313135
11.599999 11.742604
11.8 11.803976
11.7 11.913219
11.8 11.832723
11.2 11.201369
11.2 11.189691
11.7 11.648461
11.1 11.137119
11.2 11.400643
11.7 11.845574
11.599999 11.586514
12.399998 13.181766
11.3 11.278158
11.599999 11.814427
11.3 11.404188
11.2 11.38938
11.2 11.356839
11.2 11.234694
11.2 11.194737
10.8 10.67851
12.199999 11.935451
11.900001 11.891753
11.8 11.818964
11.599999 11.760519
11.8 11.944019
11.8 11.8083105
12.199999 12.140994
11.1 11.152879
13.000009 13.170885
11.5 11.554729
12.199999 11.862862
12.1 11.534334
11.5 11.466473
11.2 11.219695
11.9 12.210885
10.581486 10.597252
10.70206 10.677172
11.2 11.262614
11.3 11.361266
11.8 11.879784
10.3 10.421181
12.510107 12.89962
11.2 11.311499
13.622879 13.352579
11.400001 11.549091
12.499997 12.261747
11.8 11.823385
13.299971 13.716156
11.5 11.520581
11.3 11.3629875
11.5 11.317453
12.799992 12.757058
11.3 11.294581
11.999998 11.654976
11.900001 11.875115
12.499997 11.770985
11.5 11.766563
12.299998 12.337767
11.79897 11.048633
11.2 11.1984625
13.000009 11.955746
11.1 11.118748
1.3 0.026836395
12.499997 11.923967
11.1 11.174091
12.599997 12.66181
11.3 11.361106
11.7 11.812099
11.637602 11.653802
13.500008 13.427936
12.599997 12.139159
11.1 11.271805
12.1161 11.33087
11.2 11.224753
11.7 12.5411625
11.400001 11.493983
11.900001 11.89204
12.299998 13.281666
12.299998 12.159631
11.900001 11.483403
11.3 11.84845
11.2 11.202192
11.8 11.749779
13.000009 12.929382
12.499997 12.200892
11.1 11.184662
11.8 11.943755
11.1 11.124651
11.3 11.343427
12.1 11.896364
11.599999 11.67328
11.2 11.355234
11.8 11.815303
11.1 11.1502495
14.999629 13.540124
11.599999 11.683938
11.7 11.821012
11.1 11.133393
11.2 11.246263
11.999998 11.384957
11.8 11.8067255
11.7 11.753194
12.399998 11.718233
11.7 11.705039
11.5 11.478082
11.599999 11.843042
13.352575 12.737459
10.40103 10.446455
11.2 11.503482
14.145758 13.516739
13.581486 13.373925
11.5 11.527427
11.900001 11.881804
10.8 10.676551
14.555932 13.649311
10.70206 10.722729
11.2 11.205473
11.599999 11.43628
11.2 11.247077
11.900001 11.914211
12.1 11.412303
11.5 11.636693
14.1 12.288809
12.799992 12.976975
11.1 11.325559
11.7 11.91442
11.8 11.753317
11.1 11.139503
11.999998 11.961717
11.2 11.198981
11.7 11.612591
12.1 11.461737
11.7 11.694037
10.2 10.484936
11.3 11.425108
11.2 11.173619
11.900001 11.854006
11.953872 12.0141535
11.56133 11.935075
11.5 12.124516
11.5 11.637579
11.8 11.8246765
13.418758 13.713446
11.5 11.459875
11.400001 11.425434
11.400001 11.429973
11.8 11.840496
11.900001 12.127277
11.599999 11.535462
13.1 13.580369
11.999998 11.560995
11.2 11.380928
12.456548 12.389245
11.1 11.1539755
11.999998 11.875008
11.999998 11.919769
11.999998 11.904836
11.2 11.267647
13.800057 13.4153595
11.1 11.157326
11.900001 11.43504
11.5 11.761373
11.1 11.174754
11.599999 11.662224
11.900001 11.688668
12.499997 13.153609
11.599999 11.893879
13.048455 11.89905
12.399998 12.396918
11.1 11.197959
11.999998 11.837912
11.1 11.144229
12.499997 12.426273
11.1 11.144156
11.8 11.856763
11.1 11.168007
11.999998 12.017684
11.900001 11.921702
11.1 11.258341
11.5 11.603197
11.1 11.425517
11.1 11.216779
11.400001 11.936763
11.4372425 11.689768
11.400001 11.700128
11.999998 11.967748
11.3 11.362744
11.1 11.125793
11.400001 11.45844
11.8 11.77416
11.900001 11.897416
12.1 11.889309
10.609157 10.644669
11.1 11.183042
11.1 11.153203
11.3 11.3632145
11.1 11.156588
12.199999 11.587603
11.1 11.135632
11.2 11.181932
11.1 11.167514
11.2 11.212302
12.399998 12.58982
15.299971 13.498599
11.599999 11.383371
12.1 11.815496
11.2 11.279144
11.7 11.688426
11.900001 11.88357
11.2 11.265361
11.999998 12.385873
11.999998 11.738339
11.8 11.740688
12.199999 11.615522
11.2 11.172509
12.543697 12.435587
11.400001 11.423843
11.599999 11.562194
11.900001 11.855878
11.7 11.824289
11.3 11.221552
11.999998 11.958207
11.400001 11.236175
11.2 11.263952
11.2 11.181059
11.900001 11.502002
15.520216 11.177673
11.2 11.240932
13.899971 12.348054
11.1 11.167507
11.3 11.359883
12.899998 11.976654
13.500008 13.992556
11.2 12.282932
11.1 11.134874
11.1 11.292501
12.649994 13.256656
12.299998 11.901468
11.900001 11.655721
11.900001 11.800829
11.900001 11.853218
11.900001 11.725198
14.901343 12.864418
10.40103 10.730233
11.999998 11.999743
11.581486 13.52439
11.8 11.751278
11.999998 11.850047
11.8 11.725525
12.199999 11.914758
11.3 11.407529
11.400001 11.369833
11.1 11.182623
11.2 11.195053
11.999998 12.006024
11.1 11.148455
14.500117 13.136237
12.254902 12.213587
13.200015 12.737181
11.1 11.566456
13.1 12.545486
11.3 11.349393
11.400001 11.539255
11.400001 11.461699
12.1 12.217794
11.1 11.2651
11.1 11.163614
11.599999 11.618638
10.40103 11.805479
14.901343 14.584963
11.999998 12.029477
11.5 11.261922
11.3 11.355289
11.400001 11.318492
11.2 11.186153
11.5 11.244943
11.599999 11.175111
11.999998 12.133155
11.540743 11.246589
11.3 11.368183
11.3 11.316161
10.4 10.634148
11.999998 11.975559
11.3 11.23787
11.999998 12.010945
11.5 11.591221
11.79897 11.591884
11.1 11.327435
11.8 11.866687
11.8 11.755157
11.599999 11.240356
11.1 11.143102
11.1 11.197613
11.7 11.72888
12.399998 12.372084
12.899998 11.986252
11.2 11.445995
12.099999 13.367475
10.1 10.4180975
11.2 11.287207
10.608639 10.555098
12.199999 11.9097395
12.812199 13.98941
11.2 11.1870575
11.2 10.629229
11.900001 11.894016
12.1 11.75627
11.3 11.318214
11.599999 11.665697
11.1 11.168628
11.2 11.237113
11.900001 11.908078
11.8 11.964059
11.599999 11.559261
10.869551 11.180192
12.1 12.081554
13.000009 12.605104
11.2 11.211788
10.165502 13.649489
11.8 11.745059
11.400001 11.595661
12.786133 11.60348
12.1 11.7854
10.1 10.506781
11.5 11.416318
11.3 11.423951
10.9 10.703371
14.200179 12.994244
12.1 11.924843
11.2 11.186133
11.400001 11.996462
11.599999 11.245718
11.400001 11.568658
11.999998 11.980184
11.2 11.235474
11.1 11.621166
10.1 10.376364
11.7 11.686457
11.0 10.671544
10.6 10.511377
11.7 11.779994
11.1 11.204393
12.199999 12.326774
11.2 11.224693
11.2 11.292143
11.1 11.315243
11.89588 12.108626
11.3 11.3336935
11.400001 11.22078
12.299998 12.251009
11.999998 11.901194
14.299971 14.056636
11.900001 11.804364
11.7 11.630698
11.25 11.374666
11.2 11.206448
11.599999 11.214135
11.3 12.1278
13.699981 12.639401
11.8 12.776493
12.901632 11.205114
11.5 11.451908
12.299998 11.74811
11.3 11.28026
11.900001 11.89013
12.199999 11.945154
11.2 11.312731
13.719789 12.901751
11.900001 12.150962
11.900001 11.655005
11.3 11.218284
11.2 11.2556095
11.5 11.536605
11.999998 11.94613
11.3 11.3380165
11.8 11.662649
13.1 12.71222
11.7 11.530563
11.599999 11.776768
11.1 11.173618
11.900001 11.885292
11.5 11.96466
11.5 12.019524
11.7 11.8917055
11.2 11.2396755
11.49794 11.4663725
14.400163 13.448559
11.1 11.215281
11.7 11.607989
11.900001 11.934026
12.199999 12.286688
11.1 11.013368
12.599997 12.611193
11.3 11.714706
13.600039 12.019248
11.3 11.30496
14.299971 13.895779
11.1 11.155241
11.3 11.899302
11.1 11.156522
11.3 11.375405
11.2 11.236467
12.992498 12.498234
11.7 11.705285
11.999998 11.434776
12.899998 13.201147
11.2 11.206462
11.3 11.33569
11.999998 12.528289
9.47675 9.721104
11.999998 11.574625
14.40103 12.550571
11.3 11.525039
11.900001 11.643532
11.2 11.473779
13.899971 13.211642
11.5 11.549105
10.2 10.400633
11.900001 11.971125
11.2 11.261385
11.8 11.382312
11.2 11.190887
11.900001 12.056764
13.500008 12.949909
13.999974 13.195801
12.699998 12.600325
11.900001 11.876507
11.3 11.34348
13.4372425 13.286106
13.200015 12.403116
11.2 11.199666
11.900001 11.9055605
11.8 11.401793
11.777781 11.861103
11.5 11.742089
11.2 11.196384
10.622879 10.62708
11.3 11.390154
11.3 11.854892
11.599999 11.6171
11.8 11.466698
12.19691 12.425525
11.5 11.510118
11.999998 12.062401
12.422393 13.316734
11.5 11.553547
11.3 11.370936
11.2 11.166598
10.1 10.193344
9.40103 9.822247
10.70206 10.731458
11.900001 11.933489
11.7 11.696132
12.757577 12.722534
12.599997 11.961451
12.699998 12.215054
11.999998 11.9784565
11.3 11.522633
11.1 11.307023
11.3 11.836983
11.7 11.680444
11.2 11.60414
11.2 11.23087
10.5 10.504047
11.3 11.424276
11.1 11.148181
11.2 11.881189
11.900001 11.886405
10.70206 10.698689
11.2 11.329993
12.699998 12.199744
11.8 11.464157
11.2 11.225402
11.2 11.275481
12.399998 13.106994
11.1 10.672662
11.2 11.279268
11.900001 11.885166
13.200015 13.308903
11.2 11.268954
12.299998 11.760581
11.8 11.524376
12.399998 11.557607
11.1 11.155145
11.999998 11.766172
11.1 11.180333
11.2 11.148229
12.199999 12.556491
11.5 11.488751
11.1 10.829271
11.1 12.42275
11.7 11.696321
10.70206 10.707875
10.6 10.410502
11.1 11.142793
12.399998 11.915536
11.400001 11.349921
11.5 11.522592
13.399989 13.083929
11.400001 11.775181
12.199999 12.248161
12.199999 11.889191
10.1 10.315946
11.2 11.218413
11.599999 11.677067
12.1 12.015007
12.899998 11.85678
12.015424 12.055901
10.3 10.571937
11.2 11.188367
11.1 11.141787
12.599997 12.694618
11.599999 11.411679
11.5 11.471967
11.599999 11.655262
11.599999 11.639765
11.2 11.182396
11.1 11.144836
11.3 11.185731
11.2869625 11.311025
13.000009 12.935596
11.1 11.968384
13.999974 13.481417
13.59485 13.419454
11.599999 11.683531
11.1 11.1712675
11.400001 11.540124
11.2 11.208689
11.2 11.244557
11.999998 12.003944
12.199999 11.884068
11.2 11.270069
13.200015 13.424419
11.7 10.986927
11.7 11.669824
11.599999 11.503391
11.49794 11.251175
12.899998 12.674396
11.1 11.157852
11.5 11.572561
11.599999 11.351217
11.5 11.579905
11.5 11.560331
11.1 11.157534
11.2 11.130263
10.1 10.334232
12.499997 11.946188
11.2 11.15518
11.1 11.59
12.199999 11.638949
11.1 11.139007
13.600039 13.476646
10.622879 11.94095
11.2 11.157515
11.106614 11.137391
11.7 11.635736
11.2 11.195347
11.8 11.874738
11.555047 11.17777
11.1 11.199139
11.145758 11.175191
15.140959 14.315446
11.599999 11.620564
11.5 11.806262
11.5 11.584915
11.7 11.744555
10.70206 10.72912
12.599997 12.775191
11.400001 11.421288
11.599999 11.696568
11.900001 11.802845
11.2 11.200177
10.70206 10.71522
13.500008 13.237491
11.2 11.214792
11.7 11.735693
11.900001 12.505028
11.8 11.819366
11.400001 11.306558
11.5 11.570276
11.8 12.188292
11.5 11.364938
13.299971 13.160445
12.299998 12.437319
11.1 10.992239
10.40103 10.123746
13.999974 13.486824
11.900001 11.379542
11.3 11.274076
11.900001 11.718527
12.399998 11.73432
11.900001 11.846941
11.8 11.576108
11.8 11.813737
11.5 11.577633
11.3 11.411212
11.3 11.233334
11.1 11.124423
11.1 11.417895
10.622879 10.567325
13.500008 12.125521
11.5 11.693393
11.999998 11.972896
11.8 11.783129
12.399998 12.506319
10.923909 10.749372
11.599999 11.552428
11.999998 12.246832
11.7 11.738055
11.1 11.229071
11.599999 11.720806
11.599999 11.503234
11.900001 11.880105
11.900001 11.896713
12.499997 12.117097
13.399989 12.404829
11.400001 11.291591
11.8 11.9135895
12.299998 12.440167
11.3 11.259399
11.900001 11.952162
11.2 11.264262
11.3 11.319519
11.5 11.500585
13.299971 12.9236145
12.699998 13.134385
11.2 11.238699
11.2 11.28317
11.3 11.272498
11.2 11.179097
11.2 11.239496
11.1 11.205832
11.599999 11.6020975
11.2 11.206697
11.8 12.017972
11.79897 11.793909
11.2 11.187615
11.1 11.146667
11.900001 12.109214
11.900001 11.91883
11.900001 11.923625
11.7 13.368572
10.1 10.140263
11.900001 11.760384
11.900001 11.891615
11.599999 11.594329
13.399989 13.022941
10.516801 11.20649
11.7 11.6613865
12.314671 12.508797
11.3 11.285246
12.299998 12.4680195
12.299998 12.560367
11.599999 11.539772
14.600313 13.3702545
11.7 12.711104
11.999998 11.275358
13.399989 13.051583
11.900001 11.599799
11.900001 11.901738
12.799992 12.111629
11.8 11.748294
13.299971 13.422802
11.555932 11.98246
11.599999 11.843016
11.020819 11.069997
11.1 11.170602
11.599999 11.923777
11.8 11.335037
11.400001 11.347534
11.999998 12.026471
12.6934595 12.454869
12.40103 11.898225
12.199999 11.902773
11.900001 11.907215
11.8 11.858329
12.1 11.876995
12.1 11.954582
11.400001 11.411264
11.900001 11.905284
11.5 11.372142
10.923909 10.158936
13.299971 11.864055
11.599999 11.409522
12.499997 12.266879
14.200179 13.967121
11.2 11.211185
11.3 11.59418
11.8 12.168251
11.599999 11.963998
11.7 11.679625
12.199999 12.070857
11.2 11.173403
13.699981 13.177343
11.8447275 12.528266
11.7 11.662539
12.307609 12.683663
11.1 11.055648
10.70206 10.7209635
11.1 11.179731
11.2 11.202435
11.3 11.302989
11.2 11.3411045
14.299971 13.104199
11.2 11.190825
11.3 11.251218
11.599999 11.681695
12.399998 11.791016
11.3 11.231766
11.1 11.355406
11.5 11.488962
11.3 11.28254
11.8 11.867265
11.331801 11.554381
11.400001 11.41922
11.2 11.285707
11.8 11.761416
11.70206 11.756256
11.7 11.4647045
10.70206 10.727053
11.2 11.194458
11.900001 11.911762
10.9 10.745154
11.900001 11.831574
11.3 11.326699
15.500117 13.905417
11.3 11.16985
11.2 11.23934
11.2 11.374685
11.900001 11.808054
12.49794 12.402666
11.8 11.956308
11.5 11.931621
11.1 11.130881
11.900001 12.156585
11.5 11.54028
11.2 11.208964
11.900001 11.895639
11.2 11.329959
11.900001 12.648933
11.2 11.24502
11.900001 11.818415
13.899971 12.060818
11.2 11.356689
10.9 10.574327
11.900001 11.853322
9.79897 10.0166645
11.2 11.374076
11.2 11.255143
11.900001 11.9189415
11.1 11.198687
11.1 11.143089
12.1 11.981035
11.900001 12.419622
11.599999 11.575158
11.2 11.241099
11.3 11.279143
11.3 11.259019
12.6934595 13.267727
10.40103 10.631649
11.400001 11.394843
10.1 11.188969
10.70206 10.726357
11.400001 11.2872505
11.3 11.662585
11.3 11.411977
13.600039 12.9810505
10.40103 10.704461
11.3 11.3037815
11.400001 11.39477
11.5 11.302445
12.699998 12.387907
11.7 11.76066
11.1 11.151738
15.600313 14.944061
11.599999 11.946536
12.199999 11.816814
12.499997 12.520427
10.2 10.580254
11.900001 11.930556
12.499997 11.787801
12.597573 12.304605
11.400001 11.49174
11.900001 11.869585
11.900001 11.874639
11.900001 11.917018
11.1 11.160737
13.1 11.930303
11.7 11.341697
11.2 11.195209
11.400001 11.39077
12.1 11.794248
11.5 11.725212
11.1 12.8157
11.900001 11.706275
11.900001 11.921302
11.1 11.271292
11.2 11.29903
11.8 11.854031
11.3 11.333047
10.622879 10.614924
11.1 11.147704
13.145758 12.270925
11.5 11.693547
11.999998 11.974948
11.1 11.257436
12.299998 12.322034
11.8 11.829409
11.2 11.207042
13.200015 13.432783
11.599999 11.587673
12.1 11.943821
11.2 11.227281
11.599999 11.561016
11.8 11.836193
12.1 12.36914
14.600313 13.898935
12.699998 11.51624
11.5 11.31641
11.900001 12.307717
11.1 10.905511
11.599999 11.686027
11.900001 11.847762
11.900001 11.882091
11.3 11.277524
11.7 12.989403
11.999998 12.227635
11.999998 11.955249
11.2 11.182458
12.599997 12.369046
11.8 11.76677
11.3 11.279077
11.3 11.566022
11.900001 11.876653
11.409804 10.747102
11.5 11.847612
12.399998 12.054139
11.1 11.141118
10.49794 10.568428
11.900001 11.875804
11.400001 11.382757
11.999998 12.34268
11.900001 11.850417
11.400001 11.357406
11.49794 10.361856
10.1 11.077419
13.800057 12.969808
11.15 11.365621
11.2 11.61173
11.1 11.161127
12.199999 11.653792
11.1 11.098089
11.8 11.847656
14.500117 13.752426
11.2 11.251932
12.899998 12.659992
11.3 11.405429
11.1 11.149406
11.2 11.284643
11.8 11.8558235
13.699981 13.447968
10.622879 10.681857
13.399989 11.853443
12.199999 11.889
11.2 11.416434
11.900001 11.999028
11.2 11.210132
11.900001 11.880814
11.5 11.500437
11.599999 11.603548
11.999998 12.639432
12.399998 12.235816
10.1 10.249786
11.0 10.589272
11.3 11.372044
11.7 11.742734
12.199999 11.869265
11.8 11.823923
11.1 11.140629
11.3 11.636498
11.3 11.566072
11.400001 11.241098
11.400001 11.493696
11.900001 11.716672
11.900001 11.3279705
11.2 11.706737
11.3 11.256067
14.500117 14.550645
9.79897 10.143524
11.3 11.199561
11.8 11.75087
11.1 11.16098
10.1 10.401886
11.1 13.455669
13.1 12.305855
13.767562 13.688735
11.999998 12.294694
11.2 11.241145
10.1 10.23039
9.79897 9.989329
13.399989 13.402218
11.7 11.82368
11.2 11.22825
11.8 12.2936
14.299971 13.948277
10.1 10.146133
11.400001 11.376591
11.8 11.875998
10.4 10.466329
12.399998 11.440145
10.723423 10.5141735
11.999998 11.978424
13.500008 12.9734335
11.7 11.852628
13.1 12.944117
12.145758 12.370356
12.899998 11.436333
11.8 11.846637
11.1 11.832014
11.900001 11.900423
11.599999 11.679143
11.3 11.315178
11.2 11.224371
11.1 11.122204
11.400001 11.358538
11.1 11.186739
11.8 11.786303
11.1 11.1458
11.2 11.184938
12.1 12.160745
13.699981 12.332002
13.800057 13.231319
11.2 11.261014
11.1 11.135029
11.7 12.079173
11.2 11.232483
11.1 11.140407
11.2 11.212241
11.1 11.2228775
11.5 11.322843
13.321849 13.035322
11.1 11.17743
11.555932 11.188552
11.8 11.198951
11.2 12.067828
11.999998 11.9165325
11.3 11.817743
13.600039 12.02567
13.600039 12.670888
14.326648 12.443119
11.2 11.736873
11.2 11.295091
11.999998 11.61568
11.599999 11.7897215
11.400001 11.554317
12.299998 11.721113
11.2 11.284693
11.2 11.921506
11.1 11.144737
11.999998 11.725734
11.5 11.451536
11.1 11.145325
11.7 12.03979
13.020819 12.674784
11.2 11.225627
11.7 11.767155
11.7 11.34643
14.547158 12.277105
11.069375 11.7050905
11.8 11.531103
11.3 11.346091
11.8 11.819999
11.1 11.570487
11.7090645 11.521236
11.3 11.260726
11.5 11.446733
10.622879 10.672023
11.400001 11.618862
11.400001 11.402224
11.700326 11.427285
11.1 11.352706
13.500008 12.445824
11.3 11.3411455
11.400001 11.84871
11.999998 11.399831
10.1 10.417182
11.1 11.143408
10.622879 10.686181
11.900001 11.890953
11.5 11.621087
11.7 11.484238
11.7 11.701446
11.5 11.849639
11.3 11.296241
11.2 11.464352
11.2 11.276031
11.3 11.479458
10.4 10.613903
12.598941 12.497822
11.900001 11.86863
11.2 11.218261
10.8 10.601537
11.3 11.297538
10.70206 10.764641
11.900001 11.897175
15.700326 13.458992
12.199999 11.800802
12.299998 11.859519
13.254902 13.169615
11.622879 12.969378
11.8 11.815519
11.2 11.222828
12.637602 11.877433
11.7 11.699748
11.900001 11.869868
13.699981 13.20172
11.2 10.690697
12.499997 12.424442
11.599999 11.5862
11.900001 11.872391
11.3 11.485272
11.2 11.185998
10.1 10.135246
11.400001 11.372454
11.3 11.280935
11.1 11.162481
11.2 11.225865
11.7 11.274073
11.599999 11.456
11.400001 11.254871
11.999998 12.150124
12.399998 12.20039
12.299998 12.571929
11.900001 11.91292
11.1 11.119729
11.599999 11.627234
12.299998 12.492781
11.8 11.827242
11.400001 10.490124
14.200179 14.184748
11.400001 11.384164
11.8 11.741449
11.599999 11.518614
11.3 11.323066
11.2 11.184753
13.219187 13.22989
11.400001 11.3329
13.000009 12.810482
11.900001 11.875289
11.3 11.249495
12.299998 11.858469
10.1 10.263925
11.400001 11.873963
11.5 11.549528
12.299998 12.284378
14.145758 12.475218
11.7 11.453679
11.599999 11.560552
11.599999 11.353382
11.2 11.261097
11.999998 11.918718
11.8 11.884328
11.1 11.151103
11.599999 11.347866
11.3 11.415251
11.400001 11.465112
11.2 11.248981
11.400001 11.965654
11.2 11.176569
12.299998 11.776957
11.5 11.539539
11.7 11.5897
12.1 12.052527
11.3 11.275046
13.200015 13.043749
11.3 11.469482
11.1 11.7240095
11.5 11.467879
11.5 11.570178
11.599999 11.293044
13.1 12.64544
11.7 12.057541
13.200015 12.791765
11.2 11.264769
13.699981 12.805858
11.599999 11.304474
11.900001 11.422908
11.999998 12.021816
11.2 11.213169
11.900001 11.886462
12.19691 12.485182
11.599999 11.384311
11.2 11.456407
11.900001 11.878856
11.5 11.494666
11.400001 11.211342
11.900001 11.914621
11.5 11.41082
11.5 11.574767
11.2 11.280403
13.299971 12.898966
13.200015 12.186566
11.599999 11.607647
11.2 11.412871
11.3 11.262292
12.299998 12.413395
11.3 11.596501
11.5 11.86433
11.599999 11.679149
11.400001 11.188041
11.400001 11.399241
11.8 11.639723
11.5 11.286608
11.8 12.49399
11.1 12.11661
12.499997 12.45123
11.2 11.2105055
10.622879 11.063201
11.8 11.832921
11.599999 11.490211
12.799992 12.597702
11.900001 11.885972
11.599999 11.194734
11.900001 12.243381
11.2 11.190899
11.999998 12.033966
11.3 11.50722
11.900001 11.882666
11.3 11.495893
11.900001 12.049936
11.900001 11.884012
11.1 11.108833
11.7 11.825231
14.400163 14.204971
12.799992 12.796916
11.2 11.887255
11.2 11.279235
11.400001 11.437784
11.900001 11.830805
11.900001 11.88648
11.999998 11.4051485
11.1 11.137843
11.1 11.135235
12.899998 11.9600315
11.2 11.187531
11.380575 11.5223465
11.1 11.203196
11.2 11.174538
11.1 11.221267
11.2 11.279352
11.5 11.390783
11.599999 11.492907
10.8 10.748488
11.599999 11.591859
11.900001 11.978459
11.7 11.712738
11.900001 11.905594
12.199999 11.846529
14.500117 13.889324
11.599999 11.625242
10.5 10.546783
11.5 11.59997
11.1 11.201477
11.900001 11.880787
11.2 11.244125
13.399989 11.90526
11.900001 11.839988
11.7 11.844607
11.1 11.149833
11.400001 11.452386
13.821246 12.94031
12.1 11.873958
11.7 10.642674
11.599999 11.703796
11.3 11.1745205
10.622879 10.6357565
11.2 11.184592
11.599999 11.828499
11.1 11.204651
11.5 11.355796
11.5 11.933268
11.1 11.284438
10.869551 13.681932
11.599999 11.690954
10.40103 10.33451
11.1 11.137779
12.899998 12.536485
11.7 11.705997
11.5 11.528815
11.599999 11.78758
11.2 11.498102
11.5 11.494151
11.2 11.180983
11.999998 12.038271
12.199999 12.468667
11.2 11.437487
10.622879 10.595876
14.901343 13.386134
11.900001 12.843186
11.8 11.834718
11.999998 12.048342
11.5 11.943728
11.555932 11.52775
11.599999 11.553138
11.3 11.429092
14.375724 13.049237
10.1 10.484143
11.900001 11.917581
11.5 11.49345
11.3 11.255212
11.599999 11.799425
11.3 11.250414
11.3 11.273352
11.2 11.438606
11.599999 11.575163
11.900001 11.882761
11.599999 12.811832
12.299998 12.401695
11.2 11.395818
11.900001 11.902835
12.699998 12.568208
11.1 11.134937
12.299998 12.519253
11.8 11.757382
11.3 11.355222
12.199999 12.737555
11.999998 12.239955
11.2 11.276252
13.699981 13.585651
10.1 10.416101
13.000009 11.936365
10.70206 10.706846
10.70206 10.5852785
10.70206 10.717982
11.599999 11.28711
11.900001 11.866905
11.2 11.238507
11.8 11.8232
11.1 11.10549
10.5 10.647617
11.8 11.602329
11.212469 11.184486
9.923909 10.302415
11.5 11.441601
11.7 11.697312
11.2 11.178223
11.599999 11.785249
11.849336 12.083957
13.600039 12.635204
11.400001 11.422495
10.70206 10.592512
11.400001 11.7576275
13.699981 13.129228
10.40103 10.513271
11.2 11.19487
11.3 11.2851715
11.2 11.21952
10.40103 10.656787
11.3 11.645914
11.8 11.746524
11.1 11.141879
11.1 11.179931
11.3 11.273378
11.400001 11.338872
11.400001 11.361598
11.600844 11.708555
11.1 11.065602
11.5 11.712086
11.2 11.489354
13.000009 11.639988
11.900001 11.860979
11.1 11.187972
11.1 11.192771
11.8 11.71152
11.2 11.2600975
11.2 11.261065
11.3 11.377956
14.500117 13.775443
11.1 11.198581
11.3 11.227661
11.599999 11.666006
11.2 11.228031
11.400001 11.434241
11.1 11.1265
11.400001 11.288255
11.900001 11.999592
11.8 11.677088
10.8 10.487567
11.2 11.552229
12.199999 12.222539
11.3 11.296903
11.2 11.271089
12.599997 11.54583
11.5 11.2646
11.8 11.812544
11.5 11.73419
11.8 12.080538
11.2 11.220942
12.499997 13.322229
11.900001 11.878192
12.199999 12.101379
11.3 11.385242
11.1 11.76919
11.900001 11.90526
11.999998 12.869798
13.299971 13.075774
12.699998 12.255749
11.2 11.212772
11.999998 12.344843
11.999998 11.922342
11.7 11.764758
11.900001 11.891197
12.1 11.92101
11.2 11.17587
11.3 11.696383
11.1 11.184057
11.5 11.595772
11.900001 11.751716
12.8447275 12.536786
14.999629 14.456302
11.5 11.465169
11.900001 11.921314
11.900001 11.944428
11.400001 11.410663
11.999998 11.453458
11.2 11.270515
11.2 11.59434
11.7 11.761528
11.900001 12.025696
11.7 11.721643
10.2 10.3808
11.8 11.802252
11.400001 11.593665
11.7 12.474918
11.3 11.406819
11.599999 12.102148
10.1 11.008961
11.5 11.361887
11.900001 11.907469
11.1 11.2374115
11.999998 11.652779
11.400001 11.495069
11.900001 11.917524
11.1 11.147312
11.599999 12.142615
12.1 11.761132
12.923909 12.265358
11.5 11.510438
10.9 10.567374
11.2 11.2198305
13.800057 11.389507
11.599999 11.422087
11.3 11.33816
11.599999 11.659945
11.900001 11.849057
13.999974 12.535154
15.581486 14.740608
11.2870865 11.528838
11.2 11.226247
11.7 11.732108
11.8 11.931487
12.199999 12.152379
13.1 12.987935
11.3 11.501017
11.900001 11.547132
12.088853 12.577936
11.900001 11.476088
10.40103 10.634429
11.1 11.129166
11.599999 11.710776
11.900001 11.846065
11.999998 11.976128
11.5 11.721126
11.900001 12.114378
14.700326 14.004179
11.1 11.149732
11.1 11.127232
11.400001 12.012071
11.2 11.190133
11.900001 11.783273
11.1 11.17292
11.5 11.367287
12.63529 10.768457
13.1 12.845771
11.1 11.111425
10.1 10.386534
11.3 11.325951
11.1 10.9604645
11.3 11.626993
11.5 12.128649
11.2 11.75479
11.3 11.295508
11.5 11.248109
10.996197 11.443715
11.3 11.305301
11.8 11.782123
10.29382 10.942477
10.70206 10.651147
11.2 11.180164
11.900001 11.906709
11.900001 11.912483
11.900001 11.840673
11.1 11.144412
13.000009 12.882064
11.5 11.48923
11.5 11.490091
11.1 10.704392
11.1 11.150998
11.599999 11.544912
12.020819 11.951125
12.1 11.44281
11.5 11.694511
11.1 10.9978895
14.600313 14.37508
12.699998 11.415944
11.400001 11.76689
11.2 11.33721
12.199999 11.843562
11.900001 11.911975
12.599997 12.2208
11.1 11.169238
11.2 11.290998
11.900001 11.90102
11.5 11.435338
11.3 11.231252
11.2 11.299932
11.375724 10.893377
13.399989 13.937602
11.3 11.301505
11.900001 11.810505
11.2 11.200642
12.1 12.057058
11.2 11.283117
11.900001 11.918431
11.900001 11.917477
11.1 11.117718
11.1 11.409032
11.3 12.739284
11.5 11.486308
14.427902 14.145827
11.400001 11.512447
11.5 11.539357
11.400001 11.417428
14.145758 13.777629
11.8 11.966514
11.2 11.17083
11.900001 11.819904
13.000009 12.954937
11.3 11.397805
11.1 11.143985
11.8 11.798179
11.359637 11.466496
11.1 11.135361
11.5 11.537028
11.599999 12.15814
11.1 11.160141
10.541291 10.564823
11.5 11.451372
11.900001 11.921351
11.900001 11.894414
11.1 11.446151
11.400001 11.425866
11.1 11.162078
11.3 11.251834
11.900001 11.870798
11.8 11.635173
10.7 10.445734
11.999998 11.624747
12.599997 12.788467
12.299998 11.82707
11.7 11.987169
11.3 11.26931
12.651294 12.368616
11.2 11.433009
11.5 11.567422
12.399998 11.890962
11.400001 11.382021
12.046395 11.859514
11.3 11.141764
11.8 11.865448
11.5 11.43901
10.972896 10.577703
11.900001 11.895906
11.2 11.140886
13.999974 13.720903
12.399998 12.958635
11.1 11.165245
11.900001 12.056325
11.8 11.8233385
11.3 11.264923
11.5 11.554778
11.1 11.133444
11.5 11.42455
11.2 11.197848
11.5 11.51203
11.7 11.71292
12.499997 11.862538
12.199999 12.466674
11.3 11.333606
11.7 11.606492
14.668636 14.551744
10.40103 10.514231
11.7 11.71984
10.6 10.487181
10.79897 10.681613
11.900001 11.847272
11.999998 11.949101
11.49794 10.416591
11.1 11.207634
11.2 11.199666
11.2 11.194259
11.7 11.622385
11.999998 11.946468
11.7 11.732922
11.999998 12.241433
11.2 11.32399
12.1 11.831138
11.7 11.35195
11.8 11.890556
11.8 11.754879
10.70206 10.731788
12.899998 12.106752
14.1 14.157061
11.5 11.551486
13.399989 13.586185
9.79897 10.222574
11.3 11.285487
9.70206 9.866767
10.1 10.241123
11.2 11.232182
12.1 12.207269
11.2 11.177984
11.599999 11.58301
13.191515 12.820026
11.2 11.34076
11.8 11.924644
11.5 11.479832
11.3 11.33367
11.599999 11.603533
11.599999 11.629723
11.7 11.795495
11.3 11.232027
13.299971 12.665967
12.399998 11.87612
13.622879 13.2714815
11.5 11.516309
12.1 12.017415
11.2 11.215103
10.40103 10.385066
12.120642 12.159157
11.400001 11.420253
11.3 11.352844
12.499997 12.43406
11.1 11.150319
11.2 11.184262
11.599999 11.811164
11.7 11.692851
11.2 12.05134
11.1 11.453115
10.1 11.946792
11.2 11.659657
12.1 11.839029
11.3 11.558457
11.599999 11.629742
11.5 11.461435
11.2 10.895537
12.199999 11.925228
10.79897 10.921564
11.2 11.170758
10.40103 10.465353
11.087163 10.551759
12.899998 11.988284
11.5 11.662517
11.3 11.750261
11.058607 11.070991
12.1 11.913954
13.899971 13.032176
12.499997 12.208303
10.2 10.386852
11.8 12.474743
11.900001 12.060582
11.3 11.438058
11.1 11.212972
10.4 10.644126
11.3 11.462736
11.2 11.220615
11.599999 12.831331
11.1 11.140752
11.5 11.521751
11.2 11.334293
11.8 11.820514
11.2 11.273862
11.8 11.843743
11.900001 11.932429
11.400001 11.4095955
10.49794 10.524419
12.399998 11.983166
12.899998 11.539031
11.1 11.1484585
11.7 11.603813
11.3 11.39262
11.1 11.143146
13.1 12.591906
11.2 11.674724
11.400001 11.421514
11.2 11.240131
11.999998 12.112018
11.1 11.155592
11.999998 11.53249
10.622879 11.244812
11.3 11.281217
9.79897 10.0005045
11.2 11.202533
12.699998 12.329081
11.400001 11.483536
12.170581 12.1948185
11.8 11.826769
11.900001 11.913395
12.180922 12.345152
11.8 11.622535
11.7 11.570718
11.900001 11.878172
11.999998 12.023804
11.8 11.637287
11.400001 11.41772
11.7 11.810733
11.2 11.277931
11.1 11.142401
11.719789 10.685503
10.622879 10.702074
11.999998 12.031829
11.1 11.209625
12.399998 12.151336
13.1 12.532537
12.499997 13.333731
11.999998 11.930753
10.40103 10.121278
11.8 11.954304
11.999998 11.9708185
11.400001 11.648498
11.8 11.864349
11.2 11.311509
11.1 11.180724
11.7 11.724538
11.1 11.223782
13.8447275 12.579781
11.999998 12.021974
11.400001 13.527669
11.2 11.263232
11.2 11.313962
12.399998 12.6015
12.299998 12.350849
11.1 11.133653
12.699998 13.339361
11.2 11.2249155
11.2 11.435799
11.3 11.305466
11.999998 11.994554
11.2 11.208365
11.3 11.293445
11.1 11.983535
12.899998 12.545641
11.2 11.2409525
11.118106 11.205667
11.5 11.518712
11.8 11.942732
11.2 11.2659025
11.900001 11.931949
12.199999 11.950572
13.600039 13.153419
11.2 11.209015
11.1 11.126429
11.400001 11.42477
11.5698 11.29817
11.1 11.178407
11.1 11.161139
11.2 11.19176
11.900001 11.927674
12.1 11.878957
11.599999 11.575804
11.7 11.717384
11.599999 11.4885
12.40103 11.998386
11.1 11.676761
11.2 11.2092
11.3 11.324019
11.7 11.632924
11.999998 11.599631
11.8 11.822497
11.7 11.873949
11.5 11.54221
11.8 11.80138
11.3 11.369259
12.299998 12.264784
11.8 12.411571
11.3 11.3017435
11.3 11.384907
13.699981 11.671454
11.900001 11.877604
11.999998 12.002199
11.1 10.769374
11.900001 11.931015
11.900001 11.86475
11.400001 11.597305
13.399989 13.072726
11.2 11.28109
11.1 11.1370325
11.900001 11.891348
11.599999 11.60484
11.999998 11.816786
11.2 11.234182
11.3 11.384303
11.2 11.255315
10.6 10.618201
11.599999 12.6830015
11.2 11.25462
10.79897 11.321729
11.3 11.289802
11.7 11.7095785
11.900001 11.806303
11.2 11.258937
11.7 11.941378
11.900001 11.921129
11.5 11.1819
11.1 11.147171
11.1 10.813542
11.1 11.132241
11.1 11.249955
10.40103 10.542447
11.900001 11.900706
11.400001 11.782247
11.1 11.152144
11.3 11.491367
10.7 10.53145
12.499997 12.5825405
10.5 10.562662
11.344125 12.0461855
11.2 11.508892
11.1 11.424793
11.8 11.776511
11.5 11.395537
11.900001 11.889686
11.2 11.308078
10.2 10.520427
11.599999 11.166074
9.750965 10.293087
11.70103 11.71267
11.3 11.406725
14.299971 13.924455
11.599999 11.5808115
11.400001 11.2920065
11.1 11.157842
11.1 11.646749
11.599999 11.66586
11.2 11.386281
11.2 11.192409
11.400001 11.450952
13.000009 12.040452
11.2 11.195133
11.8 11.7515335
11.599999 11.41442
11.3 11.435416
11.8 11.831638
13.860608 13.521328
11.2 11.306791
11.2 11.220726
12.765546 11.691161
11.1 11.138732
11.7 11.9989395
11.1 11.157557
11.8 11.7695875
11.7 11.762869
12.777781 12.688879
11.8 11.85199
10.40103 10.547819
11.3 11.24578
11.2 11.231208
11.5 11.543432
11.400001 11.337427
11.2 11.238041
11.5 11.440095
11.5 11.467177
11.2 11.226805
13.399989 13.013395
11.5 11.627644
11.2 11.1653385
11.8 11.801476
11.900001 11.899668
11.3 11.234197
11.400001 12.079243
12.699998 11.870296
11.400001 11.844997
11.8 11.8330345
11.999998 11.930265
11.2 11.176515
13.219187 13.467531
11.8 12.09518
10.4372425 10.666424
11.900001 11.874856
12.199999 11.915039
11.1 11.150766
12.299998 11.955429
12.1 11.907774
11.599999 11.985535
11.97999 12.243225
11.2 11.4351635
12.499997 12.069714
11.900001 11.861778
11.5 11.446289
11.7 11.584042
13.399989 14.240369
11.2 11.204237
11.999998 11.195445
13.899971 13.252438
14.088687 13.083902
14.805467 12.445823
11.2 12.125806
11.1 11.13975
11.2 11.309322
11.3 11.412869
11.1 11.185062
11.400001 11.452179
13.299971 12.517308
11.89588 12.05306
11.520216 11.165346
11.400001 11.532752
11.8 11.596787
11.900001 11.90004
11.999998 11.971313
11.7 11.954847
11.8 11.89357
12.199999 11.919885
11.8 11.86869
11.2 11.594287
11.5 11.186723
11.900001 11.941874
11.2 11.181326
11.2 11.317016
11.599999 11.689426
12.54 12.007137
12.799992 12.498672
11.3 11.329976
11.3 11.271055
10.622879 10.605656
11.900001 11.3524475
11.637602 11.737391
11.999998 12.079066
12.299998 12.166377
11.900001 11.892082
11.195826 12.05
15.1 14.251713
11.3 11.305998
11.8 11.838105
11.1 11.157978
11.599999 11.566946
11.900001 12.357909
11.5 11.430348
14.1 13.778534
12.199999 12.116576
11.1 11.122382
11.599999 11.515093
12.499997 12.392156
11.1 11.156805
14.200179 13.473587
11.224938 11.176006
11.2 11.261645
11.1 11.303642
11.2 11.241645
12.199999 11.954189
11.1 11.183381
11.900001 11.949402
10.058607 10.245298
11.999998 11.7598715
10.1 11.399999
11.1 11.316612
10.70206 10.706911
11.2 11.263226
11.999998 11.159691
13.699981 13.778394
13.699981 12.082393
11.7 11.400229
11.2 11.422312
11.599999 11.694426
11.5 11.691033
11.3 11.337268
11.2 11.251142
12.622879 12.030413
13.899971 12.535168
11.2 11.213981
11.599999 11.443626
13.200015 12.994577
11.336121 11.127394
14.700326 14.510294
11.3 11.270098
11.599999 11.648823
11.999998 12.071657
11.5 11.649034
14.1 12.344055
11.3 11.294356
11.3 11.698272
11.3 11.362141
12.199999 11.545739
13.500008 13.60327
11.1 11.162432
11.198542 12.052711
13.000009 11.647649
10.6 11.018149
12.699998 12.455097
11.3 11.361822
12.299998 11.841838
11.404665 11.322106
11.3 11.388246
11.1 11.167312
11.400001 11.4239
11.8 11.426558
10.70206 10.871742
11.400001 11.608221
14.183691 13.953932
11.7 11.669969
11.1 11.142697
11.599999 11.215237
11.2 11.212046
11.2 11.340381
13.200015 12.40053
12.299998 11.892674
10.1 10.354868
11.900001 11.892713
11.2 11.188381
11.3 11.292096
11.1 11.286973
11.1 11.144341
11.1 11.143705
11.400001 11.925206
11.2 11.285448
12.599997 11.620349
10.622879 11.1438265
11.7 11.920815
11.3 11.517653
11.2 11.216596
11.3 11.383863
11.2 11.56188
13.000009 12.444813
14.700326 14.281332
11.1 11.162118
11.7 11.873273
12.899998 12.751103
11.599999 12.118809
12.599997 12.91539
11.1 11.148115
11.999998 11.939824
11.8 11.8376255
11.999998 11.974482
11.1 11.570341
11.900001 12.016476
11.821246 11.8851595
11.2 11.24329
10.7 10.31019
11.2 11.258886
12.586782 12.526863
11.2 11.223036
11.1 11.177655
11.900001 11.936042
12.799992 12.539362
11.8 11.811687
11.400001 11.509607
11.2 11.163561
12.499997 12.350365
11.7 11.615323
11.2 11.24803
11.2 11.196521
13.200015 11.846172
12.281115 12.115508
10.4 10.465739
10.3 10.510615
11.274371 11.351048
12.499997 12.43709
12.799992 12.137184
11.400001 11.575865
11.8 11.819572
11.900001 11.741573
11.3 11.668405
11.1 11.918964
11.7 11.682359
12.028305 12.152365
11.400001 11.632661
11.900001 11.867555
11.2 11.314955
11.1 11.291668
11.900001 11.882312
11.400001 11.294206
11.2 11.180941
11.2 11.218781
11.3 11.327523
11.2 11.254601
11.8 11.4955015
10.70206 10.713265
11.2 11.2149515
11.1 11.628829
11.900001 11.336037
11.5 11.596327
11.900001 11.904628
12.199999 12.916858
11.3 11.305758
13.97615 13.432999
11.1 11.443828
12.799992 13.372502
11.2 11.296919
11.5 11.6226
11.3 11.528553
11.8 11.827253
11.2 11.180936
11.3 11.262008
11.19691 10.48289
11.599999 11.682878
12.499997 12.304047
11.7 11.785125
12.199999 11.638279
11.3 11.373535
13.89588 11.50259
13.19691 13.058955
10.6 10.576884
12.199999 11.799921
11.900001 11.88134
11.2 11.604673
15.058607 13.005435
11.8 11.824061
13.340332 14.552507
12.446788 12.309519
11.1 11.240699
13.1 12.887513
11.2 11.523426
11.3 11.183275
10.3 10.919643
11.2 11.15856
11.1 11.161281
12.499997 11.625583
11.7 11.744804
11.8 11.716042
12.446788 11.2112055
11.400001 11.287795
14.125949 14.337829
11.7 11.39969
11.999998 11.942805
11.900001 11.893128
11.2 11.283762
11.2 11.165185
11.5 11.7862625
11.2 11.184832
11.175305 11.204389
11.2 11.191023
11.400001 11.335273
10.4 10.437886
11.170581 11.545575
11.8 11.826391
11.3 11.465898
11.2 11.212262
11.8 11.723431
11.2 11.167696
12.699994 13.190219
11.3 11.65035
11.1 11.234046
11.900001 11.68711
12.8447275 10.836711
11.400001 11.356543
11.3 11.311584
13.699981 13.454683
11.2 11.231876
12.199999 12.215178
11.5 11.483399
11.1 11.867705
11.900001 11.772585
11.108774 11.184601
11.1 11.207739
13.000009 12.514304
11.7 12.568212
11.900001 11.766382
12.599997 13.108646
11.2 11.620539
11.8 11.803044
11.3 11.4031515
12.799992 12.474882
11.999998 12.374325
13.200015 12.554954
10.79897 10.646578
10.2 10.699052
11.3 11.325191
12.899998 11.973084
11.2 11.250949
11.1 11.129453
11.999998 11.757148
11.599999 11.560253
11.7 11.333424
11.900001 11.632484
11.1 11.171473
11.7 11.737084
12.699998 12.20222
11.8 11.851561
11.155518 10.315204
12.8447275 12.582727
11.2 11.178497
11.7 11.829931
11.3 11.28629
14.986056 14.479547
11.8 12.0079365
14.375724 14.199469
11.7 11.757087
11.599999 11.609684
11.599999 11.620408
12.799992 12.856762
11.900001 11.260081
11.1 10.52185
11.3 11.288364
11.999998 11.3169365
11.900001 11.868622
11.7 11.793051
11.400001 11.377972
11.777781 12.579406
11.999998 11.682152
11.1 11.1227
11.999998 11.895985
11.8 11.765467
11.1 11.307507
11.400001 11.426115
12.499997 12.320289
14.500117 14.194389
11.3 11.42781
11.2 11.244185
11.999998 11.716047
11.8 11.775144
11.747817 11.782751
11.400001 11.20216
11.79897 12.036116
13.000009 12.512934
12.399998 11.749279
11.900001 11.899825
11.400001 11.4888935
12.899998 12.652267
11.5 11.597385
11.7 11.470104
11.599999 11.313819
11.900001 11.888871
11.5 11.491501
10.6 10.359742
11.1 11.338568
12.899998 13.629724
12.199999 11.792565
11.999998 11.97579
11.1 11.252354
11.2 11.232412
10.70206 10.696377
11.8 11.82274
11.2 11.229586
11.5 11.52946
11.3 11.154894
11.685027 11.832462
11.5 11.816961
12.499997 11.441627
11.7 11.6980915
11.5 11.446153
11.3 11.284175
11.8 11.833186
13.608639 13.329
11.8 11.82645
11.400001 11.443864
11.900001 12.582846
14.500117 14.4996605
11.2 11.230915
13.899971 12.641602
12.899998 12.239361
10.4 10.459571
13.1 11.826235
11.999998 11.981071
11.400001 11.322862
11.7 11.656774
11.599999 11.444211
11.3 11.559529
14.79897 13.665972
11.8 11.777992
11.2 12.449405
9.79897 10.072199
12.233122 12.707155
11.2 11.215259
11.3 11.318556
11.5 11.6121645
11.900001 11.943034
11.3 11.193838
11.2 11.571634
11.5 11.258129
11.2 11.220959
11.1 11.247457
11.2 11.167046
10.3 10.446404
11.2 11.180854
12.299998 12.035463
11.3 11.336463
11.8 11.8560505
10.923909 10.789168
11.2 11.258024
11.1 11.117224
11.2 11.200519
11.2 11.162759
11.999998 13.036785
12.399998 12.341545
11.1 11.449363
12.899998 12.918986
11.599999 11.312553
11.599999 11.481035
11.2 11.15006
12.1 11.48949
11.2 11.184591
11.3 11.275438
11.900001 11.291915
11.400001 11.219287
11.1 11.152727
11.5 11.565513
11.599999 11.635783
11.3 11.471332
11.2 11.292918
11.3 11.377231
11.1 11.14214
14.1 13.276056
11.5 11.542481
11.1 11.154274
10.7 10.739258
11.5 11.45458
11.1 11.167267
11.900001 11.9346
11.2 11.450849
10.47675 10.458712
13.000009 13.465653
11.3 11.257141
12.799992 11.86981
11.2 11.325345
11.175794 11.179987
11.1 11.171305
11.254902 11.321115
11.599999 12.338034
11.1 10.526137
11.3 11.324178
13.1 11.474074
11.1 11.153049
11.7 11.818333
11.900001 11.902693
11.8 11.79808
12.499997 12.3990755
12.499997 12.385536
11.7 11.790483
12.399998 13.148176
11.1 12.622525
13.000009 13.058731
11.8 11.320829
12.637602 12.663442
11.2 11.223195
12.299998 11.753624
11.15 11.18778
11.3 11.205374
11.5 11.540411
9.79897 10.009142
9.70206 9.88336
11.900001 11.606396
11.2 11.260591
9.79897 10.06544
11.5 11.49123
11.2 11.196733
11.7 11.960386
11.2 11.2211895
11.1 11.142531
11.8 11.866071
11.1 11.37214
11.5 11.664449
12.299998 11.472618
11.999998 11.709354
11.2 11.202853
11.599999 12.021893
11.1 11.284361
11.599999 11.429066
11.2 11.302868
11.8 11.775085
11.900001 11.214276
11.8 12.048574
11.2 11.195419
12.499997 13.240934
11.392429 12.065433
14.700326 11.33411
11.7 11.270996
11.2 11.243477
11.900001 12.005253
11.8 11.79004
11.7 11.667484
11.900001 11.9411125
11.599999 11.556668
11.1 11.552973
11.2 11.230893
11.8 11.78312
11.7 11.664825
11.1 11.181586
11.8 11.826222
12.020819 11.552098
11.1 11.138491
11.7 12.23268
11.900001 11.923174
11.900001 11.888904
11.2 11.215185
11.7 12.418631
11.400001 11.948426
11.900001 11.9299755
9.47675 9.806977
11.999998 11.947959
13.1 12.624132
11.7 11.805184
11.900001 11.880169
12.199999 11.862492
11.2 11.197386
11.5 11.326963
11.599999 11.576063
11.1 11.165651
11.999998 11.930254
11.3 11.267308
11.8 11.418419
11.2 11.2113085
11.2 11.41351
12.1 11.862313
11.0 11.19641
9.79897 10.00736
11.5 11.505547
11.1 11.14575
12.899998 12.265932
11.2 11.231351
11.7 11.356371
12.199999 11.478752
11.2 11.188276
11.8 11.788441
11.8 11.834861
11.5 11.585683
11.2 10.628971
11.900001 11.93396
11.900001 11.871549
12.1 11.2664995
11.7 11.737599
11.5 12.181479
12.199999 11.78456
14.901343 13.693058
11.400001 11.265961
11.7 11.734076
11.7 11.432576
11.900001 11.869939
11.343923 11.48117
11.599999 11.373704
13.897412 13.071152
9.1 10.425146
11.986056 12.694384
11.3 11.270074
10.1 11.421712
11.900001 11.884185
11.999998 11.717366
11.599999 11.745377
11.49794 11.252519
12.622879 12.272597
12.399998 12.803929
11.2 11.190851
11.7 11.65374
11.2 11.258391
11.1 11.159567
11.599999 12.480623
11.1 12.15541
10.49794 12.2925
11.254902 11.2759695
11.1 11.137783
11.5 11.472143
12.499997 12.424635
11.2 11.192229
11.8 12.272409
11.3 11.139153
11.2 11.1951885
11.400001 11.47091
11.5 11.162735
11.2 12.10613
11.5 11.774115
11.3 11.50216
11.400001 11.493939
13.648455 14.342502
11.757577 12.30608
11.599999 12.0674305
11.400001 11.4927635
11.5 11.461527
11.5 11.444339
12.199999 11.878792
12.399998 12.272169
10.8 11.223932
11.49794 11.302145
11.8 11.3983135
11.3 11.605014
11.2 11.259818
11.8 11.721786
13.699981 12.895024
11.400001 11.442884
10.49794 10.576289
9.79897 9.989769
11.400001 11.401838
13.000009 11.875508
11.1 11.15627
12.599997 12.799079
12.799992 12.074929
11.5 11.405705
11.5 11.383422
11.599999 11.723453
11.2 11.338825
13.321849 13.142841
11.8 11.879443
11.1 11.036276
15.999629 14.096609
11.1 11.146975
11.2 11.187399
11.5 11.560855
11.8 11.853541
11.7 11.682772
11.1 11.155802
11.5 11.36336
11.999998 11.934313
12.599997 11.563786
11.599999 11.539456
11.400001 11.414559
11.900001 11.911669
12.299998 11.821043
11.2 11.691707
11.2 11.537684
13.399989 13.16241
11.5 11.556816
11.999998 12.101386
11.900001 11.893105
11.599999 11.578715
11.999998 12.126756
11.999998 11.740745
10.779135 11.21203
11.2 11.292215
12.199999 12.936863
11.599999 11.655246
11.900001 11.886201
11.599999 11.504003
11.2 12.260403
11.2 11.244312
11.599999 11.511671
14.901343 14.336402
11.599999 11.716359
11.8 11.865606
11.900001 11.213083
11.2 11.141137
11.2 11.282144
11.7 11.696025
11.1 11.147129
11.900001 11.89859
11.3 11.522695
10.1 12.081162
13.200015 12.697506
12.499997 12.770823
11.1 11.165064
11.8 12.395705
11.2 11.196717
10.3 10.979705
11.999998 11.959005
11.3 11.294776
11.1 11.136889
11.2 11.260722
11.543697 12.141147
11.7 11.78238
11.900001 11.877817
11.1 11.250782
11.900001 11.867026
11.1 11.227438
11.5 12.191522
11.999998 12.0053425
10.622879 10.495025
11.710834 11.647854
11.900001 11.383728
13.1 13.037956
11.8 11.941298
14.329148 14.123791
14.923909 13.869639
11.8 11.843513
10.70206 10.718777
12.1 12.026507
11.900001 11.897918
11.400001 11.311255
12.1 11.872462
11.2 11.241026
11.5 11.344548
11.900001 11.893246
11.69176 11.438239
11.1 11.175419
11.3 11.493772
11.900001 11.912308
11.3 11.560955
11.900001 11.322312
11.3 11.264665
11.3 11.459155
11.56133 11.478863
11.1 11.123629
14.299971 13.948259
11.8 11.78838
11.5 11.5405655
12.399998 11.79501
11.5 11.62228
11.999998 11.95643
11.2 11.264416
11.8 11.775128
11.2 11.220504
11.599999 11.844761
11.1 10.767036
12.199999 12.184203
12.1 11.871913
11.5 11.616634
14.1 14.016064
11.3 11.305641
11.8 11.7677555
11.8 11.818286
11.5 11.400283
11.2 11.221841
12.199999 11.580836
11.578862 11.553373
11.3 11.2608185
12.1 12.36334
11.400001 11.510521
11.900001 11.744683
11.8 11.867175
12.300659 12.154735
11.2 11.221347
12.199999 12.194008
12.699998 12.151026
11.3 11.289703
11.8 11.9428005
11.2 11.373074
11.3 11.267071
12.1 11.960471
11.1 11.127346
11.7 11.663688
11.5 12.0069475
12.199999 12.103287
11.1878605 11.196867
12.799992 12.724309
11.599999 11.453792
11.254902 11.141037
12.1 11.940783
14.321849 13.9133
11.7 11.719937
11.8 11.810824
11.49794 11.263541
11.400001 11.64459
11.900001 11.921897
11.2 11.189617
11.2 11.400352
11.5 11.506736
11.2 11.131759
11.2 11.6965685
12.599997 12.985603
11.900001 11.90547
11.1 11.198022
12.1 11.9554
11.2 11.512746
11.2 11.206444
12.499997 12.530207
11.404665 11.341022
11.2 11.22376
11.999998 11.945147
11.599999 11.682642
10.1 10.458935
11.900001 11.909937
13.399989 12.728243
13.737937 14.008549
11.7 11.710216
11.3 11.441886
11.3 11.294654
11.953872 11.846389
12.499997 12.319516
10.1 10.105996
11.1 11.1900625
13.299971 13.062016
11.400001 11.423686
11.2 11.480089
11.3 10.680349
11.900001 11.995804
11.1 11.144346
10.1 10.397174
10.1 11.258545
11.3 11.267664
14.901343 12.23323
11.599999 11.633632
11.3 11.308886
12.180922 12.325218
9.79897 10.032457
11.3 11.477619
11.400001 11.47511
11.1 11.136138
11.1 12.406022
10.79897 10.622955
11.599999 11.952287
13.321849 12.921547
14.999629 14.994254
12.058607 11.820996
11.2 11.196589
11.5 11.692073
11.1 11.090099
11.599999 11.443732
11.1 11.1944065
11.2 11.344775
11.2 11.256415
11.599999 11.296238
11.5 11.405095
14.162119 13.706272
11.2 11.289106
11.8 11.879391
11.3 11.673339
11.2 11.206893
11.1 11.306413
11.2 11.193722
11.1 11.03783
11.1 11.190944
11.8 11.840396
11.1 10.743996
11.2 11.302881
11.5 11.481565
12.278486 12.256535
11.400001 11.383213
11.7 11.473946
11.9041 11.8508625
14.901343 14.375942
11.2 11.200327
11.8 11.756251
11.1 11.142389
11.2 11.173565
12.427902 12.757517
11.599999 11.391379
11.3 11.26159
14.1 13.229502
11.5 11.770353
11.7 11.673909
11.2 11.303323
11.1 11.149256
11.1 11.185933
11.1 11.131463
11.900001 11.855085
11.2 11.4504385
11.349999 11.57901
11.900001 11.998354
11.2 11.372105
11.1 11.17728
11.1 11.1523695
11.1 10.971382
11.7 11.732764
15.508935 14.40645
11.5 11.516716
11.400001 11.453627
12.299998 11.874189
11.599999 11.787345
13.375724 13.653388
11.8 11.709007
12.1 12.653402
11.2 11.2477
11.1 11.210452
14.307609 14.520623
11.198147 10.908533
11.3 11.463083
11.1 11.158183
12.399998 11.769481
12.953872 12.749705
10.79897 10.8332615
11.3 11.295091
10.5 11.277201
12.499997 11.875749
12.599997 11.777924
11.8 11.811451
11.2 11.177967
11.400001 11.302018
11.400001 11.933174
11.5 11.505508
12.499997 12.243642
11.3 11.539685
11.0 11.002289
12.599997 12.113682
12.199999 12.013065
13.699981 13.535229
11.2 11.211858
12.399998 12.507652
11.2 11.383695
11.900001 11.688934
11.8 11.755261
11.321849 11.557622
11.3 11.269179
11.400001 11.463171
11.5 11.357248
11.2 11.205574
13.299971 12.684643
11.1 11.323528
13.399989 12.932627
11.599999 11.336551
11.2 11.206821
13.200015 12.597941
11.599999 11.6408
13.461511 13.027774
11.900001 11.80772
10.555932 10.703681
11.3 11.215179
11.7 11.692149
11.5 11.596352
11.2 11.187078
11.900001 11.926176
12.399999 12.161784
11.900001 11.865153
11.900001 11.897787
11.900001 11.912959
12.599997 12.494816
11.3 11.315932
11.900001 11.317892
13.058607 11.609446
11.8 11.80171
10.40103 10.509888
11.5 11.547683
11.5 11.48036
12.799992 11.252853
14.200179 12.875454
11.006578 10.933624
11.999998 11.311352
11.5 11.246631
11.2 11.198271
11.7 11.688478
10.622879 10.628401
11.400001 11.55342
12.020819 11.9635725
11.336514 11.302263
12.1 11.720648
11.1 11.163001
14.200179 12.9465685
11.1 11.379576
9.890485 10.337667
12.351812 12.292163
14.79897 13.993225
12.1 11.973687
11.8 11.766487
11.1 11.155593
11.599999 11.6495695
11.1 11.185299
12.1 12.34255
14.49794 13.937443
11.2 11.284998
11.7 11.705548
13.508935 13.586727
11.2 11.714595
12.359379 11.940169
11.392429 11.45941
11.599999 11.978428
12.799992 12.004831
11.3 11.487257
11.1 11.68745
11.1 11.036776
11.1 10.973591
11.999998 11.900995
11.400001 11.4037
11.1 11.146189
11.1 11.118286
11.3 11.782011
11.3 11.401272
12.399998 12.519749
12.199999 11.30155
11.435792 11.482796
11.7 11.559869
11.1 11.132949
12.199999 12.367086
11.400001 11.473548
11.3 11.384568
11.1 11.371568
14.1 13.789419
13.000009 11.725352
13.899971 13.432035
11.900001 11.954259
13.299971 12.678381
12.699998 11.561056
11.900001 11.909782
10.2 10.3857155
11.3 11.555478
11.2 11.381447
10.4 10.500765
11.1 11.180097
11.900001 11.849655
11.900001 11.868916
12.1 11.944111
10.4 10.54558
11.7 11.773622
10.543697 10.505434
11.1 11.150434
11.1 11.214996
11.900001 11.921176
11.2 11.194422
11.7 11.64218
11.1 11.178329
11.3 11.576266
12.899998 12.263342
11.7 11.675337
11.400001 11.303557
11.1 11.018537
11.2 11.1929455
13.299971 13.509066
12.699998 12.489123
11.3 11.49048
13.200015 13.117573
11.2 11.227426
11.999998 11.945249
10.4 10.504391
11.1 11.073245
11.900001 12.009058
11.3 11.268718
12.699998 11.760715
11.7 12.110592
11.8 11.839718
11.3 11.256439
11.2 11.222466
11.1 11.152194
11.1 11.157801
11.400001 11.418545
11.1 11.181414
11.400001 11.741705
11.2 11.30053
11.1 11.140136
11.2 11.204988
11.5 11.573665
11.3 11.4117985
11.8 11.337524
11.3 11.198945
11.900001 11.840454
11.1 11.260612
12.1 11.682425
11.5 11.215067
11.1 11.173128
10.40103 10.541799
11.900001 11.903402
11.1 11.208209
11.2 11.240108
11.5 11.7434435
11.1 10.78045
11.1 11.279221
12.199999 12.5623665
11.7 11.64996
13.200015 12.356363
11.3 11.334782
11.1 11.163659
9.40103 9.769262
11.1 11.235897
11.2 11.225916
12.399998 11.697847
11.599999 11.679336
11.2 11.660431
12.399998 12.157325
14.321063 13.079083
11.7 11.539804
11.3 11.329088
11.5 11.569701
11.1 11.133203
11.66225 12.144544
11.2 11.243211
11.637602 11.780753
11.5 11.622967
11.2 11.278636
14.622879 13.176637
11.8 11.4530325
11.900001 11.888537
11.463512 12.269036
10.2 10.4373865
11.2 11.234466
10.70206 10.732089
11.8 11.825577
11.7 11.694401
11.5 11.450765
11.1 11.898415
11.2 11.245334
11.999998 11.95136
11.2 11.272948
11.2 11.197686
11.3 11.462028
11.7 11.637226
12.899998 13.09331
11.1 11.192264
11.2 11.2558
11.1 11.1495
11.599999 11.52902
11.321849 10.933778
11.1 11.122744
10.6 10.503052
13.500008 13.757438
11.8 11.289124
12.599997 12.354667
10.2 10.453589
11.5 11.508037
11.1 10.99713
11.1 11.151163
10.1 10.263286
11.2 11.230771
11.1 11.219799
10.40103 10.482525
11.2 11.249126
11.400001 11.529376
11.1 11.218562
10.5 10.828916
11.5 11.477347
11.1 11.250453
12.399998 12.2279215
11.2 11.266171
14.200179 13.835217
11.3 11.284778
11.2 11.439951
11.2 11.225049
13.399989 12.887572
13.1 12.243956
11.5 11.402303
11.1 11.093302
14.261151 13.905174
11.3 11.266545
9.79897 10.207812
11.2 11.189696
11.8 12.076197
11.599999 12.00535
13.800057 13.529636
13.066142 12.385977
10.8 10.6830225
11.400001 11.322045
11.8 11.821579
11.3 11.677372
11.1 11.136936
11.1 11.268952
10.1 10.118015
9.79897 10.112409
11.7 12.0068655
11.8 11.83652
12.058607 11.447198
11.1 11.297961
11.999998 11.946922
11.400001 11.4886875
11.400001 11.547089
11.1 11.15529
11.900001 11.740299
11.599999 11.876078
11.1 11.122894
14.219187 14.374426
11.5 12.215137
11.1 11.181116
11.1 11.150996
11.599999 11.245695
11.3 11.305328
10.79897 10.810632
11.2 11.689299
11.2 11.270712
11.1 11.138039
12.299998 11.954063
11.2 11.202687
13.000009 12.463551
12.427902 12.587905
11.5 11.514852
11.1 11.127754
11.400001 11.58053
10.1 10.269105
11.3 11.307732
12.794648 12.419531
10.40103 10.394323
11.40103 11.391173
11.7 11.87602
11.2 11.328368
10.9 10.720276
11.900001 11.876204
11.3 11.536569
11.900001 12.009317
11.2 11.2004175
11.2 11.442196
13.267491 13.415833
11.400001 11.381997
12.199999 12.034323
11.7 11.767487
9.79897 10.003963
11.599999 11.422232
11.1 11.162501
11.7 11.776411
11.2 11.191873
11.5 11.40942
11.2 11.172107
11.900001 11.865016
11.2 11.279738
11.999998 11.953932
11.5 11.45573
11.8 11.842085
11.900001 11.975432
12.899998 12.249746
10.622879 10.770595
11.999998 11.653217
11.400001 11.394469
10.622879 10.6793995
11.629299 11.825803
11.2 11.230537
11.2 11.66816
11.1 11.051999
11.2 11.213962
11.1 11.147362
12.1 12.142437
11.8 11.571187
11.599999 11.494482
11.3 11.272689
12.1 11.597917
11.400001 11.33495
11.5 11.496321
11.1 11.212641
11.5 11.645303
12.299998 12.21546
14.999629 14.099487
11.5 11.465873
11.999998 12.01088
13.1 12.143315
11.400001 11.344458
12.378189 12.446133
14.49794 13.422918
11.8 11.74473
11.999998 11.889353
11.7 11.67424
11.5 11.568368
11.1 11.158145
11.3 11.369141
15.1 14.253378
11.400001 11.270342
11.8 11.851229
11.2 11.180063
11.1 11.124008
13.122276 13.062201
11.7 12.015075
10.1 10.3380785
11.1 11.19171
11.2 11.166536
11.900001 11.87431
11.3 11.739275
14.1 13.636168
11.1 11.527624
12.499997 12.441141
11.2 11.190188
12.899998 11.880138
11.1 11.140194
11.1 11.868296
10.923909 10.150219
13.1 12.95805
11.7 11.682971
11.5 11.435243
11.900001 11.971518
11.3 11.34297
11.5 11.529012
11.0 10.676978
11.2 11.214436
11.2 11.223182
13.000009 13.488173
10.555932 10.595297
11.8 11.813147
11.900001 11.915937
11.1 11.189391
12.299998 12.929451
11.2 11.18468
12.1 11.387097
11.359637 10.598192
11.3 11.33191
11.1 10.653676
12.1 11.991883
13.581486 13.286646
11.2 11.171302
11.2 11.286
11.400001 11.372749
11.900001 12.594961
14.1 13.824955
11.1 11.90838
11.1 11.142873
12.399998 12.005508
12.1 11.694014
11.2 11.519568
11.555932 11.365861
11.900001 11.744005
11.400001 11.345595
11.400001 11.514849
11.2 11.316187
12.020819 11.606532
10.2 10.753638
11.1 11.154027
11.2 11.169461
12.699998 12.772657
11.3 11.266808
11.8 11.255439
12.367606 12.602072
10.4 10.324466
11.3 11.345502
11.1 11.153452
11.900001 11.943176
11.2 11.248806
11.2 11.200509
11.599999 11.833788
11.1 11.144057
11.8 11.921003
11.400001 11.135056
12.399998 11.192378
11.7 11.365632
11.400001 11.497487
11.5 11.398794
11.900001 11.893501
11.400001 11.4463215
10.8 10.729094
11.2 11.219758
11.8 11.795578
11.2 11.307243
10.1 10.238768
14.777781 14.283314
11.5 11.563341
11.8 11.656873
12.760172 11.203953
10.9 10.759696
13.999974 14.690067
11.1 11.262337
14.622879 14.456804
11.101305 11.398901
11.1 11.1578045
14.400163 14.136915
10.719789 10.384714
11.400001 11.588547
11.900001 11.8952875
11.1 11.16928
11.900001 12.863948
11.2 11.244492
11.7 11.645877
11.1 11.224029
11.5 11.567032
11.777781 11.568684
11.3 11.337806
11.599999 11.628849
11.599999 11.480526
12.1 11.32537
11.2 11.281708
11.5 11.5083885
12.199999 12.028124
12.461511 12.265207
11.1 11.13239
11.1 11.259072
11.1 11.14666
11.2 11.228322
11.3 11.292289
11.5 11.829053
11.900001 11.908592
11.8 11.789977
12.1 11.28934
11.599999 11.664889
11.3 11.269736
11.2 11.315496
11.7 11.754747
11.8 11.75208
11.900001 11.871756
11.5 11.27513
11.900001 11.851244
12.499997 12.515113
11.3 11.327091
11.2 11.188831
11.400001 11.415645
13.1 13.049151
11.5 11.502266
11.1 11.154361
11.5 11.54678
13.351812 14.141296
11.3 11.295858
11.1 11.131866
11.599999 11.206508
11.2 11.2085
11.3 11.667854
11.5 11.718965
11.1 11.213297
11.599999 11.823163
13.1 13.3245535
11.3 11.235192
11.1 11.130737
10.1 10.043524
14.299971 13.658525
11.3 11.345106
11.599999 11.566868
12.040815 12.875629
11.5 11.465528
10.9 11.253905
11.1 11.1586895
11.999998 12.374593
10.622879 10.570462
11.1 11.129748
11.2 11.25873
11.2 11.217074
10.662469 11.304335
11.599999 11.503118
11.1 11.134566
11.400001 11.392035
11.1 11.12253
11.599999 11.519902
11.1 11.187738
14.8447275 14.092412
13.899971 13.767405
11.2 11.342128
11.2 11.188001
13.899971 13.423969
11.1 11.147448
11.8 11.47763
11.900001 11.378464
11.5 11.697351
11.400001 11.258916
12.199999 11.557954
11.900001 11.925485
11.999998 11.956849
10.70206 10.719506
11.2 11.230074
12.499997 12.369795
11.2 11.198128
11.5 11.573827
13.800057 12.671933
12.051963 11.885262
11.900001 11.908994
10.1 10.276781
11.1 11.083291
12.1 12.179634
11.599999 11.481075
11.2 11.23726
13.600039 14.481537
11.2 11.343484
14.299971 13.41887
12.899998 12.57767
11.400001 11.315152
11.1 11.169874
11.5 11.515256
12.299998 11.672613
11.999998 11.9555855
11.3 11.280081
11.5 11.570109
11.8 11.875271
10.622879 11.018293
13.999974 13.001541
11.2 11.209242
11.8 11.800543
11.900001 11.925839
11.2 11.168498
11.5 11.497192
11.5 11.53239
11.599999 11.655822
11.7 11.808594
11.2 11.224167
11.2 11.223286
12.1999855 12.295622
11.1 11.147788
11.900001 11.930506
11.2 11.233254
11.3 11.305993
11.999998 11.723988
11.999998 11.880755
11.900001 11.876399
11.7 11.747654
11.2 11.204915
11.1 11.1517
12.399998 11.71849
12.499997 11.471172
11.5 10.611076
11.900001 11.908249
11.599999 11.555788
11.400001 11.232247
12.599997 12.728951
11.900001 11.893247
11.900001 11.909125
11.1 11.125515
11.8 11.801237
11.900001 11.895003
11.900001 11.903802
14.40103 13.365853
11.3 11.313415
11.900001 11.928789
13.2704735 12.709834
11.900001 12.289866
11.2 11.202369
13.699981 13.480885
13.800057 13.319072
9.79897 10.331445
11.3 11.497501
11.5 11.520551
11.999998 11.9721575
11.999998 11.538326
12.699998 12.767109
12.299998 12.058723
11.900001 11.6879015
11.599999 11.961468
11.3 11.485261
12.499997 11.885936
11.400001 11.516276
11.999998 12.719718
12.499997 12.434361
11.1 11.152828
13.399989 13.486441
10.622879 10.683886
11.400001 11.356926
13.321849 13.176931
11.2 11.298436
11.2 11.203411
11.400001 11.384419
11.2 11.405452
11.3 11.578568
12.399998 12.11137
11.3 11.379605
11.1 11.143019
11.1 11.183436
13.1 11.33658
11.599999 11.559468
11.3 11.25195
11.5 11.885815
12.359637 11.899334
12.699998 12.52443
11.7 11.810452
11.1 11.646378
11.400001 11.357345
11.3 12.4382515
11.5 11.770172
11.7 11.637677
11.900001 11.735895
11.900001 11.891221
11.7 11.422645
12.299998 12.31163
11.5 11.838284
14.299971 14.628476
11.400001 11.513905
11.1 11.439241
11.2 11.213808
13.1 13.657957
11.7 11.5440035
12.900001 13.2962885
11.3 11.39078
12.79897 12.234072
11.2 11.223938
11.900001 11.67001
13.1 13.014443
11.3 11.171253
11.900001 11.87465
11.1 11.239099
12.199999 11.553128
12.599997 12.493829
12.699998 12.342788
10.70206 10.713698
12.555932 12.431732
11.1 11.130352
11.2 11.235235
11.1 11.146713
11.2 11.228474
11.900001 12.384488
12.21351 12.328604
12.19691 12.563863
13.1 12.041983
11.5 11.619492
11.599999 11.293943
11.2 11.213707
12.599997 12.156607
11.79897 11.818965
11.900001 11.959765
11.8447275 12.915382
13.899971 13.488553
11.530626 11.092906
11.5 11.610699
11.999998 11.937995
12.128261 10.835169
11.999998 11.982679
11.900001 11.91398
11.5 11.590601
11.8 11.905886
11.40103 11.651217
11.900001 11.921053
12.199999 12.084482
12.1 12.184779
11.900001 11.853276
11.599999 11.490467
11.239147 11.238791
11.555932 11.095799
10.40103 10.614966
11.7 11.674638
11.2 11.2897625
11.5 11.956043
12.799992 12.754818
11.3 11.341451
11.2 11.229022
11.900001 11.889317
11.599999 11.581898
11.5 11.598208
11.999998 11.5857
10.145758 10.129688
12.599997 11.663472
11.400001 11.330364
11.3 11.450225
11.900001 11.885965
12.499997 13.347547
11.2 11.360657
11.599999 11.646894
11.5 11.378741
11.7 11.7526455
11.400001 11.459711
11.8 11.855773
12.699998 12.312016
12.1 12.087236
11.400001 11.399255
11.2 11.159593
11.400001 11.4359045
11.2 11.217688
11.5 11.552598
11.2 11.215603
11.1 11.121235
10.224938 10.3370075
11.5 11.529527
11.2 11.298209
11.8 11.370583
11.2 11.234746
11.2 11.316588
12.399998 12.139393
10.7 10.52338
11.7 11.261932
11.900001 11.919753
11.400001 11.667623
12.1 12.315571
11.8 11.889779
11.5 11.5085335
11.2 11.207125
11.7 12.204979
11.900001 11.870122
11.3 11.3284235
11.1 11.135448
12.899998 11.46809
11.900001 11.925863
10.2 10.556658
11.400001 11.387501
11.1 11.216787
10.4 10.342267
11.2 11.203955
11.599999 11.44287
10.1 11.328381
11.2 11.3425665
10.4 10.462418
12.199999 12.308336
11.900001 11.877733
11.7 11.801836
11.1 11.170156
11.2 11.566676
11.2 11.185181
11.2 11.21997
11.599999 11.543299
11.999998 12.147205
11.599999 11.626619
12.599997 12.428268
11.1 11.146087
11.1 11.209287
10.40103 10.520905
11.7 11.694374
11.543697 11.670267
13.299971 12.566998
11.76354 11.676462
11.400001 10.850431
11.8 11.856028
11.1 11.138032
11.7 11.668865
13.999974 12.308392
11.8 11.9781
11.3 11.244411
11.2 11.250288
12.19691 12.636501
12.199999 12.330425
11.900001 11.897045
13.15061 12.684676
11.3 11.293413
11.3 11.385774
11.1 11.142547
13.1 12.766642
11.66117 12.42709
13.869806 12.754489
11.3 11.403571
11.1 12.807465
11.3 11.349243
11.599999 11.55731
14.600313 14.239815
13.020819 12.367738
11.8 11.952736
11.8 11.812414
11.535334 11.868877
11.2 11.205508
11.599999 11.609171
11.7 11.539472
11.900001 11.895608
11.8 11.821862
11.3 11.259576
11.1 11.746447
12.299998 11.794284
11.230768 11.024912
11.5 11.693367
11.2 11.325783
10.4 10.519022
11.8 12.1054325
11.999998 11.937111
11.5 11.960961
11.599999 11.654243
14.200179 13.654234
12.499986 12.171375
12.299998 11.856511
11.7 11.784115
11.7 11.66219
11.900001 11.963125
11.3 11.363864
11.5 11.6182165
11.1 11.166332
13.1 12.28202
11.400001 11.381406
11.3 11.394689
11.7 11.290397
11.2 11.22118
11.5 11.518521
14.999629 14.751787
12.499997 12.370547
11.1 11.155329
11.0 11.023307
11.1 10.871344
11.900001 11.850438
11.400001 11.354166
11.1 11.15599
12.926814 13.102162
11.2 11.221289
11.3 11.2970495
10.9 10.819214
12.1 11.883854
11.1 11.131247
11.3 11.308442
11.900001 11.334201
12.1 12.369541
11.2 11.202694
11.900001 11.935299
11.5 11.769988
11.5 11.636166
11.8 11.430836
11.8 11.721857
11.7 11.707912
11.7 11.335238
11.2 11.195152
14.058607 14.304417
11.999998 11.820941
11.2 11.241633
11.900001 11.914675
12.1 12.333173
11.8 11.892048
11.999998 12.110284
12.536519 12.49253
11.2 11.218921
11.2 11.557852
9.79897 10.067189
11.2 11.19466
9.40103 9.899098
11.560548 12.646097
10.40103 12.253683
11.7 12.279185
11.5 11.844718
11.3 11.226418
11.1 10.216092
11.2 11.360863
11.2 11.188494
10.145758 10.316424
11.3 11.349244
11.2 11.185565
11.19691 10.964957
15.1 14.054287
11.8 11.787041
11.1 11.163313
11.3 11.3449
11.2 11.249167
11.1 11.156291
12.51862 12.126811
11.900001 11.883048
11.900001 11.879814
11.8 11.771601
11.1 11.215691
11.5 11.554877
11.3 11.576409
11.3 11.674487
11.2 11.310521
13.999974 13.474698
11.900001 11.907479
12.199999 11.814107
11.7 11.717276
10.8 11.113612
11.400001 11.372356
12.1 11.023285
11.900001 11.92803
11.599999 11.547199
11.944213 11.3722515
11.2 11.268964
11.3 11.32815
12.759379 12.01495
11.145758 11.145866
11.2 11.560134
11.599999 11.58616
13.500008 12.547722
11.599999 11.62598
11.2 11.221015
11.900001 11.864719
11.599999 11.705239
11.3 11.318858
12.199999 12.512539
11.900001 11.688913
11.2 11.256326
11.8 11.7002
12.699998 12.395826
10.70206 10.932373
11.8 11.759661
10.3 10.441056
11.599999 11.81988
11.375724 11.1244
11.900001 11.9808235
11.2 11.514109
11.1 11.146405
11.3 11.2241745
11.1 11.185522
13.299971 12.767036
11.900001 11.663059
11.1 11.16207
11.2 11.201088
12.799992 12.270388
11.900001 11.846565
11.2 11.178937
11.1 11.002156
11.8 11.845123
11.1 11.259756
11.599999 12.393659
11.2 11.712095
11.2 11.206245
11.1 11.181065
11.2 11.183966
11.400001 11.676606
10.122276 10.136204
11.1 11.161655
13.999974 13.511872
11.900001 11.907919
11.900001 11.868826
11.900001 11.645577
11.900001 11.822138
10.9 10.514691
11.599999 11.322948
11.3 11.3468075
13.600039 13.355929
11.2 11.612513
11.2 11.22633
11.5 11.534124
11.8 11.752171
11.2 11.228733
11.900001 11.9752
12.499997 11.759504
9.79897 10.03542
11.400001 11.44211
11.2 11.243546
12.299998 12.108652
11.900001 11.904177
11.999998 11.561052
11.2 11.191586
11.1 11.174238
11.8 11.77698
11.900001 11.851097
11.7 11.628099
13.050004 12.920755
10.901343 10.806786
13.899971 13.499187
10.830955 10.693857
11.999998 11.967729
11.900001 11.901553
11.2 11.571627
11.3 11.386404
13.1 12.764424
11.1 11.144319
11.175305 11.253692
11.1 11.1195965
11.8 12.369274
14.700326 14.284484
11.900001 12.489179
11.1 11.247538
11.400001 11.338812
12.1 11.575372
11.2 11.231292
11.599999 11.554172
12.1 12.034821
11.900001 11.446729
11.7 11.276798
10.6 10.52388
11.5 11.485885
11.5 11.605035
11.8 11.777143
11.118106 11.179365
12.299998 11.4064045
11.7 11.68874
11.3 11.39261
11.599999 10.873952
11.1 11.921625
11.1 11.157788
13.699981 12.81606
13.622879 13.341241
13.299971 13.648928
11.1 11.143181
11.400001 11.207515
10.622879 10.670298
11.8 11.888222
11.1 11.140715
11.599999 11.609811
11.1 11.136909
12.899998 12.319992
11.2 11.309464
11.900001 11.916168
11.7 12.335485
10.70206 10.693216
11.7 11.821679
11.5 11.544881
11.5 11.48545
11.400001 11.501534
11.400001 11.377319
12.40103 12.043347
14.065731 13.898582
11.1 11.251052
11.7 11.749194
11.8 11.804347
11.7 11.687737
11.5 11.5587225
11.3 11.38784
11.7 11.715836
11.45 11.370339
11.574222 11.5495825
11.3 11.281197
11.400001 11.280738
11.2 11.249366
11.2 11.167585
11.900001 11.879041
11.2 11.207393
11.5 11.732022
11.2 11.223776
11.367606 10.504251
11.1 11.152387
11.1 11.138912
11.8 11.78743
11.999998 12.575044
11.599999 11.58312
11.2 11.188395
11.2 11.244604
11.999998 11.85316
12.299998 12.275765
10.1 10.310054
11.599999 11.77227
11.5 11.472676
12.699998 12.504856
11.2 11.1985035
11.8 11.868728
10.40103 10.528378
11.2 11.141409
11.2 11.228864
11.900001 11.907559
11.2 11.5253315
11.900001 11.902681
11.7 11.720845
12.599997 12.492909
11.999998 11.97847
11.2 11.221217
10.321849 10.417934
13.000009 13.271541
11.2 11.301389
11.8 11.854713
11.599999 11.440205
11.8 11.812638
11.1 11.255274
11.1 11.204154
11.2 11.190866
11.2 11.267887
10.1 10.096269
11.1 11.177912
11.1 11.155163
11.1 11.159984
11.7 11.800856
13.1 11.625388
11.599999 11.19181
12.899998 13.238192
11.8 11.660987
12.599997 12.302564
11.5 11.527333
11.7 11.807314
11.5 11.35149
11.5 11.441012
10.70206 12.356685
11.900001 11.885071
11.2 11.190309
11.2 11.213616
11.2 11.243689
12.699998 11.512151
11.2 11.356645
11.599999 11.314047
11.400001 11.6186
12.399998 11.83228
11.900001 11.892921
11.900001 11.866033
11.7 11.736432
11.2 11.272201
11.3 11.409991
13.399989 12.813368
11.2 11.182921
11.7 11.328892
11.2 11.2583685
13.200015 12.437259
14.09948 13.192953
12.199999 12.100759
11.1 11.197557
11.400001 11.435795
11.2 11.207008
10.40103 10.474464
13.800057 13.506239
11.400001 11.28007
12.140959 10.7922535
11.2 11.21176
11.890485 12.333647
11.1 11.194168
11.5 11.391091
11.599999 11.541562
11.1 11.170523
11.7 11.669746
11.5 11.761892
11.599999 11.65398
11.599999 12.764741
11.400001 11.865142
11.1 11.543919
11.5 11.63689
11.900001 11.878588
13.046922 12.927247
11.7 11.667682
11.3 11.405541
11.1 11.270434
11.2 11.221408
13.1 13.018701
14.79897 14.232157
10.8 11.078927
11.202373 11.710171
11.900001 11.9024
11.1 11.6615715
11.599999 11.7342615
11.7 11.711217
12.199999 11.944922
11.108774 11.196771
12.399998 11.89162
11.3 11.468754
11.2 11.167183
11.400001 11.44048
10.3 10.414414
13.1 12.565605
11.400001 11.460846
11.799998 12.1659975
13.600039 12.726498
10.79897 10.7106905
11.2 11.262803
11.2 11.193687
11.1 11.513701
11.900001 11.828663
11.1 11.137561
11.5 11.4173975
11.869551 11.998792
12.399998 12.087344
11.400001 11.404229
13.854961 10.507084
12.699998 11.714588
12.499997 12.687155
11.1 11.159923
12.499997 11.737384
10.608639 12.207592
11.1 11.501432
11.3 11.260449
11.5 11.9760685
13.409804 12.870024
11.2 11.044917
11.900001 11.857346
11.599999 11.81753
11.3 12.410983
11.8 12.541113
11.140959 11.502489
12.1 11.8434
11.2 11.170837
11.900001 11.634798
12.1 11.646476
11.2 11.313726
14.280456 14.065097
11.900001 11.897926
10.2 10.3555155
11.3 11.25446
11.1 11.266148
11.3 11.25612
11.5 11.446663
11.599999 11.562516
11.3 11.349357
11.599999 11.199148
11.8 11.885163
11.900001 11.8699665
10.5 10.498321
11.2 11.279385
11.5 11.677429
12.199999 12.163919
11.2 11.232948
11.900001 12.093752
11.3 11.735891
11.7 11.704058
11.5 11.575907
14.999629 14.255567
11.400001 11.228183
11.3 11.346142
10.40103 10.463172
11.5 11.386342
12.199999 12.40828
11.8 11.820362
9.79897 10.01803
11.400001 11.331322
11.8 11.795026
11.3 11.288769
11.106614 11.131388
11.3 11.58135
11.999998 11.505539
11.599999 12.105611
13.299971 12.097827
13.29382 12.929249
12.1 11.513218
11.999998 12.514896
11.2 11.23621
11.8 11.868471
11.400001 11.078759
11.1 11.1390085
11.40103 10.988767
11.999998 12.183802
11.5 11.468096
11.8 11.897684
11.400001 11.238556
11.599999 11.830892
11.8 11.807347
11.1 11.155598
11.8 11.842806
11.900001 12.124878
10.1 10.386302
11.900001 11.809878
10.1 10.23337
12.899998 12.412023
11.8 11.77434
11.900001 11.884973
11.8 11.927271
13.409804 13.057302
11.2 11.203532
11.7 11.569271
13.999974 13.931665
11.2 11.327503
12.690067 12.65077
13.47675 13.559078
11.599999 11.620428
13.800057 13.506539
13.999974 13.034832
10.4 10.408868
11.599999 11.675503
12.699998 12.551151
11.5 11.595424
11.1 11.22019
11.1 11.20906
11.900001 11.877874
11.599999 11.659858
11.8 11.690087
11.2 11.2339
11.1 11.197675
11.400001 11.383651
11.900001 11.901549
11.999998 12.02507
11.5 11.510643
11.5 11.459131
10.40103 10.749401
11.999998 11.82181
11.900001 11.719583
11.1 11.120623
11.2 11.211034
12.299998 12.469328
11.3 11.660644
11.1 11.169653
11.5 11.735737
12.799992 13.43418
11.1 11.174903
12.633132 11.618471
11.8 11.570723
13.600039 13.142205
11.1 11.136686
14.145758 13.897073
14.200179 14.76845
11.1 11.185742
11.3 11.291089
11.2 11.429653
11.7 11.772296
12.699998 12.520027
10.70206 10.709541
14.1 12.653114
11.2 11.310763
12.1 11.950273
13.500008 13.727894
11.5 11.498928
11.5 11.459086
11.2 11.521514
11.2 11.287162
10.70206 10.720159
11.2 11.653464
13.299971 13.617394
11.2 11.40282
11.7 11.681585
9.79897 10.212881
11.7 11.615821
11.900001 11.6508665
12.799992 12.085493
11.400001 12.097564
11.1 11.1653
11.2 11.228792
11.5 11.543043
11.900001 11.883035
10.40103 10.518143
11.1 11.1271715
11.5 11.729597
11.3 11.492479
11.8 11.848594
11.5 11.441832
11.1 11.316114
10.986056 10.84383
12.199999 12.356777
11.3 11.661915
11.79897 11.631481
11.8 12.080646
11.8 10.767628
11.5 11.372582
10.738272 10.597634
11.2 11.304995
11.2 11.172955
11.738272 11.543221
13.399989 12.904596
12.1 12.245024
11.3 11.340124
14.200179 12.968575
11.1 11.244395
12.1 11.917073
12.919643 12.798965
11.2 11.889137
12.599997 12.498997
13.299971 12.714972
11.1 11.14904
14.652842 14.5351715
11.1 11.129965
11.8 11.880673
11.3 11.310559
11.900001 11.753735
11.8 11.605405
11.2 11.179477
11.8 11.777803
11.900001 11.795005
11.900001 11.902569
11.8 11.836397
11.7 11.698931
11.2 11.263681
13.500008 12.268804
11.599999 11.871693
11.585452 12.4807415
12.299998 11.47718
10.8 10.813816
11.8 11.806515
11.900001 11.939834
11.3 11.392608
11.719789 11.709366
11.5 11.483964
11.900001 11.887347
11.8 11.851903
11.2 12.402691
13.299971 12.809386
11.1 12.338769
11.2 11.266589
11.400001 11.53216
11.400001 11.343967
11.400001 11.452035
11.3 11.328522
12.699998 12.213975
14.49794 14.491074
11.1 11.132994
11.900001 11.844289
11.999998 11.824257
11.3 11.588163
11.2 11.37405
12.1 12.046999
11.5 11.539576
11.1 11.160246
11.8 11.387061
11.900001 12.187281
12.399998 12.11435
11.900001 11.747757
11.999998 12.535986
11.2 11.284249
13.699981 13.238694
11.1 11.144805
11.400001 11.488332
12.699998 12.829324
11.2 11.2188225
13.899971 14.051411
11.7 11.697904
11.900001 11.906429
11.999998 11.808124
10.70206 12.147241
11.2 11.228891
11.400001 11.387096
12.599997 12.0438595
11.5 11.497873
11.900001 11.910584
11.400001 11.429863
11.7 11.694725
11.1 11.456741
13.1 12.672363
11.900001 11.597535
11.400001 11.408496
11.400001 11.410791
10.1 10.345624
11.400001 11.426259
11.2 11.182093
12.02263 12.35614
11.2 11.195558
12.499997 12.346388
12.199999 11.262868
11.2 11.16634
13.800057 13.555004
11.3 11.22942
11.3 11.333181
10.1 11.728781
13.299971 13.661514
10.3 11.592208
14.299971 11.666652
11.1 11.187663
11.900001 11.944824
11.2 11.443684
11.1 11.16586
11.599999 11.723882
11.212469 11.190214
13.699981 13.983993
11.400001 11.188338
11.180922 11.198732
10.622879 10.913847
12.499997 12.855013
10.70206 10.552998
12.599997 12.245769
12.299998 12.203991
11.599999 11.575331
11.5 11.558276
11.999998 12.284077
11.900001 11.909077
10.700015 11.314047
14.901343 11.987089
11.1 11.134939
10.2 10.445528
11.685027 11.451165
11.5 11.6331005
11.2 11.262423
11.2 11.335306
9.79897 10.273597
11.8 11.824168
11.7 11.712981
11.2 11.457206
11.900001 11.883741
13.1 13.1012745
11.7 11.714203
11.3 11.365022
12.799992 12.987843
12.299998 11.544945
11.900001 11.517942
12.799992 12.3886385
11.2 11.239925
11.1 11.233285
11.599999 11.577652
11.1 11.144177
11.900001 11.899836
12.299998 12.252345
11.3 11.327227
11.7 11.635702
11.7 11.934711
14.986056 13.711323
11.599999 11.704556
11.5 11.976238
11.7 11.663635
11.7 11.993184
11.3 11.361188
10.5 10.384029
11.1 11.15877
11.7 11.886903
11.999998 11.971483
11.2 11.276777
11.8 11.814443
11.400001 11.51065
11.1 11.911101
15.200179 14.680917
11.900001 11.869159
11.1 11.133206
11.999998 11.920522
11.2 11.410246
11.400001 11.265812
11.3 11.32273
11.3 11.375147
11.2 11.181313
11.2 11.422169
12.799992 11.768509
13.899971 13.043937
13.399989 12.999065
10.2 10.619345
11.5 11.4672575
11.400001 11.328441
11.2 11.205019
11.400001 11.552246
13.1 13.089235
11.3 11.3477335
11.900001 12.032553
10.5 10.66876
14.622879 11.754866
11.2 11.263682
11.5 11.513131
10.6 10.594964
11.1 11.149643
11.7 11.861995
12.499997 11.4265995
11.1 11.129616
11.5 11.457872
11.1 11.124994
11.900001 11.894473
11.2 11.29767
11.5 11.46878
12.299998 11.950621
12.199999 11.820828
11.3 11.41833
11.3 11.412673
11.599999 11.693235
11.7 11.155586
14.40103 13.979981
11.2 11.233487
11.5 11.698981
12.399998 12.486206
11.400001 11.391286
10.70206 10.695262
11.2 11.187593
11.7 11.633351
12.418758 11.864916
11.900001 11.895688
11.2 11.251311
11.5 11.612629
11.999998 11.7789955
11.1 11.163286
11.7 11.835186
12.299998 12.387312
10.622879 10.696777
11.1 11.148113
12.1 11.592336
10.753647 12.503153
11.3 11.373589
12.699998 13.314696
12.281115 11.185655
11.2 12.408397
11.1 10.905828
11.999998 12.0206175
11.3 11.284209
13.000009 11.764603
11.2 11.200894
11.5 11.415904
13.200015 11.868395
11.3 11.434647
11.3 11.684783
11.1 11.172727
11.1 11.159449
12.399998 11.949762
11.3 11.330404
11.999998 11.736588
11.1 11.1660595
11.2 11.245892
10.520216 10.653639
11.3 11.283264
12.299998 11.897907
11.400001 11.431382
10.078811 10.144958
12.499997 12.453768
11.599999 11.660268
11.900001 11.902977
11.999998 11.332678
11.3 11.733202
11.900001 12.192928
11.999998 11.931271
11.5 12.02804
11.8 12.313314
11.599999 11.657166
11.2 11.256071
12.499997 12.703807
11.1 11.06714
11.49794 12.043657
12.637602 11.076973
11.3 11.398931
11.1 11.15197
12.668636 12.588176
11.5 11.629093
12.799992 12.456172
11.400001 11.49488
11.3 11.482609
10.40103 10.483783
11.2 11.205338
11.986056 11.560707
11.1 11.204789
11.1 11.176581
12.719789 12.922449
11.2 11.183506
11.1 10.855514
11.5 11.687592
12.599997 12.859364
11.599999 11.250362
11.2 11.207922
11.1 11.184393
12.299998 12.757164
10.516801 11.207439
11.2 11.287037
11.5 11.204839
11.8 11.459119
12.699998 12.37804
11.599999 11.358695
11.900001 11.915803
11.2 11.323043
11.1 11.287013
12.299998 11.562779
11.1 11.185554
12.399998 11.768866
11.8 11.826917
11.5 11.491198
13.000009 12.098083
11.1 11.16413
14.901343 13.079515
11.8 11.854687
14.113228 10.717386
11.1 11.121989
10.79897 11.043161
13.986056 12.901441
11.1 11.190416
11.599999 11.285183
11.5 11.427037
11.1 11.199503
11.400001 11.848912
11.8 11.940152
10.1 10.699047
11.400001 11.436794
10.719789 10.688256
12.199999 11.546515
11.999998 11.684434
11.5 11.496922
12.499997 12.559376
11.999998 11.952771
11.1 11.1834135
11.900001 12.192662
11.1 11.135576
11.3 11.53744
11.400001 11.9122925
10.40103 10.448048
11.869551 11.120926
12.224938 12.529742
11.900001 11.906286
14.4000435 14.322646
11.1 11.173047
11.140959 11.732081
11.900001 11.912433
12.199999 12.14736
11.1 11.126072
11.7 11.559539
11.2 11.270417
11.2 11.22597
11.5 11.216887
11.400001 11.413399
10.5685215 10.72556
11.400001 11.7676325
11.5 11.624428
11.5 11.484668
11.599999 11.408729
11.5 11.4654045
10.49794 10.556437
11.1 11.154735
11.900001 11.852171
11.900001 12.620501
11.900001 11.862655
11.599999 11.669355
11.900001 11.929958
11.8 11.807522
11.1 11.151873
13.777781 13.597286
11.2 11.196268
11.7 11.697844
11.2 11.372168
11.710109 11.897093
11.2 11.289999
11.1 11.146321
11.1 11.72725
10.622879 10.60897
14.600313 14.041786
11.900001 11.924289
11.2 11.649725
11.3 11.449085
11.7 12.175191
12.399998 11.454138
11.2 11.203404
11.900001 11.898436
12.199999 12.029497
10.2 10.525056
12.199999 11.788112
11.1 11.146411
11.999998 11.714183
11.2 10.95092
11.2 11.202037
11.3 11.532077
13.299971 13.215702
11.5 11.4935
11.1 11.818634
11.7 11.807121
12.399998 12.543427
11.400001 11.394135
10.1 11.681423
12.515898 11.446034
12.599997 12.968313
13.000009 12.7395315
11.1 11.121512
10.70206 10.713739
11.479343 11.458178
11.999998 11.44083
11.900001 11.868826
11.900001 11.882219
11.5 11.321998
11.599999 11.529024
11.1 11.234264
12.399998 11.588566
11.599999 11.81646
11.400001 11.657519
11.7 11.695591
11.599999 11.893545
11.19691 10.704075
11.8 11.824011
11.2 11.174907
11.191515 11.286845
13.699981 13.27997
10.622879 10.634119
10.1 10.340845
11.3 11.442525
11.1 11.252029
11.7 11.661813
11.3 11.263568
12.299998 11.810342
11.900001 11.900078
11.8 11.807077
11.2 11.320939
9.70206 9.821782
11.900001 11.898535
11.599999 11.755275
12.1 12.422055
11.900001 11.954985
11.1 11.154643
11.3 11.226304
13.1 12.531254
12.199999 12.03821
11.999998 12.015615
11.8 11.83312
11.5 12.030707
12.499997 12.343863
11.7 11.6700115
11.900001 11.892385
11.2 11.225925
11.5 11.487864
11.8 11.79139
12.299998 12.281022
11.999998 11.947623
11.599999 11.225434
11.900001 11.9462595
10.6 10.79771
10.70206 12.489677
11.400001 11.334354
11.5 11.710102
11.3 11.417944
11.2 11.276625
13.1 11.573231
10.857208 11.367363
12.199999 12.174481
11.999998 12.397778
11.599999 11.5749655
11.8 11.824582
12.299998 12.290896
11.51454 12.462127
12.899998 13.244188
11.5 11.447894
13.500008 12.9271555
11.1 11.150629
11.2 11.194136
11.3 11.327349
11.7 11.663501
11.1 11.14583
11.2 11.254198
12.899998 12.581469
11.7 11.664313
13.000009 12.23503
11.2 11.210026
11.5 11.490152
11.599999 11.317008
12.199999 12.198623
11.686266 11.692259
11.2 11.26998
12.1 11.843021
11.5 11.534451
13.200015 12.084955
11.599999 11.586359
11.923909 11.604983
11.2 11.179191
11.599999 11.502331
13.242667 11.677905
11.3 11.312524
11.900001 11.950561
11.1 11.2003355
11.2 11.17492
11.7 11.613022
11.1 11.157968
11.2 11.192426
11.5 11.471815
11.400001 11.303316
12.699998 11.91391
11.1 11.14291
11.1 11.145635
12.199999 12.516359
11.2 11.174069
11.999998 11.948089
12.1 11.831897
11.3 11.414616
11.8 11.775361
11.400001 11.463602
11.7 12.202888
12.199999 12.254608
11.900001 11.964658
12.299998 12.099688
12.199999 12.473904
11.999998 11.962838
11.599999 11.508453
11.5 11.147133
11.1 11.141787
11.3 11.245428
11.5 11.826171
11.300659 11.365145
11.7 11.777276
11.5 11.477911
11.900001 11.916093
11.2 11.202896
12.19691 12.4847355
11.7 11.704951
11.999998 11.940509
11.7 11.733203
10.627244 11.642584
11.3 11.40155
11.400001 11.361464
11.2 11.195521
11.1 11.150814
11.599999 11.888477
11.999998 11.957289
11.7 11.58751
11.599999 11.625399
11.389741 11.626256
11.900001 11.895566
11.599999 11.28363
11.7 11.851926
11.999998 12.137575
12.1 11.807062
12.299998 12.157177
11.900001 11.85565
11.7 11.683249
11.70103 11.652599
11.1 11.150729
13.821246 13.044324
11.5 11.479017
11.900001 11.883647
11.900001 11.553378
13.1 12.671573
11.5 11.342096
11.599999 11.439419
11.3 11.229238
11.1 11.159291
11.3 10.609558
12.299998 11.917622
11.400001 11.167799
11.1 11.163869
11.8 11.813696
11.8 12.502203
11.8 11.824658
11.2 11.68402
12.199999 11.995436
11.5 11.936182
13.000009 12.539153
11.2 11.4432335
12.499997 12.412363
10.443902 10.30189
12.40103 11.603361
12.499997 11.966278
10.622879 10.668714
11.5 11.497024
10.7 10.702447
11.8 11.86874
11.8 11.777788
11.599999 11.711517
11.900001 11.712511
11.7 11.683586
11.7 11.641345
10.608639 10.427914
11.900001 11.842058
11.400001 11.686412
11.953872 11.8983
11.1 11.152699
11.400001 11.489154
11.1 11.157836
11.336572 11.439427
12.899998 12.608537
11.2 11.308087
11.2 11.310976
13.000009 13.187471
11.900001 11.880937
13.1 12.185115
12.1 11.5399
11.2 11.211574
11.999998 12.029796
9.40103 9.878502
11.3 11.339938
12.1 11.647775
12.799992 12.616521
11.2 11.221251
11.7 11.708477
11.1 11.17336
11.599999 11.215294
11.1 11.140385
11.5 11.914751
11.8 11.881819
11.7 11.716007
11.1 11.230951
11.3 11.31764
11.5 11.503198
11.1 11.226059
11.1 11.168336
11.2 11.205397
11.2 11.218556
11.3 11.251011
11.1 11.282917
11.8 11.813261
11.2 11.203038
11.8 11.879606
13.49794 13.265336
11.900001 11.903861
11.2 11.237279
10.652842 10.866577
13.800057 13.815584
15.180922 14.546044
11.400001 11.76451
11.900001 11.275364
11.1 11.197692
11.5 11.537549
11.900001 11.89903
9.978481 10.096692
11.2 11.307834
12.420572 11.5018
11.2869625 11.267111
11.5 12.517934
11.5 11.496534
11.5 11.470946
11.3 11.211962
11.5 11.625011
10.1 10.095006
12.799992 12.108626
11.999998 11.967848
11.900001 11.937422
11.5 11.536751
11.1 11.582638
12.799992 12.402739
13.000009 12.588903
11.8 11.839155
12.112214 12.129306
14.757577 14.412846
12.199999 11.777857
11.8 11.745195
13.79897 11.871613
12.399998 11.195772
11.2 11.191779
10.3 10.433539
11.900001 11.672326
11.1 11.185751
12.599997 11.565963
11.2 11.749564
11.49794 11.344774
12.583288 13.745699
12.953872 12.842783
14.145758 13.7654915
11.2 11.23681
11.1 11.142831
11.7 11.803521
12.499997 12.409702
11.1 11.445605
11.2 11.211082
11.2 11.244614
11.400001 11.296805
11.2 11.177656
11.7 11.742353
11.999998 11.793704
11.1 11.164968
12.599997 12.100296
11.7 11.430813
11.207906 10.536668
11.1 11.670055
11.900001 11.76817
11.599999 11.509795
11.3 11.355566
11.2 11.183254
11.7 11.902433
11.8 11.819893
14.200179 12.034353
11.2 11.23394
11.2 11.235881
11.400001 11.70217
11.1 11.18263
11.2 11.2278805
11.2 11.219915
11.7 12.0767975
11.2 11.3031
11.5 11.417439
11.900001 11.908245
13.200015 13.130222
11.520216 11.155131
11.400001 11.272475
11.7 12.486534
11.2 11.19279
13.000009 12.5103855
11.2 11.77836
11.8 11.8824625
11.2 11.26626
12.799992 12.916962
11.8 11.776662
11.599999 11.64973
10.1 10.65259
11.2 11.235086
11.1 11.173029
10.89588 10.738556
11.400001 11.368077
11.400001 11.346946
11.1 11.141982
10.321849 11.989533
11.5 11.493511
11.1 11.159067
12.599997 11.413814
11.1 11.14185
11.5 11.404956
13.000009 12.32193
11.999998 12.158524
10.70206 10.72747
11.1 11.131421
11.8 11.835662
11.7 11.70154
11.1 11.224164
12.1 12.02656
15.1 13.852272
11.7 11.320148
11.1 11.18632
14.19691 14.167725
11.115759 11.173358
13.685027 13.156246
11.2 11.2862015
11.40103 11.665931
11.999998 11.782108
11.854487 11.548769
11.1 11.170338
11.999998 12.006488
11.986056 12.548561
11.3 11.256921
11.2 11.26762
11.400001 11.315241
11.1 11.158792
11.900001 11.870821
11.5 11.422466
11.2 11.247003
12.19691 12.433127
11.309011 10.772873
11.8 11.847784
11.599999 11.615027
11.999998 11.72343
11.198455 11.202377
9.79897 10.199111
11.5 12.137343
11.900001 11.985034
11.2 11.180917
12.599997 11.872401
11.3 11.726637
11.1 11.132635
11.2 11.224353
11.18351 11.083061
11.3 11.2661495
13.399989 13.3198395
11.70103 11.67716
11.5 11.578814
10.2 10.41711
12.399998 12.624731
12.499997 12.652834
12.399998 12.621813
11.3 11.555542
12.299998 11.317082
11.7 11.685274
11.8 11.863819
10.40103 11.288961
11.400001 11.295511
13.299971 13.123649
11.5 11.42257
13.399989 12.11448
11.1 11.147994
11.1 11.311347
11.2 11.195235
14.1 12.885949
11.400001 11.382111
11.599999 11.630448
12.1 11.18906
11.999998 12.023181
12.499997 12.509723
11.40103 10.606126
11.7 11.771503
12.299998 11.84265
11.900001 11.865075
11.2 11.18335
11.2 11.180225
11.2 11.2346525
11.900001 11.883262
12.199999 12.196852
12.1 11.464652
11.900001 11.907518
11.900001 12.018075
11.2 11.221654
11.2 11.179548
11.2 11.169796
11.19691 10.6244755
11.1 11.345311
13.699981 12.390215
10.49794 10.263735
10.4 10.501726
11.2 11.212014
11.3 12.037333
11.2 11.206235
11.7 11.443035
11.2 11.337899
11.8 11.808082
14.47675 10.645399
11.8 11.7483425
11.7 11.581865
11.7 11.5678835
11.1 11.180431
11.8 11.618292
9.79897 10.211183
11.7 11.398742
11.999998 11.958789
11.900001 11.771328
12.599997 12.312989
11.1 11.160308
11.900001 11.87224
12.399998 11.920977
13.1 12.806952
10.4 10.422892
11.400001 11.785554
12.399998 11.644114
11.3 11.283419
11.7 11.738561
11.599999 11.609258
11.8 11.582881
11.599999 11.31462
10.4 10.516318
10.70206 10.699369
11.175305 11.215382
11.900001 12.147329
14.600313 14.77478
11.2 11.237976
11.1 11.58559
11.400001 11.415078
11.3 11.415613
11.1 11.515904
10.095678 10.270513
11.8 11.882937
11.900001 11.90346
11.400001 11.436371
11.8 11.711348
11.2 11.240227
13.399989 11.911416
11.3 11.254929
10.49794 10.56536
11.1 11.249202
11.3 11.44825
11.8 12.054573
11.3 11.572939
11.900001 11.939414
12.699998 12.628073
11.1 10.984003
11.599999 11.875044
12.199999 12.722604
13.600039 12.0177355
11.2 11.30362
12.599997 11.776071
11.999998 11.748783
10.1 10.898997
11.2 11.245415
11.400001 11.565829
11.900001 11.693685
11.400001 11.445585
11.5 11.555025
11.3 11.239512
12.7038 12.575782
11.3 11.296495
11.1 11.150754
13.299971 13.130729
11.8 11.879723
11.1 11.172048
11.1 11.15191
11.3 11.411783
11.2 11.270793
11.900001 11.903732
11.400001 11.453213
11.2 11.180259
12.299998 12.4374075
11.1 11.282631
11.900001 11.882374
11.8 11.96674
11.2 11.189446
11.2 11.179997
11.622879 12.720976
11.2 11.243356
11.599999 11.574143
13.70206 14.534416
11.5 12.095206
12.418758 12.605469
11.599999 11.731887
11.2 11.226965
13.953872 13.395418
11.3 11.469991
11.400001 11.38255
11.900001 11.85515
11.1 11.135058
12.499997 11.889492
11.1 11.122784
11.999998 11.956096
11.900001 12.526728
11.1 11.12725
11.900001 11.8625345
12.191515 12.123438
14.1 13.503242
11.5 11.540357
12.799992 11.847793
14.254902 13.150802
11.400001 11.401271
11.400001 11.356711
12.856081 12.330177
12.399998 12.200453
11.3 11.891347
10.70206 11.084778
11.254902 11.269678
11.3 11.292525
11.400001 11.342361
13.2870865 12.732989
11.900001 12.167533
11.1 11.151037
11.3 11.378029
12.699998 11.354748
12.1 11.843986
12.599997 12.092845
11.5 11.627892
13.000009 13.418273
12.499997 11.959771
11.3 11.706488
10.9 10.670808
10.1 10.210543
11.2 11.279813
11.8 11.847669
11.671333 11.792014
12.70206 12.343478
11.900001 11.702124
11.1 11.133212
11.400001 11.385953
12.699998 12.38456
11.8 11.591089
13.508935 13.335357
13.500008 13.371594
11.400001 11.637569
11.5 11.474834
13.699981 12.44664
11.400001 11.46213
11.8 12.848162
11.1 11.147927
11.900001 11.870568
11.2 11.191318
12.1 12.550756
11.2 11.231518
11.8 11.973342
14.999629 14.546991
12.29382 12.052547
12.499997 11.74962
11.3 11.305209
11.1 11.16759
11.599999 11.563834
9.79897 10.023235
11.2 11.450195
11.7 11.805599
11.900001 11.960453
11.3 11.243087
11.1 11.143568
12.155518 11.823563
11.999998 11.694078
11.400001 11.348622
11.2 11.293393
14.79897 14.352226
11.599999 11.535259
11.5 11.512636
14.200179 13.166102
12.399998 12.263812
11.3 11.304023
12.499997 11.954875
11.999998 11.9588375
11.999998 11.988702
10.1 10.350382
12.899998 12.235476
11.999998 11.9939
11.400001 11.556091
11.400001 11.5962
11.7 11.7249365
10.5 11.203436
13.000009 13.154942
11.3 11.335375
11.900001 11.935337
12.199999 11.850232
11.8 11.789042
11.900001 11.866373
13.800057 13.273174
10.1 10.354452
11.8 11.786424
11.999998 11.936791
10.1 10.297129
11.7 11.711556
11.1 11.150659
11.1 11.259088
12.699998 11.674782
11.999998 12.01469
11.999998 11.238967
11.5 11.550693
11.3 11.3765545
11.2 11.203198
11.400001 11.165283
10.321849 10.228376
11.3 11.373493
13.000009 12.969743
11.599999 11.653582
12.15 11.593443
9.905 10.597159
13.499203 13.532977
12.685027 11.99633
11.1 10.980423
11.2 11.20025
11.400001 11.91802
14.500117 11.847052
11.1 11.202933
12.15061 11.373842
11.999998 11.917614
13.180922 12.729165
11.5 11.551611
11.999998 11.976621
10.40103 10.388011
12.00309 11.860123
11.872113 11.251074
12.299998 12.060964
11.5 11.467145
11.5 11.608427
11.2 11.236086
11.2 11.269617
11.3 11.266816
11.8 11.881674
12.1 12.120473
14.200179 13.562125
11.2 11.454656
11.3 11.33475
11.2 11.191176
11.2 11.244435
11.2 11.189137
11.1 11.185469
11.599999 11.566625
11.2 11.196096
11.2 11.2611885
11.7 11.720622
13.299971 11.636534
11.3 11.40618
11.3 11.262055
11.1 11.164656
12.608639 13.804998
11.400001 11.441133
11.900001 11.875811
11.5 11.513413
11.900001 11.928883
11.2 11.322807
11.196367 10.620979
11.400001 11.340542
10.40103 10.649673
11.5 11.566273
11.329885 10.809431
11.3 11.660897
11.2 11.190324
11.400001 11.404237
11.2 11.30721
11.343923 11.555172
11.2 11.368623
11.2 11.181411
11.5 11.41333
11.1 11.016426
10.8447275 10.906017
13.500008 12.799658
11.70206 11.183246
11.1 11.155313
11.8 11.734374
11.2 11.3137245
11.400001 11.377493
11.599999 11.458572
11.999998 11.838172
11.5 11.566172
11.2 11.181377
11.7 12.086908
11.5 11.618151
11.8 12.560768
11.1 10.565189
11.1 11.173241
11.3 11.411475
11.1 11.13828
12.299998 12.105378
11.2 11.25663
11.2 11.413423
13.899971 14.127924
11.900001 11.7811775
11.1 11.225524
11.2 11.231772
11.900001 11.905663
11.2 10.52309
11.1 11.121942
11.5 11.504553
12.1 11.605424
11.599999 11.753688
11.999998 12.421406
12.299998 12.185068
11.5 11.551583
11.2 11.275286
11.2 11.235712
11.1 11.2171
11.2 11.193239
11.5 11.580098
11.900001 11.852002
11.599999 11.555066
11.900001 11.858532
11.900001 12.256096
11.8 11.793663
11.7 11.383765
11.7 11.745272
11.900001 11.92536
11.2 11.291413
11.7 11.229594
11.020819 11.376204
11.2 11.191059
11.900001 12.148904
11.8 11.862493
11.020819 11.095521
9.79897 10.05417
11.1 11.147892
11.2 11.175368
13.000009 13.476498
11.900001 11.929366
11.1 11.3057575
11.8 12.102889
11.1 11.333961
11.900001 11.919727
10.1 10.459216
10.8 11.290018
12.199999 12.017021
11.5 11.468704
11.3 11.424223
11.400001 11.399883
11.1 11.157451
11.3 11.196676
9.79897 10.260453
12.531798 10.655352
11.400001 11.435991
11.599999 11.673408
11.1 11.746666
13.999974 12.912001
11.900001 11.583356
12.299998 11.890822
11.2 11.193214
12.1 12.079519
11.8 11.829617
12.199999 12.097026
11.1 11.025786
11.5 11.573321
11.599999 11.705422
11.5 11.466839
11.8 11.787818
12.899998 12.730014
12.899998 12.137805
11.3 11.232417
10.1 10.352567
11.2 11.173974
13.000009 12.472756
11.5 11.582592
11.5 11.946087
12.299998 11.832097
10.40103 10.625004
12.40643 11.66084
11.1 11.142221
11.7 11.874425
11.999998 11.380351
11.900001 11.739638
14.847425 13.680491
11.400001 11.459308
11.999998 12.000134
11.2 11.212733
11.1 11.177097
11.1 11.156477
11.999998 12.005643
12.299998 13.560989
11.8 11.880991
11.1 11.166182
11.5 11.489703
12.010095 12.262469
11.599999 11.392494
11.2 11.202748
11.267491 11.115252
12.101985 11.8811035
12.299998 12.311515
14.400163 14.183359
10.40103 10.8682995
11.900001 11.938499
10.4 10.50083
13.500008 12.941084
11.2 11.305071
12.399998 12.351112
11.2 11.2155075
12.1 12.084141
11.900001 11.881402
11.1 11.396169
11.3 11.327289
11.7 11.78225
11.1 10.806855
10.4 10.735773
12.499997 11.647199
10.1 10.448498
13.1 12.059084
11.900001 11.23591
11.2 11.203396
12.199999 12.625411
11.900001 11.435857
12.599997 12.147873
11.3 11.344329
11.2 11.254856
11.3 11.216122
11.999998 11.9009905
11.599999 11.708847
11.1 10.956938
13.000009 13.296429
11.19691 10.964342
11.400001 11.621773
11.1 11.178494
13.1 12.763894
11.2 11.193815
11.3 10.666214
11.2 11.167823
11.8 11.8890085
14.784246 14.310874
11.3 11.535702
10.520216 10.530629
11.8 11.738291
11.2 11.202575
11.900001 11.904639
11.581486 11.9274645
11.8 11.802186
11.400001 11.383335
11.7 11.709469
11.1 11.411791
13.399989 12.96247
11.3 11.498559
13.2870865 13.62034
11.999998 11.875639
11.5 11.653173
11.7 11.898556
11.900001 11.785994
11.400001 11.516985
11.400001 11.552302
10.79897 10.559095
11.5 11.529761
11.3 11.405284
11.7 12.283469
11.1 12.431816
11.5 11.535561
11.40103 10.754077
12.19691 11.028841
12.329148 12.262864
10.1 11.460058
11.3 11.441422
11.900001 11.847188
10.40103 10.731558
11.1 11.221483
11.224938 11.168591
11.8 11.797387
11.599999 11.585105
10.1 10.263179
11.2 11.241594
12.699998 12.044218
11.175305 11.1809225
14.600313 13.194371
11.1 11.159431
11.900001 11.735487
10.622879 10.804649
10.971278 10.683379
11.2 11.486803
12.699998 13.6424885
11.900001 11.906848
11.1 11.164519
11.900001 11.906425
13.899971 14.119427
11.2 11.251207
11.1 11.752788
12.199999 12.173802
11.1 11.275902
12.499997 12.555241
10.953872 10.817591
13.000009 12.947484
11.8 11.831536
12.299998 11.200749
11.5 11.350674
12.199999 12.039227
11.2 11.191198
11.8 11.361647
11.400001 10.774925
11.1 11.130016
11.3 11.257358
11.5 11.463818
11.3 11.306226
11.2 11.225321
11.1 11.110647
11.7 11.5626745
11.2 11.270869
11.3 11.247068
11.8 11.7479925
11.3 11.321959
11.336572 11.4158945
12.299998 12.332035
11.8 11.824971
11.79897 11.284746
11.900001 12.447944
11.900001 11.916462
11.599999 11.80739
13.800057 13.56033
11.3 11.432558
11.1 11.129272
11.8 11.507592
11.5 11.530688
11.2 11.1912365
11.2 11.271819
11.1 11.165731
12.1 12.223338
11.900001 11.967881
13.500008 13.075905
11.2 11.204499
11.3 11.528658
11.3 11.371987
11.5 11.506129
11.900001 11.841373
13.399989 12.231832
11.900001 11.860001
11.5 11.557494
11.900001 11.880557
10.487216 10.817338
12.699998 12.165086
12.5698 11.889919
11.7 11.988044
11.7 11.693766
11.2 11.2087965
10.622879 10.319574
11.5 11.496841
12.499997 12.670127
11.3 11.507136
12.199999 11.924603
11.900001 11.88531
11.400001 11.519492
11.757577 11.601826
11.900001 11.734008
12.499997 12.382137
10.40103 11.728501
11.7 11.664761
11.1 11.143076
11.7 11.837425
11.404665 11.334783
12.199999 12.099494
10.47675 10.52257
12.699998 12.910901
12.499997 12.362934
12.599997 11.776026
12.499997 12.6222925
11.2 11.170908
11.1 11.193752
11.1 11.170835
11.8 11.9609785
11.2 11.233505
11.8 11.828877
11.999998 11.6176815
10.321849 10.420942
11.7 12.062336
11.599999 12.483147
11.900001 11.49796
11.900001 11.837332
11.3 11.188081
11.2 11.183395
11.1 11.153166
11.400001 11.390273
11.599999 11.527598
11.900001 11.863237
13.699981 12.527129
11.1 11.19866
11.3 11.645789
11.2 11.172241
12.199999 12.240401
11.3 11.259882
11.999998 11.782234
11.999998 11.7392645
11.5 11.519994
11.900001 11.255157
13.399989 12.565885
11.2 11.188517
11.599999 11.32109
11.5 11.492418
12.699998 12.337887
13.899971 12.386758
11.7 12.283267
11.599999 11.538845
11.3 11.2577095
11.2 11.1977215
11.654828 11.717982
14.901343 13.369162
11.599999 11.646047
11.599999 11.5189085
14.901343 14.585129
11.2 12.681197
11.3 11.220166
11.2 11.20689
11.3 11.459844
11.999998 12.039371
14.1 12.919216
11.900001 11.312678
10.4 10.365729
12.299998 11.951019
13.200015 12.07822
11.7 11.784865
11.2 11.214934
11.599999 11.660904
11.3 11.229475
11.1 11.006305
11.3 11.3464365
11.599999 11.99099
11.5 11.452862
11.3 11.993224
11.2 11.219243
12.174634 12.521833
11.1 11.211852
11.599999 11.621639
10.831188 10.766424
11.900001 11.913392
11.1 11.160532
11.900001 12.737099
11.900001 11.945444
11.1 11.13338
11.1 11.127115
12.299998 12.004793
12.199999 12.065185
11.400001 11.425061
11.900001 11.907212
11.2 11.201743
11.599999 11.707184
11.999998 12.150554
11.2 11.219106
10.40103 10.590058
11.2 11.252705
11.400001 11.407199
11.599999 11.663252
12.1 11.624743
11.274371 11.349079
11.1 11.139641
11.999998 13.049048
11.3 11.239185
11.3 11.241258
11.1 11.135501
11.8 11.888895
11.1 11.22061
11.5 11.532105
11.3 11.334561
11.2 11.256911
12.299998 11.733709
11.2 11.299472
13.600039 13.069371
11.2 11.399321
11.5 11.427067
11.1 11.1854725
11.1 11.472036
11.900001 11.793355
11.599999 11.39621
11.2 11.17785
12.299998 10.594218
11.8 11.839534
12.499997 12.162658
12.399998 12.238268
11.7 11.933314
11.3 11.351096
11.8 11.795823
11.7 11.716685
11.7 11.608547
11.2 11.189623
9.79897 10.26067
13.087163 13.236738
11.7 11.889858
11.2 11.253694
11.2 11.264543
11.900001 11.642967
12.1 11.72316
11.1 11.21958
11.3 11.439753
11.3 11.425701
11.3 11.320451
11.2 11.201892
11.400001 11.562257
11.2 11.214743
11.900001 11.86021
11.8 11.7186575
11.8 11.832976
12.599997 12.457577
10.2 10.391066
11.900001 11.57148
12.499997 12.4664135
12.499997 11.797445
11.1 11.139856
11.599999 11.845251
11.2 11.239422
11.2 11.306063
13.1 12.109873
10.1 10.238446
13.299971 13.052431
11.400001 11.583911
12.299998 11.427309
11.1 11.143861
12.375724 11.318391
11.2 11.642205
11.3 11.3072405
13.500008 13.090394
11.5 11.50496
11.5 11.5474825
13.800057 12.308684
12.499997 12.260187
11.1 11.170072
10.4 10.537593
11.400001 11.415926
11.5 11.526112
11.3 11.285997
11.999998 11.51522
11.400001 11.486116
10.700015 11.167105
12.299998 11.817026
11.8 11.7993145
12.499997 11.805513
11.8 11.900986
11.5 11.654972
10.7 10.940013
12.299998 11.674896
11.900001 11.6578665
11.2 11.200955
13.200015 12.323456
11.2 11.218277
11.900001 11.87275
10.1 10.269412
14.299971 12.578791
11.999998 11.96188
11.599999 11.713466
11.1 11.152269
11.900001 11.933504
12.299998 11.647721
11.2 11.299277
11.5 11.3937435
11.2 11.327353
11.5 11.447385
10.4 10.517448
11.7 12.124835
11.0 10.761777
11.2 11.1978655
11.2 11.224934
10.40103 10.449711
11.1 11.126264
11.5 11.573871
11.900001 11.742775
11.2 11.189861
11.400001 11.369994
11.1 11.08114
11.900001 11.892052
11.3 11.43435
9.79897 10.041328
11.3 11.342738
11.2 11.063769
11.2 11.275989
11.2 11.2858
11.400001 11.304073
11.1 11.53126
11.8 11.7109995
11.8 11.913738
10.9 10.8592825
13.200015 12.390267
10.8 10.804918
11.900001 11.889787
10.1 10.204744
11.8 11.475312
11.999998 11.90208
11.999998 12.033868
11.1 11.136356
11.599999 11.633502
12.299998 12.566955
11.5 11.542585
10.4 10.232644
11.400001 11.748565
11.2 11.242799
11.400001 11.409676
12.199999 12.14648
12.699998 11.675424
9.79897 10.2633915
11.8 11.852597
13.79897 13.396916
12.299998 12.375452
11.900001 11.909288
11.900001 12.429609
11.3 11.418837
11.1 11.153629
13.200015 12.724527
11.1 11.131336
11.900001 11.874444
11.2 11.367866
11.900001 11.862909
11.8 11.271053
11.7 11.301992
11.5 11.703515
11.900001 12.633069
11.3 11.6618
11.2 11.212696
10.719789 10.554614
11.1 11.12858
11.2 11.164462
11.7 11.724815
9.1 9.508275
10.70206 10.561027
11.7 12.400214
11.3 11.334973
13.500008 12.583218
11.900001 11.786016
11.3 11.301843
11.400001 11.301346
11.1 11.166435
11.5 11.570904
11.400001 11.486258
13.622879 13.316586
11.599999 11.450516
13.899971 13.593385
11.3 11.293562
11.3 11.340065
12.84958 12.71922
12.299998 12.436747
11.1 10.223143
11.7 11.640918
11.1 11.16099
12.499997 11.745715
11.999998 11.535441
11.900001 11.863769
13.800057 11.6615715
11.2 11.244926
11.2 11.2336035
11.2 11.2048645
12.499997 12.589542
11.599999 11.579666
13.600039 12.876804
10.1 10.239479
11.3 11.344223
12.1 12.15096
11.2 11.164726
12.799992 13.464787
11.1 11.024073
12.1 12.084978
11.5 11.57476
15.200179 15.110869
11.2 11.215795
13.1 12.918781
13.500008 13.688461
12.499997 12.187749
11.400001 11.527654
12.1 11.907486
13.000009 12.318014
11.7 11.725167
11.1 11.12667
11.7 11.722681
10.581486 10.72948
11.7 11.64332
12.1 11.872393
11.3 11.632144
12.499997 12.460283
12.1 12.356764
10.70206 10.711456
12.499997 11.913604
12.433482 11.347135
11.1 11.505361
11.0 10.623205
11.8 11.878768
12.899998 12.009319
11.1 10.881207
12.1 12.062332
11.1 11.173019
11.7 11.93236
11.400001 11.216741
11.2 11.165023
12.299998 12.159445
13.299971 13.4224205
11.2 11.188157
13.800057 12.862462
11.177759 11.190886
11.5 11.477836
11.900001 12.187963
11.2 11.288127
13.299971 12.709914
11.400001 11.401218
14.700326 13.583008
11.2 11.545021
11.2 11.243086
12.799992 12.873361
11.1 11.877548
15.500117 13.793581
12.058607 11.879127
11.2 11.286008
12.1 11.875578
12.1 11.847874
11.1 11.162428
11.3 11.244023
12.699998 11.8382015
12.699998 12.204781
11.900001 11.549561
11.400001 11.440715
13.923909 12.661439
11.999998 11.984351
12.058607 12.290325
11.3 10.913838
11.2 11.331402
11.400001 11.272665
13.000009 13.396835
11.900001 11.780397
11.8 12.113334
11.400001 11.721943
11.900001 11.877678
11.8 11.853739
11.8 11.852164
11.8 11.856175
10.70206 10.664929
12.199999 12.206798
13.500008 11.882324
11.3 11.414112
11.2 11.219055
12.986056 12.873217
12.1 11.92841
11.8 11.4279585
13.953872 13.083592
11.5 11.454258
11.900001 11.873462
11.2 11.169342
11.2 11.273915
11.1 11.154116
11.8 11.738357
11.400001 11.853852
11.7 12.039387
11.2 11.247178
11.2 11.244138
11.3 11.510044
11.3 11.205639
11.5 11.547902
11.5 11.540609
11.400001 11.576052
11.8 12.115812
11.788375 10.936781
10.145758 10.308829
11.3 11.234465
11.145758 11.902646
11.7 12.090093
11.599999 11.518521
11.3 11.274654
12.899998 13.254868
13.200015 12.073339
12.1 12.106014
12.299998 11.555809
11.8 11.791366
12.546117 13.237427
12.499997 11.394438
11.5 11.496989
11.1 11.098479
11.3 11.275975
11.3 11.382254
12.1 11.785889
11.2 11.27811
11.2 11.349788
11.5 11.489342
11.5 12.140822
11.3 11.328014
11.3 11.319341
13.000009 12.047718
11.599999 11.697
13.1 13.096468
10.40103 10.598243
11.900001 11.847347
11.2 11.212443
11.3 11.519524
11.5 11.543703
13.392429 13.43364
12.699998 11.934567
11.599999 11.729427
11.3 11.6740675
11.1 11.124925
11.2 11.291366
11.3 11.279874
13.1 13.305386
11.900001 11.858503
11.599999 11.974394
12.699998 12.461648
11.1 11.155125
11.400001 11.376735
11.2 11.311443
14.700326 13.305506
11.8 11.789214
13.1 13.180122
12.799992 12.879181
11.999998 11.943469
11.329148 11.492554
9.79897 10.027945
11.1 11.172965
11.2 11.258901
11.7 11.983755
11.1 10.889664
12.599997 11.721701
11.5 11.486709
11.5 11.139307
10.668636 10.933521
11.487216 10.711217
11.400001 11.339844
11.900001 12.017555
11.900001 11.957121
11.2 11.210834
11.1 11.170621
11.2 11.229278
12.384832 12.682352
10.622879 10.601998
11.2 11.288928
14.1 14.075471
11.400001 11.397121
11.400001 11.528922
11.900001 12.339457
11.599999 11.557743
11.2 11.262745
13.699981 14.145022
12.699998 12.565495
11.5 11.421748
11.400001 11.44904
11.900001 11.9188385
11.2 12.118393
11.1 11.16104
11.180922 11.312373
11.900001 11.321524
13.1 12.422953
11.8 11.828239
11.8 11.906471
11.999998 12.121477
11.1 11.191693
12.826416 12.504705
12.299998 11.999623
11.8 11.836525
11.999998 12.224666
11.8 11.807333
11.3 11.49872
10.70206 10.69097
12.299998 12.336182
11.1 11.216257
12.399998 12.825564
11.2 11.215177
11.2 11.219535
11.5 11.621881
11.3 11.309695
13.1 12.359839
11.3 11.367754
11.7 11.724022
10.40103 12.031646
11.2 11.174067
11.5 11.597954
14.600313 13.221687
11.900001 11.919468
11.3 11.29462
11.2 11.336699
11.599999 11.538587
11.400001 11.401236
12.299998 12.480739
12.399998 12.054111
12.599997 12.527615
11.3 11.401424
11.900001 12.068979
14.400163 14.057959
11.599999 11.3561125
11.49794 10.61814
11.2 11.185097
11.400001 11.45904
11.106614 11.139471
11.2 11.205409
11.3 11.258734
9.79897 10.027196
11.8 11.855122
10.40103 10.614993
11.3 11.521705
12.199999 11.660134
11.2 11.166772
11.999998 11.619266
13.800057 12.533492
12.27745 12.307658
11.8 11.847937
11.2 11.202858
11.5 11.508174
11.2 11.189881
11.3 11.625194
12.799992 12.512513
11.599999 11.600973
11.900001 11.85627
11.900001 11.906741
11.900001 11.867327
11.1 11.118998
11.599999 11.453251
11.5 11.43068
11.901343 11.116429
11.2 11.147499
11.7 11.6787405
11.2 10.987005
10.3 10.307262
12.399998 11.6452875
11.8 11.808501
11.900001 11.8952
12.499997 11.591979
11.2 11.170639
11.1 11.162934
11.7 11.79407
11.7 11.722984
12.799992 12.200862
11.719789 11.569552
11.400001 11.735393
11.1 11.176028
12.299998 12.805437
11.2 11.245511
11.599999 11.748361
11.5 11.330423
11.123362 11.156994
11.599999 11.62246
11.900001 11.903213
11.1 11.203315
11.821246 11.763894
11.3 11.597004
11.1 11.143616
11.400001 11.286952
11.900001 11.903713
12.899998 12.34454
13.600039 12.803509
11.900001 11.651333
11.5 11.513823
12.199999 11.33697
11.999998 12.006728
11.2 11.524712
13.000009 13.521538
11.2 11.196019
10.92333 11.340901
11.900001 11.912511
12.699998 12.500183
12.058607 12.4060545
11.3 11.4843855
11.999998 12.035942
11.999998 12.602506
11.5 11.480068
11.1 11.145554
11.900001 11.88185
11.8 11.828512
11.3 11.361134
12.699998 12.069571
11.5 11.555402
12.599997 11.972983
11.900001 11.865959
11.3 11.35508
11.400001 10.796126
11.8 11.821739
11.599999 11.5552
11.2 11.489237
12.599997 13.137678
11.400001 11.423251
11.999998 11.668724
11.900001 11.888907
11.2 11.283732
11.900001 11.8707905
15.600313 14.937508
14.145758 14.051279
11.7 11.3513565
11.7 11.812512
11.2 11.176421
11.999998 11.943282
13.1 11.966392
11.8 11.877868
11.622879 11.491327
11.2 11.328992
11.2 11.298525
11.2 11.155399
11.3 11.241856
9.986056 10.27367
11.2 11.201592
11.5 12.029609
11.900001 11.910387
11.3 11.462709
11.900001 11.854693
12.1 11.322014
11.599999 11.632366
13.321849 13.002617
11.1 11.132672
14.79897 14.638221
11.2 11.317039
13.821246 13.411575
11.599999 11.541519
11.999998 11.949108
12.899998 11.180116
11.400001 11.833387
11.900001 12.168525
11.2 11.237208
11.999998 11.94545
14.1 13.968457
11.999998 11.934366
11.900001 11.832985
11.599999 12.428858
10.40103 10.504362
11.999998 11.991916
11.999998 11.966045
11.2 11.376493
11.1 11.498727
11.5 11.701174
12.1 11.73438
11.900001 11.6742325
11.19691 10.846853
11.400001 11.429914
11.2 11.281768
11.400001 11.50245
11.2 11.276043
11.1 11.223658
12.399998 12.426544
11.3 11.782152
13.500008 12.70137
10.5 10.407996
11.953872 11.98061
11.2 11.27342
11.8 11.716114
11.8 11.84492
12.499997 11.954661
11.900001 11.611199
11.8 11.682462
13.399989 12.985932
11.1 11.15267
11.2 11.252484
12.399998 11.528651
11.599999 11.676786
12.507823 12.709832
11.5 11.332941
11.7 11.791611
11.599999 11.432845
14.500117 13.097505
11.900001 11.916338
11.599999 12.235296
11.999998 11.681367
12.1 12.442835
11.7 11.952097
11.599999 11.236426
11.900001 11.8804655
11.212469 11.1651745
14.299971 13.7739
15.79897 14.714618
11.3 11.417159
11.5 11.616464
10.40103 10.514064
10.70206 10.7170515
11.900001 11.887481
12.927804 13.838341
11.1 11.295301
10.79897 11.073478
11.900001 11.849411
11.400001 11.188999
12.199999 12.146887
13.202373 11.965616
13.999974 13.558129
12.399998 13.519667
11.3 11.269806
10.40103 10.355362
11.1 11.1779785
11.400001 11.429948
11.8 11.665069
14.200179 14.150713
11.1 11.167419
11.3 11.402386
11.822364 11.757084
11.1 11.14654
11.7 11.530159
11.2 11.1778555
10.1 10.253015
11.599999 11.608747
11.7 11.673446
11.7 12.04469
11.900001 12.119157
11.3 11.396972
11.400001 11.479595
11.8 11.753611
11.1 11.208149
11.900001 12.418381
11.0 10.889277
11.2 11.34575
11.1 11.835584
11.3 11.299827
12.299998 11.876345
11.3 11.357131
11.7 11.890517
11.400001 11.729582
11.400001 11.362722
11.7 11.648433
13.299971 13.788446
11.900001 11.902323
11.900001 12.011071
12.499997 12.430247
11.3 11.3047905
11.900001 11.9329815
13.699981 13.583217
11.900001 11.877988
11.7 11.718099
11.599999 11.6216955
13.1 12.80674
11.972896 11.480264
11.3 11.369674
11.900001 11.888396
11.5 10.85963
11.2 11.289145
11.1 11.146721
11.2 11.202581
11.5 11.343999
12.1 12.339978
12.799992 12.797916
14.145758 13.728189
11.2 11.178294
11.5 11.565686
11.599999 12.181416
13.000009 12.5668125
11.5 11.507716
11.2 11.27263
11.5 11.185573
11.3 11.249875
12.599997 11.991602
10.70206 10.743029
11.5 11.512429
11.1 11.164758
11.599999 11.494737
11.1 11.140257
11.900001 11.912245
11.8 11.930791
11.8 11.8427925
11.3 11.274631
11.999998 12.001504
11.5 11.676931
11.999998 11.953225
11.900001 12.180961
11.2 11.318642
11.2 11.254902
11.900001 11.960756
11.1 11.808131
11.8 11.624688
11.8 11.877549
11.1 11.185127
11.2 11.271455
11.1 11.244057
12.199999 12.488637
11.2 11.208393
11.3 11.313534
11.3 11.201179
11.2 11.267995
11.999998 11.946794
11.2 11.260839
10.2 10.632837
12.374244 12.813593
11.2 11.26144
11.2 11.178708
11.999998 12.386181
11.999998 13.156132
11.2 11.196312
11.599999 11.99807
11.599999 11.814982
11.5 11.423827
11.1 11.126785
11.400001 11.362817
10.901343 10.764312
11.5 10.593151
11.599999 11.714133
11.599999 11.599755
11.900001 11.707984
11.1 11.135188
11.3 11.3266325
11.8 11.841608
13.20033 13.757381
11.3 11.53075
11.3 11.351703
11.2 11.430721
11.5 11.763247
11.799998 12.373413
11.400001 11.349167
10.1 10.410102
11.999998 12.324488
11.999998 11.842508
11.900001 11.852028
11.400001 11.589764
11.5 11.316513
12.555932 12.395963
11.2 11.473458
11.2 11.215518
9.79897 10.318122
11.400001 11.322913
12.499997 11.890692
11.3 11.273852
11.2 11.347719
11.1 11.318546
11.95 12.336223
11.999998 11.929438
11.49794 11.857571
10.2 10.4597645
11.3 10.870042
11.3 11.669595
11.1 11.136135
11.7 11.696502
12.1 11.672116
11.400001 11.484031
11.2 11.232171
11.599999 11.715185
9.70206 10.014841
11.900001 11.690631
11.2 11.276071
11.1 11.157747
11.3 11.434564
11.2 11.169815
11.2 11.257127
12.299998 12.299413
11.5 11.531696
11.5 11.518793
11.19691 12.32731
11.400001 11.447961
11.3 11.866654
11.900001 12.098202
10.40103 12.936068
11.2 11.258345
11.2 11.165391
11.900001 11.8768015
11.8 11.599598
11.2 11.210284
11.999998 11.928094
12.89588 12.277626
12.699998 11.250361
11.2 11.172262
11.999998 11.968156
13.000009 12.676837
11.8 11.851219
11.2 11.345924
11.1 11.366738
11.900001 11.886455
11.5 11.515453
11.3 11.433797
12.299998 11.930744
11.599999 11.600113
11.1 11.230648
11.2 11.307045
11.599999 11.607356
11.5 11.510024
11.5 11.705935
11.999998 12.494638
12.199999 11.653811
11.599999 11.789339
11.5 11.337751
11.1 11.128273
13.622879 13.829821
11.7 11.762928
13.1 12.914612
11.89588 11.885756
11.3 11.485657
11.3 11.359377
12.799992 12.256112
11.999998 12.030901
13.999974 14.303291
11.5 11.295121
12.299998 12.277552
13.79897 13.522343
10.79897 10.802195
11.2 11.251853
11.3 11.475612
11.2 11.194992
11.3 11.2784605
11.2 11.327508
11.3 11.385549
11.0 10.70204
13.200015 12.71027
10.1 10.153896
11.3 11.327661
11.900001 11.862399
11.400001 11.465686
11.2 11.486213
11.900001 11.851024
11.2 11.24944
11.3 11.227208
11.543697 10.768735
11.7 11.636719
11.900001 11.766187
11.1 11.355028
11.900001 12.105792
11.3 11.375018
11.999998 11.209458
11.2 11.379174
11.993028 11.188349
13.899971 13.584108
11.2 11.200428
14.1 13.951269
13.500008 12.659168
11.900001 11.876318
11.1 11.127199
11.599999 11.728986
10.1 10.9514885
11.2 11.227912
11.1 11.33183
11.1 11.008238
12.199999 11.952226
11.7 11.73855
12.399998 12.5189705
11.2 11.260097
10.622879 10.668481
13.600039 12.217472
13.000009 12.338219
11.108774 11.213201
10.3 10.466577
11.665578 11.457033
10.622879 10.476511
11.3 11.3487015
11.3 11.511264
11.3 11.373721
11.8 11.831402
11.5 11.45356
11.8 11.879141
11.900001 11.898714
11.900001 11.900321
11.2 11.472889
11.1 11.043644
11.3 11.539047
11.8 12.001911
11.3 11.326785
11.1 10.922019
11.1 11.154581
11.5 11.50403
10.738272 10.693666
11.8 11.259249
11.8 11.6117
11.0 10.940311
11.3 11.310237
13.777781 12.911384
12.899998 12.749651
11.2 11.29434
11.900001 11.892899
13.899971 12.685379
11.1 11.130706
11.2 11.278571
12.719789 13.2008295
11.5 11.216807
11.599999 11.52745
11.2 11.183624
11.242667 11.360181
10.79897 11.735601
11.900001 11.563413
11.3 11.363702
11.8 11.871248
11.900001 11.996664
11.999998 11.94957
12.499997 12.726654
11.5 11.572457
13.500008 13.180911
11.7 11.799223
11.2 11.426905
12.299998 12.292171
11.1 11.210197
11.900001 11.957454
11.2 11.262272
14.299971 13.180511
11.900001 11.887934
12.759556 13.510387
11.2 11.74085
11.999998 11.819284
11.8 12.0353155
11.599999 11.616898
11.8 11.787331
11.3 11.740013
11.622879 11.361831
11.95 12.104378
11.8 11.971038
11.999998 12.029119
11.900001 11.4151945
11.1 11.060386
13.200015 13.315254
11.5 11.310005
11.3 11.331052
11.549999 11.908291
12.399998 12.393224
13.800057 12.172669
11.5 11.591147
11.7 11.693231
11.2 11.198191
11.7 11.6551075
11.5 11.524996
13.399989 11.942778
11.1 11.097308
11.8447275 11.034286
12.199999 12.239122
12.299998 11.869351
11.3 11.194988
11.1 11.1833725
12.299998 11.813085
11.1 11.187559
9.79897 10.239519
11.3 11.305261
11.599999 11.674574
11.1 11.224833
15.299971 13.357774
11.599999 11.639215
11.1 11.153952
11.400001 11.455345
9.79897 10.039801
11.2 11.151721
14.668636 14.19594
11.900001 11.721882
11.7 11.817326
11.2 11.284811
11.058607 11.064104
13.399989 13.324955
13.986056 14.067743
11.2 11.191083
11.999998 12.528544
10.1 10.459866
11.2 11.501543
12.788246 12.800874
11.599999 12.227979
11.400001 11.316124
10.40103 10.567949
12.299998 12.077988
11.3 11.235549
11.1 11.17245
11.900001 11.907489
11.400001 11.300467
11.8 11.8478775
11.3 11.868578
12.199999 12.371382
11.900001 11.866224
11.900001 11.896524
11.8 11.839603
15.254902 14.52109
11.2 11.217862
13.299971 12.932253
11.5 11.496716
11.2 11.310344
11.1 11.221259
12.399998 12.489168
12.799992 12.898139
11.2 11.183051
11.1 11.057958
11.2 11.224621
12.599997 12.635622
11.999998 11.833484
13.999974 13.653168
11.900001 11.896404
12.299998 11.984295
11.999998 11.624588
11.2 11.224333
11.3 11.262425
11.1 11.667463
12.1 11.747982
11.900001 11.920074
11.79897 11.7800865
11.3 11.3992815
11.1 11.137928
11.400001 11.282997
11.1 11.890074
11.1 11.14427
11.8 11.717576
11.400001 11.434726
11.8 11.395166
11.2 11.255775
11.599999 11.553801
10.2 10.3827715
13.500008 13.175294
11.1 11.254764
11.2 11.252951
11.900001 11.905075
11.999998 12.028921
11.1 11.163942
11.7 11.726345
11.900001 11.896132
11.2 11.277125
11.400001 11.47495
11.900001 12.112673
11.599999 11.7949705
11.999998 11.993605
11.901343 11.7029915
12.799992 12.656496
11.7 11.557467
11.8 12.027034
11.2 11.165029
11.2 11.220937
11.2 11.254223
11.599999 11.975293
11.1 11.294596
11.8 11.851828
11.8 11.969948
12.299998 12.250955
11.2 11.225969
11.900001 11.87587
11.8 11.999425
11.999998 12.128129
11.5 11.699497
12.699998 11.498472
11.7 11.715075
11.8 11.744421
11.900001 11.88249
10.49794 10.553991
13.314671 11.3052845
11.5 11.536485
11.1 11.1364
11.900001 11.879227
11.400001 11.371443
10.520216 10.574863
11.8 11.4982605
11.2 11.234947
14.400163 14.178459
11.40103 11.375029
14.500117 13.567634
11.1 11.599081
11.900001 11.898262
12.299998 11.781054
11.1 11.160703
11.5 11.736915
12.299998 12.481944
12.899998 12.225894
11.2 11.25237
11.3 11.213922
13.600039 13.522045
11.336572 11.0144825
11.2 11.210799
12.399998 11.591543
11.400001 11.618864
11.2 11.269756
11.1 11.216185
11.3 11.457978
11.446788 12.057137
11.599999 11.748607
13.1 12.892585
12.499997 12.4201565
11.2 11.244633
11.3 11.467183
11.599999 11.531986
12.599997 12.024997
11.8 13.041771
11.5 11.650326
11.45 11.360973
11.1 11.151303
11.2 11.160488
11.2 11.214672
11.2 11.226891
11.1 11.129994
12.299998 12.582331
11.1 11.250435
11.599999 11.802104
11.3 11.620882
9.79897 9.994685
11.1 11.133947
13.200015 11.84113
11.5 11.700845
11.2 11.193185
11.3 11.284493
11.3 11.368901
11.7 11.717936
12.499997 12.321251
11.953872 11.5357685
11.7 11.854708
12.0 11.995061
11.239147 11.45186
11.1 11.210779
11.7 11.785617
12.010408 11.92343
12.499997 12.460318
13.864471 14.006519
11.7 11.977221
10.40103 10.58345
11.2 11.175368
11.3 11.364707
13.986056 13.928278
11.999998 11.896462
11.599999 11.623902
11.7 11.605487
11.2 11.213989
11.1 11.143319
11.999998 11.964107
11.1 11.0218
11.1 11.151404
11.7 11.922458
11.2 11.203238
9.508935 9.982522
11.999998 11.958889
11.3 11.3089285
12.418758 12.126615
11.719789 12.142679
11.3 11.350598
15.480535 14.926539
11.5 11.513379
11.5 11.325935
14.200179 13.380544
11.5 11.471651
11.3 11.258241
12.199999 12.784453
11.2 11.209022
11.8 11.848448
11.5 11.431969
11.1 11.172794
11.999998 11.928143
11.8 11.36275
11.2 11.172148
11.1 11.140491
11.1 11.158637
11.1 11.135474
11.5 11.149099
11.3 11.433681
15.456548 13.982685
12.699998 11.42562
11.2 11.243533
11.900001 11.941505
12.1 11.411365
11.400001 11.26075
11.2 11.257545
11.2 11.240554
12.19691 13.749044
13.000009 11.67828
11.5 11.453238
11.8 11.655622
11.2 11.608369
11.8 11.530858
11.400001 11.420007
12.299998 12.070294
11.1 11.122351
12.699998 12.008112
12.299998 12.323871
11.40103 11.369188
12.199999 12.235904
13.000009 11.842989
12.799992 12.064874
11.111138 11.147914
11.999998 11.9722
9.923909 10.290477
11.7 11.710224
11.2 11.222463
11.900001 11.882811
11.400001 11.375571
11.1 11.375607
13.200015 11.972325
11.400001 11.455095
11.5 11.582099
11.400001 11.46372
11.400001 11.394911
12.192825 11.823186
11.999998 12.492904
11.400001 11.360424
13.600039 12.83945
11.2 11.251692
11.1 11.16479
14.901343 13.769566
11.2 11.268591
11.5 11.601242
11.2 11.361927
11.400001 11.44811
11.7 11.707314
11.8 12.079623
11.900001 11.871677
12.799992 13.305374
11.2 11.181811
11.900001 11.944764
11.1 11.269136
11.2 11.160543
13.500008 13.430868
11.711954 11.530552
11.1 11.13913
13.1 13.126257
11.900001 11.903902
11.900001 11.872379
12.958547 12.519376
11.1 11.128903
11.2 11.188842
11.3 11.412385
10.9 10.885641
10.79897 10.266651
11.5 11.149973
14.8447275 14.394587
11.8 11.887418
11.1 11.138593
13.500008 12.579245
11.7 11.674344
11.254902 11.165617
11.8 11.789047
11.1 11.366675
11.2 11.186401
11.1 11.1503525
11.2 11.2263975
10.1 10.2734375
11.8 11.808372
11.400001 11.401159
11.2 11.271165
14.508935 13.679836
11.1 11.217538
12.599997 12.45802
14.1 13.428296
11.3 11.302336
11.7 11.766179
9.40103 9.692569
11.999998 11.987364
11.3 11.573312
11.212469 11.1629
11.5 11.413748
10.1 10.364187
12.599997 13.436403
10.839154 11.892356
11.7 11.346775
11.2 11.219356
11.900001 11.88555
11.8 11.774727
11.3 11.279438
11.3 11.451898
11.7 11.644503
11.1 11.162545
11.2 11.388654
12.499997 12.304281
14.500117 13.80233
14.40103 14.041681
15.1 13.043875
11.2 11.182621
11.7 11.949799
12.1 12.285551
11.3 11.349915
9.893174 10.244029
11.8 11.949609
11.599999 11.660723
11.5 12.319999
11.900001 11.942278
12.199999 11.361244
11.900001 11.928238
11.2 11.316411
11.1 11.13918
11.1 11.39387
12.06041 13.029728
11.2 11.209817
11.2 11.245587
11.1 11.203315
12.499997 12.382815
11.599999 11.646835
11.900001 11.868836
11.2 11.388604
12.699998 11.7508955
10.622879 10.63637
11.8 10.7698345
11.8 13.574181
11.7 11.574609
11.599999 11.596038
13.699981 13.292321
11.1 11.42815
12.543697 12.514099
12.199999 11.87715
11.1 11.147036
11.400001 11.598876
11.900001 11.909091
11.1 11.254237
13.011954 13.748032
12.699998 11.653546
11.2 11.493764
11.400001 11.461773
11.900001 11.889764
11.5 11.661014
13.1 13.228843
11.8 11.872485
11.900001 11.873561
11.3 11.369066
12.993441 12.492511
11.900001 11.750969
11.900001 11.692762
11.2 11.177819
11.2 11.207021
11.900001 11.947329
11.900001 11.822284
12.821246 12.597035
11.2 11.330904
12.434419 12.993954
12.899998 13.004403
11.8 11.870521
12.199999 11.802059
11.400001 11.229566
11.2 11.252614
11.599999 11.625087
11.3 11.350879
11.7 11.749516
12.799992 12.769405
11.2 11.195246
11.459518 11.1769085
11.2 11.196134
11.1 11.126446
11.7 12.359074
12.799992 13.349624
11.400001 11.376516
11.3 11.312704
11.7 11.712218
9.79897 9.980287
11.599999 11.532153
11.1 11.186742
11.534152 11.110602
11.3 11.427224
12.499997 12.399326
11.8 11.812211
11.8 11.748
11.900001 11.974303
11.7 11.782001
11.5 11.463135
11.400001 11.399487
11.1 11.160495
12.299998 12.788739
12.199999 11.34642
12.199999 11.778609
11.599999 11.637414
11.999998 11.975605
11.400001 11.313529
12.923909 11.190077
12.058607 11.450673
13.699989 13.235325
13.000009 12.484175
11.1 11.133592
11.2 11.19389
11.2 11.303394
13.1 12.659866
11.2 11.249508
10.2 10.313552
11.400001 11.434698
11.1 11.255468
11.3 11.395499
11.8 12.002411
11.1 11.166719
11.2 11.27194
11.1 11.130792
11.900001 11.880718
12.1 11.907273
11.900001 11.865993
11.900001 11.8908825
10.70206 10.71228
12.1 11.756032
11.8 11.922205
10.622879 10.701706
12.1 12.346924
11.2 11.188398
11.2 11.195777
11.900001 11.748705
13.1 13.07312
11.7 11.763239
11.5 11.47938
12.466532 10.879663
11.599999 11.181987
11.2 11.237
11.1 11.276996
11.2 11.213277
11.40103 11.022537
11.400001 11.577667
11.1 11.12169
12.699998 13.014122
11.400001 11.27122
11.900001 12.758722
11.165502 11.157157
13.299971 13.277889
10.7 10.525193
11.8 12.069419
11.1 11.146454
11.1 11.233071
11.8 11.886371
9.79897 9.861188
9.986056 10.256455
11.2 11.213388
11.7 11.74412
11.2 11.211134
12.078811 11.638775
12.1 11.186581
12.299998 11.746896
12.199999 11.938072
11.1 11.137939
11.3 11.39947
11.900001 11.891832
11.2 11.210631
11.1 11.179073
11.400001 11.41524
15.200179 14.104515
10.446788 10.422221
12.1 11.731543
11.7 11.590421
11.5 11.534441
11.1 11.202645
12.499997 12.456617
11.7 11.700871
11.900001 11.93865
11.3 11.353241
12.299998 11.671316
11.999998 12.071748
11.5 11.434681
12.723423 11.404715
12.199999 11.654107
14.1 13.119438
11.900001 11.880371
11.599999 11.615836
12.1 11.868164
11.5 11.527312
10.622879 10.603056
11.2 11.236788
11.2 11.171889
11.2 11.293596
11.400001 11.650614
11.8 11.803796
10.6 10.539449
11.999998 11.936945
11.7 11.702207
11.1 11.233226
11.2 11.190867
12.599997 12.436607
12.899998 12.464945
11.900001 12.111258
11.7 11.820289
11.2 11.267344
11.5 12.354374
11.999998 11.262709
11.5 11.399075
11.8 11.854636
11.2 11.203669
11.599999 11.554673
10.89588 10.8712435
11.2 11.097249
11.999998 12.15127
11.3 11.352928
11.599999 11.490662
12.899998 12.7920265
11.49794 11.7755165
13.299971 13.388782
10.1 10.1671715
13.600039 14.362382
11.2 11.237775
11.400001 11.542321
11.1 11.220428
12.899998 11.377993
11.900001 11.919224
11.400001 11.427965
11.8 11.9130125
12.399998 11.548884
11.1 11.1327095
11.1 11.296705
11.599999 11.616461
11.5 11.462248
11.1 11.149829
11.2 11.191118
10.79897 10.107374
11.7 11.730938
11.3 11.679962
12.399998 11.890862
11.1 11.136206
11.8 11.756841
11.599999 11.561508
11.8 11.879308
11.0 10.746351
13.47675 14.159273
11.5 11.521661
11.5 11.627056
11.5 11.544924
11.5 11.538048
11.599999 11.725321
12.49794 12.532342
11.0 10.8339
13.145758 12.616337
12.199999 12.228705
12.1 11.980217
11.8 11.830512
11.2 11.271806
12.555932 12.787017
11.5 11.684334
11.2 11.225527
11.3 11.534361
11.3 11.303127
11.900001 11.915416
11.599999 11.743408
11.3 11.450954
11.2 11.178082
11.7 11.957497
11.1 11.201519
11.5 11.451917
11.5 11.509297
11.8 11.822672
11.1 11.793853
12.1 11.988761
11.8 11.783883
11.5 11.805368
11.7 11.7200775
11.999998 12.005722
11.3 11.4350605
13.699981 13.622361
10.1 10.23217
11.3 11.1756525
15.117729 14.444235
10.40103 10.949301
11.3 11.381042
11.5 11.537746
13.999974 13.599725
11.1 11.146466
11.999998 11.380325
11.3 11.218916
12.799992 11.901863
11.8 11.814979
14.200179 13.783583
12.399998 11.974914
12.899998 12.682072
11.999998 11.986454
11.1 11.111954
10.40103 11.147907
11.2 11.220455
11.2 11.179728
11.2 11.289783
12.299998 12.576004
11.8 11.872881
13.500008 13.938087
11.400001 11.217068
10.79897 12.041605
11.900001 12.008826
11.400001 11.573988
11.5 11.323225
11.1 11.295971
11.3 11.266317
11.1 11.126844
10.4 10.597065
11.3 11.281889
11.900001 11.982792
11.2 11.206885
11.2 11.217397
11.2 11.237374
12.1 11.091248
12.499997 11.82386
11.7 11.706351
11.400001 11.358778
12.199999 11.8873205
11.1 11.377463
11.2 11.204116
11.999998 12.025253
11.900001 11.894987
11.5 11.498741
11.599999 11.561842
11.5 11.489632
13.299971 12.541533
11.3 11.318037
14.999629 14.741816
11.7 11.822033
11.1 11.98149
11.7 11.715229
10.622879 10.571577
11.901343 11.464256
11.1 11.163467
10.1 11.075605
11.7 11.807204
11.400001 11.486542
11.900001 11.868319
12.300659 12.204765
12.299998 11.6205845
10.7 10.496099
11.7 11.26872
11.8 11.814925
11.7 12.157129
11.3 11.281627
11.7 11.665558
11.2 11.255521
11.400001 11.370642
11.599999 11.559057
11.3 11.317859
11.999998 11.998414
11.7 11.6788025
11.2 11.242476
11.8 11.867508
10.4 10.572368
11.2 11.268839
11.043335 11.234053
10.8 10.523828
12.499997 12.087053
11.900001 11.866653
11.900001 11.914785
11.2 11.23718
11.900001 11.942203
11.19691 12.613113
11.2 11.285221
11.1 11.487015
13.699981 13.188723
12.199999 11.913921
11.400001 11.36866
11.822364 11.8719
13.500008 12.939292
11.599999 11.755871
13.999974 12.457659
14.500117 13.35711
11.3 11.373228
11.8 11.895059
11.3 11.353177
11.1 11.152286
11.7 12.155751
14.700326 14.252264
11.5 11.73491
14.200179 13.41534
11.7 11.670363
11.1 11.030268
11.900001 11.926428
11.3 11.559478
13.800057 13.291378
11.2 11.981566
11.49794 10.880735
11.5 11.532707
11.900001 11.839277
11.3 11.274145
10.8 10.657354
11.400001 11.462124
11.1 11.148195
11.7 11.690042
10.40103 11.039284
11.900001 11.749186
11.999998 11.782682
11.2 11.270137
13.500008 12.386599
11.5 11.944086
11.058607 10.433398
11.900001 11.881922
11.900001 11.8785305
11.3 11.322504
11.2 11.237519
11.2 11.188555
11.900001 11.82583
12.399998 11.872558
11.5 11.576853
11.900001 11.667596
10.4 10.550227
11.2 11.1142645
11.900001 11.88548
11.599999 11.384531
11.2 11.313872
11.900001 11.886725
11.2 11.2392845
11.5 11.480225
11.900001 11.968179
11.3 11.807207
12.199999 12.111839
11.999998 11.91197
11.5 11.469296
11.400001 11.383204
11.5 11.708873
12.251195 11.257076
13.555932 12.796382
12.399998 12.106689
11.581486 11.671777
12.399998 12.384715
11.2 11.251434
12.685027 12.458025
11.2 11.287164
11.7 11.703023
11.2 11.224121
12.499997 11.732156
11.1 11.134164
12.699998 12.4483185
11.1 11.203259
11.2 11.210998
11.599999 11.47857
11.900001 12.496951
11.7 11.756165
11.900001 11.878969
12.899998 12.8705225
11.900001 11.845685
11.900001 11.84725
12.1 11.902827
11.599999 11.567349
11.3 11.474685
11.2 11.183427
11.7 11.762616
11.8 12.057787
11.7 11.753542
11.900001 11.8857155
11.5 11.681524
10.7 10.561153
13.899971 13.122758
11.5 11.546274
11.2 11.257899
14.200179 14.266808
13.600039 12.521112
11.2 11.18408
12.199999 12.1449585
11.999998 11.765577
11.900001 12.2318325
11.821246 11.815809
11.2 11.254494
12.399998 11.60634
11.999998 11.648122
11.2 11.249002
11.5 11.635925
10.40103 10.977562
11.1 11.287427
12.599997 12.445595
11.900001 12.214664
11.599999 11.621065
11.3 11.714596
11.7 11.547941
11.599999 11.588673
12.199999 11.8991585
11.1 11.124488
11.5 11.496817
11.2 11.286535
11.2 11.332481
11.8 11.581374
13.699981 13.087996
11.900001 11.801882
11.7 12.254087
11.3 11.24966
11.900001 11.969508
12.1 11.823521
11.2 11.195523
12.1 12.009602
11.5 11.854961
11.8 11.21282
11.2 11.311215
11.1 11.535167
11.3 11.269998
11.7 11.706276
15.79897 10.918644
11.1 11.124157
11.400001 11.288548
10.1 10.3495455
11.49794 11.379323
11.2 11.24055
11.2 11.178224
11.599999 11.71217
11.2 11.28675
11.392429 11.982354
11.7 11.631491
11.2 12.346783
11.900001 11.627237
11.8 11.826565
11.3 11.699576
11.7 11.561007
11.7 11.514163
11.555932 10.752753
11.999998 11.897721
11.999998 11.974649
11.3 11.398935
11.7 11.759045
11.599999 11.477943
11.8 11.390215
11.8 11.663551
12.499997 12.598038
11.3 11.428126
11.2 11.327692
11.3 11.351146
12.199999 12.225383
13.000009 12.759086
11.3 11.324477
11.7 11.783276
11.1 11.163332
11.5 11.660519
11.5 11.586005
11.900001 11.280217
11.900001 12.249563
11.2 11.288345
11.2 11.201789
11.900001 11.876549
11.599999 11.555061
11.5 11.602793
11.2 11.269987
11.2 11.256759
12.399998 12.254758
11.5 11.339827
12.058607 12.177387
11.400001 11.35961
15.400163 14.916151
11.2 11.305409
11.999998 12.203163
11.5 11.510427
11.599999 11.86385
11.599999 11.497205
11.900001 11.924974
11.900001 11.72808
11.5 11.452325
10.1 11.935705
11.900001 11.878321
10.40103 10.475753
11.1 11.149638
11.900001 11.939587
11.400001 11.48922
11.900001 11.852065
11.2 11.310291
11.2 11.192528
13.299971 13.224493
11.999998 12.101785
11.400001 11.442735
11.3 11.24931
11.1 11.077168
12.499997 12.06753
15.1 14.722877
11.2 11.192885
10.7 10.537106
11.8 11.803052
11.5 11.743956
11.8 11.800451
14.40103 14.571774
11.2 11.235406
12.199999 12.32954
11.400001 11.396271
11.3 11.388838
11.0 10.594896
11.3 11.463071
11.599999 11.95115
11.900001 11.901346
11.1 10.564784
11.8 11.859249
11.7 11.8015375
11.1 11.192658
11.400001 11.374125
11.900001 11.870899
11.2 11.195838
11.2 11.248971
11.400001 12.164873
15.299971 14.636408
11.3 11.169854
11.7 11.988612
11.400001 11.432839
11.400001 11.348722
11.5 11.607943
11.1 10.975062
11.5 11.416851
11.1 11.064756
11.900001 11.87701
10.2 10.527467
12.599997 12.867118
12.699998 12.294601
11.1 11.164296
12.899998 11.532005
11.3 11.373406
11.2 11.3271265
11.3 11.354914
11.49794 11.417211
11.900001 11.890255
13.409894 13.837953
11.8 11.428831
11.1 11.15537
12.1 11.529401
11.900001 11.878783
11.2 11.193898
11.75 11.605288
11.1 11.019179
11.3 11.315792
12.499997 12.084893
10.40103 11.902486
13.1 12.543857
11.1 11.133331
11.3 11.365319
11.400001 11.456575
11.999998 11.519896
11.2 11.566785
11.2 11.291512
11.1 11.160318
14.145758 14.10316
12.699998 11.814097
13.1 11.64072
11.7 11.592519
11.599999 11.211584
11.2 11.194233
12.499997 12.269845
11.2 11.346989
11.1 11.245799
11.2 11.20047
11.999998 12.13826
11.5 11.529877
11.900001 11.788557
11.3 11.249919
11.400001 11.362919
11.900001 11.897322
10.79897 10.121278
11.8 11.648144
11.400001 11.469025
11.2 11.34675
11.1 11.1748905
13.299971 12.823569
11.2 11.238613
11.3 11.376551
11.900001 11.8999815
11.2 11.194556
13.800057 13.561803
11.2 11.245196
12.460513 12.770265
11.5 11.588877
12.321849 11.622787
10.1 10.606865
11.1 11.056345
11.5 11.572182
11.5 11.449463
11.2 11.2848425
11.7 11.682808
11.7 13.5002
11.3 11.253054
11.2 11.213036
10.70206 10.702342
11.1 11.146905
10.9 11.357333
12.499997 12.654546
11.5 11.585379
11.2 11.174899
12.899998 13.467818
11.2 11.221836
11.2 11.177472
10.1 10.324767
11.2 11.213163
11.599999 11.489987
10.4 10.558549
14.600313 14.018209
11.7 11.885301
11.900001 11.826804
11.2 11.406635
10.5 10.763399
11.7 11.682458
13.000009 12.598493
11.2 11.195888
14.869551 14.470683
11.2 11.236826
12.49794 10.55347
12.899998 12.405857
11.1 11.166766
11.2 11.20268
13.200015 13.577998
11.8 11.894767
13.500008 13.343004
12.699998 11.884139
11.2 11.528543
11.400001 11.4816475
11.2 11.210396
12.799992 11.882685
13.200015 12.26215
11.1 11.487167
11.89588 11.477619
11.1 11.173367
11.900001 11.957149
11.5 11.590396
12.599997 11.732216
13.800057 13.57204
11.923909 11.159435
11.5 11.469729
11.2 11.173612
11.2 11.17559
10.49794 10.816082
12.953872 12.323867
11.3 11.313825
11.999998 11.420205
11.1 11.111045
10.418758 11.592247
11.1 11.207402
12.499997 12.056938
14.1 13.384621
11.7 11.656187
12.499997 11.955764
13.500008 12.901614
11.8 11.837668
11.599999 11.564639
11.7 11.699784
12.199999 11.528653
11.599999 11.141158
12.299998 12.373878
11.8 11.842211
14.299971 12.945695
11.1 11.234612
13.600039 12.446897
11.900001 11.85265
13.986056 12.390774
10.1 10.267171
11.5 11.437673
13.465243 12.824291
11.400001 11.442333
11.400001 11.324055
11.900001 11.849695
11.599999 11.628674
11.999998 11.928654
12.899998 12.337055
11.2 11.340603
11.115759 11.149894
12.699998 12.274789
11.5 11.886512
11.900001 11.51419
11.5 11.494791
11.3 11.343574
12.699998 12.014021
11.900001 11.884209
12.953872 12.90012
11.8 11.787958
13.899971 13.9120655
11.2 11.250223
11.8 11.504781
14.600313 13.639301
11.2 11.20316
11.999998 11.872142
11.711954 11.6
11.900001 11.805609
11.900001 11.872658
10.1 10.409343
12.399998 11.704573
9.622879 10.288262
11.2 11.199701
10.70206 10.692611
12.1 12.336045
10.1 10.249839
11.599999 11.721041
11.3 11.402765
11.900001 11.869942
12.699998 12.903253
13.299971 13.03993
11.599999 11.656671
11.2 11.232005
11.400001 11.350654
11.1 11.645455
12.399998 11.340882
11.3 12.043347
11.599999 11.673558
11.7 12.48171
11.400001 11.5147505
13.622879 13.39549
12.199999 11.823277
11.599999 11.658642
11.5 11.579641
11.999998 11.991778
14.1 13.421251
12.699998 12.829976
11.2 11.199098
11.900001 11.908681
12.54855 12.549762
12.399998 11.842646
11.2 11.186509
11.900001 11.894644
11.5 11.9477625
11.900001 11.872019
12.399998 12.062076
11.8 11.868015
10.89588 10.862662
12.299998 12.093933
11.1 11.113654
11.1 11.150634
11.599999 11.588304
13.1 12.583814
12.299998 11.565939
11.2 11.237248
11.7 11.686018
11.2 11.6036415
10.3 10.503076
11.999998 11.997468
11.2 11.218908
11.7 11.637417
11.2 11.2276745
11.2 11.198092
13.622879 13.33298
11.8 11.656608
11.400001 11.367909
13.214758 12.695511
12.175721 12.252626
13.1 12.003079
11.1 11.149388
11.2 11.172577
11.8 11.8866005
6.1 5.8777714
9.506714 9.99132
11.400001 11.53987
13.1 12.796626
10.4 10.505014
11.400001 11.365254
12.078811 11.514854
11.999998 11.938915
11.8 11.806785
11.599999 11.766793
10.958237 10.869545
11.5 11.6819
12.299998 12.151792
11.5 11.583623
14.8447275 12.89114
11.900001 11.89036
11.2 11.2383585
11.400001 11.424976
11.7 11.732366
12.199999 11.805346
11.999998 11.895785
10.1 10.487929
12.499997 12.169749
11.400001 11.381931
11.2 11.229409
10.4 10.383474
12.599997 12.64857
11.900001 11.629566
11.2 11.313839
12.399998 12.061595
11.900001 11.871702
11.2 11.170074
11.1 11.162537
11.900001 11.9100065
11.900001 11.874846
14.299971 13.362238
11.2 11.781179
11.2 11.22253
15.49794 14.550732
11.058607 10.928536
11.599999 11.64094
11.599999 11.642683
11.5 11.496751
11.5 11.519793
11.999998 12.568038
11.599999 11.888957
14.400163 13.385274
13.000009 12.917458
11.1 11.172389
15.299971 14.88429
11.599999 11.74355
11.2 11.193674
10.622879 10.479151
11.1 11.150154
11.2 11.436566
9.79897 10.0564165
11.5 11.265488
11.900001 11.852392
11.2 11.178243
13.1 13.640197
11.599999 11.499628
12.1161 11.229285
11.2 11.2091875
11.7 11.67181
10.1 10.173462
11.2 11.233657
11.5 11.200025
11.8 11.845312
11.1 11.228739
10.622879 10.635936
11.1 11.155021
11.1 11.204339
11.599999 12.014542
12.1 11.208262
11.2 11.3572235
11.2 11.293448
11.2 11.453343
10.2 10.421011
11.599999 11.582057
11.3 11.383413
11.3 11.382881
12.499997 12.973565
11.1 11.149391
11.8 12.729679
12.199999 11.54298
12.199999 12.526042
11.5 11.556522
11.822364 11.947451
11.7 11.903594
11.599999 11.704534
11.5 11.77113
11.400001 11.484418
12.599997 11.427152
12.699998 11.778223
11.5 11.511587
12.199999 12.25105
11.2 11.452161
11.5 11.380014
12.499997 11.95376
11.5 11.544244
13.47675 11.6001835
12.799992 11.696897
11.8 11.794731
13.600039 13.478727
11.900001 11.931317
11.400001 11.978142
13.000009 12.978062
11.2 11.229351
12.199999 11.728438
11.1 11.1638975
11.2 11.167457
11.3 11.203624
11.1 11.236656
13.1 13.453273
9.79897 10.260464
12.299998 12.238477
13.600039 13.08599
12.199999 11.55484
11.1 11.139894
12.199999 12.105968
11.400001 11.456068
11.400001 11.443451
12.299998 12.413041
11.7 11.365448
12.799992 12.788493
11.2869625 11.305414
11.815606 12.644195
11.1 11.587991
11.5 11.504135
11.599999 11.3028
12.399998 12.673868
11.400001 11.212616
12.399998 12.265803
11.7 11.661167
11.3 11.288164
12.1 12.187421
13.800057 11.326971
11.7 11.920194
10.79897 10.542593
11.5 11.294409
11.999998 11.898389
11.1 11.139079
11.999998 11.994869
11.1 11.372558
11.900001 11.962837
11.622879 12.004955
11.400001 11.279102
11.1 11.310746
11.900001 11.996379
11.3 11.190315
10.3 10.54431
10.4 10.460859
10.5 10.549327
14.145758 13.939606
10.1 10.600666
11.900001 11.925501
11.1 11.092899
11.400001 11.544487
11.900001 11.931191
11.7 11.729347
11.1 11.304856
11.3 11.382506
12.248742 13.155611
10.70206 10.696495
12.199999 11.623135
12.299998 12.94344
11.900001 11.880733
11.3 11.442926
11.303734 11.4305315
11.900001 12.007984
13.180922 12.59082
11.5 11.490924
11.1 11.149888
11.2 11.161191
10.1 10.244756
11.2 11.160558
11.207906 10.629291
11.900001 11.906822
11.2 11.258593
11.2 11.188541
11.1 11.160133
11.400001 11.4126215
11.3 11.338782
11.5 11.654818
11.8 11.826374
11.2 11.31306
14.200179 13.980829
11.1 11.260716
11.5 11.604509
11.5 11.925842
10.9 11.019188
13.200015 12.695557
12.799992 11.830817
12.499997 11.954971
11.599999 11.488843
10.2 10.63278
11.8 12.565221
11.2 11.176415
11.8 11.803812
11.900001 11.857294
11.2 11.229395
10.186186 10.2527275
13.399989 13.547861
11.5 11.485002
11.1 11.140236
11.5 11.526298
11.1 11.148966
11.2 11.28798
11.1 11.266413
12.199999 12.041859
11.1 11.299573
11.1 11.12234
12.499997 12.963913
11.5 11.575622
12.199999 12.057453
11.1 11.18599
11.1 11.188818
11.5 11.4913845
12.799992 11.781256
11.2 12.1012
12.1 12.201466
11.900001 11.926748
12.418758 12.706539
11.3 11.261142
11.3 11.340109
11.400001 11.592265
12.399998 11.940826
11.999998 12.3148775
11.5 11.439029
11.2 11.203193
12.499997 12.858123
11.1 11.123763
10.79897 10.266534
11.3 11.514645
11.2 11.154343
11.2 11.242096
11.999998 12.419881
11.1 11.039138
11.1 11.190198
14.901343 14.532385
12.699998 12.102022
12.199999 11.849499
10.79897 10.58175
11.2 11.243856
11.1 11.131843
11.599999 11.522583
11.1 11.265203
11.1 11.343974
11.599999 11.633024
12.599997 11.679146
12.199999 12.176155
11.7 11.873393
11.900001 11.849847
11.2 11.204992
11.2 11.454697
11.1 11.123947
11.900001 11.855269
12.299998 11.882402
11.999998 11.705633
11.2 11.293074
14.1 14.256414
9.79897 10.3144045
12.899998 12.9193125
11.7 11.750714
11.2 11.278438
11.5 11.53868
11.1 11.561125
11.3 11.377098
11.599999 11.733239
11.900001 11.943699
12.299998 11.757452
11.7 11.604577
11.7 11.685906
11.3 11.25806
12.699998 11.805618
11.2 11.2109165
11.1 11.133515
11.3 11.51276
12.1 12.040657
13.200015 13.153126
12.299998 12.335152
11.1 11.1501665
11.7 11.895436
11.1 11.195914
11.5 11.174405
11.900001 11.847154
11.8 11.711091
11.7 12.208397
11.2 11.229655
10.321849 10.239564
11.900001 11.885972
11.1 11.1509495
11.900001 11.945638
12.199999 12.230213
11.7 12.372581
11.1 11.421526
10.8 10.796745
14.299971 13.217989
11.1 10.637736
12.699998 11.685787
11.400001 11.573693
11.1 11.144085
11.400001 11.528636
11.1 11.153367
11.1 11.16128
11.3 11.333335
12.399998 11.940147
11.1 11.189378
12.1 12.189578
13.1 12.076822
11.5 11.523737
11.400001 11.432947
10.445824 10.55443
11.2 11.329021
11.3 11.385473
11.400001 11.424877
12.899998 12.882174
13.000009 12.984617
11.900001 11.875339
11.400001 11.450017
11.400001 11.428751
11.900001 12.624792
11.5 11.667966
11.3 11.56884
11.1 11.241333
11.900001 11.866392
10.622879 10.562022
11.3 11.451401
11.2 11.212679
12.199999 12.290099
11.5 11.695041
11.5 11.491836
11.999998 11.674275
11.3 11.266406
11.3 11.5027
11.1 11.198106
11.2 11.40237
11.3 11.7272215
11.8 12.427183
13.299971 13.470142
11.2 11.206944
11.900001 11.726529
11.599999 14.072652
11.2 11.357733
12.990712 12.617879
14.400163 14.3625965
13.500008 12.409309
11.1 11.168949
11.2 11.207824
11.5 11.490559
11.1 11.133591
13.821246 14.239668
11.7 11.801161
11.1 11.9596
11.1 11.184142
12.1 11.814556
12.599997 12.873306
11.1 11.14465
11.7 11.775159
11.2 11.245385
11.400001 11.426542
12.1 11.335383
11.2 11.198051
14.600313 14.075983
10.70206 10.686804
10.4 10.689515
11.685027 11.877862
15.254902 12.546544
11.1 11.21983
11.8 11.772271
12.499997 11.445597
11.2 11.320021
11.1 11.509255
11.1 11.168484
11.3 11.291137
15.200179 13.600525
13.399989 13.744245
11.29586 11.221624
12.299998 12.165925
14.8447275 14.480079
11.900001 11.931799
12.1 11.119489
12.923909 12.871114
12.218045 11.315046
11.900001 11.382228
11.400001 11.404631
11.999998 11.8726015
11.3 11.3840475
11.999998 11.954929
11.5 11.470193
11.2 11.218173
12.520216 11.214386
11.45 11.503216
14.79897 14.034326
11.2 11.220817
11.3 11.764723
10.1 10.332178
11.1 11.128905
11.2 11.432386
11.900001 11.560209
11.999998 11.953248
11.3 11.410395
11.900001 11.89527
11.8 11.824153
11.2 11.223544
11.1 12.876521
12.599997 12.878121
11.3 11.400249
11.8 11.898729
10.1 11.1257515
11.2 11.193986
11.8 11.814812
11.3 12.182945
13.1 12.7019205
11.5 11.612122
11.1 11.83637
10.976149 11.206787
11.2 11.266083
12.1 11.282753
13.000009 13.196773
11.900001 11.580904
11.2 11.198627
11.900001 11.880589
11.3 12.174861
10.70206 10.724799
10.1 10.370531
11.1 11.36635
12.145758 12.162831
11.1 11.169815
14.999629 14.450998
11.1 11.253426
13.899971 13.137378
12.1 11.660687
10.622879 10.603469
11.3 11.327378
12.499997 12.614329
11.2 11.279429
12.199999 12.181001
11.999998 11.990543
11.900001 12.018753
13.500008 12.284722
11.1 11.155876
11.2 11.18118
11.7 11.620126
11.3 11.325596
11.788246 11.690837
11.2 11.458719
11.2 11.239832
11.400001 11.539221
12.199999 12.15568
11.7 11.742658
11.999998 12.056008
12.599997 12.020084
11.2 11.177354
11.900001 11.941616
11.1 11.237623
11.599999 11.254893
11.5 11.563414
11.7 11.853675
13.600039 12.125694
11.900001 11.924302
10.622879 11.901183
11.2 11.274297
12.799992 13.361019
11.400001 11.41589
11.8 11.788017
13.500008 11.925109
13.500008 12.963436
11.3 11.535319
11.400001 11.45878
11.2 11.139105
11.900001 12.341895
11.1 11.14307
11.2 11.315701
11.8 11.68358
14.719789 14.109147
12.299998 11.847958
11.3 11.824237
12.499997 12.44454
11.1 11.150871
11.5 11.690467
11.2 11.25526
11.999998 12.111254
11.8 11.8649235
13.500008 12.270434
11.900001 11.879728
14.1 13.756388
11.2 11.308147
11.5 11.707158
11.5 11.665607
10.581486 10.9882
11.7 11.849079
14.1 12.96732
11.2 11.282627
11.2 11.381409
