11.8 12.018174
10.1 9.825227
12.699998 12.059046
11.2 11.265966
11.1 11.199474
12.599997 12.649605
11.8 11.906089
11.8 12.114637
11.3 11.399954
11.1 11.214836
12.351812 12.45035
11.3 11.929055
11.2 11.21317
12.499997 12.715069
12.599997 12.17503
11.2 11.4600315
11.900001 12.141962
13.685027 14.004347
11.2 11.253846
11.2 11.253103
11.665431 11.195376
12.799992 11.874125
11.7 11.613373
10.79897 10.065304
11.2 11.411498
11.2 11.254583
13.972057 12.96818
11.599999 12.241446
9.40103 9.565287
12.1 12.044365
11.900001 11.977857
11.5 11.434078
12.499997 12.432507
11.900001 12.025555
11.1 11.251882
11.1 11.161893
11.5 11.951573
14.1 13.283757
11.3 12.010393
11.3 12.076587
13.1 12.665846
11.400001 11.878632
11.5 11.90066
12.599997 12.108448
12.543697 11.996009
11.3 11.335213
11.1 11.20765
12.899998 12.3011875
12.199999 11.568943
11.7 12.205744
11.3 11.338118
11.900001 12.05076
11.1 11.278728
11.599999 11.606108
11.1 11.202293
11.999998 11.982918
11.599999 11.586774
11.900001 12.142483
13.608639 13.556829
13.344125 12.558483
11.2 11.280859
11.1 11.087577
10.622879 10.590095
12.699998 12.120989
11.900001 11.985531
11.999998 12.073735
13.999974 13.638808
12.499997 12.674646
11.999998 11.9531555
10.9 10.7212515
11.999998 12.087976
11.7 11.946356
11.2 11.287648
11.8 11.856913
11.3 11.359402
11.7 11.894056
11.900001 11.852049
12.087163 13.148319
11.1 11.176102
13.299971 12.196669
11.5 11.5772295
11.900001 11.403034
12.299998 12.698472
13.200015 10.876968
13.0914 13.007438
11.8 11.822224
12.199999 11.318621
12.29382 13.268963
11.7 11.898029
11.1 10.8287325
11.8 11.862144
12.5999975 12.3367605
11.2 11.674971
11.2 11.233463
11.2 11.2682495
11.2 11.348447
11.400001 11.488852
11.2 11.223007
12.199999 12.07695
11.2 11.321024
12.899998 12.572553
11.2 11.228344
11.900001 11.968149
11.900001 12.095116
14.200179 11.789885
11.8 11.910887
11.599999 11.55797
11.7 11.97323
11.3 11.459559
11.2 11.256856
11.3 11.299618
11.2 11.362855
11.400001 11.445448
11.900001 12.183526
14.40103 13.915804
11.3 11.367509
10.1 10.419857
11.900001 11.96832
11.400001 11.390111
13.699981 13.0914345
10.581486 11.025609
11.5 11.731432
11.599999 11.650255
11.400001 11.346561
15.26892 14.643528
12.199999 11.656288
11.5 11.675549
11.900001 11.965593
11.7 11.90204
11.2 11.28409
11.8 11.855911
12.1 11.742686
12.299998 12.474384
10.70206 10.700175
11.900001 11.601021
11.900001 11.963092
11.3 11.445259
11.3 11.366394
11.7 11.700508
13.167756 13.085993
11.7 11.757798
11.900001 11.519598
11.999998 11.993605
10.869551 9.924248
12.399998 12.847433
11.7 11.890018
13.399989 12.615281
11.900001 12.006676
11.2 11.339053
11.2 11.37831
11.1 11.221251
11.5 11.592056
11.1 11.391237
10.1 10.241421
11.2 11.349922
13.000009 13.821994
14.1 14.541746
11.7 11.814522
11.3 11.429652
10.1 11.239476
12.685027 12.656544
12.1 12.034014
11.1 11.263149
11.5 11.6630745
11.078811 11.119279
11.999998 12.127226
10.49794 10.012703
11.5 11.58551
12.901632 11.295873
11.400001 11.531351
11.2 11.301503
10.40103 10.299698
11.543697 12.508554
12.499997 12.380409
11.7 12.90856
11.7 11.745534
12.299998 12.58253
11.5 12.209228
11.1 11.432205
11.2 11.357184
14.1 14.344403
11.999998 11.971535
11.900001 12.025635
12.738272 12.681056
11.7 11.877639
10.79897 10.827515
13.1 12.628125
11.5 11.290464
11.999998 12.007863
11.400001 11.513966
11.1 12.249183
11.1 11.279671
11.8 11.329335
12.195114 11.665913
11.2 11.241219
11.999998 12.066366
11.900001 12.154309
9.70206 10.375755
11.8 11.892703
11.999998 11.905536
11.5 11.745843
11.400001 11.34556
12.899998 12.365669
12.199999 12.108095
11.400001 11.584452
11.3 11.454304
11.3 11.431397
12.599997 11.304722
13.1 12.173991
11.3 11.281473
12.1 12.593208
12.461728 11.924854
12.899998 11.825552
13.899971 13.428458
9.79897 10.056549
11.999998 12.347392
10.89588 14.282641
12.499997 11.923663
11.7 11.665031
11.900001 11.985758
10.1 10.182509
13.399989 13.338369
11.2 11.331799
11.900001 12.028288
11.1 11.411217
11.1 11.244014
11.900001 11.963286
12.1 11.905701
11.400001 11.43102
12.199999 11.309087
11.5 11.426702
10.1 10.0239
11.8 11.916683
11.7 11.769373
11.622879 12.414875
10.99279 11.151947
12.599997 12.092331
11.5 11.60199
11.1 11.834913
11.2 11.341896
11.900001 11.947084
10.4 10.521345
12.1 12.637232
11.5 11.620728
11.599999 11.584606
11.8 11.723843
12.699998 12.337822
11.8 11.900828
11.555932 11.538659
12.199999 12.222745
11.900001 11.765547
11.1 11.340453
11.5 11.67457
11.599999 11.719436
11.900001 12.460128
11.3 11.46999
12.685027 12.565512
11.3 11.302557
11.900001 11.938774
10.49794 10.604633
11.1 11.137994
11.900001 11.966664
12.1 11.966591
11.1 11.28647
11.5 11.476279
10.79897 10.936215
11.8 11.865749
12.599997 11.898333
11.3 11.379011
11.7 11.839791
11.400001 11.781544
11.2 11.304273
11.3 11.363104
11.3 11.750059
10.70206 10.699377
11.861954 10.810833
11.900001 11.931598
11.1 11.154704
12.299998 12.259041
11.2 11.624204
10.70206 10.763095
11.2 11.390826
12.1 12.060905
11.5 11.637944
12.399998 12.119161
14.299971 12.184979
11.3 11.417272
11.2 11.296403
12.799992 13.451225
11.2 11.264921
12.1 11.676413
11.8 11.763334
11.3 11.363265
12.199999 12.000802
13.899971 13.645223
11.7 11.772544
14.738272 14.813531
11.900001 11.661255
11.900001 11.903225
11.3 11.367491
11.3 11.414202
11.2 11.526292
11.2 11.212485
11.599999 11.586275
11.900001 12.19272
11.400001 11.505938
11.5 11.089099
12.1 11.999836
11.2 11.252643
11.3 11.504831
11.1 11.842827
11.999998 12.103566
10.531798 11.11116
11.1 11.344677
11.99279 11.036421
11.900001 12.093615
14.299971 13.221334
11.5 11.6705065
11.900001 12.014431
11.3 11.346067
11.5 11.3996935
13.864471 13.445503
14.118106 13.485547
11.599999 11.639627
11.900001 11.904901
11.5 11.576472
11.2 11.214609
11.3 11.408007
10.622879 10.81731
11.8 11.861258
12.79897 12.640684
11.999998 11.642548
11.1 11.1416445
11.2 11.276182
11.900001 11.984556
11.1 11.240124
11.3 11.475484
11.1 11.350526
12.499997 11.506216
11.999998 12.082399
12.299998 13.075405
11.1 11.169468
11.900001 11.960569
11.999998 12.059048
14.1 12.948686
13.600039 13.295399
10.1 11.405069
12.799992 11.8820915
11.3 11.917374
11.7 11.893387
10.622879 11.020022
11.1 11.253057
10.1 10.74412
12.299998 12.462713
11.1 11.238404
13.1 12.900681
11.900001 11.950898
11.1 11.223039
11.5 11.612995
13.200015 12.558535
11.999998 12.504265
11.3 11.390948
11.5 11.43651
11.3 11.705361
12.199999 12.393965
11.900001 11.91335
10.1 10.838209
12.299998 13.685441
11.400001 11.4691725
10.622879 10.65784
11.999998 12.08882
11.2 11.251728
11.400001 11.727362
14.299971 14.12451
11.2 11.287902
11.8 11.921227
10.622879 12.109965
11.5 11.695683
12.199999 12.333218
10.224938 11.329993
11.7 12.097979
12.399998 12.909387
11.999998 12.072834
10.40103 10.227322
11.8 11.808991
11.2 11.347438
11.2 11.292847
12.300659 13.161594
11.7 11.922632
12.299998 11.341882
11.1 11.188402
11.3 10.863873
14.49794 12.724617
11.1 11.390165
11.400001 11.34465
11.7 11.673154
10.1 10.412141
11.3 11.532219
11.1 11.234245
11.7 11.83208
12.699998 12.889698
11.1 11.545261
11.900001 12.052199
13.923909 12.25136
13.200015 11.700605
13.800057 12.8144045
11.400001 11.381027
12.1 11.951413
10.520216 10.47179
11.108774 11.279001
11.5 11.662922
11.2 11.351597
13.1 13.270735
12.199999 12.050989
11.999998 11.830625
13.999974 13.401911
11.999998 12.605116
12.499997 12.352796
11.900001 11.695734
11.999998 12.139608
11.1 11.336971
11.2 11.319741
11.3 11.5080805
12.599997 12.444204
11.2 11.2662
11.900001 11.995305
11.999998 11.909483
11.5 11.646681
13.699981 13.452294
12.499997 12.806585
11.5 11.349055
11.7 11.9049225
11.599999 11.655006
12.448722 11.721259
11.3 11.387308
11.19691 12.140306
11.7 11.49081
11.5 11.6802225
11.900001 12.643487
11.2 11.377545
11.8 11.936448
11.1 11.20881
11.7 11.649942
11.599999 11.625968
12.799992 12.378418
11.8 11.892008
11.2 11.649924
11.900001 11.946169
11.2 11.249528
11.999998 11.554037
11.599999 13.347393
11.599999 11.35634
11.5 11.559029
11.7 11.833008
11.1 11.274122
11.1 11.633041
11.900001 11.859491
11.1 11.207967
11.900001 11.97598
11.2 11.378971
11.599999 11.744858
11.3 11.331417
11.8 12.09922
11.900001 11.804887
11.3 11.511152
13.020819 12.208122
10.1 10.319943
9.70206 9.717878
11.1 11.135832
11.1 11.147941
12.199999 12.267838
11.7 11.2579975
11.3 11.369494
11.8 11.952276
11.5 11.922605
12.399998 11.4895935
11.2 11.266187
11.999998 11.946524
11.2 11.242938
12.953872 12.213354
11.599999 11.576654
12.113436 12.023318
11.3 11.778864
14.1 13.196722
10.1 11.056823
11.2 11.500574
11.5 11.437285
12.1 12.509012
11.599999 11.553243
11.2 11.275324
11.7 11.891656
11.999998 11.970266
11.1 11.242867
11.999998 11.971752
11.1 11.187922
11.400001 11.55217
11.640608 11.954569
11.900001 11.938854
11.3 11.727093
11.7 11.754769
11.2 11.375756
11.1 11.1081505
12.699998 11.867542
11.5 11.890629
10.622879 10.749868
11.999998 11.781696
11.1 11.354018
11.5 11.385525
11.543697 11.251392
11.5 11.595142
11.8 11.551088
11.3 11.528118
10.652842 11.7034235
11.2 11.399134
13.699981 13.451733
10.40103 10.890051
10.79897 11.0084305
12.399998 11.366038
11.5 11.981691
11.2 11.424812
11.5 11.337999
10.1 10.430372
11.8 11.8730955
11.7 12.042202
11.5 11.589678
11.7 12.046501
11.2 11.238784
11.1 10.589757
11.5 11.676096
10.70206 10.500621
11.1 11.2245245
11.1 11.178608
11.3 11.522534
11.2 11.274396
11.599999 11.478862
11.7 11.6464
11.8 11.791529
11.1 11.217602
11.8 11.942052
10.70206 10.756268
11.900001 12.575594
10.79897 11.4720545
11.400001 11.45517
12.1 11.991652
11.2 11.365099
11.5 11.639051
11.1 11.031136
11.5 11.595777
11.999998 12.065483
12.777781 11.833726
11.7 12.076305
11.1 11.367981
11.8 12.852942
11.7 11.887114
11.2 11.333949
12.1 12.282227
11.999998 12.006766
12.499997 12.443013
12.599997 11.697509
11.400001 11.553318
12.1 11.834316
12.299998 12.465363
11.8 11.9762335
11.5 11.623684
13.117729 13.299685
11.8 11.855399
12.1 12.0238
11.2 11.309067
13.399989 11.392391
11.2 11.370983
11.5 11.662689
11.2 11.325779
9.79897 10.0398655
11.3 11.726271
11.3 11.633972
11.7 11.842005
11.7 11.876461
11.900001 12.057651
11.2 11.287811
11.7 12.124729
11.179355 11.503846
11.8 11.988697
11.900001 11.993604
12.079304 11.625748
11.3 11.463927
11.400001 11.488909
11.235986 11.161364
11.1 11.170304
11.3 11.333906
11.1 11.194386
11.2 11.311541
11.821246 11.818759
11.900001 11.946899
12.299998 12.757908
11.999998 11.391335
11.900001 11.939953
11.1 11.612038
11.1 11.487379
11.145275 11.1950245
11.400001 11.434486
11.2 11.209238
14.1 13.926659
10.7 11.467698
11.7 11.779046
12.199999 11.899601
11.400001 11.793731
11.8 11.8751545
11.599999 11.322755
11.8 11.922804
12.699998 13.281271
11.3 11.306743
11.7 11.610387
14.351262 13.963455
10.5 10.59757
12.058607 12.231083
11.2 11.356093
11.3 11.430899
11.7 12.102856
11.3 11.54409
11.2 11.270435
11.400001 11.504364
11.1 11.204889
11.8 11.973023
12.799992 12.182028
11.7 11.663162
11.3 11.355042
13.103601 13.499375
11.5 11.426985
11.1 11.066028
10.1 10.095816
11.1 11.391212
12.599997 11.990469
12.499997 11.828753
11.999998 12.007912
11.7 11.799465
11.5 11.558143
11.1 11.147129
11.3 11.523831
11.8 12.007703
11.8 11.430133
11.1 11.350504
12.599997 12.358355
11.999998 12.093252
12.1 11.908943
11.900001 12.218988
10.49794 10.605537
11.900001 11.993237
11.599999 11.423423
11.900001 11.906788
10.4372425 10.670475
11.2 11.251737
12.1 12.074149
11.7 11.736011
11.5 11.930403
10.1 10.004067
11.3 11.402983
11.8 12.459896
10.3 10.598484
11.1 11.1049185
11.1 11.307014
10.9 12.183361
11.900001 11.967108
14.700326 14.76009
12.199999 12.068468
15.1 16.52567
11.3 11.387573
11.900001 11.989574
11.5 11.640487
11.953872 12.847424
9.40103 9.609689
11.2 11.31958
11.2 11.319787
14.581486 13.457569
11.1 11.474396
11.900001 11.615219
11.5 11.903661
11.2 11.340201
11.599999 11.642956
11.8 12.254496
11.108774 11.261727
11.599999 11.575373
11.7 11.634737
11.3 11.940205
14.299971 13.858347
13.200015 11.747957
11.2 11.395407
11.2 11.343409
12.508935 12.242695
11.599999 12.015533
11.599999 11.714482
13.953872 13.543876
14.1 14.066066
12.799998 12.402197
13.299971 15.053796
11.5 11.703308
11.3 11.560316
11.058607 12.558198
11.3 11.335533
11.7 11.943136
11.1 11.514233
10.769952 10.717295
11.1 11.231375
11.7 11.746361
11.900001 12.051519
11.599999 11.946774
11.8 11.868619
12.299998 11.3529825
11.2 11.3694935
11.8 11.905913
12.299998 11.854054
13.000009 12.126861
11.5 11.608889
11.3 11.628491
11.2 11.46307
13.899971 15.12476
11.2 11.525408
11.999998 12.059446
11.1 11.159985
11.3 11.571849
11.7 11.804646
11.3 11.507467
10.70206 11.057454
12.799992 12.694963
14.700326 15.290688
11.5 11.609415
11.7 11.843361
12.799992 12.141536
12.1 11.414488
11.1 11.224892
11.900001 11.247032
11.7 11.635536
11.900001 11.950237
12.499997 12.121465
12.074694 12.34189
11.1 11.181531
12.199999 11.851779
12.499997 11.614264
12.499997 12.135866
11.900001 12.315756
11.5 11.671343
11.1 11.300777
11.900001 12.161304
11.2 11.316984
11.3 11.409033
11.2 11.658634
11.5 11.70145
11.5 11.423237
12.199999 14.331693
11.2 11.330986
11.599999 11.349131
11.8 12.28908
13.600039 12.771753
11.1 11.462673
12.399998 12.205402
10.738272 9.980608
11.3 11.320509
11.3 11.604319
11.1 11.233429
11.599999 11.322723
11.2 11.363332
11.391998 11.41624
12.1 11.666956
11.999998 12.491061
13.600039 13.135115
11.2 11.243468
11.1 11.372461
10.40103 9.980608
12.499997 12.0373745
11.1 11.354022
11.900001 11.9592495
11.1 11.174902
11.5 11.828403
11.3 11.39079
11.599999 11.599869
11.2 11.250219
11.900001 11.964662
11.757577 12.26048
11.3 11.337086
11.599999 12.208332
11.999998 12.037813
11.3 11.463055
10.40103 10.661856
11.1 11.62891
12.299998 11.113202
11.8 11.983698
11.3 12.073935
11.2 11.232115
12.1 11.952842
11.1 11.120403
11.2 11.265229
11.999998 12.026674
13.500008 13.084687
11.2 11.455777
12.799992 12.022921
11.2 11.401751
11.900001 12.004522
11.1 11.206763
11.1 11.143855
11.5 11.636118
11.599999 11.657024
12.199999 12.030861
11.400001 11.441962
10.40103 10.580144
12.1 12.236132
11.2 11.23603
11.2 11.279363
11.2 11.309045
11.5 11.800493
11.599999 11.681566
10.49794 9.989246
12.199999 12.287689
11.2 11.261047
12.1 12.333808
11.5 11.751806
11.1 11.296923
11.8 11.97046
11.45 11.741425
11.2 11.277069
11.5 11.321672
13.186186 12.473305
11.900001 11.658501
11.8 11.945648
11.1 11.177374
13.035542 12.76466
10.5 10.315704
11.2 11.355536
11.2 11.369903
11.900001 11.982859
11.7 11.679125
10.2 10.674226
11.5 11.539916
11.999998 12.123861
11.5 11.38871
11.380575 11.465335
11.3 11.398078
11.1 11.238108
13.200015 12.922634
11.2 11.285817
11.5 11.805628
11.8 11.942365
11.2 11.8618355
10.2 10.432032
11.3 11.470778
12.953872 12.241041
11.3 11.61709
11.599999 11.729635
11.5 11.296267
11.400001 11.477329
11.900001 11.94297
11.1 11.283041
11.7 11.79274
10.1 10.04557
11.5 11.359048
12.1 11.858375
11.8 12.087303
11.900001 11.701303
13.1 12.110355
12.599997 11.739615
13.299971 12.4921665
11.599999 12.085511
14.600313 13.55909
11.1 11.310946
11.900001 11.958114
14.200179 13.356794
11.999998 12.074335
11.1 11.152426
10.1 10.052275
10.2 10.432298
11.999998 12.088445
11.400001 11.522574
11.400001 11.482903
11.5 11.545462
13.699981 12.996812
11.2 11.312473
11.5 11.2855
11.5 11.530876
10.622879 11.374915
11.999998 12.283685
11.8 11.806568
11.5 11.47889
11.374088 11.150587
11.900001 11.991339
11.1 11.346658
11.2 11.146356
11.2 11.272391
11.5 11.458366
11.7 12.096077
11.999998 11.658637
11.1 11.088385
11.2 11.335091
11.3 11.419138
11.400001 11.546865
11.2 11.233731
11.400001 11.388113
11.2 11.358043
11.2 11.359306
11.8 11.58304
11.2 11.270846
11.2 11.372142
11.900001 11.998348
11.3 11.268345
11.1 11.06438
11.900001 11.440172
13.899971 13.327311
11.5 11.978284
11.7 11.837175
14.200179 13.554049
11.2 11.4706
11.7 11.982452
12.499997 12.4921665
12.1 11.996424
11.900001 11.965857
13.202373 13.052832
11.3 11.388622
10.1 9.903072
14.600313 14.190859
11.2 11.340129
12.499997 12.584055
11.599999 11.348235
11.3 11.335447
11.103488 10.630934
11.1 11.380287
11.3 11.485388
11.1 11.260646
11.7 11.918238
12.599997 13.257853
13.446788 10.896826
11.900001 11.984614
11.599999 11.669777
13.1 12.582408
11.2 11.235695
12.899998 12.928273
11.5 11.520906
10.622879 10.464225
12.399998 12.848906
9.40103 9.8222065
11.1 11.20171
11.273925 11.317456
11.923909 12.411879
11.3 11.37925
9.893174 10.110571
11.3 11.340106
11.49794 11.73238
11.7 11.811502
11.900001 11.962606
14.500117 13.467329
11.1 11.441524
11.043335 11.250729
12.399998 11.673539
11.3 11.469734
11.599999 11.544769
12.499997 12.480004
13.000009 13.154394
12.499997 12.923141
11.5 11.612324
11.999998 11.619542
11.400001 11.488357
11.1 11.798292
11.953872 11.9403305
11.2 11.183073
11.5 11.33005
11.1 11.138588
11.1 11.122446
11.2 11.333856
11.7 11.609577
11.3 11.54962
11.999998 12.046294
12.699998 12.101559
14.953872 14.687849
11.2 11.42539
11.900001 11.883979
11.900001 12.034929
11.900001 12.023655
11.1 11.255207
10.1 9.831666
12.699998 13.0306225
11.3 11.541435
11.1 11.139074
11.2 11.322682
11.999998 11.997472
9.47675 9.91495
11.1 11.675011
11.3 11.438055
12.899998 12.839564
11.7 11.8053
11.599999 11.680433
11.400001 11.471096
11.7 11.792428
11.7 11.739254
11.900001 11.971382
11.5 11.587481
11.8 12.067476
13.500008 12.917548
11.5 11.55933
11.900001 11.983669
11.8 11.902466
11.2 11.233437
11.400001 11.523081
11.1 11.392199
11.3 11.991838
11.2 11.338065
10.40103 10.267731
11.599999 11.791059
11.2 11.275186
11.1 11.289336
11.900001 12.015589
11.2139435 11.411226
12.199999 12.103161
11.2 11.328128
11.3 11.468269
11.599999 11.9263935
11.400001 11.655739
11.7 11.828956
11.2 11.448863
11.900001 11.956054
11.7 11.531536
11.7 11.956763
11.3 11.36177
11.599999 11.639202
12.699998 12.109016
11.2 11.336451
13.000009 13.616112
11.3 11.708517
11.1 11.399078
11.999998 12.018129
11.1 11.512234
11.999998 11.902999
11.8 11.941601
11.599999 11.665604
11.1 11.285476
11.900001 12.008848
11.400001 11.529993
11.3 11.439677
11.5 11.521012
11.900001 11.959198
11.3 11.472464
12.699998 11.754965
11.7 12.279636
11.1 11.192776
12.499997 12.291609
11.900001 11.777166
11.8 11.9219475
11.400001 11.557972
11.7 12.113624
11.5 11.708954
11.2 11.301666
12.854487 12.372326
11.8 11.912807
11.8 11.287237
11.1 11.203807
11.953872 12.961711
12.1 12.841116
11.900001 11.92628
11.8 11.971684
11.900001 11.889314
13.000009 12.756892
11.400001 11.56818
11.599999 11.655088
11.1 11.302843
11.1 11.380522
11.400001 11.603531
11.5 11.6366
11.7 11.628218
11.2139435 10.4032955
11.40103 10.639247
11.1 11.214218
11.5 11.999377
11.7 11.8498955
12.499997 12.912756
11.999998 12.118061
10.40103 10.574519
11.3 11.410212
11.900001 11.3380575
10.70206 10.720599
11.400001 11.543571
11.2 11.357026
11.999998 12.008879
11.1 11.178338
12.899998 11.816751
11.7 11.7066
11.8 11.922014
11.1 10.450304
11.999998 11.808482
11.999998 11.934734
11.3 12.080193
11.1 11.142391
11.8 11.834963
11.3 11.5191765
12.699998 11.879248
11.900001 11.850445
11.7 11.981062
11.8 11.965848
11.900001 12.008171
12.058607 12.24259
11.1 11.168698
11.3 11.375467
11.900001 11.981292
10.89588 11.151398
11.3 11.394258
11.3 11.400018
11.5 11.54315
12.199999 12.145018
11.637602 12.040938
11.400001 11.572614
12.799992 12.1228485
11.900001 11.92988
12.1 11.997623
11.900001 12.130598
11.2 11.6317215
11.1 11.236111
11.999998 12.087749
11.2 11.246327
11.2 12.037104
11.900001 11.989711
11.15 11.260223
11.7 11.688002
11.3 12.091961
11.900001 11.976367
11.5 11.655003
11.1 11.164907
11.5 11.788317
11.2 11.305204
11.599999 11.749228
11.999998 12.339837
11.7 11.474375
11.7 11.766413
11.5 11.740876
11.400001 11.285677
10.555932 10.567071
11.8 11.409238
11.2 11.256338
11.40103 11.477438
13.699981 12.19677
11.400001 11.53441
11.1 11.158375
13.999974 12.998276
12.699998 12.078843
11.2 11.350477
10.40103 10.699301
10.622879 10.791516
12.599997 11.920297
13.999974 13.79883
11.1 10.65968
10.8064165 10.700011
11.3 11.424071
12.199999 12.312343
13.314671 12.794739
10.8 10.550372
12.1 11.40725
12.299998 12.26372
11.2 11.206457
12.799992 11.894022
11.8 11.865432
11.400001 11.368527
15.500117 16.062283
13.399989 12.872864
11.599999 11.995842
13.29382 13.066592
11.2 11.271303
11.2 11.384875
11.1 11.2555065
11.8 11.667869
12.299998 12.544375
11.2 11.317767
11.2 11.367317
11.999998 12.036972
11.2 11.338486
11.900001 11.991818
11.2 11.26745
11.2 11.329468
11.5 11.69112
11.1 11.068434
11.7 11.997082
11.900001 12.01236
11.599999 11.331208
12.399998 11.733606
11.599999 11.870396
11.2 11.259583
11.5 11.556202
12.499997 12.025943
11.2 11.932451
11.5 11.32988
13.699981 12.715679
11.900001 11.998058
13.299971 12.372789
11.8 11.905468
11.3 11.421128
11.999998 12.021093
11.599999 11.577156
11.7 11.926192
11.3 11.495512
11.2 11.263629
11.999998 12.0131645
11.599999 11.673321
12.499997 12.6662855
12.199999 12.277148
11.2 11.234886
12.399998 11.877855
11.2 11.237203
11.3 11.342092
11.2 11.257827
11.3 11.432092
11.2 11.291105
11.2 11.323367
11.2 11.423325
11.900001 11.9764
12.299998 12.227844
13.19691 11.995819
11.2 12.972985
11.999998 12.045097
11.043335 11.186106
10.49794 10.633167
11.2 11.280102
11.1 11.183371
11.8 11.892679
11.400001 11.848422
11.400001 11.38587
12.555932 12.9403515
12.499997 12.092717
11.2 11.299904
11.2 11.358435
11.7 11.811443
11.2 11.323762
11.400001 11.420668
13.600039 13.584227
12.399998 12.11914
12.799992 11.886572
12.799992 12.161114
12.499997 11.562398
11.400001 11.465684
11.3 11.314648
11.254902 10.86626
11.219187 11.384065
11.5 11.654788
11.8 11.919082
11.900001 11.966136
11.400001 11.551789
11.7 11.745958
12.449998 11.989574
11.8 11.921743
11.2 11.274668
11.2 11.31585
11.2 11.306386
11.2 11.272319
10.622879 10.585769
11.900001 12.302177
11.999998 11.809384
11.999998 12.014643
11.1 11.245853
11.999998 12.003015
11.900001 11.312414
10.622879 10.643571
11.3 11.539279
11.599999 11.523783
13.1 13.631622
11.2 11.316629
12.599997 11.51498
11.1 11.270713
14.1 13.907885
11.1 11.657025
11.3 11.338235
11.900001 12.006768
11.599999 11.413152
11.599999 11.511823
11.2 11.543577
9.47675 9.924543
12.066576 10.898043
12.499997 12.269366
11.7 11.742178
12.727088 12.132235
11.400001 12.3064995
11.367606 11.604597
11.8 11.879347
11.3 11.3643
11.3 11.533368
11.5 12.00514
11.3 11.647934
11.5 11.623994
11.8 11.978423
10.078811 10.086852
11.400001 11.413563
11.900001 11.999873
11.2 12.105801
10.40103 10.340045
11.3 11.577156
11.1 11.474763
11.1 11.297504
11.1 11.143356
11.5 11.290188
11.5 11.800383
12.608865 12.244377
12.805533 11.291551
11.5 11.535442
11.400001 11.424248
11.8 11.922787
10.1 10.267239
11.599999 11.666705
11.1 11.146176
12.699998 12.259653
11.3 11.507398
13.399989 12.188723
11.7 11.728231
13.000009 12.706762
11.3 11.356628
11.999998 12.075628
11.900001 11.607191
11.2 11.317526
10.79897 9.97517
11.637602 11.627283
11.2 11.439091
11.2 11.288857
11.900001 11.777221
11.8 11.965967
11.462984 11.612104
12.599997 12.334791
11.8 11.823739
12.299998 12.206031
13.236677 13.181103
11.1 11.23813
13.000009 12.447809
11.400001 11.457071
11.3 11.504206
11.5 11.705877
13.300002 12.437824
11.7 11.970565
11.400001 11.429579
11.3 11.636825
11.400001 12.715547
11.3 11.494497
11.1 11.407199
11.8 11.831926
11.2 11.195516
11.7 12.248156
11.5 12.015948
11.1 11.220013
11.1 11.029898
11.2 11.598656
12.1 12.0223875
14.700326 14.743846
11.1 11.315114
11.8 12.045584
11.900001 11.783524
10.3 10.508476
12.299998 11.5148
12.899998 13.20183
11.1 11.223777
10.409804 11.406843
13.200015 13.170332
11.900001 11.909808
11.400001 11.378128
11.7 11.914164
13.500008 12.835121
11.599999 11.68479
11.5 11.603266
12.599997 12.235474
11.2 11.322063
11.599999 11.338559
11.2 11.441501
12.199999 11.534211
11.900001 11.41575
11.1 11.689104
11.2 12.49444
12.6934595 13.329323
10.1 10.024448
11.7 11.607117
12.953872 12.301191
13.02329 11.652339
11.599999 11.31216
11.900001 11.890431
10.165502 12.656858
11.101723 11.433708
11.8 11.978157
11.7 12.333033
11.999998 12.461508
12.299998 12.054776
11.900001 11.955819
13.1 13.062567
12.199999 12.028405
11.45 11.528585
11.900001 11.952036
11.400001 11.513311
11.7 11.740553
12.499997 11.382952
13.000009 11.369619
11.7 11.429163
10.8 10.867326
11.599999 11.650839
12.1 11.901427
11.7 11.6236105
11.2 11.322673
11.2 11.171898
14.1 13.46031
12.199999 12.1508255
10.622879 10.699201
11.7 11.69693
11.900001 11.42587
10.40103 10.813144
11.1 11.4006605
11.3 11.206274
11.1 11.202313
11.2 11.369449
10.70206 11.948467
10.8 10.716189
12.869551 14.247404
11.999998 13.472525
11.999998 11.995648
13.399989 12.951272
10.122276 10.061297
11.1 11.163613
12.399998 12.663607
11.1 11.296031
11.5 11.582986
11.230182 12.190333
11.599999 11.646446
11.1 11.255866
11.2 11.473248
11.5 11.724291
11.900001 11.956655
11.1 11.266352
11.1 11.33428
11.3 11.68616
12.399998 11.657089
11.999998 11.372368
11.1 11.29719
12.499997 12.192431
11.400001 11.77475
11.8 12.016146
11.7 12.059757
11.5 11.507324
11.8 12.1455765
11.1 10.933598
11.900001 11.943182
10.1 10.738513
11.8 11.606939
11.7 11.789829
11.5 11.440348
11.900001 11.214535
12.399998 12.210825
11.599999 12.13152
11.3 11.403657
12.499997 11.588599
11.400001 11.647184
11.79897 11.433504
11.999998 11.773309
9.79897 10.318186
11.8 11.563326
11.5 11.532802
11.5 11.644651
11.5 11.471088
12.1 12.895498
10.40103 10.908967
11.7 11.522533
11.900001 11.942244
13.299971 13.04028
11.3 11.371624
11.400001 11.492128
11.2 11.275679
11.7 11.778007
11.7 11.708739
11.2 11.328912
12.799992 13.332046
11.3 11.62175
11.1 11.187972
11.7 11.903756
11.999998 11.533639
11.7 12.055698
13.899971 11.815621
12.399998 13.122349
10.887813 11.476456
11.900001 11.978107
10.608639 10.475417
12.299998 11.870971
13.236677 12.769468
9.79897 10.0398655
11.5 11.341935
11.427902 11.1097975
11.5 11.675667
10.4 10.476781
11.7 11.818613
11.2 11.366119
11.2 11.296814
11.5 11.587454
11.900001 11.935888
12.245694 11.967535
11.900001 11.995615
11.2 11.358016
11.900001 11.877192
11.1 11.644295
11.254902 11.76395
12.199999 11.68205
11.5 11.273374
11.7 11.891925
11.618801 11.61297
11.999998 12.050238
11.5 11.654112
11.2 11.907962
11.400001 11.459855
12.199999 12.332216
11.2 11.511598
11.400001 11.321771
12.947712 13.043125
11.3 11.362408
11.599999 11.628402
12.599997 11.711788
11.7 11.749643
11.5 11.898285
11.2139435 10.878382
10.40103 10.380996
11.8 11.852583
11.2 11.752793
11.900001 11.784162
11.900001 11.990389
11.8 12.029116
11.1 12.095365
11.2 11.350764
11.7 11.787277
11.400001 11.376867
11.8 11.581936
11.599999 11.595312
9.79897 10.065304
11.1 11.160421
11.599999 11.448135
12.599997 11.669113
12.899998 11.962835
11.8 11.776056
12.622879 12.640767
11.599999 12.977226
11.7 12.178165
12.765546 11.973427
11.3 11.40418
11.5 11.597192
11.900001 11.916305
11.900001 12.107834
11.8 11.912754
10.40103 10.273537
11.8 11.9342985
14.1 14.076535
11.900001 11.79065
11.999998 12.031023
11.2 11.241793
11.7 11.693977
11.7 11.721019
11.599999 11.413566
11.8 11.703007
11.5 11.62836
11.2 11.251501
11.487216 11.876592
11.1 11.303331
11.2 11.29608
11.900001 11.964699
11.3 11.2045355
11.599999 11.520782
11.1 11.784605
11.2 11.222593
11.671865 12.794136
11.599999 12.015249
14.200179 14.414152
11.900001 12.054274
11.2 11.233246
11.999998 12.043162
14.901343 13.569124
11.900001 11.955723
11.5 11.665068
11.5 11.416941
11.599999 11.670357
10.1 10.07236
13.200015 13.277922
11.599999 11.543472
13.000009 13.083117
11.2 11.312906
11.508935 11.730684
11.8 11.893757
11.2 11.264111
11.7 11.572918
11.2 11.427912
11.3 11.752916
11.3 11.427919
11.400001 11.297843
11.1 11.271273
11.599999 11.623858
11.900001 11.967934
13.699981 13.654446
11.999998 12.052096
11.999998 11.438888
14.1 13.350167
11.2 11.2867
11.400001 11.592051
11.2 11.830575
11.900001 12.417021
14.600313 12.012676
11.900001 11.228854
11.8 11.901835
11.1 10.832388
13.000009 12.982191
11.599999 11.724127
11.2 11.300474
12.199999 11.623327
11.8 11.54945
11.999998 12.134794
10.7 10.787258
11.3 11.560984
11.7 11.8802595
11.1 11.408656
13.953872 12.796693
11.900001 11.980213
11.2 11.238479
13.200015 13.094708
10.581486 11.0498905
11.599999 11.784328
12.499997 12.287895
11.2 11.251097
11.3 11.465082
10.4 10.591636
11.900001 11.953899
12.299998 11.624519
11.2 11.306751
11.1 11.758308
11.7 12.230642
10.1 11.635574
11.2 11.272476
12.300659 12.05045
11.1 11.122622
11.900001 12.601984
11.7 12.279545
12.399998 11.729092
11.400001 11.420966
11.3 11.353695
11.3 11.413148
12.399998 11.484236
11.2 11.249719
11.3 11.352315
12.499997 12.068791
11.5 11.564856
12.738272 11.239405
11.3 11.41552
11.5 11.690521
11.2 11.281013
11.3 11.323858
11.400001 11.530006
11.2 11.274532
11.400001 11.425604
11.1 11.238875
11.999998 11.830561
11.999998 12.344743
11.1 11.22036
11.8 11.432816
11.3 11.446722
11.7 11.792926
15.500117 14.918329
11.2 11.239154
10.40103 11.493937
11.599999 11.57835
11.599999 11.659147
11.1 11.30211
11.2 11.276212
11.5 11.945803
11.999998 12.134082
11.2 11.354078
11.3 11.408769
11.8 11.856914
10.020819 9.995849
11.5 11.55678
10.1 10.606667
10.70206 11.427452
11.599999 11.439636
11.5 11.672263
11.1 11.122287
12.699998 11.919943
11.999998 11.96715
11.1 11.267179
11.3 11.332088
11.1 11.147879
11.5 11.715254
13.000009 11.8738575
11.8 11.918667
11.1 11.026014
11.1 11.132301
11.5 11.428656
11.1 11.233062
10.40103 10.591652
11.900001 11.45654
11.3 11.531176
11.1 11.2829685
11.5 11.377044
11.900001 11.85502
14.200179 14.277513
11.400001 11.4069
9.668636 9.627116
11.5 12.059324
11.1 11.107015
10.3 10.311899
11.7 11.806268
11.5 11.555823
11.5 11.55164
12.599997 12.748978
11.1 11.225281
11.8 11.831575
11.8 11.897887
11.3 11.609559
11.2 11.337115
11.2 11.733532
11.1 11.338378
11.986056 11.217999
11.599999 11.65106
14.1 13.328947
11.307609 11.164825
11.999998 11.904107
11.5 11.577835
11.999998 11.822313
11.1 11.28935
11.0 10.717959
11.2 11.283535
13.078811 12.587156
11.3 11.412761
11.7 11.765863
11.2 11.363676
11.7 11.522976
11.3 11.37305
10.5 10.186343
12.199999 12.141052
14.600313 14.2937
12.499997 12.500926
12.399998 13.12634
11.3 11.64244
11.2 11.4523325
11.5 11.453301
11.2 11.446221
11.999998 11.971125
11.900001 11.938829
11.900001 11.978445
14.711015 11.956584
11.2 11.296932
11.2 11.394688
10.1 10.425804
11.2 11.254494
12.799992 12.535761
12.485103 11.267262
11.3 11.692005
11.400001 11.812337
11.2 11.254351
11.8 11.957836
11.400001 11.60909
14.06468 13.821814
11.1 11.254904
12.597573 12.697908
11.2 10.937587
12.549999 14.264798
11.2 11.321481
11.1 11.249633
11.8 11.998238
13.999974 12.9371395
12.1 12.206041
11.3 11.37546
11.29382 10.569298
11.70206 12.0502825
11.7 11.869805
11.8 12.018545
11.900001 11.9687605
12.899998 12.623557
11.8 11.916498
11.900001 12.116035
11.900001 11.635433
11.2 11.570406
13.1 12.1718
11.5 11.757926
11.3 11.336877
11.900001 11.974148
11.2 11.270688
11.3 11.417124
11.400001 11.442298
11.2 11.243689
10.1 10.321332
11.900001 11.934385
11.2 11.252482
12.299998 12.657818
11.1 11.311992
11.1 11.15475
11.2 11.302276
11.1 11.219181
12.6934595 13.373035
11.599999 12.79487
11.900001 11.874238
11.7 11.572843
13.1 12.791969
11.999998 11.857689
11.7 11.934233
13.186186 13.255525
11.1 11.484766
11.5 11.595141
11.3 11.410655
11.400001 11.751318
11.1 11.192463
11.2 11.976764
12.499997 11.311645
13.1 13.28743
11.599999 11.5732765
14.555932 14.302923
13.299971 13.687813
11.2 11.242584
11.1 11.228544
11.900001 12.060797
10.1 10.081503
11.1 11.254099
12.699998 12.66669
11.2 11.213094
11.900001 11.98978
11.7 11.306727
11.7 11.633237
11.5 11.840313
13.000009 12.247739
11.7 12.098528
11.400001 11.6991005
11.900001 12.049729
11.599999 11.696422
11.3 11.313581
11.2 11.344246
11.900001 11.937464
11.1 10.674639
12.599997 12.344803
11.900001 11.858646
11.900001 12.697443
12.117729 10.8242855
11.3 11.395792
11.5 11.681537
10.8447275 10.72503
11.1 11.206429
13.200015 12.393459
11.1 11.211377
11.1 11.326984
12.399998 11.98147
11.7 11.488171
10.1 11.180968
11.7 11.666306
11.1 11.551956
11.3 11.44882
11.1 11.70527
11.8 11.923285
11.1 11.100748
12.1 12.398037
11.2 11.346624
11.900001 11.979476
11.599999 11.608964
10.70206 11.567537
11.2 11.286512
13.418758 13.075239
11.8 11.942289
14.359637 14.282147
11.2 11.259456
11.2 11.231279
11.5 11.520767
11.2 11.283239
12.199999 12.235024
11.2 11.272605
14.466532 14.463303
11.1 11.120235
12.1 13.114886
11.7 11.781812
11.2 11.550013
11.900001 11.3051195
11.599999 11.470794
11.599999 11.601117
11.5 11.577368
12.499997 11.574993
10.622879 10.696733
10.608639 10.604448
11.3 11.550877
11.7 11.332301
11.1 11.218846
11.999998 11.9317465
11.900001 11.794853
12.399998 11.430112
11.3 11.830181
11.1 11.173935
11.2 11.397312
11.900001 11.98451
11.2 11.230708
11.2 11.299418
12.499997 12.111155
11.2 11.356412
11.8 11.437521
11.599999 11.938293
11.2 11.22466
11.2 11.36439
11.999998 12.173218
10.2 10.373442
11.999998 11.69357
11.7 12.003373
10.40103 11.017277
11.2 11.211704
11.5 11.624147
11.2 11.40288
10.622879 10.717569
11.2 11.337146
14.43626 12.430036
11.900001 11.970191
11.599999 11.922867
14.29382 14.560968
11.8 11.826103
11.2 11.323908
12.953872 13.063011
11.599999 11.491572
11.1 11.217496
11.2 11.275165
11.3 11.4464655
11.599999 11.573935
11.999998 11.947704
11.900001 12.014797
11.999998 11.835914
11.2 11.3307495
14.1 14.40127
10.2 11.578345
11.3 11.525326
11.400001 11.832336
12.399998 12.233989
12.299998 12.213286
12.699998 11.77857
11.2 11.226374
11.3 11.453834
11.5 11.497899
11.2 11.24623
11.400001 11.856472
11.900001 11.944792
15.108774 13.692307
11.599999 12.6496
13.299971 12.213623
12.599997 12.191826
12.499997 11.952683
11.2 11.3788185
12.40103 11.959785
11.1 11.364119
11.900001 11.973715
11.267491 11.904369
13.399989 12.996157
11.2 11.654775
10.7 10.938495
11.5 11.575459
11.1 11.246514
12.199999 11.632048
11.7 11.712194
10.70206 10.775277
11.7 11.642929
12.199999 11.735324
11.3 11.42954
11.7 11.816912
11.2 11.266904
12.1 11.802542
11.7 11.510594
11.999998 12.05152
11.400001 11.447704
10.450574 10.900283
12.699998 12.577141
11.3 11.284706
11.3 11.367741
11.5 11.503679
12.499997 12.570568
11.5 11.988983
11.400001 12.634901
13.29382 12.933527
15.1 14.441383
11.400001 11.427487
11.5 11.857725
11.3 11.696283
12.1 12.584162
11.900001 11.6982355
11.999998 12.256733
11.261151 12.0516205
11.2 11.328527
12.429754 11.36274
11.7 11.866625
13.899971 13.791297
11.999998 12.0356
11.599999 11.636248
13.000009 12.906178
11.1 11.293147
12.404044 12.109742
11.2 11.23358
11.8 11.806338
10.1 10.295095
11.5 11.932226
11.3 11.487312
11.5 11.397042
11.400001 11.520726
12.499997 13.760552
11.5 11.660947
11.2 11.379932
11.900001 11.962721
11.900001 11.79648
11.136212 11.253592
13.699981 12.498249
11.1 11.2600155
11.400001 11.484304
11.7 11.953901
12.199999 12.056664
14.600313 14.289176
11.3 11.41976
11.8 11.311335
11.5 12.101552
11.7 11.943562
11.400001 11.493405
11.3 11.768269
11.5 11.51481
11.3 11.38651
15.1 14.699313
11.2 11.387772
12.499997 12.438159
12.599997 12.737274
11.8 11.878105
11.1 11.240273
11.343923 11.463595
11.599999 11.424502
11.1 11.277345
12.531798 10.6690235
11.2 11.312324
11.5 11.384102
11.3 11.488702
11.5 11.441685
12.699998 12.756382
12.267491 12.567073
13.1 12.977352
11.900001 11.962159
10.622879 10.550605
11.2 11.256786
11.1 11.216606
11.8 11.521299
11.8 11.502886
11.400001 11.409589
12.599997 12.183077
11.7 11.351302
11.7 11.567703
11.230576 11.205978
11.2 11.442415
11.5 11.751745
11.7 11.263329
12.299998 12.1091585
11.900001 11.944075
12.287653 12.860028
11.400001 11.366449
11.1 11.178872
11.2 11.303446
14.600313 12.890938
11.2 11.331014
11.2 11.257687
11.3 11.521608
11.7 11.550936
10.622879 11.314323
12.699998 11.879841
11.8 11.476206
12.599997 12.126382
11.900001 12.037591
11.1 11.206077
14.40103 13.758157
11.8 11.974428
11.400001 11.408875
10.8 11.091734
11.2 11.277925
11.5 12.706864
11.2 11.331355
13.399989 12.48446
9.79897 9.951307
11.900001 11.949212
11.2 11.39908
12.599997 12.216245
11.999998 11.71815
11.8 11.229904
11.1 11.184958
10.923909 10.507202
11.1 11.329329
11.89588 12.729326
11.3 11.652221
11.3 11.547102
13.719789 13.477463
11.1 11.286995
11.8 11.756589
13.000009 12.220434
11.900001 12.140963
11.1 11.205299
11.2 11.364859
11.3 11.383749
11.3 11.743687
12.799992 12.652386
12.199999 12.472466
10.3 10.515256
11.8 11.906353
11.400001 11.589514
11.5 11.506196
10.418758 11.329993
11.2 11.319198
11.3 11.339104
11.400001 11.413331
11.599999 11.925627
11.900001 11.687589
11.5 11.674118
11.1 12.650309
10.622879 10.689331
11.3 11.795684
12.446788 12.362904
11.999998 12.787075
11.058607 10.297333
11.8447275 12.14029
11.1 11.184044
11.7 11.859537
11.1 11.1779585
11.900001 11.969463
11.900001 12.066088
12.599997 12.71648
11.3 11.283161
11.2 11.287422
11.900001 12.235463
11.4 11.641205
11.2 11.342234
12.1 12.011297
11.1 11.194008
10.6934595 11.469927
11.8 12.719812
11.8 11.6124935
12.699998 11.843576
11.599999 11.309226
11.2 11.22315
11.7 11.459421
13.1 12.786841
12.499997 13.311074
10.40103 10.598079
12.899998 12.685486
10.210698 10.466627
11.599999 11.420531
11.900001 11.953613
11.2 11.277406
12.399998 11.263285
11.2 11.27916
11.605162 11.236623
11.900001 11.953113
11.900001 11.444703
11.900001 12.030632
12.584126 12.463218
13.999974 12.859548
11.7 12.115607
11.400001 12.083943
11.1 11.275309
13.399989 13.038717
12.899998 12.328358
11.8 11.825514
11.599999 12.218004
11.2 11.267739
11.400001 11.505182
11.900001 11.845109
11.1 11.224736
11.1 11.231726
11.8 12.293223
12.314671 10.858013
13.500008 12.095653
11.1 11.21837
11.8 11.908418
11.7 12.132055
11.2 11.226716
11.2 11.231923
11.599999 11.754185
11.400001 11.871103
11.900001 11.956484
11.999998 12.119787
10.6 10.43934
13.40103 11.134578
14.870304 13.716833
11.460513 11.587
11.2 11.341748
11.3 11.683387
11.7 11.720323
11.2 11.32168
13.500008 12.493334
11.1 11.250925
14.869551 14.611047
12.299998 11.389193
11.3 11.425212
11.2 11.276793
11.3 11.716503
11.3 11.338416
11.999998 12.003656
11.3 11.391069
11.2 11.316
13.000009 13.3062105
11.7 12.295169
11.999998 11.470085
11.8 11.913565
12.399998 12.220229
12.699998 12.424271
11.1 11.180874
12.505608 11.957633
12.499997 12.583303
12.399998 11.92796
11.5 11.665594
12.1 11.681852
12.520216 12.878695
14.200179 13.648767
10.2 10.816715
11.8 11.695463
10.1 9.85919
11.2 11.365012
11.1 11.087905
13.600039 11.832632
11.400001 11.508352
12.199999 11.799435
11.900001 11.952238
10.1 11.420937
11.900001 11.989594
11.1 11.20337
11.999998 11.409979
11.400001 11.384209
11.5 11.849165
15.200179 14.554361
11.3 11.760558
12.299998 12.46328
11.1 11.205055
11.2 11.266858
11.599999 11.9988
11.900001 12.017105
11.2 11.349148
11.8 11.887909
11.900001 11.468926
10.3 10.380988
11.3 11.309694
11.900001 11.925348
13.200015 13.074364
12.899998 12.658975
11.999998 12.129088
11.1 11.274176
11.3 11.398386
12.359637 12.487548
12.299998 11.922148
11.400001 11.343925
11.400001 11.901068
10.1 10.695954
11.8 11.934011
11.8 11.899759
11.3 11.79172
11.8 11.990098
12.299998 12.233866
11.1 11.445108
11.599999 11.599466
11.999998 12.421999
11.400001 11.396394
11.3 11.244624
11.8 11.739709
12.399998 12.151868
11.3 11.529124
11.900001 12.228626
11.1 11.141751
11.2 11.532019
11.900001 11.676033
11.1 11.185087
11.2 11.702858
11.2 11.332386
11.3 11.511376
11.8 12.007679
11.2 11.368605
11.2 11.255888
13.699981 13.16955
11.599999 11.78517
11.3 11.3344345
11.1 11.29106
11.5 11.724116
11.3 11.345804
11.5 11.508448
11.999998 11.934646
9.947712 9.975131
11.8 11.986287
11.8 11.995822
11.1 11.173723
11.5 11.566199
11.1 11.128065
12.799992 12.676409
11.7 11.620455
11.7 12.104716
11.900001 11.977932
11.599999 11.64847
11.8 11.966766
10.622879 11.477641
11.400001 11.524804
11.7 11.723625
11.7 11.768881
11.8 12.153978
10.8 10.677181
14.400163 13.621613
11.2 11.248027
11.2 11.316862
11.3 11.802212
14.500117 15.143189
11.1 11.322794
12.599997 12.265737
13.999974 13.1235285
11.3 11.425695
11.8 11.938745
11.3 11.313729
11.1 11.226643
11.3 11.393973
11.1 11.267445
11.5 12.017583
11.8 11.899997
11.599999 11.602221
11.1 11.181529
11.2 11.564244
11.900001 12.323739
11.1 11.374928
10.622879 11.11845
11.2 11.248545
11.1 11.119602
11.7 11.822815
11.1 11.4199095
11.900001 12.016541
12.699998 11.746722
11.5 11.477342
11.8 11.874028
11.1 11.097705
11.400001 11.407057
12.499997 11.667185
11.1 11.237701
11.381498 12.079526
12.499997 12.051176
13.249993 12.82155
11.8 11.872705
11.900001 11.9922905
12.799992 12.282829
11.599999 11.672346
11.5 11.583511
9.79897 10.039384
11.3 11.590588
11.3 11.551847
12.899998 13.515904
11.1 11.3465395
10.1 10.011989
11.456548 11.80173
11.1 11.5012245
10.1 10.044438
11.900001 12.044676
11.2 11.172922
11.7 11.671518
12.199999 11.89109
11.3 11.483046
11.3 11.498852
11.2 11.294975
11.5 11.761977
11.2 11.310631
11.2 11.318911
11.900001 11.976295
11.5 11.869101
11.8 11.478433
13.899971 13.958072
10.3 10.549635
12.599997 12.021906
11.400001 11.449039
14.200179 13.95177
11.2 11.256108
11.900001 11.942261
11.2 11.33937
15.200179 16.489159
12.399998 13.008268
11.2 11.340768
11.1 11.211884
11.599999 11.6911335
11.999998 11.97951
11.1 11.214075
11.7 11.792719
11.2 11.317789
11.020819 10.963438
11.599999 11.667939
11.2 11.355398
11.5 11.478338
13.122276 13.022076
11.900001 11.718523
11.2 11.305766
11.3 11.6223955
11.2139435 11.781527
11.999998 12.169695
13.000009 11.764932
11.900001 11.843898
11.2 11.293457
11.900001 11.4852085
11.5 11.208101
11.400001 11.477857
11.900001 12.081067
11.2 11.309704
11.2 11.256189
14.321849 12.691109
11.900001 11.963621
11.7 11.640915
12.1 11.557252
11.900001 12.049019
12.821246 12.705777
11.2 11.31938
11.685027 11.585005
11.1 11.140783
13.500008 13.766007
13.1 13.027166
11.2 11.246735
11.7 11.908094
11.2 11.438364
12.299998 12.381073
12.499997 12.223902
11.599999 11.911465
11.999998 11.194956
12.899998 11.927061
12.359637 11.968628
11.2 11.251267
11.900001 11.573893
14.79897 14.483025
10.40103 10.487296
11.2 11.256423
11.7 11.883669
12.555932 12.675604
11.2 11.25342
11.2 11.289931
11.3 11.4365015
13.699981 11.558586
11.999998 12.398968
11.1 11.136507
11.1 11.422435
12.299998 12.025787
11.7 11.831157
12.899998 12.921888
11.599999 12.0044155
10.1 10.509029
11.400001 11.364729
11.3 11.370235
11.900001 11.971069
11.1 11.149822
9.49794 9.746259
11.900001 11.863087
13.899971 12.497698
11.900001 11.299318
11.2 11.399053
11.5 11.640712
12.699998 11.833849
12.499997 12.18819
11.8 11.928048
12.1 11.883436
11.3 11.451165
11.1 11.218038
11.400001 11.466957
11.1 11.187376
11.400001 11.531722
13.399989 12.5287695
11.1 11.050573
12.399998 12.630474
11.900001 11.99265
14.254902 14.325172
11.999998 11.909787
12.899998 12.442453
11.1 11.17042
11.3 11.444559
12.453596 12.280684
11.599999 11.980567
9.79897 9.951219
11.5 11.610663
15.600313 15.796194
13.500008 12.865244
11.8 12.074381
11.1 11.175834
10.40103 11.775425
11.1 11.21776
12.599997 12.413174
13.200015 12.176895
11.1 11.20765
13.000009 13.067814
11.2 11.301152
10.40103 10.663449
11.8 11.918884
11.2 11.305642
12.1 11.648643
10.1 10.437099
11.8 11.929739
11.5 11.696693
10.70206 10.73287
11.999998 11.670176
12.120452 12.274443
11.2 11.292978
11.2 11.490366
11.1 11.279676
11.900001 12.475392
11.400001 11.362805
11.5 11.3891945
11.599999 11.995871
11.2 11.307596
11.1 11.47929
11.7 11.819984
11.7 11.802296
11.5 11.370371
11.1 11.332403
13.392429 12.009085
11.1 11.193345
12.399998 13.037354
11.2 11.53502
11.1 11.197704
11.2 11.732265
11.7 11.744297
10.690574 10.919319
11.900001 11.962101
11.349999 11.643212
12.899998 12.893176
12.1 12.5332775
11.745892 11.614443
10.8 10.999971
11.1 11.1717415
12.637602 11.224709
11.900001 11.507466
11.5 11.562257
12.499997 12.097964
11.3 11.403956
11.900001 12.015615
12.799992 12.041702
11.900001 11.8837595
12.899998 13.232159
11.400001 11.844148
12.699998 11.894596
12.899998 12.547398
14.1 13.952936
11.8 11.933593
11.599999 11.39319
14.40103 14.262081
11.900001 11.879496
11.8 11.920961
13.000009 12.9126835
11.1 11.193005
11.900001 12.042168
11.555932 11.258482
11.2 11.241222
11.599999 11.488481
11.2 11.232782
11.400001 11.6837635
11.2 12.174077
11.3 11.348036
11.5 11.595587
12.499997 12.513138
11.900001 11.781585
11.5 12.036135
11.900001 12.075955
11.49794 11.399213
11.1 11.187876
11.1 11.253036
11.900001 12.391457
10.49794 10.573626
11.2 11.232495
10.1 10.329133
13.000009 11.437208
11.2 11.287102
11.5 12.832727
11.3 11.261793
11.2 11.344933
11.999998 12.107642
11.3 11.408073
12.599997 12.903658
11.8 11.8487425
11.3 11.4995365
11.900001 11.965918
14.700326 14.333883
11.3 11.325348
11.7 11.791099
12.199999 11.697667
11.400001 11.410424
11.2 11.294847
11.7 11.795404
11.900001 12.135752
11.999998 12.409729
11.1 11.158535
11.2 11.307955
13.511954 12.813559
11.8 12.01819
11.5 11.545761
11.999998 12.044058
11.1 11.969565
11.400001 11.40987
11.999998 11.983821
11.2 11.263825
12.499997 12.5012455
10.4 11.440551
11.599999 11.759155
11.7 11.598932
12.499997 12.157406
12.199999 11.96149
11.637602 11.8134575
12.601689 12.776361
11.8 11.919693
11.3 11.775811
14.1 12.439554
11.1 11.201782
11.1 11.177039
11.900001 11.976206
11.8 11.882481
11.5 11.651503
11.5 11.575658
11.3 11.33351
11.1 10.765315
10.719789 10.440179
11.1 11.186139
11.2 11.340286
11.5 11.752125
11.5 11.812116
11.400001 11.695406
11.900001 11.943577
12.639102 12.784075
12.1 12.060873
11.1 11.15855
11.400001 11.486656
11.900001 12.152247
11.8 11.915209
13.1 12.911041
11.1 11.550665
13.1 13.14583
11.5 11.70471
11.1 11.182506
11.3 11.38877
11.8 13.53853
11.8 11.42278
11.3 11.718817
11.8 11.924388
12.199999 12.443741
11.999998 11.743927
11.3 11.402828
11.5 11.444951
11.2 11.2814045
11.5 11.996704
10.40103 10.356771
10.186186 10.0046215
10.8 10.603201
11.56133 11.995018
11.1 11.097015
11.2 11.307011
11.999998 12.07618
11.5 11.541882
11.1 11.106811
11.1 12.993368
11.5 11.577617
11.3 11.408038
10.738272 9.97517
11.7 11.702204
11.5 11.662776
11.400001 11.549501
13.1 11.81531
11.900001 11.849035
11.1 11.407686
11.599999 11.61238
11.8 11.890636
13.699981 14.000196
12.1 12.954119
11.3 11.719211
13.128426 13.090937
14.49794 13.614117
11.999998 11.510106
11.599999 12.984066
11.5 11.668588
10.6 10.394733
15.1 13.666527
12.499997 11.795745
11.5 11.574024
11.1 11.207693
11.8 11.654113
11.900001 11.981336
11.1 11.33569
11.1 10.877209
11.1 11.204606
11.2 11.317059
11.2 11.312739
11.2 11.394834
12.399998 11.619669
10.40103 10.478116
11.5 11.51504
11.2 11.323021
13.200015 11.629801
11.1 11.24676
11.8 11.866726
11.2 11.32679
12.399998 13.083618
10.5 10.915413
11.900001 11.707794
11.8 11.889187
13.49794 11.392252
13.299971 11.317622
13.8409815 15.08498
11.2 11.376338
11.5 11.546852
12.199999 11.771286
11.900001 12.030153
13.600039 11.88369
11.3 11.409234
11.900001 11.913029
11.660667 11.254183
11.70206 11.3663435
10.9 11.055434
11.1 11.248409
14.200179 12.710777
11.2 11.354769
11.400001 11.545446
11.5 11.630579
10.2 10.453217
11.599999 11.800593
11.5 11.666973
11.900001 12.083501
11.900001 12.040619
11.997942 11.915689
11.5 11.698587
10.40103 10.614216
11.3 11.47412
11.2 11.2689495
11.999998 11.895488
11.900001 11.95138
11.599999 11.664515
12.399998 12.272209
11.2 11.293609
11.1 11.197063
11.400001 11.526951
9.1 9.631091
11.400001 11.366165
11.400001 11.428161
14.200179 13.584793
12.499997 13.357107
10.70206 11.315755
11.7 11.81215
11.849999 12.039326
11.1 11.26069
11.5 11.599887
11.5 12.069499
11.999998 12.060824
11.1 11.33694
10.1 10.087681
11.3 11.802023
11.1 11.243859
11.900001 11.968203
11.5 11.6127205
11.2 11.326574
11.900001 11.973288
11.599999 11.681948
11.3 11.401078
11.599999 11.512817
11.2 11.269725
11.2 11.302852
11.400001 11.62495
12.26877 12.513773
11.2 12.015388
11.2 11.387247
11.3 11.380468
11.5 11.613536
14.1 13.720104
11.2 11.21489
11.7 11.790633
10.70206 10.710413
11.5 11.471411
11.622879 11.502945
11.1 11.110006
11.900001 12.04908
11.599999 11.6673975
13.399989 13.472044
11.5 11.6304035
11.900001 11.957543
12.1 12.384092
13.999974 13.397717
9.79897 9.968959
11.2 11.364815
13.1 12.702908
9.66703 9.534459
11.999998 11.892738
12.399998 12.475456
11.7 12.007526
11.599999 11.764716
11.5 11.908591
11.5 11.538915
11.400001 11.460915
11.7 12.361888
11.400001 11.632669
11.2 11.869871
10.70206 11.238636
10.2 10.658088
12.199999 12.08746
11.900001 11.980422
12.499997 12.618431
11.8 11.853064
11.3 11.944569
11.5 11.439378
12.298596 12.149395
11.7 11.880723
11.7 11.48258
10.622879 10.747648
11.599999 11.710492
11.599999 11.6685505
11.900001 11.9198265
11.1 11.627363
11.3 11.483917
11.900001 11.879655
11.2 11.277358
11.8 11.937747
11.7 11.901383
12.799992 11.596315
11.900001 11.940006
11.3 11.385038
11.1 11.63706
10.3 10.48846
12.1 12.630836
12.1 12.139536
11.400001 11.449754
11.2 11.5241585
11.3 11.356415
11.2 11.23579
10.1 10.67401
11.7 11.884312
12.199999 12.124955
12.399998 12.243433
12.761543 12.230794
11.3 11.339412
11.900001 12.0642395
11.3 11.252754
11.5 11.357814
11.8 11.971226
11.2 11.211131
11.3 11.350975
13.8447275 12.375793
11.900001 12.22522
11.79897 11.98554
12.70206 12.74594
11.3 11.406523
12.599997 11.867184
11.999998 12.360273
11.1 11.174991
10.49794 10.648751
11.1 11.215144
12.199999 12.40495
10.49794 10.066857
11.3 11.850185
11.1 11.151655
11.8 12.134102
11.2 11.32474
11.599999 11.703079
11.999998 11.973745
11.999998 11.368057
11.3 11.394999
12.986056 13.539322
9.70206 9.630026
11.7 11.6175785
11.3 11.3414
13.145758 11.7978945
11.2 11.280125
11.2 11.23674
11.400001 11.371967
11.2 11.32346
11.900001 12.0081005
11.1 11.197029
11.2 11.346468
11.1 11.183622
11.7 11.798504
11.8 11.916362
13.500008 12.672029
13.4372425 13.153133
11.999998 11.80612
11.5 12.419552
11.5 11.568319
11.5 11.58494
12.399998 12.740529
11.1 11.277542
11.8 12.000601
10.8 10.6414385
11.5 11.46165
11.1 11.495274
11.3 11.468342
11.900001 11.4207
12.199999 12.176859
12.899998 12.796635
11.2 11.360191
13.600039 13.06484
12.899998 13.025921
11.3 11.342489
11.599999 11.619389
11.1 11.17643
11.1 11.274438
11.2 11.831272
11.8 11.556671
11.900001 12.265188
11.2 11.303264
11.2 11.439844
12.499997 12.152617
12.399998 13.331195
11.599999 12.512299
11.2 11.626027
11.400001 11.569696
11.1 11.215028
13.899971 14.408682
12.399998 11.658492
9.79897 9.9682255
12.1 11.922735
11.8 11.97312
11.2 11.1809845
12.299998 12.051737
12.199999 11.638672
11.3 11.80695
11.2 11.519661
11.400001 11.462007
12.299998 11.472006
11.923909 11.660606
11.7 11.734091
11.8 11.92672
11.49794 10.628359
11.999998 12.023654
11.938632 12.191183
10.70206 10.652615
13.500008 12.36732
11.400001 11.776705
12.622879 11.812292
11.5 11.455925
11.5 11.668976
11.599999 12.247799
11.1 11.42886
11.2 11.243977
11.2 11.281243
11.599999 11.607853
10.427902 10.697107
13.899971 13.886148
10.6 10.615874
11.40103 11.630564
11.1 11.723681
11.999998 11.938052
14.200179 11.963311
14.200179 13.890858
13.600039 13.832798
11.1 11.216631
11.8 11.400558
11.999998 11.952272
14.79897 14.327351
11.2 11.624388
11.5 11.673639
11.400001 11.401281
13.999974 12.877547
11.5 11.651565
11.3 11.430618
11.8 11.903437
11.738272 11.500328
11.2 11.349693
12.699998 13.001026
11.3 11.301071
11.2 11.26928
12.699998 11.706842
11.1 11.436604
11.2 11.391489
11.5 11.763175
12.299998 12.4592495
11.1 11.273229
11.3 11.552504
11.1 10.198021
11.2 11.276452
11.999998 11.997522
11.900001 11.972621
14.901343 12.301115
11.900001 11.97611
11.8 11.499653
11.1 11.218988
10.70206 10.780936
11.400001 11.393803
12.599997 12.748864
11.400001 11.27591
10.6 10.635155
12.399998 11.830854
11.999998 12.144583
15.262569 15.434902
11.7 11.796774
11.400001 11.520285
11.3 11.859815
11.5 11.570707
13.165502 12.293749
11.999998 12.082336
11.900001 11.909532
11.2 11.266515
11.900001 12.048036
11.1 11.236113
11.2 11.232461
13.699981 13.114338
11.900001 11.944838
11.999998 12.007386
13.800057 12.977847
11.8 11.881875
11.400001 11.497515
11.3 11.798813
11.999998 11.9940605
11.900001 11.852249
10.9 10.623818
11.900001 11.969332
11.1 11.295943
10.2 10.588543
11.1 11.14405
11.7 11.687578
11.900001 11.883151
11.1 11.183037
11.816699 12.628166
11.2 11.3007765
11.1 11.224557
11.2 11.241728
12.799992 12.47472
13.999974 13.919876
11.1 11.360151
10.2 10.333664
11.5 11.610779
11.2 11.382465
13.600039 13.521324
14.1 12.42199
11.599999 10.989611
11.3 11.297359
9.79897 9.991697
11.1 11.389093
11.5 11.615642
11.8 12.928685
11.8 11.932606
10.321849 10.023272
11.3 11.283121
11.1 12.281091
11.1 11.248507
12.499997 12.463606
11.2 11.240614
11.999998 11.984036
13.899971 12.590943
11.1 11.412713
11.2 11.521862
11.999998 12.041292
11.7 11.761022
12.199999 11.898247
12.399998 11.647611
11.400001 11.471349
12.199999 12.540962
11.8 11.933844
12.499997 11.985365
11.8 11.961049
11.900001 12.002216
11.599999 11.433457
11.2 11.997481
11.7 11.7238035
12.199999 11.658146
11.1 11.226192
9.79897 9.91771
11.7 11.705418
10.1 10.565661
11.2 11.291495
12.1 11.371554
11.1 11.102409
11.2 11.256126
11.2 11.288612
12.499997 13.816719
11.7 12.118345
11.999998 12.0858755
11.1 11.146184
11.3 11.419016
11.7 11.229475
11.5 11.605404
11.2 11.317453
12.399998 12.492769
10.1 10.286678
11.1 11.230203
11.599999 11.616259
12.599997 12.329132
10.6 10.557522
11.999998 12.031382
11.599999 11.416562
11.900001 12.014926
11.8 11.746733
11.599999 11.672624
11.5 11.873168
11.400001 11.375536
11.900001 12.020416
13.500008 13.900093
11.900001 11.988474
11.999998 11.925501
11.2 11.273504
11.79897 11.2841
11.1 11.422387
11.400001 11.461827
11.2 11.389628
10.6 10.620499
11.1 11.14354
11.3 11.409921
11.900001 12.040443
12.199999 12.245953
12.899998 12.075886
14.180399 14.488945
11.900001 12.058616
11.8 12.376276
11.900001 11.91608
11.900001 11.780541
11.1 11.634525
11.599999 11.688295
11.1 11.330244
11.5 11.717361
12.767562 12.985638
12.399998 11.566767
12.199999 11.827925
11.3 11.603686
11.900001 11.970517
12.299998 11.558212
11.351037 11.422243
13.999974 13.882289
11.2 11.289421
11.1 11.174934
11.599999 11.628504
11.3 11.466591
12.017215 12.321003
11.900001 12.004921
11.5 11.640562
12.1 11.736631
11.2 11.356796
12.986056 12.596678
11.1 11.253559
11.3 11.365218
11.5 11.474571
11.1 11.13165
11.7 11.667555
11.2 11.944899
11.400001 11.452142
11.2 11.282992
11.2 11.301971
11.1 11.198937
11.5 11.581236
12.1 12.521672
11.2 11.286278
12.899998 13.033546
10.6 10.626057
12.399998 12.075097
11.2 11.2255125
15.1 14.598984
10.9 10.544909
11.900001 11.973303
11.3 11.463915
11.7 11.770491
11.400001 11.450031
11.7 11.735414
11.3 11.510522
12.699998 12.501528
14.29897 14.186382
12.1 11.831646
11.1 11.158698
11.7 11.660395
11.999998 12.620923
11.599999 11.670973
11.900001 11.968597
11.900001 11.763501
11.900001 12.216428
12.1 13.085609
14.1 13.457176
11.1 11.244022
11.900001 11.8482685
11.8 11.407053
13.364454 12.167366
11.599999 11.555698
11.2 11.250402
11.2 11.377413
11.1 10.643871
11.5 11.573785
11.599999 11.676978
11.400001 11.456329
13.800057 13.265356
11.400001 11.941605
11.2 11.290025
11.900001 11.916952
11.2 11.2345705
11.900001 11.920233
12.1 11.576361
11.999998 11.661383
11.900001 11.956253
11.267491 11.927186
12.757577 12.557346
11.900001 12.061277
11.900001 12.031148
11.2 11.476006
11.1 11.148023
11.900001 11.978927
11.2 11.761271
11.999998 12.1628065
11.3 11.142404
11.383997 12.4839525
11.900001 12.050565
11.40103 10.896809
11.5 11.64307
11.1 11.251671
11.5 11.25125
11.3 11.740145
11.950048 12.498356
11.599999 11.735228
11.3 11.34
11.5 11.535853
11.2 11.381897
12.300659 12.650276
11.3 11.382256
12.699998 12.150452
12.699998 12.040684
11.7 11.767022
11.7 11.815029
11.2 11.268569
10.1 10.029306
11.400001 11.395795
11.59621 11.673113
11.400001 11.567205
11.8 11.917038
11.1 11.209209
14.113489 13.309799
12.794648 12.084768
11.2 11.359689
11.900001 12.0235405
11.777781 11.434305
11.7 11.345217
11.999998 12.061501
11.900001 11.962939
11.1 11.306879
11.900001 11.804585
11.400001 11.328368
14.400163 14.066326
11.2 11.899801
13.000009 13.563797
11.900001 11.95894
13.427902 12.913633
11.900001 12.044328
11.400001 11.381548
12.899998 12.568441
13.1 12.158395
11.2 11.486603
14.1 14.127446
11.3 11.532036
11.900001 11.99454
11.5 12.068487
10.70206 10.73574
11.3 11.486776
12.599997 12.993311
11.900001 11.567991
10.4 10.792468
10.8 10.7061205
11.900001 11.992691
11.2 11.337297
11.1 11.369427
13.200015 12.000585
11.2 11.364362
11.999998 11.762701
11.3 11.566105
11.2 11.3020935
11.1 11.442229
11.3 11.368393
11.5 11.78628
11.7 11.739091
11.900001 11.849452
11.8 11.605576
11.2 11.343613
12.299998 11.988218
12.499997 12.137771
11.8 11.888281
11.2 11.303482
11.2 11.3995075
11.900001 11.867884
10.622879 10.884367
11.900001 11.999008
11.2 11.280574
11.8 11.942858
11.8 11.719769
11.3 11.405802
11.7 11.361077
11.8 12.12834
11.2 11.256584
11.5 11.491673
10.1 10.158283
13.000009 12.501377
11.2 11.561161
13.999974 13.501452
11.900001 12.149097
12.199999 11.74407
11.3 11.770574
11.8 11.939688
11.2 11.244989
11.3 11.345505
13.1 12.838248
11.3 11.44254
12.1 11.610958
11.499027 11.563184
11.2 11.319971
11.599999 11.61558
11.1 11.19715
12.199999 12.049847
11.2 11.26611
11.999998 12.045288
11.2 11.242943
11.1 11.330931
11.5 12.480368
14.200179 13.36998
11.1 11.364273
11.599999 11.618626
11.999998 11.99139
14.1 14.192619
12.299998 12.370935
11.7 11.7746935
12.699998 12.102421
11.8 11.972442
13.000009 12.541461
11.55 11.607887
11.1 11.2393675
11.1 11.222995
11.400001 11.488491
12.1 11.915696
11.900001 11.742511
11.599999 11.752156
11.2 11.288248
11.1 11.587402
11.1 11.499343
11.599999 12.158549
12.599997 11.50384
10.555932 10.228672
11.1 11.296616
11.5 11.557271
11.5 11.685526
12.399998 12.688991
11.999998 12.610987
13.500008 13.156415
11.599999 11.578946
14.700326 13.911705
13.999974 14.146084
11.7 11.299618
11.2 11.439393
11.900001 11.756204
14.329148 14.481266
11.3 11.635265
11.7 12.4974575
10.9 11.245239
11.900001 11.944651
11.1 11.233453
11.1 11.270678
11.25 11.408568
14.400163 13.411667
11.2 11.265457
11.2 11.360449
11.7 11.755305
11.599999 11.716148
11.1755495 11.309514
12.599997 12.32992
12.199999 12.119599
11.2 11.455651
11.599999 11.554957
11.599999 11.716113
11.8 11.37771
11.599999 11.577185
11.3 11.608938
10.70206 12.2774935
11.400001 11.597704
11.1 11.361544
11.5 11.644092
12.1 12.454129
11.7 13.656623
11.1 11.262155
11.2 11.30903
12.2870865 12.455455
12.799992 12.317032
11.2 11.293432
11.400001 11.439295
12.1 12.054732
11.999998 11.923334
11.1 11.190864
11.900001 11.995151
11.2 11.482516
11.3 11.447889
11.999998 11.933977
11.2 11.475758
11.900001 11.965052
11.1 11.428501
13.307609 13.495386
11.1 11.332236
11.2 11.272528
11.3 11.374016
11.400001 11.397969
12.899998 12.087477
11.1 11.1191
11.351812 11.397389
11.5 11.609535
11.900001 11.94578
11.2 11.25415
12.40103 11.725757
11.8 11.988657
12.799992 12.6106205
11.5 11.78629
11.1 11.520202
11.2 11.744868
11.2 11.445626
11.7 11.880688
11.5 11.333519
12.020819 11.81065
12.199999 11.947556
14.1 12.507911
11.2 11.306236
11.8 11.928797
11.400001 11.4598055
10.622879 11.977598
11.2 11.250832
11.8 11.958403
11.2 11.315836
11.999998 12.02556
11.1 11.367713
11.400001 11.387832
11.5 11.5975275
11.400001 11.440805
13.000009 12.261538
11.900001 11.930763
11.2 11.273836
11.1 11.703893
12.799992 11.925283
11.3 11.285704
12.599997 13.576205
11.900001 11.963488
14.79897 12.7612505
11.900001 11.96343
10.1 10.6567955
12.699998 11.946955
11.999998 12.869352
11.622879 10.632353
11.900001 11.967204
11.2 11.29646
11.2 11.272379
11.2 11.279777
12.799992 12.389172
11.900001 11.938754
11.3 11.311721
11.2 11.3291645
11.2 11.339492
11.5 11.636433
10.652842 10.925345
11.5 11.5361
11.5 11.655673
11.3 11.8206
11.3 11.372753
11.900001 12.07558
11.1 11.139027
11.599999 11.588608
11.1 10.754647
11.2 11.30178
11.3 11.372699
14.299971 13.997074
11.1 11.270613
11.999998 11.987149
11.2 11.297555
13.1 13.005056
11.999998 11.836668
11.999998 12.014999
10.622879 14.082399
10.70206 10.78605
11.5 11.786377
11.1 11.245853
11.3 11.409246
11.8 11.875944
11.900001 11.822853
12.810108 12.415817
11.8 11.404335
11.900001 11.997003
11.3 11.325148
11.1 11.353361
11.8 11.926222
13.699981 12.531513
12.499997 12.01367
11.175721 11.251042
11.999998 11.350641
11.8 11.750029
11.2 11.253393
11.1 11.301659
11.3 11.428169
12.599997 13.614672
11.1 11.223171
11.5 11.566708
10.1 10.660865
10.4 10.321388
11.3 11.334383
14.500117 14.118358
11.7 11.6944895
11.400001 11.951599
11.5 11.551707
11.999998 11.918695
11.2 11.304182
11.1 11.140607
12.358699 12.710302
11.2 11.335381
11.2 11.276113
11.3 11.785411
11.2 11.219684
11.2 11.207808
13.200015 12.920877
14.40103 12.130646
11.8 11.913265
12.699998 11.915427
11.1 11.256687
11.8 11.631647
11.400001 11.483779
11.3 11.421512
10.598941 11.221754
11.3 11.626734
12.299998 12.201007
12.299998 11.955139
11.999998 11.932386
13.699981 12.98461
10.224938 11.804546
10.622879 10.713726
11.8 11.959582
11.8 12.177118
11.40103 11.025991
11.803335 12.122024
11.1 12.013311
12.1 12.628384
11.2 11.424155
11.900001 11.9698515
11.1 11.159715
11.900001 11.937371
11.599999 11.272219
11.7 11.601718
11.7 11.887358
11.599999 11.645128
12.668636 12.3321
12.299998 12.205862
11.599999 11.647165
11.599999 11.726095
11.8 11.363337
11.1 11.094982
11.3 11.734999
12.821246 12.1320095
11.900001 11.261113
12.299998 12.77103
11.5 11.4748
11.900001 11.81549
11.2 11.318893
11.2 11.309826
11.3 11.34544
11.900001 11.958714
11.400001 11.319949
11.2 11.332018
15.1 15.762932
11.999998 12.055987
11.2 11.309169
11.3 11.714268
11.2 11.355008
11.8 11.890501
13.600039 13.531278
13.500008 13.220725
11.2 11.262175
11.1 11.263258
11.2 11.245073
11.3 11.432135
11.222634 11.212421
11.1 11.273417
11.1 11.368127
13.000009 13.506166
12.196367 12.37162
13.307609 13.248289
11.1 11.33908
12.1 11.738895
11.599999 11.6281395
11.7 12.148006
11.3 11.411641
11.1 11.332291
11.3 11.429679
12.499997 12.982401
11.3 11.370773
11.599999 11.808133
11.599999 11.623601
11.1 11.21204
11.900001 12.161651
10.70206 10.685737
11.1 11.152726
11.5 11.455841
11.2 11.242839
11.2 11.2793665
11.900001 12.282742
13.1 13.120715
11.900001 12.174292
11.392207 11.209987
11.5 11.588584
10.70206 10.732334
12.699998 12.188213
11.7 11.88214
11.900001 12.473593
13.000009 13.027847
11.599999 11.748331
11.2 11.265034
11.3 11.453291
11.400001 11.43453
11.2 11.627653
11.400001 11.418924
11.953872 13.8357725
12.299998 11.822838
15.200179 15.412691
11.1 11.155904
11.1 11.508363
11.622879 11.33322
11.400001 11.464691
11.3 11.305186
11.3 11.959347
11.7 11.706096
11.2 11.470851
11.400001 11.690044
11.8 11.879442
11.8 11.917362
10.8 10.752357
11.8 11.93371
11.8 11.999127
12.299998 12.652751
13.000009 12.306741
11.2 11.320369
11.8 11.731218
11.1 11.236079
10.622879 10.714975
13.000009 12.526128
11.2 11.313368
11.900001 12.176624
12.415514 12.767217
11.8 11.386723
11.900001 12.007973
11.3 11.357824
12.19691 11.965901
11.3 11.448437
11.900001 11.934662
13.500008 12.90043
13.399989 12.599318
10.622879 10.110603
12.1 11.46531
13.899971 12.5686655
11.8 11.747796
11.1 11.5597515
11.599999 11.695892
11.599999 11.889877
11.999998 11.690833
11.900001 11.852497
13.299971 13.08639
11.2 11.273095
12.1 11.973301
13.399989 13.388418
12.299998 12.329081
11.5 11.8173275
11.1 11.209438
12.699998 12.25735
11.2 11.349615
11.3 13.243029
11.1 11.268917
11.1 11.080605
11.5 12.197572
11.8 11.981522
11.599999 11.61462
11.794648 12.540319
11.5 11.167617
11.7 11.828214
11.1 11.179033
11.7 11.73729
13.999974 13.11981
11.400001 11.360969
13.699981 13.71364
10.1 10.812142
13.800057 13.827239
10.1 9.858314
12.799992 11.857523
11.7 11.719112
11.3 11.508139
12.899998 12.143464
11.999998 12.034552
11.900001 12.027526
11.900001 11.540835
12.399998 12.358854
11.7 11.830608
11.8 11.913092
11.1 11.35104
11.1 11.219291
11.8 11.919474
11.2 11.246458
11.8 11.891136
11.8 11.935631
11.400001 11.35812
11.599999 11.789138
11.599999 10.745017
12.299998 13.231997
12.499997 11.424522
13.999974 14.078942
11.1 11.248532
11.5 11.511213
11.8 11.90534
11.599999 11.6570835
11.2 11.432859
11.999998 11.995338
11.8 11.898508
11.8 12.512718
11.7 11.9344845
11.3 11.479573
10.516801 11.097109
11.5 11.643713
11.599999 11.381717
11.1 11.389346
11.2 11.383566
13.600039 12.229355
11.900001 11.739651
11.599999 11.794535
11.900001 11.944942
9.978481 9.998323
11.599999 11.661549
11.1 11.171196
11.3 11.595736
11.1 11.218508
13.500008 12.565794
11.599999 11.715483
9.79897 9.904314
11.900001 12.00074
12.1 11.489708
11.8 11.926154
11.3 11.525887
11.599999 11.900377
11.900001 12.045538
11.7 11.84593
12.299998 13.104415
11.400001 11.440438
13.555932 11.691811
12.899998 13.044653
11.2 11.375665
11.8 11.917021
10.5 11.046568
11.2 11.340274
12.299998 12.028357
11.1 11.328999
11.900001 11.952213
12.1 12.059147
11.520216 11.31363
11.1 11.206488
13.299971 12.541729
11.5 11.490465
11.8 11.88212
11.3 11.501385
11.1 12.190687
11.900001 12.019512
11.1 11.196619
10.1 10.892973
11.2 11.325836
11.3 11.364891
11.900001 12.097691
12.499997 11.94901
11.2 11.325274
11.2 11.418312
11.3 11.920154
11.999998 11.890183
11.900001 11.984511
14.200179 13.895815
11.999998 12.080687
13.321849 13.048117
11.5 11.3875265
12.1 11.411613
11.2 11.435652
11.8 11.928982
11.900001 12.097561
11.2 11.487799
11.2 11.238567
13.699981 13.575161
12.031815 12.293628
11.400001 11.437181
11.2 11.296651
11.1 11.680763
11.900001 12.103917
11.49794 11.395044
11.2 11.3278265
11.999998 11.930788
11.599999 11.636548
11.2 11.318218
11.8 12.375134
11.8 12.019962
11.7 11.733331
11.622879 11.397437
12.799992 12.741663
11.999998 11.938676
12.199999 11.665673
11.7 11.76946
12.299998 12.132109
11.867003 12.543713
10.3 10.269458
12.1 13.648348
11.2 11.440641
11.1 11.349287
13.800057 13.328921
11.900001 12.028524
12.699998 11.892937
11.2 11.313135
11.5 11.508898
11.1 11.345954
11.900001 11.945729
11.2 11.273687
11.900001 11.971722
9.79897 10.121284
12.299998 12.163859
11.2 11.337235
11.2 11.277645
11.1 11.150915
11.999998 11.821201
12.599997 11.873732
11.8 11.885704
11.2 11.158702
11.5 11.763411
11.900001 11.955694
11.599999 12.005772
11.900001 12.174258
11.900001 11.9235115
11.5 11.659262
11.3 11.379001
12.899998 13.027149
11.1 11.295954
11.1 11.235436
11.2 11.299811
11.2 11.355916
11.599999 11.743036
12.1 12.00683
11.3 11.63488
9.79897 9.97651
13.321849 13.09856
11.8 12.027306
11.900001 11.962196
11.900001 12.026104
14.200179 13.360134
11.1 11.196897
11.2 11.362906
11.1 11.237269
11.900001 11.757831
11.2 11.291363
11.1 11.330915
9.1 9.536991
11.1 11.094363
11.8 11.900691
12.199999 12.0880165
11.5 11.882651
11.900001 11.916688
11.999998 11.852404
11.1 11.702164
11.3 11.349137
11.3 11.366241
11.7 11.948861
10.40103 10.789534
11.599999 11.595718
11.1 11.2527895
11.2 11.41499
13.1 13.07042
11.400001 11.485268
13.299971 12.650356
11.79897 11.083696
11.2 12.1167345
13.046922 12.732499
11.400001 11.337598
11.900001 12.302764
13.1 11.7919235
11.1 11.303999
12.899998 12.750083
11.2 11.2456455
11.5 11.630895
11.599999 11.670487
11.5 11.623953
11.900001 12.059975
11.2 11.332935
11.599999 12.328509
11.3 11.433937
11.3 11.418819
11.8 11.966715
11.599999 11.882271
11.8 12.94787
11.3 11.38297
12.1 12.054961
11.2 11.26682
11.900001 11.996147
11.2 11.259164
11.3 11.530558
10.622879 10.520745
11.5 11.42674
10.1 10.653223
11.1 11.186621
12.199999 11.683783
11.1 11.970116
11.5 12.04242
11.5 12.022975
11.3 11.610167
11.999998 11.944666
11.999998 12.105309
11.900001 11.956271
11.3 11.401369
11.1 11.322858
11.900001 11.950844
9.49794 9.62572
12.622879 12.367302
13.800057 13.095865
11.999998 12.001317
11.900001 11.306977
11.400001 11.481928
11.900001 11.349684
12.675118 12.38633
11.8 11.65287
11.8 11.958944
13.000009 11.887677
11.1 11.138353
10.581676 10.069428
12.299998 12.472706
11.400001 11.553453
12.199999 11.960015
11.1 11.208258
11.900001 11.886135
11.7 12.1802845
10.9 10.769386
12.699998 11.84442
11.1 11.319035
11.1 11.330589
11.599999 11.616038
11.900001 11.968246
11.1 11.260462
11.2 11.258874
13.1 13.302469
11.8 11.895195
11.900001 11.931348
12.599997 11.960497
11.1 11.074894
12.299998 12.474037
12.1 12.516329
11.7 11.658892
11.2 11.284047
11.1 11.274334
14.200179 15.244299
12.466532 12.253188
11.102177 13.784377
11.3 11.689525
11.999998 11.503493
11.8 11.6012
11.3 11.596153
11.3 11.17292
11.7 12.571225
11.8 11.972472
11.2 11.288919
10.7 10.670084
11.599999 11.608257
13.399989 13.888067
11.999998 12.000307
11.25 11.4104805
12.299998 12.03783
11.900001 12.010088
11.2 11.311697
12.1 12.02393
11.5 11.587683
11.900001 11.656054
11.2 11.977861
11.668636 11.7439575
11.5 11.597
11.2 11.349138
12.1 12.451581
12.899998 12.052813
11.8 11.87887
11.118531 11.415305
11.006578 11.317285
11.5 11.63464
11.999998 11.728308
14.1 13.760533
13.200015 13.412058
10.40103 10.738468
11.3 11.407153
11.8 11.915018
11.2 11.438376
12.418758 12.166098
12.799992 12.91172
10.794648 11.496805
11.1 11.185103
11.900001 11.94295
12.79897 12.823765
10.70206 10.743097
11.400001 11.7074795
11.2 11.4305315
11.999998 11.769651
11.1 11.249707
12.699998 12.169748
10.70206 10.806391
14.500117 13.316578
11.2 11.314813
11.900001 11.667873
11.5 11.905863
11.5 11.794288
13.219187 13.189988
12.370835 12.991987
11.2 11.470969
11.400001 11.442976
11.900001 11.999573
13.321849 14.059388
11.599999 11.593393
12.1 11.963573
11.2 11.457119
11.400001 11.602359
10.1 11.858755
12.899998 12.407028
11.2 11.340904
11.1 11.639813
11.7 11.917706
11.8 11.912035
11.400001 11.303463
12.799992 12.369396
11.400001 11.6432295
11.400001 11.751471
11.599999 11.792822
11.2 11.504063
10.2 10.242465
11.900001 12.01452
11.900001 11.996538
11.7 11.940325
10.1 11.660284
11.1 11.273934
11.2 11.247279
10.40103 11.736621
11.5 11.7305355
11.2 11.362361
11.8 12.05453
11.3 11.361474
11.599999 11.356058
11.3 11.241404
14.1 14.093977
11.8 11.892928
11.900001 12.015526
10.2 10.922483
12.499997 13.352705
14.757577 14.172432
11.59485 11.6935425
11.599999 11.653872
11.3 11.363629
10.29382 10.9015045
11.3 11.397734
11.1 11.658755
11.1 11.166989
11.999998 12.012835
11.1 11.221713
11.1 11.265804
11.900001 11.936097
11.599999 11.79685
11.2 11.302502
14.314671 12.611562
11.2 11.302267
11.400001 11.454638
11.1 11.248226
12.599997 12.738455
11.1 11.029663
9.622879 10.332197
11.900001 11.9765415
13.1 12.212065
11.900001 12.252097
11.8 11.926556
11.2 11.204021
11.7 11.981794
11.7 11.770295
11.3 11.596713
11.1 11.177325
11.7 11.943029
9.79897 10.011049
11.900001 12.031374
11.8 11.991228
11.2 11.364407
11.1 11.334895
14.299971 13.5023
11.599999 11.539473
11.5 11.652284
11.599999 11.606572
11.1 11.165427
12.010095 12.459144
11.1 11.359655
11.599999 11.786838
11.3 11.374774
11.8 11.760315
11.1 11.358234
12.099998 11.260668
10.7 11.350323
12.799992 12.123674
11.19691 10.55029
11.2 11.383355
11.7 12.120621
13.399989 12.4164295
13.399989 12.990259
11.8 12.636287
11.2 11.295203
11.400001 11.514289
11.400001 11.552551
11.900001 12.101518
11.2 11.007782
11.2 12.036507
12.299998 12.040656
12.199999 11.871704
11.3 11.647739
12.499997 12.563351
11.3 11.4260435
11.999998 11.685701
11.1 11.345233
12.1 11.773445
11.2 11.264423
11.999998 11.575172
11.999998 11.950652
11.3 11.454885
11.2 11.485607
11.8 11.926851
13.299971 13.286156
11.7 12.338172
11.5 11.582723
11.2 11.537235
12.1 11.248383
11.140959 11.34443
11.7 11.79711
13.550023 12.481071
14.79897 13.844586
11.5 11.699614
11.3 11.501696
11.8 11.91249
11.1 11.21288
9.79897 10.017031
12.499997 12.454686
11.5 11.96028
11.7 12.456419
11.599999 11.782789
11.1 11.161411
10.70206 10.739622
11.900001 11.883226
11.456548 10.492995
11.3 11.532238
12.058607 12.44615
11.900001 11.693269
11.3 12.237353
11.2 11.435196
13.899971 13.92759
11.2 11.287322
11.2 11.370468
11.3 11.310707
10.622879 10.680631
11.2 11.437038
11.1 11.229663
11.2 11.332471
10.70206 10.686527
11.900001 11.9938965
11.900001 11.953058
10.89588 14.235076
11.1 11.290342
11.400001 11.735647
11.8 11.493583
11.900001 12.011854
11.2 11.349335
11.404665 11.292672
11.2 11.248112
11.8 11.43782
13.699981 12.886353
11.2 11.359207
13.236677 13.183188
11.2 11.35032
12.299998 12.057313
11.7 12.258728
12.799992 12.548176
11.2 11.222324
11.389741 11.738632
12.622879 12.194525
11.999998 11.98764
11.1 11.182648
14.719789 14.60463
11.3 11.446511
13.000009 12.681
11.3 11.809804
12.685027 12.634937
12.499997 12.308943
11.900001 12.831978
11.3 11.362016
11.400001 11.438865
11.8 11.534158
11.8 12.101258
11.2 11.350639
11.900001 12.004733
11.900001 11.974775
13.699981 13.113487
11.7 11.978155
10.622879 10.562319
11.400001 11.5785885
11.7 11.816921
11.7 11.862366
11.7 11.687896
10.4 10.352387
13.699981 14.326271
12.1 11.934336
11.7 11.814876
11.900001 11.810528
11.5 11.513025
11.999998 11.98517
13.533231 13.324904
10.622879 10.8224945
11.3 11.603728
11.1 11.168266
12.799992 11.965869
9.79897 9.91467
11.1 11.280064
11.3 11.455572
11.900001 11.991429
11.7 11.806427
11.900001 11.832102
11.900001 11.91503
11.1 11.237096
11.999998 12.059864
11.1 11.448908
11.2 11.389851
11.3 11.501873
13.299971 12.652356
11.2 11.217852
11.3 11.308732
11.3 11.454693
11.900001 11.997906
11.7 11.786058
12.399998 11.85241
11.400001 11.963518
11.7 12.089918
11.400001 11.368059
13.000009 13.130974
12.499997 12.208975
13.000009 13.112043
11.2 11.264792
12.1 11.667032
12.599997 12.240973
11.900001 11.792237
11.1 11.1174345
11.12 11.177066
11.8 11.9380455
11.3 11.376705
11.2 11.576169
11.622879 11.795427
11.900001 11.356744
11.3 11.345732
11.1 11.284046
11.2 11.321161
12.115923 11.6119175
12.429754 11.58786
14.200179 12.749897
11.599999 11.797166
11.5 11.585966
11.2 11.33657
11.2 11.329319
13.500008 12.858449
11.8 11.366749
11.5 12.320442
11.5 11.590031
11.400001 11.535759
11.8 11.889036
11.3 11.854895
11.3 11.377979
11.8 11.828229
9.79897 10.075464
11.3 11.332719
11.8 11.92352
11.8 12.83636
11.900001 11.993327
11.900001 11.946323
11.2 11.317785
11.242667 11.288794
11.2 11.3458
11.400001 11.611893
10.4 10.453571
12.599997 11.7771
10.4 10.674412
12.1 12.143799
11.2 11.083371
13.399989 12.383028
11.7 12.4635105
11.19691 10.345718
12.899998 12.822863
11.5 11.824297
11.2 11.295306
10.70206 10.721943
11.900001 11.95562
12.199999 11.479674
11.2 11.3048315
11.2 11.338694
11.400001 11.526505
11.599999 11.609001
11.5 11.235397
13.000009 12.949135
11.599999 11.777361
11.900001 11.961996
11.2 11.226798
13.299971 12.391903
11.3 11.3892355
11.599999 11.803028
11.2 11.445642
11.7 11.578791
13.1 13.841884
11.8 11.785775
11.3 11.458523
11.058607 10.278973
11.400001 11.274757
11.2 11.214594
12.599997 12.003494
11.599999 12.0924635
11.5 11.485255
11.2 11.258833
11.2 11.3254385
11.3 11.432405
11.7 12.097071
11.1 11.246744
11.1 11.283579
11.5 11.469095
11.2 11.223192
11.2 11.295107
12.199999 12.469797
11.2 11.224083
11.8 11.944315
11.8 11.759432
12.1 12.466566
11.7 11.856719
11.5 11.515247
11.400001 11.317821
11.8 11.904297
11.7 11.443847
13.500008 14.865668
11.5 11.834291
11.599999 11.71549
11.2 11.32426
12.738272 11.748879
11.1 11.318512
11.7 11.647284
11.900001 11.797174
11.999998 12.058708
11.900001 12.110193
13.699981 13.69935
11.3 11.356451
11.7 11.753399
12.1 11.910404
11.8 12.222507
12.1 12.513613
11.8 11.948149
11.1 11.353441
11.2139435 11.175127
11.900001 12.038797
11.900001 12.053375
13.261151 12.578976
11.5 11.756576
11.900001 11.965084
10.7 10.725812
11.8 11.925031
14.200179 13.603821
12.699998 12.704699
10.4 10.530727
11.5 11.731648
11.5 11.482144
11.3 11.495649
13.600039 11.394284
11.923909 12.416557
11.3 11.53553
11.1 11.208056
11.79897 11.391638
12.899998 11.985548
11.3 11.156105
11.2 11.317126
11.2 11.2634735
13.850844 13.439191
9.79897 9.97782
11.7 11.912031
11.400001 11.643344
11.900001 11.950239
11.520216 10.682273
11.900001 11.933899
11.5 11.6217165
11.900001 12.225043
11.2 11.427628
11.900001 11.970659
11.5 11.544842
12.399998 12.290752
11.900001 12.286581
11.400001 11.596061
11.7 11.862078
12.299998 12.182422
11.5 11.403687
11.400001 11.560745
12.799992 11.9561615
11.400001 11.355322
11.599999 12.160057
11.2 11.352337
11.1 11.181711
12.499997 12.587884
11.900001 11.60992
11.900001 12.018379
11.400001 11.474501
11.900001 12.305244
12.699998 12.20149
11.40103 11.476262
11.2 11.263858
10.618988 10.51836
11.1 11.174594
11.400001 11.362741
13.321849 12.741966
11.8 11.940927
12.299998 12.310429
11.8 11.910788
11.2 11.262283
11.1 11.2434225
11.599999 11.861925
12.299998 12.279688
14.1 14.215896
11.999998 12.09825
11.599999 11.418346
11.599999 11.506168
11.7 12.015457
11.400001 11.571378
11.999998 12.257097
12.1 11.602187
12.799992 11.49806
11.8 11.920248
10.40103 10.902077
11.599999 11.695041
11.5 11.510312
11.8 11.958492
11.1 11.179159
12.899998 11.4079
12.1 11.998232
11.3 11.334362
11.599999 11.587364
11.900001 11.907064
11.5 11.593798
11.3 11.359958
11.999998 12.088574
11.7 11.486828
11.1 11.319886
11.2 11.494175
13.719789 12.637669
11.999998 12.286515
12.199999 13.015237
11.8 11.868976
11.400001 11.370544
11.8 11.953522
11.3 11.4412775
11.2 11.22212
11.5 11.830938
11.1 11.626754
11.900001 12.054939
13.1 12.192658
10.40103 10.338288
10.1 10.033778
11.5 11.769575
11.1 11.200144
11.8 11.967596
11.999998 12.0271435
11.999998 12.294155
10.1 10.598555
10.9 10.685013
12.1 11.36104
11.1 11.342612
11.599999 11.40118
11.8 11.613469
11.2 11.386475
11.2 11.335025
11.599999 11.802855
11.400001 11.472466
11.2 11.246749
11.599999 11.632503
11.1 11.800976
11.3 11.712384
11.900001 11.975592
11.599999 11.658259
11.999998 11.971431
11.999998 11.983241
11.1 11.24074
11.599999 11.6693735
13.000009 11.504143
13.699981 13.843993
14.400163 12.759599
11.5 11.490789
11.5 11.353931
11.8 11.443986
11.5 11.560163
11.599999 11.28744
11.5 11.8735
12.199999 11.80587
10.49794 10.623895
11.400001 11.735912
11.900001 11.652893
11.5 11.612418
11.900001 11.938568
11.900001 11.357334
11.999998 12.574649
12.1 11.833503
11.400001 11.302903
10.70206 11.292671
11.516017 11.248811
11.3 11.949209
11.2 11.2544
11.2 11.387589
13.200015 11.7283325
11.900001 12.501743
11.900001 11.886736
11.599999 12.307056
11.599999 11.636579
11.1 11.223226
11.3 11.460457
11.599999 11.597871
11.5 11.665567
12.799992 11.924329
14.299971 13.114944
11.400001 11.438138
11.5 11.593821
12.1 11.840501
11.1 11.12778
11.5 11.748638
11.3 11.328644
11.3 11.480091
11.2 11.194273
11.528291 11.13596
11.1 11.19341
12.199999 12.137321
11.2 11.292805
11.1 11.193586
11.3 11.380561
11.3 11.320971
11.3 11.366744
11.900001 11.969799
10.622879 10.623305
11.400001 11.291321
12.899998 12.454108
11.5 11.678959
11.1 11.163166
11.5 11.996603
13.1 12.962951
11.900001 11.933182
11.7 11.889408
11.5 11.359331
11.2 11.245441
11.900001 12.010696
11.2 11.292914
11.599999 11.211852
11.2 11.176372
11.900001 12.004389
11.1 11.114204
11.599999 11.738359
11.5 11.564943
10.70206 10.689472
11.2 11.344591
11.3 11.438491
13.399989 13.45775
13.1 12.962777
12.399998 12.262539
11.900001 11.990212
12.699998 13.596698
11.5 11.540724
11.321849 11.229703
11.1 11.220301
11.900001 11.731645
12.399998 11.930993
9.986056 10.101053
11.599999 11.835741
10.40103 10.601789
11.3 11.751802
11.2 11.273275
11.2 11.394393
11.8 11.948536
11.1 11.701353
11.900001 12.071737
11.900001 11.899412
11.7 11.589422
11.999998 11.643747
11.2 11.783451
11.8 11.894577
13.200015 13.21358
11.1 11.330446
13.738272 14.073584
11.2 11.392283
11.400001 11.651535
10.56401 11.522817
11.1 11.364979
11.900001 11.957195
12.4372425 11.960874
11.2 11.33517
11.5 11.532178
11.5 11.54338
11.900001 11.925297
11.599999 11.881243
11.1 11.293313
11.5 11.801058
11.7 11.429834
11.2 11.23434
11.900001 11.953323
11.599999 11.923527
11.2 11.238159
11.400001 11.47958
12.499997 12.3227
10.7 10.707482
11.8 11.881105
13.399989 12.493186
13.200015 11.6279
11.900001 11.976404
11.7 11.953672
11.900001 11.980957
11.2 11.308933
11.7 11.749384
11.2 11.222925
12.814443 12.399952
11.999998 11.946994
11.5 11.957628
11.1 11.186869
11.903272 10.767197
11.5 11.538704
11.400001 11.233891
11.1 11.496041
11.3 11.390752
11.5 11.430052
11.204387 11.42625
10.1 11.088962
14.1 14.297686
11.400001 11.872795
12.699998 12.892991
13.000009 12.484804
11.5 12.35087
11.5 11.592678
11.2 11.327517
11.400001 11.998714
11.5 11.595889
11.900001 11.9740715
11.3 11.395886
11.900001 11.946209
11.2 11.339392
11.1 11.206675
11.599999 11.5070095
11.108774 11.24825
11.2 11.379285
11.8 11.617304
11.999998 12.327966
10.1 10.139327
11.900001 11.923989
12.899998 12.549162
11.5 11.702606
11.2 11.706356
11.3 11.288619
12.299998 11.764618
11.3 11.648517
10.2 10.219844
11.8 12.184188
11.900001 12.005921
11.2 11.329649
11.8 12.012879
11.599999 11.508394
11.2 11.412504
11.2 11.302124
12.199999 11.901226
13.000009 12.701284
11.2 11.293964
11.2 11.312328
11.7 11.3483925
11.900001 11.989996
11.2 12.343403
11.1 11.209173
11.900001 11.925392
11.2 11.201047
11.2 11.526032
13.299971 13.29726
11.7 11.849911
11.7 11.398006
12.499997 12.090536
11.7 11.7435875
11.2 11.542361
11.7 11.855774
14.700326 13.530968
10.622879 10.634807
11.3 11.334105
13.1 11.870237
11.900001 11.851371
13.800057 12.735756
12.199999 11.945431
11.5 12.33786
11.3 11.393673
11.5 12.156172
11.2 12.0976515
11.999998 11.469263
11.2 11.878794
11.599999 11.87627
11.8 11.9305
11.40103 11.82826
11.1 11.194505
13.200015 14.091843
13.899971 12.085896
11.5 11.896663
11.321849 11.358957
12.399998 11.46417
13.138838 12.15744
9.668636 9.641961
12.668636 12.632699
11.2 11.176706
13.200015 12.644163
11.8 11.929794
11.1 11.242017
11.5 11.543535
11.2 11.323938
10.622879 11.43289
12.599997 12.853553
14.8447275 14.486542
11.5 11.743187
12.199999 12.057843
13.299971 12.087425
11.1 11.208096
11.290441 11.641326
11.599999 12.249616
12.199999 11.636192
11.900001 12.762462
11.7 11.855473
13.299971 12.350043
11.5 11.597507
12.499997 12.281943
11.1 11.281612
11.2 11.261007
11.400001 11.471214
11.5 11.650883
12.899998 12.851094
11.999998 11.938871
14.500117 13.449476
12.199999 11.8918495
12.1 11.508951
11.7 11.824424
11.5 12.033317
11.1 11.291419
12.599997 13.289065
11.1 11.362966
13.800057 13.125128
11.2 11.283994
11.900001 12.0462
11.599999 11.644689
11.7 11.869912
12.799992 12.234416
14.1 12.608406
11.3 11.448458
11.1 11.805218
11.7 11.684667
11.2 11.304304
12.499997 12.591388
14.256437 14.040572
11.8 11.966286
11.599999 11.761002
11.8 11.85508
12.599997 12.504054
10.49794 10.658887
12.299998 11.446552
11.2 11.229527
11.2 11.660269
11.2 11.408161
13.000009 11.981261
12.399998 12.054912
11.2 11.296548
10.3 10.394684
11.2 11.254679
12.79897 13.263649
11.7 12.036009
11.900001 11.935337
12.499997 12.156312
11.400001 11.501558
11.3 11.372144
11.400001 11.351773
12.699998 11.607435
11.3 11.388391
11.5 11.6544075
11.900001 11.953859
11.1 11.159232
11.900001 12.321765
11.7 12.438513
11.599999 11.63129
14.700326 14.538448
11.2 11.338966
11.900001 11.939032
11.7 11.743267
12.149998 11.404601
10.9 10.744597
11.5 11.679218
11.49794 11.675318
14.1 13.888792
11.7 12.030083
10.40103 10.422309
11.5 11.536364
11.3 11.579493
11.900001 11.972104
12.799992 13.494376
12.379841 11.053496
11.900001 11.991362
11.8 11.968875
11.1 11.105919
11.2 11.346458
11.2 11.455228
11.2 11.681366
10.5 10.584354
11.900001 11.974983
13.000009 13.069553
13.800057 12.515189
10.738272 10.228815
13.600039 13.0454445
11.599999 11.8618765
11.2 11.48564
11.5 11.56242
11.400001 11.343565
11.7 13.911718
11.5 11.851491
11.1 11.207838
12.899998 12.320442
11.400001 11.524363
13.800057 13.605026
11.1 11.117522
12.699998 13.217026
11.900001 11.6534395
13.600039 12.7922325
11.3 11.458583
11.400001 11.257436
13.699981 13.12235
12.299998 12.168051
12.020819 12.136844
11.1 11.30468
13.500008 13.327564
14.1 14.355513
11.2 11.270486
11.5 11.492224
11.2 11.4704685
11.2 11.419132
11.200007 12.249951
13.1 13.385227
11.8 11.706099
11.2 11.236169
14.151198 13.373856
11.7 11.797232
11.1 11.250372
11.8 11.895574
11.2 11.263067
13.000009 12.804561
10.555932 11.407108
11.2 11.318159
11.2 12.081435
11.5 11.519899
11.8 12.00304
11.400001 11.436929
11.599999 11.79635
11.2 11.438477
11.2 11.27832
11.400001 11.419753
11.999998 12.063688
10.5 10.648789
11.8 11.878851
10.622879 10.708813
11.3 11.351412
11.900001 11.960056
10.19691 10.075684
11.2 11.810522
10.637602 11.303988
11.2 11.25206
11.999998 12.028473
11.8 11.75519
12.199999 12.248224
11.5 11.585852
11.999998 12.0495205
11.1 11.772535
11.3 11.579632
11.106564 11.686039
11.1 12.112048
11.3 11.57713
11.3 11.416517
12.15 11.899581
11.1 11.191395
11.999998 11.962734
11.400001 11.6327
11.3 11.476498
10.622879 10.656453
11.5 11.4426365
11.3 11.51481
11.8 12.023449
11.900001 11.978716
12.986056 12.962286
10.2 10.360095
11.900001 11.880477
11.2 11.353344
11.1 11.295746
10.4 10.526369
11.7 11.41937
11.7 11.884669
11.2 11.258622
11.2 11.336194
11.3 11.588457
11.3 11.526161
11.599999 11.872435
11.1 11.273274
11.5 11.645077
13.200015 11.991483
11.881984 11.9305935
11.8 11.919149
11.7 11.753624
11.7 11.472845
13.399989 12.867447
11.599999 11.658335
11.2 11.298399
11.8 11.893053
11.400001 11.496891
11.999998 11.462
12.799992 11.450922
10.70206 10.840429
10.1 10.771453
12.799992 12.595718
11.900001 11.797938
11.8 11.967196
13.899971 11.924238
10.70206 10.852151
11.999998 12.079138
11.3 11.321615
13.500008 12.321222
11.400001 11.397766
11.2 11.393986
11.900001 11.998814
11.3 11.392062
11.1 11.198595
11.1 11.132567
11.900001 11.981639
12.599997 12.660318
11.3 11.387348
11.8 11.81919
10.7 10.530155
11.900001 12.103634
11.3 11.360791
11.599999 11.291913
10.4 11.238015
11.5 11.5032215
11.2 11.446308
11.900001 11.9863205
11.599999 11.571944
12.599997 11.83429
11.655955 11.473347
11.599999 11.624275
11.1 11.28923
11.5 11.685377
11.5 12.166646
11.1 11.079992
11.2 11.355102
11.400001 11.567408
11.2 11.366128
14.500117 13.532262
11.900001 12.093998
13.4372425 12.253052
11.599999 11.427667
13.1 13.514717
11.2 11.488762
12.199999 11.737067
12.499997 12.472639
13.000009 12.4203
11.3 11.54672
12.136212 11.971731
11.5 11.472722
11.5 11.942078
11.5 11.525764
13.500008 13.778804
11.900001 12.027872
12.1 11.97061
11.400001 11.174989
11.599999 11.536122
11.2 11.233717
11.3 11.574844
14.901343 13.5423155
11.1 11.587743
9.893174 10.128053
11.7 11.822959
11.900001 11.974516
11.599999 11.335274
11.2 11.74852
11.8 12.050857
11.8 12.210902
12.199999 11.76095
11.1 11.152904
11.7 11.813606
11.7 11.843855
11.900001 11.954523
11.2 11.273573
13.299971 13.098955
11.1 11.417795
11.2 11.29751
11.599999 11.670237
11.8 11.882324
11.999998 11.702011
11.3 11.351906
9.622879 10.218399
11.7 11.867542
11.5 11.691909
10.336572 10.467219
12.299998 12.320196
10.775512 10.9177
11.599999 11.901534
11.900001 11.926385
10.7 10.476864
12.199999 11.560786
11.1 11.332621
11.5 11.627859
14.901343 15.043671
12.599997 12.223501
11.3 11.373687
11.2 11.330947
11.8 11.959217
11.8 11.918365
11.5 11.588802
11.8 11.931978
12.199999 12.13695
12.172629 11.559674
11.900001 11.833109
11.599999 11.887613
12.899998 14.036255
12.299998 12.07119
11.400001 11.581482
11.1 11.2432995
11.400001 11.772819
11.7 11.725458
11.599999 11.587627
11.8 11.738876
13.108774 13.2648325
11.5 11.696195
15.299971 16.308313
12.769587 13.0673685
12.399998 12.3225155
13.399989 12.145337
12.19691 12.525326
11.5 11.458014
14.1 14.503609
13.899971 13.154161
12.020819 10.545637
11.900001 11.940903
11.900001 11.975712
11.8 11.485653
10.224938 11.489096
11.2 11.356077
11.7 11.680048
11.7 11.804298
12.199999 12.316338
10.1 10.536363
10.2 10.185508
14.622879 13.887285
11.7 11.725462
11.3 11.469093
12.399998 12.170433
12.1 11.881222
10.1 10.762811
11.900001 11.962186
11.900001 12.11992
12.399998 12.426339
11.599999 11.598134
11.8 11.878847
13.000009 12.392803
12.89588 13.642845
11.5 11.638605
13.800057 13.136871
11.900001 11.882739
11.900001 11.96087
11.999998 11.3008995
11.5 11.696786
11.2 11.245602
11.1 11.163865
11.900001 11.956903
11.8 11.93575
11.7 11.685404
11.7 11.929256
12.699998 12.404211
11.599999 11.345943
11.1 11.265995
11.0 10.4886265
11.543697 11.231898
11.3 11.6482725
11.8 11.794392
11.5 11.7499275
12.923909 12.5598
11.999998 11.9735985
12.399998 12.357047
11.900001 11.95256
11.18831 11.226572
12.599997 11.91911
11.599999 12.238001
12.1 11.638912
11.400001 11.523435
11.5 11.580776
12.199999 12.205288
13.800057 12.281037
12.599997 11.93281
12.199999 12.70799
11.900001 11.974974
11.3 11.398383
11.3 11.449839
11.307609 11.472017
11.2 11.206795
11.400001 11.537408
10.3 10.232872
10.2 10.54608
11.2 11.290997
10.2 10.768082
11.2 11.409754
11.1 11.206373
13.1 12.411349
13.000009 12.909531
11.900001 11.875911
11.1 11.17328
11.8 11.945879
11.599999 11.6899
11.2 11.313145
12.1 11.886935
12.199999 12.235256
11.3 11.342778
14.299971 13.674856
11.1 11.314659
11.1 11.234802
11.5 11.657864
11.1 11.231941
11.2 11.351002
12.799992 11.762972
13.899971 13.484169
11.599999 11.732389
11.884776 11.9528885
11.599999 11.616319
11.3 11.366146
11.1 11.051648
11.599999 11.853505
11.5 11.213115
14.155518 14.311596
11.2 11.236557
11.8 11.864153
11.1 11.362785
11.8 11.867663
11.2 11.307722
11.999998 11.671225
11.400001 11.369731
11.5 11.376839
11.926936 11.961718
11.3 11.324829
11.7 11.463731
11.70206 11.470245
11.1 10.907693
11.1 11.211008
10.9 10.781696
11.40103 10.996736
11.599999 11.672339
14.1 12.998964
11.1 11.135582
12.599997 11.895775
11.900001 12.322674
11.900001 11.861896
11.900001 12.0204525
11.2 11.330853
13.200015 13.5502205
11.0 10.679787
11.5 11.557468
12.651294 12.519659
11.5 11.422375
10.8 12.04178
11.400001 11.4913845
11.1 11.146955
11.599999 11.748646
12.299998 12.462332
11.8 11.947298
12.317528 12.042226
13.986056 13.7201
11.1 11.243708
12.299998 11.817275
11.2 11.347137
11.7 11.801389
11.2 11.251503
12.199999 11.958677
11.8 11.507784
11.8 11.719013
11.400001 11.5383005
11.1 11.150213
11.5 11.584829
11.900001 12.355928
11.999998 11.988534
11.7 11.555928
11.1 11.217687
11.3 11.555344
11.2 11.562164
11.3 11.44403
11.400001 11.38608
10.5 10.723574
11.599999 11.977796
10.1 9.981179
10.1 10.164973
11.5 11.700207
13.399989 12.252203
11.5 11.579595
11.7 11.535105
13.000009 13.283827
11.2 11.358742
11.1 11.35549
12.199999 11.353639
11.8 11.902657
11.599999 11.6180725
12.199999 11.976273
11.2 11.251299
11.599999 11.794884
11.1 9.980995
11.5 11.582554
11.1 11.540936
11.1 11.256182
11.7 11.559561
11.1 11.174488
11.8 11.869303
11.1 11.419149
11.2 11.338679
10.70206 10.721202
11.96328 11.350715
13.500008 12.248182
11.900001 11.965929
11.2 11.163519
11.900001 11.967653
11.1 11.077062
12.299998 12.19643
12.199999 12.035093
11.1 11.180363
11.900001 11.8414135
12.399998 13.10733
11.5 11.626887
11.999998 12.025579
12.399998 13.258064
11.2 11.399656
10.622879 10.856323
11.2 11.312649
11.1 11.304703
10.4 10.546564
11.8 11.916624
10.2 10.32705
11.900001 11.950646
14.299971 13.955219
11.7 11.6987915
11.999998 12.056393
11.2 11.325643
11.7 12.212391
11.3 11.4324465
11.2 11.381487
11.400001 11.6436
11.8 11.8128605
11.8 11.924608
10.79897 10.973674
11.3 11.345056
12.299998 12.264824
11.3 11.664258
13.899971 12.83424
11.8 11.903999
10.6 10.767338
11.3 11.356889
11.400001 11.638506
11.40103 11.724298
11.5 11.658783
10.3 10.444026
13.79897 13.729713
11.599999 12.085012
11.1 11.326561
11.2 11.539766
12.340956 12.612434
11.2 11.18633
11.8 11.549634
11.900001 11.943672
13.777781 13.611631
11.599999 11.698195
11.900001 12.202297
12.420272 13.595938
13.600039 12.196484
12.299998 11.963482
11.2 11.415145
11.400001 11.501208
12.872113 11.9710045
11.1 11.245482
13.999974 13.55898
10.89588 14.23359
11.3 11.665275
11.2 11.361887
11.7 11.969994
11.2 11.330561
11.8 11.356601
13.500008 12.937208
11.1 11.236109
11.2 11.35178
12.199999 11.64028
11.900001 11.926569
11.1 10.793371
11.599999 11.414938
10.40103 10.688459
11.2 11.318251
13.600039 11.419116
11.900001 11.956787
11.2 11.256741
11.8 12.011362
11.2 11.710396
11.2 11.404631
11.2 11.327009
11.9680605 12.469215
11.7 11.730678
11.400001 11.688282
11.1 11.179619
14.600313 14.412503
13.581486 13.518628
11.1 11.240879
10.555932 10.515154
11.2 11.326664
11.2 11.274241
10.759556 10.404255
11.2 11.369326
12.577556 12.553796
11.8 11.859837
11.1 11.184988
11.599999 11.730348
12.899998 12.621374
13.399989 13.058817
11.40103 11.381675
11.1 11.25382
11.5 11.309631
11.2 11.247127
11.999998 12.157305
11.3 11.384703
11.1 11.169741
14.200179 14.084039
13.1 13.333227
11.622879 11.81052
11.900001 12.015598
11.900001 11.687816
11.900001 11.967434
15.1 14.350966
11.2 11.290019
11.2 11.293034
11.2 11.299932
11.1 11.85586
11.599999 11.816971
11.999998 12.035677
11.400001 11.47295
11.5 12.126436
11.1 11.167448
11.7 11.91227
11.900001 12.021134
13.1 13.29612
11.400001 11.463271
11.2 11.403246
11.7 11.779547
11.5 11.620281
11.1 11.246548
12.299998 12.16671
13.321849 11.314598
11.1 11.332527
11.900001 11.961065
11.7 11.651969
11.1 11.113117
11.7 11.641882
11.900001 11.989436
13.600039 11.874994
11.8 11.909806
11.900001 12.031339
10.2 10.530554
12.299998 13.256501
11.400001 11.60961
12.299998 11.721593
11.5 11.669541
10.4 10.657009
12.199999 11.843651
11.8 11.852228
11.900001 12.093216
11.400001 11.788437
11.3 11.412041
11.3 11.419852
11.8 11.651914
12.399998 12.885169
10.7 11.183764
11.2 11.18726
11.8 11.923152
11.1 11.355969
11.5 11.898645
11.8 11.735158
12.1 11.7801
11.3 11.42657
11.599999 11.613536
11.2 11.261738
11.8 11.925781
11.8 12.216444
11.719789 12.130648
13.299971 11.234781
11.3 11.405449
11.1 11.202015
12.699998 13.042632
11.45 11.45644
11.668636 12.183554
13.40103 13.120864
11.900001 12.049728
11.1 11.252514
11.1 11.28542
12.899998 11.8892565
11.2 11.459826
11.400001 11.575966
11.4335785 12.217592
11.1 11.372758
11.2 11.373872
11.3 11.310587
11.999998 12.125238
11.999998 12.159206
11.254902 13.838558
11.400001 11.276256
11.900001 11.837344
11.3 11.340324
11.65 11.570349
10.8 11.181048
12.799992 12.763955
11.2 11.354534
11.5 11.763884
11.999998 11.630522
11.400001 11.522515
11.900001 11.979422
11.2 11.317017
15.219187 14.443603
11.5 11.752003
10.622879 10.773802
11.2 11.279169
11.2 11.413079
11.3 11.534855
11.8 12.188112
11.7 11.689306
11.3 11.333355
10.40103 10.422374
11.599999 11.64468
11.3 11.447714
11.2 10.89818
11.400001 11.370746
12.1 11.725338
11.999998 12.233793
11.3 11.429748
11.900001 11.9852495
11.1 11.218378
11.2 11.251738
11.1 11.149085
14.500117 13.628496
11.400001 11.421112
11.5 11.46891
11.2 11.2957945
11.3 11.44177
10.5 10.687041
11.5 11.63282
11.900001 11.958298
10.70206 10.753565
12.399998 12.185905
10.66225 11.118944
12.175721 11.404071
11.8 11.842915
14.299971 14.063946
11.599999 11.459442
11.2 11.427039
11.5 12.123192
11.900001 11.987156
12.599997 12.061079
11.3 11.628958
11.926936 11.858934
11.8 11.952755
13.299971 13.810656
11.599999 11.786862
11.5 11.388149
13.999974 13.512061
13.048454 12.338649
11.1 11.13996
11.3 11.378204
11.1 11.183793
11.3 11.412891
11.1 11.33495
12.1 12.256035
12.628708 12.535239
11.7 12.131948
11.7 11.813492
11.49794 10.5825815
11.75 11.3724165
11.900001 11.927263
11.8 11.937785
11.599999 11.62981
13.299971 12.882087
11.599999 11.802499
12.199999 12.110891
11.2 11.26251
11.8 11.9178505
11.999998 11.9861145
11.7 11.713083
11.2 11.2983
11.8 11.791111
11.400001 11.486766
11.599999 11.3989315
11.1 11.295114
11.8 11.948317
11.8 11.421078
11.7 12.010878
14.500117 14.220858
11.2 11.412866
11.8 11.994408
11.900001 11.962086
12.112837 11.230938
12.199999 12.086525
11.1 12.192515
11.8 11.926264
11.49794 11.999641
11.3 11.383968
11.5 11.667015
11.3 11.315642
11.3 11.470901
11.3 11.409584
11.7 11.884497
11.900001 11.775864
11.5 11.387981
11.3 11.344244
11.900001 11.937326
11.5 11.689779
12.899998 12.203589
11.5 11.51071
14.500117 13.509846
11.599999 11.6926985
11.1 11.180693
13.600039 12.898758
11.1 12.064593
11.599999 12.117268
11.2 11.394945
11.5 11.558544
11.400001 11.422325
11.999998 11.70559
11.1 11.278128
13.738272 13.801194
11.7 11.464038
11.3 11.64134
11.3 11.958624
11.599999 11.986039
13.200015 11.603552
11.1 11.302868
11.2 11.258839
12.685027 11.818218
11.900001 11.922139
11.7 10.710964
11.5 11.589922
11.2 11.319996
11.900001 11.944899
11.8 12.061251
11.400001 11.227252
12.199999 12.155718
11.900001 11.894952
11.599999 12.174447
11.900001 11.873535
11.79897 10.920689
11.400001 11.549206
11.15 11.231845
11.400001 11.2532425
12.028118 11.072136
12.299998 11.914519
12.299998 12.286825
11.999998 11.91737
11.3 11.41672
10.622879 10.603888
11.2 11.369603
11.999998 12.026617
14.500117 13.419597
11.3 11.372688
11.8 12.784009
11.3 11.415431
11.7 11.762915
11.900001 11.942243
11.2 11.464085
11.900001 11.96619
11.3 11.033926
12.399998 12.055849
12.299998 12.463613
11.5 11.667904
11.900001 11.74224
10.3 11.365729
10.49794 10.620916
11.900001 11.937092
11.1 11.368664
11.900001 11.958694
11.599999 11.779002
11.344125 11.646013
11.2 11.409025
11.400001 11.492928
11.5 11.591328
11.999998 12.027462
11.400001 11.64921
11.400001 11.441242
12.6934595 13.438807
11.3 11.392074
11.2 11.886146
11.400001 11.429272
11.1 11.321006
11.999998 11.739693
11.1 10.780081
11.2 11.246631
11.599999 11.649479
11.1 11.33234
11.5 11.674734
13.000009 11.495934
11.5 11.642174
11.1 11.346191
11.2 11.259914
13.600039 13.770339
11.8 11.982086
11.8 11.446507
10.70206 10.674189
13.1 12.678416
13.399989 13.327237
11.2 11.362276
11.3 11.761388
11.599999 11.672095
14.901343 14.167086
11.7 11.707462
11.599999 12.822447
11.1 11.322792
11.2 11.390768
12.299998 12.196254
11.2 11.363186
11.2 11.294346
11.900001 11.9627
11.1 11.213585
11.1 11.211771
11.2 11.856193
12.699998 12.622335
11.999998 11.924032
11.900001 11.933476
14.100029 13.796649
11.2 11.407173
11.599999 11.675711
11.900001 11.914006
11.5 11.590492
11.2 12.082129
12.699998 12.495988
11.719789 11.299015
11.900001 12.105242
11.599999 11.853334
11.7 11.675329
13.000009 11.595987
13.600039 12.894876
11.999998 12.034042
10.3 10.522592
12.199999 13.288581
11.2 11.296997
9.890485 10.050407
11.599999 11.832026
11.3 11.533039
11.400001 11.499944
11.5 12.608513
12.899998 12.696068
11.999998 11.908144
11.29382 11.551
11.3 11.970158
12.299998 11.660447
11.175305 11.273726
12.599997 12.024276
11.3 11.336246
11.2 11.346672
10.1 10.854616
13.999974 13.713482
13.1 12.627632
11.5 11.322208
11.599999 11.729981
11.900001 11.723936
11.999998 11.937824
11.2 11.35088
11.1 11.215502
11.2 11.57777
11.3 11.345219
11.1 11.246183
11.356133 11.257733
11.1 11.455302
11.7 11.512284
12.499997 12.059456
11.1 11.157584
13.299971 13.170403
13.79897 13.374077
11.599999 11.649013
11.400001 11.405393
11.900001 11.999151
12.299998 12.283783
11.900001 12.015089
13.000009 12.051649
11.999998 12.029598
11.7 11.988094
11.3 11.449581
12.1 11.224688
11.1 11.271221
10.622879 10.637978
11.2 11.3300295
13.1 12.164068
12.199999 12.77323
11.1 11.2946005
14.49794 14.438138
11.2 11.314314
11.2 11.320554
11.8 12.198194
11.900001 11.967746
11.900001 11.926855
11.7 11.884899
11.8 12.064162
11.7 11.758854
13.000009 12.317225
12.499997 12.903078
11.321849 10.811577
11.3 11.442438
12.899998 12.018125
11.599999 12.184079
11.5 11.696547
10.40103 11.58758
11.8 11.993059
11.999998 11.980238
12.799992 12.293903
11.7 12.030792
11.900001 12.016815
11.400001 11.482465
11.2 11.288403
11.2 11.287726
11.1 11.20488
11.7 11.781609
11.900001 12.169362
11.400001 11.545327
11.7 11.6295805
11.900001 11.953131
11.999998 11.828576
12.899998 12.536231
11.8 12.312174
10.2 10.174899
11.3 11.413116
13.1 13.324985
12.199999 11.9541
12.46955 11.754301
10.5 11.505325
11.599999 11.315509
10.5 10.508855
11.1 11.227719
11.900001 11.982085
11.5 11.564974
13.600039 12.492105
11.3 11.303353
11.900001 11.675713
11.3 11.418385
11.1 11.117453
11.5 11.658256
12.899998 12.819579
11.2 11.501193
11.599999 11.711338
11.999998 12.018897
12.799992 12.747557
12.699998 12.462698
11.1 11.511236
11.1 11.17233
11.1 11.16808
11.1 10.848169
11.3 11.323839
13.000009 13.1687155
11.1 11.411507
11.8 12.223818
11.400001 11.556162
11.2 11.280449
11.999998 11.161424
11.7 11.997902
13.500008 12.98667
11.3 11.652241
11.999998 12.334237
11.8 12.029312
10.145758 9.978823
11.900001 11.309793
11.900001 11.912919
11.5 11.601194
10.7 10.626141
11.8 12.161028
11.900001 11.96045
11.2 11.301536
11.8 11.94743
11.8 11.952454
11.400001 11.500108
11.999998 11.960957
12.6867 13.139528
11.900001 11.749041
11.1 11.422122
11.599999 11.491413
11.1 11.356384
12.599997 12.145401
11.2 11.405926
11.7 11.694445
12.899998 13.697241
12.199999 11.490334
11.2 11.31336
12.499997 12.218726
11.8 11.614996
11.1 11.358699
12.699998 11.403892
11.900001 11.964762
15.299971 14.375782
12.299998 12.12635
11.1 11.2576885
11.999998 12.063561
11.8 11.461434
12.199999 12.440027
10.2 10.292701
10.3 10.450589
11.1 11.456592
13.81627 12.510668
10.5 10.749949
11.599999 11.42684
11.900001 11.525026
11.3 11.651119
11.2 11.31898
11.79897 11.9039955
12.199999 12.072574
12.923909 10.754548
11.400001 11.102879
11.1 11.171378
11.1 11.210452
10.40103 11.133703
11.2 11.390161
11.3 11.3596
11.2 11.3845215
11.8 11.398185
13.800057 13.377716
12.199999 11.509306
11.900001 11.910246
10.2 10.563545
11.8 11.969957
15.200179 14.564185
11.1 10.998883
11.1 11.166968
11.3 11.414122
11.400001 11.375659
11.2 11.445769
11.3 11.619823
11.7 11.74619
11.400001 11.387119
10.224938 12.435022
11.400001 11.581972
11.8 11.926991
11.400001 11.463671
11.400001 11.533397
11.900001 11.75172
11.2 11.359449
14.299971 15.505446
14.299971 12.859819
11.400001 11.353429
11.3 11.5266695
11.599999 11.64159
11.1 11.64544
11.8 11.928641
11.400001 11.53933
11.900001 12.304313
11.2 11.245737
10.1 10.179837
11.3 11.389665
11.1 11.207636
11.900001 11.460304
12.399998 12.073952
11.2 11.6654415
11.8 11.842785
11.2 11.360629
10.1 10.2245455
11.900001 11.984411
10.5 10.784974
13.65752 11.23365
11.3 11.376292
11.2 11.330291
11.1 11.16505
11.2 11.280894
11.2 12.099602
11.8 11.966547
11.400001 11.701398
11.2 11.482633
11.1 11.242722
11.2 11.269736
11.1 11.290005
11.1 11.111885
14.834261 14.221796
11.5 11.566668
11.400001 11.649681
11.400001 11.504808
11.7 11.901552
11.900001 12.229095
11.2 11.260356
11.599999 11.669309
11.5 11.33192
12.950003 12.594834
12.699998 12.371662
11.7 11.71091
11.7 11.473545
12.799992 11.907953
14.108774 14.294631
11.2 11.246515
10.1 11.050035
11.2 11.337192
11.2 11.331804
11.3 11.377253
10.40103 11.53834
12.899998 11.926535
11.923909 11.332472
11.2 11.199212
11.400001 11.670283
11.70206 12.734028
11.1 11.229065
13.800057 12.200298
11.2 11.339844
11.400001 11.414132
11.2 11.365232
12.199999 12.199558
12.399998 11.673267
13.1 12.243827
10.622879 10.659429
11.1 11.164434
12.899998 12.223983
11.8 11.932814
11.900001 12.0592165
11.2 11.931641
11.900001 11.7752495
11.3 11.3126955
11.999998 12.034534
11.5 11.624979
11.2 11.277515
12.199999 12.356616
11.599999 11.611799
11.400001 11.564196
11.487216 11.719171
13.487216 13.227806
11.1 11.483507
11.7 11.812117
11.7 11.863123
11.599999 11.643294
11.1 11.2633705
12.399998 12.426142
11.900001 12.009808
11.599999 11.644262
11.400001 11.383326
12.499997 12.805587
12.499997 11.897097
10.40103 10.793988
11.2 11.38168
11.900001 11.96611
11.2 11.301923
11.1 10.859094
12.1 11.509285
11.900001 11.995724
11.7 11.813085
11.5 11.683556
11.999998 12.18379
11.8 11.946907
12.307609 11.4307165
12.699998 13.200836
13.953872 13.451147
11.5 11.496063
11.3 11.398205
11.2 11.510328
12.199999 12.264748
12.00309 12.163825
11.3 11.38289
11.599999 11.800988
13.200015 12.164143
11.2 11.269752
12.668636 12.800663
10.622879 11.2559185
11.3 11.386312
11.2 11.4281435
13.668636 11.125338
11.8 11.9165745
10.8447275 9.922354
11.6867 13.396814
11.5 11.583183
11.1 11.400251
11.900001 11.967299
11.2 11.327056
12.1 11.873579
12.393091 12.580097
10.40103 11.940029
11.900001 12.037501
12.599997 11.810583
11.3 11.421438
11.1 11.000497
11.1 11.323819
11.1 11.329543
11.5 11.349371
10.3 10.428761
12.699998 11.915452
11.3 11.412859
11.3 11.330034
10.1 10.021206
11.2 11.362679
10.7 10.768559
11.1 11.237803
11.3 11.576264
13.1 12.699207
10.8 10.892864
11.7 11.644555
11.3 11.394026
11.2 11.760623
10.224938 11.678436
11.1 11.2850485
11.1 11.961825
13.000009 11.836297
13.180922 13.347364
11.1 11.06348
11.3 11.474062
11.900001 11.948439
11.7 12.057125
12.193092 11.549562
11.2 11.145984
11.2 11.469791
11.5 11.939904
11.3 11.3729
12.799992 11.524303
11.599999 12.301562
11.1 11.179251
12.299998 11.565001
11.1 11.186169
11.2 11.679657
11.8 11.592057
11.2 11.203335
11.400001 11.40943
11.7 12.360126
14.500117 12.685387
11.900001 11.91686
11.5 11.63667
11.49794 12.469553
13.899971 13.084789
11.2 11.358917
11.2 11.339689
11.1 11.20737
11.280072 11.377209
12.499997 12.725166
11.2 11.293891
11.5 11.6030655
11.49794 11.77822
11.1 11.135555
11.2 11.407631
12.1 11.697311
11.732644 11.179262
13.299971 13.836311
11.900001 11.950728
11.668636 12.139149
11.599999 11.751831
11.2 11.289845
10.40103 10.350831
11.999998 11.889042
11.1 11.228849
11.2 11.987079
11.2 11.226246
11.2 11.584872
11.599999 11.990761
11.1 11.556983
11.900001 11.963255
11.7 12.073701
11.400001 11.65782
11.8 11.917908
11.2 11.320164
11.400001 11.523563
11.5 11.800582
11.5 11.745379
12.1 11.961935
12.599997 12.464985
12.1 11.460178
11.400001 11.773163
11.1 11.180539
13.399989 13.708455
11.999998 11.955661
11.599999 11.707764
11.3 11.543808
10.70206 10.655385
11.2 11.241303
11.400001 11.904281
11.1 11.250092
11.900001 11.933931
14.145758 14.552074
11.599999 11.615229
11.2 11.261859
11.8 11.925116
12.299998 11.963608
11.8 11.940397
11.2 11.3973255
11.7 11.444529
11.999998 11.819658
11.900001 11.976066
11.999998 12.237961
12.1 12.51669
11.599999 11.691342
12.599997 12.305117
12.499997 12.11666
12.199999 12.273602
11.599999 11.530373
11.599999 11.640633
10.935647 10.887292
11.7 11.735897
11.999998 11.955997
10.2 10.582309
11.5 11.470997
11.175305 11.334943
11.1 11.129175
10.40103 10.527881
10.4 10.62407
11.2 11.615722
9.986056 10.112204
11.3 11.398684
12.699998 13.545199
11.400001 11.46009
11.2 11.401851
11.400001 11.448842
11.2 11.254531
11.079304 12.869644
11.1 11.671892
11.1 11.182076
11.2 11.261251
11.999998 12.044748
11.1 11.236953
11.900001 11.926962
12.599997 12.150499
11.2 12.012137
11.900001 11.919469
11.400001 11.651768
11.599999 11.634058
10.79897 11.073652
11.2139435 11.610858
11.2 11.538923
12.299998 12.007959
11.400001 11.406127
12.577345 12.178577
11.1 11.526127
11.7 12.045806
11.1 11.361612
11.2 11.301696
11.8 12.050544
13.500008 13.528212
11.8 11.745332
11.2 11.23116
13.899971 13.60968
12.599997 12.421817
12.699998 13.338094
11.400001 11.229144
11.3 11.558113
11.599999 12.1032505
12.29382 13.159799
11.3 11.353615
11.1 11.147297
11.999998 12.011652
11.1 11.863014
11.900001 11.442741
11.900001 12.225931
12.799992 12.697317
11.2 11.415468
12.299998 12.140637
12.299998 12.418695
11.900001 11.705889
11.2 11.479069
11.2 11.609563
11.8 11.932789
11.3 11.337557
12.699998 13.092674
11.7 11.884008
11.7 11.914229
11.1 11.157179
11.1 11.263783
11.7 11.781159
11.3 11.6791
11.5 11.500157
11.999998 12.052054
11.599999 11.732588
11.900001 11.887046
12.899998 11.766514
11.1 11.170244
13.699981 13.936838
12.519075 12.566055
12.499997 12.132316
11.2 11.262696
11.900001 11.974064
11.3 11.63999
11.599999 11.634172
11.2 11.347853
11.1 10.037948
12.699998 12.206482
12.899998 11.545202
11.5 11.443425
12.699998 13.0738
11.599999 11.630088
11.400001 11.414421
11.2 11.335902
11.599999 11.789878
11.900001 11.948733
11.2 11.657921
12.599997 13.283864
11.900001 11.710283
11.2 11.293951
14.400163 14.157515
11.1 11.283318
11.900001 11.877432
10.1 10.505447
11.3 12.159502
11.3 11.495574
11.2 11.314196
10.3 10.489041
11.2 11.292348
11.2 11.214571
11.2 11.308696
12.699998 12.128265
11.5 11.539039
11.2 11.426234
11.3 11.270788
11.5 11.642799
11.599999 11.426742
11.1 11.183796
12.399998 12.19643
11.999998 12.050834
11.2 11.25102
11.5 11.54862
11.5 11.554686
11.400001 11.538323
11.599999 11.982737
11.1 11.092117
9.40103 9.952536
11.900001 11.991882
11.1 11.329048
11.652842 11.703299
11.900001 12.190903
11.5 11.468069
11.900001 12.163669
11.1 11.322327
11.7 11.934065
11.2 11.698519
11.2 11.299698
11.2 11.303276
11.900001 13.211404
11.900001 11.98907
11.8 11.920288
11.400001 11.199388
12.986056 12.775787
11.1 11.285699
11.900001 12.1435585
11.2 11.174776
11.953872 12.083653
11.3 11.326021
11.8 11.875763
10.5 10.747259
11.3 11.654526
11.599999 11.275005
12.5 12.279214
11.7 11.8251915
13.1 12.40889
11.400001 11.52791
14.500117 13.793627
12.520216 12.264058
11.8 11.427417
11.900001 11.957893
11.2 11.257376
11.900001 11.963154
11.1 11.340535
11.599999 11.69445
11.2 11.385404
11.7 11.849557
11.1 11.245077
13.899971 13.969409
11.599999 11.635277
11.2 11.268187
10.70206 10.788283
11.900001 11.974943
11.3 11.628418
11.900001 11.940106
11.3 11.349738
11.1 11.202708
11.5 11.554547
11.400001 11.302562
11.2 11.298789
11.3 11.431471
12.199999 11.924696
11.900001 11.968521
11.8 11.890707
11.1 11.203906
11.2 11.239655
11.3 11.48314
12.299998 11.471001
12.1 11.817466
11.900001 12.080406
11.400001 11.439776
11.1 12.009293
14.79897 13.912804
11.1 11.2899475
10.8 11.104765
12.499997 12.975785
11.2 11.281195
10.40103 10.572349
11.400001 11.602089
11.999998 12.492881
13.600039 12.884623
11.498559 11.875501
12.299998 12.50255
11.2 11.294274
11.1 11.107378
11.1 11.254647
11.3 11.382934
11.999998 12.037545
11.999998 11.990306
12.199999 11.880109
11.7 11.432455
11.2 11.454109
11.3 11.488424
11.5 11.842691
11.900001 12.052349
11.2 11.287866
11.2 11.274161
11.1 11.282463
13.1 12.628319
10.738272 10.331711
9.49794 9.570932
11.5 11.568348
11.2 11.353147
10.9 11.843967
11.1 11.328824
11.7 12.696135
11.3 12.532441
11.3 11.437891
10.622879 10.766971
12.499997 13.017644
10.9 10.888468
11.900001 12.09584
11.400001 11.875721
11.900001 12.03709
11.1 11.217405
11.8 11.826594
11.599999 11.560066
11.599999 11.569533
11.3 11.629393
11.900001 12.113449
11.5 11.23808
11.400001 11.531763
11.999998 11.453519
11.3 11.419906
11.599999 11.71977
11.1 11.38274
11.5 11.632723
11.8 11.945985
11.1 11.529122
11.900001 11.909371
12.399998 11.307923
11.7 11.469607
11.900001 12.294041
11.1 11.171525
11.2 11.2531395
12.199999 12.11166
12.316096 11.89605
11.400001 11.770449
12.299998 12.059003
11.400001 11.399147
11.2 11.235595
12.299998 11.585829
11.3 11.656094
11.2 11.779936
11.329148 11.392073
11.2 11.310019
11.2 11.197015
11.1 11.332719
11.1 11.242575
11.7 11.762
12.520216 11.629333
11.2 11.380702
11.999998 12.039094
11.2 11.361992
11.900001 11.906252
11.599999 11.691615
11.900001 11.975018
13.600039 12.667677
13.399989 12.3738
13.357275 11.424909
11.7 11.96775
11.5 11.296703
11.818967 11.329592
11.900001 11.948285
12.299998 11.823415
11.1 11.791655
13.200015 13.046041
12.299998 11.885952
10.5 10.526363
13.1 13.268551
12.199999 11.779917
12.599997 12.024378
11.400001 11.468567
11.599999 11.703653
11.999998 11.849499
11.900001 12.118364
13.000009 12.879934
11.3 11.221867
11.7 11.954146
11.531798 11.8418255
10.8 11.160007
13.699981 13.2944145
13.299971 12.619171
11.1 11.155486
11.2 11.340422
11.2 11.302271
11.900001 12.061831
11.900001 12.074794
10.49794 10.799478
11.2 11.278845
10.1 10.854608
11.400001 11.545746
11.7 11.949835
11.599999 11.649056
12.799992 11.936512
11.599999 11.799214
14.1 13.7424965
11.8 11.935877
11.900001 11.94324
10.622879 10.604414
11.2 11.331411
11.1 11.157648
12.599997 12.463956
11.900001 11.95141
11.900001 11.937203
11.8 11.890591
10.1 11.252451
11.5 11.278325
11.5 11.59276
10.1 11.432291
10.4 10.453015
11.3 10.97863
11.900001 11.313442
12.1 11.761751
10.1 10.638681
12.999629 12.920578
11.2 11.22028
11.2 11.33841
11.599999 11.291578
13.1 13.114495
11.999998 11.862361
12.430683 11.6361265
11.400001 11.855379
11.1 11.188521
12.499997 12.875865
11.381802 11.361361
11.5 11.611682
11.900001 11.957825
11.900001 11.9033165
10.1 9.748049
11.2 11.3169365
11.5 11.62521
11.999998 11.597601
11.900001 11.958388
12.788246 12.157969
11.1 11.208984
11.5685215 11.319429
11.5 11.503378
11.2 11.300453
13.200015 12.289534
11.2 11.763112
11.3 11.310025
12.799992 12.503022
11.2 11.337887
11.7 11.69182
11.8 11.381075
11.5 11.514366
11.3 11.375157
11.999998 12.019363
12.199999 11.985027
11.7 12.289736
11.2 11.243198
11.3 11.342686
11.7 11.711235
11.599999 11.646717
11.400001 11.358105
11.1 11.593342
11.1 11.173395
10.49794 10.714614
9.9642315 10.366908
12.199999 11.77407
11.599999 11.751931
14.018398 12.597234
11.7 11.464999
11.2 11.238137
11.2 11.247567
11.900001 11.393337
11.3 11.533466
11.3 11.367736
13.200015 12.557134
11.1 11.145797
12.847147 11.58264
11.599999 11.471222
11.7 11.701526
11.4809065 11.154398
10.70206 11.054283
11.0 10.469894
11.2 12.001638
11.599999 11.319827
12.299998 12.216438
11.3 11.527061
11.2 11.246889
11.999998 12.026537
11.900001 11.918316
11.8 11.830806
11.2 11.288439
12.399998 12.478556
11.1 11.207284
11.5 11.571936
11.2 11.348789
11.1 10.931731
13.299971 13.506204
11.2 11.252832
11.2 11.254392
11.999998 11.966225
11.79897 11.32854
11.2 11.292091
12.699998 12.436729
11.900001 11.810825
11.1 11.221553
13.800057 12.839686
12.799992 11.997267
11.400001 11.448323
11.5 11.621309
11.1 11.230049
11.2 11.244489
11.1 11.403761
14.400163 13.346346
12.299998 12.585201
12.799992 12.615214
11.900001 11.9383335
11.900001 11.977953
12.499997 12.068875
11.900001 12.02559
11.1 11.229077
11.599999 11.30489
11.5 11.524018
12.299998 13.40321
11.175305 11.3366165
11.599999 11.64476
11.336572 10.8037405
11.900001 11.804472
11.1 11.063239
11.3 11.399332
11.5 11.502892
13.1 13.092786
11.599999 11.637013
11.400001 11.388395
11.3 11.3657
12.723423 11.838993
10.2 10.646972
10.70206 10.723693
12.899998 12.53379
11.1 11.389351
12.299998 11.621012
11.2 11.304927
11.5 12.0504265
11.3 11.474525
11.2 11.331993
11.599999 10.703705
11.3 11.456568
11.5 11.35472
11.599999 11.719438
12.299998 12.252441
12.199999 11.486225
13.466532 13.921951
13.520216 12.444279
11.1 11.330531
11.900001 12.0073805
11.599999 11.573594
10.40103 10.367999
13.600039 13.4447365
11.999998 12.01526
11.2 11.361506
14.500117 13.410385
11.2 11.427769
11.7 11.758028
11.7 11.829397
11.5 11.4898815
12.899998 11.486548
11.900001 12.741623
13.399989 11.802425
12.1 11.386591
11.8 11.872414
11.5 11.455085
11.900001 11.767956
11.599999 11.65724
12.1 11.987843
11.3 11.378937
11.400001 11.326633
12.299998 11.798269
11.8 12.083256
10.40103 12.111554
11.2 11.269319
11.3 11.409937
11.2 11.311204
10.70206 10.764531
12.099998 12.398002
12.30831 12.712898
9.890485 10.100439
14.299971 14.529364
12.899998 12.737991
10.668636 10.714661
13.000009 12.434191
12.1 12.068157
11.2 12.411678
12.299998 12.370172
11.2 11.313564
12.399998 11.758415
11.2 11.5691395
11.5 11.837315
11.2 11.27889
11.2 11.275938
11.2 11.35233
11.1 11.286365
12.499997 12.574878
13.1 13.014889
11.900001 12.140414
11.8 11.962885
13.1 12.299576
10.4 10.4772215
11.3 11.316195
11.2 11.34569
11.900001 12.029088
11.3 11.398092
11.900001 11.987537
11.900001 12.060591
11.400001 11.682399
13.1 12.829399
11.1 11.22591
10.70206 10.652459
10.00309 12.075822
11.8 11.742341
11.400001 11.439232
11.2139435 11.481108
11.599999 11.923388
11.8 11.8700695
9.79897 9.968959
11.2 11.289288
11.1 11.144419
12.986056 10.695887
11.400001 11.357069
12.799992 12.251102
11.2 11.30369
11.999998 11.609237
12.1 11.286579
11.3 11.312575
11.7 11.620207
11.5 11.654962
11.5 11.584471
13.000009 12.770661
11.7 12.300592
11.5 11.479687
11.3 11.497902
11.1 11.209775
11.7 11.463066
13.500008 13.680397
10.9758215 10.907361
12.699998 11.910765
11.900001 11.936874
12.189909 12.540296
11.999998 12.010579
11.058607 10.469759
11.5 11.764397
11.900001 11.895487
11.5 11.669777
11.3 11.439655
11.599999 11.808751
13.1 12.226117
10.622879 10.981932
11.1 11.199861
12.499997 12.179281
11.1 10.84244
11.3 11.413749
11.3 11.400018
11.2 11.287282
11.2 11.2795925
12.668636 12.354426
11.900001 11.509079
13.299971 12.1834545
10.70206 11.8613615
12.299998 11.956974
10.1 10.739396
11.2 11.33403
11.3 11.353002
11.1 11.268713
13.800057 13.6424
12.199999 11.6415825
11.7 11.940003
13.652842 13.140928
11.2 11.316284
11.1 11.163824
11.999998 11.955261
11.3 11.387182
11.1 11.099093
11.017215 11.9435215
11.2 11.28272
11.900001 11.974835
12.599997 11.977845
12.699998 11.89867
11.5 11.429615
13.800057 14.3631735
11.2 11.336835
11.3 11.744429
12.799992 12.219614
11.2 11.293911
12.499997 12.150206
11.5 11.393001
10.6 10.777848
11.999998 11.998046
12.199999 13.103994
14.1 14.189115
11.8 11.908945
11.2 11.334467
11.599999 11.983586
12.1 12.165413
11.7 12.725081
12.899998 12.94398
13.600039 13.16477
11.900001 11.643011
11.999998 11.994705
11.599999 11.324294
14.1 14.387011
11.400001 11.520755
11.2 11.501219
12.399998 12.111508
12.1 11.767633
11.1 11.489286
12.5685215 12.848961
11.999998 12.070336
11.400001 11.443508
11.0 11.23235
11.1 11.1264715
11.900001 12.098088
10.19691 10.044497
11.900001 11.997034
11.3 11.386738
11.3 11.304421
11.900001 11.943501
10.1 10.602468
9.70206 9.792439
11.2 11.187466
11.999998 11.735479
11.1 11.22826
11.2 11.29083
11.1 11.301331
11.7 11.623448
11.999998 12.029427
12.399998 11.699393
11.435792 11.605106
11.999998 11.99363
11.400001 11.62595
11.900001 11.992296
13.40103 12.699505
11.8 11.99306
11.7 11.723118
11.8 11.922828
11.2 11.435015
11.582672 11.855909
11.3 11.395263
11.1 11.328474
11.5 11.390877
11.8 11.886938
11.5 11.595917
11.3 11.374094
11.1 11.246843
11.921121 11.917797
12.199999 12.341381
11.599999 11.67021
11.7 11.824607
11.254902 12.031731
11.400001 11.400676
11.3 11.338522
11.8 11.948093
11.2 11.276306
11.5 11.444687
11.1 11.186422
11.400001 11.362482
11.3 11.270641
12.399998 12.086661
11.599999 11.42155
11.8 11.875425
12.599997 12.026524
10.1 10.403262
11.599999 11.545061
11.999998 11.759971
11.400001 11.674204
11.900001 12.095532
11.900001 12.025522
12.022269 11.896969
11.1 11.139923
11.3 11.667151
11.2 11.16053
11.1 11.246701
11.1 11.682235
11.8 11.93497
10.9 11.170577
11.2 11.236242
12.199999 12.016352
11.999998 12.105695
11.400001 12.593053
11.2 11.289433
11.1 10.852817
13.543697 12.692917
11.900001 11.916744
12.699998 12.168755
12.499997 12.434716
11.400001 11.510094
11.5 11.756232
15.400163 14.179539
11.1 11.9993515
11.2 11.359569
11.2 11.306664
11.1 11.377369
11.1 11.151075
11.2 11.304621
11.999998 11.526173
10.40103 10.737452
11.1878605 11.226892
11.5 11.548009
10.79897 9.987223
13.999974 13.4324665
10.40103 10.546068
11.1 11.118052
11.400001 11.423004
11.900001 12.007416
11.999998 11.624507
11.2 11.290318
11.2 11.227127
11.2 11.563573
11.5 12.6819
11.2 11.354589
11.900001 11.65104
11.599999 11.59616
11.028118 11.341649
11.400001 11.4208
12.199999 12.0784645
11.7 12.258926
11.1 11.320232
11.1 11.086481
12.79897 10.823374
14.496618 14.401515
13.1 12.029163
11.400001 11.384554
11.3 11.370483
11.8 11.922067
11.3 11.341024
11.999998 14.224144
11.3 11.695888
11.1 11.180274
11.999998 12.614884
11.599999 11.715992
11.3 11.540834
11.7 11.537526
11.400001 11.458365
11.999998 11.754818
11.3 11.503388
12.499997 12.319469
10.8 10.666944
11.5 11.666542
12.199999 12.171064
11.2 11.276597
12.599997 12.234874
11.8 11.925329
11.3 11.365622
11.1 11.8861685
12.399998 12.015622
12.899998 12.121584
11.3 11.406609
12.399998 12.177037
10.40103 10.710386
11.5 11.989941
11.400001 11.326303
11.3 11.371919
11.3 11.580591
12.1 11.885986
12.1 11.808152
11.1 11.25285
12.1 12.136087
11.5 11.488686
11.8 11.972154
10.2 10.518152
11.5 11.651005
10.122276 10.032545
13.299971 13.248273
11.8 12.489797
10.1 11.101227
11.2 11.453389
11.999998 11.998309
11.435792 11.399769
11.3 11.589621
11.400001 11.723093
10.1 10.725449
11.900001 11.866452
12.799992 13.082411
11.8 11.999957
11.2 11.285796
11.999998 11.929161
11.5 11.474033
11.2 11.221019
11.3 11.618837
10.70206 11.3351345
12.499997 12.125244
12.799992 13.308056
11.599999 11.696605
12.399998 11.97818
11.900001 11.973763
11.3 11.351544
14.59485 14.625289
14.186186 14.287065
11.1 11.137655
11.599999 11.816389
10.4 10.527586
12.1 11.897604
11.2 11.279675
11.2 11.564789
13.15061 11.013264
11.900001 12.040726
11.999998 12.079515
11.3 11.485363
11.900001 12.104674
11.999998 11.885609
11.400001 11.528259
12.1 12.085149
11.3 11.422744
14.79897 14.112687
11.900001 11.978115
11.966461 12.314686
11.7 11.35736
11.7 11.781868
10.76294 11.776285
11.7 12.06057
11.2 11.373776
11.900001 12.68167
11.7 11.76525
11.599999 11.363409
11.900001 11.883486
11.1 11.156261
11.1 11.177704
11.5 11.855733
13.399989 11.887819
11.1 11.169033
11.267491 10.895796
11.5 11.458545
12.899998 12.924924
11.900001 11.832367
11.1 11.220686
12.491108 12.143314
12.299998 12.341338
10.70206 10.706194
11.684318 11.6489315
11.3 11.311738
11.3 11.384407
11.3 11.372752
11.900001 11.965113
11.900001 11.9924965
11.1 11.164519
13.321849 13.107085
11.400001 11.484805
11.3 11.355786
11.900001 11.944925
13.399989 12.714934
11.8 11.623541
11.2 11.322031
11.1 11.234212
13.622879 13.540561
11.900001 12.194073
11.2 11.318312
11.900001 11.640814
11.900001 12.061235
11.5 11.481966
11.1 11.12675
11.5 11.339086
11.3 11.95328
11.40103 10.70451
10.5 10.771774
11.5 11.545166
11.7 11.685112
11.2 11.5929165
11.7 11.524523
12.699998 12.250072
11.599999 11.642626
11.543697 11.524733
12.367606 12.163105
11.900001 12.068209
11.2 11.470842
11.3 12.066513
11.8 12.0018
11.400001 11.329477
12.043096 11.602293
11.4413 11.744636
10.8 10.63893
11.2 11.460751
11.2 11.487125
13.399989 12.9396305
14.79897 14.319409
12.799992 12.15699
11.1 11.171566
11.900001 11.993505
11.3 11.352607
11.400001 11.560446
12.299998 11.656216
12.228427 11.368086
10.5 11.003351
12.299998 12.3191185
11.321849 11.720895
10.685027 10.760397
11.2 11.269632
11.900001 11.922329
13.1 12.410489
12.906876 12.282534
11.8 11.947828
12.622879 11.913454
11.599999 11.7964325
11.2 11.3163395
11.1 11.800568
14.40103 13.480259
13.314671 12.38945
11.5 11.546724
11.599999 12.20438
12.299998 11.463239
11.2 11.415351
10.40103 10.420111
12.299998 13.15894
11.2 11.335089
11.999998 13.190782
11.7 11.838667
12.699998 13.248269
11.1 11.228746
11.1 12.377897
14.999629 14.256068
11.2 11.57676
11.999998 11.824228
11.3 11.379515
11.599999 12.139199
11.599999 11.559854
11.2 11.213089
11.1 11.307803
11.999998 12.067755
11.8 11.892048
12.1 11.609153
13.399989 13.047426
11.599999 11.691877
11.400001 11.529344
11.999998 12.03358
11.7 12.042805
11.1 11.435693
13.600039 12.298792
11.999998 12.130362
11.900001 11.972332
12.399998 12.086639
11.8 11.935117
12.719789 12.47973
11.900001 11.872972
11.1 10.788503
10.1 10.083419
11.1 11.116652
11.900001 11.9234085
12.299998 11.557589
11.900001 11.97044
12.1 11.532293
11.2 11.418421
12.899998 12.997635
11.5 11.520725
12.199999 12.354961
11.1 11.16157
11.2 11.284509
11.2 11.359541
12.499997 12.291602
11.900001 11.933176
11.1 11.296824
11.2 11.375648
11.599999 11.475372
11.599999 11.666889
11.1 12.233501
12.199999 11.592467
10.5 10.735777
11.2 11.401771
11.3 11.406276
13.3174305 13.465834
12.399998 11.512829
12.499997 12.054776
11.400001 11.383689
11.2 11.23969
11.1 12.256508
11.7 11.770533
11.1 11.237746
11.8 11.734225
11.7 11.746284
10.8 10.620648
11.622879 14.153449
11.7 11.932125
10.2 10.436316
11.1 11.21007
11.7 11.767772
12.299998 12.172892
10.622879 10.717899
11.5 11.587942
11.900001 11.407473
11.5 11.654795
11.2 11.409985
11.1 11.34297
11.599999 12.016603
11.1 11.175005
11.900001 11.969751
11.8 11.456421
11.1 11.215585
11.5 11.271956
11.2 11.290402
11.900001 11.985168
11.8 11.89173
10.1 10.603789
11.599999 11.755568
11.1 11.103955
11.3 11.411728
11.8 11.92731
11.8 11.672641
11.5 11.608414
13.488122 11.871554
11.900001 12.0306
11.8 11.900493
12.199999 12.015457
10.7 10.484029
11.3 11.288104
11.5 12.372034
10.40103 10.802882
11.999998 12.157856
11.900001 11.935677
11.2 11.325642
11.400001 11.498703
11.1 11.258342
11.0 10.969906
11.599999 11.91456
14.180922 14.549597
11.40103 10.942798
12.199999 11.804596
10.1 10.936023
11.3 11.58839
13.299971 12.718481
11.5 11.458049
11.1 10.813171
10.70206 10.696075
11.3 11.50565
11.2 11.310125
11.900001 12.898853
11.1 11.087599
11.2 11.238683
12.1 12.011747
11.2 11.336727
11.599999 11.647269
12.299998 12.346329
13.600039 13.527109
11.900001 11.480963
11.0 10.776945
13.699981 12.340858
11.999998 12.062139
13.1 12.443113
11.900001 12.228773
12.499997 12.468025
13.892513 14.391623
13.117729 13.2900505
11.7 11.270956
11.3 11.50486
11.8 11.891872
11.1 11.330305
14.1 13.976772
11.5 12.37636
12.399998 12.989684
11.400001 11.476156
11.599999 12.263926
11.900001 11.868273
11.900001 11.882498
11.5685215 12.076719
11.1 11.376396
13.600039 12.377768
11.2 11.37364
11.900001 11.978747
11.2 11.321781
11.599999 11.424627
11.900001 11.768185
11.8 11.953887
11.923909 11.874473
11.5 11.346436
10.4 10.409465
11.3 11.898808
11.1 11.204353
11.999998 11.756105
13.694213 13.887084
12.599997 12.570263
11.8 11.881674
11.3 11.434031
11.7 11.79632
11.7 11.814333
11.3 11.434528
11.1 11.228186
11.1 11.207254
12.299998 11.629706
11.7 12.069506
11.599999 11.764487
11.8 12.320497
11.599999 11.581341
10.6 10.851723
10.49794 10.664448
11.8 11.995794
11.900001 11.954
11.599999 11.218718
11.400001 11.45785
11.7 11.825392
11.3 11.895222
12.399998 11.930693
10.6 10.768439
11.5 11.660646
11.392429 12.01436
13.155518 14.185515
10.7 10.894621
10.1 9.996649
13.500008 13.733139
11.2 11.567919
11.2 11.264074
11.8 11.851676
11.900001 12.080436
12.299998 12.150068
11.5 11.517647
10.8447275 9.942507
10.637602 11.879055
11.599999 11.767114
11.5 11.562751
11.400001 11.495809
11.400001 11.624961
11.2 12.61081
11.599999 11.934252
13.999974 13.36722
11.3 11.389837
12.1 11.969919
11.1 11.0896845
11.599999 11.714664
13.899971 13.52948
11.2 11.249231
11.1 11.096464
11.900001 12.036154
11.2 11.297243
11.2 11.314371
11.400001 11.45803
12.299998 11.28191
11.5 11.616392
11.2 11.354858
11.1 11.585863
11.7 12.644397
11.8 11.984567
11.1 11.321676
11.5 11.310301
11.2 11.223817
12.499997 12.441362
11.599999 12.02545
11.900001 11.961826
11.3 11.448972
11.7 11.543835
11.8 11.509176
10.4 10.495404
11.1 11.255827
11.2 11.276748
11.7 11.749
11.3 11.439631
11.8 11.909849
11.1 11.321204
11.400001 11.5349045
11.900001 11.991177
11.400001 11.416321
10.1 11.251295
11.3 11.39466
11.7 11.762573
11.5 11.623412
11.2 11.760894
11.599999 11.644489
11.2 11.574314
11.2 11.688133
11.59485 11.205167
13.1604805 13.878613
13.600039 12.608626
12.757577 12.17972
12.399998 12.314845
11.8 11.995339
13.1 12.746907
10.757577 10.6781025
11.1 11.491889
11.900001 11.984088
10.70206 11.456416
11.900001 11.947073
13.200015 13.314534
11.7 11.4773035
11.2 11.237562
11.5 11.352831
11.8 11.92062
11.2 11.397282
11.1 11.16112
11.999998 11.872725
11.453596 10.705916
12.399998 12.732834
12.1 12.304629
10.1 11.527988
14.1 11.387672
10.622879 10.661893
11.400001 11.577335
12.599997 11.924618
12.27437 12.269972
13.399989 12.12034
9.79897 9.980759
11.599999 11.681375
11.1 11.4568
12.699998 12.969475
11.1 11.233104
10.49794 10.653243
11.1 11.304638
11.2 11.282108
11.8 11.933662
11.2 11.40376
15.1 15.490098
11.400001 11.64838
12.199999 13.271017
11.3 11.326876
11.351812 11.415658
11.2 11.296394
11.900001 12.013955
11.5 11.7091875
11.599999 11.787762
13.1 13.794919
11.2 11.317566
11.900001 11.941589
11.2 11.514495
12.399998 12.449669
11.900001 11.980109
12.499997 12.004189
13.40103 13.284101
12.299998 12.258168
11.599999 11.333025
11.3 11.733223
11.2 11.274986
12.199999 12.465652
12.418758 11.322418
11.3 11.380582
11.400001 11.236509
12.104364 12.110324
11.3 11.452549
11.400001 11.550532
11.1 11.168905
13.986056 14.13704
11.8 11.9075
11.900001 11.948621
10.70206 10.74012
12.399998 12.427791
11.3 11.446987
11.599999 12.546128
11.599999 11.7565365
11.400001 11.381649
11.2 11.352501
11.599999 11.673932
11.8 11.91918
12.344125 11.47995
11.1 12.040604
13.399989 12.487585
12.899998 12.3722725
11.2 11.265702
11.7 11.828636
11.400001 11.396461
11.7 11.737843
12.799992 12.457132
11.8 11.914478
11.400001 11.766872
10.59485 12.015017
11.3 11.342634
11.2 11.691214
14.600313 14.096193
12.899998 12.557456
10.953872 11.139249
11.599999 11.826918
11.400001 11.552489
11.5 11.38128
13.299971 13.73291
11.599999 11.25878
13.200015 12.829669
11.7 11.43504
11.2 11.395306
13.19691 12.957809
12.299998 11.968521
12.1 11.803247
11.900001 12.01926
12.399998 11.347085
10.8447275 11.330444
11.2 11.288203
11.8 11.92202
11.5 11.528177
11.5 11.311046
13.00309 13.33503
11.599999 11.785456
11.2 11.034685
10.79897 10.927069
11.19691 11.609062
11.2 11.346569
11.900001 12.036779
12.799992 11.704805
11.7 12.035618
11.1 11.221111
11.8 12.47602
11.599999 11.8280525
11.999998 11.749987
11.999998 12.096255
11.5 11.485041
11.900001 12.0250225
11.2 11.192617
11.8 11.543884
11.900001 11.931139
11.3 11.376472
12.1 11.569356
11.1 11.199482
11.1 11.215648
11.3 11.413813
11.5 11.704438
12.299998 11.733664
11.2 11.191433
11.4372425 10.9234705
11.1 11.224712
10.8 11.873269
11.622879 10.669123
11.599999 11.69713
11.1 11.241617
11.8 12.332996
11.1 11.04954
11.3 11.348576
11.1 11.271299
14.600313 14.390008
11.1 11.344778
11.999998 12.234861
12.199999 12.302229
11.1 11.177391
12.299998 11.552259
11.2 11.285778
13.000009 12.785511
12.199999 13.975827
11.599999 11.616342
11.7 12.68221
11.1 11.179352
11.5 11.587637
11.2 11.352006
11.5 11.5728245
11.2 11.2415285
11.2 11.366211
11.400001 11.425444
11.400001 11.522587
10.1 10.020906
11.7 11.7993965
15.1 15.479069
11.599999 11.679987
11.1 11.231589
11.1 11.325557
12.399998 11.489801
11.999998 12.080223
11.3 11.31235
11.747817 12.160533
11.400001 11.84116
11.8 11.936569
13.299971 12.7626505
11.900001 12.778653
11.7 11.902867
11.999998 11.964443
12.19691 12.578338
11.1 11.431615
11.193093 11.267393
12.299998 12.359168
11.218616 10.858627
11.1 11.246032
11.2 11.424216
11.1 11.232712
13.000009 12.909867
12.1 11.781509
11.2 11.294706
11.1 11.1271
11.900001 11.93414
11.1 11.921145
11.900001 11.965691
12.1 12.059906
11.3 11.540701
10.3 10.924146
11.1 11.279082
11.7 11.636335
11.2 11.397196
11.8 11.911705
11.400001 11.49817
11.2 11.342298
11.8 11.949412
11.2 11.206891
11.2 11.297529
11.7 11.809509
13.300659 13.267694
11.3 11.443864
11.79897 11.480341
11.3 11.333698
10.79897 10.014672
11.999998 12.050409
11.49794 10.173336
11.2 11.633175
11.900001 12.106485
11.900001 12.026387
11.8 11.919275
11.1 11.183842
11.8 11.593454
11.1 11.2087755
12.199999 12.259392
11.2 11.112319
11.2 11.260687
12.581486 11.606239
11.543697 11.082694
11.900001 11.95851
11.900001 11.907465
11.5 11.535334
11.1 11.280373
11.1 11.1120615
12.899998 13.299101
11.2 11.314616
11.8 11.89571
11.1 11.255818
11.2 11.28557
9.79897 9.984586
13.1 13.053101
12.581486 14.191396
11.400001 11.478125
11.900001 11.957863
11.900001 11.942749
11.2 11.373464
11.3 11.529978
11.900001 11.938183
11.1 11.134607
11.2 11.315103
11.1 11.155731
11.5 11.725102
11.1 11.376171
12.299998 11.544626
11.5 11.572673
13.1 12.998581
11.7 11.838062
11.2 11.360529
11.1 11.2031
11.599999 11.802749
11.2 11.192392
12.531798 12.036188
11.900001 11.822099
11.1 11.24881
11.3 11.426668
12.499997 11.550777
11.900001 11.971497
11.5 11.303288
11.2 11.293057
11.923909 11.91608
11.8 11.909995
11.3 11.361751
11.1 11.225524
11.8 11.95273
11.5 11.625721
11.900001 11.685188
11.3 11.440675
12.199999 11.908258
10.5 10.927131
10.6 10.535172
14.299971 13.463097
11.7 11.931377
11.1 11.42124
11.8 11.9003315
14.949485 14.328191
11.7 11.690452
11.8 11.757687
11.2 11.334802
11.400001 11.492905
11.1 11.254013
11.1 10.616744
11.3 11.878401
12.599997 12.115739
11.5 11.611665
11.7 11.738484
11.3 11.308825
11.3 11.57748
12.466532 13.397478
14.200179 12.034157
11.3 11.330834
11.2 11.4763
11.1 11.741125
10.1 10.543226
11.2 11.842773
11.3 11.533012
11.900001 12.007006
11.3 11.621934
11.3 11.506938
11.599999 11.841177
11.400001 11.836691
11.340546 11.146814
11.652842 11.81975
13.1 11.558838
11.8 11.879471
11.2 11.244251
12.020819 13.387808
11.900001 11.904257
11.900001 11.95299
12.1 11.837971
11.599999 11.617178
11.900001 11.873002
12.399998 12.070749
14.441478 14.406422
11.3 11.3550825
11.999998 11.999147
11.999998 12.041584
11.999998 12.419064
11.900001 11.937931
11.1 11.301544
11.599999 11.6388035
11.599999 11.610794
11.2 11.312045
11.8 12.119681
11.8 11.882277
13.699981 12.688737
11.3 11.445932
11.7 11.476503
11.3 11.591915
11.2 11.4103985
11.2 11.363256
9.79897 10.003475
11.3 11.336125
11.2 11.267689
10.622879 10.764978
12.799992 12.458666
11.317054 11.388205
11.8 12.074684
11.7 11.704757
12.499997 13.180009
11.5 11.536705
11.2 11.223922
11.1 11.3723
11.1 11.080487
11.400001 11.6020775
11.2 11.308813
11.999998 12.075697
12.699998 11.5470085
12.199999 12.033588
11.599999 11.809969
13.899971 13.340459
14.869551 14.527649
13.299971 13.145998
11.599999 11.489628
11.400001 12.38876
11.8 12.066721
12.599997 12.017635
12.1 11.400948
10.40103 10.627337
12.299998 12.233589
10.272631 11.732942
11.2 11.342457
11.900001 11.963718
11.400001 11.355316
11.999998 12.055792
11.1 11.097765
11.1 11.227062
11.7 11.732689
10.1 9.951627
11.2 11.501143
12.599997 12.93132
13.869551 13.384172
11.3 11.351158
11.3 11.452775
11.599999 11.810069
11.999998 12.668541
11.8 11.92894
12.799992 12.762369
13.200015 12.101796
11.8 11.911093
11.1 11.361671
11.5 11.668313
11.400001 11.263073
11.2 11.298114
13.899971 13.629726
11.7 11.721488
11.2 11.58714
11.3 11.523262
11.2 11.294874
11.5 11.767269
11.5 11.604265
11.3 11.622128
11.599999 11.658943
11.2 11.271793
11.8 11.866639
11.2 11.414214
11.5 11.575058
11.3 11.45263
11.1 11.293749
11.40103 12.031716
11.900001 12.03523
11.8 11.920311
12.199999 12.0244465
11.7 11.801807
11.2 11.277866
11.1 11.267696
11.8 11.7774515
11.3 11.361126
10.622879 10.715195
13.399989 13.949036
11.2 11.345565
11.1 11.154291
11.8 11.8008175
11.8 11.937971
11.1 11.38017
10.40103 10.726037
11.2 11.533799
11.19691 11.533743
14.1 14.086346
10.020819 10.003475
13.699981 13.941635
11.5 11.513169
11.2 11.145284
11.2 11.312477
11.999998 11.770425
11.70103 11.810841
11.900001 11.958446
11.1 11.1758995
11.1 11.220193
12.191515 14.293671
11.599999 11.548509
11.8 12.313669
11.5 11.511354
11.8 11.652214
11.8 11.919695
13.299971 12.974098
11.400001 11.60556
11.5 11.758133
11.900001 11.983778
11.1 11.840731
11.999998 12.153018
12.399998 12.341551
11.2 11.2834
11.3 11.346211
12.779854 11.382698
11.900001 11.974323
11.3 11.322791
11.5 11.843868
11.8 11.946747
11.400001 11.563118
11.2 11.316659
11.1 11.230291
11.3 11.383786
11.8 12.236597
11.5 11.616734
11.641513 11.515455
11.2 11.381479
11.1 11.124055
11.1 11.230637
11.400001 11.375326
12.399998 12.387703
12.499997 12.306445
14.29897 14.217772
10.6 10.774146
11.5 11.68531
10.98941 10.872225
11.7 11.850786
11.3 11.442194
11.3 11.39952
11.2 11.197004
11.999998 12.064306
11.203953 11.653097
11.1 11.339361
11.900001 11.970995
11.599999 11.421892
11.1 11.140688
11.900001 11.95242
11.599999 11.7598095
11.2 11.253704
11.2 11.183186
12.599997 12.03175
11.2 11.250473
11.900001 11.944625
11.175305 11.316379
12.299998 12.356514
11.900001 11.992804
11.2 11.549927
11.5 12.058182
11.900001 11.870257
12.1 12.084297
11.599999 12.140684
11.5 11.642589
11.5 11.6748085
11.738272 11.833205
10.40103 11.045533
11.5 11.738398
11.7 11.788607
11.7 11.262178
11.2 11.402546
15.500117 13.885206
10.608639 10.3885565
11.2 11.264569
11.2 11.257425
11.7 12.502296
11.2 11.370291
11.1 11.2794695
11.2 11.2773075
13.800057 12.667709
11.5 11.784777
11.8 11.908615
11.8 11.910372
11.8 11.897457
11.2 11.479775
11.400001 11.400637
13.800057 13.668983
10.1 11.297945
11.2 11.280045
11.49794 11.940084
11.400001 11.533456
11.599999 11.846491
11.2 11.847862
11.869551 11.400088
11.2 12.1708765
11.2 11.353214
11.2 11.224322
11.2 11.2606735
11.2 11.312164
11.999998 12.01705
11.3 11.350381
13.800057 14.271841
11.999998 11.984363
13.062573 12.616364
11.900001 11.912615
10.40103 10.471218
11.400001 11.541859
12.699998 12.143719
11.2 11.218742
11.5 11.586385
9.79897 9.928757
11.2 11.307231
10.49794 10.5838585
11.900001 11.974559
11.19691 10.645386
11.2 11.224061
11.599999 11.347315
11.400001 11.429079
11.599999 11.556343
11.900001 11.931628
12.1 12.0087595
11.2 11.217078
11.2870865 10.929683
12.199999 11.644028
11.999998 12.042577
11.999998 11.817429
11.599999 11.67966
13.899971 13.841582
11.5 11.659706
10.3 10.125877
12.1 12.05048
10.5 10.783007
11.8 11.400227
11.2 11.389954
10.923909 10.027678
12.699998 12.138293
11.900001 11.691744
10.1 10.0301895
11.599999 11.390337
11.999998 12.010333
11.900001 11.964156
11.547423 10.400945
12.499997 13.214898
13.1 13.090948
10.40103 10.505052
11.999998 11.728839
11.8 11.65724
11.2 11.294129
12.1 12.091974
12.499997 12.889395
14.446788 14.222409
13.000009 12.271581
11.900001 11.85511
11.7 11.81746
11.1 11.635218
11.900001 11.929453
11.2 11.276766
11.5 11.580555
11.2 11.407146
11.2 11.330719
11.1 11.613844
11.1 11.21951
10.1 10.120189
11.7 11.942684
12.923909 12.789347
11.599999 11.618908
11.2 11.292962
11.2 11.269075
12.499997 11.306761
11.599999 11.268263
11.599999 11.682362
12.199999 12.185854
11.1 11.660015
10.1 9.942153
11.3 11.632061
14.200179 14.035147
11.3 11.59317
11.2 11.283385
9.79897 9.977223
11.7 13.565017
11.8 11.694146
11.8 11.954178
13.427902 13.784725
11.2 11.269667
11.999998 12.102572
11.8 11.891802
11.900001 11.973434
12.399998 12.19601
11.1 11.135254
11.2 11.41772
11.3 11.774962
10.8 11.434427
10.49794 10.748217
11.400001 11.387749
11.3 11.292214
11.8 11.8577385
11.8 11.91128
11.8 11.842754
11.8 11.865581
13.999974 13.595046
10.70206 10.807039
11.900001 11.727972
12.299998 13.4651375
11.1 11.237319
12.536519 12.4103565
11.5 11.737819
11.8 12.235813
11.400001 11.351126
11.8 12.176846
11.900001 11.945799
11.1 11.458612
13.062573 12.353634
11.900001 13.216782
11.999998 11.818443
11.900001 11.936095
11.8 11.923006
11.3 11.346252
10.4 11.038761
11.3 12.307407
11.2 11.333343
11.2 11.237809
11.2 11.268468
10.777781 9.982891
11.3 11.721144
11.7 11.614217
11.5 11.584753
12.799992 12.040739
11.900001 11.972078
11.3 11.454059
11.155518 11.453901
11.7 11.731804
11.3 11.341401
11.400001 11.481959
11.7 11.682402
11.7 12.121068
11.2 11.291338
11.2 11.173841
11.1 11.211127
11.900001 11.799125
11.900001 12.852629
10.79897 10.985407
12.499997 12.536033
10.19691 10.091832
10.7 11.462351
11.7 11.700545
11.1 11.28387
11.400001 11.296437
11.2 11.326234
12.399998 12.097011
11.8 11.951206
12.1 12.11562
11.900001 11.573296
12.399998 11.357178
11.900001 11.942844
11.5 11.526412
11.1 11.058672
11.900001 11.990005
11.3 11.669809
11.2 11.276823
10.7 10.695481
13.600039 14.265549
11.543697 11.58564
11.900001 11.319158
11.30135 11.559063
11.2 11.423925
11.020819 11.697655
11.5 12.611179
11.2 11.3216
10.1 10.371514
13.8447275 12.816727
11.5 11.491277
11.2 11.2172365
11.207893 11.582603
13.520216 13.319408
11.3 11.400147
10.3 10.6993475
11.1 11.2304535
11.7 11.62372
12.299998 11.691366
11.400001 11.453371
11.1 13.814061
12.1 12.7211075
10.1 11.310638
11.2 11.28885
12.899998 12.642739
12.399998 12.010495
11.8 11.624906
11.3 11.4775715
10.49794 10.481037
11.2 11.257384
11.2 11.586031
11.599999 12.273926
11.2 11.303198
11.5 11.844009
12.299998 13.139601
11.1 11.216306
11.194204 11.113735
12.199999 12.362237
12.199999 11.694038
11.599999 11.502271
11.7 11.762438
11.254902 12.410221
11.400001 11.585617
11.7 11.670219
11.1 11.628023
13.608639 12.859434
10.3 10.590735
11.900001 11.374408
11.2 11.294146
12.699998 13.894801
11.2 11.222602
12.299998 11.433829
11.400001 11.742818
11.7 11.8484745
11.3 11.478646
11.599999 11.523733
13.800057 12.654186
11.8 11.811387
11.8 12.387574
10.8447275 10.591736
11.3 11.352522
11.2 11.265551
11.5 11.89473
11.5 11.493751
11.5 11.5726795
10.622879 10.856862
12.299998 11.979143
11.999998 11.729555
11.900001 11.960117
11.999998 12.018261
12.499997 12.513395
14.600313 13.464885
12.299998 12.173866
11.999998 12.143901
11.599999 11.6712265
11.999998 12.053906
11.599999 11.633739
11.1 11.415767
11.1 11.086621
11.2 11.975048
11.7 11.8391
11.900001 11.95127
10.70206 10.774189
11.3 11.566716
12.79897 13.321499
13.600039 13.641944
11.8 11.411476
11.999998 11.368814
12.199999 11.938341
11.599999 11.814579
10.1 10.042385
11.2 11.909137
11.900001 12.94632
11.599999 11.649637
11.2 11.671198
11.2 11.223124
12.699998 11.931935
12.299998 13.186997
11.2 11.536932
11.1 11.137195
11.2 11.354446
11.7 11.405365
12.29382 13.200697
12.1 12.2822895
11.400001 11.424248
11.599999 11.406418
11.2 11.247351
11.2 11.657824
13.1 12.962963
11.7 13.011257
10.4 10.713491
11.900001 11.926508
11.5 11.698402
11.3 11.425169
12.799992 12.759978
11.8 11.931473
11.3 11.516965
11.3 11.299488
11.999998 11.662447
11.999998 11.995063
11.999998 12.02664
11.3 11.410317
11.3 11.235591
14.200179 14.323801
11.3 11.597744
10.70206 10.816231
11.599999 11.617853
13.200015 12.8268585
11.5 11.694149
11.2 11.696084
11.2 11.284683
11.8 11.639027
11.5 11.574436
12.60724 11.692243
11.2 11.27968
12.699998 12.115799
11.8 11.940849
12.499997 11.887905
11.599999 11.797242
11.999998 11.389219
13.049981 12.361443
13.399989 12.329084
10.622879 11.357639
10.1 10.530917
11.400001 11.414221
11.3 11.4548645
12.299998 13.137711
11.2 11.2677765
11.8 11.89937
11.242667 12.125352
11.400001 11.396979
11.2 11.290364
11.3 12.244518
11.2 11.342366
11.2 11.299077
11.999998 12.09011
11.2 11.295018
11.599999 11.69037
11.599999 11.616098
11.599999 11.936008
11.7 12.384155
12.199999 11.560223
11.2 11.229682
11.2 11.402361
11.1 11.600611
11.1 11.166937
11.2 11.284594
11.2 11.507526
11.2 11.368054
11.900001 12.097359
11.3 11.510314
11.8 11.903929
11.400001 11.479919
11.3 11.468487
11.8 11.930487
11.999998 11.986868
10.8 10.820055
14.79897 14.164337
11.1 11.281451
12.078811 12.672522
11.2 11.355682
11.900001 11.998575
12.199999 12.297817
11.1 11.331525
11.2 11.7808075
13.600039 11.831125
12.5111685 10.920504
10.70206 11.206758
11.1 10.98764
13.200015 13.309861
13.600039 13.721767
11.8 11.902628
11.599999 11.10206
11.2 11.242884
16.518217 14.460138
11.1 11.441288
13.200015 13.446442
11.1 11.182823
12.1 12.473576
9.49794 9.846796
11.999998 12.021475
11.7 11.823936
12.1 12.147212
11.2 11.332737
11.999998 12.428602
11.5 11.690371
12.829721 11.89419
12.399998 11.705918
11.400001 11.46967
12.1 11.578355
11.0 10.784739
11.8 11.952032
12.399998 12.017432
11.5 11.58881
12.699998 12.447693
9.49794 10.922194
11.400001 11.43172
11.668636 13.030075
11.2 11.235852
11.1 11.168308
11.999998 12.018975
11.900001 11.982579
11.3 11.379648
11.8 11.92449
12.799992 13.376293
11.2 11.297367
11.2 11.406867
11.7 11.8905525
11.599999 11.433937
11.8 11.775824
11.5 11.406485
11.5 11.5096855
11.1 10.717585
11.5 11.689291
12.399998 12.459922
10.2 10.44309
10.79897 9.996087
14.400163 13.8241
11.1 11.218452
11.7 11.95989
11.986056 11.671591
11.3 11.347163
11.5 11.414656
11.900001 11.933694
11.2 11.314125
11.8 12.0233345
14.70206 14.392809
12.699998 11.618467
11.599999 11.320468
11.2 11.221416
11.900001 12.556502
10.70206 10.67856
11.599999 12.009304
11.8 11.9629545
11.1 11.254454
12.680044 12.3313675
13.899971 13.818559
12.299998 11.885227
11.1 11.109125
11.637602 10.991967
12.299998 12.310555
11.1 11.260321
11.900001 12.047888
11.8 11.955496
11.900001 11.935652
11.599999 11.979351
11.400001 11.542827
11.1 11.273452
11.400001 11.566105
14.1 13.90796
11.2 11.253356
11.1 11.213907
11.2 11.272908
11.1 11.266746
10.1 10.144932
11.3 11.3909855
10.5 10.386555
11.89588 11.831146
11.999998 12.96935
11.5 12.179156
11.7 11.911499
15.600313 16.346851
11.1 11.36366
11.3 11.37053
10.5 12.204106
11.900001 11.924894
11.400001 11.554696
11.5 11.476528
11.118106 11.361811
11.999998 11.93886
11.3 11.544594
11.5 11.598258
11.3 11.224435
11.5 11.688529
11.599999 11.708624
11.5 11.63013
12.399998 12.245449
11.2 11.253171
11.599999 11.646686
12.877283 12.218879
11.400001 11.375067
11.5 11.818125
14.500117 13.743124
11.3 11.388828
11.3 11.410565
11.2 11.282655
11.1 11.123235
11.900001 13.680541
11.8 11.932499
13.155518 13.29759
11.400001 11.448557
11.2 11.366345
11.3 11.498238
11.1 11.21937
12.1 12.001261
11.2 11.29729
11.900001 11.944466
11.400001 11.46943
12.599997 12.413307
11.8 11.918196
11.400001 11.259394
10.1 10.686249
10.622879 10.696392
11.599999 11.782202
12.599997 13.236836
11.8 11.549094
11.900001 11.886467
11.5 11.548616
11.2 11.314202
11.2 11.875607
11.400001 11.584671
11.2 11.308093
11.8 11.770322
10.8 10.528501
11.900001 11.863188
11.900001 11.966044
11.5 11.57818
14.175721 12.126724
11.900001 11.874834
13.1 12.406975
11.2 11.281849
12.499997 12.450863
12.899998 12.623619
11.599999 11.704527
11.7 11.4226675
12.199999 11.897209
11.2 11.639433
11.5 11.580341
11.7 11.859834
11.599999 11.563686
11.900001 11.89583
14.400163 13.869582
10.622879 10.616654
11.900001 11.972476
14.1 14.244088
11.8 11.478271
11.900001 12.11924
11.7 11.399712
12.9041 12.18245
11.999998 12.142864
12.599997 13.371761
13.000009 12.259449
11.7 11.890568
13.1 13.521881
11.1 10.9336815
11.599999 11.603993
11.1 11.313367
15.108774 13.769808
11.400001 11.505318
11.5 11.749668
11.3 11.653065
12.299998 12.484863
11.3 11.492884
14.200179 13.243352
11.3 11.317354
11.2 11.241305
11.3 11.35789
11.2 11.2982025
13.399989 12.214007
11.1 11.191493
11.2 11.303619
11.400001 11.533596
11.7 11.394446
12.699998 12.930282
11.2 11.222949
11.900001 11.9893875
13.200015 12.506645
11.5 11.338743
12.899998 11.676626
12.299998 12.170916
11.2 11.255613
11.599999 11.672691
11.599999 11.4556675
12.1 11.867935
11.3 11.423248
10.3 10.489095
11.400001 11.495752
11.8 11.978899
12.199999 12.151255
11.999998 11.900716
11.8 11.621616
11.3 11.433499
13.299971 14.138963
11.3 11.409578
11.400001 11.891287
13.543697 13.389441
13.500008 13.145111
11.3 11.667485
11.5 11.693172
11.8 12.157854
11.900001 11.982895
11.400001 11.374035
11.2 11.347701
12.058607 10.752196
10.2 10.372246
11.1 11.19373
11.7 11.817415
11.1 11.218198
11.1 11.266441
11.8 11.955967
11.2 11.265522
12.27437 12.254087
11.3 11.356997
11.1 11.287413
11.599999 11.611488
11.599999 11.804871
11.1 11.268442
15.192754 12.76345
11.2 11.227591
11.1 11.136799
11.2 11.309004
11.2 11.349258
11.8 11.918803
11.400001 11.449072
11.900001 11.948522
11.900001 12.040252
11.2 11.273975
9.79897 9.984586
11.5 11.594322
12.299998 13.187488
11.7 12.06878
11.2 11.27279
11.3 11.399136
11.900001 12.095352
11.7 11.795516
11.2 11.34746
11.7 11.470954
11.2 11.741028
11.7 12.183117
11.3 11.338182
11.900001 11.953392
11.900001 12.045891
11.400001 11.220284
11.45 11.360601
11.3 11.474873
10.79897 11.03762
11.2 13.049445
11.8 11.933263
11.7 13.115194
11.5 10.766024
11.2 11.367374
11.999998 11.811232
10.40103 10.825429
11.5 11.810947
12.399998 12.34777
11.1 11.254659
11.2 11.136375
11.2 11.30996
11.2 11.36219
11.8 11.952738
13.4372425 13.151857
11.999998 11.76582
11.2 11.371708
11.2 11.276869
11.5 11.576023
13.020819 10.855206
11.5 11.679755
10.70206 11.1125
11.3 11.559288
11.8 11.941532
12.199999 11.647053
10.1 10.659537
11.1 11.202171
11.7 12.822285
14.500117 15.26683
12.599997 13.117201
11.599999 11.656451
13.200015 13.476549
11.2 11.298468
11.400001 11.555303
11.3 11.495443
11.1 11.081413
12.399998 12.496288
12.399998 12.382484
11.599999 12.39925
11.2 11.325832
12.399998 12.876478
11.8 11.883116
11.400001 11.229324
11.999998 12.027242
11.5 11.6196785
11.2 11.275057
11.900001 11.95816
11.5 11.525578
11.2 11.229277
11.599999 11.76326
12.399998 11.623004
11.2 11.343972
12.058607 11.100267
13.000009 12.845708
11.3 11.691219
11.999998 11.996563
15.058607 14.26923
13.699981 12.81456
11.599999 11.791853
11.900001 12.759888
11.5 11.342528
12.359637 12.3984165
11.2 11.370686
14.29897 14.146017
11.3 11.448225
11.5 11.594511
12.399998 11.558214
11.3 11.48611
11.2 11.32888
11.1 11.353748
12.399998 11.977568
11.5 11.3382
12.299998 11.713836
12.1 12.014339
11.1 11.7370205
13.899971 13.531398
11.2 11.323507
11.2 11.317774
11.900001 11.968552
11.2 11.324572
11.599999 11.598206
11.3 11.423509
11.8 11.723322
11.2 11.516933
11.1 11.191763
10.2 10.668685
11.599999 11.608376
12.399998 11.626599
11.2 11.2724
11.2 11.334308
11.5 11.56675
11.7 11.575781
10.3 10.642799
11.8 11.548354
12.449998 12.133144
11.1 11.273066
11.2 11.279554
11.599999 11.818239
10.8447275 10.08165
11.599999 11.427097
11.1 11.222876
11.413951 11.507135
11.999998 11.993673
11.1 11.202768
11.400001 11.530565
11.5 11.762468
11.2 11.293102
11.599999 12.310287
11.7 11.618872
10.40103 10.611607
11.1 11.245263
12.599997 12.253739
11.5 11.345539
11.5 11.542
11.5 11.602026
11.2 11.223803
11.1 11.32338
11.5 11.774111
12.29074 12.432203
11.2 11.190289
12.599997 12.513875
11.900001 11.654665
11.2 11.364182
11.2 11.319838
11.3 11.401307
11.8 11.485014
11.999998 12.030746
11.1 12.235516
11.7 11.373184
11.999998 12.010874
11.8 11.927761
11.1 11.293923
11.999998 12.017345
11.3 11.61179
11.1 11.14673
11.3 11.430089
11.7 11.316141
12.399998 12.48843
9.79897 10.038582
12.399998 12.478828
11.2 11.321081
11.8 11.888905
11.900001 12.019691
12.344125 12.428392
11.2 11.247459
11.1 11.226075
11.2 11.295263
12.699998 12.146676
11.3 11.441953
11.8 12.213002
11.2 11.236765
11.400001 11.522175
13.699981 14.287238
10.40103 10.621899
11.8 13.5582485
11.900001 12.0630245
12.499997 12.343144
11.8 11.885965
11.3 11.502494
12.799992 13.219697
11.900001 11.948211
11.599999 11.872562
11.2 11.328955
11.2 11.4262905
12.1 11.731953
11.1 11.273274
12.622879 12.883615
10.224938 11.387342
11.1 11.2300205
11.2 11.303626
11.5 11.6017065
11.900001 11.805704
11.8 11.913976
11.2 11.271992
10.70206 10.679723
11.900001 11.929003
11.8 11.821389
11.2 11.301716
11.8 12.343728
11.2 11.31249
11.5 11.359931
12.622879 12.44084
13.500008 12.752322
11.1 11.213937
11.2 11.247951
11.2 11.278297
11.2 11.23803
13.999974 13.716829
11.900001 11.976419
11.1 11.13277
11.3 11.317533
11.7 11.794809
11.8 11.930892
11.900001 11.951375
11.180922 11.290024
10.622879 10.681283
11.599999 11.810244
11.599999 11.781925
11.900001 12.027184
10.1 10.822033
11.8 11.481876
11.3 11.435883
15.299971 15.395325
12.899998 11.976885
11.5 11.549365
11.3 11.386393
11.3 11.537016
11.5 12.687995
12.799992 11.74135
11.7 11.777764
11.400001 11.5109005
12.299998 13.690881
11.7 11.797359
11.900001 12.016693
11.7 11.874892
11.599999 11.548727
11.8 11.707354
11.900001 11.709886
11.1 11.298681
11.8 11.931101
11.3 11.486494
11.999998 12.909224
11.999998 11.955344
11.3 11.368118
11.900001 11.94021
10.307609 11.073664
11.599999 11.644052
11.1 11.255201
11.1 11.155983
11.2 11.292041
11.3 11.485117
11.1 11.24285
14.1 14.129972
11.2 11.479131
11.2 11.268566
11.2 11.219555
12.1 11.878322
11.2 11.32586
14.400163 13.804241
11.1 11.146028
11.8 11.920094
12.399998 12.934409
14.79897 14.26676
11.2 11.247955
12.499997 12.849576
11.5 11.827186
11.900001 11.9522505
11.999998 12.766851
12.986056 13.551565
11.8 11.928254
11.3 11.483467
11.900001 11.975092
11.5 11.945532
11.2139435 11.099747
11.2 11.350508
11.1 11.395872
10.40103 11.758453
11.79897 11.40268
11.900001 11.968315
11.1 10.980825
11.5 11.486538
11.3 11.333583
12.399998 11.594852
11.15 11.7101345
11.7 11.690813
14.1 14.071553
10.70206 10.830941
11.400001 11.497747
12.499997 12.208294
11.1 11.259803
11.1 12.526173
11.8 13.637209
11.1 11.3452015
11.1 11.277261
11.1 11.28684
11.999998 13.937064
11.5 12.042424
11.1 11.246801
11.1 11.177065
11.2 11.302303
12.399998 11.9968815
11.1 11.233587
11.900001 12.518234
11.2 11.347568
11.599999 11.626915
10.40103 10.4895525
12.499997 11.521227
11.49794 11.69644
11.1 11.418595
13.59485 13.634188
12.392429 12.958383
11.8 11.881311
11.2 11.26471
11.2 11.257738
13.122276 13.100915
11.7 11.979705
11.400001 11.44755
10.224938 11.374139
11.7 11.9715
11.999998 11.545067
11.8 11.579845
11.8 11.942337
11.1 11.1123495
10.1 10.312455
11.1 11.698893
12.399998 12.366953
11.2 11.241583
11.8 11.928518
11.2 12.476627
11.5 11.413231
11.8 11.369977
14.1 13.5528145
11.3 11.52701
11.3 11.437789
11.900001 11.94552
11.900001 11.917705
11.3 11.966242
10.8 11.128657
11.5 11.601496
10.224938 10.342945
12.799992 12.825703
11.5 11.73089
12.299998 12.389358
11.5 11.453452
11.8 11.912519
11.5 11.554443
11.1 10.785663
13.500008 12.014963
12.899998 11.491075
12.1 11.808077
11.2 11.381901
11.1 11.27094
11.7 11.496631
10.40103 10.627015
11.7 11.483207
11.2 11.284593
12.1 11.364988
11.2 11.252602
11.900001 11.931209
11.900001 11.944969
12.199999 11.995256
11.3 11.439436
11.2 11.296227
12.199999 12.17371
10.224938 10.2667885
11.7 11.577932
11.8 12.164768
11.031815 10.985337
10.923909 11.164614
11.5 11.538328
11.3 11.860021
11.2 11.242312
11.599999 11.604874
11.7 11.656924
11.900001 11.9483795
12.399998 12.263704
11.2 11.338754
11.2 11.278492
11.2 11.257753
11.2 11.301489
11.7 11.793116
11.400001 11.490778
11.999998 12.078124
11.1 11.226756
13.191515 12.871952
10.3 10.852982
13.1 11.63672
13.200015 13.910631
11.999998 12.045173
11.1 11.220016
9.70206 9.975257
11.2 11.281186
9.40103 10.051653
11.5 11.547504
11.900001 11.916787
12.499997 12.467387
11.900001 11.878316
11.900001 11.954475
11.900001 11.996004
10.4 10.461867
11.2 11.444218
11.7 11.859978
11.1 11.073878
11.1 11.155843
11.3 11.406259
11.599999 11.877433
11.40103 11.337721
11.2 11.2893305
11.5 11.426358
11.900001 11.964172
11.8 11.92578
12.1 11.55311
11.2 11.286924
12.1 12.115657
10.79897 10.974825
11.999998 11.674903
10.581486 10.555926
11.5 11.554802
11.3 11.353144
11.3 11.315644
12.599997 12.810823
13.1 12.0048275
12.93459 11.961816
11.599999 11.744631
11.8 11.930319
13.000009 13.032721
11.5 11.595888
13.191515 12.846933
11.1 11.153631
12.599997 12.655039
11.2 11.439587
11.2 11.324189
12.122276 11.847399
11.900001 11.908995
11.3 11.876295
11.1 11.262947
11.900001 11.98522
11.3 11.602029
11.3 11.3951435
12.399998 12.590061
11.8 11.901342
11.3 11.388492
11.2 11.271177
11.2 11.317092
12.299998 12.883478
11.7 11.343472
14.1 12.990058
11.3 11.331434
11.7 12.162952
11.1 11.76956
11.976935 11.950122
11.3 11.3931265
11.400001 11.323553
12.499997 11.58359
11.900001 11.93744
11.3 11.419001
11.5 11.559452
11.418758 11.437896
11.599999 11.628437
12.199999 11.845079
11.599999 11.299689
11.999998 11.711683
11.435792 11.282746
11.3 11.33539
11.900001 11.529434
13.1 13.132224
11.2 11.239276
11.400001 11.426992
12.899998 13.190418
12.499997 11.647551
11.5 11.75824
11.3 11.827026
11.1 11.22097
11.254902 11.477393
11.900001 11.778858
11.599999 11.941643
11.900001 11.994002
11.900001 12.324507
11.400001 11.595978
11.3 11.349505
9.79897 9.962947
12.299998 12.231538
10.70206 11.0851145
11.8 11.907898
12.299998 12.277405
11.1 11.328864
11.79897 11.03407
14.999629 14.785421
11.2870865 10.678682
11.7 11.922358
11.8 13.44761
11.400001 11.490641
11.2 11.333292
15.600313 15.158217
11.3 11.536785
11.900001 11.970303
11.900001 12.136
11.1 11.168654
11.8 11.851154
11.400001 11.748808
12.599997 11.990414
11.999998 11.93367
11.599999 11.688752
11.7 11.454597
11.2 11.430915
12.699998 11.697474
11.2 11.278394
11.108774 11.428582
11.1 11.13462
12.399998 11.63428
11.599999 12.073917
11.3 11.418963
11.8 11.926355
11.400001 11.541893
11.2 11.416557
11.599999 11.281431
14.79897 13.802269
11.2 11.35998
12.599997 12.329202
11.7 11.819371
11.2 11.296246
11.900001 12.082507
10.020819 10.039384
14.700326 14.022038
12.199999 12.014734
11.8 11.903421
10.79897 10.835443
10.622879 10.651553
11.2 11.280868
11.618557 12.256025
10.1 10.7317505
11.1 11.470058
11.8 11.8548565
11.456548 11.677141
13.600039 13.655751
10.40103 10.41119
11.5 11.633991
11.3 11.438392
11.2 11.338697
12.399998 13.342897
11.3 11.396905
11.1 11.158085
11.900001 12.905242
12.618579 12.138575
11.78403 11.9730425
11.599999 11.536842
11.2 11.482249
12.1 11.42955
11.900001 11.959045
11.1 11.157923
10.224938 11.860171
12.020819 11.440697
11.900001 11.924731
11.2 11.693637
11.900001 11.985754
11.400001 11.421121
11.5 11.828356
14.1 13.8843975
12.499997 12.379996
10.1 10.308968
11.2 11.317703
11.757577 11.590293
11.2 11.49017
11.7 11.79667
13.200015 12.199102
11.5 11.688133
14.1 13.084202
11.400001 11.415125
11.8 11.938259
11.1 11.238035
11.2 11.328474
11.8 11.9014
11.2 11.715353
11.5 11.46601
11.8 12.167578
11.2 11.360738
11.999998 11.951047
12.199999 12.144516
11.400001 11.459981
12.1 12.558552
10.581486 10.618725
11.5 11.543107
11.999998 11.8752775
11.400001 11.728375
11.8 11.921537
11.8 11.911993
11.999998 12.944021
11.7 11.928777
12.199999 11.76535
11.3 10.575967
11.599999 11.266235
11.8 11.885946
13.800057 13.533489
11.3 11.230846
12.899998 11.454897
10.1 10.826327
10.788375 10.81123
11.2 11.036001
11.1 11.591343
13.899971 13.965073
11.7 11.724989
12.058607 12.386779
11.400001 11.895203
11.5 11.608292
11.2 11.294453
11.1 11.253426
11.2 11.302889
11.2 11.303383
11.2 11.2769165
14.1 12.147884
12.499997 12.347396
12.399998 12.217461
11.900001 11.979177
14.200179 13.468793
11.7 11.831741
11.8 12.0318365
11.7 11.889578
11.1 11.453509
10.6 10.782452
10.9 11.605665
11.1 11.308812
11.2 11.264367
13.800057 12.875568
11.400001 11.49606
11.900001 11.971321
11.400001 11.463974
11.999998 11.441285
11.7 11.74058
11.1 11.39075
11.8 11.933736
12.599997 11.919343
11.599999 11.802579
12.1 12.946609
11.3 11.520239
11.900001 11.9624
10.622879 10.79859
11.297911 11.931486
11.3 11.329172
12.599997 11.93383
11.3 11.352018
11.1 11.209814
11.2 11.349205
13.089405 12.359598
11.923909 11.943746
11.3 11.371778
11.999998 12.190078
11.2 11.179512
10.9 10.797178
12.1 11.462708
11.126872 11.169585
14.700326 12.274867
10.861686 11.289244
11.5 11.671728
13.299971 12.736624
11.2 11.300506
11.7 11.941875
11.1 11.1567745
13.399989 12.954521
11.2 11.244101
11.5 12.121959
11.1 11.676317
11.599999 11.843665
11.2 11.329781
11.400001 11.476598
11.7 11.957089
12.799992 12.331657
11.5 11.517824
10.70206 11.228909
11.400001 11.9105015
11.2139435 11.537537
11.7 11.854562
10.40103 10.622086
12.40103 11.913155
11.8 12.431665
11.7 11.311664
11.999998 11.619449
12.1 11.522444
12.877283 12.313838
12.299998 11.826413
11.8 11.909052
10.1 10.35987
11.5 12.009821
11.3 11.8814945
11.3 11.406196
11.999998 12.084227
10.351812 10.369041
11.3 11.389624
13.699981 12.950457
10.59485 12.236373
11.1 11.2389765
14.1 13.745877
11.7 11.9618435
10.1 10.247976
11.1 11.329651
11.999998 12.0413685
11.2 11.376709
13.79897 13.301123
10.2 10.55622
11.8 11.895574
11.622879 11.424652
10.3 10.629826
11.2 11.292151
11.2 12.295662
11.2 11.478177
11.900001 12.046758
14.200179 13.9456415
11.400001 11.502038
11.599999 11.478274
11.2 11.626403
11.2 11.307292
11.3 11.7393465
11.2 11.950583
11.3 11.411295
11.3 11.320068
11.400001 11.468006
11.900001 11.984806
11.999998 11.900612
11.599999 11.376281
11.900001 11.343184
11.1 11.21132
11.2 11.411672
13.1 12.565806
10.8 10.565521
11.400001 11.542418
11.2 11.325138
11.1 11.336968
11.3 11.344961
11.8 11.921423
11.2 11.184154
11.3 11.3377285
11.2 11.303551
11.2 11.388691
11.8 11.930901
11.2 11.267078
11.599999 11.407856
12.665546 12.520667
14.299971 13.157854
11.900001 11.870937
11.400001 11.94858
11.2 11.248137
11.599999 11.571417
11.807744 12.556841
11.2 11.287509
10.4 10.334271
11.599999 12.906249
11.599999 11.431618
11.900001 11.949911
11.999998 12.122477
11.900001 11.9324465
11.8 11.905722
11.1 11.1910515
11.599999 11.624748
11.1 11.083318
11.900001 11.963285
11.5 11.842961
12.899998 12.060757
11.1 11.606781
11.1 12.04973
11.1 11.289328
10.2 10.683846
11.599999 11.847191
11.5 11.607603
11.8 12.028794
11.5 11.700931
11.999998 12.043759
11.5 11.842755
12.899998 13.792481
11.1 11.22952
14.200179 13.855883
10.4 10.568521
11.5 11.73072
12.1 11.961303
11.2 11.259886
12.299998 11.869074
11.1 11.224649
11.2 11.633415
11.3 11.400272
11.1 11.345336
11.900001 11.973856
11.1 11.432144
11.7 11.701526
11.999998 12.0111
11.999998 11.740265
10.738272 10.646694
11.2 11.5354185
11.400001 11.468751
13.999974 12.683241
11.5 11.532097
12.299998 12.004784
11.5 11.395888
11.2 11.305688
11.599999 11.436255
11.1 11.133897
11.5 11.532581
11.2 11.44112
11.897941 11.986911
11.400001 11.4061985
14.999629 14.619764
12.499997 13.03214
11.1 11.114759
11.2 11.318959
11.999998 11.525043
11.7 11.765016
10.89724 10.674209
11.599999 11.941199
12.821246 11.451483
10.9 10.754248
12.847147 12.060077
11.3 11.417517
10.622879 10.85373
11.1 11.082718
11.5 11.545151
10.622879 10.703127
11.8 11.8949175
11.900001 12.034567
11.1 11.379911
13.899971 14.255203
11.599999 11.542154
11.5 11.662736
11.7 11.719339
9.79897 9.970234
11.3 11.471125
11.900001 12.018563
11.7 11.814498
11.2 11.313161
11.2 11.35041
13.078811 13.226408
10.79897 10.960329
11.1 11.31322
10.8 10.623201
11.400001 11.473379
14.79897 11.847309
10.1 10.020192
11.2 11.366225
12.1 12.029659
11.3 11.271509
12.799992 11.928092
11.3 11.585304
11.999998 11.987445
11.1 11.191342
11.400001 11.59656
11.1 11.053991
11.599999 11.447281
11.1 11.796524
11.5 12.227217
11.1 11.199609
10.5 11.247761
11.5 12.466406
12.1 11.4204
11.2869625 11.381689
11.999998 12.735168
11.2 11.313042
12.730784 12.8787365
12.199999 12.136749
12.299998 12.243868
11.1 11.222881
11.1 11.193752
12.1 11.974718
11.2 11.570017
11.900001 12.012027
11.3 11.485074
11.599999 11.6100235
15.280456 14.701542
10.637602 11.312027
13.399989 11.859874
11.2 11.653254
11.5 11.578547
12.199999 12.366957
11.400001 11.453001
11.1 11.194005
11.999998 11.927438
11.3 11.33574
11.8 11.501078
11.2 11.343396
11.599999 11.6317005
11.3 11.584617
11.108774 11.279184
11.599999 11.695957
11.400001 11.539459
11.900001 11.870554
11.2 11.338496
11.900001 11.924973
11.5 11.566045
11.7 11.947273
11.2 11.335086
11.2 11.184528
11.2 11.219675
11.400001 11.413758
11.900001 11.969774
11.2 11.292803
11.3 11.200199
11.900001 11.980065
11.3 11.613301
11.2 11.362499
13.280456 12.885359
11.8 11.939351
11.5 11.317287
11.8 11.864252
11.5 11.562225
12.199999 11.539877
11.1 11.225063
11.5 11.653855
11.1 11.555199
11.400001 11.472415
11.2 11.370359
12.254902 12.525562
11.900001 11.9156065
10.8 10.6599
11.2 11.959301
12.599997 11.614901
11.900001 11.974373
11.599999 11.637795
11.999998 13.598799
11.2 11.296451
11.999998 11.943008
11.1 11.260119
11.8 11.984971
11.2 11.296006
11.1 11.321688
11.2 11.319645
12.399998 12.213318
11.7 11.643683
11.900001 11.982925
11.2139435 11.28049
11.0 10.661932
11.7 11.98217
11.622879 11.444757
11.2 11.29316
11.8 11.900013
11.999998 12.032438
12.599997 12.785329
11.2 11.366695
10.8 10.54409
11.3 11.385588
11.2 11.354332
11.5 11.5174675
11.1 11.324071
12.599997 13.556578
11.641513 11.939903
11.599999 11.580017
12.699998 12.17425
11.3 11.407874
11.2 11.286383
11.1 11.208117
12.1 11.939782
10.9 10.76273
11.999998 11.790379
10.336572 11.514419
11.5 11.533791
11.2 11.343764
11.900001 12.311712
11.1 11.206211
11.79897 10.388351
12.879892 12.7140255
12.199999 12.086966
11.900001 11.476118
13.299971 12.141205
13.543697 13.516128
11.911955 11.935875
12.199999 12.120226
11.2 11.382435
11.3 11.403914
11.2 12.017044
13.1 11.066793
12.504504 12.057976
11.2 11.261706
11.2 11.325651
11.1 11.164791
11.1 11.214144
11.3 11.78853
11.2 11.227693
11.3 11.530147
11.3 11.63689
11.7 12.00348
12.1 12.343999
11.1 11.236576
11.400001 11.453689
10.70206 10.799931
10.738272 10.580214
11.2 11.285097
11.900001 11.692525
11.900001 11.945012
11.7 11.899744
11.400001 11.45991
11.900001 12.023708
11.400001 11.54942
13.600039 11.95246
13.439989 13.878614
12.199999 12.254363
11.1 11.1965065
10.40103 10.675246
11.2 11.358046
11.8 11.854242
13.200015 13.519206
15.175721 14.517382
11.999998 12.427741
11.1 11.20875
11.8 11.873871
11.8 11.956135
11.3 11.563481
11.7 11.732921
10.49794 10.529389
10.627244 10.312226
11.1 11.253622
10.6 10.764142
11.400001 11.420251
12.199999 12.013054
11.3 11.483274
11.8 11.890571
12.299998 12.168941
13.1 13.385388
11.5 11.761132
11.1 11.584924
11.999998 12.0840025
11.1 11.229397
11.599999 11.935515
11.2 11.280465
11.5 11.672043
11.7 11.744268
11.1 11.205233
10.3 10.812721
11.5 11.501806
10.3 10.3094015
11.2 11.153104
11.400001 11.555904
11.7 11.319962
11.5 11.525387
11.5 11.588855
11.900001 11.887812
11.2 11.305996
11.1 11.195971
12.499997 11.715046
11.599999 11.62007
11.8 11.91461
11.1 11.232353
12.399998 12.49777
11.7 11.77427
11.8 11.909603
11.900001 11.951422
11.900001 11.96754
11.1 11.27785
11.8 11.740115
15.684434 13.059998
11.5 11.5503235
11.2 11.224864
11.3 11.342167
11.1 11.308949
11.3 11.440513
12.199999 12.025585
12.599997 13.285121
11.2 11.340206
11.400001 12.585068
11.599999 13.019987
11.1 11.3984585
11.599999 11.87998
11.3 11.5338125
11.2 11.320988
12.499997 11.84647
11.7 11.918934
11.3 12.071817
11.900001 11.885876
12.599997 11.646744
11.3 11.477251
11.7 11.606454
11.900001 11.800434
11.1 11.172031
11.8 12.06395
12.899998 11.778277
11.2 11.2287445
11.2 11.394685
12.499997 11.838092
11.2 11.275105
11.900001 11.840403
11.5 11.397489
11.7 11.7920885
11.2 11.294378
11.2 11.294098
11.1 11.209902
11.7 11.892215
11.599999 11.516348
11.3 11.398384
11.5 11.56031
11.5 11.696885
11.2 11.983097
11.3 12.047201
11.1 11.060699
11.1 11.311614
11.900001 11.906564
11.999998 11.850534
11.900001 11.991621
12.599997 12.23281
13.399989 13.335458
11.900001 11.626889
12.199999 12.159573
11.5 11.626619
13.800057 13.772326
12.199999 12.194157
11.599999 11.573767
12.299998 11.69592
13.800057 13.290314
12.499997 12.196563
13.699981 11.968946
11.900001 12.011265
11.5 11.600491
11.8 11.828352
11.684318 11.712006
11.900001 12.210097
10.40103 10.949618
12.399998 11.901143
11.7 11.692712
11.5 11.577555
11.2 11.276291
12.299998 11.686401
11.2 11.257555
11.3 11.437315
13.000009 13.600258
12.299998 12.427667
11.2 11.308691
12.699998 13.064559
11.7 12.592495
13.299971 13.21673
14.160929 13.513243
12.122276 11.961737
11.7 11.86578
12.794648 12.426019
11.900001 11.945149
11.5 11.714875
11.900001 12.562954
13.500008 12.038559
11.900001 12.071791
11.5 11.398656
11.400001 11.432306
12.499997 12.26783
11.1 11.403876
11.8 11.909751
11.944664 12.395929
12.899998 12.7952795
11.999998 12.365907
14.254902 14.366875
11.7 11.718611
11.8 11.948448
11.2689295 11.453265
11.2 11.439195
13.261151 11.856373
11.599999 11.825533
11.3 11.364312
10.622879 10.758646
11.1 11.320883
11.2 11.279352
11.900001 11.64938
11.2 11.232736
11.999998 12.057756
14.1 13.971087
10.5 10.489109
13.299971 13.118745
11.900001 11.68526
11.900001 11.978197
10.622879 10.248143
11.2 11.308339
11.599999 11.727211
11.2 11.2772255
10.622879 10.65713
11.3 11.518869
11.5 12.169693
11.8 11.935235
11.7 11.82362
11.2 11.219993
12.799992 12.757208
10.336572 11.103067
11.8 11.823017
11.5 11.680229
12.5685215 12.628665
11.1 11.149079
12.520216 13.83985
12.399998 11.714615
11.900001 11.972553
11.400001 11.944399
11.400001 11.446958
13.600039 13.332901
12.59485 12.3541565
11.1 11.913188
12.899998 12.156074
10.2 10.10771
10.131517 10.959846
12.799992 12.638771
11.7 11.990284
11.8 11.966677
13.299971 12.372612
11.2 11.275187
11.2 11.298885
11.3 12.032561
11.145758 11.401137
11.7 11.801375
14.1 14.417259
11.3 11.300591
11.2 11.274532
10.89588 11.302952
12.1 11.7828865
14.600313 13.608855
11.3 11.350216
10.1 10.530172
11.520216 11.094021
11.400001 11.760794
11.1 11.750704
11.599999 11.313348
13.899971 12.532233
11.900001 11.990116
12.299998 12.19492
12.249986 12.500646
11.900001 11.963406
13.600039 13.021071
11.900001 11.969262
11.599999 11.9215355
11.1 11.243429
11.1 11.246145
11.900001 11.952527
11.900001 11.92042
12.199999 11.857677
11.5 11.582865
11.3 11.400159
11.900001 11.724137
11.1 11.259818
11.5 11.432521
11.3 11.646462
13.000009 12.258769
11.400001 11.277775
10.1 10.53718
11.400001 11.70843
11.7 11.917328
11.2 11.385771
11.7 12.01812
11.599999 11.335236
12.699998 12.798943
11.5 11.546945
11.999998 12.068592
11.2 11.268795
11.599999 11.288239
12.299998 11.648226
11.8 11.273009
11.1 11.344538
11.599999 11.684699
11.2 11.6892605
11.900001 11.63971
12.199999 11.993201
11.7 11.765693
11.5 11.420877
11.999998 12.12888
10.2 10.754115
11.2 11.336132
12.699998 11.646066
11.599999 11.6610565
12.1 11.905742
11.2 11.2020645
13.800057 13.556646
11.400001 11.384242
13.500008 12.935922
12.699998 12.229988
11.2 11.281444
11.1 11.139487
12.499997 12.055332
12.926814 12.527803
11.7 11.743898
10.40103 10.430822
11.1 11.224542
11.2 11.22493
11.1 11.241864
11.1 11.184321
11.599999 11.613371
11.7 11.832716
11.900001 11.999573
11.2 11.372686
11.400001 11.505325
11.2 11.334231
11.2 11.306403
11.8 11.867092
11.5 11.669027
11.5 11.604446
11.3 11.641393
11.7 11.699694
11.3 11.383314
11.8 11.941375
11.599999 12.191135
13.104364 12.341016
11.3 11.421131
11.900001 12.007207
11.1 11.798971
11.2 11.297952
11.8 11.891396
11.400001 11.479054
11.900001 11.907956
12.299998 12.124662
11.999998 11.979845
11.7 11.739668
11.900001 12.042912
11.2 11.575931
12.1 11.8810215
15.1 15.863707
9.49794 9.733852
12.199999 12.055397
11.622879 12.050812
12.651294 12.567403
10.70206 11.061554
14.700326 14.153084
11.900001 12.001202
12.699998 12.998161
12.699998 12.811846
11.1 11.495921
11.5 11.800979
11.5 11.512823
11.999998 11.957785
11.599999 11.853003
11.2 11.314263
11.2 11.468605
12.799992 11.91871
13.40103 13.137221
12.199999 11.92379
12.399998 13.15314
13.000009 11.9771595
11.1 11.496255
11.2 11.262426
11.5 12.842436
11.2 11.2976265
12.299998 12.31296
11.2 11.329528
11.1 11.380761
11.3 11.52771
11.8 11.890245
11.1 11.31757
11.400001 11.479931
12.379841 12.398823
13.399989 12.870047
11.2 11.33386
12.699998 12.741201
11.1 11.466994
14.299971 12.619219
11.5 11.795036
11.7 11.73935
12.199999 11.839749
11.8 11.32304
11.400001 11.426776
10.4 11.340119
11.3 11.613237
11.900001 11.872599
11.2 11.292587
13.1 13.775215
11.900001 12.022306
12.145758 12.278254
11.8 12.010441
12.199999 11.958187
12.699998 12.17837
11.2 11.232182
11.7 11.757781
11.1 11.426365
11.3 11.328116
11.40103 11.4864235
11.1 11.366896
11.2 11.220364
11.5 11.661322
10.5 10.483519
11.7 11.629293
10.1 10.824936
11.2 11.487202
12.399998 12.486795
11.900001 11.96581
12.300659 10.536285
11.3 11.337989
11.1 11.158985
11.900001 12.369652
11.3 11.348286
13.600039 13.038515
12.599997 12.498066
11.599999 11.909485
12.499997 12.460932
11.2 11.238
11.5 11.560521
11.2 11.637412
10.6 10.756116
10.3 10.340884
11.999998 11.861678
11.1 11.451821
11.8 11.932376
11.2 11.313283
12.799992 13.917732
11.0 10.892373
11.5 11.820352
12.199999 11.659891
11.7 11.7575
12.599997 12.807613
12.799992 12.237137
11.7 11.71349
11.2 11.244043
11.599999 11.399952
11.5 11.643564
11.400001 11.42049
11.2 11.643956
11.599999 11.517899
11.3 11.2824745
11.900001 12.058109
11.3 11.471508
11.2 11.300098
11.900001 12.121183
11.7 11.841291
11.2 11.302839
11.7 11.77771
11.1 11.256455
11.3 11.469244
11.900001 12.121277
10.2 10.371057
11.400001 11.8192425
11.8 11.893267
12.299998 11.552246
11.900001 11.96827
13.446788 13.755117
11.1 11.106323
11.1 11.6005
11.7 11.810606
11.599999 11.297707
10.3 10.408635
11.2 11.28053
13.000009 12.027315
13.699981 13.475989
13.800057 13.336486
12.1 12.125326
11.2 11.201495
11.599999 11.77455
12.799992 11.376911
11.2 11.266402
11.5 11.694675
10.869551 11.244359
11.2 11.316185
10.49794 10.588032
11.400001 11.358353
13.1 13.397936
11.900001 12.004948
11.1 11.162614
11.3 11.2917595
11.727339 11.623123
11.1 11.261992
11.5 11.591237
11.900001 11.970911
11.8 11.944316
11.7 12.026255
11.2 11.421073
11.8 11.603142
10.622879 10.7388315
11.1 11.252338
11.7 11.874584
11.5 11.63004
11.2 11.295386
11.900001 12.015656
12.199999 12.670715
11.7 11.743675
13.923909 13.796379
11.999998 11.815266
11.8 11.582951
11.8 11.910845
11.900001 11.995595
12.599997 12.153358
12.399998 11.810291
10.70206 10.711784
13.79897 13.408274
11.1 11.33387
11.3 11.306734
11.900001 11.961859
11.400001 11.550995
11.3 11.428156
11.599999 11.948987
11.900001 11.989445
11.1 12.028105
11.8 11.96961
9.986056 10.183169
12.799992 12.149109
11.2 11.451536
9.79897 9.954892
12.699998 11.704628
10.70206 11.483913
12.1 11.951071
12.299998 11.93961
11.3 11.357191
14.700326 14.126216
11.122276 11.602163
13.1604805 12.194532
11.999998 12.168011
11.1 11.251973
11.5 11.532845
11.2 11.3241005
11.900001 11.722347
11.1 11.185324
11.400001 11.363525
11.400001 11.653688
15.200179 14.6505375
11.5 11.861124
11.3 11.632832
11.3 11.57202
11.254902 11.526906
11.400001 11.416826
11.599999 11.713017
11.5 11.592817
11.999998 11.982567
11.2 11.361591
10.1 10.457606
11.2 11.253993
13.000009 13.109798
14.500117 14.607665
11.2 11.3176365
11.1 11.231835
12.096055 12.23403
11.599999 13.058458
11.900001 12.720865
12.899998 11.390378
13.63027 12.662831
11.2 11.362965
11.400001 11.40284
11.999998 12.034257
12.299998 11.914698
11.900001 11.928412
13.500008 12.150197
11.7 11.86195
11.3 11.633535
11.1 11.208007
11.599999 11.623001
11.1 11.41633
11.7 11.8516445
10.1 10.035029
11.900001 11.950783
12.532973 11.883057
14.500117 13.986279
13.749991 13.9518585
14.1 14.161517
11.1 11.16247
10.5 10.878405
11.900001 11.929967
12.399998 11.850044
10.020819 10.065304
11.599999 11.549002
10.40103 10.580879
11.2 11.407906
11.5 11.638037
11.1 11.083454
12.199999 13.0035515
11.7 11.743133
12.699998 13.520106
11.3 11.585531
12.020819 11.7094965
11.5 11.418236
11.999998 11.92007
11.5 11.753395
11.2 11.302017
11.2 11.379482
11.1 11.230812
11.900001 11.954744
11.999998 12.020179
12.199999 12.081213
13.738272 13.814756
11.400001 11.563536
13.500008 12.01009
11.7 11.645276
11.2 10.682343
12.483 13.174631
10.3 10.401815
13.800057 12.5246525
13.1 11.859361
13.600039 13.633188
11.7 11.70615
14.400163 14.151309
12.299998 12.244001
11.599999 11.410648
11.900001 12.001264
11.1 11.536646
11.5 11.718584
12.728932 13.433746
11.3 11.38718
10.70206 10.752032
12.923909 12.534872
11.5 11.435872
13.466532 12.807313
11.578862 11.472408
11.7 11.412996
10.40103 10.869482
12.899998 13.205959
11.1 11.203665
11.2 11.321871
11.900001 11.951159
11.8 12.025728
11.1 11.275963
11.900001 11.876698
11.8 11.878974
11.2 11.430282
11.2 12.398999
11.8 11.344658
11.900001 11.992859
11.2 11.328792
12.299998 12.376213
12.599997 12.134714
12.1 12.154415
11.400001 11.405441
11.5 11.69688
11.2 11.197224
12.699998 11.88339
11.2 11.2778845
12.899998 11.95393
11.2 11.445441
11.5 11.489658
11.2 11.216562
11.2 11.250238
11.2 11.271238
11.2 11.611092
11.1 11.084727
11.2 11.228527
11.2 11.3505745
12.1 11.734767
11.8 11.508471
11.900001 11.711712
11.3 11.359146
11.2 11.375547
14.1 14.452935
11.3 11.320864
11.5 11.8300905
11.599999 11.498864
12.299998 11.924902
11.1 11.246769
11.400001 11.490388
12.456548 13.269442
12.799992 13.510845
12.299998 11.830301
11.900001 11.884869
13.200015 12.598492
11.8 12.093678
11.2 11.868088
11.599999 11.677314
11.999998 11.987758
11.8 12.075073
12.599997 12.25728
10.1 9.971284
11.999998 11.872459
12.699998 12.604527
11.2 11.3496685
11.177759 11.267284
12.1 11.761618
11.5 11.443438
11.1 11.253113
11.8 11.605028
12.1 11.690208
11.900001 11.93309
11.5 11.727187
11.8 11.9384985
11.400001 11.927872
11.5 11.663978
11.900001 11.777497
10.383997 11.0767
11.1 11.155814
11.1 11.276566
11.2 11.341866
13.729818 13.609461
11.7 12.008364
11.3 11.413135
11.400001 11.656891
12.881363 12.69622
12.1 11.405585
9.79897 9.961094
11.2 11.3085985
13.999974 14.121481
11.8 11.802744
11.1 11.123086
11.599999 11.62203
11.2 11.787448
11.900001 12.007144
9.40103 9.630003
11.2 11.114196
11.7 11.858975
12.199999 12.923158
12.199999 12.292719
11.2 11.276682
11.2 11.473004
11.25 11.488119
14.145758 13.84982
11.7 11.69973
11.900001 11.94248
11.1 11.145708
11.1 11.212193
11.1 11.657937
11.1 11.242553
11.999998 12.276217
11.5 11.584541
11.8 11.385223
11.1 11.307558
14.400163 13.799932
11.900001 11.992317
13.999974 13.681779
11.7 11.384087
11.5 11.372547
11.5 11.612865
11.999998 11.909285
11.3 11.469948
11.5 11.652491
13.986056 13.009833
11.2 10.8008795
11.400001 12.365926
13.000009 12.871878
10.145758 9.97327
11.400001 11.556957
11.400001 11.452268
12.299998 11.790173
11.400001 11.560127
12.499997 12.475924
11.999998 11.754139
11.400001 11.423105
11.3 11.568966
11.3 11.358357
11.8 11.923007
11.5 12.570554
11.5 11.578828
11.262469 11.359056
11.999998 12.022029
11.2 11.321253
11.2 11.620748
11.3 11.463968
11.900001 12.028695
11.1 11.235941
10.49794 10.626916
12.499997 12.43845
13.999974 13.153921
11.1 11.221284
10.622879 10.537952
11.1 11.286664
11.599999 11.341899
11.900001 11.918793
12.199999 12.223019
11.2 11.646755
11.1 11.1503315
11.900001 11.556173
11.599999 12.029758
11.400001 11.53864
11.2 11.41105
11.3 11.400381
11.5 11.334331
13.200015 12.872775
11.400001 11.414415
11.7 11.358122
11.400001 11.569075
11.900001 12.0567255
11.3 11.380497
11.1 11.179015
12.399998 12.448159
11.2 11.227427
13.200015 13.823374
11.1 11.320017
11.599999 11.7246475
12.392429 12.780945
11.599999 11.875894
11.3 11.430718
11.5 11.590442
11.1 11.314107
15.29382 14.872816
11.7 11.820563
11.2 11.330426
11.8 11.993771
11.900001 12.3807535
13.000009 11.771833
12.1 12.615681
11.1 11.145825
13.800057 14.096114
11.900001 11.73234
11.1 11.128836
11.2869625 11.389972
11.599999 12.006062
11.2 11.273278
11.2 11.241377
11.2 11.286092
11.2 11.357903
11.3 11.347985
11.5 11.534283
11.3 11.581219
13.1 12.035348
11.400001 11.344482
10.986056 10.71735
11.1 11.175269
11.8 11.877166
12.170581 12.6086445
11.5 11.726467
13.1 13.888962
11.900001 11.94846
13.000009 12.206537
13.699981 12.241388
11.1 11.133813
11.999998 11.797444
11.1 11.989623
12.199999 12.269126
11.599999 11.541061
10.3 10.370215
11.3 11.339782
12.299998 12.063831
11.900001 11.81365
11.2 11.348496
11.7 11.990219
11.1 11.141901
11.999998 12.083527
11.2 11.352709
11.599999 11.682056
12.344125 12.483627
11.3 11.484618
11.2 11.403791
11.599999 11.651184
11.900001 11.933871
11.599999 11.610294
11.400001 11.97414
11.599999 12.134674
15.600313 15.363109
11.1 11.174759
11.5 11.935003
10.854487 11.69097
12.199999 12.112717
11.599999 11.827263
14.5685215 14.115506
11.3 11.295888
10.622879 11.191969
13.997126 13.160522
14.581486 13.100506
10.8 11.116091
9.49794 9.575772
11.5 12.028346
11.599999 11.754473
11.2 11.346235
12.699998 12.029578
11.2 11.283714
11.599999 11.855856
11.400001 11.319562
11.400001 11.531905
11.5 11.61311
11.1 11.21612
11.5 11.499085
11.8 11.464537
12.599997 11.417189
11.999998 11.942225
11.8 12.357356
11.1 11.191493
11.2 11.4652815
11.999998 11.598221
11.2 11.682387
11.1 11.184796
12.299998 12.096851
11.400001 11.863766
11.7 12.443123
11.8 12.125131
11.999998 11.956743
12.1 12.035112
11.8 11.889955
11.2 11.5385895
12.1 11.801683
12.699998 12.413748
11.8 11.885033
11.900001 12.033457
11.1 11.298842
11.5 11.439713
11.058607 12.475247
11.900001 11.921333
11.900001 12.113768
11.999998 12.02599
11.1163435 11.0428505
11.3 11.144438
11.3 11.436426
11.58426 11.378231
11.400001 11.500381
11.8 12.018225
13.399989 12.85685
13.821246 13.784437
11.3 11.4605665
13.299971 12.875838
14.299971 14.331743
11.637602 11.517724
11.2 11.36719
11.1 11.245592
11.999998 12.09458
11.8 11.943932
12.599997 12.663067
11.599999 12.154312
10.9 10.812262
11.400001 11.428995
11.5 12.345412
11.2 11.34157
11.7 11.661165
12.499997 13.0451765
11.3 11.501472
10.2 10.177084
11.599999 11.833257
11.2 11.221003
11.1 11.253075
12.499997 12.890369
11.7 11.971861
13.600039 13.554817
11.2 11.241081
11.5 11.754628
12.299998 12.311693
11.2 11.325692
11.1 11.240963
11.5 11.580626
12.599997 11.714989
13.1 13.046978
11.400001 11.509837
11.2 11.228772
11.400001 11.5382185
12.401899 13.339764
9.79897 9.91594
11.543697 11.37539
11.400001 11.438816
11.900001 11.90422
11.599999 11.918749
10.70206 10.748464
14.1 13.966227
11.1 11.182708
11.8 11.915039
11.3 12.319908
9.941637 9.966176
11.2 11.355565
11.3 11.612063
11.900001 12.199178
11.599999 11.861366
11.5 11.88849
11.8 11.90268
11.2 11.35682
13.000009 12.15052
14.500117 14.04171
11.3 11.511129
11.8 11.896965
11.7 11.786732
11.1 11.249254
13.200015 12.4731865
11.5 11.6093
10.1 10.2171755
11.821246 11.266571
11.7 12.336106
11.8 12.086197
12.899998 12.14173
11.79897 11.906299
11.599999 11.772486
11.2 11.323577
11.1 11.156201
11.599999 11.490378
11.3 11.43677
11.400001 12.086591
11.400001 11.521332
10.40103 10.934716
10.70206 11.137276
12.799992 12.071695
10.40103 10.653538
12.899998 12.205967
10.869551 9.97535
11.900001 11.931594
11.900001 12.043377
11.1 11.162565
11.8 11.865127
11.400001 11.516127
11.999998 12.027839
13.500008 12.785832
11.1 11.178081
11.108774 11.471014
11.1 11.267308
10.1 10.055142
11.3 11.608807
11.2 11.367138
12.299998 11.926526
10.622879 11.92395
12.1 11.769604
11.8 11.850691
11.999998 12.085344
11.400001 11.566143
12.799992 11.879448
11.2 11.389181
11.8 11.896922
11.1 11.274612
11.1 11.456636
11.2 11.176438
10.5 10.882966
11.400001 11.375595
10.8447275 11.85647
11.8 11.942675
11.599999 11.606525
11.7 11.813524
11.3 11.668524
11.1 11.272748
11.2 11.273342
11.2 11.291411
11.7 11.847254
11.5 11.552594
11.2 11.299194
11.400001 11.426295
11.7 11.980257
11.1 11.344224
12.199999 11.412788
11.49794 11.6484375
12.1 11.440697
11.7 11.7275715
11.900001 12.223407
11.5 11.396322
11.900001 11.967113
11.3 11.472208
9.79897 10.044997
13.699981 13.058232
12.1 11.972225
11.1 11.862818
14.700326 14.6365385
11.2 11.604029
11.2 11.383597
11.7 11.3289175
11.900001 12.010867
14.400163 13.133921
10.1 11.031525
11.900001 11.945284
11.2 11.566944
11.49794 12.809689
11.400001 11.473803
11.1 11.233573
11.5 11.860172
11.5 11.527734
11.900001 12.15506
11.1 11.648597
11.8 11.89983
11.8 11.859758
11.400001 11.468036
13.600039 13.360325
11.1 11.363849
11.1 11.206767
12.699998 12.804169
11.1 12.641743
11.900001 11.970958
11.599999 12.0202
10.70206 10.72501
13.403085 12.15598
11.999998 11.855921
11.400001 11.381322
10.1 11.556116
11.1 11.272238
11.3 11.510827
12.599997 12.142295
11.1 11.263892
11.2 11.257635
11.5 11.654764
11.2 11.243629
11.3 11.31761
13.1 11.998142
12.799992 12.973814
11.3 11.447628
11.7 11.738771
11.1 11.19666
10.70206 10.765029
11.900001 11.924134
13.399989 12.997292
12.199999 12.173279
11.3 11.607065
11.2 11.34986
11.900001 11.3818445
11.1 11.249943
13.299971 13.5045595
11.1 11.275259
12.299998 11.262485
11.599999 11.577583
11.2 11.135324
11.2 11.28746
12.199999 11.847253
11.400001 11.378412
11.900001 11.993904
11.599999 12.0281315
11.7 11.88736
11.3 11.871542
12.1 11.705376
11.5 11.555086
11.900001 11.921116
11.8 11.91449
11.599999 11.670553
11.2 11.26102
11.7 11.827908
12.599997 12.118702
14.500117 14.379001
11.2 11.230564
11.2 11.251317
11.900001 11.900618
11.8 12.032622
11.2 11.30264
11.1 11.251014
11.900001 11.8039875
11.400001 11.370969
11.7 11.346989
10.3 10.56847
11.900001 11.9196205
11.900001 11.937067
12.799992 12.265345
11.599999 11.729342
11.8 11.895222
10.1 11.710356
11.599999 11.710152
11.7 11.808161
13.466532 13.036653
12.299998 12.33276
10.59485 10.280361
11.900001 11.989356
10.932683 11.089696
14.273925 13.598371
11.900001 12.054918
11.5 11.648743
11.1 11.2373495
10.7 10.383798
11.3 11.547233
14.19691 12.046501
11.2 11.243537
13.200015 12.657552
11.1 11.240297
11.8 11.700217
12.899998 11.604662
10.1 11.585648
11.1 11.310188
11.8 11.906148
11.2 11.269693
11.2 11.28429
13.200015 11.914625
11.1 11.687066
9.79897 9.97773
11.1 11.19703
12.349492 12.286496
11.1 11.736168
11.5 11.774499
11.1 11.169466
11.3 11.388334
11.1 11.165415
11.1 11.104588
10.70206 10.708651
12.399998 12.131411
11.8 11.562061
11.2 11.284623
11.599999 11.670539
14.600313 13.80148
11.2 11.355363
13.000009 14.045938
12.248742 12.024654
11.400001 11.463716
11.7 11.906663
11.2 11.29944
11.1 11.255847
12.399998 12.23848
13.000009 12.910176
12.299998 12.953929
11.400001 11.387568
10.2 10.303273
11.1 11.069836
11.900001 12.010861
10.3 10.722501
11.2 11.276731
11.8 11.274431
11.1 11.538421
11.400001 11.463518
11.400001 11.465285
12.1 12.499832
11.599999 11.632837
11.2 11.332985
11.1 11.423449
11.7 11.591423
11.999998 11.876875
11.3 11.504097
11.1 11.195865
11.8 11.908363
11.3 11.38783
12.199999 11.947146
11.2 11.339894
11.900001 11.929991
12.699998 12.306984
11.2 11.359018
14.419664 14.77881
12.599997 13.214257
11.5 11.689846
11.2 11.260056
11.1 11.283759
12.300659 12.835083
11.2 11.27737
11.599999 11.627258
11.400001 11.615338
12.146482 12.825457
12.599997 12.782067
11.1 11.170715
12.899998 12.485594
11.1 11.204316
11.1 11.109533
11.900001 11.85533
11.3 11.5699215
11.2 11.303308
11.999998 12.058537
11.900001 12.374102
13.999974 13.364641
10.8 10.649955
11.3 11.460575
11.1 11.257341
11.5 11.581112
11.3 11.683828
13.800057 13.614378
11.5 11.838368
11.1 10.998223
11.599999 11.863871
11.3 11.342745
12.721546 11.378515
13.1 12.542898
11.5 11.826441
11.1 11.220551
11.1 11.247748
11.8 11.488062
10.1 10.236553
11.900001 12.394348
11.3 11.515279
11.782456 11.603493
11.5 11.58371
10.3 10.643026
11.923909 11.334232
10.1 9.711896
11.3 11.582873
11.400001 11.690567
10.6 10.847645
11.1 11.371707
11.400001 11.866621
12.199999 13.167776
11.8 11.703255
11.999998 12.242128
11.599999 11.27715
10.70206 11.8404875
11.8 11.944942
13.200015 12.822109
11.3 12.212178
11.1 11.198253
13.200015 12.727307
11.3 11.431006
11.7 11.734441
11.7 11.791006
11.599999 11.636927
11.2 11.2223015
11.599999 11.750892
13.500008 13.772972
12.499997 12.795593
11.8 11.88262
12.899998 13.1131525
11.900001 11.968063
11.1 11.203495
11.5 11.659057
11.900001 11.310785
11.999998 11.909948
11.2 10.845339
11.1 10.972194
14.5685215 14.215779
11.900001 11.972544
11.8 11.956796
12.399998 11.48311
11.900001 12.027122
11.3 11.3005495
11.999998 12.009529
11.7 11.721458
10.8 10.777316
11.7 11.55927
11.3 11.67021
11.721602 10.957691
13.248742 14.125352
13.200015 13.264168
11.2 11.326922
11.8 11.81616
12.199999 11.863583
11.400001 11.660891
11.1 11.199488
11.2 11.811022
11.2 11.327538
13.299971 13.187131
12.1 12.403532
11.8 11.987614
11.8 12.004965
11.8 12.054749
11.7 12.32554
12.499997 11.994534
11.900001 12.097639
11.999998 12.154718
13.699981 13.235892
12.020819 11.288961
11.7 11.98893
12.1 11.709043
11.900001 11.95423
11.1 11.315179
11.1 11.167903
11.400001 11.403804
12.601689 12.726398
11.1 11.276343
11.999998 11.992214
11.999998 11.901961
12.799992 12.63563
11.8 12.111948
11.2 11.266603
11.5 11.657735
11.2 11.334536
11.999998 11.412821
12.199999 11.5896015
11.8 11.937089
11.599999 11.881828
13.104364 11.5693655
10.622879 11.349766
13.899971 13.460506
11.3 11.572257
11.400001 11.33839
11.2 11.189976
11.2 11.322066
11.900001 11.935856
11.2 11.289104
11.923909 11.51074
11.2 11.277282
11.400001 12.281265
11.2 12.294048
11.900001 11.928356
11.8 11.964801
11.7 11.402466
12.55967 12.227743
13.000009 11.558516
11.2 11.252053
11.1 11.161207
11.5 11.591869
11.1 11.205966
9.40103 9.926493
11.400001 12.075706
11.900001 11.5741005
11.425138 11.157429
11.1 11.229273
11.242667 11.096318
10.5 10.772062
12.699998 11.820084
11.1 11.783274
11.3 11.409376
12.1 12.015782
11.999998 12.071119
11.2 11.4198475
13.000009 12.511684
11.999998 12.08152
11.400001 11.479131
14.600313 14.4499
11.738272 12.437555
11.1 11.258747
11.8 11.910941
11.1 11.152862
11.900001 11.947552
10.719789 10.073506
11.599999 11.638975
11.400001 11.407427
12.799992 12.839102
11.2 11.394694
11.25 11.497597
11.3 11.436977
12.1 12.523289
12.699998 12.638058
11.599999 11.777171
11.70103 11.843231
13.026317 13.614315
12.191515 12.046451
11.1 11.307993
11.999998 11.755924
11.1 11.216682
11.400001 11.480706
11.900001 11.937548
11.1 11.370287
11.5 11.738255
11.1 11.317852
11.5 11.580456
11.400001 11.219742
11.599999 11.712498
12.199999 12.207373
11.1 11.214663
11.5 11.719425
11.2 11.297737
11.2 11.337021
11.1 11.239661
11.3 11.496487
11.2 11.355679
11.3 11.388767
11.900001 12.075893
11.2 11.239019
11.599999 11.759045
11.2 11.506935
11.999998 14.162453
11.5 11.443356
11.400001 12.021078
11.274371 11.323901
14.427902 13.9832535
11.900001 12.442401
11.1 10.755687
11.1 11.200651
11.3 11.696785
10.622879 10.817061
11.999998 11.676828
11.999998 11.586314
11.2 11.351681
11.900001 12.472593
11.1 11.106023
11.400001 11.679872
10.1 10.668206
11.2 11.451682
11.8 11.9022045
11.8 11.919238
11.599999 11.359468
11.7 11.636235
11.49794 11.769323
11.2 11.271004
11.3 11.399643
12.1 11.635637
11.900001 11.84745
12.199999 12.108728
13.600039 13.80309
13.399989 14.11544
11.900001 11.694672
11.8 11.827082
11.3 11.526387
11.999998 11.610837
12.923909 12.335104
11.1 10.682963
11.8 11.928478
11.2 11.522762
11.599999 11.645756
11.5 11.333
11.900001 11.884212
11.2 11.301681
13.699981 13.559332
12.599997 11.912394
11.2 11.254465
11.400001 11.374795
10.1 10.968331
11.900001 11.650387
12.191515 12.117265
11.1 11.034393
11.3 11.735846
15.200179 13.800682
11.5 11.639631
11.8 11.923514
11.1 11.088693
11.1 11.395649
11.1 11.276163
11.900001 11.649717
12.199999 12.090287
11.900001 11.606247
11.400001 11.428762
11.1 11.199989
11.2 11.324478
11.900001 12.014101
11.400001 11.433072
11.999998 12.425012
11.2 11.267314
11.2 11.356677
11.900001 11.940028
11.599999 10.397469
11.599999 11.967461
11.2 11.2186575
10.70206 10.618602
11.2 11.400056
11.2 11.338458
11.999998 12.12555
11.999998 12.108853
11.2 11.21451
13.200015 12.591179
11.2 11.21564
11.2 11.285167
11.79897 12.6010475
12.299998 12.192398
10.70206 10.714009
10.4 11.04002
11.5 11.516043
12.1 11.680984
11.5 11.831103
11.599999 11.54627
11.5 11.5756
11.1 11.238848
13.299971 12.02614
11.8 11.319884
11.3 11.805084
14.63786 14.06143
12.299998 11.878089
11.3 11.443052
12.299998 11.879688
11.1 11.207859
12.699998 12.291557
11.2 11.417028
11.599999 11.679632
11.1 11.164786
11.8 11.953803
11.2 11.276022
11.900001 12.169788
11.900001 11.952141
11.19691 11.2488785
12.249994 12.1318865
10.1 11.893762
11.7 11.986205
11.2 11.293474
12.765546 12.131643
11.2 11.229981
11.2 11.314714
13.668636 13.447277
11.5 11.7776
11.599999 12.025515
11.5 11.697542
11.2 11.3232975
11.8 11.97799
11.5 11.913446
12.599997 12.777089
12.299998 11.8167
11.7 11.382144
11.1 11.250332
11.1 11.529399
11.3 11.677797
11.5 11.599936
12.399998 11.821707
11.8 12.053942
11.2 11.266939
11.8 11.780622
11.2 11.249844
12.299998 12.739952
11.2 11.24329
12.79897 10.947467
11.2 11.278402
12.622879 13.472881
11.3 11.26854
11.8 12.063588
11.3 11.3035345
11.3 11.416145
11.7 11.835242
11.3 11.371509
11.7 11.938627
11.900001 11.773523
10.1 10.384458
11.2 11.419548
11.5 11.724995
12.699998 11.615468
11.900001 12.036242
10.2 10.600632
11.1 11.308393
11.8 11.919563
11.8 11.876415
11.8 11.756987
11.5 11.707986
11.7 11.728482
12.207906 12.988059
11.2 11.315032
11.2 11.299326
11.900001 11.877273
11.1 11.67171
11.900001 11.577827
13.19691 11.477898
13.145758 13.16119
11.7 11.588505
11.3 11.499669
10.70206 10.606768
11.7 11.690678
13.500008 13.627351
11.3 11.569067
11.5 11.569967
11.400001 11.540924
14.999629 14.674914
11.999998 11.957471
11.2 11.305069
10.165502 13.147971
11.599999 11.805681
11.999998 11.917832
11.5 11.4949
11.285752 11.688572
11.900001 12.046767
11.1 11.3142395
11.3 11.395594
11.8 11.9007435
11.1 11.22474
11.999998 11.616202
11.5 11.55135
9.89588 10.199007
11.900001 11.982225
11.1 11.145908
13.699981 13.0197525
11.3 11.378826
11.5 11.611398
11.900001 11.959812
11.180922 12.24494
12.180399 12.305255
11.2 11.336146
11.2 11.289438
12.399998 12.001413
11.1 11.208951
11.7 11.565854
11.5 12.080083
10.40103 11.005186
11.1 11.174324
11.400001 11.645386
10.938632 11.017656
10.70206 10.688495
11.400001 11.45992
11.2 11.261692
11.7 11.83586
11.900001 11.930717
11.599999 11.841268
11.7 11.74157
11.2 11.182634
12.899998 13.677811
11.5 11.574735
11.5 11.655035
11.2 11.278164
11.2 11.225954
11.400001 11.393952
11.8 11.839038
11.2 11.323375
11.7 11.318558
12.799992 12.2031145
12.799992 12.610392
11.3 11.377121
11.3 11.232854
11.1 11.239028
11.7 11.48598
11.49794 11.290327
11.329148 11.1448765
12.1 11.640961
13.200015 11.876186
11.900001 12.027756
11.400001 11.595482
12.199999 11.602887
13.699981 13.440826
11.2 11.31923
11.5 11.699803
11.5 11.522648
11.400001 11.420014
11.15 12.076515
13.1 12.538485
13.000009 12.211547
11.2 11.312562
12.199999 11.622256
11.8 11.678624
10.622879 10.71389
11.900001 11.99942
12.599997 12.875104
10.40103 10.3858185
14.700326 13.349133
10.49794 9.910576
11.2 11.288829
11.999998 12.0178795
11.2 11.303556
10.5 10.273818
11.5 11.822937
11.3 11.557575
11.1 11.409874
11.2 11.425573
11.900001 12.079226
11.900001 12.148441
11.2 11.255353
11.2 11.276229
11.1 11.199956
11.2 11.278725
11.8 11.814896
10.40103 12.274856
11.7 11.955626
11.900001 11.964821
11.599999 11.631189
11.999998 11.998929
11.1 11.238406
12.449997 11.924227
11.3 11.316127
11.622879 11.731056
11.29382 11.167177
11.400001 11.441457
10.79897 10.020032
11.400001 11.429993
10.49794 11.007618
11.2 11.289415
10.6 10.698832
11.3 11.324563
11.3 10.625187
11.3 11.454432
12.199999 11.37145
11.599999 11.855172
11.2 11.175491
12.699998 12.260327
12.199999 12.0740185
12.199999 11.68592
11.1 11.263255
11.900001 12.056641
13.299971 13.514679
11.2 11.375863
13.800057 12.981399
11.900001 11.699541
14.200179 14.217817
11.7 11.779041
11.599999 11.696984
12.499997 12.808191
11.7 11.698238
11.5 12.023741
11.2 11.566164
11.2 11.281015
11.3 11.541787
11.3 11.4202
11.1 11.267659
10.738272 10.01937
12.299998 12.046078
10.1 10.551959
11.900001 11.957532
11.3 12.10387
11.400001 11.484026
11.599999 11.917816
11.900001 11.928303
11.1 11.202771
11.7 11.683728
11.2 11.566158
11.400001 11.554289
14.49794 14.332832
11.900001 12.034546
14.145758 11.27253
11.5 12.349685
11.8 11.882416
11.2 11.677714
11.8 11.9731245
11.2 11.260441
11.622879 11.857567
11.5 11.621212
13.359637 13.191956
12.299998 11.092211
11.2 11.308649
11.1 11.3046665
11.900001 11.973244
11.3 11.827229
11.900001 11.592154
13.000009 11.758343
11.7 11.899659
10.6 11.748268
13.622879 13.699097
11.3 11.419307
11.599999 11.63007
11.5 11.576994
11.79897 11.745476
11.3 11.60063
11.1 11.158133
11.1 11.358661
11.8 12.066988
13.200015 12.254328
11.5 10.960468
11.7 11.782393
11.1 11.336893
11.5 11.652223
11.7 11.75404
11.999998 12.15742
11.5 11.9973345
11.3 11.436572
10.2 10.269037
11.599999 11.72525
11.2 11.541068
12.399998 13.332629
11.2 11.256699
13.699981 13.040259
13.000009 12.161674
11.3 11.464747
11.2 11.302754
11.3 11.338557
11.3 11.403756
10.3 10.65318
11.900001 11.967475
11.900001 11.968119
10.7 10.720833
10.70206 10.754293
11.400001 11.360463
11.5 11.602121
12.499997 11.39614
9.456548 10.429209
11.900001 11.961326
13.1 12.887325
11.599999 11.854481
11.2 11.286239
11.7 11.39315
11.999998 13.452589
11.2 11.1801405
11.3 11.411038
12.1 12.343678
13.600039 13.202669
9.79897 9.945003
11.5 11.553318
11.599999 11.53582
11.999998 11.706344
12.199999 12.15556
11.7 12.43421
11.8 11.9372425
11.900001 11.985262
11.400001 11.972656
11.1 10.899858
11.8 11.903212
11.1 11.000497
11.8 11.913095
11.5 11.486456
11.3 11.474017
11.1 11.156841
11.7 11.684657
11.512516 11.455984
13.399989 12.8897915
11.7 11.776987
11.5 11.380655
11.1 11.255336
11.8 11.952378
12.599997 12.105098
11.2 11.264241
11.599999 11.388998
11.1 11.118106
11.3 11.346155
11.3 11.378909
13.699981 14.040941
11.3 11.955185
11.2 11.407115
11.5 11.536973
11.400001 11.48735
12.1161 11.337787
11.2 11.344001
11.3 11.399884
11.900001 11.982591
11.5 11.604525
11.2 11.349629
12.199999 11.989246
11.599999 11.600918
11.5 11.629544
11.900001 11.930014
12.499997 12.687976
11.2 11.36986
11.8 11.73517
11.254902 11.261441
12.399998 11.822479
12.1264105 12.126835
11.7 11.701431
13.399989 13.313658
13.15061 13.878826
11.2 11.311063
12.399998 11.713045
11.999998 11.626167
12.599997 12.075156
12.299998 11.879488
11.599999 11.589049
12.199999 12.146204
11.3 11.319513
11.020819 11.5117855
11.599999 11.97911
11.5 11.633154
11.1 11.368189
10.1 11.042485
11.1 11.21703
11.5 11.646999
11.999998 12.032642
11.2 11.314873
11.7 11.392975
10.6 10.715805
11.35 11.6846075
12.299998 11.633213
11.2 11.287929
12.399998 11.068537
11.1 11.239521
11.400001 11.407985
11.1 11.654257
14.400163 14.19062
11.1 11.324869
13.299971 13.81224
11.5 12.212415
11.8 11.883061
11.400001 11.388877
11.5 11.807313
11.599999 11.389516
11.2 11.43834
13.000009 13.988073
12.599997 12.594244
11.1 11.205728
11.5 11.363639
11.400001 11.4837675
11.400001 11.496241
11.5 11.626463
11.5 11.565004
14.400163 13.147081
11.900001 11.897774
12.986056 12.604272
11.8 11.977573
10.70206 10.757046
11.3 11.558744
11.1 11.250574
11.622879 11.22861
11.7 11.863951
11.599999 11.642794
13.000009 14.599506
11.2 10.606186
11.3 11.5882635
11.999998 11.953383
10.1 10.2999525
11.3 11.431414
11.2 11.2584
11.5 11.513138
11.999998 11.97775
11.7 11.6771755
11.1 11.27687
12.299998 11.718932
12.199999 12.375622
14.500117 13.601707
11.7 11.437794
11.900001 11.907498
12.599997 12.457131
11.3 11.363182
11.2 11.283368
11.254902 11.776771
11.1 11.402194
12.899998 12.956945
11.900001 11.928339
11.2 11.416943
14.1 13.637282
11.2 11.287905
11.1 11.144618
11.599999 11.571346
11.400001 11.063878
10.1 10.754656
12.299998 12.099644
10.70206 10.796965
13.600039 12.897556
11.2 11.238531
11.8 11.926499
11.2 11.334314
12.899998 12.05449
14.600313 12.857141
11.2 11.376646
12.599997 12.345224
11.3 11.4338665
11.3 11.5847435
14.202373 14.410557
10.5 10.361504
11.1 11.345527
14.200179 13.08452
11.900001 11.434232
11.2 11.317206
11.400001 11.75598
11.2 11.266975
10.89588 11.612991
11.1 11.196175
11.2 11.34519
11.900001 11.934063
12.899998 11.965357
11.456548 11.289068
11.7 11.829712
11.5 11.899864
12.719789 11.116589
11.999998 13.181809
11.7 11.939678
11.400001 11.414542
11.1 11.205682
11.8 11.90217
14.500117 13.115457
13.399989 12.875597
11.1 11.292013
12.199999 11.744785
11.3 11.795822
12.199998 12.115037
13.446788 13.763788
11.900001 12.128345
11.8 11.681
11.1 11.095478
12.599997 11.297643
11.2 11.363628
11.2 11.376247
11.020819 10.644219
11.900001 11.951517
11.5 11.565725
12.399998 12.758854
12.699998 13.053138
11.900001 12.038908
12.719036 12.505075
13.1 12.711235
11.900001 11.942037
11.5 11.260467
11.900001 11.80358
11.2 11.3095255
11.2 11.3252945
11.400001 11.557227
11.880176 12.129598
11.7 11.527194
12.899998 12.521634
11.1 11.38314
11.8 11.930508
11.2 11.237951
11.2 11.339386
11.999998 11.821252
11.900001 11.96932
11.599999 12.004433
12.799992 12.919205
11.400001 11.395893
11.2 11.317876
11.1 11.262918
11.900001 11.900377
11.8 11.884018
12.499997 11.915014
11.2 11.258456
11.900001 12.011398
11.3 11.379325
12.1 11.49714
12.799992 11.727301
10.2 10.615691
11.8 11.8769655
11.900001 11.932555
11.5 11.582545
11.1 11.570375
11.2 11.632967
15.299971 14.752995
11.2 11.206659
11.70103 11.828049
11.2 11.318575
11.49794 10.641871
11.2 11.240689
11.2 11.284496
11.599999 11.613089
13.1 13.80242
11.1 11.132161
11.8 11.668562
11.7 11.377791
11.900001 11.887098
10.622879 10.573105
11.2 12.608446
12.1 11.449608
13.600039 12.426217
12.499997 11.866383
9.1 9.513191
11.2 11.225642
11.900001 11.996117
11.166968 11.248666
11.3 12.121452
11.8 11.920352
11.400001 11.387684
11.3 11.941244
11.1 11.213164
11.2 11.341488
13.020819 12.108551
11.2 11.641382
11.599999 11.595892
11.599999 12.403577
13.200015 12.076183
11.599999 11.337204
11.5 11.729648
11.400001 11.392968
14.400163 12.752068
11.900001 12.555944
12.899998 11.442917
11.1 10.896883
11.2 11.302206
11.8 11.926613
11.2 11.25919
11.1 12.004114
11.5 11.590784
11.2 11.379217
12.1 12.131971
11.7 12.044683
9.79897 9.968155
11.2 11.473636
11.599999 11.5632305
11.900001 11.94043
11.1 11.123931
11.2 11.232011
11.5 11.502279
12.622879 11.931414
11.900001 12.153025
11.3 11.38028
12.520216 11.330566
11.2 11.542485
11.599999 11.695281
12.199999 12.329107
11.1 11.421843
11.1 11.315216
11.2 11.436611
14.299971 12.958309
11.3 11.460561
13.500008 13.113449
11.3 11.462955
12.299998 12.185632
13.321849 12.254284
11.108774 11.291155
12.555932 12.648984
13.200015 12.959568
11.999998 11.888626
11.3 11.331844
11.400001 11.513382
11.5 11.429926
11.8 11.930319
11.1 11.265366
13.000009 12.390409
11.2 11.28887
14.1 14.008099
11.3 11.338722
11.900001 11.94511
12.899998 11.726582
11.8 11.896746
12.299998 12.199467
11.2 11.2640915
11.1 11.337994
11.3 11.881455
11.2 11.400619
11.2 11.204014
11.3 11.361282
11.2 11.592995
12.199999 11.927337
10.9 10.625837
11.900001 11.9865
11.3 11.277289
12.199999 12.2288685
12.699998 12.6437645
11.3 11.449946
12.199999 12.238199
11.1 11.300293
11.2 11.418999
11.3 11.50364
11.3 11.666485
11.599999 11.762214
11.900001 11.894028
14.500117 13.603981
11.15399 11.262528
10.622879 11.782883
11.2 11.356653
14.79897 13.829683
11.2 11.234844
13.299971 12.917577
11.1 11.328778
11.5 11.70174
11.1 11.195816
11.2 11.342533
11.2 11.376295
12.299998 12.08577
10.70206 10.989084
10.63529 12.220335
11.599999 11.774894
11.599999 11.675907
11.2 11.603817
11.2 11.27983
12.899998 11.885603
11.5 11.530116
11.2 11.566193
13.500008 13.812513
11.400001 11.426707
11.2 11.4517
11.2 11.282948
11.999998 12.232843
11.1 11.279648
11.2 11.271001
12.799992 12.59688
11.7 11.93248
12.499997 12.688067
13.899971 13.730485
11.1 11.059736
11.7 11.573036
11.3 11.341588
10.5 10.628057
11.5 11.396459
11.1 11.274309
13.399989 12.027636
11.599999 12.078828
11.2 11.561489
11.5 11.654234
11.599999 11.694096
11.1 11.173028
11.3 11.500116
13.399989 13.296608
11.2 11.219236
11.7 11.825142
12.699998 12.474657
11.599999 11.800086
11.900001 11.894252
11.3 11.362393
13.59485 11.992261
11.1 11.425638
11.7 11.6422615
13.299971 12.517561
11.5 11.656226
11.2 11.387456
11.900001 11.955494
11.3 11.929156
11.900001 11.97145
11.5 11.51919
13.79897 13.390499
11.2 11.2756405
11.2 11.402834
11.2 11.243861
12.499997 11.962538
11.1 11.150181
13.800057 14.051822
11.1 11.21899
13.399989 11.387739
11.1 11.210358
9.79897 9.97535
11.900001 11.918951
11.5 11.364611
14.644068 14.599536
12.47675 11.068491
11.254902 11.515651
11.5 11.638896
11.8 11.806124
11.999998 11.9154625
11.7 11.994989
11.900001 11.977749
11.2 11.385473
10.1 10.416927
11.599999 11.623912
11.3 11.376938
11.2 11.46709
11.900001 12.188844
11.1 11.297263
11.2 11.241787
12.399998 11.96505
11.8 11.913126
11.7 11.820648
12.499997 11.963445
13.699981 12.132007
11.2 11.490875
11.900001 12.248948
11.1 11.147811
11.7 11.893593
11.599999 11.31222
11.3 11.365381
12.399998 11.946768
11.400001 11.60257
11.1 11.176914
11.5 11.538447
11.0914 11.488693
11.2 11.255646
11.5 11.515565
11.1 11.108552
11.1 11.208164
11.999998 12.579289
13.344125 13.354155
11.2 11.243504
10.446788 11.156264
11.999998 13.187323
11.2 11.275755
11.5 12.311065
12.499997 12.026369
12.299998 12.480181
10.70206 10.51782
11.2 11.271844
11.5 11.591006
11.3 11.523565
11.900001 11.990417
11.2 11.302044
11.8 12.713387
11.2 11.341756
11.999998 11.832466
11.900001 11.97101
11.47675 11.583952
11.2 11.299853
10.40103 10.669969
11.900001 11.987092
11.900001 12.162326
10.1 10.41675
11.1 11.277784
12.299998 11.544524
11.8 11.690458
11.70206 11.14792
11.8 11.742197
11.3 11.387815
11.2 11.266759
11.400001 11.950979
11.900001 12.007696
11.8 12.025129
11.900001 12.078396
11.1 11.133889
11.599999 12.478054
12.399998 11.574856
11.2 11.3809395
11.8 11.885348
11.1 11.151579
10.79897 9.99913
14.1 14.244617
10.1 10.283565
11.3 11.355802
11.599999 11.631524
11.900001 11.955688
11.2 11.520639
11.900001 11.975077
11.7 11.833866
11.2 11.403292
12.899998 12.510054
11.900001 11.854851
11.2 11.40137
11.400001 11.473156
14.1 13.740393
11.900001 11.904966
12.299998 12.13797
13.043096 13.048117
10.70206 10.780059
12.399998 11.530693
10.1 10.671524
11.8 11.5781
11.7 12.100043
12.399998 11.9206085
11.5 11.315203
11.999998 12.273605
11.999998 11.45605
11.5 11.575581
11.900001 11.941711
12.399998 12.609808
9.777781 10.44055
11.1 11.143604
11.1 11.157651
11.400001 11.431375
11.5 11.440454
12.199999 11.8722105
11.599999 11.638541
13.800057 13.445972
11.900001 12.103967
11.599999 11.393878
11.2 11.223744
12.499997 11.405527
11.5 11.361805
11.3 11.375992
11.3 11.312998
11.599999 11.82964
11.900001 12.148163
11.3 11.350866
11.359637 11.546301
11.8 11.850303
11.3 11.489747
11.1 11.313201
11.3 11.396182
12.651294 12.715414
11.900001 11.984554
11.2 10.76118
11.8 11.961352
13.864471 13.363034
11.900001 12.119384
11.8 12.361693
11.599999 12.631792
13.000009 11.630651
11.2 11.241526
11.900001 12.223552
11.8 11.341658
11.599999 11.861908
10.3 10.353976
11.999998 11.899261
11.2 11.39963
11.5 11.564114
11.2 11.234878
11.2 11.289528
11.900001 11.924572
11.900001 12.026294
11.400001 11.56061
9.79897 9.907873
11.3 11.565863
12.299998 11.958628
11.7 11.772615
10.7 11.186571
11.599999 11.558029
11.3 11.262543
11.40103 11.322804
11.7 11.745888
13.800057 13.478561
11.900001 11.94494
11.2 11.330172
10.70206 10.70824
11.400001 11.494236
12.199999 11.56953
11.8 11.730371
11.5 11.75265
11.900001 12.04714
11.8 11.880766
12.499997 11.777448
11.1 11.13751
11.2 11.308712
11.8 11.877305
11.5 11.84988
11.1 11.302186
11.900001 11.950935
11.7 11.55446
11.2 11.280951
12.299998 11.835249
11.900001 11.932994
11.900001 12.002539
11.900001 12.787596
11.599999 11.31269
12.299998 11.810148
11.900001 12.218105
11.5 11.530991
11.900001 11.921417
12.599997 12.837259
11.400001 11.633253
11.400001 11.242515
11.1 11.2274475
11.2 11.235149
11.900001 11.774073
11.8 11.906059
11.1 11.031129
11.3 11.517557
10.1 11.877304
13.1 13.1739645
11.900001 11.651879
11.409804 11.52349
11.8 11.95145
11.8 11.5776005
12.499997 12.140566
12.359637 11.738331
11.8 11.864685
11.400001 11.387874
11.3 11.443491
12.499997 11.956284
11.2 11.304282
11.900001 11.781733
11.79897 11.592764
11.0 10.602016
11.483266 11.491531
11.599999 11.585096
11.2 11.292915
10.622879 10.962624
14.722107 11.635839
12.1 12.213089
11.5 11.47596
11.300659 11.238223
12.199999 11.98712
11.2 11.296405
11.3 11.330961
11.5 11.407146
11.5 11.601188
11.1 11.205984
10.622879 11.199232
10.1 10.31849
10.79897 11.037891
11.7 11.686099
11.900001 11.211439
13.699981 12.168711
11.999998 12.951351
11.900001 11.968863
11.3 11.322102
11.5 11.635162
11.55 12.709556
11.900001 12.135985
11.2 11.926147
11.2 11.4367285
11.8 12.021833
11.900001 11.956402
11.900001 11.992109
11.900001 13.396378
13.000009 12.788868
11.1 11.424806
11.400001 11.643968
11.599999 11.620499
11.7 11.826366
11.8 11.9064045
11.5 11.390553
11.900001 12.00388
11.2 11.313229
11.2 11.255255
11.3 11.424157
11.900001 12.146047
11.1 11.216111
11.2 11.310762
11.3 11.75585
13.600039 13.666353
11.2 11.426588
11.1 11.247929
11.2 11.392898
11.8 11.578993
11.7 11.751985
11.400001 11.344824
12.699998 11.917072
11.599999 11.431967
11.1 11.23633
11.3 11.349327
11.400001 11.374263
12.399998 12.424732
11.1 11.238242
11.1 11.225227
11.5 11.339311
10.40103 10.478199
11.7 12.206108
11.3 11.979052
13.200015 13.166893
11.2 11.414204
11.1 11.238285
11.2 11.349078
11.202373 12.34017
12.499997 11.931374
11.1 11.353029
11.2 11.297468
13.299971 12.608533
11.1 11.122144
11.1 11.339882
11.599999 11.665836
11.2 11.211924
12.599997 12.16342
11.5 11.805191
10.418758 12.03487
10.3 10.370739
11.400001 11.603475
11.3 11.508386
12.299998 12.100211
11.130118 10.605723
11.900001 11.65198
11.1 11.196462
12.1 12.005111
13.299971 14.204629
11.1 11.17203
11.400001 11.893394
13.49794 14.588709
11.5 11.38328
11.7 11.329502
11.1 11.066114
11.900001 11.969688
11.900001 11.830092
10.3 10.560835
11.3 11.349083
10.8 10.995836
11.400001 11.438126
11.5 11.498606
11.400001 11.429378
11.3 11.813181
11.1 11.4491825
10.456548 10.336464
13.299971 13.901868
11.2 11.426989
13.000009 11.889164
11.1 10.862921
13.200015 12.408739
14.200179 13.104773
14.500117 12.782286
11.900001 11.947752
11.1 11.212404
11.7 11.807002
11.2 11.298271
11.5 11.4003725
11.3 11.485472
11.7 11.751707
11.1 11.231592
12.799992 12.846216
11.3 11.366839
11.2 11.230604
12.299998 12.161179
11.5 11.55825
10.1 10.04432
14.81658 14.339033
12.217476 11.093274
11.1 11.285339
11.1 12.025358
11.400001 11.513634
11.2 11.385442
13.1 12.355181
11.1 11.150939
13.1 12.540258
12.633132 12.732499
11.5 11.611795
11.2 11.3074045
11.599999 11.585506
11.8 11.703312
12.1 12.409104
11.400001 11.558289
11.2 11.263354
11.3 11.423732
11.8 11.91761
11.7 11.821252
12.499997 12.295027
11.3 11.472536
11.999998 12.0032
11.7 12.122911
10.622879 10.297869
11.400001 11.546109
11.900001 11.9489975
11.599999 11.833151
11.900001 12.604437
13.899971 13.764498
11.5 11.439653
11.2 11.127565
11.1 11.2037325
13.699981 13.1012
11.8 12.537493
12.299998 11.940931
12.299998 12.808863
11.3 11.245226
11.1 11.307067
11.2 11.262397
11.3 11.415678
11.400001 11.327364
11.3 11.692626
11.8 11.321144
10.5685215 10.56549
11.1 11.291752
10.1 10.889989
12.899998 11.979305
11.6157 11.546151
12.652842 12.673708
11.2 11.312459
11.5 11.61495
11.599999 12.318822
11.400001 11.368147
11.2 11.249542
12.299998 12.551334
11.599999 11.748305
11.3 11.619108
11.178996 11.230754
11.999998 11.841967
11.3 11.977617
10.207906 10.139105
11.900001 11.946594
11.900001 11.614896
12.499997 12.08142
11.3 11.792515
11.186186 11.336344
12.199999 11.9759655
12.499997 12.435589
11.900001 11.977079
11.7 12.336145
12.1 12.69427
11.900001 12.159166
11.5 11.565363
13.399989 13.019012
11.3 11.755722
11.7 11.856695
10.869551 9.97517
11.1 11.232953
11.400001 11.724073
11.2 11.480797
11.3 11.270899
11.599999 11.831995
10.1 10.0477915
11.1 11.213605
11.7 11.836671
11.900001 11.815578
11.3 11.431942
13.699981 12.919166
11.599999 11.606899
11.3 11.608579
11.1 11.203363
11.400001 11.366138
11.900001 12.01394
11.400001 11.348722
10.70206 10.657794
11.3 11.338017
11.400001 11.351101
11.2 11.272542
12.1 11.469013
13.000009 10.816235
11.2 11.324791
11.900001 12.408859
11.599999 11.635027
11.8 11.856115
11.2 11.454396
11.7 11.4416275
11.999998 13.0582285
11.599999 11.55717
11.599999 11.683523
11.0 11.365721
11.5 11.552378
11.900001 11.995293
11.2 11.293894
11.2 11.335816
11.2 11.290075
14.999629 14.140062
10.1 11.960175
11.8 11.641043
13.699981 12.904544
11.1 11.215179
11.5 11.81211
11.3 11.601462
11.8 11.927496
11.2 11.309014
12.199999 11.984724
11.999998 12.091472
10.70206 10.804615
13.986056 11.636093
11.599999 11.731924
11.7 11.855718
11.5 11.71295
10.351812 10.52214
11.2 11.313862
11.2 11.250094
9.79897 9.912398
11.1 11.237427
11.7 11.423963
12.799992 12.052267
12.499997 11.928595
11.900001 12.070173
13.21351 12.623819
11.3 11.520402
13.299971 13.546471
11.2 11.358861
11.5 11.511569
11.1 11.413961
11.900001 11.771477
11.5 11.53026
11.8 11.765432
12.1 11.895939
11.3 11.417508
11.999998 11.5158825
11.2 11.263286
11.900001 12.3175955
12.299998 12.392026
11.900001 11.943468
11.7 12.002897
11.1 11.222929
11.8 11.310589
11.7 11.77457
11.8 11.838802
13.231403 14.2741585
11.145758 10.893193
12.299998 12.869644
13.200015 13.225674
9.923909 10.266954
11.2 11.336171
12.699998 11.560869
11.3 11.421266
11.1 11.883742
11.25 11.384422
11.7 11.803551
11.900001 11.953426
14.1 14.210952
11.400001 11.709597
12.1 11.776258
11.2 11.527809
11.5 11.688216
11.2 12.495274
13.1 11.746138
11.599999 11.557937
11.3 11.505006
11.3 11.390226
11.5 11.626501
11.2 11.266282
11.8 12.805088
11.2 12.104413
10.89588 13.982025
11.79897 11.4063835
11.999998 12.091967
11.400001 11.456541
11.3 11.371
11.1 11.247564
12.626186 12.362644
11.2 11.639748
11.8 11.90587
10.6 10.612098
12.359637 12.26215
11.999998 11.7851715
11.5 11.625387
11.2 11.325027
11.3 11.387263
11.599999 12.548636
13.000009 12.679039
11.79897 11.6080885
11.8 11.881041
11.400001 11.441524
12.299998 11.35717
11.1 11.361832
12.299998 11.486986
11.1 11.179345
11.599999 11.946023
11.8 11.9294405
11.2 11.290351
11.45 11.344444
12.089405 13.311231
12.599997 12.294809
11.599999 11.620454
11.599999 12.039113
11.1 11.91045
11.2 11.222042
12.499997 12.679623
11.1 11.072887
13.000009 12.584691
11.400001 11.80839
11.7 12.003568
11.7 12.7252865
11.3 11.773701
10.2 10.252295
11.7 11.754242
11.400001 11.435549
11.1 11.211803
11.5 11.791836
11.1 11.831497
11.2 11.188731
12.199999 12.006571
11.3 11.392026
11.5 11.21651
11.2 11.232579
11.5 11.485817
11.599999 11.939336
11.2 11.256867
11.400001 11.5394745
11.1 11.141278
11.671865 11.797656
13.899971 13.102139
11.7 11.748703
11.543697 12.4883
11.1 11.257572
11.7 11.590317
11.1 11.0546465
11.8 11.94406
11.2 11.30686
12.344125 12.425056
11.400001 11.489862
11.8 12.13501
11.8 11.965296
13.19691 12.225002
11.900001 11.961099
12.1 12.009858
11.999998 12.135412
11.3 11.24531
11.1 11.237051
11.900001 12.146561
11.599999 11.625526
13.200015 13.309275
11.5 11.5657625
11.999998 12.073305
13.4372425 13.1174755
11.5 11.449013
12.699998 12.948529
11.2 11.290333
11.5 11.47346
11.5 11.558148
11.8 11.881252
11.236677 11.455158
11.8 11.778372
11.5 11.454788
11.2 11.252505
11.0 10.926123
12.299998 13.193318
11.999998 11.880963
11.418758 11.079696
10.869551 11.260467
11.900001 11.704454
11.2 11.430606
11.8 11.928982
12.005018 11.448353
12.1 11.859968
11.7 11.730652
11.2 11.40119
11.1 11.3083
10.3 10.798018
11.2 11.589245
11.599999 11.314028
11.900001 11.947134
11.599999 11.574509
13.1 12.966046
11.999998 11.98189
11.900001 11.8297205
11.5 11.592886
11.599999 11.719792
11.999998 12.029411
12.199999 12.036438
11.3 11.347602
12.1 11.8874
11.999998 12.853504
12.924482 11.076841
11.1 11.2177105
11.900001 11.973859
11.900001 11.952233
12.499997 12.767984
11.8 11.850335
11.1 11.3332
11.3 11.598461
13.000009 12.782448
10.2 10.365778
11.1 11.220213
11.2 11.336536
12.199999 11.515589
11.7 11.857471
11.2 11.256944
10.622879 10.70775
10.609058 11.660301
11.900001 11.992792
13.000009 12.14459
11.400001 11.382258
12.478272 12.453225
13.600039 13.734756
11.7 11.798958
11.2 11.32873
11.7 11.680046
11.8 11.846
11.2 11.394722
12.199999 12.082621
14.2870865 13.632962
9.1 9.482685
11.2 11.265285
11.2 11.259542
11.2 11.52732
12.299998 12.084072
11.3 11.524788
11.900001 11.96858
11.900001 12.077844
11.182751 11.271304
10.40103 11.126621
11.2 11.223198
12.199999 11.733688
11.1 11.535584
11.900001 11.959736
11.3 11.37628
11.747817 12.088435
11.3 11.423857
11.2 11.269422
11.7 12.06253
12.899998 12.420796
11.7 11.738672
11.8 12.766386
11.5 11.5355625
10.1 10.204373
13.1 13.8144455
11.1 11.285218
11.8 11.927412
11.999998 11.853188
11.400001 11.361083
13.79897 13.559769
11.999998 12.483862
11.2 11.279835
11.5 11.667683
11.5 11.708593
11.59485 11.933645
11.3 11.397944
13.1 13.196793
11.2 11.269085
13.000009 13.734137
12.499997 13.268209
11.8 11.896618
11.8 11.921712
11.3 11.423004
11.7 11.852445
11.2 11.356661
11.400001 11.421353
11.5 11.568502
11.1 11.27985
11.2 11.377511
11.999998 12.11698
11.7 12.307965
11.7 11.832418
11.5 11.41099
11.7 11.856478
11.5 11.5493355
11.1 11.250804
11.8 11.785161
11.5 11.430396
11.599999 11.750145
11.5 12.039789
13.336572 13.036653
11.900001 11.807881
10.446788 9.607556
11.2 11.582986
13.200015 12.928972
11.599999 11.5437
11.3 11.532109
11.1 11.197918
12.899998 12.146601
11.1 12.188741
11.400001 11.465555
12.599997 12.424604
13.39303 12.442782
11.900001 11.966914
10.1 11.146267
11.5 11.878868
12.199999 11.857182
11.3 11.355162
11.3 11.352381
11.900001 12.031471
11.5 11.399706
11.5 11.607117
11.599999 11.64211
11.900001 12.00922
12.1 12.841958
11.3 11.347725
11.400001 11.434502
11.7 11.922126
11.2 11.23947
11.2 11.225244
11.2 11.271661
11.599999 11.895297
11.3 11.375607
11.2 11.330179
11.1 11.37487
11.7 11.80035
11.3 11.494065
11.3 11.404045
12.199999 12.22314
11.2 11.293845
11.7 11.435863
11.5 11.608086
11.2 11.062779
13.200015 12.274235
12.1 11.459249
11.8 11.942334
11.599999 11.747075
10.250515 10.907001
11.3 11.285497
12.199999 12.175414
11.3 11.331906
11.5 11.500538
11.5 11.376636
11.1 11.311947
12.299998 11.342073
11.5 11.439387
13.777781 13.630966
11.3 11.40443
12.245087 12.252155
11.999998 11.920702
12.1 11.353323
12.1 11.887742
12.499997 11.76565
11.3 11.431335
10.49794 10.765195
11.999998 12.062198
13.000009 11.738156
10.40103 10.587248
11.5 11.580563
11.599999 11.828201
10.9 10.700755
11.3 11.293899
12.300659 12.782021
10.6 10.651189
11.1 11.219948
11.5 11.936394
11.5 11.574741
11.5 11.910226
11.2 11.476146
10.4 10.625319
13.299971 12.37502
12.499997 12.076369
11.400001 11.230204
11.1 11.178505
11.400001 11.330162
11.8 11.763184
11.2 11.225738
11.2 11.446031
11.400001 11.425225
11.400001 11.42465
11.3 11.400732
11.986056 13.077412
11.2 11.252108
11.400001 11.552015
11.8 11.952193
12.499997 11.54645
11.8 11.98246
11.5 11.667353
12.699998 12.144518
10.9 10.497602
11.8 12.345261
12.1 11.664593
13.953872 12.21298
11.900001 11.999062
11.884098 12.023958
11.1 11.164233
11.599999 11.695404
11.599999 11.886499
11.2 11.271219
15.1 14.76442
11.2 11.293524
12.158986 12.032595
11.2 11.488974
11.2 11.287415
11.2 11.310802
11.5 11.621318
11.1 11.275069
14.21351 14.228443
12.699998 13.056158
10.4 10.615901
13.000009 12.458977
11.599999 11.55707
11.2 11.275873
11.999998 12.096002
13.000009 12.220451
12.668636 12.131419
11.8 11.284519
11.445824 10.89883
11.7 11.831904
11.1 11.196899
11.254902 11.557919
11.2 11.278241
10.1 9.984586
10.40103 10.764479
13.299971 13.114755
11.8 11.923531
11.2 11.201506
11.5 11.955785
11.2 11.239353
11.400001 12.030262
12.499997 12.671473
11.3 11.212129
12.039302 12.359598
11.1 10.440917
11.1 11.170425
11.599999 11.809025
13.600039 13.391981
10.1 10.32013
11.900001 11.9374695
11.400001 11.758579
10.59485 10.847514
13.000009 13.175432
15.999629 16.529125
12.599997 12.486058
11.2 11.243345
11.7 11.765717
11.2 11.722091
11.1 11.482239
11.318286 11.289842
11.7 11.9155
14.805467 12.389571
11.900001 11.75259
10.2 10.4468975
11.900001 11.975391
11.543697 11.528099
12.399998 12.451601
11.1 11.286546
12.799992 12.6539135
11.2 11.272949
11.400001 11.370546
11.400001 11.959911
11.5 11.444934
11.2 11.318262
11.900001 11.959982
11.2 11.307982
11.1 11.170769
11.8 11.840868
11.2 11.236557
12.499997 11.701494
11.3 11.441341
12.719789 11.961939
11.2 11.284
11.1 11.259109
11.177759 11.257373
12.199999 11.63669
11.599999 11.572326
11.900001 11.445884
12.499997 11.638895
11.5 11.712415
11.599999 11.598194
12.399998 12.794832
13.600039 14.154911
13.399989 12.418063
11.2 11.296835
13.299971 13.669518
11.3 12.006126
13.500008 13.806297
11.8 11.939572
11.3 11.563831
12.901632 11.25736
11.2 11.3660755
11.5 11.484584
12.1 12.264304
12.499997 12.012066
11.900001 12.004523
10.3 10.9868145
11.5 11.622345
11.3 11.458294
10.40103 10.404778
11.2 11.267517
11.8 11.91983
11.999998 11.88114
11.400001 11.320106
13.1 12.535887
14.600313 14.348896
12.299998 12.3191
11.2 11.526641
11.999998 11.871769
11.5 11.304589
13.344125 13.307179
15.359637 14.446405
11.5 11.400362
11.2 11.235889
9.79897 10.065304
11.900001 12.043011
11.400001 11.5239525
11.719789 11.785551
11.2 11.59333
11.599999 11.631008
11.1 11.156421
12.699998 13.520901
9.79897 9.970937
10.1 10.934057
11.1 11.131497
11.5 11.395801
12.199999 12.124928
11.2 11.368317
11.2 11.318168
11.986056 11.610363
11.3 11.3860855
11.2 11.213543
11.508935 11.470731
10.79897 10.000079
10.1 11.497532
9.79897 10.036761
11.1 11.848318
11.1 11.132198
12.299998 12.317333
11.8 11.9403305
11.7 11.761614
9.70206 9.638662
11.3 11.351415
11.900001 12.055859
12.799992 12.4035015
11.599999 10.762246
11.599999 11.680579
14.999629 12.460917
12.899998 12.061691
11.3 11.715716
15.600313 14.771757
12.199999 12.272562
11.7 11.70263
11.1 11.17679
11.900001 11.947293
13.399989 12.140652
11.599999 11.661204
11.2 11.271504
12.899998 12.567518
11.5 11.484652
11.400001 11.665537
11.900001 12.124103
11.8 11.841003
11.15061 11.697489
10.40103 10.39453
11.2 11.349247
11.5 12.078993
11.2 11.27415
12.399998 12.440337
12.699998 12.012028
11.400001 11.8102455
14.901343 13.699478
11.19691 10.399513
12.314129 11.787475
13.399989 13.834123
13.299971 12.364567
10.70206 10.83732
11.2 11.250153
11.1 11.334419
11.2 11.504334
11.3 11.944365
12.299998 12.513843
14.600313 15.06885
11.999998 12.077871
11.599999 11.297491
11.1 11.1457815
11.400001 11.575309
13.1 13.012463
11.058607 10.225776
11.400001 11.313773
11.900001 11.9764805
11.1 11.178187
11.2 11.340339
11.1 11.3063345
11.3 11.564181
11.3 11.320477
11.900001 11.91298
11.999998 11.971321
11.599999 11.67301
12.155518 10.95261
13.999974 12.945991
11.8 11.353499
14.200179 13.9519615
11.900001 11.78054
10.1 10.412088
12.499997 12.489727
13.70206 14.2250805
11.900001 11.970931
11.3 11.7335615
11.821246 11.931983
11.8 12.027898
11.5 11.543711
11.224938 12.049063
11.1 11.196035
13.1 13.304155
11.900001 11.925285
11.900001 11.928771
11.8 11.93465
11.599999 11.441963
11.1 11.237934
11.3 11.836067
11.1 11.187599
11.7 11.741393
10.321849 10.599596
11.2 11.446819
11.8 11.657385
11.400001 11.467669
11.1 11.238313
11.2 11.424629
11.5 11.572239
11.900001 11.877703
12.1 12.525158
11.2 11.352255
10.40103 10.475449
12.499997 12.094515
11.400001 11.668786
14.1 13.627802
11.900001 11.9453945
12.299998 12.339106
11.2 11.309425
12.699998 12.39995
11.1 11.4856615
11.5 14.143681
11.599999 11.651137
13.000009 12.196847
11.1 11.198576
11.900001 11.986538
11.5 11.5025215
10.3 11.219976
11.2 11.266631
11.999998 11.988985
11.2 11.245966
11.2 11.438237
12.499997 12.613194
11.8 11.659862
11.900001 11.962137
11.1 11.204782
11.599999 11.776852
11.1 11.487101
10.738272 10.736193
11.599999 11.6075735
10.79897 11.001786
13.800057 13.289397
11.5 11.664619
12.699998 12.427784
11.2 11.526339
11.2 11.376215
11.8 11.925119
11.1 11.435259
11.5 11.60484
11.999998 11.509523
11.3 11.195895
11.7 11.434076
13.1 11.835356
11.900001 11.949191
11.999998 12.03405
11.3 11.358655
11.8 11.61371
10.5 10.811502
11.8 11.292651
11.7 11.269207
10.1 11.607014
11.3 11.689028
11.11059 11.205582
13.399989 12.726624
11.1 11.207844
12.299998 13.057548
12.399998 12.123347
11.8 11.944201
14.282827 11.7237015
11.599999 11.623571
11.1 11.367054
11.2 11.250581
11.599999 11.748371
11.2 11.532131
11.900001 11.913066
11.8 11.965534
11.7 11.430874
10.1 11.005934
11.164493 11.153404
11.3 11.4329405
11.2 11.301226
11.2 11.312111
11.999998 11.929234
11.2 11.211117
11.999998 12.462476
11.900001 11.946235
12.499997 12.596346
11.2 11.268637
11.1 11.124216
11.1 11.258103
11.7 11.733498
13.699981 12.617175
11.1 11.249508
12.1 11.76766
12.299998 12.022069
11.5 11.562566
13.075391 11.961254
11.5 11.581249
11.2 11.327284
11.3 11.371184
12.549997 12.342499
11.8 11.968084
11.56133 12.44111
11.2 11.246099
11.900001 12.047931
11.8 11.908033
11.2 11.283461
12.299998 11.67942
11.2 11.174351
10.622879 10.5927305
11.3 11.342943
11.19691 11.74552
11.999998 12.229012
11.2 11.276182
12.89588 11.704662
11.2 11.6271515
10.224938 11.928972
11.8 11.917525
14.1 13.999323
11.5 11.540694
11.3 11.356777
11.2 11.2475605
11.5 11.760708
11.5 11.981345
11.5 11.728304
11.5 11.531782
11.2 11.563867
12.199999 11.659329
12.799992 13.298422
11.5 11.477226
11.1 11.307752
11.2 11.334195
12.299998 12.127719
11.599999 11.79973
11.400001 11.561898
11.2 11.256351
11.400001 11.435074
11.2 11.305048
11.900001 11.650618
11.900001 11.934496
11.900001 12.024672
11.2 11.25996
11.900001 11.957071
11.2 11.294543
11.599999 11.356594
10.40103 11.7084255
11.1 11.276371
11.622879 11.876038
13.299971 13.143218
11.400001 11.455349
11.1 11.635636
11.2 11.295634
11.1 11.2597275
11.5 11.379851
11.900001 12.069637
12.299998 12.319366
11.2 11.325087
11.1 11.270006
11.0 10.84045
11.5 11.556093
11.7 11.732009
11.5 11.478077
11.2 11.340992
11.5 11.792479
13.058607 12.514918
11.2 11.292717
11.400001 11.468707
11.900001 11.774544
12.299998 13.409058
11.900001 11.97953
11.7 12.236399
11.2 11.274027
11.900001 11.950886
11.2 11.40031
11.2 11.289987
11.7 11.796385
11.599999 11.48889
11.900001 12.009121
11.8 11.899799
11.400001 11.259319
12.742065 12.64086
11.3 11.428757
11.2 11.539915
12.699998 12.505585
12.699998 12.862955
11.1 11.668438
11.1 11.225058
11.3 11.407373
11.2 11.333602
11.7 11.603855
13.000009 11.930159
11.999998 12.22782
11.5 11.415279
11.599999 11.601976
11.7 11.303398
11.3 11.463525
11.40103 11.5469885
12.499997 12.034945
11.7 11.7201185
11.1 11.039608
12.399998 12.281217
10.9 10.549614
11.1 11.959967
11.400001 11.507071
11.999998 12.04229
12.1 12.314352
11.5 11.555521
11.7 11.923514
12.499997 12.615553
11.2 11.170702
11.999998 12.1166115
11.3 11.541595
13.000009 11.806768
11.2 11.4353075
11.900001 11.9227495
10.3 10.651906
11.2 11.355715
11.900001 11.932012
11.8 11.335148
11.900001 11.995198
11.599999 11.694156
11.204387 11.406286
10.622879 10.735767
15.1 13.101751
11.900001 11.931808
13.299971 13.137166
11.2 11.304845
11.2 11.319251
10.622879 10.700175
11.8 12.009594
11.7 11.752688
12.1 11.906589
11.2 11.4460745
11.2 11.298434
11.999998 12.002016
12.299998 11.387592
11.2 11.256078
13.000009 12.683516
11.2 11.369693
11.999998 12.06422
13.999974 13.136873
11.5 11.316243
12.699998 12.150758
13.600039 13.101246
12.1 12.566071
13.600039 12.874652
11.7 11.797226
11.900001 11.991039
13.200015 13.267549
11.2 11.240057
13.336572 12.822618
11.999998 11.372937
11.2 11.634265
10.622879 10.622432
11.2 11.235083
11.3 11.3056345
11.1 11.238809
12.499997 12.707641
11.1 11.215947
11.7 11.854854
12.399998 11.917076
11.2 11.662071
11.2 11.3497095
11.2 11.341412
11.5 12.222385
11.2 11.271394
11.5 11.417428
11.5 11.540585
11.7 11.6484
11.7 11.699753
11.400001 11.414297
11.2 11.314941
11.2 11.40233
11.900001 11.985893
11.2 11.494154
11.999998 11.346488
11.5 11.900948
11.599999 12.615402
11.1 11.191408
12.399998 12.347299
11.599999 11.637707
11.19691 10.569408
11.7 11.817743
12.299998 11.975571
12.699299 12.589481
11.5 11.6784725
11.900001 11.929634
11.999998 11.951715
11.599999 11.682047
11.5 11.492323
11.8 11.914458
11.1 11.333129
12.499997 12.43584
11.5 11.644703
11.7 11.835104
10.7 10.935271
12.599997 12.010073
11.3 11.406256
11.3 11.76011
11.900001 12.100632
12.199999 12.002349
11.599999 11.362855
12.699998 12.402322
11.599999 11.611336
11.8 11.903011
11.400001 11.449523
12.199999 12.230516
11.400001 12.127635
13.399989 12.070864
11.900001 12.386399
11.599999 11.594547
12.399998 12.306378
11.1 11.302938
13.500008 12.588555
11.1 11.36458
11.2 11.225505
11.900001 11.956241
11.254902 11.655462
11.8 11.500375
11.2 11.537903
11.999998 12.511034
11.2 11.249781
11.900001 12.206726
11.2 11.533377
11.900001 11.680509
10.777781 9.995849
11.5 11.505345
11.900001 11.3966255
10.622879 10.483238
13.200015 11.3312235
11.49794 10.9742775
11.900001 12.468178
13.1 13.499334
11.1604805 11.09441
11.3 11.400257
11.1 11.656899
11.2 11.935994
11.2 11.3232765
11.3 11.454954
10.9 10.582888
11.8 11.912214
10.3 10.124474
11.900001 11.954385
10.923909 11.178561
13.699981 11.931101
11.5 11.511299
11.5 11.665075
11.3 11.2857485
11.7 12.280671
11.7 11.593927
11.1 11.480477
10.40103 10.957157
11.2 11.329705
11.599999 11.819929
11.599999 11.358639
11.12048 11.243844
12.1 11.949745
10.622879 10.776852
11.8 11.663201
12.199999 13.092261
13.699981 13.527402
12.589455 12.780937
11.599999 11.623594
11.3 11.31607
11.900001 11.970486
11.2 11.346681
11.999998 12.136259
11.476309 11.263079
10.549771 11.426337
12.399998 11.9602
11.900001 11.912577
10.938632 11.036187
10.9 10.505328
10.4 10.715307
12.699998 12.645171
12.299998 12.30468
11.999998 12.69508
13.399989 13.298448
11.900001 12.132862
13.1 11.216866
14.200179 12.620157
9.79897 10.004245
10.40103 11.5167465
11.400001 11.729622
11.8 11.893496
11.2 11.355452
11.400001 11.478747
11.5 11.579524
13.191515 12.93591
10.70206 10.657791
11.3 11.62937
13.299971 13.790852
11.999998 11.965259
11.2 11.268266
11.5 11.675018
11.1 11.297361
12.1 12.304071
12.199999 11.801238
11.1 11.343247
13.500008 13.304398
11.7 11.895274
11.1 11.195705
11.2 11.660217
10.242667 9.97535
11.8 12.037881
10.577556 11.022927
11.1 11.15113
10.555932 10.533487
13.999974 12.135347
11.900001 12.354006
11.7 11.705576
11.1 11.229068
11.7 11.984203
11.2 11.332678
11.2 11.221699
11.1 11.925072
11.900001 11.805608
11.3 11.65341
10.2 10.4902115
11.900001 11.966473
11.2 11.190344
11.2 11.602722
11.5 11.759895
12.499997 12.259502
11.1 11.190471
10.5 10.502798
10.869551 10.6338005
11.2 11.472243
11.8 11.957844
11.7 11.780721
11.400001 11.500465
11.599999 11.649123
11.3 11.7183
11.8 11.749415
11.3 11.592184
11.2 11.301229
12.199999 12.049388
11.2 11.380542
12.199999 11.988785
11.7 11.942759
13.200015 13.074928
11.8 11.783791
10.70206 10.76248
11.2 12.051731
11.1 11.373626
11.5 11.539042
11.3 11.642449
11.400001 11.119373
12.799992 13.324287
11.999998 12.970423
11.900001 11.945421
11.40103 11.760488
11.1 11.256397
11.2 11.463701
11.2139435 10.88753
11.2 11.203491
11.8 12.525669
11.3 11.456238
11.599999 11.327353
12.499997 12.246714
12.1 11.734567
14.700326 14.256844
11.400001 11.380041
13.219187 11.873305
12.599997 12.622499
11.1 11.21005
11.900001 11.780813
11.1 11.431256
11.1 11.225934
11.8 11.934032
14.254902 14.337528
13.699981 13.747656
12.1 11.768771
11.8 12.04284
12.1 12.583518
10.555932 10.6597
11.3 11.374441
10.058607 10.151098
11.1 11.117575
13.200015 12.426822
13.622879 12.386033
11.900001 12.020739
13.1 12.83432
13.699981 12.214621
11.400001 11.440454
11.599999 11.888955
11.1 12.318039
10.1 11.214962
11.2 11.329923
11.1 12.107091
11.2 11.418753
11.239147 11.704697
11.599999 11.688879
11.1 11.160431
11.900001 12.194086
11.400001 11.508991
12.599997 11.890703
11.900001 11.944599
11.2 11.275134
11.1 11.257332
11.3 11.391654
11.900001 11.980974
11.3 11.388956
12.399998 11.485203
11.986056 11.035379
11.8 12.090324
11.2 11.2770405
14.1 14.0664
11.5 11.566925
11.1 11.080235
13.800057 12.269052
11.5 11.759224
10.242667 10.835362
11.2 11.505086
12.299998 11.613425
11.8 12.10664
11.5 11.717057
11.1 11.139553
11.7 12.013491
11.7 11.74428
11.7 11.764635
11.520216 11.202593
13.1 12.000444
11.349999 11.610356
11.400001 11.553495
11.2 11.359974
11.7 12.007608
13.800057 11.618336
11.400001 11.346014
11.400001 11.676132
11.400001 11.890406
11.7 11.206917
11.2 11.263661
11.599999 11.713217
12.668636 12.280273
11.2 11.352339
11.400001 11.541788
11.999998 12.044485
14.1 12.826135
11.900001 12.08396
11.1 11.230589
11.900001 11.619337
11.1 11.0977745
12.399998 12.060986
11.1 11.184877
12.699998 12.330004
12.199999 11.870471
12.499997 11.952694
11.2 11.408128
11.2 11.334924
12.599997 12.903017
11.2 11.249209
11.8 11.661535
12.499997 12.2983
11.2 11.326614
11.2 11.348672
12.799992 12.033249
11.2 11.298449
11.999998 12.142648
13.321849 13.233412
10.145758 9.979902
11.900001 11.255706
11.5 11.523178
11.1 11.450743
11.1 11.222714
11.999998 12.080923
11.1 11.207556
11.999998 11.984665
11.400001 11.537053
12.1 12.493767
12.1 11.66387
11.900001 12.089955
11.2 11.453716
11.900001 11.95692
12.699998 12.985987
11.5 11.401665
11.8 11.896557
11.999998 12.01779
13.299971 13.452553
11.5 11.984287
11.3 11.46688
11.2 11.251615
11.1 11.22611
11.999998 12.034997
11.900001 12.024618
11.5 11.590966
11.2 11.273976
11.900001 11.792595
11.999998 12.093072
11.2 11.308982
11.5 11.559854
11.999998 11.989609
11.999998 12.014665
11.999998 11.973202
12.399998 12.218714
12.239662 11.957066
11.8 11.824001
12.299998 12.145953
10.3 10.472654
11.2 11.309357
14.500117 13.605362
14.79897 14.034142
11.35 11.551366
11.0 10.257252
11.900001 12.493733
11.5 11.666275
11.2 11.23085
11.1 11.176203
11.8 11.836641
11.5 11.268443
11.8 11.995538
11.7 11.893461
11.599999 11.625319
11.1 11.18153
10.805533 12.177869
11.3 11.407408
10.70206 10.74312
11.2 11.333575
11.1 11.204238
13.000009 12.937979
11.2 11.315816
11.2 11.281949
11.1 11.232341
13.1 13.366424
12.1 11.331768
11.280576 11.358775
10.1 10.623234
11.2 11.413515
11.599999 11.954643
11.2 11.210279
11.1 11.163973
11.400001 11.841551
11.900001 11.59897
14.500117 14.166242
10.622879 10.761235
11.7 11.851328
11.3 11.387582
11.5 11.772877
11.400001 11.332161
10.40103 11.034146
11.3 11.351535
11.8 11.934458
12.499997 12.555138
12.850003 11.786718
13.219187 11.88163
11.1 11.151964
11.3 11.556288
11.599999 11.316279
12.399998 12.546176
11.2 11.209586
11.5 11.591285
11.2 11.501579
11.900001 11.785067
10.5 10.890401
11.599999 11.734011
11.2 11.288752
12.399998 11.666233
11.2 11.210393
11.1 11.29613
11.400001 11.159555
12.199999 13.104935
11.599999 11.993239
12.599997 12.065226
11.2 11.419632
13.986056 13.329323
11.8 11.930185
11.3 11.316011
13.399989 13.438316
11.2 11.360313
11.2 11.573908
10.3 10.849074
11.8 11.925804
11.2 11.265795
11.5 11.469424
10.79897 10.633372
11.5 11.40896
12.1 12.058587
11.8 11.848078
11.900001 11.896114
11.999998 12.007801
11.7 11.66241
11.7 11.437698
12.601689 12.71783
11.5 11.68218
11.1 11.233237
11.2 11.376751
11.2 11.182907
11.202373 11.325475
10.872113 10.35356
11.400001 11.62715
11.2 11.392309
10.40103 11.103218
12.190621 11.9269085
10.1 11.37465
11.5 11.586623
11.2 11.356582
11.1 11.369743
10.3 10.241528
11.8 11.906933
11.79897 11.45407
11.900001 11.979066
11.400001 11.371273
11.599999 11.558371
10.5 10.542849
10.40103 11.013263
14.1 13.50321
11.8 11.9392185
11.5 11.503647
11.2 11.3453665
13.600039 13.14966
11.900001 11.761166
11.8 11.9439945
11.400001 11.424377
11.900001 12.171537
12.199999 12.261854
11.7 11.791964
11.2 11.46764
11.7 11.821285
12.299998 12.229253
11.2 11.159401
12.399998 12.006899
11.273925 11.2902975
11.999998 11.822013
12.807404 12.333923
11.999998 12.04483
9.47675 9.903002
11.1 11.185444
13.500008 12.67219
13.650009 13.777965
12.651294 12.284756
11.900001 12.43295
11.8 11.957329
13.999974 11.986505
11.2 11.271888
11.5 11.504954
11.3 11.471209
11.2 11.363531
13.1 13.849775
11.5 11.652464
11.999998 11.663508
11.289096 11.476456
13.622879 13.524237
11.599999 11.756644
11.900001 11.954662
14.600313 13.680723
11.3 11.295726
11.2 11.285295
11.5 11.230652
11.599999 11.627404
13.500008 13.200307
12.1 11.257101
11.3 11.363613
12.299998 11.916714
11.1 11.241616
11.1 11.29142
11.2 11.2841
10.1 11.414015
13.000009 13.185705
11.599999 11.344458
14.881657 12.298472
11.2 11.235785
11.900001 12.092901
11.999998 11.94204
12.1 11.678429
12.599997 11.846951
12.499997 13.220585
11.40103 11.370418
11.900001 11.967453
11.5 11.592947
11.8 12.706507
11.900001 11.923031
11.599999 11.729056
12.799992 12.128592
11.2 11.286659
11.7 11.356592
11.3 11.441538
11.1 11.255993
11.3 12.598328
11.3 11.612242
11.8 11.914412
11.3 11.380208
11.8 11.979746
11.900001 11.554525
11.104364 11.813699
11.15 11.515166
11.5 11.869361
11.1 11.229916
11.1 11.785033
12.599997 12.914041
11.1 11.369621
11.400001 11.433739
12.399998 11.913438
11.1 11.332803
12.149149 12.152533
11.7 11.770636
11.1 11.049009
11.900001 11.989721
11.1 11.304808
10.1 10.680981
11.900001 12.010142
11.2 11.379183
11.2 11.274614
12.1 11.311549
12.599997 12.430689
11.2 11.24059
10.622879 10.631972
12.899998 13.672704
13.000009 12.346513
11.400001 11.491951
12.899998 12.579617
11.3 11.398897
11.400001 11.354188
11.400001 11.375204
11.400001 11.931677
11.999998 11.919361
11.8 11.925474
11.5 11.596284
11.1 11.600866
11.3 11.362179
11.3 11.393502
11.1 11.235679
13.299971 12.155184
11.7 11.776543
11.5 11.433815
11.5 11.696249
13.600039 12.707202
11.5 11.534765
11.5 11.618256
11.685027 11.094326
10.5 10.536157
11.599999 11.506086
11.2 11.349487
11.599999 11.7052765
11.1 11.256318
12.699998 12.874264
11.8 11.931879
11.5 11.489095
11.3 11.742795
11.599999 11.492588
11.5 11.420957
13.200015 11.790208
11.400001 11.492922
11.986056 12.306448
12.1 12.378683
11.400001 11.377097
11.2 11.313625
11.2 11.324406
11.900001 11.878499
12.392429 11.7061825
13.399989 12.367612
11.2 10.58298
11.2 11.398682
12.601689 12.775856
11.2 11.245178
12.1 11.988649
11.8 11.915653
10.165502 12.5260935
11.2 11.267252
12.499997 11.857948
12.899998 12.466576
11.2 11.282346
14.351812 14.313561
14.500117 14.121124
11.999998 11.8355255
10.70206 10.727621
11.5 11.668227
11.5 11.565294
11.5 11.766318
11.5 11.909013
11.599999 11.844746
13.200015 12.758825
12.485103 11.796705
11.7 11.922514
11.2 11.843271
11.2 11.362016
11.900001 12.028613
12.499997 12.395451
11.8 11.589726
11.2 11.412945
11.900001 11.936865
11.1 11.155783
12.399998 13.512112
11.999998 11.986212
11.999998 12.030783
12.40103 10.907631
11.900001 12.020313
11.2 11.330206
11.5 11.712834
13.500008 12.397407
11.400001 11.54665
12.399998 12.605635
11.2 11.377008
11.900001 11.669919
11.2 11.344551
11.3 11.397823
12.199999 12.064895
12.299998 12.435354
11.8 11.922737
11.1 11.262187
10.6 10.6876955
11.1 11.250924
11.3 11.508286
11.1 11.267581
11.3 12.005197
11.400001 11.471214
11.900001 12.037003
11.7 11.743471
13.1 12.164354
11.1 10.855104
13.254902 13.248686
11.738272 12.025553
11.8 11.576433
13.800057 13.40764
11.5 11.409165
11.1 11.110816
11.1 11.295485
11.5 11.675161
14.600313 14.643643
11.599999 11.740097
12.699998 13.085734
11.1 11.164248
10.79897 10.015377
11.1 11.336126
12.1 12.138163
11.1 11.216391
11.1 11.026566
11.5 11.47504
11.999998 11.960228
11.2 11.257446
14.200179 14.236876
13.4372425 12.574289
12.499997 12.254034
11.5 11.493055
12.399998 11.3045025
11.1 11.273681
11.400001 11.408924
11.1 11.205347
10.1 9.968959
11.5 12.15811
11.923909 12.38075
13.399989 13.335678
11.622879 12.5457535
11.7 12.188279
11.2 11.299549
11.1 11.208006
11.599999 11.740788
11.581486 11.409959
13.200015 12.210907
12.899998 13.235786
11.2 11.448048
11.3 11.887914
12.699998 12.762498
12.685027 12.469871
11.999998 12.0286255
11.8 11.873936
10.2 10.499075
11.2 11.386526
12.299998 11.322634
11.1 11.123175
11.400001 11.540731
12.299998 12.191593
11.2 11.3108425
11.5 11.510298
11.1 10.725654
11.599999 11.673098
11.2 11.330355
11.400001 11.579022
11.2 11.352761
13.531798 12.647949
11.1 11.145363
11.599999 11.670792
12.1 13.520252
11.2 11.138788
11.900001 11.969519
12.299998 11.418892
13.800057 13.297744
13.200015 12.135147
11.999998 12.02169
11.1 11.489726
11.900001 12.659868
13.299971 13.272054
11.2 11.291086
12.199999 12.010404
13.800057 13.717724
11.599999 11.656747
11.8 11.834354
11.7 11.664051
11.2 11.399947
11.8 11.678928
11.8 11.989709
11.1 11.237875
11.498559 11.358915
11.3 11.366481
12.1 11.928617
11.1 11.3839245
11.5 11.79098
11.999998 12.04219
11.599999 11.756334
10.40103 10.765599
11.900001 11.868835
11.2 11.253237
12.8447275 12.536148
13.000009 12.220047
11.3 11.534231
11.900001 11.957181
11.2 11.541576
11.2 11.533284
11.1 11.331953
11.3 11.479345
11.8 12.1623
11.667832 12.247745
11.1 11.334456
13.000009 12.283455
11.599999 11.3722
11.2 11.380396
11.900001 11.973635
12.199999 11.976095
11.999998 11.969501
10.622879 10.833937
10.79897 11.07256
11.932683 12.400445
12.199999 11.929571
11.2 11.677866
11.900001 11.96647
11.020819 11.716064
11.8 11.828533
11.7 11.81536
12.199999 12.001207
11.900001 12.138086
11.2 11.335294
14.1 14.095594
11.900001 12.177172
11.3 11.593708
14.299971 13.358751
11.2 11.373948
11.599999 11.728391
11.5 11.562012
11.400001 11.536545
11.3 11.927936
10.8 10.788518
11.2 11.339117
11.900001 12.03209
14.321849 13.340507
11.900001 11.96855
11.5 11.599537
13.399989 13.8856125
11.3 11.6222515
11.7 11.231759
11.2 11.335439
12.953999 12.544849
11.2 11.291788
11.1 11.07896
11.1 11.27174
11.3 11.420785
11.5 11.656265
11.1 11.251154
11.8 11.7607975
13.899971 13.87203
11.5 11.760981
11.999998 12.067423
12.699998 11.209731
11.900001 11.946856
11.2 11.305748
11.999998 12.050596
11.8 11.841577
12.799992 12.418968
11.900001 11.967897
11.1 11.156572
12.499997 11.396385
11.8 11.844594
11.2 11.336565
13.699981 13.625384
12.299998 14.5181675
11.8 12.013958
11.1 11.113067
11.2 11.3113165
10.5 10.732092
11.900001 11.951959
11.400001 10.424316
11.3 11.520079
11.1 11.169747
12.899998 12.706682
12.299998 12.062699
11.70103 11.794762
11.400001 11.493032
11.3 11.416632
11.8 11.901432
12.1 12.052899
13.200015 12.588922
11.400001 11.5059
11.5 11.634008
11.900001 11.977458
11.3 11.37566
11.8 11.921289
11.400001 11.679121
11.40103 11.293642
11.1 11.355055
12.699998 12.827713
11.5 11.627665
11.1 11.168033
11.900001 11.766098
12.71261 12.562151
12.499997 11.283076
13.699981 11.970445
11.49794 11.414547
11.599999 12.449126
12.799992 12.107193
13.531798 12.751787
11.2 11.211234
11.2 11.211941
11.3 11.404287
11.8 11.907465
11.3 11.536418
11.1 11.325005
11.400001 11.457941
12.199999 12.252848
11.8 11.776425
11.599999 11.871458
10.2 10.305758
11.1 11.348706
11.2 11.304754
10.1 10.002164
10.70206 11.387718
11.3 11.619998
11.1 11.226412
11.900001 11.599112
11.3 11.569478
11.1 11.23679
12.537707 12.219002
11.599999 11.665874
10.555932 10.728213
11.5 11.540241
11.1 11.2722845
11.400001 11.499189
12.869551 12.373183
11.7 11.710461
11.400001 11.448077
12.599997 12.332647
12.199999 12.112255
11.400001 11.895731
11.2 11.392004
14.652842 12.879102
11.1 11.260816
11.7 11.439217
12.324754 11.992429
11.1 10.881292
11.2 11.337445
11.2 11.2904005
12.499997 12.084699
11.400001 11.577297
11.1 11.254425
11.2 11.597574
11.8 11.903168
12.1 11.761323
14.1 14.310669
11.999998 11.942537
12.812984 10.963133
11.3 11.351633
12.1 11.872459
11.400001 11.548528
11.599999 11.668744
11.900001 12.263412
11.999998 12.0123005
11.7 11.886247
11.999998 11.976602
11.2 11.2762985
11.669136 12.249334
11.900001 11.645574
11.5 11.432959
11.84958 11.415551
11.900001 11.945637
11.7 11.712318
11.5 11.762476
11.2 11.226072
11.900001 12.271418
11.5 11.56561
11.2 11.288486
13.600039 12.832672
11.923909 11.321253
11.900001 11.971452
11.254902 11.679378
11.2 11.520027
11.7 11.982129
11.900001 12.213991
11.5 11.502296
11.900001 12.012785
11.3 11.337725
13.299971 11.987881
11.999998 11.687826
11.2 11.37034
11.900001 11.496396
11.1 11.2281475
11.900001 11.928146
13.899971 11.372688
11.900001 11.982108
10.1 10.401566
11.5 11.733339
14.236677 14.249042
9.40103 9.504526
11.7 11.749479
11.400001 11.373245
11.8 12.123942
11.599999 11.419831
11.3 11.368889
11.7 11.912273
11.2 11.349477
11.8447275 11.592091
11.5 12.129581
12.1 12.265752
9.79897 9.988309
12.7090645 13.873474
11.3 12.181974
11.2 11.25877
11.5 11.659807
12.1 11.774769
10.4 10.539496
10.40103 10.274036
11.7 12.026598
11.900001 11.943155
12.1 12.8888
12.399998 12.279522
11.2 11.392399
11.900001 11.781246
13.699981 13.758506
11.599999 11.643957
9.893174 10.098155
11.3 11.419192
11.900001 12.160112
13.49794 13.162352
11.8 11.977919
13.500008 13.180624
12.799992 13.101917
13.800057 13.527084
14.200179 14.198412
11.599999 11.539163
11.5 11.633539
11.3 11.369328
10.1 10.182086
11.696879 11.897815
11.8 12.251013
11.79897 12.344661
11.699999 12.2457695
11.3 11.42884
11.8 12.041485
11.5 11.625847
12.699998 11.920831
11.5 11.575968
12.399998 12.17724
11.2 11.147883
11.2 11.669853
12.359637 12.223595
11.900001 11.939684
11.5 11.64418
10.4 10.623079
16.141392 14.588043
13.399989 13.3175335
11.7 11.380182
15.1 14.282239
11.1 11.206246
11.599999 11.692503
11.3 11.375035
13.200015 12.194004
11.999998 11.8354435
11.7 11.396078
11.8 11.899039
12.199999 12.181112
11.3 11.318201
11.2 11.321737
13.899971 12.251472
11.567883 11.14349
11.900001 11.990944
11.900001 11.966448
11.3 11.723276
11.1 11.101505
11.8 12.074261
11.8447275 12.040233
11.3 11.469464
11.1 11.258674
10.40103 10.516627
11.652842 11.700853
11.2 11.292792
11.900001 11.987877
11.2 11.324861
11.7 11.944042
11.3 11.229481
12.699998 11.223162
11.5 11.529118
11.900001 12.034056
11.7 11.677723
12.699998 12.054366
11.3 11.300292
11.5 11.574364
14.299971 14.06632
12.1 11.929725
11.7 11.792061
11.900001 11.535524
12.199999 12.391791
11.1 11.222422
11.7 11.333079
13.21351 12.208948
10.1 9.769679
11.5 11.475299
11.5 11.781336
11.2 11.279108
11.900001 11.985333
11.900001 11.814213
13.399989 12.934933
10.40103 10.568029
11.5 11.641383
11.900001 11.421112
10.79897 10.819628
12.1 11.9041605
11.5 11.540763
11.3 11.61621
11.1 11.267329
11.999998 11.916806
11.3 11.340568
11.8 11.878522
12.599997 11.856592
11.599999 11.954702
12.199999 12.572447
11.400001 11.395857
11.1 11.206523
11.1 11.082275
11.999998 11.934859
11.2 11.35479
12.299998 12.173161
12.199999 12.339512
11.1 11.164276
11.999998 11.654001
11.8 11.729368
11.5 11.646895
11.7 11.7471485
10.1 11.266809
11.2 11.308218
10.351812 10.43122
11.1 11.183698
11.1 11.217251
11.1 11.301956
11.3 11.3579645
11.2 11.319737
12.633132 12.491528
12.499997 13.041471
11.999998 12.205921
11.2 11.240333
11.999998 11.964057
11.400001 11.588522
11.400001 11.48302
11.400001 11.514779
11.400001 11.4550495
11.1 11.123177
11.999998 11.596887
11.599999 11.370314
11.400001 11.429502
12.1 13.100369
11.3 11.418736
11.2 11.386437
11.2 11.1712265
11.058607 12.328765
11.900001 11.936161
11.1 11.350534
11.5 12.03253
11.1 11.216209
11.2 11.238225
11.8 12.31407
10.40103 10.449384
11.7 11.708184
11.900001 12.5258665
11.2 11.352279
11.1 11.310129
11.5 11.419628
11.8 11.64394
10.777781 11.33174
11.3 11.253472
11.5 11.625575
11.900001 11.986196
11.7 11.683613
14.814443 11.314434
11.5 11.807161
11.1 11.196906
11.3 11.36196
11.400001 11.724386
11.3 11.521906
11.599999 11.574869
10.3 10.595805
11.3 11.473275
11.5685215 11.602831
10.581486 10.710732
11.7 11.623132
12.953872 13.12558
11.900001 11.979897
11.1 11.261978
11.2 11.310255
11.7 11.767344
11.599999 11.721441
11.400001 11.699637
11.3 11.661525
11.4 11.7606125
12.899998 13.483296
11.1 11.246288
13.487216 13.100914
13.500008 12.303419
11.8 11.493984
11.1 11.35146
11.599999 11.518724
11.999998 11.9949875
12.1 12.455391
13.999974 12.730437
12.70206 11.438561
11.3 11.395808
11.900001 11.614811
12.1 11.645885
12.1 12.430358
10.3 10.709972
11.900001 11.998033
11.2 11.304589
11.7 11.766291
11.8 11.719145
11.5 11.613684
11.5 11.748898
11.999998 12.187573
11.1 11.280502
11.3 11.459169
11.869551 12.18961
11.3 11.463098
13.1 13.561172
11.400001 11.575539
11.8 11.660777
11.1 11.158533
11.1 11.2381935
11.2 11.300268
11.1 11.28581
10.3 10.248443
10.70206 10.740215
11.999998 12.028345
12.299998 12.304678
11.599999 12.160416
10.40103 10.514757
11.5 11.428944
11.900001 11.771936
12.1 11.502035
11.5 11.439803
10.1 9.878559
11.7 11.6251335
11.400001 11.478444
11.999998 12.087032
11.8 12.361666
11.999998 11.953432
11.2 11.333712
11.900001 12.110704
11.8 11.967269
11.5 11.61268
11.999998 12.161442
11.1 11.231034
11.1 11.5506115
11.7 11.858202
11.400001 11.249846
10.078811 10.087249
11.8 11.914162
11.599999 11.711939
11.2 11.225951
11.3 11.425241
11.999998 12.573169
11.5 11.434339
11.3 11.844016
11.400001 11.3664055
11.5 11.511948
11.7 11.722421
11.1 11.346217
10.70206 10.80579
11.427902 11.55981
12.899998 13.51813
11.8 11.907973
11.999998 12.081767
13.399989 13.16433
11.3 11.458967
13.299971 12.997805
12.1 12.439133
11.1 11.208982
10.5 10.726815
11.3 11.785929
11.599999 11.55514
11.7 11.627581
11.1 11.258656
10.79897 11.081404
13.600039 12.119928
11.1 11.250193
11.1 12.806917
11.8 11.942354
11.2 11.28222
12.199999 11.940411
11.2 11.264189
11.900001 11.954437
13.1 13.061495
11.900001 11.966852
11.2 11.288534
11.1 11.197786
11.5 11.385479
11.1 11.143327
12.699998 12.516772
11.1 11.06104
11.2 11.347305
11.2 11.180675
13.200015 13.318651
10.4 12.171334
11.1 11.1740885
11.7 11.825669
11.900001 12.0378475
10.2 10.555714
11.2 11.27057
12.1 11.929269
11.1 11.519516
11.2 11.205385
11.2 11.252731
11.5 11.477322
13.600039 14.107868
11.2 11.277702
12.199999 12.333397
13.500008 13.327194
11.2 11.252488
11.5 11.438574
11.8 11.78806
11.8 11.889423
11.8 11.967741
11.400001 11.568714
11.3 11.415632
11.599999 11.568015
11.900001 12.094205
11.2 11.217059
11.599999 11.953714
11.900001 12.019379
11.2 11.22275
11.020819 11.142719
12.299998 12.543177
9.70206 9.73851
12.299998 12.16007
11.400001 11.369375
11.3 11.529616
11.5 11.335315
12.1 12.054182
12.299998 12.149818
11.2 10.931751
11.7 11.627634
11.1 11.451531
11.2 11.212558
12.799992 13.779142
11.8 11.935646
11.7 11.738018
11.599999 11.728708
10.1 10.464369
11.5685215 11.291757
9.79897 9.924248
11.8 11.993355
11.329148 11.241347
12.699998 12.218232
11.2 11.244655
10.923909 11.180024
13.800057 12.466292
11.3 11.471775
11.5 11.932215
11.5 11.729216
10.1 10.386417
11.400001 11.491809
11.8 11.937138
10.2 10.985522
11.400001 11.419779
11.599999 11.683201
11.3 11.291273
11.2 11.342311
11.5 11.494789
12.499997 12.340952
11.900001 11.925889
11.3 11.452819
11.8 12.229664
11.1 11.2250395
12.699998 12.138262
10.47675 10.556159
11.1 11.254326
13.899971 12.656554
11.5 11.527597
12.599997 11.844025
11.5 11.610397
11.2 11.389586
13.500008 12.422726
13.1 14.029001
12.877283 12.58951
10.7 10.412365
10.70206 10.93691
11.2 11.382579
11.8 11.911086
11.5 11.665365
11.3 11.35569
11.599999 11.403188
11.8 11.579519
10.622879 10.628229
11.999998 12.094864
11.900001 11.997238
11.5 11.606646
11.3 11.457345
11.543697 13.026281
11.400001 11.454479
12.399998 11.629198
11.599999 10.27531
11.8 11.919436
12.199999 11.682697
11.2 11.306717
11.8 11.944056
11.1 11.175922
11.1 11.233754
12.199999 11.951676
11.2 11.420493
11.400001 11.544113
14.1 13.983241
11.5 11.314171
11.7 11.745506
11.520216 11.315875
11.3 11.899279
11.1 11.669639
13.899971 14.052739
12.199999 11.770733
11.5 11.588476
11.3 11.423696
11.8 12.899973
13.299971 12.250564
11.2 11.3069315
11.900001 11.898754
11.699999 12.206327
11.400001 11.703707
11.900001 12.021628
11.8 11.574904
11.8 11.897062
11.400001 11.154637
12.543697 12.212547
12.1 12.180775
11.999998 12.070403
11.2 11.346385
12.555932 12.620657
11.2 11.329466
11.3 11.315084
12.499997 12.011288
12.248742 12.974386
11.3 11.361017
11.5 11.838884
11.3 11.520577
11.3 11.332182
11.400001 11.539438
11.2 11.277481
14.400163 13.261773
12.299998 12.184287
11.1 11.345906
11.3 11.467251
10.622879 11.732801
11.8 11.940811
11.5 11.586087
10.5 10.396366
11.3 11.384635
11.2 11.259916
11.900001 11.35331
11.900001 11.972935
11.2 11.22706
11.1 11.192317
11.2 11.508071
11.900001 11.947568
11.1 11.210337
11.1 11.172137
11.2 11.476691
11.900001 12.234581
11.2 11.292748
10.2 9.806335
11.400001 11.94548
11.5 12.1106825
11.2 11.231395
12.199999 11.855223
11.1 11.3247795
11.5 11.171385
11.900001 12.000075
11.3 12.158718
11.400001 11.518665
11.900001 11.993879
11.900001 11.420896
11.7 12.335785
11.7 11.278785
11.900001 12.170383
11.3 11.436263
11.3 11.561487
13.500008 13.502285
11.2 11.360699
11.7 11.690708
13.600039 13.369026
10.1 11.625013
14.5685215 14.46505
12.899998 12.453457
11.2 11.291267
11.5 11.621146
12.499997 12.135643
11.1 11.159869
10.70206 10.712332
11.900001 11.945721
11.8 11.9230175
12.1 12.077215
11.2 11.317948
11.2 11.300605
11.900001 12.006278
11.5 11.848928
14.1 14.412358
13.299971 13.05719
11.8 12.020657
11.599999 11.848382
11.5 13.174446
11.821246 11.147955
11.1 11.370573
9.40103 9.5723505
11.5 11.596624
11.400001 11.4030075
11.8 11.635695
11.900001 11.821204
12.199999 11.740822
13.191515 12.883528
12.1 11.331928
12.668636 12.869217
11.1 11.249786
11.599999 11.678658
12.699998 12.067611
11.900001 11.943775
11.5 11.585582
11.1 11.23459
11.8 11.491503
12.1 11.648897
11.5 11.767303
13.600039 11.697384
11.599999 11.91202
11.8 11.862376
11.400001 11.421945
11.900001 12.034091
11.7 11.575251
11.900001 11.956463
11.1 11.167118
11.400001 11.645225
11.5 11.760109
11.2 11.307888
11.3 11.42007
11.18302 12.284491
12.799992 12.652493
11.900001 11.951256
11.1 11.951473
13.699981 13.425848
12.899998 12.427741
11.1 11.360366
11.180922 11.233504
13.699981 13.178523
11.1 11.190836
11.3 11.475517
10.622879 10.674051
11.1 11.021748
10.40103 11.441502
11.1 11.078833
12.499997 12.546121
11.999998 11.967012
11.599999 11.728768
11.7 11.727292
11.8 11.874465
11.3 11.087192
11.1 11.14905
11.3 11.410057
11.400001 11.349642
13.000009 12.998882
13.1 12.956867
10.7 10.716068
11.719789 12.249222
11.2 11.4629345
12.599997 12.459366
12.199999 12.259698
11.1 11.084463
11.900001 12.042818
11.900001 11.997032
11.5 11.57767
11.599999 12.814179
10.622879 10.795241
11.1 11.301205
11.8 11.71502
11.7 11.718336
11.8 11.9300785
11.8 11.943048
12.199999 11.4718
11.999998 12.918425
14.299971 13.652937
11.599999 11.600891
11.1 11.277658
11.7 11.671215
11.8 11.904665
11.900001 11.989796
11.900001 12.00061
11.999998 12.007923
12.699998 12.075376
10.49794 10.827985
11.2 11.301736
11.8 11.4106865
10.7 11.245649
13.49794 12.89525
9.122276 10.165397
11.1 11.575112
12.899998 11.618353
11.400001 11.280758
11.1 11.221654
11.900001 11.945244
12.399998 12.09333
11.900001 11.954079
11.400001 11.423348
11.400001 11.373505
11.124064 11.80837
11.900001 11.992023
11.5 11.725981
11.49794 11.650639
11.599999 12.11118
12.599997 14.535692
11.2 12.582635
11.5 11.796655
10.70206 10.682426
11.1 11.299551
11.1 11.236473
11.5 11.749694
11.2 11.470688
12.299998 12.00436
11.1 11.4888315
12.299998 11.727208
11.7 12.04709
14.299971 13.643767
11.8 11.927294
13.299971 12.875168
11.2 11.298054
11.2 11.22505
10.40103 11.406728
10.70206 10.818876
12.899998 13.224905
11.3 11.360751
11.2 11.373045
11.1 11.400458
12.599997 11.334812
10.1 10.298017
11.1 11.184506
11.2 11.30789
11.2 11.30295
12.399998 12.369817
12.299998 12.183358
11.5 11.281482
11.2 11.402855
11.1 11.360594
11.8 11.859507
12.1 11.4987545
11.79897 12.773268
12.1 12.400855
11.8 11.66394
10.581486 11.814628
11.1 11.315649
11.900001 11.941118
12.199999 11.628502
11.2 11.233323
12.1 12.552592
11.5 11.898319
11.699999 12.325755
14.400163 12.376631
12.799992 12.331812
13.299971 12.054467
10.59485 10.466542
12.399998 11.640186
12.899998 12.603487
11.5 11.6377325
11.3 11.415149
11.5 11.386139
11.2 11.322233
12.499997 11.48827
12.799992 12.513505
12.799992 13.111895
11.2 11.320241
13.1 12.219632
11.2 11.233032
10.79897 9.988073
12.299998 12.663837
11.900001 11.86484
11.599999 12.123936
11.8 11.690725
11.1 11.18917
11.900001 11.961081
11.5 11.566189
11.8 11.8286705
11.900001 11.9464855
11.900001 11.954073
11.5 11.292371
11.7 11.737608
13.899971 13.427197
12.399998 11.54458
11.3 11.3554535
11.2 11.263882
11.400001 12.5043745
12.299998 12.290122
11.2 11.245855
11.999998 12.004113
11.3 11.615328
11.8 11.938384
11.900001 11.818402
11.999998 11.380961
13.1 14.0278425
11.7 11.742153
11.7 11.583466
11.8 11.881828
11.379819 11.347493
10.1 10.855816
9.70206 10.325814
11.8 11.953465
10.79897 9.984586
13.800057 13.644196
13.999974 13.673712
11.400001 11.671014
11.3 11.390911
11.2 11.319934
11.3 11.383251
11.999998 11.864977
13.652842 11.6161785
11.2 11.411568
11.3 11.693657
11.1 11.254721
11.999998 11.604389
11.2 11.255373
11.7 11.904575
10.622879 10.664153
11.3 11.354528
11.8 12.190979
10.1 10.982462
11.3 11.363666
11.1 11.127333
11.1 11.136408
11.999998 11.982096
12.1 12.047781
12.499997 12.8068285
11.900001 12.106614
13.129657 13.572881
11.3 11.371375
12.699998 12.258728
11.5 11.488724
11.3 11.25028
11.2 11.266104
11.400001 11.475636
11.8 11.800455
11.400001 11.62578
12.738272 12.437968
12.899998 12.522897
15.1 14.163952
12.299998 11.908663
11.254902 11.387849
11.7 12.383138
12.1 12.028413
13.821246 12.791595
13.399989 13.605418
11.2 11.470079
10.1 10.033976
11.7 11.808984
11.1 11.271071
10.5 10.607516
11.7 11.389944
14.1 14.149681
11.2 11.266575
11.900001 11.973511
11.1 11.237462
11.1 11.170351
11.608639 11.138371
11.3 11.583617
11.400001 11.386225
11.1 11.105879
11.8 11.676198
11.400001 11.435416
15.321849 14.432757
11.599999 11.466871
11.1 11.335117
11.1 11.1570835
10.1 12.100441
11.5 11.445729
11.8 11.954557
13.299971 12.041229
11.7 11.383355
11.2 11.964443
11.8 11.974792
13.000009 12.16555
11.599999 11.197599
13.399989 13.386903
12.299998 11.524664
11.599999 11.478963
11.2 11.294594
11.7 12.025112
11.2 11.293254
11.599999 11.587935
11.1 11.239117
12.699998 13.013757
13.1 12.8043785
13.699981 14.126802
11.999998 12.0293865
11.5 11.893721
11.5 11.861282
11.900001 11.689986
11.5 12.143698
11.2 11.191069
13.399989 13.100264
11.7 11.838507
11.2 11.25177
11.1 11.13704
11.138579 11.634502
11.3 11.446253
13.043096 13.215494
11.2 11.304318
11.900001 12.091288
10.1 10.281714
10.3 10.567334
11.1 11.093124
11.3 11.405581
11.1 11.224206
11.2 11.30649
11.400001 11.479186
11.5 11.624622
11.900001 11.896174
11.2 11.380587
11.1 11.188595
12.399998 12.702424
11.900001 11.974382
11.5 11.6592865
10.8 10.605339
11.2 11.320313
11.558421 11.692318
11.2 11.292902
11.900001 11.978883
11.7 11.872559
11.1 11.895938
13.399989 13.334515
11.2 11.354232
13.999974 13.8850765
13.299971 12.027331
12.899998 12.203592
11.2 11.2379265
11.3 11.408598
10.1 9.993063
11.5 11.656188
12.799992 13.47614
11.599999 11.670704
12.299998 12.3194
11.1 11.320223
12.199999 12.366905
11.999998 11.91494
11.3 11.352321
11.599999 12.08507
13.000009 12.1158905
11.5 11.616032
11.2 11.404387
11.8 12.030451
11.999998 11.948596
11.2 11.163269
11.900001 11.971121
11.999998 12.329879
11.2 11.357731
11.999998 12.133405
11.400001 11.510731
11.2 11.900151
12.299998 11.407929
11.8 11.599312
11.7 11.615246
11.3 11.3427725
11.710834 11.686134
11.7 12.085419
11.400001 11.491518
11.108774 11.280268
11.900001 11.486061
11.5 11.481762
11.900001 12.018997
11.400001 11.591407
11.2 11.332102
11.2 11.298013
11.8 12.073669
13.699981 11.12741
11.3 11.348448
11.2 11.286415
11.2 11.248626
13.1 13.175334
11.400001 11.426098
11.2 11.38307
11.2 11.316856
12.399998 12.416424
11.900001 11.929686
11.900001 14.515924
11.400001 11.398143
11.400001 11.505404
11.900001 11.595832
10.70206 10.740809
11.1 11.57606
12.599997 13.139929
11.2 11.386298
11.1 11.216528
11.1 11.289705
10.622879 10.639942
14.40103 12.584973
13.299971 13.612406
11.8 11.935585
10.1 10.308788
11.1 11.202356
11.5 11.445869
11.5 11.403221
14.600313 13.948063
11.900001 11.980509
10.4 10.387031
11.8 11.454574
11.400001 11.311377
11.3 11.411794
10.622879 10.698191
10.70206 10.764742
12.0813 12.307264
11.2 11.335985
11.3 12.210225
10.7 12.01246
11.3 11.414376
11.900001 11.978957
12.699998 12.942637
11.7 12.456425
11.900001 11.981089
11.7 11.275872
11.3 11.364555
12.299998 12.064415
11.8 11.373662
11.555932 10.987373
11.599999 11.589882
11.2 11.357038
11.1 11.237313
12.299998 12.299682
12.399998 12.739704
13.600039 13.15479
11.400001 11.656687
11.599999 11.643274
11.5 12.034097
11.1 11.317689
11.400001 11.380148
11.5 11.613374
11.7 12.084021
14.1 14.40629
14.1 13.79871
11.3 11.376984
11.2 11.349302
11.2 11.265823
11.531798 10.761918
10.3 10.784462
11.2 11.291304
11.3 11.319496
12.1 12.1085615
11.2 11.219284
11.2 11.322596
11.3 11.435423
11.400001 10.991003
11.599999 11.944969
11.1 11.871601
11.599999 11.86768
11.1 11.135387
11.999998 12.078233
11.2 11.233301
11.8 11.984678
13.299971 12.251616
11.40103 10.699974
11.2 11.348382
11.400001 11.379293
11.599999 11.496633
11.1 11.196633
10.986056 11.20862
11.5 11.631521
11.2 11.270193
10.2 10.52233
11.8 11.894138
11.900001 13.194253
11.2 11.495431
12.199999 12.198996
11.3 11.354646
11.702686 11.74026
12.199999 11.602552
12.399998 12.210508
13.999974 13.044806
11.2 11.52481
11.999998 11.303086
11.999998 11.488012
11.2 11.441138
11.5 11.709101
13.1 12.813321
11.900001 11.952263
11.1 11.164213
11.2 11.243676
11.2 11.322641
11.599999 12.119972
13.000009 12.538504
11.2 11.465889
11.900001 11.970842
13.117729 12.450176
11.400001 11.241119
13.1 12.833151
13.043096 12.866924
11.999998 11.781288
10.40103 10.437531
12.299998 12.10497
11.1 11.276831
11.1 11.39061
10.4 11.187589
11.261151 11.285304
11.8 12.017218
11.2 11.208469
10.3 10.440418
11.8 12.158773
11.1 11.164511
11.2 11.243677
11.400001 11.428725
11.5 11.715895
13.155421 13.721791
10.622879 10.628337
11.1 11.2755995
12.299998 12.318463
11.400001 11.548044
11.7 12.208134
11.1 11.046121
11.5 11.594314
12.799992 12.2939415
11.1 11.224674
11.900001 11.926116
11.2 11.296494
10.79897 11.075105
11.3 11.418282
11.3 11.972494
11.7 11.371315
11.400001 11.454878
12.499997 11.517056
11.356133 11.373039
11.999998 12.076176
12.199999 12.331469
11.400001 11.358921
11.900001 11.670559
11.1 11.059655
11.599999 11.632199
14.999629 14.232413
12.399998 12.353139
11.599999 12.0083885
11.5 11.461634
11.400001 11.696039
11.8 12.281496
10.622879 10.628458
11.2 11.265554
11.1 11.090253
11.599999 11.352016
11.5 11.47146
11.1 11.232847
12.1 11.406467
11.2 11.68291
11.5 11.723447
11.7 11.70396
11.1 11.200371
11.3 11.351686
11.1 11.237837
11.7 11.770746
11.5 11.834526
11.3 11.38064
11.999998 12.145691
10.2 10.072376
12.199999 12.528563
10.70206 10.772032
12.299998 11.935362
11.8 11.791977
13.800057 13.217939
12.299998 12.079688
11.400001 11.584995
11.1 11.329514
11.1 11.257805
13.200015 12.108104
11.400001 11.470047
12.499997 11.412737
12.199999 12.104111
11.2 11.303785
11.7 11.644659
11.19691 10.682612
12.499997 11.522203
11.900001 11.999998
11.7 11.91892
11.8 11.925701
11.2 11.385651
11.2 11.304002
11.999998 12.2162695
11.1 11.276026
11.1 11.19304
11.400001 11.343243
11.400001 11.497355
11.1 11.127373
11.900001 11.972832
13.359637 13.100489
11.79897 11.52213
11.2 11.313274
13.180922 13.218502
11.2 11.230998
11.900001 11.501099
11.999998 12.192389
11.2 11.313137
11.5 11.902595
11.1 11.313877
11.5 11.494442
11.19691 10.470439
11.7 11.84803
10.1 10.1292095
11.5 11.704979
11.1 10.640015
11.2 11.226326
11.8 11.523836
11.900001 12.016259
11.2 11.379078
11.400001 11.32693
11.8 11.881492
10.9 11.064129
11.5 11.592253
11.599999 11.726288
11.3 11.44726
10.70206 10.751148
10.1 9.924248
11.400001 11.666663
11.599999 11.831948
11.999998 11.512287
11.900001 11.960526
11.2 11.215001
12.899998 12.801737
11.2 12.163958
10.627244 10.343631
11.599999 11.595918
11.3 11.75465
11.7 11.721046
10.678396 11.2797785
11.8 11.911084
12.799992 11.963298
11.8 11.799898
11.3 11.330157
11.400001 11.464937
12.699998 13.092197
11.1 10.52923
11.999998 11.994318
11.400001 12.10892
11.599999 11.630356
11.5 11.817568
11.5 11.636747
11.900001 11.954212
11.1 11.323172
10.49794 10.056111
11.1 11.170244
11.599999 11.645029
11.2 11.2580385
11.1 11.515604
12.1 12.08105
13.999974 12.796883
11.400001 11.322545
11.3 11.372169
11.8 11.954431
12.299998 12.600935
11.8 11.85527
11.7 11.76878
9.47675 9.889008
11.5 12.017167
11.2 11.318454
12.299998 11.990007
11.5 11.596164
11.8 12.49126
11.1 11.230965
11.599999 11.747234
11.2 11.245507
11.999998 11.836716
11.1 11.155563
12.599997 13.078596
11.8 11.873602
11.3 11.398028
12.399998 11.676097
11.400001 11.394206
13.899971 12.891809
10.589405 11.576075
11.8 11.860641
11.400001 11.53414
11.900001 11.958751
12.399998 12.17425
11.8 11.801537
13.136212 13.755682
13.1 12.484468
11.1 11.214752
11.2 11.411482
11.8 11.923272
11.3 11.494199
11.2 11.375707
11.3 11.644703
11.7 11.87262
11.3 11.338711
11.900001 11.999187
11.3 11.673937
13.699981 13.847652
11.2 11.438057
11.999998 12.00791
13.899971 13.648855
11.900001 11.896901
12.599997 11.509073
11.5 11.652519
11.212469 11.262439
11.900001 11.981358
11.1 11.263065
11.2 11.304299
11.900001 11.969641
11.599999 11.867659
11.7 11.912735
11.400001 11.492091
11.900001 11.629174
11.5 11.531731
11.0 11.413101
11.599999 11.679311
12.1 13.39595
12.299998 12.124538
11.5 11.649255
11.2 11.258021
11.1 11.255134
12.1 12.3728
11.400001 11.357403
11.912762 11.2401285
13.200015 13.238715
11.122276 11.718206
11.8 11.889717
11.5 11.552409
11.1 11.85539
11.2 11.290171
12.1 11.299724
13.581486 13.356183
10.622879 10.838917
12.499997 12.535151
12.799992 11.765497
12.797429 11.646869
11.5 11.692734
11.1 10.825425
11.8 11.801025
11.2 11.619676
12.699998 12.568422
11.7 11.323469
12.599997 12.913954
11.999998 12.053501
10.8 10.191931
11.8 11.776733
11.900001 11.508104
11.5 11.537239
10.8 11.212476
11.3 11.338208
11.900001 11.265877
11.400001 11.285785
11.599999 11.681505
11.400001 11.5258045
12.70206 14.021462
11.1 11.318493
11.599999 11.825179
11.2 11.284073
11.254902 11.178211
11.2 11.287104
11.999998 12.355179
11.1 11.362764
12.03968 11.81279
13.899971 12.379238
11.7 11.487436
12.299998 12.233479
13.685027 12.859007
11.1 11.170098
11.7 11.740143
11.900001 11.885212
11.400001 11.36998
11.2 11.378537
11.900001 11.611292
11.999998 12.034679
11.400001 11.470158
11.1 11.921611
14.400163 13.8635235
11.2 11.280723
12.699998 12.174698
12.499997 11.735951
11.900001 11.945221
13.200015 12.858332
11.7 11.834043
14.79897 14.739656
14.600313 11.994867
11.1 11.092136
11.2 11.304552
12.199999 12.47861
11.900001 11.87728
11.900001 11.504794
11.3 11.433765
11.1 11.361316
11.2 11.401585
13.1 14.382362
11.2 11.2604685
12.199999 11.420482
11.5 11.802571
11.599999 11.675348
11.999998 12.286421
11.1 11.190027
11.2 11.280607
12.699998 11.844334
14.999629 15.3160515
11.5 11.599616
11.1 11.145774
11.2 11.26256
11.400001 11.421797
11.5 11.365379
12.835182 13.3123255
15.299971 15.164855
11.599999 12.154058
14.1 14.456078
11.654827 11.854979
11.1 11.29984
11.400001 11.583105
11.3 11.524552
11.2 11.382835
11.3 11.324812
11.2 11.259542
11.1 11.196336
12.199999 12.444698
11.400001 11.317351
11.8 11.920994
13.456548 11.128279
11.1 11.234639
13.401807 12.615139
11.2 11.268944
11.400001 11.467014
12.499997 11.577349
13.531798 12.45636
11.599999 11.984341
11.1 11.116445
11.1 11.190494
11.1 11.200813
11.336572 11.221855
11.599999 11.884123
11.5 11.482035
13.1 11.814374
11.2 11.293015
11.5 11.564013
11.2 11.307329
12.199999 12.155546
11.0 10.702093
12.499997 11.91218
11.8 11.960177
11.7 11.736267
11.2 11.258732
11.2 11.252333
12.299998 12.2414875
10.5685215 10.892421
11.900001 11.98192
11.8 11.874369
11.1 11.254275
11.1 11.363981
10.5 10.723945
11.900001 11.907295
15.1 15.05641
11.5 11.453964
11.8 11.948216
11.400001 11.335089
11.8 12.010511
11.3 11.321674
10.89588 10.59515
11.2 11.170716
13.1 12.572384
11.1 11.326881
11.999998 11.635134
11.900001 11.4196615
11.1 11.295843
11.7 11.878469
10.29382 11.291444
11.7 11.860044
11.3 11.809091
11.1 11.5408125
11.2 11.382898
11.1 11.176328
11.900001 11.962664
11.1 11.216967
11.2 11.314408
11.599999 12.050015
11.1 11.128068
11.900001 12.018314
10.627244 10.339713
11.5 11.579028
11.599999 11.404633
11.1 11.366664
11.900001 12.005203
11.3 11.378915
11.3 11.332327
11.2 11.707269
11.1 10.496897
11.3 11.359378
11.400001 11.46723
11.1 11.211758
11.2 11.525982
11.2 11.322899
11.543697 12.261212
11.7 12.3181925
11.3 11.428433
11.8 11.361194
11.400001 11.657086
11.1 11.227636
13.1 12.871264
11.3 11.888747
12.699998 11.965918
11.2 11.2669525
11.900001 12.116219
13.000009 11.473492
13.500008 12.170898
11.599999 11.668261
11.900001 11.971998
11.2 11.318124
10.854487 10.799294
11.900001 11.738146
11.599999 11.472893
11.1 11.241636
11.900001 11.79937
11.3 11.543376
11.599999 11.901394
11.900001 12.610774
9.49794 9.623922
11.900001 12.067288
11.5 11.588529
11.599999 12.01152
11.3 11.331399
11.1 11.202902
11.8 12.011649
11.2 11.489544
11.5 11.711934
12.199999 12.076754
11.999998 11.928328
11.900001 11.996405
11.2 11.237114
11.900001 11.974228
13.699981 13.014225
11.599999 11.353686
11.2 11.247537
11.599999 12.016582
11.5 11.655893
13.000009 12.5161295
11.599999 11.821424
11.3 11.392892
10.79897 10.813708
11.145758 11.096842
11.2 11.211216
12.899998 12.647251
11.7 11.777591
11.8 11.940585
11.8 11.873666
13.777781 13.554198
11.2 11.34573
13.699981 13.017419
11.2 11.483506
11.1 11.296401
13.200015 12.420795
12.899998 12.566422
11.5 11.528549
14.1 13.482671
11.900001 11.977961
11.900001 11.915158
11.599999 11.752644
10.1 10.575699
12.599997 12.427694
11.8 12.530778
11.2 11.282126
11.900001 11.93187
11.900001 11.862339
11.5 11.498972
12.393282 12.674
11.5 11.827472
12.199999 11.726431
10.8 11.191529
11.1 11.657834
11.900001 12.014762
11.1 11.19686
12.1 11.616472
11.2 11.284127
12.399998 11.718415
11.3 11.3580265
14.300659 14.254567
11.999998 11.827359
11.2 11.355443
11.999998 13.645842
11.599999 11.839018
13.1 11.400298
11.1 11.240495
11.1 11.284167
11.1 11.178128
11.5 11.835072
11.7 11.626907
11.1 11.204279
13.986056 13.373035
11.2 11.287463
12.299998 11.800928
11.7 12.09814
11.999998 11.980924
11.599999 11.678484
11.400001 11.551767
11.900001 11.980838
11.2 11.462313
11.3 11.432014
11.8 12.191099
11.7 11.635993
11.999998 11.681593
11.599999 11.90494
11.900001 11.662498
12.010095 12.976835
15.079304 14.407832
11.1 11.313776
11.7 11.839077
10.70206 10.68939
11.400001 11.432243
11.1 11.22522
11.400001 11.589362
12.699998 12.042526
11.6157 11.4376545
11.599999 11.673998
13.800057 14.183029
12.699998 11.326557
11.900001 11.9871435
11.2 11.426072
11.2 11.243715
11.7 11.865952
11.900001 11.689886
10.49794 12.364089
12.1 12.138783
11.900001 12.050047
11.999998 11.724133
12.299998 12.139499
14.79897 13.837182
12.299998 11.924202
11.2 11.296769
11.599999 11.3762
10.40103 11.2494135
11.2 11.224979
12.599997 15.262415
11.5 11.5341625
13.999974 14.131008
12.058607 11.299801
11.2 11.336553
13.500008 13.355919
11.599999 11.343358
11.3 12.014377
11.900001 11.954601
11.7 11.791091
11.8 11.866306
11.7 11.35342
11.2 11.40766
11.1 11.1043005
11.2 11.277381
11.2 11.302359
12.9500065 11.400027
11.2 12.218029
11.175305 11.240707
11.599999 11.563909
11.900001 12.0488205
11.2 11.477535
11.2 11.2264805
11.953872 11.791279
11.599999 11.222928
11.5 11.57881
11.799999 12.115225
11.8 11.75918
11.8 11.689085
13.000009 13.521485
11.999998 12.278364
11.400001 11.483671
11.2 11.235985
11.1 11.163038
12.399998 12.606968
13.999974 12.642999
11.1 9.999712
11.3 11.344443
14.600313 14.061155
11.400001 11.61992
10.40103 10.703111
13.699981 13.5539875
11.8 11.882944
10.622879 10.563506
11.2 11.276247
10.7 10.654896
11.900001 12.056558
10.49794 12.349747
11.3 11.335534
12.200179 13.858364
12.499997 12.139837
11.599999 11.557447
11.400001 11.426061
11.599999 11.621096
11.999998 11.792303
12.199999 12.256629
11.3 11.440275
11.3 11.309463
11.8 11.756441
11.2 11.2420845
11.2 11.445497
11.900001 11.965406
11.999998 12.185341
12.1 11.8985615
11.999998 12.150898
11.5 11.564992
11.999998 12.555435
11.2 11.266882
11.2 11.21349
11.900001 11.957669
11.1 11.166019
10.70206 10.884369
10.70206 12.729111
11.2 11.349678
11.1 11.21878
12.299998 12.025417
12.299998 12.12616
11.2 11.252789
11.549999 11.873604
11.599999 11.554848
13.600039 12.475879
11.1 11.213979
11.1 11.219993
11.8 11.809115
11.12048 11.195809
12.399998 11.393963
11.599999 11.878907
11.1 11.527831
11.900001 12.1841345
11.900001 11.826614
11.3 11.362795
11.1 11.096022
11.3 11.331694
11.1 11.179402
11.900001 11.963043
11.5 11.707514
11.2 11.319877
13.600039 14.061629
11.8 12.062386
14.553289 12.247452
12.199999 11.610908
11.2139435 11.461232
12.399998 11.71426
11.8 11.869549
11.900001 11.966412
13.299971 13.61113
11.2 11.35666
10.655955 11.038273
11.1 11.207543
11.7 11.546631
11.5 11.7330475
11.8 11.919364
11.2 11.293172
14.020819 14.633448
11.7 11.48153
12.1 11.736876
10.3 10.651085
11.8 11.383117
14.79897 14.418522
11.900001 11.979296
11.3 11.360474
11.999998 11.369786
11.1 11.877563
11.7 11.771622
11.1 11.223489
12.599997 12.365723
11.3 11.352064
11.5 11.493247
12.299998 12.076569
11.999998 12.149013
11.2 11.418457
13.299971 13.856046
11.8 11.462961
11.3 11.769415
11.7 11.257721
12.1 11.74205
11.900001 11.980774
11.999998 12.373619
13.399989 12.386131
11.8 11.868116
13.1 12.358586
11.3 11.35174
12.299998 12.231452
11.1 11.365746
11.2 11.275156
11.900001 11.947321
11.2 11.164551
11.3 11.316206
11.1 10.725935
13.254902 12.016243
13.200015 13.022958
11.5 11.542962
13.643358 13.78222
11.400001 11.546274
11.999998 11.983304
12.899998 12.904063
11.2 12.310856
11.900001 11.958832
11.7 11.778052
11.7 12.084862
11.1 11.206894
11.900001 11.957416
11.900001 11.980968
11.5 11.2928705
12.699998 12.435376
11.599999 11.456501
11.2 11.267691
12.793687 12.112896
11.599999 11.706038
11.5 11.637466
11.2 11.986326
11.5 11.453688
12.299998 11.743503
11.1 11.211023
12.599997 12.124955
11.900001 11.951864
11.2 11.428476
11.900001 11.966352
11.889032 11.9430065
11.5 11.696875
11.1 11.138616
11.400001 11.48555
12.199999 12.131281
12.399998 12.09306
11.5 12.013639
11.8 12.285805
11.7 11.941597
11.5 11.610266
13.000009 12.46695
11.8 11.909023
11.900001 11.973402
11.900001 11.94455
10.70206 11.314304
11.3 11.329429
11.900001 11.9462185
11.3 11.453225
11.900001 11.938805
11.900001 11.78006
11.5 11.472013
12.199999 11.537523
10.777781 10.075464
12.020819 12.191248
13.000009 11.971357
11.999998 11.759623
11.2 11.273626
13.637602 13.317447
11.900001 11.95764
11.900001 11.99118
11.2 11.237635
11.999998 11.982893
11.0 10.38882
12.299998 12.159538
11.1 11.123573
12.1 11.814126
11.1 11.5483
11.900001 11.858105
11.900001 11.965128
10.622879 10.9253025
12.499997 12.973623
11.8 11.9454975
11.5 11.507574
12.1 11.561849
12.40103 12.312019
13.399989 12.7417145
11.2 11.697969
11.900001 11.942265
11.1 11.433396
11.400001 11.482289
11.1 11.09448
14.050077 14.463554
11.400001 11.617124
11.3 11.566069
11.5 11.7498455
11.7 11.980309
11.2 11.272312
11.953872 11.919598
11.999998 12.184019
12.1 12.251492
11.1 11.215115
12.499997 13.283455
11.599999 11.753111
11.8 11.905423
11.7 11.898809
11.8 11.80921
11.2 11.24987
11.2 11.213524
11.7 11.782067
11.1 11.163319
11.2 11.579205
11.7 11.983348
11.599999 11.843813
12.399998 13.242744
11.3 11.363511
11.599999 11.919954
11.3 11.462545
11.2 11.440517
11.2 11.332878
11.2 11.319201
11.2 11.250563
10.8 10.592613
12.199999 11.805859
11.900001 11.9287195
11.8 11.925602
11.599999 11.745155
11.8 11.961559
11.8 11.949799
12.199999 12.036816
11.1 11.185067
13.000009 13.035501
11.5 11.555335
12.199999 12.105555
12.1 11.513986
11.5 11.58398
11.2 11.359528
11.9 12.1355505
10.581486 10.243798
10.70206 10.769791
11.2 11.333214
11.3 11.378474
11.8 11.97048
10.3 10.231304
12.510107 11.570807
11.2 11.287953
13.622879 13.68165
11.400001 11.933036
12.499997 12.737871
11.8 11.910318
13.299971 13.115536
11.5 11.891227
11.3 11.364035
11.5 11.34757
12.799992 12.642807
11.3 11.477547
11.999998 12.837219
11.900001 11.987576
12.499997 12.115128
11.5 11.544321
12.299998 12.168085
11.79897 11.23103
11.2 11.266073
13.000009 12.53814
11.1 11.237458
1.3 6.1420393
12.499997 11.751965
11.1 11.228785
12.599997 13.062325
11.3 11.589757
11.7 11.692807
11.637602 11.685626
13.500008 13.141308
12.599997 12.021021
11.1 11.681038
12.1161 11.296
11.2 11.298896
11.7 12.621226
11.400001 11.46226
11.900001 11.942611
12.299998 12.907368
12.299998 12.138242
11.900001 11.651242
11.3 12.246497
11.2 11.250715
11.8 11.814283
13.000009 12.689686
12.499997 12.816938
11.1 11.067464
11.8 12.568516
11.1 11.125177
11.3 11.317834
12.1 12.054036
11.599999 11.764577
11.2 11.389443
11.8 11.897305
11.1 11.25783
14.999629 13.302744
11.599999 11.932703
11.7 11.804779
11.1 11.176289
11.2 11.42613
11.999998 11.877694
11.8 11.938176
11.7 11.84778
12.399998 11.584259
11.7 11.7393465
11.5 11.572901
11.599999 11.657833
13.352575 12.738782
10.40103 10.227322
11.2 11.427439
14.145758 13.337932
13.581486 13.541022
11.5 11.652073
11.900001 11.956291
10.8 11.004033
14.555932 13.654695
10.70206 10.761715
11.2 11.33328
11.599999 11.446818
11.2 11.365274
11.900001 11.930918
12.1 11.199841
11.5 11.822967
14.1 12.25835
12.799992 13.027563
11.1 11.210312
11.7 12.057693
11.8 11.890481
11.1 11.1075
11.999998 11.971298
11.2 11.301292
11.7 11.779555
12.1 11.576454
11.7 11.944536
10.2 10.230348
11.3 11.438154
11.2 11.2316475
11.900001 11.966764
11.953872 11.494247
11.56133 11.946607
11.5 11.795047
11.5 11.631535
11.8 11.898203
13.418758 13.15119
11.5 11.635061
11.400001 11.462739
11.400001 11.474219
11.8 11.787126
11.900001 12.189335
11.599999 11.624883
13.1 13.305567
11.999998 11.381199
11.2 11.7399
12.456548 12.079399
11.1 11.234702
11.999998 11.664138
11.999998 11.99577
11.999998 11.508528
11.2 11.459759
13.800057 12.217312
11.1 11.194986
11.900001 11.4394245
11.5 11.57553
11.1 11.137041
11.599999 11.716615
11.900001 11.658297
12.499997 12.652988
11.599999 11.975459
13.048455 12.450437
12.399998 12.50476
11.1 11.208008
11.999998 12.006814
11.1 11.245595
12.499997 12.265362
11.1 11.258442
11.8 11.928104
11.1 11.256452
11.999998 12.020322
11.900001 12.02245
11.1 11.357079
11.5 11.4768715
11.1 11.374032
11.1 11.342768
11.400001 11.870041
11.4372425 11.678576
11.400001 11.846661
11.999998 11.884098
11.3 11.38137
11.1 11.119509
11.400001 11.427821
11.8 11.841326
11.900001 12.004563
12.1 12.172011
10.609157 10.8307295
11.1 11.329378
11.1 11.221993
11.3 11.372063
11.1 11.250818
12.199999 11.5347395
11.1 11.234993
11.2 11.253041
11.1 11.128102
11.2 11.343274
12.399998 12.518192
15.299971 14.059094
11.599999 11.404324
12.1 11.962093
11.2 11.2793865
11.7 11.74582
11.900001 11.932289
11.2 11.366832
11.999998 12.096133
11.999998 11.463671
11.8 11.76169
12.199999 11.792117
11.2 11.236198
12.543697 12.282513
11.400001 11.484433
11.599999 11.671731
11.900001 11.928354
11.7 11.68528
11.3 11.3530035
11.999998 12.047077
11.400001 11.312471
11.2 11.288664
11.2 11.365613
11.900001 11.608519
15.520216 11.656171
11.2 11.251022
13.899971 12.663547
11.1 11.316319
11.3 11.5949135
12.899998 11.717781
13.500008 14.145967
11.2 12.1073
11.1 11.052776
11.1 11.319281
12.649994 12.038792
12.299998 11.957312
11.900001 11.678005
11.900001 11.656233
11.900001 11.920409
11.900001 11.508747
14.901343 12.854589
10.40103 10.236662
11.999998 12.082962
11.581486 13.819383
11.8 11.964325
11.999998 12.192116
11.8 11.812954
12.199999 12.232246
11.3 11.504396
11.400001 11.412087
11.1 11.319164
11.2 11.279684
11.999998 12.020332
11.1 11.074821
14.500117 13.963283
12.254902 11.9987755
13.200015 12.573247
11.1 11.408691
13.1 13.144082
11.3 11.439384
11.400001 11.526001
11.400001 11.5697155
12.1 12.075724
11.1 11.331221
11.1 11.235057
11.599999 11.594856
10.40103 11.813648
14.901343 14.700238
11.999998 12.050335
11.5 11.594675
11.3 11.373152
11.400001 11.365922
11.2 11.531028
11.5 11.429018
11.599999 11.277462
11.999998 12.352398
11.540743 11.364785
11.3 11.395966
11.3 11.311323
10.4 11.217184
11.999998 11.976647
11.3 11.323546
11.999998 11.970054
11.5 11.780818
11.79897 12.013119
11.1 11.391584
11.8 11.910138
11.8 11.751669
11.599999 11.28921
11.1 11.153543
11.1 11.298763
11.7 11.790581
12.399998 12.489353
12.899998 12.102623
11.2 11.319033
12.099999 12.678761
10.1 10.228147
11.2 11.250139
10.608639 10.595558
12.199999 11.280739
12.812199 12.782433
11.2 11.258091
11.2 10.452877
11.900001 11.939541
12.1 11.344599
11.3 11.41818
11.599999 11.919904
11.1 11.289746
11.2 11.256957
11.900001 11.957037
11.8 11.797223
11.599999 11.647734
10.869551 11.142466
12.1 12.336805
13.000009 11.566388
11.2 11.244013
10.165502 12.310329
11.8 11.94955
11.400001 11.586579
12.786133 12.11052
12.1 11.550035
10.1 10.53565
11.5 11.350454
11.3 11.399791
10.9 10.727101
14.200179 12.954277
12.1 11.900997
11.2 11.275535
11.400001 11.53487
11.599999 11.290817
11.400001 11.621325
11.999998 11.556871
11.2 11.355103
11.1 11.285317
10.1 10.660278
11.7 11.915334
11.0 10.650337
10.6 10.648029
11.7 12.110912
11.1 11.326016
12.199999 12.440134
11.2 11.28306
11.2 11.367582
11.1 11.318304
11.89588 12.531664
11.3 11.448901
11.400001 11.347627
12.299998 12.390622
11.999998 11.992192
14.299971 14.159705
11.900001 11.908589
11.7 11.701706
11.25 11.549984
11.2 11.279138
11.599999 11.286848
11.3 11.481509
13.699981 13.037411
11.8 11.828534
12.901632 11.814717
11.5 11.5809765
12.299998 11.570901
11.3 11.382303
11.900001 12.045953
12.199999 11.900576
11.2 11.381201
13.719789 13.023492
11.900001 12.432463
11.900001 11.764782
11.3 11.345179
11.2 11.365477
11.5 11.572027
11.999998 12.062962
11.3 11.450232
11.8 11.719881
13.1 12.680619
11.7 11.888969
11.599999 11.9961605
11.1 11.17654
11.900001 11.998033
11.5 11.791939
11.5 11.760729
11.7 11.835867
11.2 11.357388
11.49794 11.217198
14.400163 13.723748
11.1 11.600478
11.7 11.907804
11.900001 11.861425
12.199999 12.1480875
11.1 10.953612
12.599997 13.050359
11.3 11.811392
13.600039 12.357136
11.3 11.44315
14.299971 14.107237
11.1 11.143344
11.3 12.798475
11.1 11.260866
11.3 11.465892
11.2 11.283825
12.992498 12.49458
11.7 11.818828
11.999998 11.322588
12.899998 12.719196
11.2 11.291275
11.3 11.776799
11.999998 12.227848
9.47675 9.830843
11.999998 11.599472
14.40103 11.417397
11.3 11.718847
11.900001 11.915226
11.2 11.334061
13.899971 13.458342
11.5 11.268187
10.2 10.407239
11.900001 11.980528
11.2 11.293562
11.8 11.434083
11.2 11.244077
11.900001 12.339338
13.500008 12.644976
13.999974 13.1230755
12.699998 12.299466
11.900001 11.906946
11.3 11.3753395
13.4372425 13.337806
13.200015 12.609864
11.2 11.290423
11.900001 11.891058
11.8 11.620653
11.777781 11.928381
11.5 11.831888
11.2 11.35143
10.622879 10.678321
11.3 11.3433895
11.3 11.436781
11.599999 11.236654
11.8 11.566519
12.19691 12.7512
11.5 11.69706
11.999998 12.055987
12.422393 12.30733
11.5 11.899432
11.3 11.3951235
11.2 11.291027
10.1 10.37478
9.40103 9.501415
10.70206 10.742053
11.900001 11.956411
11.7 11.914759
12.757577 12.728171
12.599997 11.928846
12.699998 12.1151705
11.999998 11.982174
11.3 11.643679
11.1 12.381969
11.3 11.680639
11.7 11.809769
11.2 11.373753
11.2 11.310464
10.5 10.56331
11.3 11.54447
11.1 11.159982
11.2 11.787774
11.900001 11.924737
10.70206 10.662462
11.2 11.334887
12.699998 12.64617
11.8 11.608698
11.2 11.240016
11.2 11.285864
12.399998 12.45101
11.1 10.781397
11.2 11.38274
11.900001 11.950937
13.200015 13.6685505
11.2 11.331947
12.299998 11.70793
11.8 11.831724
12.399998 11.722715
11.1 11.236039
11.999998 11.807
11.1 11.355237
11.2 11.273765
12.199999 12.594835
11.5 11.574906
11.1 10.912056
11.1 11.645166
11.7 11.812867
10.70206 10.69066
10.6 10.569102
11.1 11.2062
12.399998 11.952826
11.400001 11.388478
11.5 11.553572
13.399989 13.411791
11.400001 11.882101
12.199999 12.047321
12.199999 11.899795
10.1 10.502905
11.2 11.3952875
11.599999 11.973363
12.1 12.334491
12.899998 12.18968
12.015424 12.218191
10.3 10.471411
11.2 11.3977585
11.1 11.130131
12.599997 12.681124
11.599999 11.448769
11.5 11.62676
11.599999 11.686417
11.599999 11.671807
11.2 11.29321
11.1 11.248286
11.3 11.40082
11.2869625 11.419867
13.000009 12.731941
11.1 12.807554
13.999974 12.936838
13.59485 13.437908
11.599999 11.88059
11.1 11.278891
11.400001 11.464939
11.2 11.260659
11.2 11.330508
11.999998 11.89645
12.199999 12.04092
11.2 11.33465
13.200015 13.232691
11.7 11.404569
11.7 11.820068
11.599999 11.619459
11.49794 11.222531
12.899998 12.822149
11.1 11.17853
11.5 11.54925
11.599999 12.096891
11.5 11.626009
11.5 11.583433
11.1 11.209427
11.2 11.257337
10.1 10.314091
12.499997 12.181487
11.2 11.243229
11.1 11.756864
12.199999 11.421243
11.1 11.178089
13.600039 13.947088
10.622879 12.722853
11.2 11.186138
11.106614 11.109267
11.7 11.544818
11.2 11.224598
11.8 11.924891
11.555047 11.956767
11.1 11.436178
11.145758 11.212398
15.140959 14.434003
11.599999 11.680763
11.5 11.803074
11.5 11.788072
11.7 11.766235
10.70206 10.65818
12.599997 12.873582
11.400001 11.467867
11.599999 11.718085
11.900001 11.646109
11.2 11.226958
10.70206 10.726608
13.500008 13.0217
11.2 11.269205
11.7 11.819592
11.900001 12.538103
11.8 11.932884
11.400001 11.3843155
11.5 12.254305
11.8 12.523516
11.5 12.144689
13.299971 13.690317
12.299998 12.301573
11.1 11.155632
10.40103 9.9402685
13.999974 13.724185
11.900001 11.387847
11.3 11.374358
11.900001 11.6220455
12.399998 12.00549
11.900001 11.976669
11.8 11.610376
11.8 11.919609
11.5 11.715977
11.3 11.29726
11.3 11.319861
11.1 11.206569
11.1 11.347835
10.622879 10.472755
13.500008 12.321649
11.5 11.965048
11.999998 11.980968
11.8 11.984425
12.399998 12.514568
10.923909 11.339602
11.599999 11.747113
11.999998 12.151187
11.7 11.653339
11.1 11.495888
11.599999 11.692194
11.599999 11.752327
11.900001 12.001012
11.900001 11.967512
12.499997 11.765673
13.399989 12.28175
11.400001 11.360756
11.8 12.044737
12.299998 12.083057
11.3 11.335474
11.900001 12.064272
11.2 11.407133
11.3 11.367464
11.5 11.553466
13.299971 12.704012
12.699998 14.179548
11.2 11.559093
11.2 11.308561
11.3 11.330241
11.2 11.2287445
11.2 11.45103
11.1 11.336884
11.599999 11.622108
11.2 11.273144
11.8 11.998241
11.79897 11.7262125
11.2 11.285448
11.1 11.223613
11.900001 12.012375
11.900001 12.073803
11.900001 11.990288
11.7 13.836666
10.1 9.850121
11.900001 11.786327
11.900001 11.988211
11.599999 11.888172
13.399989 13.133185
10.516801 11.376401
11.7 11.874043
12.314671 11.949558
11.3 11.507317
12.299998 12.405544
12.299998 12.619055
11.599999 11.708536
14.600313 13.457319
11.7 11.947113
11.999998 11.295726
13.399989 12.73819
11.900001 12.010511
11.900001 12.0126095
12.799992 11.870249
11.8 11.88104
13.299971 12.47953
11.555932 11.962345
11.599999 11.998545
11.020819 11.257288
11.1 11.180106
11.599999 11.810102
11.8 11.384965
11.400001 11.417227
11.999998 11.692936
12.6934595 12.866154
12.40103 11.953041
12.199999 12.129433
11.900001 12.030826
11.8 11.979303
12.1 11.956618
12.1 11.560684
11.400001 11.38684
11.900001 11.945235
11.5 11.465483
10.923909 9.998593
13.299971 11.864269
11.599999 11.376991
12.499997 11.386515
14.200179 13.742968
11.2 11.254736
11.3 11.340298
11.8 11.875765
11.599999 11.957695
11.7 11.740032
12.199999 12.741194
11.2 11.299718
13.699981 14.001008
11.8447275 12.4062195
11.7 11.951078
12.307609 12.70965
11.1 11.872435
10.70206 10.7715845
11.1 11.172146
11.2 11.307897
11.3 11.320262
11.2 11.340201
14.299971 13.745691
11.2 11.364672
11.3 11.316911
11.599999 11.738582
12.399998 11.889904
11.3 11.411429
11.1 11.407523
11.5 11.6651125
11.3 11.404113
11.8 12.002891
11.331801 11.845201
11.400001 11.456279
11.2 11.398466
11.8 11.850853
11.70206 11.088245
11.7 11.866833
10.70206 10.720536
11.2 11.054201
11.900001 12.026988
10.9 10.888993
11.900001 11.922693
11.3 11.347582
15.500117 14.72381
11.3 11.365696
11.2 11.297531
11.2 11.35127
11.900001 11.871592
12.49794 11.170643
11.8 11.877228
11.5 12.229253
11.1 11.082718
11.900001 12.0582
11.5 11.50238
11.2 11.347353
11.900001 11.742703
11.2 11.337444
11.900001 12.720169
11.2 11.331677
11.900001 12.358898
13.899971 11.496925
11.2 11.2505865
10.9 10.65802
11.900001 12.018098
9.79897 9.954023
11.2 11.371331
11.2 11.321933
11.900001 11.794945
11.1 11.257269
11.1 11.212965
12.1 12.060674
11.900001 11.671101
11.599999 11.598728
11.2 11.298973
11.3 11.367156
11.3 11.355265
12.6934595 13.421507
10.40103 10.673696
11.400001 11.406713
10.1 11.366535
10.70206 10.6503725
11.400001 11.386252
11.3 11.6696415
11.3 11.775337
13.600039 13.095505
10.40103 11.043483
11.3 11.775581
11.400001 11.409714
11.5 11.475956
12.699998 12.476299
11.7 11.738534
11.1 11.32298
15.600313 15.381828
11.599999 11.92997
12.199999 11.889985
12.499997 12.70791
10.2 10.716339
11.900001 12.371332
12.499997 11.74016
12.597573 12.566273
11.400001 11.791395
11.900001 11.888777
11.900001 11.900689
11.900001 11.902843
11.1 11.248409
13.1 12.031945
11.7 11.512325
11.2 11.228502
11.400001 11.493975
12.1 11.70713
11.5 11.822948
11.1 12.171607
11.900001 11.794079
11.900001 12.066036
11.1 11.333869
11.2 11.238645
11.8 11.930811
11.3 11.4713745
10.622879 10.645126
11.1 11.246662
13.145758 12.481268
11.5 11.670767
11.999998 12.009956
11.1 11.348627
12.299998 12.144405
11.8 11.957909
11.2 11.3157015
13.200015 13.720226
11.599999 11.669541
12.1 12.00173
11.2 11.251618
11.599999 11.635229
11.8 11.945346
12.1 11.328901
14.600313 14.332275
12.699998 11.416998
11.5 11.334445
11.900001 12.38785
11.1 11.567337
11.599999 12.025569
11.900001 11.964399
11.900001 11.989353
11.3 11.31874
11.7 12.634895
11.999998 11.985019
11.999998 11.961779
11.2 11.290993
12.599997 12.463104
11.8 11.739334
11.3 11.302504
11.3 11.631475
11.900001 12.050104
11.409804 10.9165945
11.5 12.04367
12.399998 11.872019
11.1 11.156579
10.49794 10.593384
11.900001 11.910969
11.400001 11.456686
11.999998 12.738472
11.900001 11.997536
11.400001 11.446621
11.49794 10.079077
10.1 11.193644
13.800057 13.343176
11.15 11.357662
11.2 11.950886
11.1 11.388389
12.199999 11.7345295
11.1 11.20584
11.8 11.880211
14.500117 14.053926
11.2 11.371616
12.899998 12.7241535
11.3 11.444624
11.1 11.196815
11.2 11.477696
11.8 11.723137
13.699981 13.341721
10.622879 10.8821
13.399989 11.903997
12.199999 13.081053
11.2 11.287153
11.900001 12.087561
11.2 11.242737
11.900001 11.955019
11.5 11.529413
11.599999 11.805358
11.999998 13.380907
12.399998 12.096714
10.1 9.89272
11.0 10.576248
11.3 11.749585
11.7 11.784273
12.199999 12.031403
11.8 11.890881
11.1 11.227597
11.3 11.594228
11.3 12.407604
11.400001 11.294116
11.400001 11.547962
11.900001 11.96879
11.900001 11.6423025
11.2 11.557783
11.3 11.383652
14.500117 15.025496
9.79897 9.972115
11.3 11.423932
11.8 11.7424135
11.1 11.20961
10.1 10.053891
11.1 11.14332
13.1 12.346533
13.767562 13.628442
11.999998 12.379435
11.2 11.264532
10.1 10.056037
9.79897 9.939123
13.399989 12.013878
11.7 11.871729
11.2 11.415304
11.8 12.302871
14.299971 14.029297
10.1 10.028706
11.400001 11.45123
11.8 12.273857
10.4 10.650092
12.399998 11.830021
10.723423 10.632266
11.999998 11.884846
13.500008 12.362046
11.7 11.849523
13.1 13.0823555
12.145758 12.419531
12.899998 11.349782
11.8 11.836512
11.1 12.119017
11.900001 11.969692
11.599999 11.644749
11.3 11.416703
11.2 11.2570305
11.1 11.140389
11.400001 11.440589
11.1 11.233074
11.8 11.905787
11.1 11.21715
11.2 11.190206
12.1 12.018139
13.699981 13.081672
13.800057 13.532941
11.2 11.470205
11.1 11.294594
11.7 12.0451565
11.2 11.276228
11.1 11.146265
11.2 11.263178
11.1 11.296114
11.5 11.325438
13.321849 13.034664
11.1 11.247015
11.555932 11.251887
11.8 11.255855
11.2 11.358771
11.999998 12.026127
11.3 11.69452
13.600039 12.416698
13.600039 13.523922
14.326648 12.043299
11.2 11.826719
11.2 11.287327
11.999998 12.551789
11.599999 12.110102
11.400001 11.610589
12.299998 12.079423
11.2 11.3719225
11.2 11.831058
11.1 11.174845
11.999998 11.599974
11.5 11.63423
11.1 11.120798
11.7 11.431524
13.020819 12.517911
11.2 11.303216
11.7 11.764101
11.7 11.557329
14.547158 11.98213
11.069375 11.677499
11.8 11.575759
11.3 11.489913
11.8 11.951006
11.1 11.813817
11.7090645 11.782054
11.3 11.32584
11.5 11.474562
10.622879 10.755918
11.400001 11.418467
11.400001 11.457567
11.700326 11.70413
11.1 11.346687
13.500008 12.059971
11.3 11.373638
11.400001 11.983961
11.999998 11.396476
10.1 10.243319
11.1 11.17946
10.622879 10.670145
11.900001 11.970151
11.5 11.623861
11.7 11.450104
11.7 11.431887
11.5 11.744099
11.3 11.358674
11.2 11.182598
11.2 11.3364525
11.3 11.697933
10.4 10.612009
12.598941 12.359723
11.900001 11.963269
11.2 11.319886
10.8 10.537127
11.3 11.337485
10.70206 10.822004
11.900001 11.930674
15.700326 13.817475
12.199999 11.777648
12.299998 11.8072815
13.254902 13.252378
11.622879 11.865154
11.8 11.831852
11.2 11.274719
12.637602 12.222817
11.7 11.955782
11.900001 11.968073
13.699981 13.33283
11.2 10.934826
12.499997 12.787125
11.599999 11.611816
11.900001 11.9396715
11.3 11.371217
11.2 11.250835
10.1 10.219645
11.400001 11.457191
11.3 11.377266
11.1 11.252753
11.2 11.310254
11.7 11.391406
11.599999 11.524737
11.400001 11.357758
11.999998 12.486364
12.399998 12.163666
12.299998 11.370432
11.900001 12.000443
11.1 11.072046
11.599999 11.753475
12.299998 12.86631
11.8 11.928038
11.400001 10.532293
14.200179 13.6663475
11.400001 11.508854
11.8 11.905494
11.599999 11.658256
11.3 11.396063
11.2 11.263195
13.219187 12.802542
11.400001 11.278098
13.000009 12.920687
11.900001 11.997776
11.3 11.410686
12.299998 11.760865
10.1 10.057603
11.400001 12.539996
11.5 11.499114
12.299998 11.98536
14.145758 13.426107
11.7 11.791086
11.599999 11.682342
11.599999 11.572344
11.2 11.235995
11.999998 12.172746
11.8 11.949609
11.1 11.266844
11.599999 11.30752
11.3 11.479044
11.400001 11.580176
11.2 11.260436
11.400001 12.06612
11.2 11.280542
12.299998 11.627203
11.5 11.457077
11.7 11.6239
12.1 12.177532
11.3 11.381541
13.200015 12.628397
11.3 11.390521
11.1 12.595034
11.5 11.497634
11.5 11.831103
11.599999 11.508039
13.1 12.345212
11.7 11.955203
13.200015 12.7128105
11.2 11.227157
13.699981 12.715263
11.599999 11.411443
11.900001 11.433301
11.999998 12.200338
11.2 11.23879
11.900001 12.025526
12.19691 12.64152
11.599999 11.609526
11.2 11.984224
11.900001 11.943199
11.5 11.59935
11.400001 11.302351
11.900001 11.965926
11.5 11.422678
11.5 11.771191
11.2 11.364548
13.299971 14.248622
13.200015 12.156534
11.599999 11.789269
11.2 11.543357
11.3 11.397407
12.299998 12.806556
11.3 11.449891
11.5 12.138882
11.599999 11.780852
11.400001 11.348873
11.400001 11.434451
11.8 11.930341
11.5 11.278387
11.8 12.406504
11.1 11.824274
12.499997 12.75416
11.2 11.284119
10.622879 11.151356
11.8 11.988153
11.599999 11.685762
12.799992 12.0770035
11.900001 11.982024
11.599999 11.321134
11.900001 12.232311
11.2 11.2181635
11.999998 11.949501
11.3 11.5538025
11.900001 11.994189
11.3 11.55564
11.900001 12.184956
11.900001 11.913963
11.1 11.189514
11.7 11.987506
14.400163 14.290581
12.799992 12.687333
11.2 12.323639
11.2 11.372199
11.400001 11.436518
11.900001 11.801979
11.900001 11.941424
11.999998 11.297521
11.1 11.113168
11.1 11.321392
12.899998 11.587772
11.2 11.310248
11.380575 11.511088
11.1 11.321739
11.2 11.211635
11.1 11.740227
11.2 11.634108
11.5 11.440741
11.599999 11.635685
10.8 11.124123
11.599999 11.6331625
11.900001 11.947931
11.7 12.092964
11.900001 11.947348
12.199999 11.469512
14.500117 13.709461
11.599999 11.70713
10.5 10.658134
11.5 11.625311
11.1 11.316797
11.900001 11.962497
11.2 11.333306
13.399989 12.102436
11.900001 11.930456
11.7 11.844255
11.1 11.933748
11.400001 11.411268
13.821246 13.237642
12.1 11.922902
11.7 10.7777
11.599999 11.727088
11.3 11.296386
10.622879 10.721246
11.2 11.263397
11.599999 12.060025
11.1 11.428303
11.5 11.492624
11.5 11.537231
11.1 11.329114
10.869551 13.671716
11.599999 11.693938
10.40103 10.253299
11.1 11.169367
12.899998 12.071237
11.7 11.888867
11.5 11.52622
11.599999 11.930727
11.2 11.798343
11.5 11.682001
11.2 11.3104
11.999998 12.038233
12.199999 11.628292
11.2 11.30914
10.622879 10.645583
14.901343 14.447684
11.900001 12.60436
11.8 11.93632
11.999998 12.0511
11.5 11.678118
11.555932 11.909964
11.599999 11.6883335
11.3 11.335193
14.375724 13.164695
10.1 10.65758
11.900001 11.872031
11.5 11.764759
11.3 11.383504
11.599999 12.150427
11.3 11.324583
11.3 11.369906
11.2 11.476137
11.599999 11.680052
11.900001 11.9783325
11.599999 12.532886
12.299998 12.262349
11.2 11.602241
11.900001 11.923661
12.699998 13.234458
11.1 11.256107
12.299998 13.174802
11.8 11.929522
11.3 11.401169
12.199999 12.514325
11.999998 12.156979
11.2 11.295479
13.699981 13.698221
10.1 10.474701
13.000009 12.057085
10.70206 10.721738
10.70206 11.012142
10.70206 10.703667
11.599999 11.676455
11.900001 11.92013
11.2 11.304955
11.8 11.803663
11.1 11.313718
10.5 11.024158
11.8 12.1354
11.212469 11.27931
9.923909 10.183169
11.5 11.430375
11.7 11.691129
11.2 11.22165
11.599999 11.924318
11.849336 11.873226
13.600039 12.693758
11.400001 11.361784
10.70206 10.559911
11.400001 12.114826
13.699981 13.973489
10.40103 10.485531
11.2 11.265438
11.3 11.369342
11.2 11.318604
10.40103 10.635647
11.3 11.471085
11.8 11.880457
11.1 11.079646
11.1 11.327495
11.3 11.296287
11.400001 11.380548
11.400001 11.376676
11.600844 11.368152
11.1 11.120123
11.5 11.740057
11.2 11.367356
13.000009 11.622072
11.900001 11.973854
11.1 11.343412
11.1 11.331886
11.8 11.956356
11.2 11.245692
11.2 11.29953
11.3 11.442172
14.500117 14.141804
11.1 11.352575
11.3 11.375893
11.599999 11.642205
11.2 11.285473
11.400001 11.406584
11.1 11.118385
11.400001 11.3722105
11.900001 11.985264
11.8 11.861915
10.8 10.492744
11.2 11.61355
12.199999 11.966288
11.3 11.395981
11.2 11.314552
12.599997 11.436082
11.5 11.635686
11.8 11.925082
11.5 11.70294
11.8 12.5301485
11.2 11.320306
12.499997 13.062072
11.900001 11.955398
12.199999 12.396313
11.3 11.415501
11.1 11.492068
11.900001 11.951084
11.999998 12.551648
13.299971 12.713007
12.699998 12.058247
11.2 11.30011
11.999998 12.449312
11.999998 12.069529
11.7 11.931242
11.900001 12.00671
12.1 11.927818
11.2 11.370206
11.3 11.924529
11.1 11.267995
11.5 11.567679
11.900001 11.871394
12.8447275 12.765474
14.999629 14.535792
11.5 11.564787
11.900001 12.071893
11.900001 12.023427
11.400001 11.319477
11.999998 11.641634
11.2 11.263826
11.2 11.64179
11.7 11.841755
11.900001 12.28413
11.7 11.8018265
10.2 10.502687
11.8 11.889528
11.400001 11.705915
11.7 12.168144
11.3 11.577698
11.599999 12.27568
10.1 10.839619
11.5 11.2912245
11.900001 11.898708
11.1 11.307646
11.999998 11.762035
11.400001 11.353138
11.900001 12.015781
11.1 11.248987
11.599999 12.199007
12.1 11.909598
12.923909 12.434435
11.5 11.582767
10.9 10.409338
11.2 11.342849
13.800057 11.415516
11.599999 11.4005165
11.3 11.664687
11.599999 11.74762
11.900001 11.9896555
13.999974 12.491125
15.581486 14.93123
11.2870865 11.286229
11.2 11.337978
11.7 11.808437
11.8 11.954341
12.199999 12.319067
13.1 13.569585
11.3 11.4930525
11.900001 11.292926
12.088853 12.224014
11.900001 11.412207
10.40103 10.305706
11.1 11.301944
11.599999 11.801021
11.900001 11.897356
11.999998 12.02733
11.5 11.856125
11.900001 11.500631
14.700326 14.123932
11.1 11.389111
11.1 11.162444
11.400001 11.85643
11.2 11.185242
11.900001 11.959668
11.1 11.203654
11.5 11.646139
12.63529 10.84705
13.1 12.9006
11.1 11.303428
10.1 10.336154
11.3 11.4058895
11.1 10.866784
11.3 11.770315
11.5 11.876809
11.2 11.460563
11.3 11.517563
11.5 11.262648
10.996197 10.983139
11.3 11.6461115
11.8 11.886637
10.29382 11.244655
10.70206 10.734138
11.2 11.193028
11.900001 11.999953
11.900001 12.237907
11.900001 12.06176
11.1 11.220677
13.000009 13.079354
11.5 11.585365
11.5 11.599732
11.1 11.154836
11.1 11.23167
11.599999 11.687897
12.020819 12.051449
12.1 11.724365
11.5 11.822471
11.1 11.013092
14.600313 14.4626045
12.699998 11.746675
11.400001 11.80411
11.2 11.37787
12.199999 11.979688
11.900001 11.976687
12.599997 12.464498
11.1 11.232872
11.2 11.32293
11.900001 11.954495
11.5 11.617124
11.3 11.331254
11.2 11.392635
11.375724 10.795102
13.399989 14.160191
11.3 11.383854
11.900001 11.880127
11.2 11.357365
12.1 11.483391
11.2 11.4046135
11.900001 11.959181
11.900001 12.043267
11.1 11.260178
11.1 11.588593
11.3 11.660894
11.5 11.6637
14.427902 14.248016
11.400001 11.606234
11.5 11.668982
11.400001 11.486919
14.145758 13.917501
11.8 11.9578495
11.2 11.340552
11.900001 11.965599
13.000009 12.758039
11.3 11.365494
11.1 11.322507
11.8 11.928616
11.359637 12.09396
11.1 11.1379
11.5 11.701357
11.599999 12.798144
11.1 11.149287
10.541291 11.16909
11.5 11.500765
11.900001 12.001166
11.900001 12.034897
11.1 11.572481
11.400001 11.521057
11.1 11.300631
11.3 11.344066
11.900001 11.937593
11.8 11.919206
10.7 10.488593
11.999998 11.724922
12.599997 13.034761
12.299998 11.578795
11.7 11.820194
11.3 11.294091
12.651294 12.389387
11.2 11.682584
11.5 11.493904
12.399998 11.700647
11.400001 11.524887
12.046395 11.493003
11.3 11.182678
11.8 11.907534
11.5 11.499764
10.972896 11.554065
11.900001 11.989412
11.2 11.24102
13.999974 13.927294
12.399998 13.572535
11.1 11.254175
11.900001 11.531599
11.8 11.932513
11.3 11.354974
11.5 11.500588
11.1 11.123161
11.5 11.519409
11.2 11.239672
11.5 11.557995
11.7 11.861433
12.499997 12.041527
12.199999 11.940536
11.3 11.378545
11.7 11.457949
14.668636 14.659656
10.40103 10.317482
11.7 11.368737
10.6 10.4595375
10.79897 10.709909
11.900001 11.990529
11.999998 11.916258
11.49794 10.345718
11.1 11.158707
11.2 11.255375
11.2 11.233494
11.7 11.791149
11.999998 11.896214
11.7 11.698544
11.999998 12.651862
11.2 11.33034
12.1 11.954412
11.7 11.465064
11.8 12.154654
11.8 11.759247
10.70206 10.743627
12.899998 12.395641
14.1 14.178873
11.5 11.715102
13.399989 13.002691
9.79897 9.997658
11.3 11.371712
9.70206 9.796057
10.1 10.067401
11.2 11.299158
12.1 11.616974
11.2 11.296982
11.599999 11.645689
13.191515 12.704448
11.2 11.384669
11.8 12.075294
11.5 11.5315275
11.3 11.372652
11.599999 11.690353
11.599999 11.580687
11.7 11.700403
11.3 11.343078
13.299971 12.879098
12.399998 12.595596
13.622879 13.534227
11.5 11.48746
12.1 12.507006
11.2 11.2948675
10.40103 10.436994
12.120642 11.848764
11.400001 11.331037
11.3 11.660027
12.499997 12.213247
11.1 11.233202
11.2 11.327735
11.599999 11.934368
11.7 11.816405
11.2 11.84169
11.1 11.945897
10.1 11.505012
11.2 11.591921
12.1 11.906221
11.3 11.928503
11.599999 11.793593
11.5 11.589703
11.2 11.100104
12.199999 11.823336
10.79897 11.169265
11.2 11.241509
10.40103 10.676411
11.087163 10.329648
12.899998 11.658874
11.5 11.785694
11.3 11.806396
11.058607 11.452235
12.1 11.945783
13.899971 12.862616
12.499997 11.876548
10.2 10.263376
11.8 11.9845
11.900001 11.940157
11.3 11.628952
11.1 11.211379
10.4 10.647989
11.3 11.355663
11.2 11.32904
11.599999 12.803368
11.1 11.34462
11.5 11.545407
11.2 11.422732
11.8 11.918678
11.2 11.30467
11.8 11.951729
11.900001 11.969866
11.400001 11.435474
10.49794 10.449385
12.399998 11.923973
12.899998 11.452202
11.1 11.216692
11.7 11.714976
11.3 11.46929
11.1 11.240651
13.1 12.492858
11.2 11.805667
11.400001 11.524353
11.2 11.2691345
11.999998 12.36805
11.1 11.276627
11.999998 11.333826
10.622879 11.241263
11.3 11.4123335
9.79897 9.9092655
11.2 11.237501
12.699998 12.53748
11.400001 11.412919
12.170581 11.566481
11.8 11.922289
11.900001 12.003931
12.180922 11.443791
11.8 11.833729
11.7 11.6380415
11.900001 11.749983
11.999998 12.093833
11.8 11.703722
11.400001 11.456919
11.7 11.498411
11.2 11.386758
11.1 11.14466
11.719789 10.471039
10.622879 10.8950405
11.999998 12.275473
11.1 11.1991825
12.399998 12.255815
13.1 12.536392
12.499997 13.023403
11.999998 11.993403
10.40103 9.968959
11.8 11.983732
11.999998 12.107718
11.400001 11.8097515
11.8 11.952747
11.2 11.381033
11.1 11.238936
11.7 11.863976
11.1 11.40252
13.8447275 12.206826
11.999998 12.538916
11.400001 12.744477
11.2 11.338787
11.2 11.380741
12.399998 12.192834
12.299998 12.348826
11.1 11.203433
12.699998 13.445572
11.2 11.282297
11.2 11.935431
11.3 11.395578
11.999998 12.041325
11.2 11.298118
11.3 11.34967
11.1 11.908003
12.899998 12.566992
11.2 11.36188
11.118106 11.313251
11.5 11.600724
11.8 11.847708
11.2 11.368004
11.900001 11.970711
12.199999 11.9020195
13.600039 13.119923
11.2 11.298639
11.1 11.172571
11.400001 11.539471
11.5698 11.640833
11.1 11.181292
11.1 11.190115
11.2 11.231345
11.900001 11.872326
12.1 11.9102745
11.599999 11.59873
11.7 11.736986
11.599999 11.370733
12.40103 14.437901
11.1 11.789524
11.2 11.272778
11.3 11.358018
11.7 11.638998
11.999998 11.654692
11.8 11.909913
11.7 12.512811
11.5 11.651239
11.8 11.926847
11.3 11.417576
12.299998 12.273559
11.8 11.564312
11.3 11.796934
11.3 11.35441
13.699981 12.987597
11.900001 11.949038
11.999998 12.053066
11.1 10.888582
11.900001 11.973198
11.900001 11.952703
11.400001 12.170068
13.399989 12.593824
11.2 11.421566
11.1 11.228289
11.900001 12.171142
11.599999 11.873606
11.999998 11.522122
11.2 11.338479
11.3 11.410785
11.2 11.356725
10.6 10.637544
11.599999 11.800173
11.2 11.34577
10.79897 11.579628
11.3 11.381282
11.7 11.85302
11.900001 11.752989
11.2 11.541775
11.7 11.949383
11.900001 12.045347
11.5 11.1828985
11.1 11.222296
11.1 11.072445
11.1 11.168568
11.1 11.216761
10.40103 10.55374
11.900001 12.033123
11.400001 12.041042
11.1 11.219199
11.3 11.388528
10.7 10.329792
12.499997 12.366028
10.5 10.423325
11.344125 12.117678
11.2 11.874201
11.1 11.783469
11.8 11.839199
11.5 11.427151
11.900001 11.934763
11.2 11.4844475
10.2 10.560834
11.599999 11.242411
9.750965 11.320261
11.70103 11.858288
11.3 11.516555
14.299971 13.608696
11.599999 11.622131
11.400001 11.464271
11.1 11.255157
11.1 11.638445
11.599999 11.808441
11.2 11.591991
11.2 11.309136
11.400001 11.687374
13.000009 12.816552
11.2 11.2963505
11.8 11.77673
11.599999 11.577985
11.3 11.452668
11.8 11.920211
13.860608 13.069062
11.2 11.297065
11.2 11.292957
12.765546 12.438322
11.1 11.231515
11.7 12.078717
11.1 11.224602
11.8 11.717455
11.7 11.881338
12.777781 12.656918
11.8 11.925423
10.40103 10.6699095
11.3 11.363602
11.2 11.334764
11.5 11.549936
11.400001 11.772171
11.2 11.302053
11.5 11.509826
11.5 11.402939
11.2 11.279492
13.399989 12.823317
11.5 11.707438
11.2 11.253448
11.8 11.954777
11.900001 12.049232
11.3 11.321869
11.400001 12.212042
12.699998 11.989086
11.400001 12.256861
11.8 11.957659
11.999998 12.134993
11.2 11.3597145
13.219187 12.318243
11.8 11.915161
10.4372425 10.898459
11.900001 11.980317
12.199999 11.951417
11.1 11.224406
12.299998 11.573819
12.1 12.395027
11.599999 12.059716
11.97999 11.922893
11.2 11.541111
12.499997 12.082949
11.900001 11.952844
11.5 11.711409
11.7 11.714843
13.399989 13.705479
11.2 11.34907
11.999998 11.274853
13.899971 13.672844
14.088687 13.1684885
14.805467 11.779683
11.2 11.372115
11.1 11.215825
11.2 11.537054
11.3 11.506994
11.1 11.304329
11.400001 11.463886
13.299971 12.15776
11.89588 11.690624
11.520216 11.227606
11.400001 11.501862
11.8 11.441733
11.900001 12.000099
11.999998 11.635696
11.7 11.920063
11.8 11.844309
12.199999 12.188824
11.8 11.937386
11.2 11.510466
11.5 11.364151
11.900001 12.006078
11.2 11.2257595
11.2 11.409997
11.599999 11.86602
12.54 12.303507
12.799992 12.808805
11.3 11.498703
11.3 11.409161
10.622879 10.631307
11.900001 11.357619
11.637602 11.674696
11.999998 12.1212845
12.299998 12.290749
11.900001 12.043289
11.195826 11.584501
15.1 14.181878
11.3 11.366201
11.8 11.950292
11.1 11.236676
11.599999 11.630571
11.900001 12.240883
11.5 11.533842
14.1 14.265025
12.199999 12.122812
11.1 11.139441
11.599999 11.782202
12.499997 12.411375
11.1 11.149189
14.200179 13.803879
11.224938 11.262925
11.2 11.231915
11.1 11.366301
11.2 11.275331
12.199999 11.712805
11.1 11.267724
11.900001 12.103365
10.058607 10.094711
11.999998 11.809122
10.1 11.205112
11.1 11.253688
10.70206 10.60637
11.2 11.422935
11.999998 11.170009
13.699981 13.439964
13.699981 12.100314
11.7 11.554845
11.2 11.398335
11.599999 11.833139
11.5 12.00379
11.3 11.369121
11.2 11.330511
12.622879 12.109713
13.899971 12.758774
11.2 11.282007
11.599999 11.327125
13.200015 12.970657
11.336121 11.044975
14.700326 14.340565
11.3 11.2872715
11.599999 11.674453
11.999998 12.155456
11.5 11.680767
14.1 12.3705845
11.3 11.40946
11.3 12.189257
11.3 11.441726
12.199999 11.490749
13.500008 13.879862
11.1 11.30085
11.198542 11.614204
13.000009 11.718488
10.6 11.19862
12.699998 11.9545765
11.3 11.474416
12.299998 11.80531
11.404665 11.2162695
11.3 11.435301
11.1 11.244924
11.400001 11.51333
11.8 11.592588
10.70206 10.9304285
11.400001 11.605788
14.183691 13.861277
11.7 11.820976
11.1 11.174698
11.599999 11.344984
11.2 11.352971
11.2 11.727728
13.200015 12.291176
12.299998 11.964639
10.1 10.401204
11.900001 11.937428
11.2 11.251478
11.3 11.405739
11.1 11.343042
11.1 11.1235285
11.1 11.233046
11.400001 11.7462
11.2 11.31821
12.599997 11.725593
10.622879 10.981793
11.7 11.930437
11.3 11.589693
11.2 11.239176
11.3 11.528858
11.2 11.607519
13.000009 12.92346
14.700326 15.01238
11.1 11.231473
11.7 11.952507
12.899998 13.291107
11.599999 11.584684
12.599997 12.9073715
11.1 11.224795
11.999998 12.060144
11.8 11.982252
11.999998 12.062662
11.1 11.246188
11.900001 11.956313
11.821246 12.177479
11.2 11.297409
10.7 10.132451
11.2 11.331697
12.586782 12.300966
11.2 11.435334
11.1 11.408972
11.900001 11.967125
12.799992 12.881388
11.8 11.855811
11.400001 11.472859
11.2 11.205782
12.499997 12.056047
11.7 11.752332
11.2 11.355318
11.2 11.281088
13.200015 12.410407
12.281115 11.323098
10.4 10.226911
10.3 10.574205
11.274371 11.360786
12.499997 12.453131
12.799992 12.181813
11.400001 11.551154
11.8 11.864704
11.900001 11.741757
11.3 11.558511
11.1 11.169083
11.7 11.763239
12.028305 12.0094185
11.400001 11.990713
11.900001 11.92233
11.2 11.473522
11.1 12.035979
11.900001 11.992301
11.400001 11.42425
11.2 11.294428
11.2 11.291524
11.3 11.36698
11.2 11.314463
11.8 11.499205
10.70206 10.686006
11.2 11.328163
11.1 11.555835
11.900001 11.374588
11.5 11.908448
11.900001 12.089457
12.199999 12.746229
11.3 11.455555
13.97615 13.304526
11.1 11.391153
12.799992 13.191403
11.2 11.310005
11.5 11.6415
11.3 11.506184
11.8 11.913895
11.2 11.200122
11.3 11.240685
11.19691 10.278039
11.599999 11.87503
12.499997 12.314013
11.7 11.873573
12.199999 11.809896
11.3 11.365324
13.89588 12.310232
13.19691 13.427851
10.6 10.624345
12.199999 11.978794
11.900001 11.958461
11.2 11.67194
15.058607 13.294479
11.8 11.994438
13.340332 12.251713
12.446788 12.43678
11.1 11.462438
13.1 13.150713
11.2 11.502201
11.3 11.270134
10.3 10.751174
11.2 11.196924
11.1 11.224911
12.499997 11.574957
11.7 11.714964
11.8 11.819173
12.446788 12.337878
11.400001 11.409106
14.125949 14.752611
11.7 11.549076
11.999998 12.126988
11.900001 11.960814
11.2 11.328195
11.2 11.276783
11.5 11.943688
11.2 11.232527
11.175305 11.248598
11.2 11.217039
11.400001 11.417419
10.4 10.620918
11.170581 11.661497
11.8 11.9167
11.3 11.653924
11.2 11.29161
11.8 11.772932
11.2 11.267641
12.699994 12.629843
11.3 11.63744
11.1 11.239762
11.900001 11.952492
12.8447275 10.34204
11.400001 11.355604
11.3 11.374698
13.699981 13.529062
11.2 11.235052
12.199999 12.034813
11.5 11.57839
11.1 11.386164
11.900001 12.000775
11.108774 11.299476
11.1 11.350005
13.000009 12.214918
11.7 12.287245
11.900001 11.7894945
12.599997 13.283955
11.2 12.023368
11.8 11.846786
11.3 11.404806
12.799992 12.884699
11.999998 12.203147
13.200015 12.656201
10.79897 10.728718
10.2 10.501021
11.3 11.39191
12.899998 11.882694
11.2 11.445915
11.1 11.125071
11.999998 11.8178215
11.599999 11.652497
11.7 11.317788
11.900001 11.674213
11.1 11.304747
11.7 11.911574
12.699998 12.582948
11.8 11.893643
11.155518 10.540175
12.8447275 11.010418
11.2 11.269745
11.7 11.882784
11.3 11.290411
14.986056 14.735981
11.8 11.777501
14.375724 14.288643
11.7 11.572939
11.599999 11.720234
11.599999 11.658318
12.799992 12.895959
11.900001 11.471606
11.1 10.553755
11.3 11.298935
11.999998 11.346299
11.900001 11.952504
11.7 11.859858
11.400001 11.450333
11.777781 12.037014
11.999998 11.639369
11.1 11.193451
11.999998 11.989582
11.8 11.924581
11.1 11.14606
11.400001 11.489334
12.499997 12.422351
14.500117 14.218374
11.3 11.460662
11.2 11.332731
11.999998 12.096657
11.8 11.909801
11.747817 12.215619
11.400001 11.274397
11.79897 12.473211
13.000009 12.622534
12.399998 11.635063
11.900001 12.047157
11.400001 11.362305
12.899998 12.842841
11.5 11.674186
11.7 11.541414
11.599999 11.206301
11.900001 11.969605
11.5 11.447772
10.6 10.373684
11.1 11.349814
12.899998 12.888978
12.199999 11.908993
11.999998 11.81534
11.1 11.336389
11.2 11.238941
10.70206 10.592428
11.8 11.927149
11.2 11.3221445
11.5 11.536316
11.3 11.233777
11.685027 11.917158
11.5 11.9378195
12.499997 11.407877
11.7 11.763346
11.5 11.627411
11.3 11.366317
11.8 11.933857
13.608639 13.29137
11.8 11.941734
11.400001 11.54743
11.900001 12.592831
14.500117 14.691314
11.2 11.344762
13.899971 11.79615
12.899998 11.345917
10.4 10.668997
13.1 12.000862
11.999998 12.081352
11.400001 11.367331
11.7 11.651638
11.599999 11.59903
11.3 11.57102
14.79897 14.124051
11.8 11.919775
11.2 11.622899
9.79897 10.002792
12.233122 12.363163
11.2 11.311607
11.3 11.419575
11.5 11.671846
11.900001 12.192352
11.3 11.397996
11.2 11.395602
11.5 11.767929
11.2 11.331955
11.1 11.575932
11.2 11.247528
10.3 10.575663
11.2 11.252719
12.299998 12.3414135
11.3 11.535199
11.8 11.906326
10.923909 11.196686
11.2 11.283031
11.1 11.191551
11.2 11.191393
11.2 11.29506
11.999998 13.012134
12.399998 12.576541
11.1 11.242484
12.899998 12.753565
11.599999 11.491114
11.599999 11.611104
11.2 11.227362
12.1 11.909988
11.2 11.36144
11.3 11.335133
11.900001 11.278837
11.400001 11.292997
11.1 11.122584
11.5 11.632032
11.599999 11.709601
11.3 11.454873
11.2 11.302957
11.3 11.576265
11.1 11.20743
14.1 13.297017
11.5 11.637647
11.1 11.165938
10.7 11.258509
11.5 11.512408
11.1 11.344461
11.900001 11.9865675
11.2 11.26935
10.47675 10.564922
13.000009 12.948647
11.3 11.334876
12.799992 11.677736
11.2 11.361448
11.175794 11.323102
11.1 11.302652
11.254902 11.348861
11.599999 12.000074
11.1 10.460079
11.3 11.576313
13.1 11.98376
11.1 11.217293
11.7 11.844654
11.900001 12.031021
11.8 11.962627
12.499997 12.725677
12.499997 12.491529
11.7 11.633955
12.399998 13.265362
11.1 13.019987
13.000009 12.884323
11.8 11.601457
12.637602 13.399478
11.2 11.35113
12.299998 11.654263
11.15 11.289072
11.3 12.021337
11.5 11.421957
9.79897 9.951074
9.70206 9.747316
11.900001 11.967503
11.2 11.500556
9.79897 9.969921
11.5 11.500303
11.2 11.328148
11.7 11.978437
11.2 11.245596
11.1 11.233438
11.8 11.921974
11.1 11.330715
11.5 11.352182
12.299998 11.526005
11.999998 11.852788
11.2 11.28025
11.599999 11.81139
11.1 11.259669
11.599999 11.609684
11.2 11.373242
11.8 11.8878565
11.900001 11.576956
11.8 11.964244
11.2 11.238327
12.499997 12.619766
11.392429 12.179745
14.700326 11.549673
11.7 11.39819
11.2 11.317246
11.900001 12.016943
11.8 11.899692
11.7 11.853981
11.900001 11.95672
11.599999 11.776584
11.1 11.41473
11.2 11.330924
11.8 11.874683
11.7 11.565214
11.1 11.250213
11.8 11.843207
12.020819 12.173521
11.1 11.186313
11.7 11.844015
11.900001 12.098492
11.900001 11.885834
11.2 11.319868
11.7 11.871014
11.400001 11.725386
11.900001 12.013512
9.47675 9.895379
11.999998 12.183295
13.1 12.729912
11.7 11.9879875
11.900001 11.959644
12.199999 12.005463
11.2 11.335855
11.5 11.540586
11.599999 11.672687
11.1 11.185491
11.999998 11.999689
11.3 11.395949
11.8 11.465436
11.2 11.322472
11.2 11.33907
12.1 12.112475
11.0 11.505586
9.79897 9.953298
11.5 11.646872
11.1 11.158628
12.899998 12.899281
11.2 11.283824
11.7 11.332979
12.199999 11.707906
11.2 11.237007
11.8 11.768075
11.8 11.939243
11.5 11.669013
11.2 11.4291115
11.900001 11.956081
11.900001 11.8362255
12.1 11.654639
11.7 11.788675
11.5 12.009301
12.199999 12.062544
14.901343 14.389749
11.400001 11.304917
11.7 12.183832
11.7 11.447054
11.900001 11.893014
11.343923 11.541141
11.599999 11.393124
13.897412 13.329323
9.1 11.058878
11.986056 12.18364
11.3 11.374709
10.1 11.666252
11.900001 11.938755
11.999998 11.712
11.599999 11.904901
11.49794 11.2057
12.622879 12.4347
12.399998 11.989042
11.2 11.331786
11.7 11.758844
11.2 11.252532
11.1 11.242321
11.599999 13.098604
11.1 12.04225
10.49794 13.265829
11.254902 11.567942
11.1 11.096571
11.5 11.526705
12.499997 12.678001
11.2 11.311458
11.8 12.442151
11.3 11.08882
11.2 11.283473
11.400001 11.502846
11.5 11.274278
11.2 11.808872
11.5 11.852539
11.3 11.67288
11.400001 11.390565
13.648455 14.463215
11.757577 12.042812
11.599999 12.178987
11.400001 11.537191
11.5 11.541626
11.5 11.436026
12.199999 11.954638
12.399998 11.669149
10.8 11.332433
11.49794 11.2944355
11.8 11.305197
11.3 11.588302
11.2 11.420435
11.8 11.761974
13.699981 13.416504
11.400001 11.591639
10.49794 10.62054
9.79897 9.621082
11.400001 11.510897
13.000009 12.135254
11.1 11.264465
12.599997 12.798697
12.799992 12.445852
11.5 11.509868
11.5 11.438806
11.599999 11.86441
11.2 11.289218
13.321849 12.852188
11.8 11.885138
11.1 11.072245
15.999629 12.489783
11.1 11.237851
11.2 11.284573
11.5 11.727352
11.8 11.892928
11.7 11.896273
11.1 11.209892
11.5 11.392504
11.999998 12.006994
12.599997 11.887079
11.599999 11.573237
11.400001 11.521509
11.900001 12.02114
12.299998 11.996553
11.2 11.458363
11.2 11.347986
13.399989 14.110786
11.5 11.649445
11.999998 12.698116
11.900001 11.977678
11.599999 11.594469
11.999998 12.09331
11.999998 12.364008
10.779135 11.320354
11.2 11.396172
12.199999 12.42671
11.599999 11.851257
11.900001 11.951796
11.599999 11.623335
11.2 12.028555
11.2 11.313385
11.599999 11.589041
14.901343 14.559958
11.599999 11.860533
11.8 11.95362
11.900001 11.271082
11.2 11.239496
11.2 11.411196
11.7 11.721024
11.1 11.166833
11.900001 12.110969
11.3 11.651543
10.1 12.117907
13.200015 12.602932
12.499997 12.626386
11.1 11.312
11.8 12.433844
11.2 11.282784
10.3 10.951118
11.999998 11.958845
11.3 11.300124
11.1 11.198821
11.2 11.346294
11.543697 11.948229
11.7 11.947906
11.900001 11.993429
11.1 11.394635
11.900001 11.973684
11.1 11.242081
11.5 12.692953
11.999998 12.028166
10.622879 10.331377
11.710834 11.5078335
11.900001 11.265992
13.1 13.477016
11.8 12.181236
14.329148 14.325457
14.923909 14.146122
11.8 11.805283
10.70206 10.745741
12.1 12.838184
11.900001 12.194742
11.400001 11.418762
12.1 11.949643
11.2 11.277325
11.5 11.303079
11.900001 12.01543
11.69176 11.276623
11.1 11.434898
11.3 11.324239
11.900001 12.03336
11.3 11.419191
11.900001 11.67074
11.3 11.367234
11.3 11.475513
11.56133 11.59927
11.1 11.148221
14.299971 13.44808
11.8 11.945328
11.5 11.590339
12.399998 11.9376955
11.5 11.801435
11.999998 12.056403
11.2 11.319819
11.8 11.87217
11.2 11.330036
11.599999 12.237037
11.1 11.051774
12.199999 11.47612
12.1 12.044874
11.5 11.728884
14.1 13.546911
11.3 11.397757
11.8 11.906766
11.8 11.872785
11.5 11.445114
11.2 11.248376
12.199999 11.3834915
11.578862 11.70913
11.3 11.332352
12.1 12.030188
11.400001 11.433743
11.900001 11.859856
11.8 11.995153
12.300659 12.694313
11.2 11.303928
12.199999 12.229898
12.699998 12.275262
11.3 11.326486
11.8 12.066236
11.2 11.350587
11.3 11.296343
12.1 12.786484
11.1 11.158289
11.7 11.710804
11.5 11.819725
12.199999 12.064669
11.1878605 11.291889
12.799992 12.506245
11.599999 11.637594
11.254902 11.5085945
12.1 12.036817
14.321849 14.232768
11.7 11.806095
11.8 11.990536
11.49794 11.276451
11.400001 11.887098
11.900001 11.865496
11.2 11.29665
11.2 11.408349
11.5 11.57724
11.2 11.260392
11.2 11.903375
12.599997 12.709384
11.900001 11.988955
11.1 11.351494
12.1 12.029697
11.2 11.491257
11.2 11.395308
12.499997 12.799184
11.404665 11.294836
11.2 11.291668
11.999998 12.042732
11.599999 11.826947
10.1 10.565608
11.900001 11.846279
13.399989 12.844753
13.737937 12.74219
11.7 11.814426
11.3 11.495046
11.3 11.368372
11.953872 12.542187
12.499997 13.024839
10.1 10.052316
11.1 11.196875
13.299971 13.045612
11.400001 11.4117565
11.2 11.412493
11.3 10.653259
11.900001 11.927206
11.1 11.17809
10.1 10.553694
10.1 10.793253
11.3 11.373595
14.901343 12.042566
11.599999 11.653854
11.3 11.37089
12.180922 12.459371
9.79897 9.967186
11.3 11.55072
11.400001 11.3101425
11.1 11.081198
11.1 12.122366
10.79897 11.711732
11.599999 12.028431
13.321849 13.310817
14.999629 15.254592
12.058607 11.990852
11.2 11.297852
11.5 11.605263
11.1 11.19924
11.599999 11.370566
11.1 11.1849785
11.2 11.464947
11.2 11.556682
11.599999 11.449361
11.5 11.381606
14.162119 14.056486
11.2 11.31138
11.8 11.952868
11.3 11.842779
11.2 11.277747
11.1 11.392414
11.2 11.3371
11.1 11.5286875
11.1 11.351474
11.8 11.882528
11.1 10.815675
11.2 11.297559
11.5 11.489865
12.278486 12.204827
11.400001 11.463425
11.7 11.589291
11.9041 11.794967
14.901343 14.359642
11.2 11.253807
11.8 11.91242
11.1 11.198781
11.2 11.249464
12.427902 13.906608
11.599999 11.3787775
11.3 11.337722
14.1 13.310478
11.5 11.786812
11.7 11.676996
11.2 11.3604145
11.1 11.231965
11.1 11.179113
11.1 11.143728
11.900001 11.931445
11.2 11.466537
11.349999 11.797421
11.900001 11.962981
11.2 11.369741
11.1 11.237018
11.1 11.277114
11.1 11.16714
11.7 11.595145
15.508935 14.862986
11.5 11.531593
11.400001 11.422233
12.299998 11.967591
11.599999 11.292001
13.375724 13.508436
11.8 11.819723
12.1 12.649908
11.2 11.347784
11.1 11.231929
14.307609 14.497713
11.198147 11.277944
11.3 12.378319
11.1 11.272287
12.399998 10.9539175
12.953872 12.83895
10.79897 11.098912
11.3 11.431475
10.5 11.056636
12.499997 11.920802
12.599997 11.74646
11.8 11.986286
11.2 11.254513
11.400001 11.351001
11.400001 11.764515
11.5 11.470857
12.499997 12.078417
11.3 11.846033
11.0 10.931088
12.599997 12.170305
12.199999 12.087096
13.699981 13.420332
11.2 11.181162
12.399998 12.033785
11.2 11.354988
11.900001 11.7564745
11.8 11.848746
11.321849 11.7768345
11.3 11.418821
11.400001 11.670955
11.5 11.350778
11.2 11.298409
13.299971 12.172592
11.1 11.344605
13.399989 12.289703
11.599999 11.409352
11.2 11.5034685
13.200015 12.321096
11.599999 11.673038
13.461511 12.756086
11.900001 11.786024
10.555932 10.701389
11.3 11.324734
11.7 11.88349
11.5 11.5698395
11.2 11.204589
11.900001 11.949733
12.399999 12.009328
11.900001 11.993349
11.900001 11.95285
11.900001 11.899865
12.599997 12.759264
11.3 11.326509
11.900001 11.38225
13.058607 12.049281
11.8 11.881964
10.40103 10.288797
11.5 11.853067
11.5 11.593744
12.799992 11.340538
14.200179 12.335726
11.006578 10.589965
11.999998 11.387657
11.5 11.311733
11.2 11.283426
11.7 11.90884
10.622879 10.82296
11.400001 11.471686
12.020819 11.868498
11.336514 11.400052
12.1 11.910501
11.1 11.242333
14.200179 14.103832
11.1 11.520552
9.890485 10.132876
12.351812 12.212923
14.79897 13.961729
12.1 12.142865
11.8 12.078417
11.1 11.221891
11.599999 11.714651
11.1 11.2989025
12.1 12.551768
14.49794 13.609859
11.2 11.333775
11.7 11.978125
13.508935 13.971588
11.2 11.868325
12.359379 12.060536
11.392429 11.679508
11.599999 12.516891
12.799992 12.41379
11.3 11.512906
11.1 11.921787
11.1 11.558042
11.1 11.1519375
11.999998 12.005869
11.400001 11.753575
11.1 11.21849
11.1 11.542937
11.3 11.610505
11.3 11.909551
12.399998 13.233634
12.199999 11.324804
11.435792 11.238135
11.7 11.492425
11.1 11.123147
12.199999 11.538832
11.400001 11.547622
11.3 11.632124
11.1 11.290773
14.1 13.997909
13.000009 11.400421
13.899971 14.034813
11.900001 12.007023
13.299971 12.573103
12.699998 11.47964
11.900001 11.9691305
10.2 10.101175
11.3 11.593113
11.2 11.478127
10.4 10.662962
11.1 11.156334
11.900001 11.94198
11.900001 11.948246
12.1 12.040148
10.4 10.526637
11.7 11.807036
10.543697 10.722271
11.1 11.205246
11.1 11.36294
11.900001 12.003056
11.2 11.260326
11.7 12.005684
11.1 11.205347
11.3 11.629461
12.899998 11.912125
11.7 11.657124
11.400001 11.375273
11.1 11.005004
11.2 11.424929
13.299971 13.082991
12.699998 11.491088
11.3 11.371347
13.200015 13.016401
11.2 11.289358
11.999998 11.989722
10.4 10.633728
11.1 11.061268
11.900001 12.124946
11.3 11.332758
12.699998 11.956745
11.7 11.912881
11.8 11.903005
11.3 11.336701
11.2 11.2910385
11.1 11.344077
11.1 11.517145
11.400001 11.454703
11.1 11.161211
11.400001 12.050358
11.2 11.316058
11.1 11.205847
11.2 11.243369
11.5 11.605548
11.3 11.523248
11.8 11.453415
11.3 11.30649
11.900001 11.918491
11.1 11.161616
12.1 11.278339
11.5 11.290795
11.1 11.185335
10.40103 10.395468
11.900001 11.977307
11.1 11.276217
11.2 11.217325
11.5 12.06696
11.1 10.742083
11.1 11.298328
12.199999 11.885175
11.7 11.698872
13.200015 12.877398
11.3 11.40265
11.1 11.29799
9.40103 9.599227
11.1 11.47203
11.2 11.29119
12.399998 11.849208
11.599999 11.823435
11.2 11.471872
12.399998 11.815792
14.321063 12.736517
11.7 11.569381
11.3 11.589977
11.5 11.631868
11.1 11.117271
11.66225 12.128725
11.2 11.321753
11.637602 12.088676
11.5 11.917387
11.2 11.258403
14.622879 14.204969
11.8 11.584366
11.900001 11.995947
11.463512 12.709722
10.2 10.781088
11.2 11.366297
10.70206 10.707193
11.8 11.952462
11.7 11.726238
11.5 11.63812
11.1 12.086888
11.2 11.201991
11.999998 11.983438
11.2 11.374035
11.2 11.263152
11.3 11.4086485
11.7 11.671008
12.899998 12.643379
11.1 11.220553
11.2 11.566052
11.1 11.193059
11.599999 11.77733
11.321849 10.898454
11.1 10.744823
10.6 10.5187645
13.500008 13.181564
11.8 11.347692
12.599997 12.615527
10.2 10.298307
11.5 11.627117
11.1 11.173939
11.1 11.246855
10.1 10.049246
11.2 11.289363
11.1 11.345056
10.40103 10.27734
11.2 11.252552
11.400001 11.44767
11.1 11.323863
10.5 10.83052
11.5 11.41684
11.1 11.427702
12.399998 12.687727
11.2 11.286987
14.200179 13.579779
11.3 11.323628
11.2 11.39141
11.2 11.255248
13.399989 12.909681
13.1 12.7828455
11.5 11.57567
11.1 11.272423
14.261151 14.14612
11.3 11.368407
9.79897 9.988325
11.2 11.334135
11.8 12.27224
11.599999 12.047649
13.800057 13.373522
13.066142 12.32157
10.8 10.909412
11.400001 11.379004
11.8 11.92766
11.3 11.826109
11.1 11.187831
11.1 11.3195915
10.1 9.521005
9.79897 9.968801
11.7 11.973141
11.8 11.874674
12.058607 11.437141
11.1 11.326292
11.999998 11.945486
11.400001 11.576326
11.400001 11.528551
11.1 11.301633
11.900001 11.802563
11.599999 11.845559
11.1 11.125188
14.219187 14.4368515
11.5 12.154703
11.1 11.158945
11.1 11.187252
11.599999 11.298338
11.3 11.338072
10.79897 11.617033
11.2 11.360878
11.2 11.330015
11.1 11.168686
12.299998 11.860924
11.2 11.274488
13.000009 13.400157
12.427902 12.421779
11.5 11.630016
11.1 11.158924
11.400001 11.931573
10.1 9.816918
11.3 11.427277
12.794648 12.0586195
10.40103 10.352246
11.40103 11.565817
11.7 11.876995
11.2 11.450887
10.9 10.696654
11.900001 11.954657
11.3 11.603792
11.900001 12.063661
11.2 11.214142
11.2 11.420764
13.267491 12.338633
11.400001 11.469619
12.199999 12.415458
11.7 11.848194
9.79897 9.960421
11.599999 11.416764
11.1 11.140942
11.7 11.945805
11.2 11.250998
11.5 11.588139
11.2 11.484421
11.900001 11.966129
11.2 11.319031
11.999998 12.166763
11.5 11.54124
11.8 11.929902
11.900001 12.20801
12.899998 12.258465
10.622879 10.995137
11.999998 11.826391
11.400001 11.4445715
10.622879 10.71919
11.629299 11.916466
11.2 11.207159
11.2 11.585821
11.1 11.208597
11.2 11.261413
11.1 11.3241625
12.1 12.272235
11.8 11.583372
11.599999 12.356243
11.3 11.377937
12.1 11.340069
11.400001 11.454841
11.5 11.394253
11.1 11.467311
11.5 11.489872
12.299998 11.87841
14.999629 14.335894
11.5 11.468744
11.999998 11.999677
13.1 11.578659
11.400001 11.383313
12.378189 12.208027
14.49794 12.756612
11.8 11.63943
11.999998 11.757666
11.7 11.859764
11.5 11.704363
11.1 11.402845
11.3 11.813505
15.1 14.231782
11.400001 11.355629
11.8 12.010159
11.2 11.307469
11.1 11.169825
13.122276 13.042017
11.7 12.497753
10.1 10.1250725
11.1 11.277409
11.2 11.260682
11.900001 11.936934
11.3 11.912342
14.1 14.16093
11.1 11.804802
12.499997 12.41324
11.2 11.236638
12.899998 12.33566
11.1 11.246922
11.1 11.31382
10.923909 9.9715
13.1 13.131195
11.7 11.892383
11.5 11.424507
11.900001 12.149405
11.3 11.445842
11.5 11.587275
11.0 10.598403
11.2 11.349375
11.2 11.2714405
13.000009 13.2505
10.555932 10.66759
11.8 11.843669
11.900001 11.938044
11.1 11.424586
12.299998 12.661646
11.2 11.263351
12.1 11.430754
11.359637 10.625698
11.3 11.39673
11.1 10.638052
12.1 12.29704
13.581486 13.611529
11.2 11.254021
11.2 11.571623
11.400001 11.675566
11.900001 12.738851
14.1 14.207201
11.1 11.658383
11.1 11.168548
12.399998 11.392168
12.1 11.696381
11.2 11.499151
11.555932 11.141566
11.900001 11.810627
11.400001 11.404799
11.400001 11.850768
11.2 11.420267
12.020819 11.218468
10.2 10.86299
11.1 11.223706
11.2 11.230678
12.699998 12.522558
11.3 11.345853
11.8 11.326723
12.367606 12.352745
10.4 10.259891
11.3 11.339297
11.1 11.175657
11.900001 12.064293
11.2 11.317691
11.2 11.242949
11.599999 12.007351
11.1 11.137534
11.8 12.046165
11.400001 11.267905
12.399998 11.342501
11.7 11.491505
11.400001 11.580214
11.5 11.546139
11.900001 11.964264
11.400001 11.506439
10.8 10.743685
11.2 11.320093
11.8 11.940036
11.2 11.37125
10.1 10.130701
14.777781 14.398293
11.5 11.609047
11.8 11.877802
12.760172 11.371349
10.9 11.159243
13.999974 14.129152
11.1 11.298858
14.622879 14.2047415
11.101305 11.809311
11.1 11.309668
14.400163 14.397971
10.719789 10.118644
11.400001 11.233501
11.900001 11.912025
11.1 11.319439
11.900001 12.25518
11.2 11.27274
11.7 11.8729725
11.1 11.249451
11.5 11.582202
11.777781 11.83596
11.3 11.446503
11.599999 11.707981
11.599999 11.611055
12.1 11.346757
11.2 11.312756
11.5 11.651453
12.199999 11.831717
12.461511 12.251728
11.1 11.179913
11.1 11.225887
11.1 11.207268
11.2 11.571301
11.3 11.45083
11.5 11.808278
11.900001 12.105651
11.8 11.896713
12.1 11.398552
11.599999 11.660139
11.3 11.417854
11.2 11.265657
11.7 11.638838
11.8 11.7366085
11.900001 11.918528
11.5 11.400313
11.900001 11.970603
12.499997 12.791787
11.3 11.522972
11.2 11.315102
11.400001 11.430346
13.1 13.023403
11.5 11.511828
11.1 11.2439575
11.5 11.561842
13.351812 12.517929
11.3 11.395165
11.1 11.2178955
11.599999 11.288638
11.2 11.348816
11.3 11.457555
11.5 11.698587
11.1 11.305146
11.599999 11.690784
13.1 13.287304
11.3 11.369071
11.1 11.202214
10.1 9.673555
14.299971 13.094166
11.3 11.392293
11.599999 11.561757
12.040815 13.558227
11.5 11.532424
10.9 11.121693
11.1 11.152894
11.999998 12.051651
10.622879 10.570101
11.1 11.232247
11.2 11.353169
11.2 11.312591
10.662469 11.180406
11.599999 11.826483
11.1 11.183434
11.400001 11.343996
11.1 11.182336
11.599999 11.469162
11.1 11.230436
14.8447275 14.662279
13.899971 13.840149
11.2 11.361387
11.2 11.262599
13.899971 13.6596155
11.1 11.154579
11.8 11.721907
11.900001 11.480782
11.5 11.61887
11.400001 11.614359
12.199999 11.762544
11.900001 11.936881
11.999998 12.056998
10.70206 10.777667
11.2 11.578753
12.499997 12.772811
11.2 11.305883
11.5 11.828847
13.800057 12.835249
12.051963 11.894169
11.900001 12.035985
10.1 10.030065
11.1 11.272326
12.1 11.220335
11.599999 11.406935
11.2 11.256002
13.600039 14.341701
11.2 11.399235
14.299971 13.314909
12.899998 12.942085
11.400001 11.361988
11.1 11.187807
11.5 11.586466
12.299998 11.802454
11.999998 12.037142
11.3 11.403143
11.5 11.628587
11.8 12.093355
10.622879 11.8205805
13.999974 13.124874
11.2 11.314043
11.8 11.905959
11.900001 12.037652
11.2 11.275724
11.5 11.576658
11.5 11.609287
11.599999 11.538549
11.7 12.161896
11.2 11.281886
11.2 11.329613
12.1999855 12.217894
11.1 11.217213
11.900001 11.939591
11.2 11.307254
11.3 11.402917
11.999998 11.866003
11.999998 12.044741
11.900001 11.959224
11.7 11.7134
11.2 11.319089
11.1 11.278113
12.399998 11.962858
12.499997 11.687087
11.5 10.939039
11.900001 12.000533
11.599999 11.614229
11.400001 11.629858
12.599997 13.21453
11.900001 12.007501
11.900001 11.959298
11.1 11.227562
11.8 11.865606
11.900001 11.963055
11.900001 11.955795
14.40103 14.050476
11.3 11.392391
11.900001 12.015131
13.2704735 12.87694
11.900001 11.981007
11.2 11.298887
13.699981 13.930637
13.800057 13.050679
9.79897 10.452318
11.3 11.691297
11.5 11.623045
11.999998 12.144784
11.999998 11.752779
12.699998 12.382682
12.299998 12.346864
11.900001 11.724188
11.599999 11.761391
11.3 11.406767
12.499997 11.971095
11.400001 11.478178
11.999998 12.573496
12.499997 12.327145
11.1 11.1976795
13.399989 13.853881
10.622879 10.859502
11.400001 11.286875
13.321849 12.866924
11.2 11.387388
11.2 11.278808
11.400001 11.533799
11.2 11.410598
11.3 11.672304
12.399998 12.120742
11.3 11.499485
11.1 11.162758
11.1 11.220505
13.1 11.460717
11.599999 11.621265
11.3 11.345423
11.5 11.92552
12.359637 12.977863
12.699998 12.721925
11.7 11.918201
11.1 11.878824
11.400001 11.478002
11.3 12.340773
11.5 11.926645
11.7 11.72323
11.900001 11.8829975
11.900001 11.965076
11.7 11.53237
12.299998 12.412082
11.5 11.715719
14.299971 14.978695
11.400001 11.411914
11.1 11.11314
11.2 11.337095
13.1 13.224695
11.7 11.920463
12.900001 12.220476
11.3 11.487455
12.79897 12.669657
11.2 11.315508
11.900001 12.027437
13.1 13.343742
11.3 11.264222
11.900001 11.957129
11.1 11.21771
12.199999 11.695581
12.599997 13.143127
12.699998 12.397766
10.70206 10.693338
12.555932 12.523282
11.1 11.162392
11.2 11.473529
11.1 11.055468
11.2 11.289917
11.900001 12.475292
12.21351 12.43795
12.19691 12.674852
13.1 12.5679655
11.5 11.918212
11.599999 11.289579
11.2 11.474796
12.599997 12.189288
11.79897 11.096251
11.900001 12.11606
11.8447275 12.910191
13.899971 13.894687
11.530626 10.902346
11.5 11.8904915
11.999998 12.017651
12.128261 10.792874
11.999998 12.039793
11.900001 12.063652
11.5 11.699651
11.8 11.955288
11.40103 11.729446
11.900001 12.081415
12.199999 12.036769
12.1 12.136134
11.900001 11.751274
11.599999 11.728702
11.239147 11.325239
11.555932 11.158157
10.40103 10.605581
11.7 11.834997
11.2 11.343008
11.5 11.859845
12.799992 13.122133
11.3 11.532749
11.2 11.304124
11.900001 11.952471
11.599999 11.491623
11.5 11.627575
11.999998 11.490167
10.145758 9.918331
12.599997 13.513477
11.400001 11.489886
11.3 11.706705
11.900001 11.987946
12.499997 13.1515465
11.2 11.357506
11.599999 11.773777
11.5 11.418838
11.7 11.899701
11.400001 11.504025
11.8 11.953789
12.699998 12.735916
12.1 11.896509
11.400001 11.568989
11.2 11.320025
11.400001 11.696336
11.2 11.283372
11.5 11.665504
11.2 11.287038
11.1 11.578103
10.224938 10.484487
11.5 11.606807
11.2 11.372253
11.8 12.261755
11.2 11.388395
11.2 11.487114
12.399998 12.726005
10.7 10.807156
11.7 11.536315
11.900001 11.926043
11.400001 11.920423
12.1 12.206194
11.8 11.943744
11.5 11.585176
11.2 11.279004
11.7 12.5451355
11.900001 11.981717
11.3 11.46381
11.1 11.171737
12.899998 11.52857
11.900001 12.105731
10.2 10.414533
11.400001 11.359562
11.1 11.270954
10.4 9.868315
11.2 11.214267
11.599999 11.381757
10.1 11.195112
11.2 11.358811
10.4 10.585255
12.199999 12.389587
11.900001 12.004317
11.7 11.874681
11.1 11.607462
11.2 11.806971
11.2 11.311994
11.2 11.349372
11.599999 11.3460865
11.999998 11.585426
11.599999 11.624058
12.599997 12.615249
11.1 11.207283
11.1 11.483205
10.40103 10.4081335
11.7 11.797166
11.543697 13.049892
13.299971 12.153643
11.76354 12.105032
11.400001 10.896752
11.8 11.9744625
11.1 11.120047
11.7 11.660727
13.999974 12.465459
11.8 11.828057
11.3 11.275835
11.2 11.314874
12.19691 12.47639
12.199999 12.534978
11.900001 11.914297
13.15061 12.771713
11.3 11.353836
11.3 11.455911
11.1 11.244773
13.1 12.635796
11.66117 11.85811
13.869806 12.962737
11.3 11.556714
11.1 11.691538
11.3 11.409399
11.599999 11.616993
14.600313 14.1683
13.020819 13.236713
11.8 11.589799
11.8 11.910624
11.535334 11.95178
11.2 11.271561
11.599999 11.684027
11.7 11.672733
11.900001 11.847318
11.8 11.904584
11.3 11.277985
11.1 11.732063
12.299998 11.515722
11.230768 11.217287
11.5 11.6639805
11.2 11.269135
10.4 10.641768
11.8 11.80405
11.999998 11.845112
11.5 11.976374
11.599999 11.635157
14.200179 13.691869
12.499986 12.221256
12.299998 11.921883
11.7 11.660768
11.7 11.665394
11.900001 11.950338
11.3 11.47392
11.5 11.898461
11.1 11.254698
13.1 12.325893
11.400001 11.394483
11.3 11.464218
11.7 11.365707
11.2 11.250646
11.5 11.595953
14.999629 15.715854
12.499997 12.502336
11.1 11.193191
11.0 10.799224
11.1 11.098119
11.900001 11.949146
11.400001 11.395735
11.1 11.18418
12.926814 13.69171
11.2 11.338646
11.3 11.402536
10.9 11.325249
12.1 11.615374
11.1 11.202035
11.3 11.338733
11.900001 11.703459
12.1 11.798051
11.2 11.344387
11.900001 12.03547
11.5 11.905061
11.5 11.718086
11.8 11.24224
11.8 11.581699
11.7 11.747098
11.7 11.503689
11.2 11.245635
14.058607 14.114457
11.999998 11.893478
11.2 11.296682
11.900001 12.12125
12.1 11.848155
11.8 11.342721
11.999998 12.079821
12.536519 12.099589
11.2 11.270401
11.2 11.575977
9.79897 9.971421
11.2 11.201721
9.40103 9.519201
11.560548 13.268154
10.40103 12.737371
11.7 12.000435
11.5 11.819375
11.3 11.360491
11.1 9.975948
11.2 11.277525
11.2 11.223828
10.145758 9.941104
11.3 11.2967615
11.2 11.208078
11.19691 10.643011
15.1 14.365166
11.8 11.978185
11.1 11.194256
11.3 11.355078
11.2 11.266912
11.1 11.239298
12.51862 12.042723
11.900001 12.329618
11.900001 11.963354
11.8 11.816359
11.1 11.525541
11.5 11.818535
11.3 11.59399
11.3 11.709841
11.2 11.414029
13.999974 13.121393
11.900001 11.952995
12.199999 12.012641
11.7 11.818782
10.8 11.172304
11.400001 11.504621
12.1 11.228416
11.900001 11.746084
11.599999 11.551705
11.944213 11.394534
11.2 11.341262
11.3 11.408345
12.759379 12.30759
11.145758 11.344337
11.2 11.488184
11.599999 11.604308
13.500008 12.552166
11.599999 11.71311
11.2 11.372119
11.900001 11.886362
11.599999 11.688198
11.3 11.393272
12.199999 12.651297
11.900001 11.769243
11.2 11.23336
11.8 11.886772
12.699998 12.414688
10.70206 11.096842
11.8 11.618893
10.3 10.341632
11.599999 11.941226
11.375724 10.95864
11.900001 12.082898
11.2 11.330761
11.1 11.132409
11.3 11.29422
11.1 11.310749
13.299971 12.145817
11.900001 11.7725525
11.1 11.3337755
11.2 11.263329
12.799992 12.080766
11.900001 11.97146
11.2 11.23278
11.1 11.186026
11.8 11.914252
11.1 11.270222
11.599999 12.023214
11.2 11.584238
11.2 11.288228
11.1 11.474148
11.2 11.315445
11.400001 11.962414
10.122276 10.047285
11.1 11.253315
13.999974 13.171071
11.900001 11.916913
11.900001 11.968001
11.900001 12.605441
11.900001 11.706049
10.9 10.75662
11.599999 11.464448
11.3 11.62722
13.600039 12.811228
11.2 11.605686
11.2 11.302721
11.5 11.89408
11.8 11.595176
11.2 11.326447
11.900001 12.061885
12.499997 11.922152
9.79897 9.99321
11.400001 11.401833
11.2 11.304115
12.299998 11.944622
11.900001 11.675151
11.999998 11.566868
11.2 11.252661
11.1 11.217046
11.8 11.964614
11.900001 11.942624
11.7 11.920665
13.050004 13.562528
10.901343 10.991138
13.899971 13.940922
10.830955 10.813831
11.999998 12.130111
11.900001 11.986628
11.2 11.689926
11.3 11.462292
13.1 12.496527
11.1 11.259585
11.175305 11.3690815
11.1 11.170193
11.8 12.555017
14.700326 14.873296
11.900001 12.049133
11.1 11.323283
11.400001 11.347421
12.1 11.6693535
11.2 11.611874
11.599999 11.690911
12.1 12.151587
11.900001 11.538865
11.7 11.533733
10.6 10.738964
11.5 11.642994
11.5 11.66285
11.8 11.893201
11.118106 11.254445
12.299998 11.443794
11.7 12.194364
11.3 11.499395
11.599999 11.578713
11.1 11.939862
11.1 11.179814
13.699981 12.534083
13.622879 13.543156
13.299971 13.403126
11.1 11.252274
11.400001 11.309355
10.622879 10.724424
11.8 12.007103
11.1 11.181302
11.599999 11.705258
11.1 11.142455
12.899998 12.430763
11.2 11.42277
11.900001 12.026637
11.7 12.081688
10.70206 10.712939
11.7 11.94095
11.5 11.500568
11.5 11.592844
11.400001 11.484595
11.400001 11.404494
12.40103 12.225247
14.065731 14.966291
11.1 11.211
11.7 11.902001
11.8 11.86222
11.7 11.74867
11.5 11.477729
11.3 11.508194
11.7 11.92577
11.45 11.60615
11.574222 11.572395
11.3 11.434619
11.400001 11.323788
11.2 11.283943
11.2 11.230421
11.900001 11.963472
11.2 11.2878
11.5 11.675665
11.2 11.204379
11.367606 10.814102
11.1 11.284761
11.1 11.191012
11.8 11.894953
11.999998 12.650545
11.599999 11.824912
11.2 11.241417
11.2 11.249689
11.999998 11.599688
12.299998 12.157238
10.1 10.040925
11.599999 11.76763
11.5 11.353117
12.699998 12.2893715
11.2 11.312658
11.8 11.929756
10.40103 10.564744
11.2 10.945619
11.2 11.262777
11.900001 11.96729
11.2 12.240707
11.900001 11.959924
11.7 11.987486
12.599997 12.262495
11.999998 11.977808
11.2 11.217131
10.321849 10.632175
13.000009 12.91255
11.2 11.526965
11.8 11.907478
11.599999 11.658712
11.8 11.916238
11.1 11.143642
11.1 11.211117
11.2 11.245837
11.2 11.19442
10.1 9.531839
11.1 11.14588
11.1 11.271497
11.1 11.22336
11.7 12.017007
13.1 11.973118
11.599999 11.375815
12.899998 12.933524
11.8 11.709614
12.599997 12.436
11.5 11.427507
11.7 11.794626
11.5 11.46531
11.5 11.5572605
10.70206 11.650177
11.900001 11.957461
11.2 11.23466
11.2 11.2848
11.2 11.302538
12.699998 11.547014
11.2 11.410419
11.599999 11.411225
11.400001 12.028589
12.399998 12.112257
11.900001 11.951084
11.900001 11.931676
11.7 11.90635
11.2 11.282113
11.3 11.377433
13.399989 13.049371
11.2 11.257636
11.7 11.439865
11.2 11.446085
13.200015 12.01885
14.09948 12.694123
12.199999 12.185015
11.1 11.234949
11.400001 11.36625
11.2 11.2994
10.40103 10.567138
13.800057 12.9664
11.400001 11.342403
12.140959 10.712558
11.2 11.397173
11.890485 12.430358
11.1 11.300282
11.5 11.516842
11.599999 11.550415
11.1 11.3123865
11.7 11.759449
11.5 11.711828
11.599999 11.723148
11.599999 11.756165
11.400001 11.682108
11.1 11.759523
11.5 11.683996
11.900001 12.064972
13.046922 11.609419
11.7 11.604095
11.3 11.483692
11.1 11.299204
11.2 11.365892
13.1 12.776059
14.79897 14.398247
10.8 11.113191
11.202373 11.876427
11.900001 12.020207
11.1 11.184091
11.599999 11.892337
11.7 12.002595
12.199999 12.05405
11.108774 11.230911
12.399998 11.698965
11.3 11.724412
11.2 11.190162
11.400001 11.595957
10.3 10.571055
13.1 12.045492
11.400001 11.614021
11.799998 12.381653
13.600039 12.608673
10.79897 10.667977
11.2 11.310862
11.2 11.3118725
11.1 11.720919
11.900001 11.938142
11.1 11.214933
11.5 11.502064
11.869551 12.823597
12.399998 12.2277775
11.400001 11.392142
13.854961 10.747963
12.699998 12.011295
12.499997 11.767253
11.1 11.244201
12.499997 11.742724
10.608639 12.675587
11.1 11.529128
11.3 11.404028
11.5 11.608159
13.409804 12.835804
11.2 11.271133
11.900001 11.954531
11.599999 11.9134445
11.3 11.773424
11.8 12.109259
11.140959 11.451727
12.1 11.841703
11.2 11.254244
11.900001 11.306111
12.1 11.541492
11.2 11.357653
14.280456 14.610134
11.900001 11.975685
10.2 10.255031
11.3 11.462922
11.1 11.3190155
11.3 11.384253
11.5 11.894832
11.599999 11.625859
11.3 11.829575
11.599999 11.247527
11.8 11.931325
11.900001 11.972107
10.5 10.496121
11.2 11.460303
11.5 11.92099
12.199999 12.454538
11.2 11.262072
11.900001 12.485735
11.3 12.037044
11.7 11.694118
11.5 11.603324
14.999629 14.390255
11.400001 11.559433
11.3 11.42012
10.40103 10.403154
11.5 11.426651
12.199999 12.466202
11.8 11.928961
9.79897 9.9890375
11.400001 11.326645
11.8 11.915129
11.3 11.393906
11.106614 11.097023
11.3 11.758575
11.999998 11.602356
11.599999 12.092984
13.299971 12.990912
13.29382 13.225672
12.1 11.311145
11.999998 12.393664
11.2 11.27074
11.8 11.925244
11.400001 10.905197
11.1 11.14111
11.40103 11.770508
11.999998 11.952876
11.5 11.458825
11.8 11.946882
11.400001 11.344702
11.599999 12.050907
11.8 11.920963
11.1 11.245335
11.8 11.950144
11.900001 12.22775
10.1 10.797369
11.900001 11.850393
10.1 10.188066
12.899998 12.604125
11.8 11.853954
11.900001 11.964057
11.8 11.87826
13.409804 12.161041
11.2 11.328352
11.7 11.677389
13.999974 14.298769
11.2 11.3488865
12.690067 12.161932
13.47675 13.612242
11.599999 11.635595
13.800057 13.710344
13.999974 12.548072
10.4 10.016883
11.599999 11.950223
12.699998 12.21179
11.5 11.589962
11.1 11.318841
11.1 11.263883
11.900001 11.999484
11.599999 11.82635
11.8 11.94832
11.2 11.3647785
11.1 11.3111515
11.400001 11.583958
11.900001 11.990786
11.999998 12.046455
11.5 11.547547
11.5 11.570125
10.40103 11.010713
11.999998 11.669107
11.900001 11.463884
11.1 11.161726
11.2 11.207222
12.299998 11.940477
11.3 11.704081
11.1 11.507631
11.5 11.994157
12.799992 11.980717
11.1 11.15554
12.633132 12.241634
11.8 11.684265
13.600039 13.461895
11.1 11.169402
14.145758 14.23168
14.200179 13.994088
11.1 11.395442
11.3 11.461425
11.2 11.334916
11.7 11.713492
12.699998 12.243197
10.70206 10.742549
14.1 12.525864
11.2 11.925507
12.1 11.877169
13.500008 13.871315
11.5 11.529034
11.5 11.446753
11.2 11.855858
11.2 11.294548
10.70206 10.721245
11.2 11.633271
13.299971 13.510105
11.2 11.854814
11.7 11.831346
9.79897 9.973818
11.7 11.98654
11.900001 11.659874
12.799992 12.550274
11.400001 12.072258
11.1 11.2679825
11.2 11.268616
11.5 11.653424
11.900001 11.918011
10.40103 10.4069805
11.1 11.152312
11.5 11.579919
11.3 11.554317
11.8 11.9105
11.5 11.517364
11.1 11.583099
10.986056 11.019873
12.199999 13.375392
11.3 11.470108
11.79897 12.011158
11.8 12.63565
11.8 10.728808
11.5 11.414873
10.738272 10.204966
11.2 11.263687
11.2 11.227055
11.738272 11.959211
13.399989 12.542959
12.1 12.047299
11.3 11.375212
14.200179 13.336864
11.1 11.284167
12.1 11.9944105
12.919643 12.50849
11.2 11.758595
12.599997 12.34143
13.299971 13.472418
11.1 11.200999
14.652842 14.698634
11.1 11.102509
11.8 11.93609
11.3 11.372776
11.900001 11.701437
11.8 10.967585
11.2 11.241988
11.8 11.925709
11.900001 11.943796
11.900001 11.954208
11.8 11.885258
11.7 11.708566
11.2 11.514784
13.500008 12.105638
11.599999 11.967731
11.585452 13.846122
12.299998 11.548211
10.8 10.876572
11.8 11.9268
11.900001 12.115025
11.3 11.371658
11.719789 12.014267
11.5 11.399504
11.900001 11.990201
11.8 11.913736
11.2 11.903768
13.299971 12.316109
11.1 11.567831
11.2 11.304531
11.400001 11.630424
11.400001 11.4177685
11.400001 11.457731
11.3 11.506327
12.699998 11.883666
14.49794 14.579523
11.1 11.080607
11.900001 11.955658
11.999998 11.991561
11.3 11.373681
11.2 11.454121
12.1 12.14184
11.5 11.58986
11.1 11.235888
11.8 11.376547
11.900001 11.831723
12.399998 11.808297
11.900001 11.831451
11.999998 12.144165
11.2 11.448794
13.699981 13.078503
11.1 11.233572
11.400001 11.780269
12.699998 12.721991
11.2 11.270558
13.899971 14.182793
11.7 11.841476
11.900001 12.0448
11.999998 11.877577
10.70206 11.318435
11.2 11.251943
11.400001 11.397288
12.599997 12.024031
11.5 11.480392
11.900001 12.005177
11.400001 11.628454
11.7 11.736666
11.1 11.483283
13.1 13.096605
11.900001 11.809242
11.400001 11.603813
11.400001 11.450764
10.1 10.311714
11.400001 11.488816
11.2 11.276422
12.02263 12.762655
11.2 11.30227
12.499997 12.470504
12.199999 11.315294
11.2 11.266403
13.800057 13.284825
11.3 11.31859
11.3 11.300196
10.1 11.977233
13.299971 13.359067
10.3 10.950715
14.299971 12.513346
11.1 11.324873
11.900001 12.060171
11.2 11.452347
11.1 11.248408
11.599999 11.671598
11.212469 11.273033
13.699981 14.091442
11.400001 11.286093
11.180922 11.252843
10.622879 11.043432
12.499997 13.514195
10.70206 10.605452
12.599997 11.510361
12.299998 12.241987
11.599999 11.626419
11.5 11.449404
11.999998 12.238771
11.900001 12.092492
10.700015 11.636814
14.901343 12.052996
11.1 11.164342
10.2 10.611398
11.685027 11.531873
11.5 11.6073475
11.2 11.290223
11.2 11.434265
9.79897 9.982891
11.8 11.92555
11.7 11.856775
11.2 11.389116
11.900001 11.931412
13.1 12.813169
11.7 11.676891
11.3 11.358576
12.799992 12.760756
12.299998 11.584932
11.900001 11.705546
12.799992 12.854017
11.2 11.304541
11.1 11.23817
11.599999 11.647488
11.1 11.159586
11.900001 11.936587
12.299998 12.112472
11.3 11.399553
11.7 11.686492
11.7 12.553447
14.986056 14.199852
11.599999 11.522112
11.5 12.1287565
11.7 11.630278
11.7 11.789556
11.3 11.439436
10.5 10.398298
11.1 11.235744
11.7 11.800676
11.999998 12.053467
11.2 11.367804
11.8 11.941239
11.400001 11.654713
11.1 11.777877
15.200179 15.792208
11.900001 11.936215
11.1 11.038778
11.999998 11.990033
11.2 11.564842
11.400001 11.49905
11.3 11.290282
11.3 11.424937
11.2 11.273727
11.2 11.415273
12.799992 11.994251
13.899971 13.35862
13.399989 13.212889
10.2 11.114791
11.5 11.656894
11.400001 11.410734
11.2 11.338545
11.400001 11.501752
13.1 12.783164
11.3 11.336747
11.900001 12.104465
10.5 10.660604
14.622879 12.946457
11.2 11.414678
11.5 11.791847
10.6 10.723522
11.1 11.182684
11.7 11.906111
12.499997 11.572685
11.1 11.133295
11.5 11.506072
11.1 11.265543
11.900001 11.933329
11.2 11.403954
11.5 11.681192
12.299998 11.87932
12.199999 11.4386215
11.3 11.488462
11.3 11.462279
11.599999 11.837481
11.7 11.262495
14.40103 14.079661
11.2 11.371943
11.5 11.879877
12.399998 12.819427
11.400001 11.474918
10.70206 10.751963
11.2 11.49395
11.7 11.772495
12.418758 11.904705
11.900001 11.977661
11.2 11.27851
11.5 11.620457
11.999998 11.888891
11.1 11.239509
11.7 11.950111
12.299998 12.667888
10.622879 10.919187
11.1 11.235232
12.1 11.666693
10.753647 11.966114
11.3 11.468258
12.699998 13.398504
12.281115 11.367328
11.2 12.192074
11.1 11.046579
11.999998 12.171628
11.3 11.419566
13.000009 12.038396
11.2 11.258942
11.5 11.587748
13.200015 11.98296
11.3 11.297432
11.3 12.016397
11.1 11.152096
11.1 11.284376
12.399998 12.137474
11.3 11.317105
11.999998 11.670254
11.1 11.311085
11.2 11.234101
10.520216 10.576477
11.3 11.416035
12.299998 11.863378
11.400001 11.478146
10.078811 10.050186
12.499997 12.276219
11.599999 11.983148
11.900001 12.003373
11.999998 11.483114
11.3 11.697803
11.900001 11.827583
11.999998 12.009949
11.5 11.788639
11.8 12.167783
11.599999 12.007048
11.2 11.3131895
12.499997 12.77492
11.1 11.219736
11.49794 11.909308
12.637602 11.16983
11.3 11.469175
11.1 11.202933
12.668636 12.580181
11.5 11.586006
12.799992 12.430127
11.400001 11.889465
11.3 11.434969
10.40103 10.389545
11.2 11.258906
11.986056 11.936584
11.1 11.259485
11.1 11.288234
12.719789 12.0646715
11.2 11.366678
11.1 11.136781
11.5 11.673311
12.599997 12.6666355
11.599999 11.389486
11.2 11.296154
11.1 11.159833
12.299998 12.117105
10.516801 11.3152485
11.2 11.995045
11.5 11.224966
11.8 11.650049
12.699998 12.083914
11.599999 11.335071
11.900001 12.106661
11.2 11.598221
11.1 11.280252
12.299998 11.7313175
11.1 11.260371
12.399998 11.689251
11.8 11.9444475
11.5 11.608843
13.000009 11.994542
11.1 11.297435
14.901343 13.995478
11.8 12.320717
14.113228 10.999782
11.1 11.129583
10.79897 10.565306
13.986056 13.267488
11.1 11.327968
11.599999 11.546606
11.5 11.553978
11.1 11.348624
11.400001 11.98732
11.8 12.069529
10.1 11.086321
11.400001 11.437273
10.719789 10.706136
12.199999 11.927734
11.999998 12.061853
11.5 11.420813
12.499997 12.373684
11.999998 12.016353
11.1 11.397144
11.900001 11.975121
11.1 11.137373
11.3 11.551586
11.400001 11.978986
10.40103 10.44169
11.869551 11.190763
12.224938 12.526253
11.900001 11.994608
14.4000435 14.2991085
11.1 11.224318
11.140959 11.838492
11.900001 12.030125
12.199999 12.031255
11.1 11.165044
11.7 11.511478
11.2 11.269863
11.2 11.256277
11.5 11.29913
11.400001 11.385753
10.5685215 10.869166
11.400001 11.787088
11.5 11.601513
11.5 11.3879795
11.599999 11.3547
11.5 11.576542
10.49794 10.65413
11.1 11.230089
11.900001 11.99494
11.900001 12.432584
11.900001 11.994959
11.599999 11.888758
11.900001 11.980877
11.8 11.795344
11.1 11.189642
13.777781 13.81699
11.2 11.379723
11.7 11.946008
11.2 11.3007965
11.710109 11.941389
11.2 11.319569
11.1 11.187206
11.1 12.18292
10.622879 10.677429
14.600313 13.7586975
11.900001 11.950258
11.2 11.543311
11.3 11.433876
11.7 12.017426
12.399998 11.333008
11.2 11.281484
11.900001 12.035889
12.199999 12.055586
10.2 10.765216
12.199999 11.772507
11.1 11.214423
11.999998 11.687851
11.2 10.81846
11.2 11.291252
11.3 11.584013
13.299971 13.298416
11.5 11.702933
11.1 11.874153
11.7 11.7548275
12.399998 12.85717
11.400001 11.494415
10.1 11.881772
12.515898 11.546867
12.599997 11.791046
13.000009 12.915609
11.1 11.185468
10.70206 10.710435
11.479343 11.422802
11.999998 11.515353
11.900001 11.9759
11.900001 11.977955
11.5 11.357868
11.599999 11.664257
11.1 11.289202
12.399998 11.565485
11.599999 11.649289
11.400001 11.771343
11.7 11.853098
11.599999 12.375741
11.19691 10.514272
11.8 11.913797
11.2 11.22801
11.191515 11.34393
13.699981 13.609323
10.622879 10.68988
10.1 10.066357
11.3 11.584139
11.1 11.367177
11.7 11.841495
11.3 11.372261
12.299998 11.8453245
11.900001 11.890831
11.8 11.897284
11.2 11.421264
9.70206 9.725257
11.900001 11.952692
11.599999 11.714008
12.1 12.261333
11.900001 12.039188
11.1 11.154443
11.3 11.39485
13.1 13.072442
12.199999 12.165798
11.999998 11.831092
11.8 11.996939
11.5 12.125188
12.499997 12.086726
11.7 11.589236
11.900001 11.962404
11.2 11.312173
11.5 11.506697
11.8 11.857582
12.299998 12.292601
11.999998 12.062824
11.599999 11.348332
11.900001 11.943909
10.6 10.716733
10.70206 11.783297
11.400001 11.420103
11.5 11.961424
11.3 11.385557
11.2 11.26626
13.1 12.250284
10.857208 11.661546
12.199999 12.155241
11.999998 12.587057
11.599999 11.587006
11.8 11.916029
12.299998 12.405824
11.51454 11.785871
12.899998 13.394143
11.5 11.620427
13.500008 12.794733
11.1 11.140615
11.2 11.276322
11.3 11.566267
11.7 11.774698
11.1 11.209396
11.2 11.328031
12.899998 11.828531
11.7 11.738178
13.000009 12.598421
11.2 11.345914
11.5 11.582744
11.599999 11.337149
12.199999 12.545091
11.686266 11.472352
11.2 11.3496685
12.1 11.907433
11.5 11.446272
13.200015 11.447723
11.599999 11.59544
11.923909 11.747557
11.2 11.243704
11.599999 11.70354
13.242667 13.427742
11.3 11.653128
11.900001 11.959381
11.1 11.2295065
11.2 11.081292
11.7 11.631769
11.1 11.192474
11.2 11.259189
11.5 11.521135
11.400001 11.402074
12.699998 12.0366535
11.1 11.085791
11.1 11.159283
12.199999 12.138084
11.2 11.2647085
11.999998 11.860775
12.1 11.981137
11.3 11.424456
11.8 11.86351
11.400001 11.399689
11.7 12.401178
12.199999 12.201173
11.900001 12.191696
12.299998 12.199485
12.199999 13.22808
11.999998 11.982866
11.599999 11.476301
11.5 11.20741
11.1 11.136361
11.3 11.389644
11.5 11.836026
11.300659 11.598818
11.7 11.860613
11.5 11.644085
11.900001 11.953749
11.2 11.274978
12.19691 12.644346
11.7 11.850868
11.999998 12.015287
11.7 11.680517
10.627244 11.874565
11.3 11.3774605
11.400001 11.475019
11.2 11.261775
11.1 11.189014
11.599999 11.940035
11.999998 11.818573
11.7 11.833637
11.599999 11.579372
11.389741 11.831575
11.900001 11.969553
11.599999 11.3514385
11.7 12.138825
11.999998 12.7797
12.1 11.733204
12.299998 12.310897
11.900001 11.96396
11.7 11.880237
11.70103 11.649607
11.1 11.232905
13.821246 12.818762
11.5 11.602033
11.900001 11.959517
11.900001 11.58051
13.1 12.461149
11.5 11.418145
11.599999 11.429534
11.3 11.142083
11.1 11.254408
11.3 11.152309
12.299998 11.753817
11.400001 11.289486
11.1 11.258945
11.8 11.908427
11.8 12.115815
11.8 11.91399
11.2 11.5205
12.199999 11.45951
11.5 11.86068
13.000009 13.359699
11.2 11.290803
12.499997 12.529339
10.443902 10.01695
12.40103 11.598279
12.499997 12.121137
10.622879 10.603569
11.5 11.562298
10.7 10.707745
11.8 11.509938
11.8 11.878761
11.599999 11.847109
11.900001 12.123506
11.7 11.354458
11.7 11.675514
10.608639 10.47544
11.900001 11.981819
11.400001 12.034138
11.953872 11.744951
11.1 11.204577
11.400001 11.726651
11.1 11.207313
11.336572 11.350988
12.899998 12.849588
11.2 11.372703
11.2 11.454673
13.000009 12.723312
11.900001 11.966145
13.1 12.094459
12.1 11.522798
11.2 11.277159
11.999998 12.157105
9.40103 9.50031
11.3 11.357355
12.1 11.747249
12.799992 13.900233
11.2 11.305286
11.7 11.772172
11.1 11.127398
11.599999 11.2971325
11.1 11.093882
11.5 11.691671
11.8 11.935292
11.7 11.790391
11.1 11.299289
11.3 11.341039
11.5 11.526791
11.1 11.435652
11.1 11.338948
11.2 11.354549
11.2 11.303319
11.3 11.410107
11.1 11.357081
11.8 11.982527
11.2 11.251954
11.8 11.893817
13.49794 12.743216
11.900001 11.968962
11.2 11.353968
10.652842 10.828826
13.800057 13.41849
15.180922 14.884846
11.400001 11.743619
11.900001 11.722314
11.1 11.163666
11.5 11.54755
11.900001 11.911704
9.978481 9.9959345
11.2 11.314458
12.420572 12.398163
11.2869625 11.379503
11.5 12.506442
11.5 11.510972
11.5 11.382243
11.3 11.161424
11.5 11.639103
10.1 10.276406
12.799992 12.531664
11.999998 11.917141
11.900001 12.0221195
11.5 11.467241
11.1 11.606954
12.799992 12.132323
13.000009 12.511616
11.8 11.928887
12.112214 11.280223
14.757577 14.37488
12.199999 11.692369
11.8 11.966807
13.79897 12.533094
12.399998 11.38362
11.2 11.252659
10.3 10.292669
11.900001 11.7693405
11.1 11.412654
12.599997 11.380387
11.2 11.546954
11.49794 11.395421
12.583288 13.322968
12.953872 12.882162
14.145758 14.185533
11.2 11.317041
11.1 11.178098
11.7 11.70816
12.499997 12.522206
11.1 11.298594
11.2 11.269541
11.2 11.343052
11.400001 11.3754425
11.2 11.214624
11.7 11.898145
11.999998 11.754976
11.1 11.283399
12.599997 12.119003
11.7 11.553022
11.207906 10.7166195
11.1 11.290022
11.900001 11.860906
11.599999 11.676513
11.3 11.425375
11.2 11.309649
11.7 11.970295
11.8 11.94356
14.200179 12.336696
11.2 11.235995
11.2 11.413481
11.400001 11.794943
11.1 11.171845
11.2 11.275707
11.2 11.251762
11.7 12.143839
11.2 11.369143
11.5 11.574606
11.900001 12.092075
13.200015 13.7285
11.520216 11.188145
11.400001 11.3157425
11.7 12.188511
11.2 11.293691
13.000009 13.238022
11.2 11.64982
11.8 11.94269
11.2 11.476521
12.799992 13.322874
11.8 11.862226
11.599999 11.764136
10.1 10.865387
11.2 11.304485
11.1 11.21338
10.89588 10.9283905
11.400001 11.41235
11.400001 11.449445
11.1 11.201027
10.321849 10.946543
11.5 11.27898
11.1 11.269621
12.599997 11.459736
11.1 11.161356
11.5 11.565156
13.000009 12.19615
11.999998 11.698184
10.70206 10.748626
11.1 11.166268
11.8 11.888145
11.7 11.684374
11.1 11.301062
12.1 11.939262
15.1 13.8612175
11.7 11.327455
11.1 11.200001
14.19691 14.463803
11.115759 11.227779
13.685027 13.52296
11.2 11.45984
11.40103 11.839661
11.999998 11.788353
11.854487 11.719156
11.1 11.218411
11.999998 12.057032
11.986056 12.719575
11.3 11.466344
11.2 11.2156515
11.400001 11.309663
11.1 11.261629
11.900001 11.928153
11.5 11.391743
11.2 11.277196
12.19691 12.725168
11.309011 11.8900795
11.8 11.958272
11.599999 11.764463
11.999998 11.841087
11.198455 11.279655
9.79897 9.652522
11.5 11.935657
11.900001 11.918821
11.2 11.298368
12.599997 12.485697
11.3 11.674538
11.1 11.286256
11.2 11.580962
11.18351 11.288416
11.3 11.346495
13.399989 13.677242
11.70103 11.779572
11.5 11.52514
10.2 10.050713
12.399998 12.977705
12.499997 12.406466
12.399998 12.058434
11.3 11.440104
12.299998 11.441591
11.7 11.790174
11.8 11.949462
10.40103 11.436519
11.400001 11.356755
13.299971 13.530844
11.5 11.644755
13.399989 12.534258
11.1 11.1451025
11.1 11.041694
11.2 11.310734
14.1 13.310428
11.400001 11.348317
11.599999 11.714199
12.1 11.3366785
11.999998 11.500792
12.499997 13.076681
11.40103 10.487529
11.7 11.849293
12.299998 11.441909
11.900001 11.949685
11.2 11.414085
11.2 11.276411
11.2 11.300482
11.900001 12.013889
12.199999 12.109462
12.1 12.677423
11.900001 12.349617
11.900001 12.199827
11.2 11.255848
11.2 11.27429
11.2 11.299857
11.19691 10.401239
11.1 11.393244
13.699981 12.665434
10.49794 9.847078
10.4 10.344582
11.2 11.265622
11.3 11.88878
11.2 12.104586
11.7 11.491553
11.2 11.3347645
11.8 11.855653
14.47675 10.863624
11.8 11.655203
11.7 11.639657
11.7 11.665801
11.1 11.38581
11.8 11.35639
9.79897 9.951491
11.7 11.605281
11.999998 12.115995
11.900001 11.780583
12.599997 12.534461
11.1 11.238948
11.900001 11.979791
12.399998 12.010552
13.1 12.816559
10.4 10.200218
11.400001 11.353781
12.399998 11.861702
11.3 11.314342
11.7 11.871721
11.599999 11.672631
11.8 11.586226
11.599999 11.36667
10.4 10.596572
10.70206 10.722234
11.175305 11.227758
11.900001 12.185347
14.600313 15.36516
11.2 11.335892
11.1 11.390255
11.400001 11.423844
11.3 11.439268
11.1 11.546463
10.095678 10.003283
11.8 11.885608
11.900001 11.963654
11.400001 11.567535
11.8 11.808231
11.2 11.32057
13.399989 12.3301115
11.3 11.351947
10.49794 10.570719
11.1 11.446876
11.3 11.545141
11.8 12.429412
11.3 11.811759
11.900001 11.916787
12.699998 12.160496
11.1 11.1331415
11.599999 11.744759
12.199999 11.930357
13.600039 12.484192
11.2 11.249699
12.599997 11.835519
11.999998 11.486311
10.1 11.606904
11.2 11.3743305
11.400001 11.817088
11.900001 12.132483
11.400001 11.461796
11.5 11.635618
11.3 11.363792
12.7038 12.31699
11.3 11.520851
11.1 11.211817
13.299971 12.927144
11.8 11.967051
11.1 11.498101
11.1 11.21021
11.3 11.448311
11.2 11.387641
11.900001 11.979144
11.400001 11.59053
11.2 11.304596
12.299998 12.145508
11.1 11.310326
11.900001 11.963209
11.8 11.825036
11.2 11.344348
11.2 11.27283
11.622879 12.724352
11.2 11.374392
11.599999 12.0423355
13.70206 13.711887
11.5 12.430995
12.418758 12.14208
11.599999 13.003199
11.2 11.277494
13.953872 13.188658
11.3 11.519438
11.400001 11.410274
11.900001 12.054302
11.1 11.244604
12.499997 12.532726
11.1 11.318566
11.999998 11.982419
11.900001 12.723023
11.1 11.163582
11.900001 11.651825
12.191515 12.002884
14.1 14.194527
11.5 11.57759
12.799992 11.943943
14.254902 13.815466
11.400001 11.405504
11.400001 11.874322
12.856081 11.7503195
12.399998 11.802384
11.3 11.753397
10.70206 11.881966
11.254902 11.448697
11.3 11.403248
11.400001 11.556342
13.2870865 12.902683
11.900001 12.403879
11.1 11.080955
11.3 11.526822
12.699998 11.366601
12.1 11.911108
12.599997 12.387845
11.5 11.536555
13.000009 13.425142
12.499997 12.557361
11.3 11.298088
10.9 10.747969
10.1 10.23126
11.2 11.278018
11.8 11.919907
11.671333 12.150616
12.70206 12.408359
11.900001 11.74978
11.1 11.174411
11.400001 11.421855
12.699998 12.142839
11.8 11.666446
13.508935 12.9898815
13.500008 13.006557
11.400001 11.592632
11.5 11.570099
13.699981 12.909646
11.400001 11.596299
11.8 12.230457
11.1 11.206841
11.900001 11.957964
11.2 11.278502
12.1 12.178306
11.2 11.326832
11.8 11.970272
14.999629 14.194694
12.29382 13.009523
12.499997 12.125118
11.3 11.418407
11.1 11.17624
11.599999 11.591246
9.79897 9.993143
11.2 11.783143
11.7 11.820589
11.900001 11.973101
11.3 11.274086
11.1 11.213433
12.155518 11.851017
11.999998 11.68776
11.400001 11.312874
11.2 11.379297
14.79897 14.045263
11.599999 11.2979355
11.5 11.536804
14.200179 12.589618
12.399998 12.138912
11.3 11.447673
12.499997 11.886835
11.999998 12.042294
11.999998 12.093885
10.1 10.356885
12.899998 12.161109
11.999998 11.42511
11.400001 11.8500805
11.400001 11.691754
11.7 11.755923
10.5 11.143705
13.000009 12.520531
11.3 11.376944
11.900001 12.007184
12.199999 11.955786
11.8 11.97497
11.900001 11.889647
13.800057 13.198483
10.1 10.256982
11.8 11.899717
11.999998 12.085549
10.1 10.025646
11.7 11.901544
11.1 11.278301
11.1 11.52851
12.699998 11.81835
11.999998 12.0177145
11.999998 11.271769
11.5 11.647598
11.3 11.396135
11.2 11.290979
11.400001 11.293243
10.321849 9.952434
11.3 11.42606
13.000009 13.423925
11.599999 11.71014
12.15 11.649647
9.905 10.753627
13.499203 13.591899
12.685027 11.912434
11.1 11.30891
11.2 11.246793
11.400001 11.750372
14.500117 12.289743
11.1 11.27535
12.15061 11.74029
11.999998 11.959663
13.180922 13.009018
11.5 11.662639
11.999998 12.001184
10.40103 10.678706
12.00309 11.7935505
11.872113 12.220105
12.299998 11.928094
11.5 11.547854
11.5 11.68237
11.2 11.302429
11.2 11.258471
11.3 11.364476
11.8 12.091742
12.1 12.308461
14.200179 13.561005
11.2 11.33745
11.3 11.399329
11.2 11.320265
11.2 11.302043
11.2 11.31316
11.1 11.275634
11.599999 11.859619
11.2 11.812666
11.2 11.446099
11.7 11.606057
13.299971 11.85704
11.3 11.534545
11.3 11.355844
11.1 11.253677
12.608639 14.297206
11.400001 11.517389
11.900001 11.957851
11.5 11.919664
11.900001 11.980322
11.2 11.423486
11.196367 10.47802
11.400001 11.320871
10.40103 10.996651
11.5 11.389702
11.329885 11.205027
11.3 11.555799
11.2 11.349528
11.400001 11.524212
11.2 11.3598385
11.343923 11.651137
11.2 11.324799
11.2 11.352495
11.5 11.549742
11.1 11.890166
10.8447275 11.309056
13.500008 13.181644
11.70206 11.238627
11.1 11.113152
11.8 11.828127
11.2 11.347715
11.400001 11.369436
11.599999 11.419852
11.999998 11.958147
11.5 11.476468
11.2 11.249611
11.7 11.793934
11.5 11.739861
11.8 12.282158
11.1 10.779905
11.1 11.24792
11.3 11.778114
11.1 11.128813
12.299998 11.963079
11.2 11.356791
11.2 11.423751
13.899971 13.833399
11.900001 11.861408
11.1 11.373556
11.2 11.349326
11.900001 11.997765
11.2 10.563949
11.1 11.215801
11.5 11.367721
12.1 11.899557
11.599999 11.972384
11.999998 12.62388
12.299998 12.015837
11.5 11.998196
11.2 11.31374
11.2 11.4223175
11.1 11.235543
11.2 11.239382
11.5 11.557085
11.900001 11.905579
11.599999 11.813749
11.900001 11.886752
11.900001 12.966013
11.8 11.925161
11.7 11.757753
11.7 11.736007
11.900001 11.977409
11.2 11.36567
11.7 11.21375
11.020819 11.66148
11.2 11.318725
11.900001 12.200634
11.8 11.917284
11.020819 11.086996
9.79897 9.949946
11.1 11.237772
11.2 11.305757
13.000009 13.205071
11.900001 12.041719
11.1 11.398659
11.8 11.859516
11.1 11.544884
11.900001 11.966152
10.1 10.367832
10.8 11.240711
12.199999 12.091254
11.5 11.661116
11.3 11.394384
11.400001 11.461409
11.1 11.252687
11.3 11.339263
9.79897 10.036761
12.531798 11.091002
11.400001 11.555039
11.599999 11.666913
11.1 11.18564
13.999974 12.749339
11.900001 11.782884
12.299998 12.27326
11.2 11.168858
12.1 12.16351
11.8 11.929499
12.199999 12.319168
11.1 11.315002
11.5 11.283911
11.599999 11.768183
11.5 11.663111
11.8 11.922621
12.899998 12.998581
12.899998 12.246865
11.3 11.399356
10.1 10.173123
11.2 11.272108
13.000009 12.002253
11.5 11.651185
11.5 12.027166
12.299998 12.040674
10.40103 11.427095
12.40643 11.423691
11.1 11.088165
11.7 12.148549
11.999998 11.584999
11.900001 11.674805
14.847425 14.238552
11.400001 11.655464
11.999998 12.035349
11.2 11.240881
11.1 11.258894
11.1 11.228377
11.999998 12.067578
12.299998 13.936981
11.8 11.881994
11.1 11.264772
11.5 11.642515
12.010095 11.276592
11.599999 11.604604
11.2 11.240053
11.267491 10.868095
12.101985 11.908378
12.299998 12.455903
14.400163 14.672605
10.40103 11.809164
11.900001 12.004288
10.4 10.3389
13.500008 13.494566
11.2 11.422045
12.399998 12.513929
11.2 11.547333
12.1 12.364817
11.900001 11.982005
11.1 11.7072
11.3 11.404166
11.7 11.843638
11.1 11.184984
10.4 10.753105
12.499997 11.758137
10.1 10.380137
13.1 12.310698
11.900001 11.305288
11.2 11.276276
12.199999 12.504471
11.900001 11.599512
12.599997 12.610951
11.3 11.431597
11.2 11.312024
11.3 11.350623
11.999998 11.97442
11.599999 11.770552
11.1 10.627174
13.000009 13.421495
11.19691 10.671657
11.400001 11.3658285
11.1 11.206487
13.1 12.779115
11.2 11.158336
11.3 11.536028
11.2 11.239023
11.8 11.962906
14.784246 14.215887
11.3 11.46486
10.520216 10.462693
11.8 11.884246
11.2 11.25553
11.900001 11.969934
11.581486 12.326937
11.8 11.869853
11.400001 11.490442
11.7 11.911127
11.1 11.380593
13.399989 13.214124
11.3 11.605088
13.2870865 13.201323
11.999998 11.944405
11.5 11.631221
11.7 12.65482
11.900001 11.913288
11.400001 11.592752
11.400001 12.079589
10.79897 11.054696
11.5 11.61048
11.3 11.571958
11.7 11.952077
11.1 11.745185
11.5 11.663834
11.40103 11.942507
12.19691 11.975586
12.329148 11.8052025
10.1 11.977415
11.3 11.833167
11.900001 11.872609
10.40103 10.825916
11.1 11.985883
11.224938 11.26978
11.8 11.866503
11.599999 11.548845
10.1 10.030483
11.2 11.295479
12.699998 13.00404
11.175305 11.272873
14.600313 13.097427
11.1 11.210777
11.900001 11.731218
10.622879 10.640782
10.971278 11.106721
11.2 11.494438
12.699998 13.526147
11.900001 11.989054
11.1 11.235192
11.900001 11.904418
13.899971 12.396666
11.2 11.347043
11.1 11.549187
12.199999 12.188588
11.1 11.276093
12.499997 12.561123
10.953872 11.180591
13.000009 13.432128
11.8 11.922564
12.299998 11.345707
11.5 11.62423
12.199999 11.460947
11.2 11.315969
11.8 11.430468
11.400001 10.958219
11.1 11.262951
11.3 11.342299
11.5 11.55344
11.3 11.491346
11.2 11.275218
11.1 11.153709
11.7 11.379067
11.2 11.293382
11.3 11.331923
11.8 11.991098
11.3 11.330376
11.336572 11.377777
12.299998 12.22805
11.8 11.913393
11.79897 11.293896
11.900001 12.076405
11.900001 12.156429
11.599999 11.706463
13.800057 14.308656
11.3 11.619737
11.1 11.242912
11.8 11.92527
11.5 11.582712
11.2 11.285553
11.2 11.368929
11.1 11.222192
12.1 12.028851
11.900001 12.249096
13.500008 13.208706
11.2 11.263623
11.3 11.923467
11.3 11.408921
11.5 11.525578
11.900001 11.900356
13.399989 12.793276
11.900001 11.975044
11.5 11.531272
11.900001 11.936396
10.487216 10.635813
12.699998 12.967017
12.5698 12.049527
11.7 11.846357
11.7 11.813498
11.2 11.258722
10.622879 10.994183
11.5 11.619856
12.499997 12.18298
11.3 11.52307
12.199999 12.119189
11.900001 11.849627
11.400001 11.384615
11.757577 11.278872
11.900001 12.045637
12.499997 12.303715
10.40103 11.932726
11.7 11.660628
11.1 11.173689
11.7 11.89458
11.404665 11.389447
12.199999 12.539432
10.47675 10.518594
12.699998 12.927866
12.499997 12.217001
12.599997 11.468902
12.499997 12.5576105
11.2 11.215479
11.1 11.3565235
11.1 11.243448
11.8 12.002033
11.2 11.325438
11.8 11.88423
11.999998 11.705007
10.321849 10.632288
11.7 11.954335
11.599999 12.733321
11.900001 11.975332
11.900001 11.900682
11.3 11.312819
11.2 11.2293215
11.1 11.204679
11.400001 11.443915
11.599999 11.624684
11.900001 11.963571
13.699981 12.960951
11.1 11.252163
11.3 12.158571
11.2 11.290501
12.199999 12.164544
11.3 11.383664
11.999998 12.059662
11.999998 11.900513
11.5 11.481432
11.900001 11.331617
13.399989 11.862619
11.2 11.319121
11.599999 11.393895
11.5 11.536219
12.699998 12.220881
13.899971 13.322308
11.7 12.182422
11.599999 11.584347
11.3 11.331567
11.2 11.343865
11.654828 11.864679
14.901343 12.404444
11.599999 11.829396
11.599999 11.795576
14.901343 14.33458
11.2 12.47041
11.3 11.375622
11.2 11.369333
11.3 11.493414
11.999998 11.92934
14.1 13.311571
11.900001 11.3111725
10.4 10.316924
12.299998 12.357902
13.200015 12.154623
11.7 11.817118
11.2 11.242608
11.599999 11.830925
11.3 11.639187
11.1 11.306493
11.3 11.402454
11.599999 12.743764
11.5 11.58511
11.3 12.049216
11.2 11.318535
12.174634 11.943144
11.1 11.302797
11.599999 11.773565
10.831188 11.334829
11.900001 11.936567
11.1 11.200571
11.900001 12.160552
11.900001 11.962586
11.1 11.020309
11.1 11.201024
12.299998 12.175446
12.199999 11.902374
11.400001 11.514519
11.900001 11.985914
11.2 11.22617
11.599999 11.872993
11.999998 12.282266
11.2 11.305457
10.40103 10.834486
11.2 11.32616
11.400001 11.493603
11.599999 11.790582
12.1 12.440186
11.274371 11.546019
11.1 11.248243
11.999998 12.523711
11.3 11.369822
11.3 11.301201
11.1 11.180559
11.8 12.087085
11.1 11.167938
11.5 11.800149
11.3 11.463788
11.2 11.462414
12.299998 11.455805
11.2 11.268531
13.600039 11.88909
11.2 11.393748
11.5 11.5594015
11.1 11.225534
11.1 11.629513
11.900001 11.679899
11.599999 11.48945
11.2 11.311244
12.299998 10.615539
11.8 11.963133
12.499997 12.142958
12.399998 12.695942
11.7 12.420896
11.3 11.364091
11.8 11.833137
11.7 11.81151
11.7 11.703175
11.2 11.179009
9.79897 9.995849
13.087163 12.109837
11.7 11.908942
11.2 11.327423
11.2 11.529004
11.900001 12.307357
12.1 11.686773
11.1 11.3002825
11.3 11.762423
11.3 11.722761
11.3 11.337828
11.2 11.331357
11.400001 11.583384
11.2 11.29837
11.900001 11.93013
11.8 11.755794
11.8 11.959863
12.599997 12.472922
10.2 10.624943
11.900001 11.606273
12.499997 12.592849
12.499997 12.11928
11.1 11.215624
11.599999 11.879785
11.2 11.3272915
11.2 11.3345995
13.1 12.283069
10.1 10.242315
13.299971 12.903545
11.400001 11.590574
12.299998 11.576405
11.1 11.207582
12.375724 11.852896
11.2 11.626625
11.3 11.314293
13.500008 13.236549
11.5 11.609003
11.5 11.616786
13.800057 12.000539
12.499997 12.590048
11.1 11.34337
10.4 10.584945
11.400001 11.49368
11.5 11.423253
11.3 11.462529
11.999998 11.566363
11.400001 11.484833
10.700015 11.878051
12.299998 11.613131
11.8 11.90262
12.499997 11.8796215
11.8 12.127813
11.5 11.562525
10.7 10.104434
12.299998 11.499543
11.900001 11.605953
11.2 11.247234
13.200015 12.482723
11.2 11.2875395
11.900001 11.830862
10.1 10.245386
14.299971 13.362728
11.999998 12.02773
11.599999 11.967091
11.1 11.196323
11.900001 11.898815
12.299998 11.65438
11.2 11.355274
11.5 11.55475
11.2 11.406012
11.5 11.534456
10.4 10.224082
11.7 11.944055
11.0 10.191151
11.2 11.294027
11.2 11.3153925
10.40103 10.660962
11.1 11.135647
11.5 11.586145
11.900001 11.747738
11.2 11.24714
11.400001 11.433489
11.1 11.226338
11.900001 12.186205
11.3 11.412572
9.79897 9.983942
11.3 11.43404
11.2 11.262434
11.2 11.31911
11.2 11.2988615
11.400001 11.385168
11.1 11.311462
11.8 11.932039
11.8 12.040089
10.9 10.863747
13.200015 12.298913
10.8 11.145007
11.900001 11.932899
10.1 10.029432
11.8 11.605161
11.999998 11.440757
11.999998 12.080837
11.1 11.140681
11.599999 11.708039
12.299998 13.135323
11.5 11.644163
10.4 10.218778
11.400001 11.975234
11.2 11.406282
11.400001 11.446742
12.199999 12.295342
12.699998 12.010752
9.79897 10.283733
11.8 11.84261
13.79897 13.425344
12.299998 11.926829
11.900001 11.965863
11.900001 12.452209
11.3 11.413472
11.1 11.2037
13.200015 12.32577
11.1 11.16078
11.900001 11.987099
11.2 11.377581
11.900001 11.956108
11.8 11.339079
11.7 11.928244
11.5 11.548474
11.900001 12.062054
11.3 11.818176
11.2 11.23295
10.719789 10.561125
11.1 11.223406
11.2 11.20458
11.7 12.037823
9.1 9.516857
10.70206 10.382841
11.7 11.760095
11.3 11.3532505
13.500008 12.259762
11.900001 11.511438
11.3 11.191961
11.400001 11.48545
11.1 11.362218
11.5 11.67767
11.400001 11.768859
13.622879 13.461224
11.599999 12.059282
13.899971 14.090167
11.3 11.375556
11.3 11.398037
12.84958 12.637324
12.299998 12.005402
11.1 10.047036
11.7 11.661426
11.1 11.323784
12.499997 11.573313
11.999998 11.722836
11.900001 11.968583
13.800057 12.377792
11.2 11.3675995
11.2 11.295659
11.2 11.299796
12.499997 13.020918
11.599999 11.752576
13.600039 12.690191
10.1 9.885134
11.3 11.411232
12.1 12.329426
11.2 11.243333
12.799992 13.617047
11.1 11.209623
12.1 11.987937
11.5 11.646968
15.200179 16.096462
11.2 11.285426
13.1 12.457922
13.500008 13.66131
12.499997 11.873399
11.400001 11.604274
12.1 12.021944
13.000009 11.951108
11.7 11.741783
11.1 11.135092
11.7 11.667116
10.581486 10.949091
11.7 11.826511
12.1 12.404776
11.3 11.801666
12.499997 12.816532
12.1 12.3332815
10.70206 10.649124
12.499997 11.86735
12.433482 10.814554
11.1 11.780231
11.0 11.1036
11.8 11.981104
12.899998 12.194547
11.1 11.081684
12.1 12.035718
11.1 11.123842
11.7 11.830675
11.400001 11.434402
11.2 11.27141
12.299998 12.259832
13.299971 13.0696125
11.2 11.284142
13.800057 12.635238
11.177759 11.307372
11.5 11.54112
11.900001 12.164024
11.2 11.448697
13.299971 13.561493
11.400001 11.565586
14.700326 13.244235
11.2 11.686838
11.2 11.400585
12.799992 11.751543
11.1 11.369649
15.500117 14.992238
12.058607 12.247379
11.2 11.393937
12.1 12.035536
12.1 11.809826
11.1 11.2176285
11.3 11.235544
12.699998 11.598507
12.699998 12.277578
11.900001 11.4931345
11.400001 11.377928
13.923909 13.384321
11.999998 12.085885
12.058607 12.079517
11.3 10.851208
11.2 11.456266
11.400001 11.331243
13.000009 13.300289
11.900001 11.940457
11.8 12.541569
11.400001 11.884757
11.900001 11.893699
11.8 11.970353
11.8 11.896309
11.8 11.923081
10.70206 11.563906
12.199999 12.196877
13.500008 12.22739
11.3 11.415599
11.2 11.324991
12.986056 12.876925
12.1 11.679559
11.8 11.387864
13.953872 14.022479
11.5 11.793744
11.900001 11.96553
11.2 11.304451
11.2 11.313887
11.1 11.300553
11.8 11.849297
11.400001 12.010498
11.7 12.251424
11.2 11.312829
11.2 11.294298
11.3 11.38915
11.3 11.340242
11.5 11.597339
11.5 11.595241
11.400001 11.87848
11.8 12.277473
11.788375 11.319892
10.145758 9.90684
11.3 11.309476
11.145758 11.915404
11.7 11.31972
11.599999 11.488396
11.3 11.3580675
12.899998 12.815771
13.200015 13.402285
12.1 12.365288
12.299998 11.817184
11.8 11.895582
12.546117 13.273799
12.499997 11.719556
11.5 11.6021
11.1 11.221961
11.3 11.571011
11.3 11.35909
12.1 11.362455
11.2 11.395231
11.2 11.487911
11.5 11.596454
11.5 12.148805
11.3 11.496059
11.3 11.411266
13.000009 11.753796
11.599999 11.632403
13.1 13.274363
10.40103 10.612462
11.900001 11.962425
11.2 11.358284
11.3 11.463907
11.5 11.548729
13.392429 13.010784
12.699998 11.95582
11.599999 11.872062
11.3 11.705906
11.1 11.163927
11.2 11.302159
11.3 11.401224
13.1 12.855581
11.900001 11.943563
11.599999 11.91806
12.699998 12.291487
11.1 11.136698
11.400001 11.437064
11.2 11.381208
14.700326 14.047265
11.8 11.890287
13.1 12.879944
12.799992 12.242401
11.999998 12.004502
11.329148 11.162706
9.79897 9.965447
11.1 11.175674
11.2 11.388036
11.7 11.979703
11.1 11.119929
12.599997 11.957916
11.5 11.541998
11.5 11.15617
10.668636 10.932008
11.487216 10.730307
11.400001 11.40452
11.900001 12.186002
11.900001 11.956299
11.2 11.258651
11.1 11.225345
11.2 11.272789
12.384832 12.439924
10.622879 10.796722
11.2 11.293692
14.1 14.221844
11.400001 11.406124
11.400001 11.582423
11.900001 12.541003
11.599999 11.66608
11.2 11.385382
13.699981 13.562957
12.699998 12.929428
11.5 11.528134
11.400001 11.542476
11.900001 12.005014
11.2 11.356615
11.1 11.186171
11.180922 11.813233
11.900001 11.411636
13.1 12.515467
11.8 11.893371
11.8 12.163551
11.999998 11.386251
11.1 10.792203
12.826416 12.752916
12.299998 12.154761
11.8 11.930625
11.999998 12.103907
11.8 11.964216
11.3 11.53454
10.70206 10.7161
12.299998 12.2681675
11.1 11.375279
12.399998 12.387418
11.2 11.20369
11.2 11.316438
11.5 11.6664295
11.3 11.328882
13.1 11.663626
11.3 11.06868
11.7 11.8843155
10.40103 11.654194
11.2 11.273241
11.5 11.770542
14.600313 13.933646
11.900001 11.95179
11.3 11.470745
11.2 11.464119
11.599999 11.598864
11.400001 11.373824
12.299998 12.731783
12.399998 11.708887
12.599997 12.789614
11.3 11.708669
11.900001 12.046907
14.400163 14.397978
11.599999 11.3349285
11.49794 10.341413
11.2 11.331547
11.400001 11.555612
11.106614 11.13207
11.2 11.306297
11.3 11.349445
9.79897 9.970805
11.8 11.938929
10.40103 10.962875
11.3 11.533277
12.199999 11.571932
11.2 11.399168
11.999998 11.593058
13.800057 12.231776
12.27745 12.256763
11.8 11.912872
11.2 11.242064
11.5 11.477681
11.2 11.212141
11.3 11.555633
12.799992 12.5632
11.599999 11.620165
11.900001 11.91816
11.900001 12.020804
11.900001 11.660477
11.1 11.19304
11.599999 11.301641
11.5 11.450384
11.901343 11.205243
11.2 11.279648
11.7 11.706265
11.2 11.513683
10.3 10.303717
12.399998 11.311739
11.8 11.900087
11.900001 11.968328
12.499997 11.659975
11.2 11.313847
11.1 11.230882
11.7 11.768673
11.7 11.872029
12.799992 11.908797
11.719789 11.394641
11.400001 11.702614
11.1 11.3252735
12.299998 12.155568
11.2 11.40271
11.599999 12.01199
11.5 11.475934
11.123362 11.194285
11.599999 11.514811
11.900001 12.008561
11.1 11.970436
11.821246 11.521486
11.3 11.586836
11.1 11.100943
11.400001 11.366335
11.900001 12.056559
12.899998 12.358758
13.600039 13.166744
11.900001 11.680952
11.5 11.568583
12.199999 11.282805
11.999998 12.081442
11.2 11.603482
13.000009 12.589764
11.2 11.191177
10.92333 10.98821
11.900001 11.988552
12.699998 13.440218
12.058607 11.940753
11.3 11.568777
11.999998 11.961428
11.999998 12.54458
11.5 11.560844
11.1 11.207167
11.900001 11.967942
11.8 11.842363
11.3 11.437796
12.699998 11.735853
11.5 11.69102
12.599997 11.9836235
11.900001 11.93152
11.3 11.353286
11.400001 10.72323
11.8 11.954758
11.599999 11.635014
11.2 11.4543495
12.599997 12.356731
11.400001 11.499825
11.999998 11.419394
11.900001 11.990776
11.2 11.340612
11.900001 11.962083
15.600313 15.632978
14.145758 14.070414
11.7 11.321134
11.7 11.837739
11.2 11.236174
11.999998 11.956856
13.1 11.984474
11.8 11.962321
11.622879 11.917162
11.2 11.371217
11.2 11.352222
11.2 11.218824
11.3 11.362076
9.986056 10.085362
11.2 11.284064
11.5 12.187463
11.900001 11.945985
11.3 11.680306
11.900001 11.928394
12.1 11.401247
11.599999 11.602906
13.321849 12.752312
11.1 11.169396
14.79897 14.294172
11.2 11.31102
13.821246 12.810806
11.599999 11.62614
11.999998 11.568998
12.899998 11.289599
11.400001 11.6029415
11.900001 11.906912
11.2 11.304927
11.999998 12.056322
14.1 13.6840515
11.999998 12.11283
11.900001 12.047085
11.599999 12.669027
10.40103 10.484603
11.999998 11.996908
11.999998 12.065145
11.2 11.516142
11.1 11.654524
11.5 11.656071
12.1 11.712334
11.900001 11.697715
11.19691 10.51671
11.400001 11.742825
11.2 11.41107
11.400001 11.753639
11.2 11.409833
11.1 11.193303
12.399998 12.39818
11.3 11.760195
13.500008 13.068548
10.5 10.366434
11.953872 11.960707
11.2 11.344369
11.8 11.738425
11.8 11.924065
12.499997 12.033802
11.900001 11.640085
11.8 11.3251
13.399989 12.6999035
11.1 11.180977
11.2 11.418557
12.399998 11.55077
11.599999 11.677029
12.507823 12.128897
11.5 11.264278
11.7 11.7087555
11.599999 11.26719
14.500117 12.0189495
11.900001 11.951416
11.599999 12.060108
11.999998 11.972118
12.1 12.445883
11.7 11.705766
11.599999 11.343413
11.900001 12.133156
11.212469 11.259546
14.299971 13.320688
15.79897 14.312134
11.3 11.380513
11.5 11.677874
10.40103 10.335268
10.70206 10.652686
11.900001 12.005488
12.927804 13.405145
11.1 11.391202
10.79897 10.85081
11.900001 11.97385
11.400001 11.2468195
12.199999 12.006093
13.202373 12.21038
13.999974 13.490129
12.399998 13.367754
11.3 11.419149
10.40103 10.24023
11.1 11.284905
11.400001 11.441345
11.8 11.858934
14.200179 14.028921
11.1 11.246149
11.3 11.499234
11.822364 11.841511
11.1 11.315952
11.7 11.779334
11.2 11.249479
10.1 10.026577
11.599999 11.913322
11.7 11.85347
11.7 11.889394
11.900001 12.497657
11.3 11.41162
11.400001 11.487252
11.8 12.016994
11.1 11.204239
11.900001 12.364899
11.0 10.859372
11.2 11.428232
11.1 11.979507
11.3 11.349416
12.299998 12.00274
11.3 11.445023
11.7 11.69566
11.400001 11.690617
11.400001 11.484126
11.7 11.773841
13.299971 14.011503
11.900001 11.993565
11.900001 11.951202
12.499997 12.5106735
11.3 11.366014
11.900001 11.973867
13.699981 13.630148
11.900001 11.975278
11.7 11.896649
11.599999 11.7423725
13.1 13.339968
11.972896 11.293249
11.3 11.421677
11.900001 11.926039
11.5 11.389144
11.2 11.284087
11.1 11.210558
11.2 11.318832
11.5 11.490177
12.1 12.586462
12.799992 12.458783
14.145758 14.094852
11.2 11.259764
11.5 11.645759
11.599999 12.125714
13.000009 12.845663
11.5 11.612426
11.2 11.37944
11.5 11.260047
11.3 11.278385
12.599997 12.185776
10.70206 10.739832
11.5 11.626507
11.1 11.270443
11.599999 11.58586
11.1 11.240141
11.900001 11.9410715
11.8 11.969838
11.8 11.93477
11.3 11.402599
11.999998 11.95782
11.5 11.957982
11.999998 12.122815
11.900001 12.681
11.2 11.32605
11.2 11.291844
11.900001 12.00585
11.1 11.807508
11.8 11.791002
11.8 11.968132
11.1 11.268039
11.2 11.237317
11.1 11.330402
12.199999 12.899846
11.2 11.405634
11.3 11.578705
11.3 11.279369
11.2 11.347524
11.999998 11.909152
11.2 11.282265
10.2 10.6611595
12.374244 12.715641
11.2 11.255321
11.2 11.267935
11.999998 12.213935
11.999998 12.915403
11.2 11.333966
11.599999 12.128074
11.599999 11.641977
11.5 11.620113
11.1 11.240275
11.400001 11.642598
10.901343 11.16022
11.5 10.630635
11.599999 11.895348
11.599999 11.474778
11.900001 11.827869
11.1 11.140244
11.3 11.4374895
11.8 11.894672
13.20033 13.501523
11.3 11.605822
11.3 11.299547
11.2 11.377297
11.5 11.973458
11.799998 12.365568
11.400001 11.4611
10.1 10.503231
11.999998 12.890219
11.999998 11.785741
11.900001 11.910498
11.400001 11.707682
11.5 11.444798
12.555932 12.550316
11.2 11.361754
11.2 11.307637
9.79897 10.223722
11.400001 11.341514
12.499997 11.543684
11.3 11.441406
11.2 11.390944
11.1 11.2434635
11.95 12.5345125
11.999998 11.98947
11.49794 11.503892
10.2 10.481895
11.3 10.729157
11.3 11.935829
11.1 11.164856
11.7 11.754358
12.1 11.760628
11.400001 11.563129
11.2 11.236772
11.599999 11.907704
9.70206 9.657075
11.900001 11.724022
11.2 11.308292
11.1 11.195879
11.3 11.525801
11.2 11.224794
11.2 11.293699
12.299998 12.683358
11.5 11.623747
11.5 11.513445
11.19691 12.792238
11.400001 11.5445595
11.3 11.978033
11.900001 12.227218
10.40103 12.283407
11.2 11.289406
11.2 11.414546
11.900001 11.950817
11.8 11.7849245
11.2 11.334448
11.999998 12.175527
12.89588 11.991835
12.699998 11.28733
11.2 11.269324
11.999998 12.095367
13.000009 12.270212
11.8 11.902683
11.2 11.773352
11.1 11.299075
11.900001 11.945915
11.5 11.578858
11.3 11.381665
12.299998 12.007141
11.599999 12.051895
11.1 11.308461
11.2 11.386534
11.599999 11.772583
11.5 11.465346
11.5 11.971233
11.999998 13.045467
12.199999 11.710106
11.599999 11.911497
11.5 11.40462
11.1 11.243005
13.622879 13.588565
11.7 11.825495
13.1 12.184805
11.89588 11.764669
11.3 11.476447
11.3 11.686705
12.799992 12.5332
11.999998 12.098961
13.999974 14.414037
11.5 11.316301
12.299998 12.193577
13.79897 13.739439
10.79897 10.690712
11.2 11.358265
11.3 11.486137
11.2 11.256808
11.3 11.348825
11.2 11.42872
11.3 11.350609
11.0 10.649799
13.200015 12.765123
10.1 9.743276
11.3 11.3352585
11.900001 12.06538
11.400001 11.38766
11.2 11.644566
11.900001 11.97468
11.2 11.320023
11.3 11.384125
11.543697 10.550646
11.7 11.593476
11.900001 11.687147
11.1 11.405281
11.900001 12.150612
11.3 11.63735
11.999998 11.347139
11.2 11.428519
11.993028 11.308246
13.899971 13.60351
11.2 11.289029
14.1 14.043955
13.500008 12.544587
11.900001 11.923956
11.1 11.119703
11.599999 11.839216
10.1 10.994394
11.2 11.2715435
11.1 11.231489
11.1 11.22675
12.199999 12.073071
11.7 11.793781
12.399998 12.825995
11.2 11.358756
10.622879 10.749061
13.600039 12.20646
13.000009 12.043662
11.108774 11.259762
10.3 10.388272
11.665578 11.514705
10.622879 10.568949
11.3 11.399719
11.3 11.698059
11.3 11.777837
11.8 11.930965
11.5 11.596457
11.8 11.814213
11.900001 11.964341
11.900001 11.911263
11.2 11.34015
11.1 11.329052
11.3 11.468201
11.8 11.576471
11.3 11.400917
11.1 11.291317
11.1 11.167993
11.5 11.598347
10.738272 10.800364
11.8 11.378137
11.8 11.938116
11.0 11.295906
11.3 11.36504
13.777781 12.399392
12.899998 13.186532
11.2 11.356989
11.900001 11.947253
13.899971 12.921946
11.1 11.175364
11.2 11.338465
12.719789 13.04405
11.5 11.328097
11.599999 11.633809
11.2 11.243951
11.242667 11.356518
10.79897 12.086676
11.900001 11.303716
11.3 11.515666
11.8 11.8699875
11.900001 12.03553
11.999998 12.001436
12.499997 12.638677
11.5 11.731365
13.500008 12.331098
11.7 11.576875
11.2 11.4843645
12.299998 12.45556
11.1 11.274636
11.900001 12.0063095
11.2 11.27754
14.299971 13.005556
11.900001 11.995159
12.759556 13.69966
11.2 11.414638
11.999998 11.800858
11.8 12.048567
11.599999 11.715506
11.8 11.904553
11.3 11.590634
11.622879 11.4082
11.95 12.900185
11.8 11.817383
11.999998 12.101819
11.900001 11.604307
11.1 11.05679
13.200015 12.819063
11.5 11.341792
11.3 11.419731
11.549999 12.021425
12.399998 11.72246
13.800057 12.327846
11.5 11.656618
11.7 11.738092
11.2 11.313474
11.7 11.794333
11.5 11.474081
13.399989 11.817945
11.1 11.1798115
11.8447275 11.450346
12.199999 12.18499
12.299998 11.776796
11.3 11.188203
11.1 11.294459
12.299998 11.6229725
11.1 11.35943
9.79897 10.021737
11.3 11.393263
11.599999 11.713063
11.1 11.294382
15.299971 13.996735
11.599999 11.694271
11.1 11.075949
11.400001 11.37511
9.79897 9.974243
11.2 11.288471
14.668636 14.505937
11.900001 12.025785
11.7 11.671135
11.2 11.364264
11.058607 10.777969
13.399989 13.596039
13.986056 13.707173
11.2 11.257795
11.999998 12.289745
10.1 10.919632
11.2 11.445277
12.788246 13.010503
11.599999 11.820514
11.400001 11.38794
10.40103 10.549269
12.299998 11.994091
11.3 11.34981
11.1 11.284288
11.900001 12.023476
11.400001 11.514815
11.8 11.94215
11.3 11.414011
12.199999 11.861816
11.900001 11.969889
11.900001 12.006023
11.8 11.924671
15.254902 13.72756
11.2 11.318322
13.299971 13.139019
11.5 11.517048
11.2 11.284506
11.1 11.230566
12.399998 12.330821
12.799992 12.471478
11.2 11.269971
11.1 11.092115
11.2 11.303134
12.599997 12.556226
11.999998 11.882597
13.999974 13.37332
11.900001 11.9297495
12.299998 12.191055
11.999998 11.846443
11.2 11.293338
11.3 11.332489
11.1 11.756292
12.1 12.073875
11.900001 11.958603
11.79897 11.702943
11.3 11.46611
11.1 11.254874
11.400001 11.597675
11.1 11.846601
11.1 11.115157
11.8 11.960363
11.400001 11.465788
11.8 11.39694
11.2 11.281646
11.599999 11.564512
10.2 10.478134
13.500008 12.129515
11.1 11.325958
11.2 11.373826
11.900001 12.014004
11.999998 12.08555
11.1 11.156016
11.7 11.869422
11.900001 12.145108
11.2 11.376669
11.400001 11.504604
11.900001 12.363447
11.599999 12.168719
11.999998 11.910063
11.901343 11.960378
12.799992 12.739451
11.7 11.510575
11.8 12.246586
11.2 11.250633
11.2 11.316647
11.2 11.318514
11.599999 11.668902
11.1 11.366603
11.8 11.955645
11.8 12.0609
12.299998 12.257164
11.2 11.263897
11.900001 11.9420185
11.8 11.636657
11.999998 12.207923
11.5 11.798727
12.699998 11.716713
11.7 12.012964
11.8 11.84067
11.900001 12.028563
10.49794 10.60007
13.314671 11.16087
11.5 11.609803
11.1 11.163241
11.900001 11.940008
11.400001 11.470089
10.520216 10.488182
11.8 11.498577
11.2 11.322554
14.400163 14.200351
11.40103 11.427238
14.500117 13.933657
11.1 11.675585
11.900001 11.993991
12.299998 11.981324
11.1 11.351356
11.5 11.901112
12.299998 12.672542
12.899998 12.096231
11.2 11.363456
11.3 11.318018
13.600039 13.430102
11.336572 10.904278
11.2 11.300032
12.399998 11.623302
11.400001 11.672306
11.2 11.360147
11.1 11.285738
11.3 11.488869
11.446788 12.149408
11.599999 11.706526
13.1 13.599123
12.499997 12.483129
11.2 11.362305
11.3 11.508116
11.599999 11.642951
12.599997 12.418188
11.8 12.247225
11.5 11.640972
11.45 11.4247675
11.1 11.21542
11.2 11.214392
11.2 11.291122
11.2 11.320822
11.1 11.20881
12.299998 12.2546835
11.1 11.621446
11.599999 11.871794
11.3 11.7678795
9.79897 9.911253
11.1 11.066814
13.200015 11.78586
11.5 11.857796
11.2 11.255513
11.3 11.400009
11.3 11.5384865
11.7 11.919434
12.499997 12.789279
11.953872 11.321574
11.7 12.060601
12.0 12.374786
11.239147 11.617149
11.1 11.245452
11.7 11.820632
12.010408 12.054255
12.499997 12.262866
13.864471 13.517801
11.7 11.372725
10.40103 10.974336
11.2 11.274615
11.3 11.361453
13.986056 13.382538
11.999998 12.007265
11.599999 11.930189
11.7 11.652228
11.2 11.231038
11.1 11.240951
11.999998 11.78997
11.1 10.9004
11.1 11.206817
11.7 11.968072
11.2 11.289634
9.508935 9.845512
11.999998 12.021832
11.3 11.411724
12.418758 12.519869
11.719789 10.78537
11.3 11.878801
15.480535 14.583374
11.5 11.562524
11.5 11.340037
14.200179 13.392737
11.5 11.504723
11.3 11.366382
12.199999 12.531229
11.2 11.326624
11.8 11.9398365
11.5 11.409676
11.1 11.165458
11.999998 12.077501
11.8 11.506816
11.2 11.318668
11.1 11.137537
11.1 11.235599
11.1 11.17737
11.5 11.288087
11.3 11.800044
15.456548 14.55953
12.699998 11.366406
11.2 11.322227
11.900001 11.795687
12.1 10.916417
11.400001 11.289434
11.2 11.470224
11.2 11.298387
12.19691 13.36808
13.000009 11.778053
11.5 11.588523
11.8 11.728024
11.2 11.384407
11.8 12.598047
11.400001 11.415612
12.299998 12.361681
11.1 11.081819
12.699998 11.582675
12.299998 12.346981
11.40103 11.268364
12.199999 12.263449
13.000009 12.193236
12.799992 12.114587
11.111138 11.214705
11.999998 12.009062
9.923909 10.101053
11.7 11.9213705
11.2 11.3711405
11.900001 12.005151
11.400001 11.492765
11.1 11.43551
13.200015 12.255774
11.400001 11.449169
11.5 11.825775
11.400001 11.444053
11.400001 11.483629
12.192825 11.998123
11.999998 12.413913
11.400001 11.643108
13.600039 12.822323
11.2 11.250657
11.1 11.268646
14.901343 14.170342
11.2 11.294382
11.5 11.532815
11.2 11.297571
11.400001 11.461767
11.7 11.768829
11.8 12.316524
11.900001 12.011983
12.799992 13.011747
11.2 11.374294
11.900001 12.021803
11.1 11.43203
11.2 11.294241
13.500008 13.579606
11.711954 11.4643955
11.1 11.18581
13.1 13.857651
11.900001 11.97165
11.900001 11.809696
12.958547 11.984217
11.1 11.107594
11.2 11.307674
11.3 11.607711
10.9 11.339273
10.79897 10.022842
11.5 11.3379
14.8447275 14.666484
11.8 12.14542
11.1 11.096637
13.500008 12.659376
11.7 11.754076
11.254902 11.471661
11.8 11.964296
11.1 11.37929
11.2 11.275534
11.1 11.1921215
11.2 11.247555
10.1 9.986838
11.8 11.943314
11.400001 11.437875
11.2 11.319628
14.508935 13.907743
11.1 11.160807
12.599997 12.6682415
14.1 13.599081
11.3 11.386297
11.7 11.8628845
9.40103 9.563555
11.999998 12.065071
11.3 11.351968
11.212469 11.248958
11.5 11.486118
10.1 10.225498
12.599997 13.066267
10.839154 11.946198
11.7 11.4708395
11.2 11.319517
11.900001 11.920641
11.8 11.849228
11.3 11.397169
11.3 11.432107
11.7 11.771004
11.1 11.473701
11.2 11.356182
12.499997 12.470879
14.500117 13.50591
14.40103 13.955606
15.1 14.180892
11.2 11.293931
11.7 11.797509
12.1 12.335832
11.3 11.471225
9.893174 10.079403
11.8 11.788744
11.599999 11.830669
11.5 12.1322975
11.900001 12.005857
12.199999 11.515121
11.900001 11.998578
11.2 11.359837
11.1 11.185436
11.1 11.47321
12.06041 10.545306
11.2 11.285084
11.2 11.413334
11.1 11.970436
12.499997 12.381962
11.599999 11.681765
11.900001 11.943233
11.2 11.296316
12.699998 12.164747
10.622879 10.691905
11.8 11.02701
11.8 13.383123
11.7 11.630067
11.599999 11.680201
13.699981 13.071211
11.1 11.463902
12.543697 12.288346
12.199999 12.494163
11.1 11.15705
11.400001 11.657706
11.900001 12.0196705
11.1 11.3750105
13.011954 13.461871
12.699998 11.877586
11.2 11.416243
11.400001 11.526951
11.900001 11.963537
11.5 11.64142
13.1 13.57309
11.8 11.907709
11.900001 11.943264
11.3 11.334032
12.993441 13.2245245
11.900001 11.539912
11.900001 11.537985
11.2 11.277647
11.2 11.316456
11.900001 11.941517
11.900001 11.787157
12.821246 12.258692
11.2 11.362111
12.434419 12.908135
12.899998 13.51636
11.8 11.938463
12.199999 11.910597
11.400001 11.314859
11.2 11.362319
11.599999 11.757483
11.3 12.495258
11.7 11.845084
12.799992 11.66034
11.2 11.28442
11.459518 11.505929
11.2 11.292296
11.1 11.142116
11.7 12.440358
12.799992 13.696729
11.400001 11.486765
11.3 11.369165
11.7 11.794977
9.79897 9.605328
11.599999 11.496433
11.1 11.308535
11.534152 11.3382435
11.3 11.642994
12.499997 12.474414
11.8 11.960569
11.8 11.887768
11.900001 12.091927
11.7 11.996496
11.5 11.556489
11.400001 11.508841
11.1 11.25647
12.299998 13.241351
12.199999 11.879257
12.199999 11.610282
11.599999 11.801893
11.999998 12.141135
11.400001 11.397381
12.923909 12.272421
12.058607 11.233632
13.699989 13.89173
13.000009 12.313506
11.1 11.113354
11.2 11.382795
11.2 11.565965
13.1 11.872593
11.2 11.37873
10.2 10.383858
11.400001 11.484053
11.1 11.44359
11.3 11.362505
11.8 12.021512
11.1 11.190905
11.2 11.353682
11.1 11.155334
11.900001 11.958874
12.1 12.253641
11.900001 11.950671
11.900001 11.966078
10.70206 10.718239
12.1 11.634078
11.8 12.008103
10.622879 10.702158
12.1 12.620899
11.2 11.237392
11.2 11.284578
11.900001 11.858936
13.1 13.175234
11.7 12.035223
11.5 11.539785
12.466532 10.732848
11.599999 11.207869
11.2 11.37618
11.1 11.251241
11.2 11.237827
11.40103 11.264254
11.400001 11.429394
11.1 11.207948
12.699998 13.392035
11.400001 11.301932
11.900001 14.5646105
11.165502 11.226584
13.299971 13.6254
10.7 10.486347
11.8 12.383688
11.1 11.196048
11.1 11.204618
11.8 12.006725
9.79897 10.176977
9.986056 10.148182
11.2 11.41404
11.7 11.769282
11.2 11.22154
12.078811 11.218301
12.1 11.297601
12.299998 11.970348
12.199999 12.006764
11.1 11.192581
11.3 11.684536
11.900001 11.957088
11.2 11.314238
11.1 11.335019
11.400001 11.460468
15.200179 13.861506
10.446788 10.591961
12.1 11.97657
11.7 11.654867
11.5 11.593414
11.1 11.341171
12.499997 12.511774
11.7 11.844971
11.900001 12.038876
11.3 11.408221
12.299998 11.687097
11.999998 12.101671
11.5 11.366243
12.723423 12.287338
12.199999 11.908979
14.1 13.226792
11.900001 11.967501
11.599999 11.653327
12.1 12.336732
11.5 11.503212
10.622879 10.434483
11.2 11.440559
11.2 11.230891
11.2 11.30484
11.400001 11.655558
11.8 11.841135
10.6 10.6304655
11.999998 12.002451
11.7 11.956024
11.1 11.381316
11.2 11.200224
12.599997 12.479343
12.899998 12.21318
11.900001 12.045221
11.7 11.78013
11.2 11.263255
11.5 12.545973
11.999998 11.345258
11.5 11.690626
11.8 11.874857
11.2 11.416945
11.599999 11.572386
10.89588 11.097809
11.2 11.291894
11.999998 12.10611
11.3 11.453364
11.599999 11.410362
12.899998 12.887119
11.49794 11.895052
13.299971 13.263914
10.1 10.017045
13.600039 14.754615
11.2 11.2927685
11.400001 11.452774
11.1 11.281351
12.899998 11.381552
11.900001 11.973047
11.400001 11.387068
11.8 12.01923
12.399998 11.559011
11.1 11.144676
11.1 11.33627
11.599999 11.706442
11.5 11.518267
11.1 11.209319
11.2 11.261028
10.79897 9.97535
11.7 11.973826
11.3 12.02377
12.399998 11.715401
11.1 11.221716
11.8 11.941639
11.599999 11.8808775
11.8 11.7938385
11.0 10.926254
13.47675 14.270908
11.5 11.495464
11.5 11.924858
11.5 11.6695795
11.5 11.578638
11.599999 11.716981
12.49794 12.494034
11.0 11.212505
13.145758 12.52137
12.199999 12.197276
12.1 11.672464
11.8 11.925679
11.2 11.233796
12.555932 12.285542
11.5 11.848591
11.2 11.292475
11.3 11.610504
11.3 11.316885
11.900001 12.041258
11.599999 11.920649
11.3 11.749199
11.2 11.281996
11.7 12.3361
11.1 11.255349
11.5 11.506724
11.5 11.510269
11.8 11.923004
11.1 11.374656
12.1 12.296204
11.8 11.897973
11.5 12.450668
11.7 11.86075
11.999998 11.900766
11.3 11.553125
13.699981 13.777769
10.1 10.187688
11.3 11.308264
15.117729 14.816788
10.40103 11.095583
11.3 11.383811
11.5 11.473563
13.999974 13.377294
11.1 11.350138
11.999998 11.618714
11.3 11.314385
12.799992 11.91297
11.8 11.83025
14.200179 13.794647
12.399998 12.082901
12.899998 12.140997
11.999998 11.680869
11.1 11.176113
10.40103 10.607212
11.2 11.303217
11.2 11.250091
11.2 11.274656
12.299998 12.5835495
11.8 11.996068
13.500008 14.07951
11.400001 11.366864
10.79897 12.050512
11.900001 12.046042
11.400001 11.6130085
11.5 11.322254
11.1 11.491492
11.3 11.333746
11.1 11.123942
10.4 10.674119
11.3 11.351956
11.900001 11.943655
11.2 11.260237
11.2 11.2963505
11.2 11.294863
12.1 11.73987
12.499997 12.264104
11.7 11.826745
11.400001 11.424385
12.199999 11.933908
11.1 11.741102
11.2 11.16821
11.999998 12.093738
11.900001 11.896272
11.5 11.564686
11.599999 11.623299
11.5 12.057419
13.299971 12.968639
11.3 11.397224
14.999629 14.45575
11.7 11.648959
11.1 11.91625
11.7 11.699601
10.622879 10.586369
11.901343 13.145803
11.1 11.215398
10.1 11.184801
11.7 11.705745
11.400001 11.417606
11.900001 11.891644
12.300659 12.859459
12.299998 11.722018
10.7 10.614224
11.7 11.324203
11.8 11.97452
11.7 11.734491
11.3 11.350182
11.7 11.741956
11.2 11.355603
11.400001 11.405621
11.599999 11.678096
11.3 11.360624
11.999998 12.094606
11.7 11.794549
11.2 11.323844
11.8 11.986403
10.4 10.618905
11.2 11.676914
11.043335 11.262786
10.8 10.291025
12.499997 11.901903
11.900001 11.920188
11.900001 11.9971695
11.2 11.291719
11.900001 11.970916
11.19691 12.655035
11.2 11.392061
11.1 11.632822
13.699981 12.902632
12.199999 11.708231
11.400001 11.418205
11.822364 11.94982
13.500008 13.301965
11.599999 11.749557
13.999974 12.571278
14.500117 13.34647
11.3 11.389797
11.8 11.90176
11.3 11.349939
11.1 11.183269
11.7 12.034498
14.700326 14.201714
11.5 11.61481
14.200179 13.8193655
11.7 11.690254
11.1 11.096661
11.900001 12.017431
11.3 11.51
13.800057 12.808347
11.2 12.443566
11.49794 11.714969
11.5 11.583004
11.900001 11.671151
11.3 11.368325
10.8 10.806721
11.400001 11.532238
11.1 11.223065
11.7 11.792528
10.40103 12.007215
11.900001 12.051286
11.999998 11.878239
11.2 11.242255
13.500008 12.045829
11.5 11.882071
11.058607 10.273079
11.900001 11.955044
11.900001 11.880725
11.3 11.413165
11.2 11.297317
11.2 11.339983
11.900001 11.944301
12.399998 11.979907
11.5 11.569091
11.900001 11.823519
10.4 10.598724
11.2 11.218627
11.900001 11.995912
11.599999 11.645174
11.2 11.396997
11.900001 11.941778
11.2 11.427754
11.5 11.5777
11.900001 11.951616
11.3 11.619289
12.199999 11.961746
11.999998 11.997489
11.5 11.442578
11.400001 11.454041
11.5 12.349901
12.251195 11.8944025
13.555932 12.275541
12.399998 12.412335
11.581486 11.663598
12.399998 12.356282
11.2 11.630186
12.685027 12.610933
11.2 11.332039
11.7 11.753148
11.2 11.317281
12.499997 11.494079
11.1 11.169442
12.699998 12.195284
11.1 11.24769
11.2 11.277498
11.599999 11.613464
11.900001 12.655119
11.7 11.727001
11.900001 11.942957
12.899998 12.747818
11.900001 11.862088
11.900001 11.923701
12.1 11.671087
11.599999 11.644346
11.3 11.663311
11.2 11.255375
11.7 11.94932
11.8 12.091558
11.7 12.201793
11.900001 12.059986
11.5 11.639204
10.7 10.567507
13.899971 13.008115
11.5 11.631292
11.2 11.358647
14.200179 14.32692
13.600039 12.695731
11.2 11.333148
12.199999 12.205166
11.999998 12.216811
11.900001 12.378385
11.821246 12.3214245
11.2 11.226292
12.399998 11.935818
11.999998 11.654655
11.2 11.367136
11.5 11.886128
10.40103 11.146477
11.1 12.411062
12.599997 12.270239
11.900001 12.504174
11.599999 11.728569
11.3 11.538143
11.7 11.857775
11.599999 11.789761
12.199999 12.592043
11.1 11.228328
11.5 11.577875
11.2 11.296167
11.2 11.319845
11.8 11.984116
13.699981 13.503326
11.900001 11.860953
11.7 12.232736
11.3 11.292919
11.900001 12.040552
12.1 12.170532
11.2 11.303363
12.1 12.071781
11.5 12.449722
11.8 11.390244
11.2 11.322503
11.1 11.80227
11.3 11.339762
11.7 11.823267
15.79897 11.223138
11.1 11.1213
11.400001 11.418705
10.1 10.441081
11.49794 11.556145
11.2 11.424733
11.2 11.236725
11.599999 11.851519
11.2 11.374574
11.392429 11.518495
11.7 11.673975
11.2 12.395316
11.900001 11.721842
11.8 11.901342
11.3 11.531168
11.7 11.498697
11.7 11.698824
11.555932 11.369804
11.999998 12.097087
11.999998 12.103416
11.3 11.579716
11.7 12.107258
11.599999 11.365313
11.8 11.386845
11.8 11.876415
12.499997 12.060059
11.3 11.406116
11.2 11.364428
11.3 11.598156
12.199999 12.293595
13.000009 12.459152
11.3 11.401363
11.7 11.886412
11.1 11.207292
11.5 11.638466
11.5 11.592594
11.900001 11.496988
11.900001 12.147573
11.2 11.384152
11.2 11.329018
11.900001 11.978424
11.599999 11.580423
11.5 11.688721
11.2 11.333761
11.2 11.308343
12.399998 12.154022
11.5 11.450207
12.058607 12.167626
11.400001 11.382274
15.400163 15.539758
11.2 11.332924
11.999998 11.953478
11.5 11.5585
11.599999 11.868715
11.599999 11.497475
11.900001 12.230284
11.900001 11.894869
11.5 11.469379
10.1 12.2862
11.900001 11.8974905
10.40103 10.511109
11.1 11.146723
11.900001 11.972736
11.400001 11.537859
11.900001 11.962007
11.2 11.319155
11.2 11.343756
13.299971 13.246967
11.999998 12.199243
11.400001 11.435864
11.3 11.370524
11.1 11.120797
12.499997 12.655918
15.1 14.541786
11.2 11.221959
10.7 10.413442
11.8 11.947116
11.5 11.556949
11.8 11.953317
14.40103 14.876286
11.2 11.221559
12.199999 12.440598
11.400001 11.536758
11.3 11.429993
11.0 10.838905
11.3 11.502566
11.599999 12.093743
11.900001 11.96493
11.1 10.725804
11.8 11.927085
11.7 11.933805
11.1 11.2583275
11.400001 11.470855
11.900001 11.939775
11.2 11.204055
11.2 11.627562
11.400001 12.147123
15.299971 15.355746
11.3 11.334024
11.7 11.984802
11.400001 11.411457
11.400001 11.379805
11.5 11.508139
11.1 11.385862
11.5 11.400533
11.1 11.186748
11.900001 11.934899
10.2 10.403678
12.599997 13.24092
12.699998 12.401024
11.1 11.24748
12.899998 11.771218
11.3 11.465881
11.2 11.404434
11.3 11.467283
11.49794 11.2498
11.900001 11.919495
13.409894 13.5808935
11.8 11.716297
11.1 11.267848
12.1 11.629691
11.900001 11.994453
11.2 11.26253
11.75 11.602015
11.1 11.01535
11.3 11.433931
12.499997 12.169975
10.40103 11.675165
13.1 13.071213
11.1 11.232683
11.3 11.488982
11.400001 11.503111
11.999998 11.543366
11.2 11.341475
11.2 11.371943
11.1 11.242954
14.145758 14.576956
12.699998 11.862493
13.1 11.782244
11.7 11.677698
11.599999 11.408972
11.2 11.263164
12.499997 12.3951
11.2 11.302336
11.1 11.338971
11.2 11.34934
11.999998 11.942065
11.5 11.576105
11.900001 11.911837
11.3 11.445759
11.400001 11.4207535
11.900001 11.963342
10.79897 9.968959
11.8 11.62479
11.400001 12.1318
11.2 11.4681225
11.1 11.336629
13.299971 12.5775585
11.2 11.265174
11.3 11.500275
11.900001 11.980787
11.2 11.350727
13.800057 13.74033
11.2 11.378506
12.460513 12.452379
11.5 11.749223
12.321849 12.080446
10.1 10.840641
11.1 10.963047
11.5 11.603463
11.5 11.474193
11.2 11.275277
11.7 11.93951
11.7 13.291391
11.3 11.339695
11.2 11.268693
10.70206 10.77614
11.1 11.282476
10.9 11.535232
12.499997 12.770963
11.5 12.103372
11.2 11.207314
12.899998 13.218662
11.2 11.353796
11.2 11.291577
10.1 10.448652
11.2 11.233188
11.599999 11.543025
10.4 10.996819
14.600313 13.9109535
11.7 11.9922285
11.900001 11.974995
11.2 11.476432
10.5 10.864052
11.7 11.665934
13.000009 12.394009
11.2 11.299149
14.869551 14.643319
11.2 11.223484
12.49794 11.293576
12.899998 12.189612
11.1 11.115658
11.2 11.261239
13.200015 13.574967
11.8 12.255754
13.500008 13.331335
12.699998 12.587654
11.2 11.316062
11.400001 11.461116
11.2 11.363373
12.799992 12.105213
13.200015 12.843451
11.1 11.623571
11.89588 11.380137
11.1 11.191954
11.900001 12.032883
11.5 11.708551
12.599997 12.0319605
13.800057 13.320604
11.923909 11.338584
11.5 11.537581
11.2 11.354708
11.2 11.174369
10.49794 10.641808
12.953872 11.826123
11.3 11.366642
11.999998 11.303812
11.1 11.144451
10.418758 12.082836
11.1 11.29025
12.499997 11.493126
14.1 13.691855
11.7 11.788322
12.499997 11.92542
13.500008 13.136589
11.8 11.9151325
11.599999 11.832556
11.7 11.634266
12.199999 11.632593
11.599999 11.501686
12.299998 12.151817
11.8 12.0201435
14.299971 12.980932
11.1 11.301559
13.600039 12.139911
11.900001 11.92527
13.986056 12.18988
10.1 10.052852
11.5 11.399072
13.465243 11.551575
11.400001 11.416445
11.400001 11.357948
11.900001 11.909645
11.599999 11.599491
11.999998 11.992482
12.899998 12.148682
11.2 11.405602
11.115759 11.206766
12.699998 12.073479
11.5 11.744701
11.900001 11.550468
11.5 11.582015
11.3 11.468165
12.699998 12.757328
11.900001 11.977593
12.953872 12.885748
11.8 11.856186
13.899971 14.273397
11.2 11.288376
11.8 11.303327
14.600313 13.834898
11.2 11.273941
11.999998 12.255441
11.711954 11.455909
11.900001 11.927796
11.900001 11.953976
10.1 11.048727
12.399998 11.867273
9.622879 10.136685
11.2 11.238137
10.70206 10.77322
12.1 12.415838
10.1 9.754658
11.599999 11.606615
11.3 11.527168
11.900001 11.973341
12.699998 12.518387
13.299971 13.142544
11.599999 11.290867
11.2 11.28381
11.400001 11.39164
11.1 11.775154
12.399998 12.327899
11.3 12.278922
11.599999 11.674524
11.7 11.960474
11.400001 11.512981
13.622879 13.647979
12.199999 11.643686
11.599999 11.734233
11.5 11.710285
11.999998 12.012661
14.1 14.02824
12.699998 12.599668
11.2 11.322201
11.900001 12.327982
12.54855 12.498074
12.399998 12.116098
11.2 11.209711
11.900001 11.969067
11.5 11.79314
11.900001 11.895546
12.399998 11.908146
11.8 11.870538
10.89588 11.062599
12.299998 12.178366
11.1 11.097027
11.1 11.203594
11.599999 11.645536
13.1 12.558811
12.299998 11.5444145
11.2 11.288361
11.7 11.750456
11.2 11.695515
10.3 10.528669
11.999998 12.063145
11.2 11.266736
11.7 11.666714
11.2 11.409897
11.2 11.2659645
13.622879 13.398849
11.8 11.826062
11.400001 11.399414
13.214758 12.931137
12.175721 11.215408
13.1 12.657344
11.1 11.18272
11.2 11.23794
11.8 11.949057
6.1 8.82327
9.506714 9.986558
11.400001 11.529779
13.1 14.362908
10.4 10.807608
11.400001 11.508186
12.078811 11.491244
11.999998 11.714636
11.8 11.920671
11.599999 11.7520075
10.958237 11.174254
11.5 11.735474
12.299998 12.130958
11.5 11.643469
14.8447275 12.865156
11.900001 11.9918165
11.2 11.395239
11.400001 11.499213
11.7 11.806073
12.199999 11.761139
11.999998 12.024305
10.1 10.477452
12.499997 11.837015
11.400001 11.448751
11.2 11.204056
10.4 10.341273
12.599997 12.148754
11.900001 11.742752
11.2 11.449223
12.399998 12.3628025
11.900001 11.970356
11.2 11.285482
11.1 11.205082
11.900001 11.923342
11.900001 11.920429
14.299971 13.957628
11.2 11.361224
11.2 11.2898445
15.49794 14.738199
11.058607 11.566546
11.599999 11.661854
11.599999 11.730857
11.5 11.458942
11.5 11.515337
11.999998 12.411294
11.599999 11.980839
14.400163 13.504861
13.000009 12.838421
11.1 11.223631
15.299971 15.099427
11.599999 11.874409
11.2 11.349587
10.622879 10.473864
11.1 11.189337
11.2 11.591229
9.79897 9.688854
11.5 11.302719
11.900001 11.92064
11.2 11.273924
13.1 13.291167
11.599999 12.140931
12.1161 11.294604
11.2 11.261341
11.7 12.061635
10.1 9.994303
11.2 11.327777
11.5 11.228608
11.8 11.8488455
11.1 11.353889
10.622879 10.50729
11.1 11.23631
11.1 11.311186
11.599999 12.161209
12.1 11.462095
11.2 11.708784
11.2 11.36458
11.2 11.384817
10.2 10.449284
11.599999 11.724013
11.3 11.473183
11.3 11.482188
12.499997 13.291378
11.1 11.238083
11.8 11.565813
12.199999 11.465367
12.199999 12.703478
11.5 11.638565
11.822364 11.89542
11.7 11.632395
11.599999 12.196475
11.5 11.88537
11.400001 11.600319
12.599997 11.588461
12.699998 12.024727
11.5 11.559616
12.199999 12.348057
11.2 11.284873
11.5 11.369085
12.499997 11.863012
11.5 11.590042
13.47675 12.250523
12.799992 11.816807
11.8 11.928911
13.600039 13.691661
11.900001 12.02751
11.400001 11.348889
13.000009 13.097103
11.2 11.347533
12.199999 11.880905
11.1 11.22131
11.2 11.287968
11.3 11.512777
11.1 11.307686
13.1 12.910131
9.79897 10.070748
12.299998 12.210988
13.600039 13.416735
12.199999 11.302242
11.1 11.20921
12.199999 11.713528
11.400001 11.49708
11.400001 11.537504
12.299998 12.482349
11.7 11.468166
12.799992 13.191694
11.2869625 11.493484
11.815606 13.349073
11.1 11.849194
11.5 11.609718
11.599999 11.359428
12.399998 12.574036
11.400001 11.320224
12.399998 12.554472
11.7 11.949411
11.3 11.403093
12.1 12.107296
13.800057 11.409034
11.7 11.750115
10.79897 11.100689
11.5 11.380987
11.999998 11.522455
11.1 11.231583
11.999998 12.183886
11.1 11.305995
11.900001 12.002936
11.622879 11.491558
11.400001 11.318624
11.1 11.375977
11.900001 11.864319
11.3 11.206709
10.3 10.544812
10.4 10.727659
10.5 11.300894
14.145758 14.219947
10.1 10.675118
11.900001 12.067549
11.1 11.317297
11.400001 11.895718
11.900001 11.9137335
11.7 11.801778
11.1 11.198759
11.3 11.637553
12.248742 14.015722
10.70206 10.704475
12.199999 11.735609
12.299998 12.312979
11.900001 11.968815
11.3 11.385765
11.303734 11.480965
11.900001 12.267463
13.180922 12.651922
11.5 11.430226
11.1 11.283775
11.2 11.311494
10.1 10.1502905
11.2 11.294918
11.207906 11.002498
11.900001 11.680824
11.2 11.38107
11.2 11.276167
11.1 11.280354
11.400001 11.436767
11.3 11.3139305
11.5 11.769314
11.8 11.923931
11.2 11.34135
14.200179 13.810795
11.1 11.188622
11.5 11.703245
11.5 11.939716
10.9 11.072485
13.200015 12.310259
12.799992 12.5835905
12.499997 12.212637
11.599999 11.642455
10.2 10.632211
11.8 12.110081
11.2 11.260591
11.8 11.885031
11.900001 11.922268
11.2 11.299201
10.186186 9.996069
13.399989 13.01903
11.5 11.570377
11.1 11.1840925
11.5 11.799004
11.1 11.232934
11.2 11.3158655
11.1 11.294347
12.199999 12.398452
11.1 11.30858
11.1 11.186125
12.499997 12.902277
11.5 11.684539
12.199999 12.14275
11.1 11.172095
11.1 11.34613
11.5 11.61175
12.799992 11.632965
11.2 12.282904
12.1 12.181857
11.900001 11.922253
12.418758 12.720413
11.3 11.339731
11.3 11.329608
11.400001 11.730928
12.399998 11.971612
11.999998 12.670799
11.5 11.476028
11.2 11.454588
12.499997 12.690975
11.1 11.155795
10.79897 9.981427
11.3 11.496803
11.2 11.330885
11.2 11.334117
11.999998 11.953287
11.1 10.83416
11.1 11.233314
14.901343 14.630074
12.699998 12.310674
12.199999 11.831901
10.79897 10.920286
11.2 11.381919
11.1 11.436677
11.599999 11.549523
11.1 11.390861
11.1 11.502091
11.599999 11.727158
12.599997 11.463689
12.199999 12.040012
11.7 11.945793
11.900001 11.960492
11.2 11.374178
11.2 11.494023
11.1 11.176249
11.900001 11.4370165
12.299998 12.181918
11.999998 11.870152
11.2 11.371098
14.1 14.105345
9.79897 10.075464
12.899998 13.402927
11.7 11.718004
11.2 11.448538
11.5 11.502876
11.1 11.621926
11.3 11.782724
11.599999 11.906993
11.900001 12.008541
12.299998 11.799536
11.7 11.662268
11.7 11.90782
11.3 11.332842
12.699998 11.355118
11.2 11.365204
11.1 11.188695
11.3 11.456753
12.1 12.012177
13.200015 13.204046
12.299998 12.7460785
11.1 11.144559
11.7 11.791946
11.1 11.262662
11.5 11.19294
11.900001 11.891893
11.8 11.341349
11.7 11.880179
11.2 11.280095
10.321849 9.972012
11.900001 11.957287
11.1 11.27503
11.900001 11.999987
12.199999 12.482645
11.7 12.321346
11.1 11.266281
10.8 10.720466
14.299971 12.8453865
11.1 10.689102
12.699998 12.458729
11.400001 11.343276
11.1 11.204396
11.400001 11.523215
11.1 11.186797
11.1 11.186125
11.3 11.71806
12.399998 12.100905
11.1 11.280309
12.1 13.070041
13.1 11.792043
11.5 11.578313
11.400001 11.54375
10.445824 10.436721
11.2 11.357965
11.3 11.441327
11.400001 11.505365
12.899998 12.863951
13.000009 12.834483
11.900001 11.952392
11.400001 11.575243
11.400001 11.497017
11.900001 12.536035
11.5 11.657021
11.3 11.785464
11.1 11.332182
11.900001 12.022507
10.622879 10.720936
11.3 11.453926
11.2 11.285605
12.199999 11.83154
11.5 11.826473
11.5 11.509451
11.999998 11.719133
11.3 11.319929
11.3 11.520645
11.1 11.41874
11.2 11.4921465
11.3 11.581033
11.8 12.517393
13.299971 12.822359
11.2 11.360878
11.900001 11.847851
11.599999 12.778166
11.2 11.327314
12.990712 12.55443
14.400163 13.898228
13.500008 12.846022
11.1 11.3004265
11.2 11.297282
11.5 11.566679
11.1 11.112054
13.821246 13.958057
11.7 11.689053
11.1 11.503908
11.1 11.104248
12.1 12.087519
12.599997 12.364289
11.1 11.159896
11.7 11.671118
11.2 11.224696
11.400001 11.854168
12.1 11.345212
11.2 11.269554
14.600313 14.246858
10.70206 10.710736
10.4 10.728914
11.685027 11.31874
15.254902 12.382582
11.1 11.257977
11.8 11.793664
12.499997 11.474894
11.2 11.446754
11.1 11.346544
11.1 11.31205
11.3 11.627029
15.200179 13.922652
13.399989 12.790451
11.29586 11.113148
12.299998 12.239088
14.8447275 14.114048
11.900001 12.102028
12.1 11.914951
12.923909 12.350128
12.218045 11.253604
11.900001 11.435276
11.400001 11.481091
11.999998 12.009015
11.3 11.357407
11.999998 11.912968
11.5 11.604406
11.2 11.382489
12.520216 11.344352
11.45 11.4715185
14.79897 14.600756
11.2 11.306424
11.3 12.000538
10.1 10.865189
11.1 10.977367
11.2 11.431652
11.900001 11.7304945
11.999998 12.067738
11.3 11.343803
11.900001 11.956443
11.8 11.934431
11.2 11.294706
11.1 12.233782
12.599997 12.844871
11.3 11.477625
11.8 11.944107
10.1 11.079312
11.2 11.284793
11.8 11.913614
11.3 12.123979
13.1 12.9811
11.5 11.630392
11.1 12.051017
10.976149 11.562407
11.2 11.354535
12.1 11.271426
13.000009 12.757647
11.900001 11.757121
11.2 11.267551
11.900001 11.979739
11.3 12.357812
10.70206 10.717932
10.1 10.5127
11.1 11.29574
12.145758 12.132523
11.1 11.302629
14.999629 14.658892
11.1 11.303496
13.899971 12.977896
12.1 11.6989
10.622879 10.552612
11.3 11.484305
12.499997 12.486085
11.2 11.2697525
12.199999 12.12939
11.999998 11.745607
11.900001 12.157669
13.500008 12.146844
11.1 11.345729
11.2 11.2710705
11.7 11.6415415
11.3 11.356095
11.788246 11.294912
11.2 11.229693
11.2 11.412934
11.400001 11.561045
12.199999 12.150839
11.7 12.253939
11.999998 12.095513
12.599997 12.265378
11.2 11.23056
11.900001 12.029097
11.1 11.401377
11.599999 11.507705
11.5 11.699696
11.7 11.727929
13.600039 12.819303
11.900001 11.970213
10.622879 11.082036
11.2 11.292294
12.799992 12.568461
11.400001 11.463419
11.8 11.837977
13.500008 12.254664
13.500008 12.720398
11.3 11.852474
11.400001 11.507128
11.2 11.174692
11.900001 12.514969
11.1 11.186781
11.2 11.348692
11.8 11.530306
14.719789 14.435091
12.299998 12.222147
11.3 11.877708
12.499997 12.936209
11.1 11.19463
11.5 11.640497
11.2 11.340639
11.999998 12.718413
11.8 12.022183
13.500008 12.161347
11.900001 11.989504
14.1 13.946148
11.2 11.2859955
11.5 11.827202
11.5 11.77854
10.581486 10.628899
11.7 12.032597
14.1 13.565056
11.2 11.3465805
11.2 11.358154
