11.8 12.049287
10.1 10.082186
12.699998 12.638919
11.2 11.189926
11.1 11.0990925
12.599997 12.3940935
11.8 11.794027
11.8 11.791439
11.3 11.3977995
11.1 11.162741
12.351812 12.527439
11.3 11.666638
11.2 11.204125
12.499997 12.478072
12.599997 12.703244
11.2 11.243417
11.900001 12.045455
13.685027 13.682555
11.2 11.222371
11.2 11.234998
11.665431 10.758928
12.799992 11.781319
11.7 11.905309
10.79897 10.237286
11.2 11.245791
11.2 11.204639
13.972057 12.698175
11.599999 12.455279
9.40103 9.648748
12.1 11.959423
11.900001 11.843245
11.5 11.414166
12.499997 13.466534
11.900001 12.07719
11.1 11.150263
11.1 11.150062
11.5 11.7642975
14.1 12.977047
11.3 11.778557
11.3 11.406461
13.1 12.983326
11.400001 12.265918
11.5 11.507006
12.599997 12.046281
12.543697 12.118013
11.3 11.707488
11.1 11.158285
12.899998 12.0432005
12.199999 11.52742
11.7 12.028296
11.3 11.262772
11.900001 11.902794
11.1 11.242669
11.599999 11.61694
11.1 11.190179
11.999998 11.871111
11.599999 11.557093
11.900001 11.937393
13.608639 13.300065
13.344125 12.772529
11.2 11.2464485
11.1 11.103503
10.622879 10.664914
12.699998 11.937431
11.900001 11.90459
11.999998 11.559772
13.999974 13.894087
12.499997 12.53706
11.999998 11.895695
10.9 10.525364
11.999998 11.996279
11.7 12.642556
11.2 11.211553
11.8 11.799539
11.3 11.286225
11.7 11.851308
11.900001 12.088722
12.087163 11.629076
11.1 11.114369
13.299971 13.252373
11.5 11.477854
11.900001 12.468141
12.299998 12.492746
13.200015 11.474394
13.0914 12.706927
11.8 11.552506
12.199999 11.206489
12.29382 13.107914
11.7 11.672482
11.1 11.131399
11.8 11.821917
12.5999975 12.462803
11.2 11.59567
11.2 11.214102
11.2 11.268113
11.2 11.334726
11.400001 11.39461
11.2 11.195347
12.199999 12.580807
11.2 11.244512
12.899998 12.559305
11.2 11.2408285
11.900001 11.86639
11.900001 11.929796
14.200179 12.408567
11.8 11.817448
11.599999 11.730712
11.7 11.739612
11.3 11.346615
11.2 11.198344
11.3 11.250863
11.2 11.255222
11.400001 11.445552
11.900001 11.973666
14.40103 14.029253
11.3 11.379748
10.1 10.136937
11.900001 11.839853
11.400001 11.362698
13.699981 13.513493
10.581486 11.298696
11.5 11.580254
11.599999 11.557536
11.400001 12.207161
15.26892 14.635715
12.199999 12.322206
11.5 12.234981
11.900001 11.849284
11.7 11.856648
11.2 11.284899
11.8 11.84345
12.1 11.533289
12.299998 12.421539
10.70206 10.700871
11.900001 11.915664
11.900001 11.904478
11.3 11.40002
11.3 11.39838
11.7 11.724573
13.167756 12.689315
11.7 11.665154
11.900001 11.437991
11.999998 11.939932
10.869551 10.047773
12.399998 12.564459
11.7 11.756046
13.399989 12.726641
11.900001 11.908685
11.2 11.238474
11.2 11.228995
11.1 11.227293
11.5 11.504978
11.1 11.337165
10.1 10.390489
11.2 11.304192
13.000009 13.156118
14.1 13.756995
11.7 11.830149
11.3 11.383615
10.1 11.088972
12.685027 12.68196
12.1 11.989718
11.1 11.181714
11.5 11.503948
11.078811 10.972029
11.999998 11.919457
10.49794 10.493045
11.5 11.477949
12.901632 11.371312
11.400001 11.407825
11.2 11.241991
10.40103 10.287126
11.543697 11.331181
12.499997 12.38612
11.7 12.012037
11.7 11.990857
12.299998 12.1839485
11.5 11.968327
11.1 11.290751
11.2 11.25171
14.1 13.727771
11.999998 11.962846
11.900001 11.92772
12.738272 12.578595
11.7 11.791815
10.79897 10.664979
13.1 12.680075
11.5 11.253979
11.999998 11.843483
11.400001 11.480806
11.1 11.268909
11.1 11.139739
11.8 11.489813
12.195114 11.432616
11.2 11.16063
11.999998 11.943121
11.900001 12.052977
9.70206 10.162039
11.8 11.793218
11.999998 11.926102
11.5 11.697113
11.400001 11.403133
12.899998 12.906356
12.199999 11.927754
11.400001 11.494888
11.3 11.295776
11.3 11.37036
12.599997 11.333678
13.1 12.78249
11.3 11.310134
12.1 11.938936
12.461728 11.947022
12.899998 11.9120455
13.899971 13.35726
9.79897 10.323107
11.999998 12.406679
10.89588 13.772903
12.499997 11.959934
11.7 11.734785
11.900001 11.874225
10.1 10.02749
13.399989 13.334769
11.2 11.443698
11.900001 11.897064
11.1 11.373791
11.1 11.333169
11.900001 11.873125
12.1 11.841169
11.400001 11.407568
12.199999 11.381134
11.5 11.313159
10.1 10.168854
11.8 11.819811
11.7 11.768472
11.622879 12.172984
10.99279 10.716558
12.599997 12.444826
11.5 11.50204
11.1 11.670924
11.2 11.205253
11.900001 11.847159
10.4 10.450021
12.1 12.029465
11.5 11.525009
11.599999 11.494033
11.8 11.794802
12.699998 12.462041
11.8 11.788568
11.555932 11.212525
12.199999 12.401605
11.900001 12.147732
11.1 11.189775
11.5 11.469576
11.599999 11.6147175
11.900001 12.310971
11.3 11.427007
12.685027 12.621353
11.3 11.262501
11.900001 11.883115
10.49794 10.667677
11.1 11.113977
11.900001 11.877352
12.1 11.8766
11.1 11.318573
11.5 11.463552
10.79897 10.735647
11.8 11.807611
12.599997 11.979125
11.3 11.382063
11.7 11.698434
11.400001 11.81692
11.2 11.2889805
11.3 11.323192
11.3 11.811871
10.70206 10.719466
11.861954 10.759587
11.900001 11.905948
11.1 11.161768
12.299998 12.291552
11.2 11.538875
10.70206 10.707054
11.2 11.326071
12.1 11.896776
11.5 11.532403
12.399998 11.979042
14.299971 11.404792
11.3 11.359511
11.2 11.223462
12.799992 12.471107
11.2 11.169586
12.1 11.783387
11.8 11.869305
11.3 11.355728
12.199999 11.970884
13.899971 13.374144
11.7 11.67256
14.738272 14.697735
11.900001 11.565213
11.900001 11.748334
11.3 11.323832
11.3 11.316463
11.2 11.457495
11.2 11.273696
11.599999 11.567158
11.900001 12.126651
11.400001 11.41614
11.5 10.957449
12.1 11.842894
11.2 11.189341
11.3 11.320643
11.1 11.183045
11.999998 11.778773
10.531798 10.708824
11.1 11.164495
11.99279 11.031774
11.900001 11.912622
14.299971 13.595647
11.5 11.626036
11.900001 11.885897
11.3 11.235138
11.5 11.3378
13.864471 12.882817
14.118106 13.1308
11.599999 11.613474
11.900001 11.87171
11.5 11.498636
11.2 11.236726
11.3 11.3296585
10.622879 10.756519
11.8 11.743726
12.79897 12.461874
11.999998 11.7716675
11.1 11.12257
11.2 11.20563
11.900001 11.80023
11.1 11.191008
11.3 11.401367
11.1 11.051145
12.499997 12.388555
11.999998 12.187435
12.299998 12.330773
11.1 11.149846
11.900001 11.841744
11.999998 11.955454
14.1 12.768961
13.600039 13.271264
10.1 10.609536
12.799992 11.632025
11.3 11.319343
11.7 12.020432
10.622879 11.13547
11.1 11.178724
10.1 11.178632
12.299998 12.427957
11.1 11.1578
13.1 13.103102
11.900001 11.858659
11.1 11.092349
11.5 11.600576
13.200015 12.531999
11.999998 13.139511
11.3 11.174453
11.5 11.502892
11.3 11.610834
12.199999 12.132125
11.900001 11.388236
10.1 10.813269
12.299998 13.332847
11.400001 11.393023
10.622879 10.69153
11.999998 11.979324
11.2 11.219614
11.400001 11.809619
14.299971 14.06347
11.2 11.225752
11.8 11.84489
10.622879 11.85352
11.5 11.520871
12.199999 12.22666
10.224938 11.456357
11.7 11.696302
12.399998 12.681416
11.999998 11.918882
10.40103 10.4137
11.8 11.753363
11.2 11.261784
11.2 11.26206
12.300659 12.651004
11.7 11.823756
12.299998 11.276001
11.1 11.174994
11.3 10.686898
14.49794 11.563046
11.1 11.510099
11.400001 11.387862
11.7 11.638237
10.1 10.399214
11.3 11.364552
11.1 11.09521
11.7 11.715925
12.699998 12.881084
11.1 11.384771
11.900001 11.86941
13.923909 12.092711
13.200015 11.721851
13.800057 12.93582
11.400001 11.436316
12.1 11.94957
10.520216 10.584034
11.108774 11.21734
11.5 11.445443
11.2 11.2882185
13.1 13.371352
12.199999 12.6023445
11.999998 11.907863
13.999974 13.471233
11.999998 13.081293
12.499997 12.315753
11.900001 11.876795
11.999998 11.965858
11.1 11.243757
11.2 11.228911
11.3 11.420656
12.599997 11.9648285
11.2 11.212328
11.900001 11.91701
11.999998 11.831155
11.5 11.615382
13.699981 12.832052
12.499997 12.461838
11.5 11.404297
11.7 11.6879635
11.599999 11.631658
12.448722 11.503275
11.3 11.665627
11.19691 11.972152
11.7 11.287902
11.5 11.626869
11.900001 12.121042
11.2 11.26846
11.8 11.722683
11.1 11.150125
11.7 11.625064
11.599999 11.53567
12.799992 12.615049
11.8 11.789974
11.2 11.242327
11.900001 11.879758
11.2 11.188376
11.999998 11.677534
11.599999 12.910231
11.599999 11.418345
11.5 11.507468
11.7 11.725634
11.1 11.146474
11.1 11.527996
11.900001 11.876467
11.1 11.136539
11.900001 11.889629
11.2 11.313842
11.599999 11.6699915
11.3 11.35283
11.8 12.259642
11.900001 11.580735
11.3 11.308575
13.020819 12.45672
10.1 10.052112
9.70206 9.715395
11.1 11.116526
11.1 11.102448
12.199999 12.182838
11.7 11.515004
11.3 11.314878
11.8 11.825656
11.5 12.217487
12.399998 11.553771
11.2 11.268879
11.999998 11.909644
11.2 11.223706
12.953872 12.269301
11.599999 11.576058
12.113436 12.002514
11.3 11.58775
14.1 13.600347
10.1 10.471767
11.2 11.442206
11.5 11.369783
12.1 12.272661
11.599999 11.590897
11.2 11.221951
11.7 11.807321
11.999998 11.983275
11.1 11.143806
11.999998 11.93172
11.1 11.13395
11.400001 11.460897
11.640608 11.858403
11.900001 11.847996
11.3 11.504902
11.7 11.761823
11.2 11.237621
11.1 11.126444
12.699998 11.917555
11.5 11.737946
10.622879 10.702125
11.999998 11.726745
11.1 11.546804
11.5 11.080913
11.543697 11.265578
11.5 11.681943
11.8 11.720616
11.3 11.287909
10.652842 11.290421
11.2 11.26408
13.699981 12.897142
10.40103 10.767572
10.79897 10.820087
12.399998 11.268479
11.5 11.776229
11.2 11.328767
11.5 11.3564415
10.1 10.438228
11.8 11.823813
11.7 11.742709
11.5 11.48692
11.7 11.762676
11.2 11.197287
11.1 11.093818
11.5 11.514074
10.70206 10.744898
11.1 11.14977
11.1 11.161977
11.3 11.268615
11.2 11.165505
11.599999 11.474427
11.7 11.617672
11.8 11.452177
11.1 11.150926
11.8 11.832142
10.70206 10.70239
11.900001 12.518224
10.79897 11.277374
11.400001 11.4286
12.1 12.163752
11.2 11.300872
11.5 11.479814
11.1 10.832467
11.5 11.488971
11.999998 11.927252
12.777781 11.326325
11.7 11.744567
11.1 11.412762
11.8 12.680724
11.7 11.76071
11.2 11.173838
12.1 12.362642
11.999998 11.9160385
12.499997 13.163542
12.599997 11.972887
11.400001 11.459315
12.1 11.830198
12.299998 12.158534
11.8 11.867428
11.5 11.503063
13.117729 13.418985
11.8 11.830865
12.1 12.419643
11.2 11.2104435
13.399989 11.783028
11.2 11.320523
11.5 11.511867
11.2 11.195328
9.79897 10.268953
11.3 11.449684
11.3 11.381762
11.7 11.697452
11.7 11.692392
11.900001 11.973937
11.2 11.214925
11.7 12.090845
11.179355 11.479123
11.8 11.81055
11.900001 11.892313
12.079304 12.12145
11.3 11.372007
11.400001 11.424756
11.235986 11.3875
11.1 11.183044
11.3 11.292976
11.1 11.125609
11.2 11.265276
11.821246 11.681057
11.900001 11.847663
12.299998 12.485369
11.999998 11.666714
11.900001 11.882858
11.1 11.53278
11.1 11.4031925
11.145275 10.537728
11.400001 11.408016
11.2 11.166352
14.1 13.517545
10.7 10.900785
11.7 11.706925
12.199999 12.206381
11.400001 11.257903
11.8 11.799695
11.599999 11.518741
11.8 11.828569
12.699998 13.311069
11.3 11.435255
11.7 11.47242
14.351262 13.996246
10.5 10.6268425
12.058607 11.70802
11.2 11.248799
11.3 11.407424
11.7 12.031235
11.3 11.40433
11.2 11.159706
11.400001 11.380754
11.1 11.178727
11.8 11.919066
12.799992 12.057931
11.7 11.827574
11.3 11.245254
13.103601 12.990208
11.5 11.270078
11.1 11.108576
10.1 10.18983
11.1 11.341957
12.599997 12.459941
12.499997 11.979006
11.999998 11.974092
11.7 11.777339
11.5 11.5065365
11.1 11.13631
11.3 11.3321
11.8 11.841975
11.8 11.792206
11.1 11.214101
12.599997 11.952369
11.999998 11.976459
12.1 11.807456
11.900001 11.920707
10.49794 10.914604
11.900001 11.865794
11.599999 11.3140335
11.900001 11.490447
10.4372425 10.655031
11.2 11.245049
12.1 12.60413
11.7 11.674007
11.5 11.60724
10.1 10.210832
11.3 11.347963
11.8 11.953142
10.3 10.399147
11.1 11.11837
11.1 11.205362
10.9 12.284824
11.900001 11.889587
14.700326 14.294326
12.199999 11.838895
15.1 15.067251
11.3 11.28794
11.900001 11.872519
11.5 11.550913
11.953872 12.838506
9.40103 9.510357
11.2 11.263939
11.2 11.228622
14.581486 12.939856
11.1 11.195015
11.900001 11.815743
11.5 12.085811
11.2 11.393897
11.599999 11.597313
11.8 11.622384
11.108774 11.237892
11.599999 11.518016
11.7 11.861875
11.3 11.875929
14.299971 13.857944
13.200015 11.74753
11.2 11.3504305
11.2 11.195821
12.508935 12.141659
11.599999 11.552337
11.599999 11.746698
13.953872 13.632363
14.1 13.655803
12.799998 12.772196
13.299971 14.691986
11.5 11.70746
11.3 11.528036
11.058607 12.855295
11.3 11.379206
11.7 11.7666025
11.1 11.615221
10.769952 10.552209
11.1 11.159119
11.7 11.723674
11.900001 11.896805
11.599999 11.900375
11.8 11.756846
12.299998 11.341187
11.2 11.241055
11.8 11.867083
12.299998 11.721815
13.000009 12.085867
11.5 11.542119
11.3 11.457329
11.2 11.257883
13.899971 14.3272915
11.2 11.229579
11.999998 11.91389
11.1 11.1213875
11.3 11.305788
11.7 11.734112
11.3 11.328898
10.70206 10.781043
12.799992 12.392634
14.700326 14.7568655
11.5 11.767995
11.7 11.99952
12.799992 12.508242
12.1 12.694217
11.1 11.16796
11.900001 11.439692
11.7 11.741536
11.900001 11.877218
12.499997 12.170919
12.074694 12.815362
11.1 11.114855
12.199999 11.598466
12.499997 12.155218
12.499997 11.997411
11.900001 12.080536
11.5 11.588024
11.1 11.166786
11.900001 11.929112
11.2 11.182678
11.3 11.462479
11.2 11.250572
11.5 11.727417
11.5 11.50385
12.199999 14.2887335
11.2 11.340976
11.599999 11.43649
11.8 12.498716
13.600039 12.716958
11.1 11.445601
12.399998 12.030097
10.738272 10.108091
11.3 11.254019
11.3 11.411666
11.1 11.201704
11.599999 11.240274
11.2 11.270724
11.391998 11.375125
12.1 11.661298
11.999998 12.48813
13.600039 12.973489
11.2 11.193719
11.1 11.176594
10.40103 10.108091
12.499997 12.074847
11.1 11.272755
11.900001 11.90752
11.1 11.107778
11.5 11.693508
11.3 11.356701
11.599999 11.545606
11.2 11.193309
11.900001 11.889523
11.757577 12.49833
11.3 11.239351
11.599999 12.272161
11.999998 12.384649
11.3 11.35867
10.40103 10.672671
11.1 11.754156
12.299998 11.469329
11.8 11.869941
11.3 12.077132
11.2 11.202094
12.1 12.010235
11.1 11.13117
11.2 11.216494
11.999998 11.967211
13.500008 13.081759
11.2 11.449534
12.799992 12.184995
11.2 11.402797
11.900001 11.894114
11.1 11.121936
11.1 11.095911
11.5 11.432226
11.599999 11.461149
12.199999 12.16044
11.400001 11.372249
10.40103 10.5044155
12.1 11.933659
11.2 11.178372
11.2 11.239475
11.2 11.210154
11.5 11.769875
11.599999 11.705447
10.49794 10.224109
12.199999 11.836808
11.2 11.25924
12.1 11.989512
11.5 11.5615835
11.1 11.278995
11.8 11.806332
11.45 11.543101
11.2 11.205255
11.5 11.32171
13.186186 12.424661
11.900001 11.576182
11.8 11.858182
11.1 11.157176
13.035542 12.2855625
10.5 10.244131
11.2 11.211
11.2 11.233296
11.900001 12.246897
11.7 11.878615
10.2 10.533026
11.5 11.465293
11.999998 11.910589
11.5 11.583267
11.380575 11.485112
11.3 11.382328
11.1 11.1180935
13.200015 13.136635
11.2 11.202636
11.5 11.626768
11.8 11.875267
11.2 11.854064
10.2 10.270131
11.3 11.265395
12.953872 12.266795
11.3 11.3896885
11.599999 12.010017
11.5 11.2376175
11.400001 11.454822
11.900001 11.862393
11.1 11.196181
11.7 11.78967
10.1 10.2538395
11.5 11.361367
12.1 12.0257225
11.8 11.964863
11.900001 11.528846
13.1 12.3277445
12.599997 11.743987
13.299971 12.88654
11.599999 12.326773
14.600313 13.805858
11.1 11.193558
11.900001 11.897275
14.200179 13.766682
11.999998 11.944707
11.1 11.115668
10.1 10.19701
10.2 10.282797
11.999998 11.936977
11.400001 11.418821
11.400001 11.443355
11.5 11.450628
13.699981 12.691271
11.2 11.243358
11.5 11.251034
11.5 11.654734
10.622879 11.313102
11.999998 12.042039
11.8 11.60628
11.5 11.558205
11.374088 11.779812
11.900001 11.900866
11.1 11.397565
11.2 11.121969
11.2 11.760249
11.5 11.376867
11.7 12.521792
11.999998 11.507286
11.1 11.111004
11.2 11.305617
11.3 11.363056
11.400001 11.44912
11.2 11.191542
11.400001 11.383234
11.2 11.261302
11.2 11.268666
11.8 11.541364
11.2 11.159897
11.2 11.251732
11.900001 11.867536
11.3 11.250766
11.1 11.139426
11.900001 11.288044
13.899971 13.043346
11.5 11.974372
11.7 11.594068
14.200179 13.6026535
11.2 11.260677
11.7 11.780749
12.499997 12.209093
12.1 11.903825
11.900001 11.883531
13.202373 12.899126
11.3 11.377275
10.1 10.252759
14.600313 13.728699
11.2 11.246348
12.499997 12.467475
11.599999 11.356729
11.3 11.289365
11.103488 10.735691
11.1 11.284715
11.3 11.322596
11.1 11.175479
11.7 12.299433
12.599997 12.764393
13.446788 11.477759
11.900001 11.87201
11.599999 11.553747
13.1 12.521889
11.2 11.183527
12.899998 12.704706
11.5 11.470232
10.622879 10.642508
12.399998 12.531095
9.40103 9.614503
11.1 11.107391
11.273925 11.303787
11.923909 12.225317
11.3 11.250236
9.893174 10.21677
11.3 11.369829
11.49794 11.598704
11.7 11.800284
11.900001 11.873071
14.500117 13.595089
11.1 11.552376
11.043335 11.158899
12.399998 11.752137
11.3 11.288789
11.599999 12.103218
12.499997 12.208632
13.000009 12.907156
12.499997 12.990573
11.5 11.6512
11.999998 11.75318
11.400001 11.461623
11.1 11.575203
11.953872 11.835045
11.2 11.181466
11.5 11.31456
11.1 11.127118
11.1 11.129002
11.2 11.2066555
11.7 11.537044
11.3 11.598299
11.999998 12.438496
12.699998 12.279334
14.953872 14.199694
11.2 11.361083
11.900001 11.801766
11.900001 11.901031
11.900001 11.909284
11.1 11.151094
10.1 10.254301
12.699998 12.419841
11.3 11.404331
11.1 11.105804
11.2 11.212873
11.999998 11.897233
9.47675 9.677472
11.1 11.884836
11.3 11.311829
12.899998 13.109639
11.7 11.689781
11.599999 11.631379
11.400001 11.411972
11.7 11.634259
11.7 11.838684
11.900001 11.9072695
11.5 11.496793
11.8 12.014992
13.500008 13.467623
11.5 11.445282
11.900001 11.875439
11.8 11.822333
11.2 11.233998
11.400001 11.44393
11.1 11.36962
11.3 12.02198
11.2 11.2666645
10.40103 10.356135
11.599999 11.48007
11.2 11.205269
11.1 11.244382
11.900001 11.900277
11.2139435 11.073774
12.199999 12.09152
11.2 11.185084
11.3 11.275712
11.599999 12.145678
11.400001 11.514621
11.7 12.133977
11.2 11.331022
11.900001 11.868435
11.7 11.774138
11.7 11.730285
11.3 11.34191
11.599999 11.566967
12.699998 11.963744
11.2 11.24458
13.000009 12.603982
11.3 11.679201
11.1 11.34118
11.999998 11.913189
11.1 11.786721
11.999998 12.278307
11.8 11.837669
11.599999 11.625223
11.1 11.215596
11.900001 11.992125
11.400001 11.455044
11.3 11.344953
11.5 11.46433
11.900001 11.9168215
11.3 11.316841
12.699998 11.58277
11.7 11.96697
11.1 11.230509
12.499997 12.443403
11.900001 11.964293
11.8 11.891246
11.400001 11.429079
11.7 11.863243
11.5 11.568453
11.2 11.210282
12.854487 12.510987
11.8 11.871418
11.8 11.294049
11.1 11.045864
11.953872 12.881444
12.1 12.522074
11.900001 11.8674345
11.8 11.879383
11.900001 11.878181
13.000009 12.900161
11.400001 11.541657
11.599999 11.573171
11.1 11.200852
11.1 11.173074
11.400001 11.264319
11.5 11.557692
11.7 11.55517
11.2139435 10.788593
11.40103 10.865631
11.1 11.179471
11.5 12.232513
11.7 11.46312
12.499997 12.558194
11.999998 12.017175
10.40103 10.429988
11.3 11.466331
11.900001 11.657251
10.70206 10.723221
11.400001 11.284655
11.2 11.209774
11.999998 11.593952
11.1 11.173016
12.899998 12.755951
11.7 11.721232
11.8 11.798573
11.1 10.27997
11.999998 12.479701
11.999998 12.140537
11.3 11.861907
11.1 11.130698
11.8 11.785105
11.3 11.359861
12.699998 11.835671
11.900001 11.912242
11.7 11.752718
11.8 11.817861
11.900001 12.078242
12.058607 12.850619
11.1 11.139701
11.3 11.281717
11.900001 11.904324
10.89588 10.84779
11.3 11.380109
11.3 11.576361
11.5 11.475255
12.199999 12.203967
11.637602 12.272616
11.400001 11.502461
12.799992 12.028756
11.900001 11.867708
12.1 12.235282
11.900001 11.991294
11.2 11.778322
11.1 11.171817
11.999998 12.047928
11.2 11.224414
11.2 11.984211
11.900001 11.893679
11.15 11.28984
11.7 11.694873
11.3 11.419204
11.900001 11.880714
11.5 11.490285
11.1 11.128179
11.5 11.490156
11.2 11.194927
11.599999 11.54873
11.999998 12.361657
11.7 11.453556
11.7 11.772662
11.5 11.621154
11.400001 11.331156
10.555932 10.438367
11.8 11.330209
11.2 11.223378
11.40103 11.296708
13.699981 12.669923
11.400001 11.384698
11.1 11.116676
13.999974 12.888815
12.699998 12.090104
11.2 11.23617
10.40103 10.482305
10.622879 10.664339
12.599997 11.89279
13.999974 13.574411
11.1 11.161899
10.8064165 10.756055
11.3 11.371229
12.199999 12.9942665
13.314671 13.491659
10.8 10.562741
12.1 11.35668
12.299998 12.395072
11.2 11.227459
12.799992 11.977607
11.8 11.868005
11.400001 11.376676
15.500117 14.747633
13.399989 12.435816
11.599999 11.502957
13.29382 13.038823
11.2 11.249089
11.2 11.282594
11.1 11.162355
11.8 11.648761
12.299998 12.366839
11.2 11.223673
11.2 11.297718
11.999998 11.929799
11.2 11.233748
11.900001 11.90253
11.2 11.203501
11.2 11.355305
11.5 11.700948
11.1 11.144617
11.7 11.646321
11.900001 11.986406
11.599999 11.213319
12.399998 11.820165
11.599999 11.760981
11.2 11.174551
11.5 11.601062
12.499997 12.661643
11.2 11.724802
11.5 11.280261
13.699981 12.824211
11.900001 11.86953
13.299971 12.134752
11.8 11.9119425
11.3 11.353885
11.999998 11.9215
11.599999 11.5420475
11.7 11.731226
11.3 11.335194
11.2 11.195145
11.999998 12.895726
11.599999 11.658933
12.499997 12.450801
12.199999 12.129425
11.2 11.226366
12.399998 11.672171
11.2 11.212691
11.3 11.294331
11.2 11.243104
11.3 11.352397
11.2 11.288758
11.2 11.262561
11.2 11.407399
11.900001 11.921436
12.299998 12.556425
13.19691 11.99041
11.2 13.311907
11.999998 11.960714
11.043335 11.162487
10.49794 10.672197
11.2 11.205979
11.1 11.1020975
11.8 11.654777
11.400001 11.814709
11.400001 11.408506
12.555932 13.382986
12.499997 11.952937
11.2 11.375355
11.2 11.375163
11.7 11.8272915
11.2 11.217291
11.400001 11.268938
13.600039 13.097014
12.399998 12.020991
12.799992 12.4919195
12.799992 12.333276
12.499997 12.371459
11.400001 11.441899
11.3 11.28803
11.254902 11.698348
11.219187 11.302793
11.5 11.62867
11.8 11.810936
11.900001 11.860439
11.400001 11.430295
11.7 11.526913
12.449998 11.796541
11.8 11.806883
11.2 11.207995
11.2 11.194425
11.2 11.18815
11.2 11.244342
10.622879 10.714363
11.900001 11.909181
11.999998 12.037987
11.999998 11.975479
11.1 11.170905
11.999998 11.912418
11.900001 12.018264
10.622879 10.765034
11.3 11.551954
11.599999 11.729601
13.1 13.186942
11.2 11.252615
12.599997 11.627117
11.1 11.195322
14.1 13.712841
11.1 11.444132
11.3 11.8541765
11.900001 11.885349
11.599999 11.204498
11.599999 11.672904
11.2 11.233452
9.47675 9.797632
12.066576 10.819247
12.499997 12.146581
11.7 11.71475
12.727088 12.424149
11.400001 12.203522
11.367606 11.714056
11.8 11.816425
11.3 11.3687
11.3 11.2978735
11.5 11.592868
11.3 11.7755375
11.5 11.57366
11.8 11.791793
10.078811 10.17876
11.400001 11.482735
11.900001 11.913114
11.2 11.879157
10.40103 10.320991
11.3 11.303382
11.1 12.047303
11.1 11.501148
11.1 11.108919
11.5 11.204554
11.5 11.510359
12.608865 13.041629
12.805533 11.196392
11.5 11.404198
11.400001 11.465595
11.8 11.8045845
10.1 10.243129
11.599999 11.646182
11.1 11.123625
12.699998 12.33134
11.3 11.360204
13.399989 12.348072
11.7 11.721612
13.000009 12.023631
11.3 11.459918
11.999998 12.070147
11.900001 11.630935
11.2 11.318794
10.79897 10.104828
11.637602 12.067048
11.2 11.61358
11.2 11.257185
11.900001 11.812934
11.8 11.869433
11.462984 11.680765
12.599997 12.659119
11.8 11.817275
12.299998 12.789523
13.236677 12.9513035
11.1 11.0841465
13.000009 12.6457205
11.400001 11.360873
11.3 11.55485
11.5 11.637899
13.300002 12.640306
11.7 11.881123
11.400001 11.328194
11.3 11.346794
11.400001 12.080143
11.3 11.374665
11.1 11.265226
11.8 11.796595
11.2 11.182375
11.7 12.436964
11.5 12.141254
11.1 11.144126
11.1 11.178988
11.2 11.819747
12.1 12.07882
14.700326 14.37059
11.1 11.083484
11.8 11.836394
11.900001 11.617516
10.3 10.399545
12.299998 12.423063
12.899998 12.702601
11.1 11.149245
10.409804 10.548447
13.200015 12.619835
11.900001 11.706536
11.400001 11.424262
11.7 11.497086
13.500008 13.292667
11.599999 11.541581
11.5 11.523847
12.599997 12.204768
11.2 11.376018
11.599999 11.579979
11.2 11.358007
12.199999 12.119846
11.900001 11.672976
11.1 11.660905
11.2 12.719171
12.6934595 13.395938
10.1 10.152887
11.7 11.716166
12.953872 12.386356
13.02329 12.258379
11.599999 11.404634
11.900001 11.963001
10.165502 11.567596
11.101723 11.489441
11.8 11.827911
11.7 12.097047
11.999998 12.348337
12.299998 11.945461
11.900001 11.8794775
13.1 12.428629
12.199999 11.902032
11.45 11.637828
11.900001 11.882188
11.400001 11.429867
11.7 11.785975
12.499997 11.332889
13.000009 11.4515295
11.7 11.315595
10.8 10.919411
11.599999 11.481853
12.1 11.828527
11.7 11.65435
11.2 11.233791
11.2 11.175615
14.1 13.529084
12.199999 12.184948
10.622879 10.800485
11.7 11.735587
11.900001 11.44352
10.40103 10.433946
11.1 11.452387
11.3 11.193655
11.1 11.104714
11.2 11.419256
10.70206 10.9774885
10.8 10.661572
12.869551 13.944047
11.999998 12.928668
11.999998 11.881872
13.399989 12.95811
10.122276 10.323456
11.1 11.129545
12.399998 12.222696
11.1 11.233879
11.5 11.467103
11.230182 11.553852
11.599999 11.587776
11.1 11.247562
11.2 11.4923115
11.5 11.549643
11.900001 11.895302
11.1 11.187207
11.1 11.317305
11.3 11.402539
12.399998 11.787373
11.999998 11.2302265
11.1 11.178464
12.499997 12.343932
11.400001 11.51352
11.8 11.786363
11.7 12.287054
11.5 11.460953
11.8 12.221571
11.1 11.0384
11.900001 11.862053
10.1 10.123345
11.8 12.037531
11.7 11.706819
11.5 11.491339
11.900001 11.223502
12.399998 12.460285
11.599999 11.738161
11.3 11.288703
12.499997 11.81462
11.400001 11.487386
11.79897 11.264304
11.999998 11.737349
9.79897 10.063004
11.8 11.507622
11.5 11.551328
11.5 11.547007
11.5 11.582989
12.1 12.825883
10.40103 10.570696
11.7 11.757595
11.900001 11.918394
13.299971 13.102236
11.3 11.346377
11.400001 11.409328
11.2 10.969164
11.7 11.579158
11.7 11.845853
11.2 11.248286
12.799992 12.162608
11.3 11.355269
11.1 11.132971
11.7 11.718304
11.999998 11.418574
11.7 11.942513
13.899971 12.546123
12.399998 12.876983
10.887813 11.5915575
11.900001 11.901813
10.608639 10.974246
12.299998 12.361917
13.236677 12.685678
9.79897 10.268953
11.5 11.627354
11.427902 10.890992
11.5 11.398672
10.4 10.418107
11.7 11.76038
11.2 11.271149
11.2 11.344518
11.5 11.502551
11.900001 11.872464
12.245694 12.183084
11.900001 11.845937
11.2 11.207755
11.900001 11.856738
11.1 11.437248
11.254902 11.598184
12.199999 11.857719
11.5 11.212018
11.7 11.774438
11.618801 11.528424
11.999998 11.953248
11.5 11.506361
11.2 11.605815
11.400001 11.31728
12.199999 12.336592
11.2 11.348286
11.400001 11.312659
12.947712 12.947552
11.3 11.334053
11.599999 11.59663
12.599997 12.434683
11.7 11.831034
11.5 11.580321
11.2139435 11.637805
10.40103 10.328327
11.8 12.231465
11.2 11.917235
11.900001 11.923055
11.900001 11.877258
11.8 11.912659
11.1 11.143027
11.2 11.252205
11.7 11.700364
11.400001 11.406571
11.8 11.517203
11.599999 11.65651
9.79897 10.237286
11.1 11.133056
11.599999 11.402617
12.599997 12.296434
12.899998 13.325561
11.8 12.17001
12.622879 12.12018
11.599999 12.973325
11.7 12.267747
12.765546 11.844416
11.3 11.23289
11.5 11.479439
11.900001 11.875503
11.900001 11.934238
11.8 11.81378
10.40103 10.396
11.8 11.867226
14.1 13.667432
11.900001 11.822719
11.999998 11.941037
11.2 11.285681
11.7 11.899277
11.7 11.709997
11.599999 11.2491865
11.8 11.632779
11.5 11.5226
11.2 11.21924
11.487216 12.499092
11.1 11.149681
11.2 11.282037
11.900001 11.858158
11.3 11.469158
11.599999 11.646046
11.1 11.451896
11.2 11.189638
11.671865 12.5152445
11.599999 11.688682
14.200179 14.093677
11.900001 12.541592
11.2 11.289366
11.999998 11.948426
14.901343 14.0799265
11.900001 11.889631
11.5 11.583021
11.5 11.251047
11.599999 11.518106
10.1 10.288519
13.200015 12.587386
11.599999 11.666867
13.000009 13.724233
11.2 11.26489
11.508935 11.597654
11.8 11.707762
11.2 11.252265
11.7 11.620571
11.2 11.562878
11.3 11.47522
11.3 11.309342
11.400001 11.267546
11.1 11.177336
11.599999 11.611784
11.900001 11.898077
13.699981 13.586043
11.999998 12.058523
11.999998 11.874411
14.1 13.0263
11.2 11.194747
11.400001 11.416974
11.2 11.925733
11.900001 12.072019
14.600313 13.575261
11.900001 11.1516
11.8 11.888014
11.1 10.559148
13.000009 13.032531
11.599999 11.926383
11.2 11.219807
12.199999 11.818886
11.8 11.692747
11.999998 11.73679
10.7 10.685368
11.3 11.50134
11.7 11.77651
11.1 11.92185
13.953872 12.884081
11.900001 11.899737
11.2 11.171021
13.200015 13.187529
10.581486 10.585623
11.599999 11.608931
12.499997 12.159252
11.2 11.20802
11.3 11.559086
10.4 10.385409
11.900001 11.885475
12.299998 11.425691
11.2 11.244829
11.1 11.870762
11.7 11.746558
10.1 12.125752
11.2 11.241076
12.300659 11.987435
11.1 11.110167
11.900001 12.703009
11.7 12.22544
12.399998 12.078465
11.400001 11.436425
11.3 11.284744
11.3 11.349277
12.399998 11.810799
11.2 11.160675
11.3 11.292733
12.499997 11.970422
11.5 11.499016
12.738272 11.146823
11.3 11.268147
11.5 11.57748
11.2 11.197738
11.3 11.255411
11.400001 11.429862
11.2 11.181339
11.400001 11.477935
11.1 11.145132
11.999998 11.830943
11.999998 12.182344
11.1 11.160996
11.8 11.301043
11.3 11.379708
11.7 11.89133
15.500117 14.573706
11.2 11.149002
10.40103 10.590162
11.599999 11.551713
11.599999 11.564491
11.1 11.276713
11.2 11.186984
11.5 11.717131
11.999998 12.040483
11.2 11.219831
11.3 11.354136
11.8 11.849887
10.020819 10.237775
11.5 11.4925
10.1 10.704716
10.70206 11.261483
11.599999 11.492601
11.5 11.912039
11.1 11.119447
12.699998 11.598126
11.999998 11.816751
11.1 11.227878
11.3 11.205372
11.1 11.229919
11.5 11.564887
13.000009 13.166373
11.8 11.819332
11.1 11.120008
11.1 11.117805
11.5 11.521647
11.1 11.130936
10.40103 10.64635
11.900001 11.453713
11.3 11.322558
11.1 11.178576
11.5 11.446087
11.900001 11.7553625
14.200179 13.822149
11.400001 11.397039
9.668636 9.6891575
11.5 11.5589485
11.1 11.12828
10.3 10.3948345
11.7 11.699269
11.5 11.520462
11.5 11.598929
12.599997 12.9023075
11.1 11.153411
11.8 11.79641
11.8 11.838109
11.3 11.429512
11.2 11.286136
11.2 11.758106
11.1 11.263646
11.986056 11.940962
11.599999 11.739517
14.1 12.733686
11.307609 11.077188
11.999998 11.984823
11.5 11.552483
11.999998 12.072148
11.1 11.103491
11.0 10.764793
11.2 11.337106
13.078811 12.830551
11.3 11.303884
11.7 11.70212
11.2 11.284892
11.7 11.327761
11.3 11.348732
10.5 10.0730915
12.199999 11.612316
14.600313 13.881093
12.499997 12.437674
12.399998 12.946796
11.3 11.509386
11.2 11.39759
11.5 11.401176
11.2 11.215756
11.999998 11.872895
11.900001 11.883825
11.900001 11.8765335
14.711015 11.791125
11.2 11.260551
11.2 11.476107
10.1 10.4429035
11.2 11.192088
12.799992 12.099164
12.485103 11.23275
11.3 11.430319
11.400001 11.725401
11.2 11.191361
11.8 11.806385
11.400001 11.466981
14.06468 13.80268
11.1 11.163806
12.597573 12.242891
11.2 11.207103
12.549999 13.713143
11.2 11.2534485
11.1 11.183259
11.8 11.858254
13.999974 13.590752
12.1 12.265502
11.3 11.223521
11.29382 10.71219
11.70206 11.801473
11.7 11.769343
11.8 11.711523
11.900001 12.178541
12.899998 12.526528
11.8 11.827445
11.900001 12.112881
11.900001 11.436332
11.2 11.7575
13.1 12.784241
11.5 11.671354
11.3 11.253561
11.900001 11.869014
11.2 11.214269
11.3 11.275472
11.400001 11.392305
11.2 11.201757
10.1 9.949492
11.900001 11.866712
11.2 11.197546
12.299998 12.156166
11.1 11.249688
11.1 11.098127
11.2 11.277919
11.1 11.078498
12.6934595 13.287009
11.599999 12.72223
11.900001 11.801926
11.7 11.584513
13.1 13.041857
11.999998 11.77595
11.7 11.805038
13.186186 13.933331
11.1 11.076284
11.5 11.454618
11.3 11.30246
11.400001 11.447058
11.1 11.128073
11.2 11.5454235
12.499997 11.348765
13.1 12.982843
11.599999 11.655778
14.555932 13.898296
13.299971 13.6424675
11.2 11.252807
11.1 11.206055
11.900001 11.882777
10.1 10.140855
11.1 11.127942
12.699998 12.953195
11.2 11.203084
11.900001 11.871702
11.7 12.487561
11.7 11.666779
11.5 11.558474
13.000009 12.030086
11.7 12.115779
11.400001 11.512157
11.900001 12.238012
11.599999 11.8741255
11.3 11.26941
11.2 11.098611
11.900001 11.883082
11.1 10.811517
12.599997 12.186631
11.900001 12.206072
11.900001 12.2850685
12.117729 10.988963
11.3 11.406081
11.5 11.486276
10.8447275 10.342198
11.1 11.156451
13.200015 12.425923
11.1 11.201652
11.1 11.162781
12.399998 11.83787
11.7 11.684315
10.1 10.370329
11.7 11.647348
11.1 11.347782
11.3 11.329115
11.1 11.442978
11.8 11.8313265
11.1 11.124567
12.1 12.162261
11.2 11.307319
11.900001 11.850799
11.599999 11.574881
10.70206 10.595664
11.2 11.24258
13.418758 13.392217
11.8 11.863951
14.359637 14.016083
11.2 11.252131
11.2 11.2280855
11.5 11.41505
11.2 11.213635
12.199999 12.250611
11.2 11.278853
14.466532 14.227582
11.1 11.08156
12.1 12.455032
11.7 11.531279
11.2 11.551853
11.900001 11.515376
11.599999 11.440145
11.599999 11.536709
11.5 11.539321
12.499997 12.139956
10.622879 10.711124
10.608639 10.672241
11.3 11.438882
11.7 11.287964
11.1 11.17498
11.999998 11.913031
11.900001 11.797405
12.399998 11.522434
11.3 11.429161
11.1 11.145909
11.2 11.315049
11.900001 11.862539
11.2 11.228491
11.2 11.242641
12.499997 12.354837
11.2 11.262677
11.8 11.940193
11.599999 11.82667
11.2 11.180392
11.2 11.620067
11.999998 11.841494
10.2 10.375694
11.999998 11.421625
11.7 11.897535
10.40103 11.0724325
11.2 11.1788025
11.5 11.5141325
11.2 11.400202
10.622879 10.73404
11.2 11.3214245
14.43626 12.474316
11.900001 11.934125
11.599999 11.764315
14.29382 14.0297165
11.8 11.824709
11.2 11.337623
12.953872 12.797816
11.599999 11.633441
11.1 11.149535
11.2 11.213946
11.3 11.6985855
11.599999 11.574153
11.999998 11.994101
11.900001 11.865421
11.999998 11.835575
11.2 11.235404
14.1 14.044795
10.2 10.788864
11.3 11.269246
11.400001 11.755703
12.399998 12.30269
12.299998 12.45875
12.699998 12.109083
11.2 11.173655
11.3 11.346725
11.5 11.510445
11.2 11.215653
11.400001 12.151506
11.900001 11.869236
15.108774 13.733038
11.599999 11.899509
13.299971 12.864814
12.599997 12.371748
12.499997 12.296465
11.2 11.294904
12.40103 12.311832
11.1 11.7516
11.900001 11.887171
11.267491 11.6713
13.399989 13.187613
11.2 11.691181
10.7 10.79738
11.5 11.535002
11.1 11.152971
12.199999 11.908762
11.7 11.441065
10.70206 10.711309
11.7 11.206467
12.199999 11.758604
11.3 11.365792
11.7 11.823895
11.2 11.20974
12.1 11.396234
11.7 11.675509
11.999998 12.281154
11.400001 11.418931
10.450574 10.869464
12.699998 12.730689
11.3 11.195303
11.3 11.256144
11.5 11.554783
12.499997 12.526279
11.5 12.250125
11.400001 11.986561
13.29382 13.23392
15.1 14.277049
11.400001 11.399476
11.5 11.351079
11.3 11.504338
12.1 12.404645
11.900001 11.636318
11.999998 11.968225
11.261151 12.087688
11.2 11.2134075
12.429754 11.828317
11.7 11.799477
13.899971 13.441756
11.999998 11.91896
11.599999 11.577312
13.000009 13.062245
11.1 11.2236395
12.404044 12.615807
11.2 11.173612
11.8 11.5518875
10.1 10.322129
11.5 11.285642
11.3 11.270489
11.5 11.444017
11.400001 11.491336
12.499997 13.704303
11.5 11.766102
11.2 11.433472
11.900001 11.880632
11.900001 11.857491
11.136212 11.184282
13.699981 13.40056
11.1 11.225467
11.400001 11.433977
11.7 12.016699
12.199999 12.197074
14.600313 13.41762
11.3 11.392818
11.8 11.619869
11.5 11.662206
11.7 11.824643
11.400001 11.671947
11.3 11.418489
11.5 11.518175
11.3 11.31601
15.1 13.732057
11.2 11.239649
12.499997 12.16234
12.599997 12.2452545
11.8 11.515929
11.1 11.160378
11.343923 11.255584
11.599999 11.719933
11.1 11.190628
12.531798 11.231934
11.2 11.327815
11.5 11.5205765
11.3 11.421928
11.5 11.5586605
12.699998 12.502573
12.267491 12.203631
13.1 12.731469
11.900001 11.867155
10.622879 10.752246
11.2 11.214877
11.1 11.144713
11.8 11.433079
11.8 11.411777
11.400001 11.440985
12.599997 12.315331
11.7 11.264178
11.7 11.339584
11.230576 11.19162
11.2 11.286878
11.5 11.785519
11.7 11.248888
12.299998 12.090422
11.900001 11.870414
12.287653 12.872276
11.400001 11.449706
11.1 11.127779
11.2 11.224474
14.600313 13.519864
11.2 11.283683
11.2 11.233747
11.3 11.363374
11.7 11.412594
10.622879 11.42057
12.699998 12.273607
11.8 11.353964
12.599997 12.024962
11.900001 11.946704
11.1 11.219132
14.40103 13.745701
11.8 11.917378
11.400001 11.421237
10.8 10.954105
11.2 11.167457
11.5 12.997314
11.2 11.241076
13.399989 12.867988
9.79897 9.995565
11.900001 11.850362
11.2 11.314097
12.599997 11.988413
11.999998 11.768514
11.8 11.254524
11.1 11.106689
10.923909 10.487106
11.1 11.44321
11.89588 11.835994
11.3 11.6325035
11.3 11.597306
13.719789 13.924576
11.1 10.850502
11.8 11.802241
13.000009 12.823378
11.900001 11.911909
11.1 11.12988
11.2 11.379268
11.3 11.354694
11.3 11.465949
12.799992 12.625435
12.199999 12.303412
10.3 10.499951
11.8 11.779523
11.400001 11.5195465
11.5 11.446685
10.418758 11.45642
11.2 11.358562
11.3 11.244321
11.400001 11.378618
11.599999 11.763256
11.900001 11.621965
11.5 11.508274
11.1 11.319411
10.622879 10.754463
11.3 11.393356
12.446788 12.234971
11.999998 12.908158
11.058607 10.375095
11.8447275 11.807505
11.1 11.078417
11.7 11.802761
11.1 11.159985
11.900001 11.872887
11.900001 11.905524
12.599997 12.382221
11.3 11.265025
11.2 11.193686
11.900001 11.963637
11.4 11.528677
11.2 11.204184
12.1 12.464976
11.1 11.095381
10.6934595 11.423023
11.8 12.4514885
11.8 11.933737
12.699998 11.9323015
11.599999 11.613547
11.2 11.23474
11.7 11.6000805
13.1 12.869398
12.499997 13.160317
10.40103 10.710208
12.899998 13.214966
10.210698 10.530191
11.599999 11.220523
11.900001 11.87755
11.2 11.211171
12.399998 11.282544
11.2 11.192529
11.605162 11.292542
11.900001 11.87966
11.900001 11.369737
11.900001 11.862031
12.584126 12.524878
13.999974 13.0511465
11.7 11.829165
11.400001 12.039744
11.1 11.149917
13.399989 12.334269
12.899998 12.754202
11.8 11.782245
11.599999 11.963248
11.2 11.289567
11.400001 11.396171
11.900001 11.89633
11.1 11.196002
11.1 11.049473
11.8 12.231502
12.314671 11.381612
13.500008 12.352228
11.1 11.159859
11.8 11.758146
11.7 11.81718
11.2 11.172285
11.2 11.206185
11.599999 11.7584505
11.400001 11.856295
11.900001 11.886242
11.999998 12.076907
10.6 10.654072
13.40103 11.237072
14.870304 13.677946
11.460513 11.189508
11.2 11.255492
11.3 11.420637
11.7 11.7114105
11.2 11.227941
13.500008 12.676194
11.1 11.158858
14.869551 14.171251
12.299998 11.292844
11.3 11.34747
11.2 11.182982
11.3 11.573663
11.3 11.27805
11.999998 11.943815
11.3 11.372684
11.2 11.2284155
13.000009 12.562868
11.7 11.901064
11.999998 11.383287
11.8 11.834667
12.399998 12.56624
12.699998 12.132587
11.1 11.112049
12.505608 12.209497
12.499997 12.584638
12.399998 11.911997
11.5 11.663084
12.1 11.7126255
12.520216 12.042979
14.200179 14.320002
10.2 10.618993
11.8 11.69538
10.1 10.105512
11.2 11.203434
11.1 11.136864
13.600039 11.7642565
11.400001 11.376186
12.199999 11.891057
11.900001 11.882031
10.1 10.894955
11.900001 11.897646
11.1 11.137656
11.999998 11.370076
11.400001 11.297185
11.5 11.85591
15.200179 14.503187
11.3 11.527989
12.299998 11.823301
11.1 11.140359
11.2 11.195685
11.599999 11.44347
11.900001 11.902643
11.2 11.943991
11.8 11.740099
11.900001 11.569606
10.3 10.234145
11.3 11.252942
11.900001 11.81979
13.200015 12.717061
12.899998 12.921006
11.999998 12.025898
11.1 11.133968
11.3 11.42642
12.359637 12.315356
12.299998 12.159402
11.400001 11.289381
11.400001 11.607804
10.1 10.6582365
11.8 11.837328
11.8 11.855563
11.3 11.424559
11.8 11.896273
12.299998 12.036117
11.1 11.607726
11.599999 11.581053
11.999998 12.971761
11.400001 11.432273
11.3 11.284367
11.8 11.65896
12.399998 12.406698
11.3 11.375961
11.900001 11.92793
11.1 11.114825
11.2 11.300714
11.900001 11.544487
11.1 11.164565
11.2 11.392599
11.2 11.505839
11.3 11.458969
11.8 11.761057
11.2 10.991509
11.2 11.251223
13.699981 12.164636
11.599999 11.616305
11.3 11.2773905
11.1 11.181557
11.5 11.544784
11.3 11.253939
11.5 11.602221
11.999998 11.959106
9.947712 9.977913
11.8 11.8371935
11.8 11.829296
11.1 11.14419
11.5 11.4813795
11.1 11.167345
12.799992 12.44564
11.7 11.641582
11.7 11.921929
11.900001 11.890415
11.599999 11.684333
11.8 11.992261
10.622879 11.362332
11.400001 11.60342
11.7 11.730867
11.7 11.827063
11.8 11.96038
10.8 10.654726
14.400163 13.351452
11.2 11.197716
11.2 11.243368
11.3 11.636258
14.500117 14.182507
11.1 11.199642
12.599997 11.963128
13.999974 12.766822
11.3 11.372526
11.8 11.836588
11.3 11.332689
11.1 11.103481
11.3 11.254581
11.1 11.146259
11.5 12.020805
11.8 11.807481
11.599999 11.683428
11.1 11.142656
11.2 11.644508
11.900001 12.263416
11.1 11.1848755
10.622879 10.874761
11.2 11.229489
11.1 11.105365
11.7 11.755527
11.1 11.596951
11.900001 11.895988
12.699998 12.195054
11.5 11.715298
11.8 11.796958
11.1 11.118838
11.400001 11.348732
12.499997 11.38076
11.1 10.725468
11.381498 11.674791
12.499997 12.374873
13.249993 12.9060335
11.8 11.861269
11.900001 11.850161
12.799992 12.751358
11.599999 11.922411
11.5 11.621363
9.79897 10.263095
11.3 11.325579
11.3 11.423782
12.899998 13.0682
11.1 11.1861
10.1 10.097373
11.456548 11.525939
11.1 11.237408
10.1 10.306397
11.900001 11.919309
11.2 11.21624
11.7 12.151152
12.199999 11.57251
11.3 11.281296
11.3 11.2605095
11.2 11.179519
11.5 11.344096
11.2 11.170368
11.2 11.390641
11.900001 11.868568
11.5 11.658182
11.8 11.227326
13.899971 13.943707
10.3 10.479234
12.599997 11.966568
11.400001 11.412515
14.200179 13.766443
11.2 11.195433
11.900001 11.877864
11.2 11.272983
15.200179 14.95636
12.399998 12.889101
11.2 11.254346
11.1 11.165769
11.599999 11.603623
11.999998 12.021088
11.1 11.146965
11.7 11.720922
11.2 11.270177
11.020819 11.474676
11.599999 11.608854
11.2 11.267666
11.5 11.506659
13.122276 12.925623
11.900001 11.572872
11.2 11.215187
11.3 11.629263
11.2139435 11.75787
11.999998 12.277306
13.000009 11.702452
11.900001 11.904514
11.2 11.216823
11.900001 12.006563
11.5 11.168148
11.400001 11.403452
11.900001 11.909384
11.2 11.224975
11.2 11.189656
14.321849 13.112583
11.900001 11.8802805
11.7 11.6422615
12.1 11.663997
11.900001 11.898826
12.821246 12.332981
11.2 11.208929
11.685027 11.241891
11.1 11.119609
13.500008 13.209763
13.1 12.868445
11.2 11.218114
11.7 11.877747
11.2 11.216632
12.299998 12.22888
12.499997 12.748471
11.599999 11.857696
11.999998 11.217669
12.899998 11.899746
12.359637 12.218123
11.2 11.210334
11.900001 11.459942
14.79897 14.260724
10.40103 10.530525
11.2 11.253543
11.7 11.84096
12.555932 12.340733
11.2 11.161896
11.2 11.263065
11.3 11.387276
13.699981 11.522717
11.999998 12.424174
11.1 11.231959
11.1 11.476776
12.299998 12.153638
11.7 11.803013
12.899998 13.027564
11.599999 11.723929
10.1 10.473064
11.400001 11.493622
11.3 11.268534
11.900001 11.808962
11.1 11.10931
9.49794 10.240344
11.900001 11.804125
13.899971 12.453885
11.900001 11.221709
11.2 11.411299
11.5 11.538313
12.699998 11.64037
12.499997 12.291579
11.8 11.89578
12.1 11.830079
11.3 11.3910475
11.1 11.193184
11.400001 11.388335
11.1 11.135432
11.400001 11.439363
13.399989 12.490549
11.1 11.077778
12.399998 12.82993
11.900001 11.903191
14.254902 14.27124
11.999998 11.840302
12.899998 12.4640465
11.1 11.182323
11.3 11.235996
12.453596 12.565094
11.599999 12.072361
9.79897 9.988638
11.5 11.427511
15.600313 15.189755
13.500008 13.237581
11.8 11.878398
11.1 11.115374
10.40103 11.134294
11.1 11.172287
12.599997 12.445649
13.200015 12.123884
11.1 11.150011
13.000009 13.599794
11.2 11.252441
10.40103 10.55811
11.8 11.831514
11.2 11.215258
12.1 11.777252
10.1 10.489611
11.8 11.815408
11.5 11.555816
10.70206 10.713362
11.999998 11.519955
12.120452 12.21769
11.2 11.325794
11.2 11.289105
11.1 11.159159
11.900001 12.386961
11.400001 11.36376
11.5 11.361475
11.599999 11.848935
11.2 11.326287
11.1 11.519291
11.7 11.7538395
11.7 11.72223
11.5 11.361763
11.1 11.200157
13.392429 12.161561
11.1 11.158067
12.399998 12.479564
11.2 11.401578
11.1 11.331944
11.2 11.534523
11.7 11.821032
10.690574 10.7039175
11.900001 11.907633
11.349999 11.473088
12.899998 12.850264
12.1 12.422289
11.745892 11.388321
10.8 10.960744
11.1 11.12789
12.637602 11.38087
11.900001 11.62738
11.5 11.582377
12.499997 11.927823
11.3 11.288927
11.900001 12.176665
12.799992 12.394354
11.900001 11.941661
12.899998 13.087211
11.400001 11.572872
12.699998 11.980105
12.899998 12.566668
14.1 13.713888
11.8 11.841952
11.599999 11.28232
14.40103 13.64946
11.900001 11.828046
11.8 11.812095
13.000009 13.395878
11.1 11.153958
11.900001 11.929237
11.555932 11.107282
11.2 11.277861
11.599999 11.442538
11.2 11.245206
11.400001 11.809705
11.2 11.855541
11.3 11.240205
11.5 11.486761
12.499997 12.206017
11.900001 11.672086
11.5 11.80156
11.900001 11.929835
11.49794 11.455015
11.1 11.144617
11.1 11.16698
11.900001 12.154647
10.49794 10.653895
11.2 11.190804
10.1 10.211743
13.000009 11.615928
11.2 11.19188
11.5 12.161933
11.3 11.273424
11.2 11.268159
11.999998 11.984756
11.3 11.305053
12.599997 12.788685
11.8 11.792593
11.3 11.369375
11.900001 11.87985
14.700326 13.761382
11.3 11.276419
11.7 11.768046
12.199999 11.412411
11.400001 11.278527
11.2 11.315189
11.7 11.850166
11.900001 11.943126
11.999998 12.576376
11.1 11.111456
11.2 11.214548
13.511954 12.764668
11.8 12.38803
11.5 11.470887
11.999998 11.959979
11.1 11.879117
11.400001 11.445593
11.999998 12.023701
11.2 11.2076025
12.499997 12.212123
10.4 10.812397
11.599999 11.618
11.7 11.555605
12.499997 12.319791
12.199999 12.018749
11.637602 12.169586
12.601689 12.493081
11.8 11.8234415
11.3 11.647851
14.1 12.910029
11.1 11.109471
11.1 11.216083
11.900001 11.862443
11.8 11.736961
11.5 11.458539
11.5 11.511143
11.3 11.217848
11.1 11.008395
10.719789 10.49526
11.1 11.150139
11.2 11.261006
11.5 11.642354
11.5 11.657194
11.400001 11.756605
11.900001 11.870179
12.639102 13.119999
12.1 11.833892
11.1 11.098882
11.400001 11.478522
11.900001 12.0415325
11.8 11.86859
13.1 13.258266
11.1 11.237208
13.1 13.340074
11.5 11.684253
11.1 11.129268
11.3 11.329617
11.8 11.509956
11.8 11.418702
11.3 11.737066
11.8 11.832509
12.199999 11.87466
11.999998 11.744193
11.3 11.303277
11.5 11.503534
11.2 11.193649
11.5 11.795436
10.40103 10.395641
10.186186 10.240049
10.8 10.573472
11.56133 12.00416
11.1 11.130214
11.2 11.236175
11.999998 12.098494
11.5 11.689161
11.1 11.120349
11.1 12.874876
11.5 11.5958185
11.3 11.299759
10.738272 10.104828
11.7 11.694964
11.5 11.621501
11.400001 11.37814
13.1 11.579691
11.900001 11.778788
11.1 11.222264
11.599999 11.6051235
11.8 11.807232
13.699981 13.874094
12.1 12.9505205
11.3 11.488661
13.128426 13.076338
14.49794 13.54397
11.999998 11.613026
11.599999 12.856202
11.5 11.521729
10.6 10.2876005
15.1 13.243919
12.499997 11.524301
11.5 11.520115
11.1 11.149932
11.8 11.4546795
11.900001 11.868255
11.1 11.220854
11.1 11.192084
11.1 11.127304
11.2 11.359873
11.2 11.242365
11.2 11.362222
12.399998 11.413955
10.40103 10.438226
11.5 11.4319725
11.2 11.3361225
13.200015 12.724725
11.1 11.177456
11.8 11.793704
11.2 11.284931
12.399998 13.243792
10.5 10.997738
11.900001 11.5709915
11.8 11.80266
13.49794 11.081498
13.299971 11.638992
13.8409815 14.673738
11.2 11.295233
11.5 11.4801855
12.199999 11.892077
11.900001 11.916309
13.600039 12.004088
11.3 11.26162
11.900001 11.899176
11.660667 10.901302
11.70206 11.008588
10.9 10.802427
11.1 11.179658
14.200179 12.902915
11.2 11.250631
11.400001 11.426244
11.5 11.423505
10.2 10.539085
11.599999 11.846295
11.5 11.761749
11.900001 11.885363
11.900001 11.919645
11.997942 11.643644
11.5 11.618792
10.40103 10.366663
11.3 11.395061
11.2 11.182251
11.999998 11.899084
11.900001 11.8567095
11.599999 11.611171
12.399998 12.340601
11.2 11.278944
11.1 11.118025
11.400001 11.444247
9.1 10.058414
11.400001 11.381475
11.400001 11.28091
14.200179 13.2534275
12.499997 12.407548
10.70206 11.06763
11.7 11.728082
11.849999 12.191697
11.1 11.15501
11.5 11.6554985
11.5 11.854923
11.999998 11.921604
11.1 11.223995
10.1 10.086987
11.3 11.322049
11.1 11.101252
11.900001 11.883484
11.5 11.739239
11.2 11.215337
11.900001 11.877544
11.599999 11.587034
11.3 11.310752
11.599999 11.426278
11.2 11.236283
11.2 11.270664
11.400001 11.554724
12.26877 13.245789
11.2 11.393499
11.2 11.248511
11.3 11.387912
11.5 11.461678
14.1 13.701113
11.2 11.254923
11.7 11.751756
10.70206 10.715149
11.5 11.353832
11.622879 11.748541
11.1 11.382169
11.900001 11.89912
11.599999 11.61204
13.399989 13.112811
11.5 11.671709
11.900001 11.906701
12.1 12.277773
13.999974 13.115248
9.79897 10.081692
11.2 11.221376
13.1 12.792065
9.66703 9.935146
11.999998 12.043855
12.399998 12.869015
11.7 11.773403
11.599999 11.840563
11.5 11.558149
11.5 11.497768
11.400001 11.392723
11.7 12.402621
11.400001 11.399042
11.2 11.579995
10.70206 10.729339
10.2 10.4072
12.199999 12.036969
11.900001 11.879623
12.499997 12.185881
11.8 11.779859
11.3 11.768524
11.5 11.501516
12.298596 12.02038
11.7 11.644152
11.7 11.460244
10.622879 10.705135
11.599999 11.63081
11.599999 11.710872
11.900001 11.909529
11.1 11.466376
11.3 11.435721
11.900001 11.918829
11.2 11.283747
11.8 11.827748
11.7 11.736834
12.799992 11.569443
11.900001 11.888475
11.3 11.3285265
11.1 11.196888
10.3 10.463758
12.1 12.078033
12.1 11.966485
11.400001 11.38502
11.2 11.639651
11.3 11.375252
11.2 11.205383
10.1 10.390745
11.7 11.670228
12.199999 12.3077965
12.399998 12.000868
12.761543 12.419701
11.3 11.217421
11.900001 12.017625
11.3 11.249328
11.5 11.324027
11.8 11.824472
11.2 11.237562
11.3 11.251608
13.8447275 13.6063595
11.900001 11.910394
11.79897 12.181269
12.70206 12.596775
11.3 11.277763
12.599997 11.782848
11.999998 12.253081
11.1 11.123033
10.49794 10.665785
11.1 10.9884205
12.199999 12.492144
10.49794 10.282631
11.3 11.7157
11.1 11.15522
11.8 12.099325
11.2 11.278326
11.599999 11.534976
11.999998 12.10689
11.999998 12.218115
11.3 11.278223
12.986056 13.37142
9.70206 9.896957
11.7 11.821002
11.3 11.249352
13.145758 12.311148
11.2 11.17346
11.2 11.197071
11.400001 11.335946
11.2 11.187544
11.900001 11.901432
11.1 11.14772
11.2 11.212017
11.1 11.1357155
11.7 11.716776
11.8 12.728868
13.500008 13.141488
13.4372425 13.303725
11.999998 12.164709
11.5 12.181619
11.5 11.6127205
11.5 11.545734
12.399998 12.671128
11.1 11.17062
11.8 11.819868
10.8 10.801105
11.5 11.508526
11.1 11.966008
11.3 11.347779
11.900001 11.388473
12.199999 12.013873
12.899998 12.059593
11.2 11.222284
13.600039 13.315781
12.899998 13.3308935
11.3 11.290134
11.599999 11.570994
11.1 11.132054
11.1 11.172429
11.2 11.365139
11.8 11.834454
11.900001 12.404312
11.2 11.227658
11.2 11.780916
12.499997 12.473207
12.399998 12.201559
11.599999 12.982621
11.2 11.508607
11.400001 11.738218
11.1 11.145382
13.899971 13.881636
12.399998 12.033215
9.79897 10.064389
12.1 12.265527
11.8 11.834806
11.2 11.178954
12.299998 11.822281
12.199999 11.4893265
11.3 11.817014
11.2 11.325071
11.400001 11.38203
12.299998 11.771989
11.923909 11.982897
11.7 11.960701
11.8 11.835737
11.49794 12.752497
11.999998 11.919138
11.938632 12.074956
10.70206 10.725368
13.500008 12.465094
11.400001 12.597171
12.622879 12.160914
11.5 11.41734
11.5 11.539521
11.599999 11.791646
11.1 11.241892
11.2 11.327385
11.2 11.232001
11.599999 11.597121
10.427902 10.504817
13.899971 13.919602
10.6 10.563967
11.40103 10.971044
11.1 11.413157
11.999998 11.935777
14.200179 11.487399
14.200179 14.0861435
13.600039 13.632296
11.1 11.1479845
11.8 11.868186
11.999998 11.855587
14.79897 13.683581
11.2 11.271259
11.5 11.786532
11.400001 11.343376
13.999974 12.322062
11.5 11.480559
11.3 11.283478
11.8 11.834702
11.738272 11.423261
11.2 11.284822
12.699998 13.744814
11.3 11.238612
11.2 11.246772
12.699998 11.954122
11.1 11.037228
11.2 11.406965
11.5 11.541031
12.299998 12.355792
11.1 11.172304
11.3 11.281875
11.1 10.572426
11.2 11.20945
11.999998 11.946278
11.900001 11.874443
14.901343 13.422071
11.900001 11.852334
11.8 11.532788
11.1 11.2486
10.70206 10.707935
11.400001 11.400303
12.599997 12.501975
11.400001 11.261051
10.6 10.444509
12.399998 11.849057
11.999998 12.032461
15.262569 15.127213
11.7 11.7651
11.400001 11.408858
11.3 11.5689125
11.5 11.482932
13.165502 12.968883
11.999998 11.994473
11.900001 11.898321
11.2 11.242865
11.900001 11.911743
11.1 11.095419
11.2 11.240719
13.699981 13.048963
11.900001 11.889364
11.999998 11.938375
13.800057 13.061007
11.8 11.774843
11.400001 11.395156
11.3 11.369433
11.999998 12.048349
11.900001 11.830235
10.9 10.505617
11.900001 11.821244
11.1 11.2283125
10.2 10.5083885
11.1 11.141479
11.7 12.314946
11.900001 11.886549
11.1 11.124746
11.816699 12.2728
11.2 11.225078
11.1 11.142709
11.2 11.1838875
12.799992 13.016497
13.999974 13.66197
11.1 11.158271
10.2 10.282682
11.5 11.511029
11.2 11.286507
13.600039 13.59742
14.1 13.087694
11.599999 11.478088
11.3 11.285382
9.79897 10.04533
11.1 11.665422
11.5 11.55454
11.8 12.71982
11.8 11.766062
10.321849 10.204734
11.3 11.370136
11.1 11.746386
11.1 11.170061
12.499997 12.391446
11.2 11.163874
11.999998 12.081183
13.899971 12.947311
11.1 11.184523
11.2 11.260164
11.999998 11.975898
11.7 11.868053
12.199999 11.8528185
12.399998 11.996087
11.400001 11.795151
12.199999 12.844254
11.8 11.841701
12.499997 12.360482
11.8 11.8390045
11.900001 11.908597
11.599999 11.36281
11.2 11.74738
11.7 11.646779
12.199999 11.777604
11.1 11.143619
9.79897 10.058562
11.7 11.701283
10.1 10.624185
11.2 11.221586
12.1 11.377016
11.1 11.15703
11.2 11.181682
11.2 11.201658
12.499997 12.858044
11.7 11.955048
11.999998 12.1020355
11.1 11.167092
11.3 11.331037
11.7 11.128406
11.5 11.381182
11.2 11.242973
12.399998 11.711439
10.1 10.192778
11.1 11.149856
11.599999 11.54874
12.599997 12.480902
10.6 10.57581
11.999998 12.041557
11.599999 11.647987
11.900001 12.015526
11.8 11.683128
11.599999 11.504673
11.5 11.505762
11.400001 11.455084
11.900001 11.997823
13.500008 13.741058
11.900001 11.895902
11.999998 11.973192
11.2 11.209208
11.79897 11.879553
11.1 11.318946
11.400001 11.406327
11.2 11.296933
10.6 10.547051
11.1 11.122227
11.3 11.317946
11.900001 12.091421
12.199999 12.161754
12.899998 12.386808
14.180399 13.951485
11.900001 11.892516
11.8 12.149894
11.900001 11.915112
11.900001 11.757064
11.1 10.964153
11.599999 11.68766
11.1 11.177285
11.5 11.609461
12.767562 13.034938
12.399998 11.887633
12.199999 11.818122
11.3 11.387794
11.900001 11.889839
12.299998 11.799172
11.351037 11.699814
13.999974 14.05292
11.2 11.197442
11.1 11.101332
11.599999 11.730047
11.3 11.315766
12.017215 12.419822
11.900001 11.941825
11.5 11.56009
12.1 11.543226
11.2 11.301718
12.986056 12.680655
11.1 11.168162
11.3 11.269752
11.5 11.464109
11.1 11.100372
11.7 11.702144
11.2 11.563502
11.400001 11.442511
11.2 11.377356
11.2 11.606054
11.1 11.134909
11.5 11.542141
12.1 11.652198
11.2 11.248372
12.899998 12.758441
10.6 10.518602
12.399998 11.925288
11.2 11.184369
15.1 14.17533
10.9 10.429294
11.900001 11.8739195
11.3 11.369285
11.7 11.605636
11.400001 11.415765
11.7 11.582372
11.3 11.461705
12.699998 12.922073
14.29897 13.66426
12.1 11.814049
11.1 11.103139
11.7 11.701296
11.999998 13.578237
11.599999 11.640697
11.900001 11.893729
11.900001 11.843665
11.900001 12.106332
12.1 12.860516
14.1 13.3491
11.1 11.147115
11.900001 11.860962
11.8 11.293218
13.364454 12.4613085
11.599999 11.443258
11.2 11.1737175
11.2 11.190618
11.1 10.898047
11.5 11.746684
11.599999 11.57801
11.400001 11.407003
13.800057 13.233915
11.400001 11.613065
11.2 11.259141
11.900001 12.362124
11.2 11.217715
11.900001 11.985422
12.1 11.477937
11.999998 11.858695
11.900001 11.936113
11.267491 11.657914
12.757577 12.671663
11.900001 11.975597
11.900001 11.896503
11.2 12.259272
11.1 11.160115
11.900001 11.909444
11.2 11.407528
11.999998 12.113149
11.3 10.934799
11.383997 11.276403
11.900001 11.872055
11.40103 10.6588545
11.5 11.533396
11.1 11.258868
11.5 11.198699
11.3 11.663718
11.950048 12.631874
11.599999 11.594351
11.3 11.351728
11.5 11.473178
11.2 11.301172
12.300659 12.365391
11.3 11.264751
12.699998 12.621614
12.699998 12.132841
11.7 11.816871
11.7 11.751017
11.2 11.205979
10.1 10.354142
11.400001 11.405266
11.59621 12.543702
11.400001 11.664473
11.8 11.836688
11.1 11.136666
14.113489 13.660893
12.794648 13.096436
11.2 11.170428
11.900001 11.908
11.777781 11.386168
11.7 11.291747
11.999998 11.601053
11.900001 11.81102
11.1 11.1620655
11.900001 11.744256
11.400001 11.269454
14.400163 13.674747
11.2 11.629808
13.000009 13.109042
11.900001 11.901888
13.427902 12.910749
11.900001 11.917855
11.400001 11.3492
12.899998 12.783043
13.1 12.559389
11.2 11.262172
14.1 13.806149
11.3 11.425599
11.900001 11.895573
11.5 11.807999
10.70206 10.706127
11.3 11.386086
12.599997 13.951453
11.900001 11.651357
10.4 10.601758
10.8 10.799892
11.900001 11.908426
11.2 11.554801
11.1 11.226798
13.200015 12.389332
11.2 11.248364
11.999998 11.694546
11.3 11.660876
11.2 11.198254
11.1 11.427595
11.3 11.294744
11.5 11.484374
11.7 11.700812
11.900001 11.828148
11.8 11.660404
11.2 11.357329
12.299998 11.987749
12.499997 12.196345
11.8 11.706192
11.2 11.280187
11.2 11.28761
11.900001 11.938668
10.622879 10.552393
11.900001 11.964627
11.2 11.317059
11.8 11.823943
11.8 11.675666
11.3 11.350038
11.7 11.292096
11.8 12.845307
11.2 11.356538
11.5 11.484587
10.1 10.131689
13.000009 12.450842
11.2 11.2405
13.999974 13.240576
11.900001 12.002204
12.199999 12.049283
11.3 11.334916
11.8 11.799641
11.2 11.208067
11.3 11.366008
13.1 12.605898
11.3 11.368048
12.1 11.3919
11.499027 11.015773
11.2 11.22663
11.599999 11.464527
11.1 11.156452
12.199999 11.656251
11.2 11.237283
11.999998 11.897259
11.2 11.244279
11.1 11.208375
11.5 13.287071
14.200179 13.092587
11.1 11.392328
11.599999 11.662874
11.999998 11.908724
14.1 14.198452
12.299998 11.734897
11.7 11.752289
12.699998 12.174442
11.8 11.856251
13.000009 12.124631
11.55 11.630558
11.1 11.168899
11.1 11.163986
11.400001 11.441938
12.1 11.866945
11.900001 11.834858
11.599999 11.758083
11.2 11.194283
11.1 11.419075
11.1 11.344963
11.599999 11.658072
12.599997 11.462211
10.555932 10.383331
11.1 11.314394
11.5 11.512373
11.5 11.495171
12.399998 12.490482
11.999998 11.836966
13.500008 13.40938
11.599999 11.450123
14.700326 13.82932
13.999974 13.751179
11.7 11.651217
11.2 11.389963
11.900001 11.634498
14.329148 13.998393
11.3 11.320055
11.7 11.584084
10.9 10.866906
11.900001 11.868044
11.1 10.950676
11.1 11.183203
11.25 11.37254
14.400163 13.351331
11.2 11.197912
11.2 11.224026
11.7 11.733619
11.599999 11.457245
11.1755495 11.279039
12.599997 12.484431
12.199999 12.066759
11.2 11.433717
11.599999 11.562245
11.599999 11.707484
11.8 11.333363
11.599999 11.541519
11.3 11.579953
10.70206 11.300912
11.400001 11.514848
11.1 11.256685
11.5 11.493546
12.1 12.573741
11.7 13.596459
11.1 11.113209
11.2 11.239036
12.2870865 12.504419
12.799992 12.409928
11.2 11.19428
11.400001 11.391804
12.1 12.834801
11.999998 11.899346
11.1 11.106122
11.900001 11.833798
11.2 11.451369
11.3 11.377058
11.999998 11.897056
11.2 11.423536
11.900001 11.864711
11.1 11.352183
13.307609 13.058867
11.1 11.280693
11.2 11.224828
11.3 11.273466
11.400001 11.41002
12.899998 12.249235
11.1 11.118897
11.351812 11.246538
11.5 11.605818
11.900001 11.782316
11.2 11.19452
12.40103 11.415737
11.8 11.866416
12.799992 12.330225
11.5 11.630937
11.1 11.574774
11.2 11.340201
11.2 11.374897
11.7 11.69857
11.5 11.257513
12.020819 11.849061
12.199999 12.25301
14.1 12.289999
11.2 11.25768
11.8 11.826062
11.400001 11.405934
10.622879 12.190656
11.2 11.207971
11.8 11.853699
11.2 11.240856
11.999998 11.911669
11.1 10.44336
11.400001 11.376096
11.5 11.478671
11.400001 11.405075
13.000009 12.640583
11.900001 11.8907585
11.2 11.245997
11.1 11.936062
12.799992 11.817757
11.3 11.225584
12.599997 13.38419
11.900001 11.921784
14.79897 12.674597
11.900001 11.975226
10.1 10.331409
12.699998 12.941954
11.999998 12.820431
11.622879 11.2073965
11.900001 11.882652
11.2 11.2105875
11.2 11.257437
11.2 11.227938
12.799992 12.223713
11.900001 11.853315
11.3 11.215797
11.2 11.199563
11.2 11.263302
11.5 11.565799
10.652842 10.786533
11.5 11.497204
11.5 11.548476
11.3 11.368468
11.3 11.398797
11.900001 11.963076
11.1 11.110002
11.599999 11.576967
11.1 10.79289
11.2 11.231119
11.3 11.257005
14.299971 13.908821
11.1 11.213916
11.999998 11.907125
11.2 11.268064
13.1 12.81453
11.999998 12.040556
11.999998 11.91157
10.622879 13.974733
10.70206 10.735303
11.5 11.695562
11.1 11.161852
11.3 11.318126
11.8 11.851264
11.900001 11.68638
12.810108 12.662185
11.8 11.431401
11.900001 11.864047
11.3 11.33593
11.1 11.251872
11.8 11.886686
13.699981 13.830755
12.499997 11.945117
11.175721 11.165144
11.999998 11.474671
11.8 11.844922
11.2 11.165267
11.1 11.195199
11.3 11.493003
12.599997 13.122726
11.1 11.121148
11.5 11.490125
10.1 10.37031
10.4 10.301162
11.3 11.346207
14.500117 14.159475
11.7 11.698788
11.400001 11.523027
11.5 11.4967
11.999998 11.829784
11.2 11.252802
11.1 11.111244
12.358699 12.711478
11.2 11.265535
11.2 11.161363
11.3 11.995494
11.2 11.212776
11.2 11.172825
13.200015 13.189825
14.40103 11.628941
11.8 11.806199
12.699998 12.208185
11.1 11.161838
11.8 11.659414
11.400001 11.427141
11.3 11.243666
10.598941 10.874515
11.3 11.411575
12.299998 12.228165
12.299998 12.191221
11.999998 11.959947
13.699981 12.674081
10.224938 12.283284
10.622879 10.735874
11.8 11.975623
11.8 12.052186
11.40103 10.844817
11.803335 12.983514
11.1 11.974414
12.1 12.6214905
11.2 11.246667
11.900001 11.895854
11.1 11.075834
11.900001 11.856594
11.599999 11.296624
11.7 11.712498
11.7 11.790537
11.599999 11.478835
12.668636 12.562571
12.299998 11.855802
11.599999 11.670842
11.599999 11.667031
11.8 11.356036
11.1 11.141861
11.3 11.370414
12.821246 12.026247
11.900001 11.196438
12.299998 12.548689
11.5 11.983628
11.900001 11.645787
11.2 11.675205
11.2 11.227594
11.3 11.32211
11.900001 11.882626
11.400001 11.360222
11.2 11.239269
15.1 14.322357
11.999998 11.880511
11.2 11.239993
11.3 11.493163
11.2 11.369879
11.8 11.849283
13.600039 13.572202
13.500008 13.224361
11.2 11.258294
11.1 11.199826
11.2 11.177761
11.3 11.426301
11.222634 11.164317
11.1 11.157417
11.1 10.833663
13.000009 12.776094
12.196367 12.423405
13.307609 13.266388
11.1 11.341488
12.1 11.86157
11.599999 11.569966
11.7 12.252468
11.3 11.2334795
11.1 11.189187
11.3 11.404356
12.499997 12.530396
11.3 11.389542
11.599999 11.653115
11.599999 11.518087
11.1 11.146215
11.900001 11.8828945
10.70206 10.709845
11.1 11.0857
11.5 11.3910675
11.2 11.2191515
11.2 11.19053
11.900001 11.96139
13.1 12.63464
11.900001 12.3055315
11.392207 11.236497
11.5 11.550943
10.70206 10.711709
12.699998 12.563059
11.7 11.729837
11.900001 12.466877
13.000009 13.292941
11.599999 11.608326
11.2 11.227912
11.3 11.366288
11.400001 11.37959
11.2 11.480345
11.400001 11.378755
11.953872 12.094575
12.299998 11.819545
15.200179 14.953913
11.1 11.11712
11.1 11.438439
11.622879 11.395386
11.400001 11.411566
11.3 11.336425
11.3 11.670343
11.7 11.687133
11.2 11.3886795
11.400001 11.415231
11.8 11.60843
11.8 11.751551
10.8 10.643624
11.8 11.839574
11.8 11.884331
12.299998 12.319726
13.000009 12.40177
11.2 11.350494
11.8 11.579719
11.1 10.77246
10.622879 10.859474
13.000009 13.049162
11.2 11.224719
11.900001 12.255047
12.415514 12.668443
11.8 11.382701
11.900001 11.949206
11.3 11.267552
12.19691 12.846151
11.3 11.516731
11.900001 11.838159
13.500008 13.109814
13.399989 12.568064
10.622879 10.226634
12.1 11.894182
13.899971 12.995129
11.8 11.688339
11.1 11.553086
11.599999 11.831416
11.599999 11.432794
11.999998 11.538564
11.900001 11.729638
13.299971 12.426559
11.2 11.215027
12.1 11.881996
13.399989 13.439827
12.299998 12.718069
11.5 11.901096
11.1 11.155754
12.699998 13.183023
11.2 11.249534
11.3 12.5157585
11.1 11.210226
11.1 11.136311
11.5 11.841958
11.8 11.875849
11.599999 11.406575
11.794648 11.414379
11.5 11.296849
11.7 11.687388
11.1 11.135499
11.7 11.6847515
13.999974 13.332977
11.400001 11.253904
13.699981 13.291157
10.1 11.371364
13.800057 13.796285
10.1 10.007273
12.799992 11.954197
11.7 11.696791
11.3 11.341488
12.899998 11.995855
11.999998 12.448072
11.900001 11.9073925
11.900001 11.798391
12.399998 12.695833
11.7 11.931847
11.8 11.851237
11.1 11.248358
11.1 11.140604
11.8 11.819597
11.2 11.227377
11.8 11.789753
11.8 11.884288
11.400001 11.1994295
11.599999 11.815896
11.599999 10.779942
12.299998 13.355156
12.499997 11.666067
13.999974 12.993419
11.1 11.1727
11.5 11.429586
11.8 11.829696
11.599999 11.569972
11.2 11.287843
11.999998 11.966931
11.8 11.820992
11.8 12.294705
11.7 11.80821
11.3 11.370112
10.516801 10.609342
11.5 11.520197
11.599999 11.550205
11.1 11.280087
11.2 11.277082
13.600039 12.094291
11.900001 11.43421
11.599999 11.503728
11.900001 11.88195
9.978481 10.126118
11.599999 11.600114
11.1 11.179806
11.3 11.812187
11.1 11.182782
13.500008 12.527249
11.599999 11.505909
9.79897 10.006593
11.900001 11.860341
12.1 11.542274
11.8 11.856272
11.3 11.348696
11.599999 12.039159
11.900001 11.841435
11.7 11.781731
12.299998 12.802139
11.400001 11.402605
13.555932 12.305302
12.899998 12.7434225
11.2 11.220002
11.8 11.817896
10.5 11.09341
11.2 11.211145
12.299998 11.558683
11.1 11.183256
11.900001 11.905807
12.1 11.9216
11.520216 11.697442
11.1 11.164989
13.299971 12.6894655
11.5 11.509355
11.8 11.813103
11.3 11.517201
11.1 13.23376
11.900001 11.968823
11.1 11.173998
10.1 10.659278
11.2 11.223073
11.3 11.397229
11.900001 11.958387
12.499997 11.858923
11.2 11.279221
11.2 11.357308
11.3 11.81558
11.999998 11.857391
11.900001 11.929016
14.200179 13.871229
11.999998 11.938881
13.321849 12.955465
11.5 11.4802885
12.1 11.419468
11.2 11.240047
11.8 11.860042
11.900001 12.142966
11.2 11.26402
11.2 11.258861
13.699981 13.015972
12.031815 11.550395
11.400001 11.385267
11.2 11.348507
11.1 11.962055
11.900001 12.277094
11.49794 11.429677
11.2 11.278861
11.999998 11.830541
11.599999 11.790258
11.2 11.250631
11.8 12.022279
11.8 11.89981
11.7 11.727373
11.622879 11.602075
12.799992 12.617268
11.999998 11.957731
12.199999 11.86678
11.7 11.569595
12.299998 12.076319
11.867003 11.861694
10.3 10.262131
12.1 12.136325
11.2 11.331624
11.1 11.3255625
13.800057 12.961899
11.900001 12.380843
12.699998 11.736864
11.2 11.234409
11.5 11.552793
11.1 11.221524
11.900001 11.916538
11.2 11.218245
11.900001 11.871656
9.79897 10.410803
12.299998 12.502188
11.2 11.200335
11.2 11.177099
11.1 11.129872
11.999998 11.8786335
12.599997 11.337997
11.8 11.794904
11.2 11.168384
11.5 11.535017
11.900001 11.903734
11.599999 11.903375
11.900001 11.942487
11.900001 11.944013
11.5 11.619532
11.3 11.311099
12.899998 13.382862
11.1 11.307539
11.1 11.130813
11.2 11.28672
11.2 11.370169
11.599999 11.689557
12.1 12.097492
11.3 11.572305
9.79897 10.101953
13.321849 13.487655
11.8 11.562435
11.900001 11.855243
11.900001 12.043883
14.200179 13.211657
11.1 11.151342
11.2 11.33474
11.1 11.177535
11.900001 11.893379
11.2 11.187606
11.1 11.184595
9.1 9.668546
11.1 11.14469
11.8 11.844119
12.199999 12.193719
11.5 11.739872
11.900001 11.780591
11.999998 11.879641
11.1 11.62651
11.3 11.259147
11.3 11.248363
11.7 11.799664
10.40103 10.545177
11.599999 11.617176
11.1 11.207645
11.2 11.33048
13.1 13.158555
11.400001 11.511301
13.299971 13.047965
11.79897 10.811569
11.2 11.669059
13.046922 12.829373
11.400001 11.427162
11.900001 12.154541
13.1 11.554832
11.1 11.151397
12.899998 12.967059
11.2 11.193003
11.5 11.556621
11.599999 11.442263
11.5 11.480438
11.900001 11.888282
11.2 11.234861
11.599999 12.116776
11.3 11.235674
11.3 11.366685
11.8 11.837045
11.599999 11.678326
11.8 12.321381
11.3 11.379908
12.1 12.118676
11.2 11.227556
11.900001 11.876376
11.2 11.265367
11.3 11.298137
10.622879 10.66699
11.5 11.35784
10.1 10.425405
11.1 11.161755
12.199999 11.354783
11.1 11.663004
11.5 11.882498
11.5 11.582186
11.3 11.502056
11.999998 11.840896
11.999998 12.196907
11.900001 11.897311
11.3 11.402941
11.1 11.239108
11.900001 11.8411665
9.49794 9.752079
12.622879 12.435911
13.800057 13.134165
11.999998 11.925376
11.900001 11.285161
11.400001 11.3884
11.900001 11.342935
12.675118 12.474588
11.8 11.521809
11.8 11.811772
13.000009 13.00832
11.1 11.105948
10.581676 11.144505
12.299998 11.93762
11.400001 11.465065
12.199999 11.922892
11.1 11.101801
11.900001 11.78061
11.7 11.688776
10.9 10.905581
12.699998 11.648165
11.1 11.221201
11.1 11.212989
11.599999 11.554872
11.900001 11.868594
11.1 11.104149
11.2 11.17995
13.1 12.946078
11.8 11.853938
11.900001 11.829889
12.599997 12.0849285
11.1 11.841164
12.299998 12.187272
12.1 12.407873
11.7 11.741124
11.2 11.233228
11.1 11.184015
14.200179 14.549587
12.466532 11.563935
11.102177 13.739218
11.3 11.260563
11.999998 11.64825
11.8 11.569227
11.3 11.443908
11.3 11.179361
11.7 12.658295
11.8 11.8287945
11.2 11.228487
10.7 10.491696
11.599999 11.582064
13.399989 13.5215
11.999998 11.925842
11.25 11.366904
12.299998 12.603397
11.900001 11.919158
11.2 11.206797
12.1 11.716041
11.5 11.481056
11.900001 11.625672
11.2 12.547917
11.668636 11.661339
11.5 11.591016
11.2 11.243683
12.1 12.401628
12.899998 11.907243
11.8 11.794216
11.118531 11.3192625
11.006578 11.546378
11.5 11.551768
11.999998 11.704883
14.1 13.495868
13.200015 13.207018
10.40103 10.726164
11.3 11.360024
11.8 11.900696
11.2 11.171983
12.418758 12.451412
12.799992 12.46081
10.794648 11.422643
11.1 11.178393
11.900001 11.86957
12.79897 13.02005
10.70206 10.709781
11.400001 11.390327
11.2 11.361786
11.999998 11.826524
11.1 11.130712
12.699998 12.006288
10.70206 10.706451
14.500117 13.923841
11.2 11.205921
11.900001 12.17539
11.5 11.650043
11.5 11.70234
13.219187 13.14468
12.370835 13.821363
11.2 11.049929
11.400001 11.313072
11.900001 11.904067
13.321849 13.461679
11.599999 11.535364
12.1 12.055487
11.2 11.393154
11.400001 11.511254
10.1 11.519494
12.899998 12.497389
11.2 11.207165
11.1 11.441003
11.7 11.761322
11.8 11.856286
11.400001 11.338558
12.799992 12.098189
11.400001 11.712493
11.400001 12.231016
11.599999 11.543503
11.2 11.543058
10.2 10.483424
11.900001 11.925196
11.900001 11.872528
11.7 12.282467
10.1 10.7654
11.1 11.152558
11.2 11.194427
10.40103 10.728906
11.5 11.64159
11.2 11.203558
11.8 11.969933
11.3 11.300801
11.599999 11.260681
11.3 11.203892
14.1 13.70886
11.8 11.831401
11.900001 12.143506
10.2 10.800098
12.499997 12.332452
14.757577 14.2850685
11.59485 12.540015
11.599999 11.536527
11.3 11.218835
10.29382 10.973907
11.3 11.314802
11.1 11.3592005
11.1 11.136084
11.999998 11.92537
11.1 11.126141
11.1 11.167425
11.900001 11.893787
11.599999 11.538676
11.2 11.262667
14.314671 13.105711
11.2 11.248444
11.400001 11.387049
11.1 11.177546
12.599997 12.9564705
11.1 11.083295
9.622879 10.341315
11.900001 11.886454
13.1 12.75135
11.900001 11.972695
11.8 11.880532
11.2 11.16932
11.7 11.826629
11.7 11.61365
11.3 11.328758
11.1 11.179736
11.7 11.9407215
9.79897 10.252946
11.900001 12.085974
11.8 11.878748
11.2 11.236016
11.1 11.228584
14.299971 13.185225
11.599999 11.541807
11.5 11.509312
11.599999 11.688282
11.1 11.096542
12.010095 12.142969
11.1 11.171854
11.599999 11.618748
11.3 11.389031
11.8 11.766815
11.1 11.288325
12.099998 11.648595
10.7 11.295252
12.799992 12.160402
11.19691 10.78533
11.2 11.267671
11.7 11.963409
13.399989 12.199388
13.399989 13.084825
11.8 12.524992
11.2 11.222311
11.400001 11.592276
11.400001 11.419034
11.900001 11.923584
11.2 11.237488
11.2 12.097012
12.299998 11.911332
12.199999 12.297869
11.3 11.335516
12.499997 12.657236
11.3 11.25549
11.999998 11.77842
11.1 11.194019
12.1 11.843193
11.2 11.211491
11.999998 12.001177
11.999998 11.962991
11.3 11.40461
11.2 11.485457
11.8 11.804016
13.299971 13.399166
11.7 11.764477
11.5 11.495558
11.2 11.37857
12.1 10.879287
11.140959 11.149194
11.7 11.659714
13.550023 12.854667
14.79897 14.217363
11.5 11.460052
11.3 11.3401785
11.8 11.794079
11.1 11.142833
9.79897 10.0503025
12.499997 12.327488
11.5 11.716987
11.7 12.874017
11.599999 11.446951
11.1 11.107607
10.70206 10.71814
11.900001 12.043282
11.456548 10.294247
11.3 11.437281
12.058607 12.259244
11.900001 12.306213
11.3 11.6827135
11.2 11.3513565
13.899971 13.898182
11.2 11.189002
11.2 11.253252
11.3 11.3032055
10.622879 10.668572
11.2 11.318253
11.1 11.200014
11.2 11.226472
10.70206 10.727338
11.900001 11.877119
11.900001 11.818643
10.89588 13.819513
11.1 11.244603
11.400001 11.829561
11.8 11.653224
11.900001 11.9552765
11.2 11.259408
11.404665 11.248748
11.2 11.233737
11.8 11.4577465
13.699981 12.80865
11.2 11.274733
13.236677 13.361795
11.2 11.271221
12.299998 12.012047
11.7 12.312407
12.799992 11.484811
11.2 11.233299
11.389741 11.547348
12.622879 12.64392
11.999998 11.860032
11.1 11.1648035
14.719789 14.112983
11.3 11.31721
13.000009 12.713111
11.3 11.374828
12.685027 12.752794
12.499997 12.399205
11.900001 12.697657
11.3 11.247806
11.400001 11.445543
11.8 11.810787
11.8 12.323555
11.2 11.273836
11.900001 11.867927
11.900001 11.879924
13.699981 12.969645
11.7 11.753605
10.622879 10.600947
11.400001 11.45792
11.7 11.717045
11.7 11.756
11.7 11.835787
10.4 10.112652
13.699981 14.669451
12.1 11.890579
11.7 11.77655
11.900001 11.633163
11.5 11.518527
11.999998 12.019662
13.533231 13.218894
10.622879 11.080289
11.3 11.60553
11.1 11.143044
12.799992 12.202195
9.79897 10.008276
11.1 11.182334
11.3 11.43999
11.900001 11.865928
11.7 11.937324
11.900001 11.791994
11.900001 11.87507
11.1 11.183294
11.999998 11.921718
11.1 11.131753
11.2 11.335055
11.3 11.25622
13.299971 12.723351
11.2 11.249346
11.3 11.288379
11.3 11.267845
11.900001 11.897302
11.7 11.702726
12.399998 11.663738
11.400001 11.842634
11.7 12.1627
11.400001 11.353534
13.000009 13.176406
12.499997 12.507616
13.000009 13.32511
11.2 11.175051
12.1 11.415798
12.599997 12.271908
11.900001 11.820419
11.1 10.991974
11.12 11.120775
11.8 11.827622
11.3 11.25762
11.2 11.447283
11.622879 11.392421
11.900001 11.539077
11.3 11.275487
11.1 11.239252
11.2 11.242045
12.115923 12.183577
12.429754 11.5927925
14.200179 12.957842
11.599999 11.592458
11.5 11.505014
11.2 11.27678
11.2 11.369315
13.500008 12.428462
11.8 11.983897
11.5 12.515155
11.5 11.468666
11.400001 11.58732
11.8 11.863392
11.3 12.175798
11.3 11.234871
11.8 11.855434
9.79897 10.252318
11.3 11.332985
11.8 11.965511
11.8 12.693014
11.900001 11.91167
11.900001 11.885279
11.2 11.215959
11.242667 11.24595
11.2 11.288125
11.400001 11.523773
10.4 10.35275
12.599997 12.308863
10.4 10.416879
12.1 12.00044
11.2 11.203525
13.399989 12.696548
11.7 12.198609
11.19691 12.875717
12.899998 12.595591
11.5 11.9135895
11.2 11.664827
10.70206 10.71021
11.900001 11.901945
12.199999 12.478456
11.2 11.207924
11.2 11.241678
11.400001 11.395325
11.599999 11.616616
11.5 11.181675
13.000009 12.636496
11.599999 11.690808
11.900001 11.900794
11.2 11.180287
13.299971 12.559462
11.3 11.302315
11.599999 11.690993
11.2 11.378701
11.7 11.626473
13.1 12.982177
11.8 11.600143
11.3 11.490466
11.058607 10.621745
11.400001 11.565564
11.2 11.203808
12.599997 12.291979
11.599999 11.964955
11.5 11.307623
11.2 11.2337675
11.2 11.218052
11.3 12.034611
11.7 11.823236
11.1 11.1592455
11.1 11.195685
11.5 11.2778635
11.2 11.197096
11.2 11.269898
12.199999 11.952057
11.2 11.157611
11.8 11.870021
11.8 11.749186
12.1 12.173867
11.7 11.872619
11.5 11.499695
11.400001 11.194289
11.8 11.82031
11.7 11.431029
13.500008 14.385138
11.5 11.444718
11.599999 11.668383
11.2 11.37932
12.738272 11.658322
11.1 11.238494
11.7 11.684232
11.900001 11.776178
11.999998 11.970338
11.900001 12.124437
13.699981 13.379295
11.3 11.265803
11.7 11.699629
12.1 11.868348
11.8 12.006466
12.1 12.21347
11.8 11.82216
11.1 11.248177
11.2139435 11.104578
11.900001 11.858077
11.900001 11.952778
13.261151 12.669413
11.5 11.776925
11.900001 11.865749
10.7 10.708422
11.8 11.844662
14.200179 13.623825
12.699998 12.349285
10.4 10.722416
11.5 11.670868
11.5 11.4049835
11.3 11.476293
13.600039 11.261776
11.923909 12.62224
11.3 11.405723
11.1 11.1446085
11.79897 11.411472
12.899998 12.338323
11.3 11.136273
11.2 11.185629
11.2 11.189509
13.850844 13.722061
9.79897 10.089704
11.7 11.839122
11.400001 11.4378195
11.900001 11.909918
11.520216 11.000502
11.900001 11.869111
11.5 11.453201
11.900001 11.928072
11.2 11.240065
11.900001 11.855988
11.5 11.497673
12.399998 12.123983
11.900001 12.576842
11.400001 11.42762
11.7 11.872043
12.299998 12.241551
11.5 11.21334
11.400001 11.395519
12.799992 12.378035
11.400001 11.403379
11.599999 12.220911
11.2 11.27156
11.1 11.110343
12.499997 12.491995
11.900001 11.636358
11.900001 11.875461
11.400001 11.43715
11.900001 11.962015
12.699998 12.091463
11.40103 11.273475
11.2 11.184081
10.618988 10.4929905
11.1 11.158287
11.400001 11.194967
13.321849 13.056591
11.8 11.817786
12.299998 12.292741
11.8 11.836858
11.2 11.159936
11.1 11.143121
11.599999 11.767251
12.299998 12.392884
14.1 13.894888
11.999998 11.940437
11.599999 11.46052
11.599999 11.383186
11.7 11.7439165
11.400001 11.656627
11.999998 12.100219
12.1 11.386994
12.799992 11.895074
11.8 11.812946
10.40103 10.91083
11.599999 11.663786
11.5 11.536
11.8 11.885673
11.1 11.135122
12.899998 11.467956
12.1 12.106605
11.3 11.281218
11.599999 11.516834
11.900001 11.772821
11.5 11.492704
11.3 11.341228
11.999998 11.972141
11.7 11.517453
11.1 11.076898
11.2 11.375281
13.719789 12.808742
11.999998 12.80432
12.199999 12.450769
11.8 11.825094
11.400001 11.445791
11.8 11.806582
11.3 11.568899
11.2 11.185647
11.5 11.637338
11.1 11.279874
11.900001 12.044418
13.1 12.112829
10.40103 10.378496
10.1 10.221653
11.5 11.502236
11.1 11.137688
11.8 11.780048
11.999998 11.948794
11.999998 11.908136
10.1 10.304422
10.9 10.554844
12.1 11.382781
11.1 11.606894
11.599999 11.349259
11.8 11.72072
11.2 11.435122
11.2 11.333356
11.599999 11.697305
11.400001 11.412669
11.2 11.183874
11.599999 11.567769
11.1 11.754684
11.3 11.540542
11.900001 11.888402
11.599999 11.558657
11.999998 11.969444
11.999998 11.926944
11.1 11.148535
11.599999 11.559089
13.000009 12.241988
13.699981 13.266638
14.400163 13.163296
11.5 11.467514
11.5 11.518186
11.8 11.658473
11.5 11.602106
11.599999 11.226749
11.5 11.581996
12.199999 11.907581
10.49794 10.837541
11.400001 11.753807
11.900001 11.412117
11.5 11.621319
11.900001 11.879241
11.900001 11.4532995
11.999998 12.209391
12.1 11.760462
11.400001 11.30793
10.70206 11.752862
11.516017 11.262172
11.3 12.0287895
11.2 11.148124
11.2 11.267394
13.200015 12.375256
11.900001 12.503744
11.900001 11.446518
11.599999 11.999628
11.599999 11.585965
11.1 11.143876
11.3 11.374239
11.599999 11.5656595
11.5 11.4728365
12.799992 12.281551
14.299971 12.993098
11.400001 11.399573
11.5 11.528554
12.1 12.270442
11.1 11.140019
11.5 11.751629
11.3 11.312382
11.3 11.399757
11.2 11.195424
11.528291 11.337459
11.1 11.145311
12.199999 12.090034
11.2 11.194379
11.1 11.15226
11.3 11.384991
11.3 11.46628
11.3 11.292021
11.900001 11.861032
10.622879 10.698688
11.400001 11.372372
12.899998 12.604262
11.5 11.404191
11.1 11.059402
11.5 11.902126
13.1 12.029151
11.900001 11.870113
11.7 11.773698
11.5 11.291633
11.2 11.194563
11.900001 11.9027
11.2 11.210145
11.599999 11.129185
11.2 11.178289
11.900001 11.889864
11.1 11.092418
11.599999 11.706772
11.5 11.482546
10.70206 10.713161
11.2 11.246737
11.3 11.381104
13.399989 12.8262825
13.1 13.470699
12.399998 12.11002
11.900001 11.946973
12.699998 12.893431
11.5 11.335954
11.321849 10.572412
11.1 11.154296
11.900001 11.850895
12.399998 11.9944935
9.986056 10.252233
11.599999 11.9250765
10.40103 10.651935
11.3 11.599565
11.2 11.18697
11.2 11.293941
11.8 11.824122
11.1 11.434392
11.900001 11.94242
11.900001 11.803625
11.7 11.771871
11.999998 11.755836
11.2 11.575568
11.8 11.81131
13.200015 13.131091
11.1 11.266414
13.738272 13.707155
11.2 11.329455
11.400001 11.556399
10.56401 10.5324
11.1 11.479581
11.900001 11.937496
12.4372425 11.7844305
11.2 11.19809
11.5 11.486495
11.5 11.514031
11.900001 11.732666
11.599999 11.6922
11.1 11.322331
11.5 11.601979
11.7 11.316484
11.2 11.252551
11.900001 11.879241
11.599999 11.877638
11.2 11.1944
11.400001 11.4440565
12.499997 12.112515
10.7 10.7128935
11.8 11.79577
13.399989 12.713153
13.200015 12.026935
11.900001 11.901598
11.7 12.105694
11.900001 11.870346
11.2 11.256138
11.7 11.7983
11.2 11.210937
12.814443 12.219014
11.999998 11.876275
11.5 12.142014
11.1 11.118426
11.903272 10.925123
11.5 11.5787
11.400001 11.261223
11.1 11.63808
11.3 11.269752
11.5 11.93412
11.204387 11.276233
10.1 10.786301
14.1 13.877227
11.400001 11.586463
12.699998 13.011436
13.000009 12.4629
11.5 11.641851
11.5 11.554382
11.2 11.241436
11.400001 12.004334
11.5 11.472235
11.900001 11.880949
11.3 11.52895
11.900001 11.885297
11.2 11.173962
11.1 11.131098
11.599999 12.43634
11.108774 11.193747
11.2 11.287052
11.8 11.732585
11.999998 12.383438
10.1 10.270389
11.900001 11.969855
12.899998 13.300632
11.5 11.807754
11.2 11.593255
11.3 11.196267
12.299998 12.243023
11.3 11.601783
10.2 10.247583
11.8 12.395501
11.900001 11.912302
11.2 11.2664995
11.8 11.82971
11.599999 11.6387
11.2 11.331212
11.2 11.263245
12.199999 12.108494
13.000009 12.660162
11.2 11.287288
11.2 11.199681
11.7 11.309277
11.900001 11.878487
11.2 12.177708
11.1 11.139589
11.900001 11.9015665
11.2 11.211102
11.2 11.304379
13.299971 13.190813
11.7 11.829576
11.7 11.869016
12.499997 12.355761
11.7 11.670863
11.2 11.494602
11.7 11.729887
14.700326 13.456236
10.622879 10.684432
11.3 11.303533
13.1 11.8133545
11.900001 11.918826
13.800057 12.742295
12.199999 11.76797
11.5 11.570741
11.3 11.306675
11.5 11.645028
11.2 12.275017
11.999998 11.876504
11.2 11.787118
11.599999 11.815521
11.8 11.807741
11.40103 11.90843
11.1 11.155026
13.200015 13.7291355
13.899971 12.474922
11.5 11.3440485
11.321849 11.289637
12.399998 11.517518
13.138838 12.413308
9.668636 9.728027
12.668636 12.668494
11.2 11.225561
13.200015 12.575153
11.8 11.834163
11.1 11.12973
11.5 11.479498
11.2 11.168415
10.622879 11.228083
12.599997 13.30353
14.8447275 14.167746
11.5 11.689726
12.199999 12.368677
13.299971 12.14666
11.1 11.09587
11.290441 11.195713
11.599999 12.086979
12.199999 11.290348
11.900001 12.3975315
11.7 11.807971
13.299971 13.429374
11.5 11.468149
12.499997 12.162388
11.1 11.227556
11.2 11.172167
11.400001 11.430113
11.5 12.275825
12.899998 12.929804
11.999998 11.882477
14.500117 13.120482
12.199999 11.780797
12.1 11.618254
11.7 11.700348
11.5 11.959594
11.1 11.198088
12.599997 13.236533
11.1 11.19399
13.800057 13.153162
11.2 11.205462
11.900001 12.015902
11.599999 11.591921
11.7 11.89977
12.799992 11.823305
14.1 12.906683
11.3 11.304138
11.1 12.342727
11.7 11.704651
11.2 11.302243
12.499997 12.39251
14.256437 12.923065
11.8 12.447765
11.599999 11.848317
11.8 11.724017
12.599997 12.451076
10.49794 10.589065
12.299998 11.574565
11.2 11.181412
11.2 11.471302
11.2 11.250848
13.000009 11.751481
12.399998 12.043853
11.2 11.222395
10.3 10.347149
11.2 11.23952
12.79897 12.975497
11.7 12.178406
11.900001 11.8983135
12.499997 12.0565
11.400001 11.421303
11.3 11.390551
11.400001 11.279244
12.699998 12.024321
11.3 11.618274
11.5 11.63151
11.900001 11.868921
11.1 11.12183
11.900001 11.939119
11.7 11.970371
11.599999 11.549708
14.700326 14.108259
11.2 11.223373
11.900001 11.867178
11.7 11.715616
12.149998 11.546322
10.9 12.195575
11.5 11.675884
11.49794 11.639979
14.1 13.701742
11.7 11.802665
10.40103 10.447222
11.5 11.512348
11.3 11.316451
11.900001 11.865716
12.799992 12.8844595
12.379841 10.564801
11.900001 11.909421
11.8 11.885729
11.1 11.1359625
11.2 11.287324
11.2 11.272296
11.2 11.354501
10.5 10.559224
11.900001 11.89512
13.000009 13.05573
13.800057 13.364054
10.738272 10.290737
13.600039 13.097204
11.599999 11.765294
11.2 11.294849
11.5 11.540366
11.400001 11.334721
11.7 13.638665
11.5 11.608227
11.1 11.170723
12.899998 12.504027
11.400001 11.174297
13.800057 12.412912
11.1 11.101272
12.699998 12.902233
11.900001 11.586742
13.600039 12.893468
11.3 11.390758
11.400001 11.41448
13.699981 13.123837
12.299998 12.300503
12.020819 11.658082
11.1 11.633725
13.500008 13.880384
14.1 13.858629
11.2 11.19212
11.5 11.595148
11.2 11.276875
11.2 11.378807
11.200007 11.080283
13.1 13.206632
11.8 11.668049
11.2 11.177463
14.151198 13.117033
11.7 11.677348
11.1 11.135831
11.8 11.83524
11.2 11.172347
13.000009 12.926011
10.555932 11.460988
11.2 11.245613
11.2 12.357289
11.5 11.513007
11.8 11.809597
11.400001 11.405578
11.599999 12.230863
11.2 11.252149
11.2 11.273346
11.400001 11.420433
11.999998 11.9257
10.5 10.720535
11.8 11.880409
10.622879 10.646771
11.3 11.338521
11.900001 11.864528
10.19691 10.240778
11.2 11.454969
10.637602 11.259955
11.2 11.183268
11.999998 11.956147
11.8 11.744846
12.199999 12.214956
11.5 11.472237
11.999998 11.912256
11.1 11.743369
11.3 11.411575
11.106564 11.490807
11.1 12.087457
11.3 11.36712
11.3 11.505465
12.15 11.637515
11.1 11.136257
11.999998 11.966826
11.400001 11.460133
11.3 11.352627
10.622879 10.693691
11.5 11.312962
11.3 11.453103
11.8 11.85351
11.900001 11.872791
12.986056 13.132109
10.2 10.396089
11.900001 11.704317
11.2 11.259275
11.1 11.153521
10.4 10.416907
11.7 11.3112135
11.7 11.724357
11.2 11.196906
11.2 11.263695
11.3 11.703956
11.3 11.310975
11.599999 11.70557
11.1 11.095413
11.5 11.691296
13.200015 12.454695
11.881984 11.769295
11.8 11.84204
11.7 11.743044
11.7 11.577227
13.399989 13.187709
11.599999 11.63012
11.2 11.38223
11.8 11.778315
11.400001 11.422182
11.999998 11.547738
12.799992 12.28264
10.70206 10.747366
10.1 11.76965
12.799992 12.964254
11.900001 12.901255
11.8 11.807975
13.899971 12.632866
10.70206 10.813581
11.999998 11.954585
11.3 11.356718
13.500008 12.601293
11.400001 11.389931
11.2 11.373778
11.900001 11.872852
11.3 11.285932
11.1 11.124949
11.1 11.110438
11.900001 11.8625145
12.599997 13.024739
11.3 11.40013
11.8 11.791275
10.7 10.565073
11.900001 12.001665
11.3 11.358735
11.599999 11.421233
10.4 11.142496
11.5 11.462646
11.2 11.210337
11.900001 11.872954
11.599999 11.479654
12.599997 11.375905
11.655955 11.301032
11.599999 11.612563
11.1 11.226694
11.5 11.725815
11.5 11.610985
11.1 11.136647
11.2 11.263493
11.400001 11.480232
11.2 11.714055
14.500117 13.401588
11.900001 11.904969
13.4372425 12.717337
11.599999 11.395738
13.1 13.153461
11.2 11.563861
12.199999 12.446891
12.499997 12.312452
13.000009 13.397462
11.3 11.53003
12.136212 11.619259
11.5 11.536453
11.5 11.847391
11.5 11.480535
13.500008 13.48387
11.900001 11.882689
12.1 11.866919
11.400001 11.169587
11.599999 11.548832
11.2 11.297685
11.3 11.341795
14.901343 13.079069
11.1 11.573711
9.893174 10.233948
11.7 11.68561
11.900001 11.898296
11.599999 11.282112
11.2 11.246333
11.8 12.205674
11.8 12.072443
12.199999 11.623642
11.1 11.163293
11.7 12.2834
11.7 11.696216
11.900001 11.836628
11.2 11.219683
13.299971 12.884509
11.1 11.3159485
11.2 11.221042
11.599999 11.5618105
11.8 11.819215
11.999998 11.553367
11.3 11.300254
9.622879 10.262434
11.7 11.72609
11.5 11.618103
10.336572 10.388111
12.299998 12.2585125
10.775512 10.918301
11.599999 12.556217
11.900001 11.863157
10.7 10.522269
12.199999 11.5255575
11.1 11.226241
11.5 11.640663
14.901343 14.49237
12.599997 12.499907
11.3 11.291849
11.2 11.260234
11.8 11.830681
11.8 11.877055
11.5 11.526339
11.8 11.805223
12.199999 12.142128
12.172629 11.502126
11.900001 11.904844
11.599999 11.578072
12.899998 13.669394
12.299998 11.911692
11.400001 11.491059
11.1 11.15635
11.400001 12.369406
11.7 11.71637
11.599999 11.501236
11.8 11.819591
13.108774 12.404789
11.5 11.475409
15.299971 14.879995
12.769587 12.890999
12.399998 11.985025
13.399989 12.02408
12.19691 12.211317
11.5 11.360496
14.1 13.665573
13.899971 13.129372
12.020819 10.599569
11.900001 11.879383
11.900001 11.846058
11.8 12.373446
10.224938 12.046752
11.2 11.28759
11.7 11.665034
11.7 12.019854
12.199999 12.684729
10.1 10.525324
10.2 10.278495
14.622879 13.964877
11.7 11.46564
11.3 12.371743
12.399998 12.387934
12.1 11.774445
10.1 10.612172
11.900001 11.904576
11.900001 11.98811
12.399998 12.322031
11.599999 11.5359335
11.8 11.797095
13.000009 12.137023
12.89588 13.036357
11.5 11.715995
13.800057 13.251061
11.900001 11.888135
11.900001 11.895035
11.999998 11.293852
11.5 11.528959
11.2 11.2954645
11.1 11.164714
11.900001 11.8839445
11.8 11.853829
11.7 11.714544
11.7 11.587007
12.699998 12.340655
11.599999 11.308589
11.1 11.176719
11.0 10.602116
11.543697 11.231919
11.3 11.419799
11.8 11.755526
11.5 11.56719
12.923909 12.72861
11.999998 12.59301
12.399998 12.663084
11.900001 11.865349
11.18831 11.181725
12.599997 11.879558
11.599999 12.033698
12.1 11.647748
11.400001 11.409437
11.5 11.479482
12.199999 12.258913
13.800057 12.381694
12.599997 11.846918
12.199999 12.635227
11.900001 11.875172
11.3 11.449589
11.3 11.396314
11.307609 11.4155035
11.2 11.166007
11.400001 11.245164
10.3 10.275486
10.2 10.3857
11.2 11.32249
10.2 10.706872
11.2 11.238215
11.1 11.1535425
13.1 12.322933
13.000009 13.08043
11.900001 11.880082
11.1 11.125142
11.8 11.813203
11.599999 11.637417
11.2 11.339081
12.1 11.886994
12.199999 12.156391
11.3 11.235925
14.299971 13.951161
11.1 11.1717205
11.1 11.172863
11.5 11.735521
11.1 11.114055
11.2 11.209758
12.799992 11.913963
13.899971 13.263336
11.599999 11.580729
11.884776 11.862166
11.599999 11.5194
11.3 11.321818
11.1 11.135723
11.599999 11.579894
11.5 11.22177
14.155518 14.19371
11.2 11.200047
11.8 11.770786
11.1 11.194291
11.8 11.858467
11.2 11.236404
11.999998 12.045396
11.400001 11.346836
11.5 11.412303
11.926936 11.89731
11.3 11.291475
11.7 11.323976
11.70206 11.566212
11.1 10.992861
11.1 11.111106
10.9 10.836625
11.40103 11.567764
11.599999 11.499938
14.1 13.039305
11.1 11.151248
12.599997 11.733787
11.900001 12.31862
11.900001 11.571102
11.900001 11.888232
11.2 11.18785
13.200015 13.259967
11.0 10.714626
11.5 11.517707
12.651294 12.41045
11.5 11.462527
10.8 11.986499
11.400001 11.446108
11.1 11.123188
11.599999 11.659041
12.299998 12.9407
11.8 11.875595
12.317528 12.131762
13.986056 13.952365
11.1 11.153726
12.299998 11.840277
11.2 11.26112
11.7 11.68652
11.2 11.186755
12.199999 12.148114
11.8 11.689688
11.8 11.739708
11.400001 11.444748
11.1 11.118279
11.5 11.611466
11.900001 12.364845
11.999998 11.987252
11.7 11.665967
11.1 11.083673
11.3 11.303636
11.2 11.3001795
11.3 11.434926
11.400001 11.3886385
10.5 10.696231
11.599999 11.487374
10.1 10.177374
10.1 10.134838
11.5 11.677771
13.399989 12.062394
11.5 11.376425
11.7 11.456183
13.000009 13.101361
11.2 11.360111
11.1 11.209914
12.199999 11.744983
11.8 11.803152
11.599999 11.542196
12.199999 12.172099
11.2 11.192054
11.599999 11.514645
11.1 10.215801
11.5 11.477692
11.1 11.499146
11.1 11.193068
11.7 11.7726145
11.1 11.179117
11.8 11.832265
11.1 11.641882
11.2 11.390808
10.70206 10.707581
11.96328 11.645525
13.500008 11.651629
11.900001 11.895429
11.2 11.18781
11.900001 11.899072
11.1 11.134635
12.299998 12.248222
12.199999 12.007994
11.1 11.133323
11.900001 11.80469
12.399998 12.695858
11.5 11.749121
11.999998 12.045722
12.399998 12.297825
11.2 11.361923
10.622879 10.447649
11.2 11.248229
11.1 11.163283
10.4 10.466464
11.8 11.916844
10.2 10.299378
11.900001 11.8961115
14.299971 13.427439
11.7 11.728476
11.999998 11.935112
11.2 11.276653
11.7 11.98844
11.3 11.338941
11.2 11.210293
11.400001 11.74053
11.8 11.8484335
11.8 11.8624525
10.79897 10.822318
11.3 11.354053
12.299998 12.055195
11.3 11.35121
13.899971 12.80333
11.8 11.749113
10.6 10.552237
11.3 11.234932
11.400001 11.42362
11.40103 11.204183
11.5 11.489491
10.3 10.443696
13.79897 13.497654
11.599999 11.679096
11.1 11.115581
11.2 11.405406
12.340956 12.34087
11.2 11.15579
11.8 11.894629
11.900001 11.876632
13.777781 13.918935
11.599999 11.579832
11.900001 11.919356
12.420272 12.696514
13.600039 12.104954
12.299998 12.010913
11.2 11.428985
11.400001 11.40858
12.872113 12.2186985
11.1 11.163035
13.999974 13.155223
10.89588 13.758881
11.3 11.4061575
11.2 11.333519
11.7 11.618862
11.2 11.370745
11.8 11.920315
13.500008 13.153288
11.1 11.600346
11.2 11.20361
12.199999 11.774616
11.900001 11.893166
11.1 11.021212
11.599999 11.420718
10.40103 10.525101
11.2 11.195822
13.600039 11.22465
11.900001 11.879528
11.2 11.275397
11.8 11.696874
11.2 11.389224
11.2 11.325188
11.2 11.231831
11.9680605 12.296321
11.7 11.728906
11.400001 11.566964
11.1 11.239031
14.600313 14.412811
13.581486 13.425192
11.1 11.138043
10.555932 10.50205
11.2 11.454357
11.2 11.209893
10.759556 10.508443
11.2 11.284373
12.577556 11.991902
11.8 11.812833
11.1 11.147188
11.599999 11.653088
12.899998 12.141919
13.399989 13.148945
11.40103 11.292588
11.1 11.1686535
11.5 11.308019
11.2 11.20506
11.999998 12.155962
11.3 11.314868
11.1 11.144302
14.200179 13.53459
13.1 13.216066
11.622879 12.976318
11.900001 11.950655
11.900001 11.90022
11.900001 11.900539
15.1 14.273931
11.2 11.276217
11.2 11.254354
11.2 11.21903
11.1 11.537913
11.599999 11.761497
11.999998 11.907027
11.400001 11.418909
11.5 11.589337
11.1 11.137134
11.7 12.033682
11.900001 11.931781
13.1 13.033014
11.400001 11.410399
11.2 11.302731
11.7 11.759464
11.5 11.485389
11.1 11.317364
12.299998 12.550913
13.321849 11.768197
11.1 11.301352
11.900001 11.8864
11.7 11.646078
11.1 11.056593
11.7 11.7114725
11.900001 11.947195
13.600039 11.768677
11.8 11.804404
11.900001 11.974293
10.2 10.513048
12.299998 12.692879
11.400001 11.392472
12.299998 12.126034
11.5 11.574219
10.4 10.564692
12.199999 12.5232115
11.8 11.796803
11.900001 11.8897915
11.400001 11.643816
11.3 11.370396
11.3 11.35463
11.8 11.967975
12.399998 12.671059
10.7 11.046868
11.2 11.195313
11.8 11.853506
11.1 11.213418
11.5 11.689174
11.8 11.663327
12.1 11.96584
11.3 11.356417
11.599999 11.68351
11.2 11.19236
11.8 12.082942
11.8 12.527636
11.719789 12.288914
13.299971 11.156243
11.3 11.291228
11.1 11.141645
12.699998 13.366425
11.45 11.52585
11.668636 11.964942
13.40103 13.052372
11.900001 12.134102
11.1 11.233504
11.1 11.228636
12.899998 11.904656
11.2 11.289299
11.400001 11.550949
11.4335785 11.960489
11.1 11.246542
11.2 11.250715
11.3 11.247048
11.999998 12.369986
11.999998 12.244799
11.254902 13.678559
11.400001 11.769178
11.900001 11.918084
11.3 11.21791
11.65 11.53669
10.8 10.956443
12.799992 12.86646
11.2 11.251795
11.5 11.588028
11.999998 11.621546
11.400001 11.40376
11.900001 11.864171
11.2 11.20564
15.219187 14.055058
11.5 11.606465
10.622879 10.710868
11.2 11.222247
11.2 11.332948
11.3 11.365898
11.8 12.075155
11.7 11.495291
11.3 11.350951
10.40103 10.489207
11.599999 11.657077
11.3 11.362249
11.2 11.040141
11.400001 11.424606
12.1 12.144582
11.999998 12.060599
11.3 11.35259
11.900001 11.894285
11.1 11.102621
11.2 11.195448
11.1 11.1428795
14.500117 13.730206
11.400001 11.57757
11.5 11.520069
11.2 11.242127
11.3 11.373006
10.5 10.567954
11.5 11.644306
11.900001 11.852949
10.70206 10.701172
12.399998 12.122115
10.66225 12.205106
12.175721 11.335362
11.8 11.757807
14.299971 13.766757
11.599999 11.369168
11.2 11.292407
11.5 11.665991
11.900001 11.880921
12.599997 11.973785
11.3 11.432067
11.926936 11.904562
11.8 11.862254
13.299971 13.817672
11.599999 11.768387
11.5 11.368865
13.999974 13.188618
13.048454 12.040764
11.1 11.111906
11.3 11.383407
11.1 11.141877
11.3 11.394101
11.1 11.2560005
12.1 12.492808
12.628708 12.545326
11.7 11.518373
11.7 11.727161
11.49794 13.029541
11.75 11.479581
11.900001 11.898187
11.8 11.809056
11.599999 11.530066
13.299971 13.222185
11.599999 11.890524
12.199999 12.04125
11.2 11.261594
11.8 11.802602
11.999998 11.9304905
11.7 11.744484
11.2 11.212506
11.8 11.836776
11.400001 11.373055
11.599999 11.353198
11.1 11.192588
11.8 11.830761
11.8 11.581448
11.7 11.598748
14.500117 13.970313
11.2 12.252475
11.8 11.912496
11.900001 11.858698
12.112837 11.195763
12.199999 12.041977
11.1 11.8140745
11.8 11.827228
11.49794 12.924862
11.3 11.246449
11.5 11.543828
11.3 11.23443
11.3 11.292427
11.3 11.36792
11.7 11.739954
11.900001 12.0708885
11.5 11.412103
11.3 11.258758
11.900001 11.842205
11.5 11.463935
12.899998 11.973638
11.5 11.599822
14.500117 13.41679
11.599999 11.57392
11.1 11.1346855
13.600039 13.60697
11.1 11.196224
11.599999 11.676247
11.2 11.281697
11.5 11.523771
11.400001 11.3495035
11.999998 11.889317
11.1 11.152667
13.738272 13.159052
11.7 11.430004
11.3 11.694379
11.3 12.161455
11.599999 12.601057
13.200015 12.648234
11.1 11.18
11.2 11.171143
12.685027 11.552976
11.900001 11.867488
11.7 10.463259
11.5 11.514077
11.2 11.297289
11.900001 11.880939
11.8 11.907675
11.400001 11.31096
12.199999 12.198315
11.900001 11.839998
11.599999 11.668817
11.900001 11.755231
11.79897 11.472429
11.400001 11.373941
11.15 11.2274475
11.400001 11.165616
12.028118 11.428934
12.299998 12.056869
12.299998 12.593526
11.999998 11.922616
11.3 11.38939
10.622879 10.790665
11.2 11.294475
11.999998 11.571482
14.500117 13.628675
11.3 11.321424
11.8 12.476838
11.3 11.373303
11.7 11.599621
11.900001 11.9144335
11.2 11.268619
11.900001 11.880974
11.3 10.970154
12.399998 12.050606
12.299998 12.528841
11.5 11.545714
11.900001 11.801218
10.3 11.106775
10.49794 10.668071
11.900001 12.065956
11.1 11.26279
11.900001 11.889471
11.599999 11.781122
11.344125 11.304936
11.2 11.419579
11.400001 11.443758
11.5 11.534947
11.999998 12.108213
11.400001 11.790131
11.400001 11.380217
12.6934595 13.374114
11.3 11.396064
11.2 11.533479
11.400001 11.402188
11.1 11.219385
11.999998 11.778355
11.1 11.108695
11.2 11.181936
11.599999 11.75418
11.1 11.279971
11.5 11.556924
13.000009 12.2049265
11.5 11.520137
11.1 11.6677475
11.2 11.216073
13.600039 13.773033
11.8 11.52066
11.8 11.2766075
10.70206 10.719506
13.1 12.583727
13.399989 12.954213
11.2 11.35
11.3 12.080442
11.599999 11.725704
14.901343 14.217894
11.7 11.578553
11.599999 12.238827
11.1 11.172921
11.2 11.182051
12.299998 12.158206
11.2 11.273582
11.2 11.17293
11.900001 11.873061
11.1 11.125699
11.1 11.156276
11.2 11.847667
12.699998 12.32477
11.999998 11.902148
11.900001 11.820424
14.100029 13.734497
11.2 11.455038
11.599999 11.486445
11.900001 11.882734
11.5 11.508996
11.2 11.322798
12.699998 12.540091
11.719789 11.645626
11.900001 11.909687
11.599999 11.574501
11.7 11.771405
13.000009 11.539938
13.600039 12.740734
11.999998 11.93276
10.3 10.359451
12.199999 12.607498
11.2 11.3000145
9.890485 10.202573
11.599999 11.785645
11.3 11.406486
11.400001 11.689215
11.5 12.093367
12.899998 13.058242
11.999998 11.966036
11.29382 11.413527
11.3 11.868045
12.299998 11.791406
11.175305 11.18983
12.599997 11.94446
11.3 11.303386
11.2 11.238311
10.1 11.850666
13.999974 13.919367
13.1 12.828518
11.5 11.433301
11.599999 11.527566
11.900001 11.650079
11.999998 11.925521
11.2 11.442581
11.1 11.167655
11.2 11.46485
11.3 11.300146
11.1 11.162254
11.356133 11.575177
11.1 11.2559805
11.7 11.763538
12.499997 12.409882
11.1 11.116865
13.299971 12.789193
13.79897 13.4115095
11.599999 11.681517
11.400001 11.408835
11.900001 11.87384
12.299998 12.24285
11.900001 11.900167
13.000009 13.417363
11.999998 11.849271
11.7 11.824668
11.3 11.495527
12.1 11.266723
11.1 11.149452
10.622879 10.642509
11.2 11.203448
13.1 12.734255
12.199999 11.799926
11.1 11.154477
14.49794 14.366112
11.2 11.438005
11.2 11.259315
11.8 11.947384
11.900001 11.880432
11.900001 11.832511
11.7 11.977738
11.8 11.949165
11.7 11.843025
13.000009 12.288706
12.499997 12.575267
11.321849 10.979383
11.3 11.357841
12.899998 11.98015
11.599999 12.132213
11.5 11.504273
10.40103 10.781183
11.8 11.793775
11.999998 11.879552
12.799992 12.418525
11.7 11.977273
11.900001 11.898537
11.400001 11.422364
11.2 11.206729
11.2 11.218508
11.1 11.149357
11.7 11.737378
11.900001 11.899091
11.400001 11.465337
11.7 11.73844
11.900001 11.935879
11.999998 11.60057
12.899998 12.45314
11.8 12.2464485
10.2 10.204406
11.3 11.354969
13.1 13.504149
12.199999 11.862574
12.46955 12.049048
10.5 11.51365
11.599999 11.536274
10.5 10.596672
11.1 11.1543455
11.900001 11.862638
11.5 11.942603
13.600039 12.428463
11.3 11.231995
11.900001 11.51486
11.3 11.547058
11.1 11.135794
11.5 11.462952
12.899998 12.299639
11.2 11.249012
11.599999 11.490791
11.999998 12.018474
12.799992 12.6335535
12.699998 12.882875
11.1 11.417662
11.1 11.123227
11.1 11.113513
11.1 10.934553
11.3 11.230093
13.000009 12.600758
11.1 11.183898
11.8 11.8549
11.400001 11.514905
11.2 11.21053
11.999998 11.273597
11.7 11.762731
13.500008 12.385556
11.3 11.875214
11.999998 12.27861
11.8 12.26074
10.145758 10.116511
11.900001 11.387093
11.900001 11.89967
11.5 11.452366
10.7 10.640899
11.8 11.900219
11.900001 12.058324
11.2 11.236427
11.8 12.147857
11.8 11.78084
11.400001 11.423879
11.999998 11.656937
12.6867 13.078153
11.900001 12.028916
11.1 11.283213
11.599999 11.601245
11.1 11.259506
12.599997 12.141472
11.2 11.307299
11.7 11.642636
12.899998 13.388869
12.199999 11.290179
11.2 11.223419
12.499997 13.3031845
11.8 11.613329
11.1 11.170943
12.699998 12.032082
11.900001 11.869025
15.299971 14.543192
12.299998 12.275688
11.1 11.128288
11.999998 11.959561
11.8 12.034154
12.199999 12.012157
10.2 10.313849
10.3 10.459805
11.1 11.209251
13.81627 13.246309
10.5 10.763279
11.599999 11.309617
11.900001 11.477195
11.3 11.351449
11.2 11.201388
11.79897 11.706286
12.199999 11.742191
12.923909 12.575565
11.400001 11.552641
11.1 11.132134
11.1 11.132172
10.40103 11.117879
11.2 11.300652
11.3 11.39036
11.2 11.200889
11.8 11.492621
13.800057 13.12844
12.199999 11.421598
11.900001 11.8933525
10.2 10.413205
11.8 11.866164
15.200179 14.45186
11.1 10.902963
11.1 11.161404
11.3 11.654208
11.400001 11.319958
11.2 11.451702
11.3 11.415325
11.7 11.756906
11.400001 11.438758
10.224938 12.066722
11.400001 11.435707
11.8 11.839543
11.400001 11.385329
11.400001 11.449425
11.900001 11.932053
11.2 11.291367
14.299971 14.766203
14.299971 13.032336
11.400001 11.425956
11.3 11.49035
11.599999 11.587541
11.1 11.750704
11.8 11.8508
11.400001 11.395956
11.900001 12.371342
11.2 11.144392
10.1 10.424505
11.3 11.232842
11.1 11.121266
11.900001 11.427385
12.399998 12.603041
11.2 11.570743
11.8 11.711638
11.2 11.370922
10.1 10.307335
11.900001 11.902139
10.5 10.53465
13.65752 10.762312
11.3 11.288774
11.2 11.178427
11.1 11.1379
11.2 11.192056
11.2 12.004211
11.8 11.962686
11.400001 11.540194
11.2 11.433819
11.1 11.11912
11.2 11.215876
11.1 11.2572155
11.1 11.144777
14.834261 14.205813
11.5 11.361078
11.400001 11.459236
11.400001 11.468477
11.7 11.845381
11.900001 12.030523
11.2 11.220141
11.599999 11.523502
11.5 11.447642
12.950003 12.650368
12.699998 11.987379
11.7 11.7869
11.7 11.640245
12.799992 11.846027
14.108774 13.962016
11.2 11.165387
10.1 10.619885
11.2 11.210092
11.2 11.258018
11.3 11.238668
10.40103 10.837752
12.899998 11.883974
11.923909 12.1438055
11.2 11.200587
11.400001 11.678514
11.70206 12.16071
11.1 11.193977
13.800057 12.823223
11.2 11.299263
11.400001 11.372766
11.2 11.202268
12.199999 12.266328
12.399998 11.814333
13.1 11.871479
10.622879 10.99977
11.1 11.14716
12.899998 12.469145
11.8 11.788143
11.900001 11.938044
11.2 11.850034
11.900001 11.745003
11.3 11.267538
11.999998 11.943746
11.5 11.49632
11.2 11.27896
12.199999 12.737428
11.599999 11.583969
11.400001 11.572644
11.487216 11.67911
13.487216 13.323855
11.1 11.416862
11.7 12.1755495
11.7 11.715972
11.599999 11.716671
11.1 11.16834
12.399998 12.706921
11.900001 11.841277
11.599999 11.522803
11.400001 11.417497
12.499997 12.55984
12.499997 11.899217
10.40103 10.716443
11.2 11.435586
11.900001 11.872798
11.2 11.213763
11.1 10.84912
12.1 10.875434
11.900001 11.889922
11.7 11.7538595
11.5 11.508925
11.999998 11.959085
11.8 11.820367
12.307609 11.500937
12.699998 13.006977
13.953872 13.639303
11.5 11.481559
11.3 11.286506
11.2 11.316553
12.199999 12.167662
12.00309 11.82447
11.3 11.222189
11.599999 11.706674
13.200015 12.485623
11.2 11.183634
12.668636 12.698614
10.622879 13.531489
11.3 11.314261
11.2 11.341321
13.668636 11.852831
11.8 11.826006
10.8447275 10.086594
11.6867 11.64592
11.5 11.962631
11.1 11.207041
11.900001 11.873172
11.2 11.211457
12.1 11.870039
12.393091 12.161858
10.40103 10.838532
11.900001 12.062882
12.599997 12.582396
11.3 11.34657
11.1 10.675171
11.1 11.080747
11.1 11.199686
11.5 11.441294
10.3 10.408861
12.699998 11.796836
11.3 11.36948
11.3 11.417077
10.1 10.2105255
11.2 11.269077
10.7 10.614107
11.1 11.164165
11.3 11.235869
13.1 12.541369
10.8 10.7063
11.7 11.630118
11.3 11.269202
11.2 11.831139
10.224938 12.087682
11.1 11.1732025
11.1 12.080555
13.000009 11.738313
13.180922 13.032853
11.1 11.133348
11.3 11.324327
11.900001 11.907369
11.7 12.158575
12.193092 11.802933
11.2 11.162278
11.2 11.461793
11.5 11.581445
11.3 11.239467
12.799992 12.038751
11.599999 12.838828
11.1 11.151541
12.299998 12.015722
11.1 11.199147
11.2 11.319891
11.8 11.51835
11.2 11.224634
11.400001 11.373576
11.7 11.883121
14.500117 13.659383
11.900001 11.735254
11.5 11.622842
11.49794 12.308848
13.899971 13.212834
11.2 11.303641
11.2 11.288672
11.1 11.119362
11.280072 11.353094
12.499997 13.151725
11.2 11.216565
11.5 11.522925
11.49794 11.675289
11.1 11.10657
11.2 11.321815
12.1 12.045328
11.732644 11.10596
13.299971 12.920362
11.900001 11.810664
11.668636 12.696775
11.599999 11.619517
11.2 11.231327
10.40103 10.404369
11.999998 11.8532505
11.1 11.473902
11.2 11.446072
11.2 11.173917
11.2 11.422628
11.599999 11.895757
11.1 12.100001
11.900001 11.89129
11.7 12.6284685
11.400001 10.883972
11.8 11.79445
11.2 11.209757
11.400001 11.397174
11.5 11.56938
11.5 11.590954
12.1 11.921036
12.599997 12.840168
12.1 11.64312
11.400001 11.670051
11.1 11.155755
13.399989 13.377163
11.999998 11.851067
11.599999 11.594418
11.3 11.786533
10.70206 10.711368
11.2 11.183856
11.400001 12.34526
11.1 11.1875
11.900001 11.895667
14.145758 13.892807
11.599999 11.808821
11.2 11.404415
11.8 11.826251
12.299998 11.984142
11.8 11.856672
11.2 11.366666
11.7 11.334501
11.999998 11.717957
11.900001 11.874037
11.999998 12.056453
12.1 12.263341
11.599999 11.691672
12.599997 12.304138
12.499997 12.156882
12.199999 12.062894
11.599999 11.303076
11.599999 11.635819
10.935647 10.927139
11.7 11.7240095
11.999998 11.603081
10.2 10.443396
11.5 11.478035
11.175305 11.338972
11.1 11.139895
10.40103 10.486656
10.4 10.426272
11.2 11.250271
9.986056 10.256325
11.3 11.341186
12.699998 13.087535
11.400001 11.46381
11.2 11.461947
11.400001 11.423509
11.2 11.187175
11.079304 12.342648
11.1 11.469897
11.1 11.106089
11.2 11.173735
11.999998 12.180064
11.1 10.913141
11.900001 11.90654
12.599997 12.581708
11.2 11.507479
11.900001 11.886505
11.400001 11.524502
11.599999 11.616928
10.79897 10.883252
11.2139435 11.452673
11.2 11.873186
12.299998 11.759732
11.400001 11.446298
12.577345 12.125034
11.1 11.406193
11.7 11.833132
11.1 11.234721
11.2 11.2331505
11.8 11.805069
13.500008 13.174053
11.8 11.788469
11.2 11.182721
13.899971 13.010733
12.599997 12.164183
12.699998 13.573206
11.400001 11.193673
11.3 11.437363
11.599999 11.787697
12.29382 13.34483
11.3 11.297276
11.1 11.114879
11.999998 11.952053
11.1 11.7605915
11.900001 11.353362
11.900001 12.241051
12.799992 12.5897
11.2 11.264889
12.299998 12.338344
12.299998 12.390523
11.900001 11.866298
11.2 12.341692
11.2 11.6754675
11.8 11.822338
11.3 11.280252
12.699998 12.70791
11.7 11.4607525
11.7 11.763728
11.1 11.120994
11.1 11.171461
11.7 11.4338665
11.3 11.393648
11.5 11.504635
11.999998 11.9303665
11.599999 11.588605
11.900001 11.91187
12.899998 12.182887
11.1 11.11081
13.699981 13.435378
12.519075 12.439161
12.499997 11.913956
11.2 11.195603
11.900001 11.872082
11.3 11.71806
11.599999 11.635562
11.2 11.233116
11.1 10.2388315
12.699998 12.026696
12.899998 11.416136
11.5 11.574076
12.699998 13.631743
11.599999 11.9881525
11.400001 11.371921
11.2 11.199365
11.599999 11.825789
11.900001 11.854032
11.2 11.538745
12.599997 13.037383
11.900001 11.888031
11.2 11.261236
14.400163 13.494562
11.1 11.122566
11.900001 11.883501
10.1 9.980402
11.3 12.0758505
11.3 11.646383
11.2 11.175284
10.3 10.328786
11.2 11.220658
11.2 11.173629
11.2 11.23483
12.699998 12.250561
11.5 11.552374
11.2 11.285829
11.3 11.252979
11.5 11.548323
11.599999 11.517183
11.1 11.511211
12.399998 11.937394
11.999998 11.942875
11.2 11.199926
11.5 11.602288
11.5 11.49344
11.400001 11.394804
11.599999 11.925331
11.1 10.972136
9.40103 10.079749
11.900001 11.900581
11.1 11.194142
11.652842 11.600104
11.900001 12.079093
11.5 11.441541
11.900001 12.211982
11.1 11.247207
11.7 11.747462
11.2 11.647244
11.2 11.217757
11.2 11.22342
11.900001 12.392239
11.900001 11.886481
11.8 11.791801
11.400001 11.129108
12.986056 12.810813
11.1 11.158753
11.900001 12.002312
11.2 11.222245
11.953872 12.357828
11.3 11.21113
11.8 11.83065
10.5 10.477738
11.3 11.423751
11.599999 11.507444
12.5 12.076635
11.7 11.721004
13.1 12.756092
11.400001 11.422774
14.500117 13.876808
12.520216 11.917343
11.8 11.662833
11.900001 11.881762
11.2 11.19217
11.900001 11.94222
11.1 11.276078
11.599999 11.670068
11.2 11.426298
11.7 11.705029
11.1 11.181683
13.899971 13.667061
11.599999 11.5889015
11.2 11.254938
10.70206 10.725654
11.900001 11.905895
11.3 11.273113
11.900001 11.853744
11.3 11.476063
11.1 11.12339
11.5 11.252007
11.400001 11.262873
11.2 11.259123
11.3 11.232391
12.199999 12.367655
11.900001 11.971237
11.8 11.734779
11.1 11.1368
11.2 11.186044
11.3 11.2280245
12.299998 11.719887
12.1 12.19195
11.900001 11.915911
11.400001 11.405885
11.1 11.651633
14.79897 13.864552
11.1 11.236885
10.8 10.833006
12.499997 12.805099
11.2 11.24607
10.40103 10.12636
11.400001 11.542182
11.999998 12.662728
13.600039 12.930645
11.498559 11.715446
12.299998 12.087431
11.2 11.223716
11.1 11.116121
11.1 11.151296
11.3 11.354502
11.999998 11.994849
11.999998 11.94369
12.199999 11.63593
11.7 11.406806
11.2 11.376211
11.3 11.360717
11.5 11.513339
11.900001 12.294079
11.2 11.201297
11.2 11.205765
11.1 11.15049
13.1 12.580848
10.738272 10.255999
9.49794 9.770714
11.5 11.655281
11.2 11.3638315
10.9 11.560819
11.1 11.191277
11.7 12.631216
11.3 12.416784
11.3 11.3154
10.622879 10.658918
12.499997 12.541628
10.9 11.273154
11.900001 11.934827
11.400001 11.641195
11.900001 11.9044485
11.1 11.143918
11.8 11.638713
11.599999 11.61278
11.599999 11.488657
11.3 11.3040285
11.900001 12.056359
11.5 11.448594
11.400001 11.418571
11.999998 11.286424
11.3 11.421486
11.599999 11.619703
11.1 11.289368
11.5 11.530002
11.8 11.834588
11.1 11.452913
11.900001 11.75172
12.399998 11.198077
11.7 11.383788
11.900001 12.068366
11.1 11.106126
11.2 11.234696
12.199999 12.14043
12.316096 12.717944
11.400001 11.814939
12.299998 12.478468
11.400001 11.457773
11.2 11.258673
12.299998 11.671314
11.3 11.468888
11.2 11.711587
11.329148 11.460988
11.2 11.2259245
11.2 11.241757
11.1 11.160729
11.1 11.165561
11.7 11.823662
12.520216 12.840069
11.2 11.203757
11.999998 11.970911
11.2 11.305868
11.900001 11.913275
11.599999 11.795
11.900001 12.044675
13.600039 13.085169
13.399989 12.586038
13.357275 12.705192
11.7 12.06446
11.5 11.247259
11.818967 11.891107
11.900001 11.889747
12.299998 11.825748
11.1 11.195405
13.200015 13.11316
12.299998 12.197789
10.5 10.426282
13.1 12.606369
12.199999 11.902993
12.599997 11.956969
11.400001 11.419005
11.599999 11.559252
11.999998 12.241616
11.900001 11.94024
13.000009 12.555538
11.3 11.215333
11.7 12.055347
11.531798 11.012342
10.8 10.588807
13.699981 13.442881
13.299971 13.0237875
11.1 11.101903
11.2 11.2187605
11.2 11.185718
11.900001 11.880262
11.900001 12.350504
10.49794 10.805696
11.2 11.215474
10.1 11.588586
11.400001 11.506543
11.7 11.917371
11.599999 11.57075
12.799992 12.455592
11.599999 11.584114
14.1 13.761446
11.8 11.812602
11.900001 11.878204
10.622879 10.64891
11.2 11.25724
11.1 11.1693535
12.599997 12.749597
11.900001 11.8883915
11.900001 11.975381
11.8 11.845031
10.1 10.814715
11.5 11.182638
11.5 11.638517
10.1 10.981666
10.4 10.525361
11.3 10.965432
11.900001 11.246641
12.1 11.70061
10.1 10.331996
12.999629 12.920183
11.2 11.282679
11.2 11.204442
11.599999 11.309892
13.1 13.021105
11.999998 12.375064
12.430683 11.9142475
11.400001 11.739121
11.1 11.116691
12.499997 12.586277
11.381802 11.6310215
11.5 11.464132
11.900001 11.878095
11.900001 11.911205
10.1 10.137154
11.2 11.239345
11.5 11.630369
11.999998 11.804894
11.900001 11.874309
12.788246 12.226246
11.1 11.229918
11.5685215 11.230634
11.5 11.497603
11.2 11.243968
13.200015 12.592379
11.2 11.653419
11.3 11.25495
12.799992 13.255943
11.2 11.240086
11.7 11.734151
11.8 11.232028
11.5 11.373919
11.3 11.374658
11.999998 11.5025
12.199999 12.2439575
11.7 11.989758
11.2 11.224806
11.3 11.246948
11.7 11.728703
11.599999 11.550783
11.400001 11.371373
11.1 11.460981
11.1 11.131578
10.49794 10.6056185
9.9642315 10.04121
12.199999 11.72149
11.599999 11.594841
14.018398 12.414124
11.7 11.360504
11.2 11.198747
11.2 11.194445
11.900001 11.271634
11.3 11.382954
11.3 11.264501
13.200015 12.118022
11.1 11.1378765
12.847147 12.5151615
11.599999 11.317056
11.7 11.697186
11.4809065 11.7012615
10.70206 11.498947
11.0 10.628571
11.2 11.508184
11.599999 11.157357
12.299998 12.253931
11.3 11.595216
11.2 11.212827
11.999998 11.92522
11.900001 11.89279
11.8 11.798857
11.2 11.205544
12.399998 12.260213
11.1 11.198702
11.5 11.48476
11.2 11.265607
11.1 11.051553
13.299971 13.276512
11.2 11.218816
11.2 11.200705
11.999998 11.983056
11.79897 11.324818
11.2 11.19852
12.699998 12.402628
11.900001 11.863032
11.1 11.142144
13.800057 13.457164
12.799992 11.778926
11.400001 11.408317
11.5 11.462688
11.1 11.187848
11.2 11.222629
11.1 11.28545
14.400163 12.65498
12.299998 12.555957
12.799992 12.334079
11.900001 11.897603
11.900001 11.886389
12.499997 12.010145
11.900001 11.914714
11.1 11.169228
11.599999 11.203143
11.5 11.419223
12.299998 12.230098
11.175305 11.278464
11.599999 11.548018
11.336572 11.20795
11.900001 12.054768
11.1 11.108278
11.3 11.318809
11.5 11.470446
13.1 13.096436
11.599999 11.678695
11.400001 11.408345
11.3 11.347927
12.723423 12.521427
10.2 10.676655
10.70206 10.706607
12.899998 12.181147
11.1 11.388222
12.299998 11.628269
11.2 11.185145
11.5 11.58203
11.3 11.497208
11.2 11.248177
11.599999 11.048272
11.3 11.470827
11.5 11.366186
11.599999 11.723005
12.299998 12.094571
12.199999 11.698994
13.466532 13.500956
13.520216 12.31543
11.1 11.237638
11.900001 11.883627
11.599999 11.365772
10.40103 10.417258
13.600039 12.868157
11.999998 11.948246
11.2 11.22481
14.500117 13.059801
11.2 11.267149
11.7 11.779882
11.7 11.719636
11.5 11.487622
12.899998 11.481376
11.900001 12.578431
13.399989 12.045163
12.1 11.632717
11.8 11.770552
11.5 11.54135
11.900001 11.510515
11.599999 11.61871
12.1 11.869141
11.3 11.382211
11.400001 11.331064
12.299998 11.6743
11.8 11.827475
10.40103 11.894744
11.2 11.189256
11.3 11.38316
11.2 11.264272
10.70206 10.706598
12.099998 13.170185
12.30831 12.567661
9.890485 10.2083025
14.299971 14.502576
12.899998 12.532215
10.668636 10.837771
13.000009 12.096925
12.1 12.06815
11.2 11.595515
12.299998 12.35577
11.2 11.2002945
12.399998 11.885631
11.2 11.366816
11.5 11.762054
11.2 11.270446
11.2 11.225969
11.2 11.287234
11.1 11.306805
12.499997 12.336919
13.1 12.999685
11.900001 11.928911
11.8 11.831907
13.1 12.431152
10.4 10.454043
11.3 11.274836
11.2 11.253403
11.900001 11.939874
11.3 11.345635
11.900001 11.883146
11.900001 11.898444
11.400001 11.410902
13.1 12.911181
11.1 11.192182
10.70206 10.7299
10.00309 13.810491
11.8 11.806606
11.400001 11.3777275
11.2139435 11.557744
11.599999 11.767332
11.8 11.8285475
9.79897 10.081692
11.2 11.225291
11.1 11.119169
12.986056 10.542164
11.400001 11.423068
12.799992 12.213433
11.2 11.402993
11.999998 11.512075
12.1 12.249489
11.3 11.202866
11.7 11.761199
11.5 11.472607
11.5 11.461956
13.000009 12.575845
11.7 12.16748
11.5 11.435825
11.3 11.455832
11.1 11.104122
11.7 11.3531885
13.500008 13.792212
10.9758215 10.912406
12.699998 11.944039
11.900001 11.915224
12.189909 12.572979
11.999998 12.116139
11.058607 10.508333
11.5 11.556154
11.900001 11.85891
11.5 11.547616
11.3 11.395133
11.599999 11.603227
13.1 12.390314
10.622879 11.894957
11.1 11.070157
12.499997 12.241505
11.1 10.898202
11.3 11.388489
11.3 11.266819
11.2 11.239854
11.2 11.227003
12.668636 12.246917
11.900001 11.575043
13.299971 12.976738
10.70206 10.595159
12.299998 11.629868
10.1 10.445719
11.2 11.264061
11.3 11.258743
11.1 11.17988
13.800057 13.474228
12.199999 11.884513
11.7 11.663158
13.652842 13.294495
11.2 11.23432
11.1 11.145869
11.999998 11.83208
11.3 11.348423
11.1 11.124974
11.017215 11.681353
11.2 11.255293
11.900001 11.900189
12.599997 11.860461
12.699998 11.825776
11.5 11.372726
13.800057 14.157776
11.2 11.220354
11.3 11.643485
12.799992 12.397366
11.2 11.20931
12.499997 12.534369
11.5 12.360105
10.6 10.816563
11.999998 11.938172
12.199999 12.123302
14.1 14.090782
11.8 11.799643
11.2 11.236225
11.599999 11.587513
12.1 12.1727295
11.7 13.539934
12.899998 13.459071
13.600039 12.755186
11.900001 11.503489
11.999998 11.905678
11.599999 11.239893
14.1 14.1635065
11.400001 11.384189
11.2 11.541873
12.399998 12.2290325
12.1 11.636099
11.1 11.178399
12.5685215 12.355943
11.999998 11.956404
11.400001 11.381989
11.0 11.142624
11.1 11.105676
11.900001 11.992648
10.19691 10.203196
11.900001 11.916424
11.3 11.474082
11.3 11.227222
11.900001 11.880342
10.1 10.388498
9.70206 9.907869
11.2 11.233182
11.999998 12.140616
11.1 11.204958
11.2 11.253036
11.1 11.183984
11.7 12.25282
11.999998 11.918678
12.399998 11.903504
11.435792 11.04057
11.999998 11.921068
11.400001 11.259896
11.900001 11.995788
13.40103 13.063234
11.8 12.530664
11.7 11.740763
11.8 11.819853
11.2 11.432174
11.582672 11.639594
11.3 11.334151
11.1 11.291188
11.5 11.365486
11.8 11.906875
11.5 11.45378
11.3 11.327414
11.1 11.183543
11.921121 11.857457
12.199999 12.240004
11.599999 11.500328
11.7 11.718347
11.254902 11.492706
11.400001 11.42978
11.3 11.376448
11.8 12.000499
11.2 11.198385
11.5 11.451712
11.1 11.167094
11.400001 11.062281
11.3 11.248748
12.399998 12.443652
11.599999 11.635248
11.8 11.797766
12.599997 11.864526
10.1 10.411049
11.599999 11.588793
11.999998 11.622363
11.400001 11.658988
11.900001 11.9264765
11.900001 12.3098
12.022269 12.027822
11.1 11.114529
11.3 11.402167
11.2 11.180079
11.1 11.168965
11.1 12.442203
11.8 11.879108
10.9 11.03346
11.2 11.190903
12.199999 12.225622
11.999998 11.978909
11.400001 12.117795
11.2 11.217303
11.1 11.400582
13.543697 13.067947
11.900001 11.887675
12.699998 12.700085
12.499997 12.18306
11.400001 11.443189
11.5 11.746834
15.400163 13.331505
11.1 11.680634
11.2 11.283392
11.2 11.336073
11.1 11.213371
11.1 11.135012
11.2 11.2319355
11.999998 12.118629
10.40103 10.547737
11.1878605 11.196657
11.5 11.482964
10.79897 10.308576
13.999974 13.339418
10.40103 10.636038
11.1 11.122351
11.400001 11.419988
11.900001 11.8316345
11.999998 11.440068
11.2 11.247196
11.2 11.222079
11.2 11.371421
11.5 12.679195
11.2 11.318462
11.900001 11.774975
11.599999 11.4831295
11.028118 10.896925
11.400001 11.432509
12.199999 12.041085
11.7 11.931305
11.1 11.285213
11.1 11.199874
12.79897 12.838734
14.496618 14.211217
13.1 12.113486
11.400001 11.478172
11.3 11.277542
11.8 11.838201
11.3 11.271159
11.999998 14.110113
11.3 11.363066
11.1 11.133975
11.999998 12.42095
11.599999 11.596512
11.3 11.273801
11.7 11.770066
11.400001 11.444534
11.999998 11.954892
11.3 11.333876
12.499997 12.3861065
10.8 10.784529
11.5 11.520913
12.199999 12.257722
11.2 11.275329
12.599997 12.769838
11.8 11.848516
11.3 11.350905
11.1 11.38837
12.399998 12.298175
12.899998 12.198768
11.3 11.423643
12.399998 12.383769
10.40103 10.713545
11.5 12.422919
11.400001 11.367532
11.3 11.372031
11.3 11.41203
12.1 11.789596
12.1 11.652581
11.1 11.154409
12.1 12.183732
11.5 11.509522
11.8 11.800966
10.2 10.394716
11.5 11.481803
10.122276 10.273001
13.299971 13.757797
11.8 11.95173
10.1 11.08492
11.2 11.290938
11.999998 11.787793
11.435792 11.450418
11.3 11.44687
11.400001 11.409113
10.1 10.980113
11.900001 11.817026
12.799992 12.685683
11.8 11.825507
11.2 11.263214
11.999998 11.919805
11.5 11.602835
11.2 11.214392
11.3 11.638137
10.70206 10.920434
12.499997 12.112918
12.799992 12.973687
11.599999 11.626392
12.399998 11.822073
11.900001 11.874972
11.3 11.254114
14.59485 14.188816
14.186186 14.110075
11.1 11.196399
11.599999 11.585177
10.4 10.248537
12.1 12.0312805
11.2 11.250568
11.2 11.508066
13.15061 11.996628
11.900001 11.859473
11.999998 11.9233885
11.3 11.372053
11.900001 11.901884
11.999998 11.819909
11.400001 11.402962
12.1 12.210484
11.3 11.252642
14.79897 13.846018
11.900001 11.977675
11.966461 12.6194315
11.7 11.337214
11.7 11.53438
10.76294 11.571392
11.7 11.638543
11.2 11.225124
11.900001 12.562812
11.7 11.73292
11.599999 11.295365
11.900001 11.7649975
11.1 11.156969
11.1 11.150219
11.5 11.528618
13.399989 13.268863
11.1 11.106499
11.267491 10.778281
11.5 11.425348
12.899998 13.020783
11.900001 11.743092
11.1 11.162953
12.491108 12.223935
12.299998 12.245981
10.70206 10.702005
11.684318 11.619729
11.3 11.287496
11.3 11.346322
11.3 11.400353
11.900001 11.880745
11.900001 11.8676405
11.1 11.105148
13.321849 13.015201
11.400001 11.426628
11.3 11.2775755
11.900001 11.916614
13.399989 12.878186
11.8 11.650961
11.2 11.27318
11.1 11.133039
13.622879 13.7499485
11.900001 11.891417
11.2 11.235405
11.900001 11.616218
11.900001 12.007945
11.5 11.468819
11.1 11.137335
11.5 11.598081
11.3 11.296283
11.40103 10.704742
10.5 10.658013
11.5 11.4839
11.7 11.816727
11.2 10.823392
11.7 11.687877
12.699998 11.56509
11.599999 11.488814
11.543697 11.447265
12.367606 12.302177
11.900001 12.207085
11.2 11.557003
11.3 11.355606
11.8 11.856815
11.400001 11.449052
12.043096 11.362135
11.4413 11.595775
10.8 10.745109
11.2 11.271188
11.2 11.608825
13.399989 13.017847
14.79897 14.29623
12.799992 12.784123
11.1 11.134168
11.900001 11.902704
11.3 11.309769
11.400001 11.321149
12.299998 11.873994
12.228427 11.021358
10.5 10.777886
12.299998 12.270952
11.321849 11.439676
10.685027 10.835569
11.2 11.188358
11.900001 11.821567
13.1 12.566659
12.906876 11.660463
11.8 11.843266
12.622879 12.110062
11.599999 11.732259
11.2 11.571087
11.1 11.61615
14.40103 12.783646
13.314671 12.776203
11.5 11.487221
11.599999 11.902277
12.299998 11.404489
11.2 11.238546
10.40103 10.45887
12.299998 12.493405
11.2 11.208309
11.999998 13.734129
11.7 11.73221
12.699998 12.738216
11.1 11.112316
11.1 12.840306
14.999629 13.533123
11.2 12.894951
11.999998 11.967067
11.3 11.369678
11.599999 12.097087
11.599999 11.975657
11.2 11.1944275
11.1 11.187132
11.999998 11.993199
11.8 11.835519
12.1 11.522195
13.399989 12.995809
11.599999 11.595534
11.400001 11.371121
11.999998 11.937906
11.7 12.074059
11.1 11.0773
13.600039 12.526763
11.999998 12.018598
11.900001 11.806252
12.399998 11.99745
11.8 11.895711
12.719789 12.640992
11.900001 11.867237
11.1 10.88408
10.1 10.186144
11.1 11.132541
11.900001 11.871095
12.299998 11.51889
11.900001 11.900181
12.1 11.467032
11.2 11.377174
12.899998 12.978054
11.5 11.563274
12.199999 12.76521
11.1 11.110086
11.2 11.205666
11.2 11.210779
12.499997 12.270513
11.900001 11.848384
11.1 11.0593
11.2 11.330474
11.599999 11.405946
11.599999 11.551609
11.1 11.980828
12.199999 11.558971
10.5 10.809392
11.2 11.358139
11.3 11.305724
13.3174305 13.219485
12.399998 11.313703
12.499997 12.423879
11.400001 11.354577
11.2 11.242238
11.1 11.889298
11.7 11.734712
11.1 11.08173
11.8 11.803322
11.7 11.715932
10.8 10.706743
11.622879 14.123597
11.7 11.780343
10.2 10.228288
11.1 11.1607485
11.7 11.698986
12.299998 12.066394
10.622879 10.620599
11.5 11.594215
11.900001 11.470776
11.5 11.46205
11.2 11.268765
11.1 11.441868
11.599999 11.840197
11.1 11.189242
11.900001 11.886692
11.8 11.367949
11.1 11.152983
11.5 11.267932
11.2 11.236299
11.900001 11.853041
11.8 11.8061285
10.1 10.915558
11.599999 11.652465
11.1 11.1107
11.3 11.3940935
11.8 11.803415
11.8 11.708025
11.5 11.677258
13.488122 11.973301
11.900001 11.879126
11.8 11.866202
12.199999 11.931331
10.7 11.005567
11.3 11.3073
11.5 12.063899
10.40103 10.705233
11.999998 12.393186
11.900001 11.892651
11.2 11.279505
11.400001 11.415781
11.1 11.201659
11.0 10.745901
11.599999 11.683192
14.180922 14.005376
11.40103 11.022751
12.199999 11.84814
10.1 10.844322
11.3 11.303298
13.299971 12.948671
11.5 11.515171
11.1 10.6091585
10.70206 10.705614
11.3 11.332757
11.2 11.218208
11.900001 12.099986
11.1 11.138804
11.2 11.301443
12.1 11.960476
11.2 11.210438
11.599999 11.935956
12.299998 13.211646
13.600039 12.992485
11.900001 11.439599
11.0 11.03831
13.699981 12.702456
11.999998 11.735643
13.1 12.877615
11.900001 12.1024685
12.499997 12.638971
13.892513 13.907345
13.117729 13.383909
11.7 11.516249
11.3 11.282932
11.8 11.889556
11.1 11.181987
14.1 13.723663
11.5 11.568433
12.399998 12.990039
11.400001 11.451838
11.599999 12.566069
11.900001 11.852112
11.900001 11.902229
11.5685215 12.472283
11.1 11.2855215
13.600039 12.466118
11.2 11.323706
11.900001 11.845087
11.2 11.225185
11.599999 11.55892
11.900001 11.651338
11.8 11.88252
11.923909 12.632364
11.5 11.310123
10.4 10.513474
11.3 11.979834
11.1 11.103708
11.999998 11.683866
13.694213 13.471903
12.599997 12.444507
11.8 11.802461
11.3 11.490678
11.7 11.683067
11.7 11.721712
11.3 11.400629
11.1 11.154189
11.1 11.123543
12.299998 11.846018
11.7 12.083613
11.599999 11.724861
11.8 12.887405
11.599999 11.5006695
10.6 10.5702915
10.49794 10.751231
11.8 11.8190155
11.900001 11.90259
11.599999 11.179251
11.400001 11.362411
11.7 11.732388
11.3 11.461802
12.399998 12.429956
10.6 10.711004
11.5 11.545204
11.392429 12.176485
13.155518 13.850885
10.7 10.6005125
10.1 10.266272
13.500008 13.526783
11.2 11.597636
11.2 11.17906
11.8 11.742084
11.900001 12.04995
12.299998 12.317089
11.5 11.580133
10.8447275 10.164114
10.637602 11.49652
11.599999 11.565963
11.5 11.530714
11.400001 11.378535
11.400001 11.433614
11.2 12.330223
11.599999 11.69244
13.999974 12.761498
11.3 11.2977085
12.1 11.93332
11.1 11.1303215
11.599999 11.542014
13.899971 13.668268
11.2 11.199599
11.1 11.129459
11.900001 11.892996
11.2 11.107686
11.2 11.244882
11.400001 11.401521
12.299998 11.995335
11.5 11.507537
11.2 11.632846
11.1 11.543985
11.7 12.907014
11.8 11.828185
11.1 11.3139925
11.5 11.27089
11.2 11.205627
12.499997 12.112808
11.599999 11.743523
11.900001 11.8644
11.3 11.319033
11.7 11.635992
11.8 11.641807
10.4 10.803173
11.1 11.109513
11.2 11.204856
11.7 11.722594
11.3 11.442972
11.8 11.795446
11.1 11.264445
11.400001 11.4812
11.900001 11.839089
11.400001 11.403231
10.1 11.59584
11.3 11.392679
11.7 11.692207
11.5 11.396206
11.2 11.965563
11.599999 11.515896
11.2 11.403107
11.2 11.409672
11.59485 11.183753
13.1604805 13.398209
13.600039 12.127231
12.757577 12.075574
12.399998 12.580989
11.8 11.890391
13.1 13.459386
10.757577 10.852988
11.1 11.115792
11.900001 11.871836
10.70206 11.692337
11.900001 11.567515
13.200015 13.010239
11.7 11.247307
11.2 11.2178335
11.5 11.436291
11.8 11.815265
11.2 11.253787
11.1 11.141954
11.999998 11.9174795
11.453596 10.970987
12.399998 12.568684
12.1 12.548158
10.1 11.121492
14.1 11.091358
10.622879 10.641426
11.400001 11.604439
12.599997 11.658799
12.27437 12.189944
13.399989 12.09185
9.79897 9.936557
11.599999 11.631625
11.1 11.316659
12.699998 12.546484
11.1 11.148642
10.49794 10.498196
11.1 11.209033
11.2 11.1736765
11.8 11.858684
11.2 11.297311
15.1 14.732466
11.400001 11.525282
12.199999 11.998996
11.3 11.237153
11.351812 11.231422
11.2 11.216431
11.900001 11.904912
11.5 11.568366
11.599999 11.616135
13.1 13.264532
11.2 11.267805
11.900001 11.867068
11.2 11.38267
12.399998 12.908663
11.900001 11.886935
12.499997 11.871788
13.40103 12.892145
12.299998 12.493174
11.599999 11.272782
11.3 11.415902
11.2 11.221044
12.199999 12.343442
12.418758 11.534634
11.3 11.324761
11.400001 11.241229
12.104364 11.526289
11.3 11.280704
11.400001 11.412675
11.1 11.161956
13.986056 13.921141
11.8 11.831964
11.900001 11.901629
10.70206 10.72641
12.399998 12.438502
11.3 11.643557
11.599999 13.612209
11.599999 11.747605
11.400001 11.383942
11.2 11.622019
11.599999 11.419504
11.8 11.803242
12.344125 11.512407
11.1 11.738493
13.399989 13.098547
12.899998 12.099455
11.2 11.405686
11.7 11.666219
11.400001 11.353718
11.7 11.749178
12.799992 13.133689
11.8 11.805359
11.400001 11.519196
10.59485 10.707397
11.3 11.340208
11.2 11.42823
14.600313 13.938076
12.899998 12.721656
10.953872 10.6434555
11.599999 11.739477
11.400001 11.483182
11.5 11.308409
13.299971 13.179089
11.599999 11.21889
13.200015 12.94829
11.7 11.423657
11.2 11.2926035
13.19691 12.910235
12.299998 11.996473
12.1 12.476251
11.900001 11.918856
12.399998 11.560441
10.8447275 11.306081
11.2 11.187013
11.8 11.790788
11.5 11.460661
11.5 11.4541445
13.00309 13.001597
11.599999 11.353519
11.2 11.191194
10.79897 11.074877
11.19691 11.226038
11.2 11.402385
11.900001 11.944602
12.799992 12.216156
11.7 11.756794
11.1 11.1378975
11.8 12.169717
11.599999 11.65575
11.999998 11.703957
11.999998 11.960707
11.5 11.481376
11.900001 11.928763
11.2 11.210386
11.8 11.691329
11.900001 11.922889
11.3 11.353117
12.1 11.355795
11.1 11.163128
11.1 11.163761
11.3 11.430025
11.5 11.51116
12.299998 12.050817
11.2 11.21361
11.4372425 11.158539
11.1 11.407177
10.8 12.036788
11.622879 11.254367
11.599999 11.608438
11.1 11.204359
11.8 12.0709715
11.1 11.142299
11.3 11.276745
11.1 11.158369
14.600313 13.983708
11.1 11.18824
11.999998 12.117629
12.199999 12.578835
11.1 11.145709
12.299998 12.571849
11.2 11.180312
13.000009 13.34989
12.199999 13.733323
11.599999 11.55615
11.7 12.38754
11.1 11.134143
11.5 11.533925
11.2 11.261422
11.5 11.460668
11.2 11.186093
11.2 11.238606
11.400001 11.386439
11.400001 11.458877
10.1 10.2144375
11.7 11.721689
15.1 15.7137
11.599999 11.530698
11.1 11.17468
11.1 11.230497
12.399998 11.908459
11.999998 11.943957
11.3 11.31681
11.747817 11.810836
11.400001 11.541522
11.8 11.833139
13.299971 12.900375
11.900001 11.926369
11.7 11.774922
11.999998 11.973987
12.19691 12.304175
11.1 11.179037
11.193093 11.19128
12.299998 11.794031
11.218616 10.799907
11.1 11.169274
11.2 11.560688
11.1 11.201221
13.000009 12.694381
12.1 11.718899
11.2 11.211673
11.1 11.136258
11.900001 11.887098
11.1 11.381112
11.900001 11.9222975
12.1 11.822952
11.3 11.395039
10.3 10.499882
11.1 11.192346
11.7 11.762577
11.2 11.302281
11.8 11.830216
11.400001 11.440464
11.2 11.194262
11.8 11.837879
11.2 11.169131
11.2 11.434678
11.7 11.809395
13.300659 12.930933
11.3 11.3043585
11.79897 12.052425
11.3 11.281215
10.79897 10.338485
11.999998 11.982981
11.49794 10.471707
11.2 11.368896
11.900001 11.708135
11.900001 11.907047
11.8 11.814331
11.1 11.119217
11.8 11.538116
11.1 11.083993
12.199999 12.14329
11.2 11.089533
11.2 11.208732
12.581486 12.312645
11.543697 10.759721
11.900001 11.905101
11.900001 11.788345
11.5 11.401569
11.1 11.163648
11.1 11.142375
12.899998 13.115997
11.2 11.306243
11.8 11.848019
11.1 11.183473
11.2 11.232881
9.79897 10.163761
13.1 12.710812
12.581486 13.724297
11.400001 11.417918
11.900001 11.896286
11.900001 11.812397
11.2 11.422213
11.3 11.259777
11.900001 11.933905
11.1 11.127949
11.2 11.236406
11.1 11.112944
11.5 11.605168
11.1 11.010078
12.299998 11.287014
11.5 11.831993
13.1 12.573809
11.7 11.75482
11.2 11.309886
11.1 11.164444
11.599999 11.74799
11.2 11.157817
12.531798 12.542777
11.900001 11.768505
11.1 11.153588
11.3 11.3433275
12.499997 12.339931
11.900001 11.810164
11.5 11.194201
11.2 11.354762
11.923909 11.679053
11.8 11.835644
11.3 11.28766
11.1 11.170424
11.8 11.932552
11.5 11.547378
11.900001 12.164467
11.3 11.420928
12.199999 12.163784
10.5 10.697887
10.6 10.700604
14.299971 13.508876
11.7 11.7258415
11.1 11.237534
11.8 11.83052
14.949485 13.949983
11.7 11.637805
11.8 11.568131
11.2 11.1858425
11.400001 11.300828
11.1 11.1477785
11.1 10.599546
11.3 11.671408
12.599997 11.99658
11.5 11.464003
11.7 11.660495
11.3 11.262934
11.3 11.385161
12.466532 12.966936
14.200179 12.604328
11.3 11.282474
11.2 11.504422
11.1 11.195394
10.1 10.540113
11.2 11.20694
11.3 11.386965
11.900001 11.878288
11.3 11.508954
11.3 11.329822
11.599999 11.733394
11.400001 11.571308
11.340546 11.145143
11.652842 12.110386
13.1 12.364644
11.8 11.763701
11.2 11.241703
12.020819 13.595327
11.900001 11.87607
11.900001 11.911743
12.1 12.031938
11.599999 11.51438
11.900001 11.868929
12.399998 12.257254
14.441478 14.578774
11.3 11.297424
11.999998 11.941921
11.999998 11.915933
11.999998 12.057282
11.900001 11.935355
11.1 11.195297
11.599999 11.567237
11.599999 11.745665
11.2 11.225996
11.8 12.01241
11.8 11.821802
13.699981 13.267281
11.3 11.311497
11.7 11.71954
11.3 11.795661
11.2 11.188257
11.2 11.1977625
9.79897 10.230724
11.3 11.294415
11.2 11.230283
10.622879 10.847987
12.799992 12.530762
11.317054 11.397545
11.8 12.418056
11.7 11.544919
12.499997 12.793597
11.5 11.575918
11.2 11.199147
11.1 11.568115
11.1 11.089957
11.400001 11.487554
11.2 11.170786
11.999998 12.265857
12.699998 11.909069
12.199999 12.384636
11.599999 11.7990465
13.899971 13.128026
14.869551 14.421757
13.299971 12.612586
11.599999 11.510437
11.400001 11.315041
11.8 11.866617
12.599997 12.20775
12.1 11.7755165
10.40103 10.855911
12.299998 12.144474
10.272631 12.160016
11.2 11.673351
11.900001 11.855006
11.400001 11.42348
11.999998 11.98777
11.1 11.1926775
11.1 11.1585655
11.7 11.77535
10.1 10.668423
11.2 11.242475
12.599997 12.926932
13.869551 12.95893
11.3 11.332749
11.3 11.776039
11.599999 11.703851
11.999998 12.36277
11.8 11.858759
12.799992 12.493319
13.200015 12.556456
11.8 11.810122
11.1 11.375125
11.5 11.504075
11.400001 11.219494
11.2 11.19064
13.899971 13.331703
11.7 11.948068
11.2 11.573979
11.3 11.543966
11.2 11.184206
11.5 11.516222
11.5 11.529176
11.3 11.861802
11.599999 11.712017
11.2 11.304453
11.8 11.780837
11.2 11.72919
11.5 11.50019
11.3 11.354365
11.1 11.185641
11.40103 11.9250345
11.900001 11.892344
11.8 11.836252
12.199999 12.268819
11.7 11.713295
11.2 11.241131
11.1 11.173964
11.8 11.887596
11.3 11.270559
10.622879 10.744083
13.399989 12.931627
11.2 11.238155
11.1 11.153342
11.8 11.632619
11.8 11.794894
11.1 10.929856
10.40103 10.651714
11.2 11.271704
11.19691 12.119716
14.1 13.670908
10.020819 10.230724
13.699981 13.860283
11.5 11.441616
11.2 11.4914875
11.2 11.393799
11.999998 12.022587
11.70103 11.690046
11.900001 11.855444
11.1 10.917646
11.1 11.153518
12.191515 13.584921
11.599999 11.507479
11.8 12.035837
11.5 11.512884
11.8 11.359892
11.8 11.872697
13.299971 12.736094
11.400001 11.389246
11.5 11.623001
11.900001 12.118924
11.1 12.011309
11.999998 12.059902
12.399998 12.157447
11.2 11.249309
11.3 11.26345
12.779854 11.333997
11.900001 11.882196
11.3 11.297906
11.5 11.586655
11.8 11.826304
11.400001 11.489525
11.2 11.344909
11.1 11.133463
11.3 11.225109
11.8 12.282189
11.5 11.475679
11.641513 11.468305
11.2 11.258613
11.1 11.0967865
11.1 11.142985
11.400001 11.285462
12.399998 12.154833
12.499997 12.214212
14.29897 13.56875
10.6 10.579405
11.5 11.541974
10.98941 10.844961
11.7 11.774836
11.3 11.35741
11.3 11.422168
11.2 11.207171
11.999998 11.954726
11.203953 11.233268
11.1 11.213899
11.900001 11.870493
11.599999 11.668377
11.1 11.160403
11.900001 11.857755
11.599999 11.624068
11.2 11.216058
11.2 11.198001
12.599997 12.202894
11.2 11.251374
11.900001 11.8638935
11.175305 11.311314
12.299998 12.452012
11.900001 11.871488
11.2 11.5564165
11.5 11.986905
11.900001 11.775848
12.1 12.029694
11.599999 11.814542
11.5 11.639481
11.5 11.538268
11.738272 11.789642
10.40103 10.728087
11.5 11.723127
11.7 11.762665
11.7 11.30653
11.2 11.363867
15.500117 14.019345
10.608639 10.592087
11.2 11.20583
11.2 11.219588
11.7 12.36624
11.2 11.202948
11.1 11.146311
11.2 11.190805
13.800057 12.957008
11.5 11.664059
11.8 11.630676
11.8 11.810173
11.8 11.767583
11.2 11.374234
11.400001 11.344866
13.800057 13.230721
10.1 11.228039
11.2 11.247274
11.49794 11.414052
11.400001 11.432539
11.599999 11.76911
11.2 11.950886
11.869551 11.336943
11.2 11.903396
11.2 11.287193
11.2 11.211718
11.2 11.195464
11.2 11.199032
11.999998 11.970366
11.3 11.234715
13.800057 13.747721
11.999998 11.910305
13.062573 12.863483
11.900001 11.897622
10.40103 10.56956
11.400001 11.50257
12.699998 12.023616
11.2 11.171049
11.5 11.574657
9.79897 10.0792
11.2 11.245205
10.49794 10.647911
11.900001 11.813941
11.19691 10.765208
11.2 11.194587
11.599999 11.272352
11.400001 11.417248
11.599999 11.518975
11.900001 11.915613
12.1 11.80238
11.2 11.229334
11.2870865 11.018819
12.199999 11.836519
11.999998 12.008097
11.999998 11.797839
11.599999 11.658478
13.899971 13.571824
11.5 11.52205
10.3 10.329307
12.1 11.912716
10.5 10.632578
11.8 11.537448
11.2 11.398954
10.923909 10.220941
12.699998 12.578762
11.900001 11.465287
10.1 10.196663
11.599999 11.439206
11.999998 12.040214
11.900001 11.866472
11.547423 10.545353
12.499997 12.822842
13.1 13.613334
10.40103 10.66175
11.999998 12.089844
11.8 11.381767
11.2 11.288671
12.1 11.8749895
12.499997 12.671373
14.446788 14.029015
13.000009 12.696056
11.900001 11.8619995
11.7 11.982552
11.1 12.214943
11.900001 11.905142
11.2 11.184425
11.5 11.457352
11.2 11.292089
11.2 11.231672
11.1 12.106139
11.1 11.229756
10.1 10.193084
11.7 11.719526
12.923909 12.783055
11.599999 11.708811
11.2 11.230016
11.2 11.216889
12.499997 11.182169
11.599999 11.424009
11.599999 11.549402
12.199999 12.027033
11.1 11.721104
10.1 10.291577
11.3 11.421567
14.200179 13.584888
11.3 11.464185
11.2 11.530316
9.79897 10.130406
11.7 13.653782
11.8 11.593358
11.8 11.825686
13.427902 13.670912
11.2 11.223519
11.999998 12.030488
11.8 11.774156
11.900001 11.8877325
12.399998 11.867676
11.1 11.130155
11.2 11.22124
11.3 11.846504
10.8 11.23853
10.49794 10.6697035
11.400001 11.360613
11.3 11.459877
11.8 11.726868
11.8 11.80574
11.8 11.692805
11.8 11.7234
13.999974 13.010038
10.70206 10.706505
11.900001 11.779454
12.299998 13.411751
11.1 11.15197
12.536519 12.551107
11.5 11.591609
11.8 11.927764
11.400001 11.1937685
11.8 11.723181
11.900001 11.935723
11.1 11.501435
13.062573 13.094336
11.900001 12.464168
11.999998 12.169592
11.900001 11.880365
11.8 11.824724
11.3 11.278402
10.4 10.584541
11.3 11.863539
11.2 11.207212
11.2 11.233326
11.2 11.198545
10.777781 10.149916
11.3 11.627582
11.7 11.28699
11.5 11.620313
12.799992 12.419955
11.900001 11.888244
11.3 11.345845
11.155518 11.565007
11.7 11.7025385
11.3 11.318226
11.400001 11.435951
11.7 11.541143
11.7 12.102811
11.2 11.250731
11.2 11.205678
11.1 11.138826
11.900001 11.70908
11.900001 12.215857
10.79897 10.844738
12.499997 12.107458
10.19691 10.035328
10.7 11.11993
11.7 11.687412
11.1 11.2170725
11.400001 11.33864
11.2 11.209719
12.399998 11.677797
11.8 11.827637
12.1 12.210487
11.900001 11.659571
12.399998 11.345018
11.900001 12.00502
11.5 11.479974
11.1 10.620001
11.900001 11.859529
11.3 11.479908
11.2 11.208924
10.7 10.693907
13.600039 13.88488
11.543697 11.516348
11.900001 11.285224
11.30135 11.158775
11.2 11.22774
11.020819 11.51721
11.5 12.678261
11.2 11.232897
10.1 10.303381
13.8447275 13.086842
11.5 11.40036
11.2 11.234876
11.207893 11.348406
13.520216 13.283306
11.3 11.293665
10.3 10.63866
11.1 11.214916
11.7 11.741779
12.299998 11.745875
11.400001 11.332517
11.1 12.733972
12.1 12.80577
10.1 11.040629
11.2 11.210965
12.899998 12.935248
12.399998 11.272079
11.8 11.65868
11.3 11.445921
10.49794 10.535796
11.2 11.177001
11.2 11.5447235
11.599999 12.349158
11.2 11.259143
11.5 11.750376
12.299998 11.857855
11.1 11.158859
11.194204 11.007441
12.199999 11.916996
12.199999 11.621604
11.599999 11.458876
11.7 11.797793
11.254902 12.373044
11.400001 11.445311
11.7 11.838863
11.1 11.398688
13.608639 12.846466
10.3 10.376
11.900001 11.347997
11.2 11.197047
12.699998 12.997194
11.2 11.204023
12.299998 11.973451
11.400001 11.442549
11.7 11.769939
11.3 11.61875
11.599999 11.709857
13.800057 12.763077
11.8 11.7243595
11.8 12.591796
10.8447275 10.625019
11.3 11.43732
11.2 11.2476635
11.5 11.502603
11.5 11.504301
11.5 11.523805
10.622879 11.028594
12.299998 12.140402
11.999998 11.757092
11.900001 11.875828
11.999998 11.951876
12.499997 12.334983
14.600313 13.439792
12.299998 11.569842
11.999998 12.051534
11.599999 11.585252
11.999998 11.976164
11.599999 11.570434
11.1 11.272479
11.1 11.109925
11.2 11.366572
11.7 11.673877
11.900001 11.926042
10.70206 10.740839
11.3 11.531656
12.79897 13.310586
13.600039 13.407585
11.8 11.494804
11.999998 11.213486
12.199999 11.863489
11.599999 11.682473
10.1 10.198149
11.2 11.431124
11.900001 12.555783
11.599999 11.63922
11.2 11.697341
11.2 11.196407
12.699998 11.981786
12.299998 12.8889065
11.2 11.458277
11.1 11.441752
11.2 11.272285
11.7 11.214582
12.29382 12.609115
12.1 12.6287775
11.400001 11.234363
11.599999 11.297841
11.2 11.230058
11.2 12.342272
13.1 13.021134
11.7 12.450653
10.4 10.59223
11.900001 11.84783
11.5 11.502675
11.3 11.33706
12.799992 11.87756
11.8 11.848652
11.3 11.282294
11.3 11.262909
11.999998 12.017945
11.999998 11.939608
11.999998 11.987035
11.3 11.339001
11.3 11.242328
14.200179 14.252014
11.3 11.376711
10.70206 10.702368
11.599999 11.559797
13.200015 12.852702
11.5 11.503057
11.2 11.271888
11.2 11.222284
11.8 11.846736
11.5 11.465931
12.60724 11.796362
11.2 11.247296
12.699998 11.970658
11.8 11.874685
12.499997 12.259255
11.599999 11.822822
11.999998 12.032485
13.049981 12.841871
13.399989 12.706437
10.622879 11.140167
10.1 11.505153
11.400001 11.413977
11.3 11.488643
12.299998 12.317162
11.2 11.226137
11.8 11.798309
11.242667 11.960585
11.400001 11.394543
11.2 11.068477
11.3 11.700975
11.2 11.24448
11.2 11.20766
11.999998 11.993272
11.2 11.197901
11.599999 11.5584
11.599999 11.472324
11.599999 11.562254
11.7 11.72301
12.199999 11.489463
11.2 11.222722
11.2 11.452174
11.1 11.340079
11.1 11.10419
11.2 11.234247
11.2 11.336671
11.2 11.216062
11.900001 11.802158
11.3 11.243316
11.8 11.8217325
11.400001 11.667349
11.3 11.422933
11.8 11.818424
11.999998 11.829733
10.8 10.580979
14.79897 14.10958
11.1 11.181234
12.078811 13.161191
11.2 11.400471
11.900001 11.988832
12.199999 12.177799
11.1 11.162598
11.2 11.833982
13.600039 11.8097725
12.5111685 11.672007
10.70206 10.888104
11.1 11.16729
13.200015 13.123302
13.600039 13.636658
11.8 11.839829
11.599999 10.9641285
11.2 11.14382
16.518217 14.312701
11.1 11.556189
13.200015 13.141879
11.1 11.313442
12.1 12.205667
9.49794 10.150684
11.999998 11.940584
11.7 11.811134
12.1 12.072397
11.2 11.202515
11.999998 12.357251
11.5 11.594449
12.829721 12.352255
12.399998 11.777244
11.400001 11.424933
12.1 11.621622
11.0 10.781729
11.8 11.892075
12.399998 11.799097
11.5 11.336677
12.699998 12.853208
9.49794 10.924465
11.400001 11.479617
11.668636 12.698783
11.2 11.204989
11.1 11.116691
11.999998 11.928291
11.900001 11.912174
11.3 11.249612
11.8 11.782011
12.799992 13.025425
11.2 11.829898
11.2 11.271676
11.7 11.749272
11.599999 11.479429
11.8 11.82146
11.5 11.517065
11.5 11.562926
11.1 10.394545
11.5 11.475589
12.399998 12.365767
10.2 10.523734
10.79897 10.39948
14.400163 13.471847
11.1 11.122593
11.7 11.820364
11.986056 12.263903
11.3 11.240865
11.5 11.305583
11.900001 11.849668
11.2 11.2663
11.8 11.893443
14.70206 14.088147
12.699998 11.503519
11.599999 11.26791
11.2 11.192889
11.900001 12.045621
10.70206 10.7050295
11.599999 11.972428
11.8 11.811979
11.1 11.172626
12.680044 12.345114
13.899971 13.578508
12.299998 11.509264
11.1 11.128107
11.637602 11.206645
12.299998 12.207911
11.1 11.1484995
11.900001 11.952146
11.8 11.902406
11.900001 11.8898945
11.599999 12.22175
11.400001 11.504073
11.1 11.106763
11.400001 11.383213
14.1 13.18419
11.2 11.19337
11.1 11.160723
11.2 11.121464
11.1 11.151213
10.1 10.340564
11.3 11.323217
10.5 10.374554
11.89588 11.92342
11.999998 12.166047
11.5 11.9558525
11.7 11.966894
15.600313 14.595708
11.1 11.263139
11.3 11.291622
10.5 10.671788
11.900001 11.894278
11.400001 11.528142
11.5 11.49236
11.118106 11.147211
11.999998 11.96873
11.3 11.433415
11.5 11.495368
11.3 11.137522
11.5 11.504599
11.599999 11.636979
11.5 11.579323
12.399998 12.612099
11.2 11.199888
11.599999 11.794909
12.877283 12.467053
11.400001 11.391544
11.5 11.582539
14.500117 13.814585
11.3 11.361514
11.3 11.3803835
11.2 11.191952
11.1 11.116131
11.900001 12.287588
11.8 11.878385
13.155518 13.467204
11.400001 11.407982
11.2 11.2517395
11.3 11.271483
11.1 11.383396
12.1 11.977915
11.2 11.257965
11.900001 11.960544
11.400001 11.425626
12.599997 12.75707
11.8 11.845317
11.400001 11.235147
10.1 12.4307575
10.622879 10.791437
11.599999 11.666064
12.599997 13.265106
11.8 11.808991
11.900001 11.762903
11.5 11.414756
11.2 11.2790165
11.2 11.374793
11.400001 11.6216545
11.2 11.2524395
11.8 11.550221
10.8 10.609142
11.900001 11.703925
11.900001 11.865955
11.5 11.461399
14.175721 12.057509
11.900001 12.501144
13.1 12.828297
11.2 11.22191
12.499997 12.645738
12.899998 13.211073
11.599999 11.791521
11.7 11.359494
12.199999 11.81637
11.2 11.570733
11.5 11.466579
11.7 11.757442
11.599999 11.207536
11.900001 11.862588
14.400163 13.276687
10.622879 10.888605
11.900001 11.878717
14.1 13.873553
11.8 11.413971
11.900001 12.2856045
11.7 11.342199
12.9041 12.946409
11.999998 11.9777975
12.599997 13.21435
13.000009 12.171904
11.7 11.760495
13.1 13.537403
11.1 11.051206
11.599999 11.573047
11.1 11.302488
15.108774 13.339024
11.400001 11.485071
11.5 11.835985
11.3 11.683281
12.299998 12.294699
11.3 11.53591
14.200179 13.70606
11.3 11.248986
11.2 11.188934
11.3 11.385007
11.2 11.200564
13.399989 13.48402
11.1 11.162815
11.2 11.185057
11.400001 11.395294
11.7 11.806874
12.699998 13.4208355
11.2 11.246096
11.900001 11.882139
13.200015 12.704705
11.5 11.309241
12.899998 11.754735
12.299998 12.006491
11.2 11.223179
11.599999 11.756995
11.599999 11.431757
12.1 11.801474
11.3 11.378633
10.3 10.441969
11.400001 11.478347
11.8 11.871841
12.199999 12.358067
11.999998 12.226385
11.8 11.931905
11.3 11.350568
13.299971 13.180876
11.3 11.301184
11.400001 11.971361
13.543697 13.362913
13.500008 13.496465
11.3 11.889883
11.5 11.624786
11.8 11.9994545
11.900001 11.852931
11.400001 11.307997
11.2 11.216652
12.058607 10.980804
10.2 10.270519
11.1 11.11399
11.7 11.776899
11.1 11.402479
11.1 11.098648
11.8 11.889355
11.2 11.20725
12.27437 12.209641
11.3 11.278742
11.1 11.278186
11.599999 11.579118
11.599999 11.900217
11.1 11.0622015
15.192754 13.449951
11.2 11.202758
11.1 11.122228
11.2 11.2308655
11.2 11.259471
11.8 11.84007
11.400001 11.484898
11.900001 11.881924
11.900001 11.903195
11.2 11.270241
9.79897 10.163761
11.5 11.47409
12.299998 12.241661
11.7 11.790832
11.2 11.271212
11.3 11.304334
11.900001 12.043548
11.7 11.691156
11.2 11.19866
11.7 11.290219
11.2 11.518721
11.7 11.958834
11.3 11.279273
11.900001 11.85572
11.900001 11.892184
11.400001 11.28197
11.45 11.438091
11.3 11.318377
10.79897 10.722727
11.2 13.519987
11.8 11.855855
11.7 12.81723
11.5 11.230114
11.2 11.250076
11.999998 11.601894
10.40103 10.410458
11.5 11.576745
12.399998 12.1068125
11.1 11.191881
11.2 11.192596
11.2 11.219657
11.2 11.238328
11.8 11.838148
13.4372425 13.188733
11.999998 11.900959
11.2 11.666864
11.2 11.203353
11.5 11.507861
13.020819 11.072024
11.5 11.477914
10.70206 10.597086
11.3 11.312141
11.8 11.884723
12.199999 11.3159485
10.1 10.545536
11.1 11.130889
11.7 12.749526
14.500117 14.5067005
12.599997 12.893323
11.599999 11.554094
13.200015 12.99998
11.2 11.200039
11.400001 11.444024
11.3 11.33
11.1 11.105297
12.399998 12.793754
12.399998 12.888685
11.599999 12.140013
11.2 11.321145
12.399998 12.716524
11.8 11.832122
11.400001 11.251194
11.999998 11.908032
11.5 11.473418
11.2 11.251366
11.900001 11.890471
11.5 11.480101
11.2 11.172109
11.599999 11.680919
12.399998 11.927173
11.2 11.232548
12.058607 11.582747
13.000009 12.856473
11.3 11.394455
11.999998 11.928139
15.058607 13.98417
13.699981 12.245246
11.599999 11.908332
11.900001 12.651794
11.5 11.060918
12.359637 12.14288
11.2 11.075832
14.29897 13.724684
11.3 11.497464
11.5 11.666592
12.399998 11.72197
11.3 11.353625
11.2 11.240556
11.1 11.197616
12.399998 11.909391
11.5 11.2423315
12.299998 12.051354
12.1 11.9031
11.1 11.073861
13.899971 13.332634
11.2 11.243725
11.2 11.251314
11.900001 11.878104
11.2 11.360176
11.599999 11.594185
11.3 11.451427
11.8 11.623811
11.2 11.297596
11.1 11.123099
10.2 10.492101
11.599999 11.605636
12.399998 11.655521
11.2 11.217812
11.2 11.2766285
11.5 11.479292
11.7 12.137201
10.3 10.569304
11.8 11.571869
12.449998 12.620884
11.1 11.222366
11.2 11.205118
11.599999 11.71845
10.8447275 10.722528
11.599999 11.680513
11.1 11.170257
11.413951 11.413414
11.999998 11.93428
11.1 11.132429
11.400001 11.371333
11.5 11.664091
11.2 11.213639
11.599999 12.473052
11.7 11.5653305
10.40103 10.538454
11.1 11.172
12.599997 12.118188
11.5 11.651499
11.5 11.539861
11.5 11.535967
11.2 11.251209
11.1 11.66648
11.5 11.720195
12.29074 11.852249
11.2 11.178525
12.599997 12.540696
11.900001 11.848195
11.2 11.297299
11.2 11.2067
11.3 11.271962
11.8 11.453248
11.999998 11.768884
11.1 11.705549
11.7 11.355869
11.999998 11.92717
11.8 11.829224
11.1 11.234547
11.999998 11.967368
11.3 11.690185
11.1 11.122158
11.3 11.423696
11.7 11.444254
12.399998 12.530657
9.79897 10.240869
12.399998 12.509633
11.2 11.248083
11.8 11.87626
11.900001 11.917332
12.344125 12.425008
11.2 11.268264
11.1 11.150469
11.2 11.201431
12.699998 12.654293
11.3 11.34116
11.8 11.907366
11.2 11.197616
11.400001 11.440028
13.699981 14.091244
10.40103 10.585218
11.8 12.693194
11.900001 11.9070635
12.499997 12.412346
11.8 11.824656
11.3 11.397003
12.799992 13.669023
11.900001 11.8845825
11.599999 11.751098
11.2 11.237279
11.2 11.207486
12.1 11.768728
11.1 11.133682
12.622879 12.651097
10.224938 12.361575
11.1 11.178078
11.2 11.214669
11.5 11.510052
11.900001 11.741914
11.8 11.853652
11.2 11.242804
10.70206 10.716813
11.900001 11.81082
11.8 11.705376
11.2 11.229842
11.8 12.568809
11.2 11.23504
11.5 11.539237
12.622879 12.465629
13.500008 12.185638
11.1 11.15018
11.2 11.272373
11.2 11.203277
11.2 11.212643
13.999974 13.491278
11.900001 11.876314
11.1 11.109187
11.3 11.274827
11.7 11.71928
11.8 11.781445
11.900001 11.878144
11.180922 11.168681
10.622879 10.704604
11.599999 11.684689
11.599999 11.674163
11.900001 11.902635
10.1 12.407627
11.8 11.537018
11.3 11.219505
15.299971 15.02715
12.899998 12.286183
11.5 11.4966545
11.3 11.321143
11.3 11.374253
11.5 12.121422
12.799992 11.655814
11.7 11.668683
11.400001 11.26625
12.299998 13.051334
11.7 11.824834
11.900001 12.334402
11.7 11.672886
11.599999 12.393638
11.8 11.649959
11.900001 11.7900715
11.1 11.209481
11.8 11.825217
11.3 11.412722
11.999998 12.680183
11.999998 11.910679
11.3 11.397893
11.900001 11.877692
10.307609 10.536751
11.599999 11.673414
11.1 11.147918
11.1 11.144067
11.2 11.202406
11.3 11.344873
11.1 11.17171
14.1 12.66204
11.2 11.269838
11.2 11.1911955
11.2 11.215367
12.1 11.880512
11.2 11.232489
14.400163 13.541658
11.1 11.110446
11.8 11.824696
12.399998 12.431941
14.79897 14.344809
11.2 11.186038
12.499997 12.83396
11.5 12.551917
11.900001 11.881085
11.999998 12.330983
12.986056 13.420792
11.8 11.819468
11.3 11.462656
11.900001 11.853014
11.5 11.620497
11.2139435 11.159641
11.2 11.277032
11.1 11.245222
10.40103 11.393649
11.79897 12.008972
11.900001 11.883907
11.1 10.6584215
11.5 11.435134
11.3 11.286412
12.399998 11.883846
11.15 11.968112
11.7 12.002734
14.1 13.603331
10.70206 10.73158
11.400001 11.446284
12.499997 11.766068
11.1 11.188629
11.1 12.613935
11.8 13.201126
11.1 11.193732
11.1 11.161478
11.1 11.180074
11.999998 13.794032
11.5 11.902875
11.1 11.156117
11.1 11.111918
11.2 11.203656
12.399998 11.954117
11.1 11.125711
11.900001 11.95879
11.2 11.232724
11.599999 11.627649
10.40103 10.038807
12.499997 11.624059
11.49794 11.588909
11.1 11.293773
13.59485 13.621807
12.392429 12.673537
11.8 11.821999
11.2 11.212083
11.2 11.196001
13.122276 12.985998
11.7 12.26973
11.400001 11.367639
10.224938 12.104652
11.7 11.667634
11.999998 11.585629
11.8 11.7994175
11.8 11.831586
11.1 11.119538
10.1 10.047594
11.1 11.274918
12.399998 12.315666
11.2 11.200207
11.8 11.78232
11.2 12.097668
11.5 11.307945
11.8 11.304027
14.1 13.3278675
11.3 11.492726
11.3 11.3049135
11.900001 11.880304
11.900001 11.871345
11.3 11.821277
10.8 10.785223
11.5 11.460325
10.224938 10.35378
12.799992 12.932608
11.5 11.658141
12.299998 12.513877
11.5 11.507441
11.8 11.826167
11.5 11.751022
11.1 10.880115
13.500008 11.951463
12.899998 12.186297
12.1 11.487104
11.2 11.274407
11.1 11.136663
11.7 11.301932
10.40103 11.094701
11.7 11.4413185
11.2 11.296153
12.1 11.179081
11.2 11.175723
11.900001 11.883013
11.900001 11.880523
12.199999 11.963647
11.3 11.466132
11.2 11.21548
12.199999 12.128778
10.224938 10.297375
11.7 11.764599
11.8 11.988456
11.031815 11.600098
10.923909 10.945609
11.5 11.448532
11.3 11.502557
11.2 11.219331
11.599999 11.5724535
11.7 11.611108
11.900001 11.862612
12.399998 12.176952
11.2 11.277467
11.2 11.174483
11.2 11.202191
11.2 11.180586
11.7 11.844064
11.400001 11.432234
11.999998 11.929076
11.1 11.182394
13.191515 12.969435
10.3 10.43661
13.1 12.258019
13.200015 12.945709
11.999998 11.996304
11.1 11.178139
9.70206 10.028085
11.2 11.227412
9.40103 10.17467
11.5 11.706879
11.900001 11.92129
12.499997 12.363582
11.900001 11.876788
11.900001 11.893367
11.900001 11.904794
10.4 10.382577
11.2 11.328414
11.7 11.765246
11.1 11.147365
11.1 11.146203
11.3 11.2806225
11.599999 11.557519
11.40103 11.264104
11.2 11.247616
11.5 11.442025
11.900001 11.902933
11.8 11.85163
12.1 11.80633
11.2 11.250795
12.1 12.506287
10.79897 11.00836
11.999998 11.442168
10.581486 10.459811
11.5 11.688378
11.3 11.330679
11.3 11.278995
12.599997 12.715157
13.1 12.925476
12.93459 12.41931
11.599999 11.628636
11.8 12.11242
13.000009 12.9866905
11.5 11.466254
13.191515 12.798164
11.1 11.103861
12.599997 11.772505
11.2 11.558272
11.2 11.229119
12.122276 11.750314
11.900001 12.0408325
11.3 11.517963
11.1 11.136971
11.900001 12.0222225
11.3 11.472798
11.3 11.362601
12.399998 12.239117
11.8 11.855077
11.3 11.265291
11.2 11.270708
11.2 11.226576
12.299998 12.725486
11.7 11.330648
14.1 13.267747
11.3 11.286924
11.7 12.219879
11.1 11.004827
11.976935 12.023714
11.3 11.312891
11.400001 11.4494295
12.499997 11.809288
11.900001 11.900392
11.3 11.4020815
11.5 11.418027
11.418758 11.498962
11.599999 11.547162
12.199999 12.141232
11.599999 11.404251
11.999998 11.786757
11.435792 11.019296
11.3 11.3087225
11.900001 11.518978
13.1 13.323612
11.2 11.162445
11.400001 11.417561
12.899998 13.318851
12.499997 11.394592
11.5 11.5172615
11.3 11.853154
11.1 11.161444
11.254902 11.256071
11.900001 11.865208
11.599999 11.614951
11.900001 11.861395
11.900001 11.788961
11.400001 11.787886
11.3 11.372147
9.79897 10.112381
12.299998 12.16774
10.70206 10.580318
11.8 11.954238
12.299998 12.229651
11.1 11.274397
11.79897 11.074835
14.999629 14.560144
11.2870865 10.829234
11.7 11.76267
11.8 13.058508
11.400001 11.428638
11.2 11.26542
15.600313 14.704889
11.3 11.357575
11.900001 11.726864
11.900001 11.877846
11.1 11.097182
11.8 12.295582
11.400001 11.868843
12.599997 11.894246
11.999998 11.712288
11.599999 11.621957
11.7 11.782835
11.2 11.334661
12.699998 11.577814
11.2 11.275248
11.108774 11.264444
11.1 11.115385
12.399998 11.755671
11.599999 12.24335
11.3 11.346294
11.8 11.837133
11.400001 11.410769
11.2 11.383225
11.599999 11.97576
14.79897 13.745668
11.2 11.327929
12.599997 12.484863
11.7 11.6923485
11.2 11.239925
11.900001 11.881227
10.020819 10.263095
14.700326 13.512271
12.199999 12.069354
11.8 11.802537
10.79897 11.082979
10.622879 10.724768
11.2 11.193235
11.618557 12.168458
10.1 10.635928
11.1 11.074817
11.8 11.818334
11.456548 11.341528
13.600039 12.98279
10.40103 10.409709
11.5 11.494065
11.3 11.36702
11.2 11.226507
12.399998 13.044041
11.3 11.491093
11.1 11.112422
11.900001 12.671527
12.618579 12.654472
11.78403 11.998805
11.599999 11.478988
11.2 11.462982
12.1 11.505153
11.900001 11.8503895
11.1 11.112737
10.224938 12.034642
12.020819 11.746821
11.900001 12.1062355
11.2 11.569135
11.900001 11.9030075
11.400001 11.416065
11.5 11.735508
14.1 14.147708
12.499997 12.272251
10.1 10.349854
11.2 11.283943
11.757577 11.785971
11.2 11.372013
11.7 11.737946
13.200015 12.670698
11.5 11.568507
14.1 12.852178
11.400001 11.380072
11.8 11.82977
11.1 11.1542225
11.2 11.2110815
11.8 11.842556
11.2 11.585264
11.5 11.48209
11.8 12.207731
11.2 11.480574
11.999998 11.9293585
12.199999 12.49436
11.400001 11.429618
12.1 12.497959
10.581486 10.577623
11.5 11.478686
11.999998 11.948542
11.400001 11.630242
11.8 11.852857
11.8 11.926226
11.999998 12.49033
11.7 11.738983
12.199999 11.759764
11.3 10.504611
11.599999 11.231829
11.8 11.766932
13.800057 13.631277
11.3 11.324231
12.899998 11.267857
10.1 10.522648
10.788375 10.735549
11.2 11.186059
11.1 11.463741
13.899971 13.653528
11.7 11.75175
12.058607 12.696077
11.400001 11.511252
11.5 11.640157
11.2 11.313129
11.1 11.207686
11.2 11.223883
11.2 11.23216
11.2 11.196059
14.1 11.389759
12.499997 12.433455
12.399998 11.936081
11.900001 11.873496
14.200179 12.990811
11.7 11.51975
11.8 11.815277
11.7 11.718909
11.1 12.066895
10.6 10.571202
10.9 11.34828
11.1 11.236057
11.2 11.257743
13.800057 13.365585
11.400001 11.406028
11.900001 11.858974
11.400001 11.386658
11.999998 11.266444
11.7 11.541804
11.1 11.246479
11.8 11.836877
12.599997 12.042882
11.599999 11.572535
12.1 12.446325
11.3 11.575069
11.900001 11.879664
10.622879 11.347517
11.297911 10.789108
11.3 11.4569435
12.599997 11.846442
11.3 11.725693
11.1 11.084776
11.2 11.290687
13.089405 11.86907
11.923909 11.662022
11.3 11.324287
11.999998 11.984042
11.2 11.237579
10.9 10.681847
12.1 11.373405
11.126872 11.218648
14.700326 13.42904
10.861686 11.1854725
11.5 11.917301
13.299971 12.574714
11.2 11.2558
11.7 11.798336
11.1 11.121046
13.399989 12.708852
11.2 11.263412
11.5 11.513116
11.1 11.196411
11.599999 11.595134
11.2 11.210576
11.400001 11.469263
11.7 11.755669
12.799992 12.015305
11.5 11.706131
10.70206 11.673389
11.400001 11.445726
11.2139435 11.543965
11.7 11.815046
10.40103 10.581366
12.40103 12.078405
11.8 12.36567
11.7 11.352419
11.999998 11.798418
12.1 11.855084
12.877283 12.172528
12.299998 12.245866
11.8 11.826628
10.1 10.402296
11.5 11.58707
11.3 11.878884
11.3 11.3509
11.999998 12.032505
10.351812 10.543348
11.3 11.619755
13.699981 12.791071
10.59485 11.507356
11.1 11.161035
14.1 13.638398
11.7 11.869616
10.1 10.2597475
11.1 11.198546
11.999998 11.93713
11.2 11.220704
13.79897 13.418739
10.2 10.499822
11.8 11.819358
11.622879 11.612354
10.3 10.579479
11.2 11.626861
11.2 12.224699
11.2 11.526723
11.900001 11.953206
14.200179 13.803443
11.400001 11.485959
11.599999 12.522344
11.2 11.550293
11.2 11.177711
11.3 11.30864
11.2 11.35669
11.3 11.335059
11.3 11.330605
11.400001 11.418331
11.900001 11.867347
11.999998 11.887445
11.599999 11.309638
11.900001 11.276919
11.1 11.157566
11.2 11.222746
13.1 12.430104
10.8 10.444683
11.400001 11.473283
11.2 11.2223
11.1 11.216576
11.3 11.337432
11.8 11.775397
11.2 11.239364
11.3 11.280097
11.2 11.171093
11.2 11.354142
11.8 11.814753
11.2 11.197557
11.599999 12.209649
12.665546 12.7657995
14.299971 13.491666
11.900001 11.907319
11.400001 11.487009
11.2 11.19019
11.599999 11.410183
11.807744 11.669785
11.2 11.194543
10.4 10.165451
11.599999 12.6590185
11.599999 11.771971
11.900001 11.906717
11.999998 11.982832
11.900001 11.902516
11.8 11.882142
11.1 11.13999
11.599999 11.62408
11.1 11.184824
11.900001 11.897471
11.5 11.443544
12.899998 12.349631
11.1 11.02757
11.1 12.010524
11.1 11.028822
10.2 10.484858
11.599999 11.714938
11.5 11.55993
11.8 11.990198
11.5 11.917856
11.999998 11.915148
11.5 11.674073
12.899998 13.617593
11.1 11.167634
14.200179 13.805647
10.4 10.584487
11.5 11.778367
12.1 11.899257
11.2 11.36196
12.299998 12.363815
11.1 11.234441
11.2 11.922102
11.3 11.24289
11.1 11.265207
11.900001 11.913564
11.1 11.170967
11.7 11.657038
11.999998 11.807043
11.999998 11.865559
10.738272 10.715128
11.2 11.400235
11.400001 11.476982
13.999974 12.801862
11.5 11.454247
12.299998 12.319778
11.5 11.649362
11.2 11.391234
11.599999 11.324932
11.1 11.105674
11.5 11.527607
11.2 11.283382
11.897941 11.868305
11.400001 11.405654
14.999629 14.145842
12.499997 12.73116
11.1 11.224571
11.2 11.279129
11.999998 12.261669
11.7 11.785654
10.89724 10.716418
11.599999 12.368872
12.821246 12.643048
10.9 10.781197
12.847147 12.012647
11.3 11.272075
10.622879 10.751421
11.1 11.11763
11.5 11.317053
10.622879 10.761578
11.8 11.820476
11.900001 11.902512
11.1 11.197504
13.899971 13.349551
11.599999 11.557117
11.5 11.437845
11.7 11.67123
9.79897 10.080505
11.3 11.510915
11.900001 11.852736
11.7 11.745497
11.2 11.395082
11.2 11.27161
13.078811 12.808709
10.79897 11.137067
11.1 11.226243
10.8 10.772274
11.400001 11.431668
14.79897 12.034904
10.1 10.101567
11.2 11.334683
12.1 11.893313
11.3 11.245515
12.799992 12.093865
11.3 11.7389965
11.999998 11.970862
11.1 11.15941
11.400001 11.355802
11.1 11.122934
11.599999 11.401627
11.1 11.3458395
11.5 12.24835
11.1 11.11192
10.5 11.202077
11.5 12.424554
12.1 11.489095
11.2869625 11.296581
11.999998 12.574126
11.2 11.229123
12.730784 12.919667
12.199999 12.077168
12.299998 11.860042
11.1 11.152214
11.1 11.144319
12.1 11.937004
11.2 11.702004
11.900001 11.881999
11.3 11.460424
11.599999 11.472396
15.280456 14.337965
10.637602 11.286236
13.399989 11.9872675
11.2 11.521966
11.5 11.560715
12.199999 12.214536
11.400001 11.356159
11.1 11.131317
11.999998 12.190718
11.3 11.322509
11.8 11.525216
11.2 11.354375
11.599999 11.523032
11.3 11.586103
11.108774 11.234431
11.599999 11.779368
11.400001 11.49991
11.900001 11.774317
11.2 11.418133
11.900001 11.885122
11.5 11.477039
11.7 11.835367
11.2 11.227637
11.2 11.246507
11.2 11.222564
11.400001 11.382859
11.900001 11.8582325
11.2 11.181714
11.3 11.176931
11.900001 11.884371
11.3 11.041539
11.2 11.211959
13.280456 12.329617
11.8 11.8187685
11.5 10.780798
11.8 11.800496
11.5 11.668304
12.199999 11.553153
11.1 11.187196
11.5 11.510613
11.1 11.831786
11.400001 11.391288
11.2 11.286037
12.254902 12.382742
11.900001 11.976695
10.8 10.904049
11.2 11.432783
12.599997 11.7427
11.900001 11.877922
11.599999 11.570767
11.999998 12.427752
11.2 11.295926
11.999998 11.907205
11.1 11.164476
11.8 11.764399
11.2 11.354875
11.1 11.182528
11.2 11.195753
12.399998 12.055891
11.7 11.68553
11.900001 11.834359
11.2139435 11.334973
11.0 10.733527
11.7 11.798462
11.622879 11.320165
11.2 11.216447
11.8 11.864168
11.999998 11.96762
12.599997 12.648651
11.2 11.337927
10.8 10.477172
11.3 11.256253
11.2 11.230604
11.5 11.509062
11.1 11.240482
12.599997 12.814146
11.641513 11.781628
11.599999 11.593379
12.699998 12.058055
11.3 11.351859
11.2 11.19235
11.1 11.1289625
12.1 11.978118
10.9 10.715205
11.999998 11.974755
10.336572 11.057383
11.5 11.448483
11.2 11.503002
11.900001 12.021728
11.1 11.124031
11.79897 10.699618
12.879892 12.63324
12.199999 12.257857
11.900001 11.727217
13.299971 12.134863
13.543697 13.502897
11.911955 11.920528
12.199999 12.302471
11.2 11.284731
11.3 11.436056
11.2 11.806889
13.1 11.014315
12.504504 12.172492
11.2 11.204951
11.2 11.256767
11.1 11.16527
11.1 11.147841
11.3 11.454452
11.2 11.176678
11.3 11.361185
11.3 11.418916
11.7 11.778077
12.1 12.264351
11.1 11.184906
11.400001 11.422875
10.70206 10.727301
10.738272 10.364082
11.2 11.398695
11.900001 11.378875
11.900001 11.899266
11.7 11.893877
11.400001 11.801258
11.900001 11.90276
11.400001 11.421042
13.600039 12.8464155
13.439989 13.3956
12.199999 12.199429
11.1 11.143075
10.40103 10.760017
11.2 11.245491
11.8 11.855744
13.200015 13.184735
15.175721 14.228132
11.999998 12.477438
11.1 11.159507
11.8 11.847186
11.8 11.876771
11.3 11.379195
11.7 11.758139
10.49794 10.385928
10.627244 10.427523
11.1 11.138891
10.6 10.53464
11.400001 11.481491
12.199999 12.117543
11.3 11.314885
11.8 11.833581
12.299998 12.330674
13.1 12.628174
11.5 11.499392
11.1 11.560461
11.999998 11.9899235
11.1 11.1625805
11.599999 11.851532
11.2 11.195501
11.5 11.746934
11.7 11.783978
11.1 11.149382
10.3 10.580492
11.5 11.516055
10.3 10.318278
11.2 10.926254
11.400001 11.533579
11.7 11.614894
11.5 11.573056
11.5 11.480377
11.900001 11.897848
11.2 11.229473
11.1 11.166314
12.499997 11.858055
11.599999 11.551419
11.8 11.828379
11.1 11.196763
12.399998 12.79777
11.7 11.929446
11.8 11.831386
11.900001 11.923836
11.900001 11.86407
11.1 11.179232
11.8 11.793537
15.684434 14.383362
11.5 11.486881
11.2 11.185465
11.3 11.254961
11.1 11.165801
11.3 11.460984
12.199999 11.902096
12.599997 12.525013
11.2 11.280394
11.400001 12.026109
11.599999 13.355457
11.1 11.3223915
11.599999 11.605528
11.3 11.31967
11.2 11.286523
12.499997 11.7498255
11.7 11.786559
11.3 11.994427
11.900001 11.794659
12.599997 12.07431
11.3 11.240157
11.7 11.644132
11.900001 11.850289
11.1 11.17657
11.8 11.920158
12.899998 12.241257
11.2 11.18762
11.2 11.299077
12.499997 11.953501
11.2 11.22476
11.900001 11.841353
11.5 11.190355
11.7 11.627812
11.2 11.217436
11.2 11.194776
11.1 11.146816
11.7 11.990932
11.599999 12.156134
11.3 11.295928
11.5 11.442068
11.5 11.663125
11.2 11.801195
11.3 11.767369
11.1 11.134361
11.1 11.279615
11.900001 11.885221
11.999998 11.8699465
11.900001 11.892037
12.599997 12.460431
13.399989 13.1524105
11.900001 11.559588
12.199999 12.020708
11.5 11.499774
13.800057 13.642471
12.199999 12.379189
11.599999 11.557112
12.299998 11.512314
13.800057 13.125095
12.499997 12.098134
13.699981 12.652923
11.900001 12.000471
11.5 11.537258
11.8 11.780147
11.684318 11.59956
11.900001 12.545035
10.40103 11.033889
12.399998 11.955881
11.7 11.577658
11.5 11.380144
11.2 11.182182
12.299998 11.750433
11.2 11.233829
11.3 11.284275
13.000009 13.247766
12.299998 12.270783
11.2 11.277425
12.699998 12.899109
11.7 11.706207
13.299971 13.294601
14.160929 13.271558
12.122276 12.757704
11.7 12.083772
12.794648 12.716834
11.900001 11.891338
11.5 11.59475
11.900001 12.816856
13.500008 12.415815
11.900001 11.909337
11.5 11.589849
11.400001 11.36013
12.499997 12.449456
11.1 11.37635
11.8 11.8136015
11.944664 12.376856
12.899998 12.300501
11.999998 12.051938
14.254902 14.225348
11.7 11.753223
11.8 11.822832
11.2689295 11.332866
11.2 11.378102
13.261151 12.87354
11.599999 11.693048
11.3 11.371336
10.622879 10.721359
11.1 11.176708
11.2 11.22111
11.900001 11.648798
11.2 11.241393
11.999998 11.9948
14.1 13.803938
10.5 10.419754
13.299971 12.862829
11.900001 11.604001
11.900001 11.884535
10.622879 10.431679
11.2 11.250166
11.599999 11.530992
11.2 11.211355
10.622879 10.710177
11.3 11.276847
11.5 11.645864
11.8 11.8231945
11.7 11.722304
11.2 11.231769
12.799992 12.389707
10.336572 11.03393
11.8 12.323968
11.5 11.587514
12.5685215 12.746409
11.1 11.352559
12.520216 13.5348
12.399998 11.814491
11.900001 11.880026
11.400001 11.776945
11.400001 11.370789
13.600039 13.11892
12.59485 12.570922
11.1 11.851148
12.899998 12.337548
10.2 10.329384
10.131517 10.942699
12.799992 12.6635895
11.7 11.8021555
11.8 11.834274
13.299971 12.215885
11.2 11.271202
11.2 11.260356
11.3 11.371676
11.145758 11.495443
11.7 11.371945
14.1 13.953583
11.3 11.270565
11.2 11.251483
10.89588 11.242425
12.1 11.516756
14.600313 13.587658
11.3 11.334515
10.1 10.490329
11.520216 11.197066
11.400001 11.368895
11.1 11.273786
11.599999 11.222602
13.899971 12.664845
11.900001 11.886822
12.299998 11.561709
12.249986 12.720581
11.900001 11.866104
13.600039 12.742822
11.900001 11.8698845
11.599999 12.17882
11.1 11.152296
11.1 11.200404
11.900001 11.893035
11.900001 11.874997
12.199999 11.87861
11.5 11.498205
11.3 11.394912
11.900001 11.996423
11.1 11.137005
11.5 11.633854
11.3 11.580832
13.000009 12.571254
11.400001 11.324205
10.1 10.2354965
11.400001 11.430764
11.7 11.825429
11.2 11.366267
11.7 11.8867655
11.599999 11.454725
12.699998 12.994153
11.5 11.534578
11.999998 11.966667
11.2 11.294706
11.599999 11.304742
12.299998 11.433323
11.8 11.182601
11.1 11.177582
11.599999 11.607157
11.2 11.647543
11.900001 11.69233
12.199999 11.946508
11.7 11.740358
11.5 11.307384
11.999998 12.197893
10.2 10.966523
11.2 11.277932
12.699998 11.608225
11.599999 11.56466
12.1 12.362981
11.2 11.210002
13.800057 13.041103
11.400001 11.453633
13.500008 12.879961
12.699998 12.407055
11.2 11.27903
11.1 11.086398
12.499997 12.013867
12.926814 12.68677
11.7 11.785539
10.40103 10.396908
11.1 11.141879
11.2 11.261967
11.1 11.167029
11.1 11.137152
11.599999 11.438112
11.7 11.750199
11.900001 11.83585
11.2 11.206065
11.400001 11.417434
11.2 11.224594
11.2 11.199527
11.8 11.827866
11.5 11.58753
11.5 11.4994755
11.3 11.5145
11.7 11.661055
11.3 11.692228
11.8 11.883059
11.599999 11.71445
13.104364 11.824874
11.3 11.233971
11.900001 11.868779
11.1 11.876728
11.2 11.203076
11.8 11.796249
11.400001 11.414426
11.900001 11.922699
12.299998 12.46327
11.999998 11.982862
11.7 11.723243
11.900001 11.858266
11.2 11.587351
12.1 11.890139
15.1 14.520958
9.49794 10.001455
12.199999 12.077167
11.622879 11.096694
12.651294 12.375015
10.70206 10.722832
14.700326 13.814978
11.900001 11.872953
12.699998 12.689134
12.699998 12.846813
11.1 11.180043
11.5 11.478929
11.5 11.485211
11.999998 11.8091755
11.599999 11.680248
11.2 11.555825
11.2 11.257619
12.799992 12.189433
13.40103 12.91064
12.199999 11.847023
12.399998 12.819534
13.000009 12.315119
11.1 11.458172
11.2 11.205115
11.5 11.953508
11.2 11.159328
12.299998 12.308006
11.2 11.220972
11.1 11.587689
11.3 11.350122
11.8 11.734226
11.1 11.167121
11.400001 11.394266
12.379841 12.443067
13.399989 13.11257
11.2 11.3601
12.699998 12.760874
11.1 11.316899
14.299971 13.456814
11.5 11.706034
11.7 11.518131
12.199999 11.902301
11.8 11.338049
11.400001 11.405651
10.4 11.249702
11.3 11.236909
11.900001 11.916229
11.2 11.207498
13.1 13.227838
11.900001 11.898384
12.145758 12.104681
11.8 11.835342
12.199999 12.044749
12.699998 12.352581
11.2 11.25633
11.7 11.695239
11.1 11.314047
11.3 11.334307
11.40103 11.320957
11.1 11.250315
11.2 11.221197
11.5 11.576176
10.5 10.479129
11.7 11.415667
10.1 10.698883
11.2 11.382529
12.399998 12.420019
11.900001 11.892656
12.300659 10.786069
11.3 11.269137
11.1 11.156978
11.900001 12.428928
11.3 11.309254
13.600039 13.326911
12.599997 12.799227
11.599999 11.810455
12.499997 11.962428
11.2 11.245355
11.5 11.430923
11.2 11.424338
10.6 10.43202
10.3 10.416389
11.999998 11.976237
11.1 11.302016
11.8 11.831258
11.2 11.21941
12.799992 12.996629
11.0 10.810364
11.5 11.591993
12.199999 11.715028
11.7 11.766379
12.599997 12.3940525
12.799992 12.444919
11.7 11.710545
11.2 11.219498
11.599999 11.344501
11.5 11.523268
11.400001 11.364496
11.2 11.260937
11.599999 11.34481
11.3 11.265442
11.900001 11.848374
11.3 11.341343
11.2 11.2109165
11.900001 11.911895
11.7 11.735591
11.2 11.433167
11.7 11.71245
11.1 11.108141
11.3 11.334434
11.900001 11.938179
10.2 10.2669
11.400001 11.854843
11.8 11.824497
12.299998 12.509269
11.900001 11.867037
13.446788 13.452568
11.1 11.152927
11.1 11.543133
11.7 11.892467
11.599999 11.460496
10.3 10.336245
11.2 11.222083
13.000009 12.388373
13.699981 13.54319
13.800057 13.281994
12.1 11.963458
11.2 11.170795
11.599999 11.662112
12.799992 12.00397
11.2 11.317214
11.5 11.734743
10.869551 11.5811405
11.2 11.178814
10.49794 10.671591
11.400001 11.418187
13.1 13.400183
11.900001 11.891082
11.1 11.114473
11.3 11.269463
11.727339 12.0266285
11.1 11.256957
11.5 11.611842
11.900001 11.882969
11.8 11.887192
11.7 11.822508
11.2 11.309595
11.8 11.540956
10.622879 10.972252
11.1 11.182569
11.7 11.419955
11.5 11.541006
11.2 11.285897
11.900001 11.897607
12.199999 12.657962
11.7 11.845878
13.923909 13.584331
11.999998 12.218576
11.8 11.580952
11.8 11.801807
11.900001 11.920363
12.599997 12.629472
12.399998 11.605001
10.70206 10.703789
13.79897 13.463056
11.1 11.28215
11.3 11.290769
11.900001 11.8499775
11.400001 11.45266
11.3 11.315362
11.599999 11.99619
11.900001 11.894258
11.1 11.840579
11.8 11.846631
9.986056 10.317136
12.799992 12.048295
11.2 11.185157
9.79897 10.001632
12.699998 11.876118
10.70206 12.271116
12.1 11.820468
12.299998 11.930263
11.3 11.330146
14.700326 14.008265
11.122276 11.361102
13.1604805 12.315595
11.999998 11.614412
11.1 11.21433
11.5 11.470008
11.2 11.267202
11.900001 11.813854
11.1 11.139061
11.400001 11.382356
11.400001 11.439017
15.200179 14.0712595
11.5 11.656847
11.3 11.951448
11.3 11.665509
11.254902 11.454434
11.400001 11.335521
11.599999 11.756086
11.5 11.490285
11.999998 11.989796
11.2 11.22276
10.1 10.30439
11.2 11.209559
13.000009 13.112751
14.500117 14.029827
11.2 11.182149
11.1 11.168825
12.096055 12.149036
11.599999 13.080077
11.900001 12.360651
12.899998 11.684005
13.63027 13.46295
11.2 11.370126
11.400001 11.411541
11.999998 11.933809
12.299998 12.517724
11.900001 11.907092
13.500008 11.94382
11.7 11.7108965
11.3 11.760593
11.1 11.146346
11.599999 11.609357
11.1 11.270456
11.7 11.683842
10.1 10.230981
11.900001 11.896993
12.532973 11.978646
14.500117 13.718394
13.749991 13.524829
14.1 13.750982
11.1 11.061155
10.5 10.604313
11.900001 11.8720045
12.399998 12.63759
10.020819 10.237286
11.599999 11.538812
10.40103 10.460883
11.2 11.2565155
11.5 11.505219
11.1 11.11327
12.199999 12.637945
11.7 12.446008
12.699998 13.096058
11.3 11.461628
12.020819 11.973515
11.5 11.463448
11.999998 11.959427
11.5 11.523155
11.2 11.209697
11.2 11.321385
11.1 11.097199
11.900001 11.887659
11.999998 12.488798
12.199999 12.257815
13.738272 12.608143
11.400001 11.436574
13.500008 12.062563
11.7 11.687909
11.2 11.066623
12.483 12.543897
10.3 10.339415
13.800057 13.143307
13.1 11.675907
13.600039 13.03646
11.7 11.7156
14.400163 14.0113535
12.299998 12.20296
11.599999 11.283098
11.900001 11.871904
11.1 11.179132
11.5 12.164631
12.728932 13.374407
11.3 11.309519
10.70206 10.712897
12.923909 12.910807
11.5 11.486843
13.466532 12.944789
11.578862 11.796897
11.7 11.463231
10.40103 10.592311
12.899998 13.373337
11.1 11.14668
11.2 11.594833
11.900001 11.876287
11.8 12.179591
11.1 11.170489
11.900001 11.888378
11.8 12.008151
11.2 11.340383
11.2 12.432962
11.8 11.215964
11.900001 11.877821
11.2 11.317523
12.299998 12.7504635
12.599997 12.1438465
12.1 12.34337
11.400001 11.402558
11.5 11.563228
11.2 11.236394
12.699998 12.355447
11.2 11.197062
12.899998 12.397607
11.2 11.220429
11.5 11.618494
11.2 11.209463
11.2 11.186721
11.2 11.21727
11.2 11.655204
11.1 11.221444
11.2 11.242415
11.2 11.281073
12.1 12.204086
11.8 11.314084
11.900001 11.673737
11.3 11.35783
11.2 11.275793
14.1 14.028686
11.3 11.260935
11.5 11.760643
11.599999 11.365271
12.299998 12.353863
11.1 11.149177
11.400001 11.437109
12.456548 13.568186
12.799992 13.274193
12.299998 11.9959135
11.900001 11.8438635
13.200015 12.8669405
11.8 11.93245
11.2 11.326248
11.599999 11.60069
11.999998 11.907267
11.8 11.919545
12.599997 11.826962
10.1 10.136557
11.999998 11.892634
12.699998 12.790905
11.2 11.273034
11.177759 11.210805
12.1 12.008154
11.5 11.368406
11.1 11.145593
11.8 11.75024
12.1 11.726605
11.900001 11.890514
11.5 11.563587
11.8 11.807921
11.400001 11.532988
11.5 11.634794
11.900001 11.629583
10.383997 10.514592
11.1 11.247084
11.1 11.245864
11.2 11.196468
13.729818 13.585762
11.7 11.951756
11.3 11.360971
11.400001 11.381392
12.881363 12.726442
12.1 11.285196
9.79897 10.119041
11.2 11.212022
13.999974 14.341963
11.8 11.721759
11.1 11.106093
11.599999 11.573698
11.2 11.439576
11.900001 11.896785
9.40103 9.49172
11.2 11.241003
11.7 11.846343
12.199999 12.515985
12.199999 12.306726
11.2 11.210038
11.2 11.518831
11.25 11.402324
14.145758 13.506136
11.7 11.729891
11.900001 11.842279
11.1 11.158991
11.1 11.146803
11.1 10.93013
11.1 11.188693
11.999998 12.354256
11.5 11.528184
11.8 11.417512
11.1 11.167798
14.400163 13.438149
11.900001 11.935859
13.999974 13.071909
11.7 11.293772
11.5 11.47046
11.5 11.81058
11.999998 11.72965
11.3 11.359442
11.5 11.538838
13.986056 13.356564
11.2 11.013584
11.400001 12.410601
13.000009 13.068872
10.145758 10.109328
11.400001 11.499393
11.400001 11.442197
12.299998 12.0454035
11.400001 11.467537
12.499997 12.427191
11.999998 11.74569
11.400001 11.424355
11.3 11.318162
11.3 11.458893
11.8 11.826602
11.5 11.810735
11.5 11.524707
11.262469 11.224401
11.999998 11.922774
11.2 11.231905
11.2 11.598078
11.3 11.574411
11.900001 11.851894
11.1 11.138442
10.49794 10.593382
12.499997 12.258495
13.999974 13.459124
11.1 11.229366
10.622879 10.580043
11.1 11.188409
11.599999 11.24641
11.900001 11.884557
12.199999 12.2072735
11.2 11.844611
11.1 11.136384
11.900001 11.737281
11.599999 12.03881
11.400001 11.403862
11.2 11.342508
11.3 11.2947855
11.5 11.546916
13.200015 13.071057
11.400001 11.372596
11.7 11.208637
11.400001 11.417925
11.900001 11.905223
11.3 11.331748
11.1 11.152797
12.399998 12.382757
11.2 11.44106
13.200015 13.006005
11.1 11.489838
11.599999 11.648303
12.392429 12.4117985
11.599999 11.700482
11.3 11.293825
11.5 11.435376
11.1 11.191567
15.29382 14.531809
11.7 11.8814125
11.2 11.268163
11.8 11.62458
11.900001 12.120012
13.000009 11.797512
12.1 11.826191
11.1 11.113671
13.800057 14.2675
11.900001 11.810719
11.1 11.125708
11.2869625 11.3134775
11.599999 11.479354
11.2 11.215813
11.2 11.185022
11.2 11.173646
11.2 11.277121
11.3 11.235878
11.5 11.496344
11.3 11.63044
13.1 11.950644
11.400001 11.495672
10.986056 10.612865
11.1 11.156646
11.8 11.850874
12.170581 12.555846
11.5 11.723041
13.1 13.720497
11.900001 11.86428
13.000009 13.632219
13.699981 12.095866
11.1 11.115811
11.999998 11.511523
11.1 11.688176
12.199999 12.199761
11.599999 12.022013
10.3 10.383136
11.3 11.268721
12.299998 12.073343
11.900001 11.857857
11.2 11.229203
11.7 11.907036
11.1 11.106998
11.999998 11.97456
11.2 11.244527
11.599999 11.653887
12.344125 12.447184
11.3 11.399725
11.2 11.566724
11.599999 11.543634
11.900001 11.911561
11.599999 11.610503
11.400001 11.917889
11.599999 12.461496
15.600313 14.920531
11.1 11.148704
11.5 11.854459
10.854487 11.335078
12.199999 12.053598
11.599999 11.589157
14.5685215 13.720918
11.3 11.272303
10.622879 11.141836
13.997126 13.010036
14.581486 13.228448
10.8 11.070361
9.49794 9.682256
11.5 11.724929
11.599999 12.033698
11.2 11.241653
12.699998 12.35545
11.2 11.220393
11.599999 11.778491
11.400001 11.298109
11.400001 11.476655
11.5 11.618165
11.1 11.160599
11.5 11.510315
11.8 11.795265
12.599997 11.624263
11.999998 11.956408
11.8 12.3757
11.1 11.178971
11.2 11.456095
11.999998 11.754477
11.2 11.473878
11.1 11.13885
12.299998 12.140901
11.400001 11.730388
11.7 12.402569
11.8 12.048518
11.999998 12.603625
12.1 11.68415
11.8 11.780131
11.2 11.421539
12.1 11.77645
12.699998 12.604626
11.8 11.760405
11.900001 11.903033
11.1 11.212597
11.5 11.633721
11.058607 12.46757
11.900001 11.877685
11.900001 12.410134
11.999998 11.962643
11.1163435 11.181251
11.3 11.15582
11.3 11.527351
11.58426 11.352249
11.400001 11.442797
11.8 11.881026
13.399989 13.004488
13.821246 13.352379
11.3 11.298199
13.299971 13.341756
14.299971 14.223278
11.637602 11.59917
11.2 11.323173
11.1 11.235307
11.999998 11.988607
11.8 11.636285
12.599997 12.491509
11.599999 12.027096
10.9 10.7324095
11.400001 11.37127
11.5 12.277645
11.2 11.293135
11.7 11.756679
12.499997 12.803025
11.3 11.390038
10.2 10.170413
11.599999 11.7452755
11.2 11.177863
11.1 11.158026
12.499997 13.062705
11.7 11.904478
13.600039 12.879406
11.2 11.256889
11.5 11.52796
12.299998 11.760036
11.2 11.220438
11.1 11.136531
11.5 11.566042
12.599997 11.876271
13.1 12.360727
11.400001 11.417378
11.2 11.218358
11.400001 11.518185
12.401899 12.696676
9.79897 10.03827
11.543697 11.287867
11.400001 11.392411
11.900001 11.770024
11.599999 11.636776
10.70206 10.721495
14.1 14.090706
11.1 11.133432
11.8 11.818508
11.3 11.753642
9.941637 10.08033
11.2 11.241876
11.3 11.40558
11.900001 12.002868
11.599999 11.519089
11.5 11.676628
11.8 12.2456
11.2 11.2820835
13.000009 11.813619
14.500117 13.626265
11.3 11.290542
11.8 11.7958145
11.7 11.814888
11.1 11.159894
13.200015 12.256501
11.5 11.508813
10.1 10.147328
11.821246 11.465974
11.7 12.808496
11.8 12.046722
12.899998 11.954097
11.79897 11.690847
11.599999 11.880491
11.2 11.216113
11.1 11.15245
11.599999 11.033123
11.3 11.368571
11.400001 12.509501
11.400001 11.391678
10.40103 10.639983
10.70206 10.83632
12.799992 12.547526
10.40103 11.20637
12.899998 12.429372
10.869551 10.132628
11.900001 11.923268
11.900001 11.95404
11.1 11.126249
11.8 11.792755
11.400001 11.418437
11.999998 11.933584
13.500008 13.34794
11.1 11.113358
11.108774 11.215411
11.1 11.222209
10.1 10.245862
11.3 11.503909
11.2 11.260085
12.299998 12.113854
10.622879 10.347724
12.1 11.585302
11.8 11.826305
11.999998 12.097166
11.400001 11.420136
12.799992 11.954653
11.2 11.230303
11.8 11.860971
11.1 11.527725
11.1 11.604966
11.2 11.232266
10.5 10.44388
11.400001 11.374749
10.8447275 11.969791
11.8 11.812437
11.599999 11.623344
11.7 11.689621
11.3 11.402166
11.1 11.150863
11.2 11.230298
11.2 11.324942
11.7 11.729347
11.5 11.503564
11.2 11.237654
11.400001 11.453624
11.7 11.899316
11.1 11.2605715
12.199999 11.338743
11.49794 11.517531
12.1 11.746821
11.7 11.647048
11.900001 12.321214
11.5 11.458363
11.900001 11.88287
11.3 11.410557
9.79897 10.312756
13.699981 13.677282
12.1 12.522728
11.1 11.209631
14.700326 14.130958
11.2 11.37441
11.2 11.240569
11.7 11.291184
11.900001 11.891124
14.400163 13.651837
10.1 10.883127
11.900001 11.88769
11.2 11.37193
11.49794 12.848238
11.400001 11.250072
11.1 11.253079
11.5 11.886224
11.5 11.597248
11.900001 11.765873
11.1 11.468124
11.8 11.882557
11.8 11.86411
11.400001 11.449449
13.600039 13.022611
11.1 11.199036
11.1 11.166737
12.699998 12.391118
11.1 11.409735
11.900001 11.881531
11.599999 11.723793
10.70206 10.706416
13.403085 12.1039295
11.999998 11.915205
11.400001 11.321915
10.1 10.853359
11.1 11.154824
11.3 11.414552
12.599997 12.582155
11.1 11.174703
11.2 11.228241
11.5 11.477634
11.2 11.20105
11.3 11.3209915
13.1 11.887983
12.799992 13.141485
11.3 11.308758
11.7 11.762815
11.1 11.185315
10.70206 10.714966
11.900001 11.912954
13.399989 13.166057
12.199999 12.611392
11.3 11.324106
11.2 11.302539
11.900001 11.271871
11.1 11.154301
13.299971 13.189903
11.1 11.250327
12.299998 11.163747
11.599999 11.465239
11.2 11.105225
11.2 11.219536
12.199999 11.9874
11.400001 11.323903
11.900001 11.900635
11.599999 12.295057
11.7 11.76059
11.3 11.396022
12.1 12.208026
11.5 11.517384
11.900001 11.832429
11.8 11.964674
11.599999 11.5649395
11.2 11.1933565
11.7 11.674983
12.599997 12.201617
14.500117 13.803921
11.2 11.185859
11.2 11.205726
11.900001 11.886368
11.8 11.885935
11.2 11.327348
11.1 11.141707
11.900001 11.699699
11.400001 11.191787
11.7 11.5245075
10.3 10.412387
11.900001 11.859455
11.900001 11.834683
12.799992 12.150877
11.599999 11.778152
11.8 11.862975
10.1 11.430261
11.599999 11.61302
11.7 11.690899
13.466532 13.076113
12.299998 12.309448
10.59485 10.6134615
11.900001 11.951477
10.932683 11.323895
14.273925 13.888992
11.900001 11.92589
11.5 11.494299
11.1 11.164275
10.7 10.6461315
11.3 11.373239
14.19691 12.690731
11.2 11.195215
13.200015 12.191753
11.1 11.208505
11.8 11.823332
12.899998 11.77852
10.1 11.6203375
11.1 11.1771965
11.8 11.827571
11.2 11.150825
11.2 11.179903
13.200015 12.8948555
11.1 10.951419
9.79897 10.113146
11.1 11.153784
12.349492 12.171566
11.1 12.056096
11.5 11.577844
11.1 11.10803
11.3 11.402057
11.1 11.155259
11.1 11.116966
10.70206 10.706438
12.399998 12.322125
11.8 11.483871
11.2 11.230899
11.599999 11.606806
14.600313 13.239045
11.2 11.232595
13.000009 13.593613
12.248742 11.675787
11.400001 11.398967
11.7 11.812151
11.2 11.183026
11.1 11.171677
12.399998 11.958225
13.000009 12.586929
12.299998 13.0175495
11.400001 11.404743
10.2 10.3087225
11.1 11.0799
11.900001 11.90846
10.3 10.83553
11.2 11.278272
11.8 11.204978
11.1 11.161771
11.400001 11.373244
11.400001 11.428769
12.1 12.493452
11.599999 11.755891
11.2 11.279645
11.1 11.280511
11.7 11.667108
11.999998 11.833132
11.3 11.510598
11.1 11.137749
11.8 11.85137
11.3 11.364325
12.199999 11.746569
11.2 11.224731
11.900001 11.904965
12.699998 12.1626835
11.2 11.290316
14.419664 14.173964
12.599997 12.490018
11.5 11.542588
11.2 11.317042
11.1 11.233743
12.300659 12.571069
11.2 11.156038
11.599999 11.56737
11.400001 11.398381
12.146482 12.456712
12.599997 12.7653055
11.1 11.106124
12.899998 12.908253
11.1 11.134869
11.1 11.132978
11.900001 11.883297
11.3 11.480004
11.2 11.188976
11.999998 11.98558
11.900001 11.905244
13.999974 12.617959
10.8 10.646902
11.3 11.289571
11.1 11.185283
11.5 11.627995
11.3 11.441258
13.800057 13.483206
11.5 11.5645075
11.1 10.812013
11.599999 11.437581
11.3 11.32643
12.721546 11.512137
13.1 12.518133
11.5 11.693463
11.1 11.1429405
11.1 10.9983015
11.8 11.309143
10.1 10.144377
11.900001 12.184764
11.3 11.399459
11.782456 11.587401
11.5 11.439154
10.3 10.562589
11.923909 11.346297
10.1 10.134121
11.3 11.368236
11.400001 11.459849
10.6 10.592264
11.1 11.253698
11.400001 11.520607
12.199999 12.713772
11.8 11.610792
11.999998 11.938296
11.599999 11.977638
10.70206 10.610348
11.8 11.808758
13.200015 12.88352
11.3 11.3367405
11.1 11.147402
13.200015 12.425103
11.3 11.386546
11.7 11.746079
11.7 11.6298895
11.599999 11.561922
11.2 11.190024
11.599999 11.72074
13.500008 13.59593
12.499997 13.413941
11.8 11.810729
12.899998 12.815216
11.900001 11.851923
11.1 11.120574
11.5 11.435093
11.900001 11.77809
11.999998 11.976007
11.2 10.804608
11.1 10.794125
14.5685215 14.501763
11.900001 11.887938
11.8 11.870555
12.399998 11.754689
11.900001 11.971216
11.3 11.215469
11.999998 11.930135
11.7 11.844796
10.8 10.736495
11.7 12.099711
11.3 11.404298
11.721602 10.81666
13.248742 13.911336
13.200015 12.91097
11.2 11.628457
11.8 11.846643
12.199999 11.936159
11.400001 11.423582
11.1 11.123955
11.2 11.779405
11.2 11.491222
13.299971 13.233431
12.1 12.371177
11.8 11.834333
11.8 11.903919
11.8 12.169996
11.7 12.021382
12.499997 12.01286
11.900001 12.095943
11.999998 11.924261
13.699981 12.632981
12.020819 11.753972
11.7 11.764089
12.1 11.645139
11.900001 11.887004
11.1 11.238765
11.1 11.12062
11.400001 11.321695
12.601689 12.431623
11.1 11.176218
11.999998 11.949904
11.999998 11.9849205
12.799992 12.46958
11.8 11.878874
11.2 11.194132
11.5 11.552478
11.2 11.245141
11.999998 11.78628
12.199999 11.851035
11.8 11.812111
11.599999 11.886953
13.104364 11.817186
10.622879 11.232503
13.899971 13.891184
11.3 11.258744
11.400001 11.357965
11.2 11.177931
11.2 11.277587
11.900001 11.891074
11.2 11.219458
11.923909 11.237047
11.2 11.20825
11.400001 12.57906
11.2 11.75539
11.900001 11.878799
11.8 11.820679
11.7 11.366161
12.55967 12.720127
13.000009 11.490145
11.2 11.200231
11.1 11.097799
11.5 11.513147
11.1 11.150713
9.40103 10.07877
11.400001 12.047053
11.900001 11.655212
11.425138 11.689395
11.1 11.167762
11.242667 11.20034
10.5 10.656324
12.699998 11.770876
11.1 11.268535
11.3 11.30438
12.1 11.956831
11.999998 11.877838
11.2 11.255024
13.000009 12.372627
11.999998 11.957007
11.400001 11.451005
14.600313 14.420271
11.738272 12.168689
11.1 11.165508
11.8 11.810181
11.1 11.07404
11.900001 11.872338
10.719789 10.210836
11.599999 11.547635
11.400001 11.420535
12.799992 12.880119
11.2 11.364867
11.25 11.309616
11.3 11.403327
12.1 12.494902
12.699998 12.288067
11.599999 11.650318
11.70103 11.724222
13.026317 14.120724
12.191515 11.959391
11.1 10.5472975
11.999998 11.932543
11.1 11.104515
11.400001 11.474024
11.900001 11.9159355
11.1 11.251857
11.5 11.640462
11.1 11.409464
11.5 11.486963
11.400001 10.993539
11.599999 11.647834
12.199999 12.368344
11.1 11.143259
11.5 11.607414
11.2 11.200575
11.2 11.262945
11.1 11.1599045
11.3 11.592799
11.2 11.3009405
11.3 11.290139
11.900001 11.941731
11.2 11.226682
11.599999 11.778422
11.2 11.2864685
11.999998 13.85742
11.5 11.493857
11.400001 11.684976
11.274371 11.290192
14.427902 13.635545
11.900001 12.152904
11.1 10.88092
11.1 11.157519
11.3 11.519073
10.622879 10.618283
11.999998 11.602252
11.999998 11.560355
11.2 11.31739
11.900001 12.008026
11.1 11.133193
11.400001 11.516561
10.1 10.449435
11.2 11.310039
11.8 11.8385315
11.8 11.858717
11.599999 11.3199215
11.7 11.642848
11.49794 12.021721
11.2 11.301255
11.3 11.29847
12.1 11.782507
11.900001 11.820818
12.199999 12.113714
13.600039 13.585108
13.399989 14.1082535
11.900001 11.776918
11.8 12.382364
11.3 11.343568
11.999998 12.177626
12.923909 12.933538
11.1 10.655896
11.8 11.823193
11.2 11.25234
11.599999 11.618574
11.5 11.423499
11.900001 11.89049
11.2 11.241263
13.699981 13.441287
12.599997 12.471979
11.2 11.199786
11.400001 11.3637705
10.1 10.319457
11.900001 11.778635
12.191515 12.114394
11.1 11.114533
11.3 11.45399
15.200179 13.548316
11.5 11.640825
11.8 11.878441
11.1 11.148787
11.1 11.226712
11.1 11.233717
11.900001 11.819477
12.199999 11.821066
11.900001 11.291537
11.400001 11.415002
11.1 11.227653
11.2 11.223002
11.900001 11.905471
11.400001 11.411895
11.999998 12.475316
11.2 11.205715
11.2 11.219639
11.900001 11.869666
11.599999 10.368759
11.599999 11.692303
11.2 11.181122
10.70206 10.694793
11.2 11.264605
11.2 11.239096
11.999998 11.994046
11.999998 11.968003
11.2 11.202673
13.200015 12.945192
11.2 11.226416
11.2 11.276657
11.79897 12.576722
12.299998 11.995443
10.70206 10.69011
10.4 10.666146
11.5 11.522106
12.1 12.128651
11.5 11.732774
11.599999 11.530048
11.5 11.506339
11.1 11.182848
13.299971 11.715372
11.8 11.308559
11.3 11.75149
14.63786 14.051733
12.299998 11.863071
11.3 11.4081545
12.299998 11.709521
11.1 11.121625
12.699998 12.681723
11.2 11.407087
11.599999 11.569463
11.1 11.1236725
11.8 11.808512
11.2 11.222603
11.900001 12.098787
11.900001 11.911391
11.19691 11.131774
12.249994 12.151417
10.1 11.497762
11.7 12.356579
11.2 11.187172
12.765546 11.956309
11.2 11.217437
11.2 11.245894
13.668636 13.340078
11.5 11.670398
11.599999 11.683153
11.5 11.469088
11.2 11.214244
11.8 11.804695
11.5 11.414662
12.599997 12.555977
12.299998 11.695973
11.7 11.682025
11.1 11.164672
11.1 11.541967
11.3 11.619371
11.5 11.504255
12.399998 12.221276
11.8 11.891675
11.2 11.187121
11.8 11.81006
11.2 11.200166
12.299998 12.613476
11.2 11.215777
12.79897 12.344209
11.2 11.222586
12.622879 12.528472
11.3 11.236352
11.8 11.886963
11.3 11.305675
11.3 11.337888
11.7 11.733537
11.3 11.382057
11.7 11.816252
11.900001 12.041033
10.1 10.498491
11.2 11.26227
11.5 11.711193
12.699998 12.139956
11.900001 11.885331
10.2 10.62628
11.1 11.213146
11.8 11.835501
11.8 11.820333
11.8 11.648059
11.5 12.092982
11.7 11.789791
12.207906 12.729072
11.2 11.300509
11.2 11.214413
11.900001 11.896215
11.1 12.045299
11.900001 11.932978
13.19691 11.630459
13.145758 13.135169
11.7 11.279089
11.3 11.467075
10.70206 10.718759
11.7 11.573358
13.500008 13.633212
11.3 11.508036
11.5 11.586851
11.400001 11.572686
14.999629 14.199709
11.999998 11.828436
11.2 11.1808
10.165502 12.195963
11.599999 12.05221
11.999998 11.954495
11.5 11.47209
11.285752 11.5376
11.900001 11.635648
11.1 11.462706
11.3 11.381624
11.8 11.835335
11.1 11.150351
11.999998 11.632786
11.5 11.479524
9.89588 10.371302
11.900001 11.868845
11.1 11.137766
13.699981 12.692049
11.3 11.320636
11.5 11.4999275
11.900001 11.880275
11.180922 12.613057
12.180399 12.149734
11.2 11.262069
11.2 11.229923
12.399998 12.209304
11.1 11.165812
11.7 11.566585
11.5 12.120144
10.40103 10.489382
11.1 11.168798
11.400001 11.714797
10.938632 11.026896
10.70206 10.711206
11.400001 11.377626
11.2 11.200436
11.7 11.792845
11.900001 11.877096
11.599999 11.69071
11.7 11.679208
11.2 11.223969
12.899998 12.959041
11.5 11.471922
11.5 11.534955
11.2 11.197659
11.2 11.2000475
11.400001 11.385734
11.8 11.649657
11.2 11.259629
11.7 11.186136
12.799992 12.455766
12.799992 12.935674
11.3 11.460374
11.3 11.173146
11.1 11.158844
11.7 11.354509
11.49794 11.538039
11.329148 11.393145
12.1 11.589214
13.200015 12.132076
11.900001 11.915774
11.400001 11.443357
12.199999 11.551843
13.699981 13.63871
11.2 11.232586
11.5 11.491149
11.5 11.4860735
11.400001 11.438043
11.15 12.052641
13.1 12.844312
13.000009 12.088731
11.2 11.211663
12.199999 12.327959
11.8 11.702208
10.622879 10.609176
11.900001 12.026813
12.599997 12.883001
10.40103 10.421954
14.700326 13.997223
10.49794 10.000391
11.2 11.2213745
11.999998 11.866217
11.2 11.225906
10.5 10.411639
11.5 11.488743
11.3 11.427283
11.1 11.173523
11.2 11.269386
11.900001 11.923246
11.900001 11.9228
11.2 11.199103
11.2 11.655837
11.1 11.136262
11.2 11.23922
11.8 11.616276
10.40103 13.735516
11.7 11.754604
11.900001 11.780353
11.599999 11.533838
11.999998 11.902495
11.1 11.146371
12.449997 11.745474
11.3 11.576792
11.622879 11.707968
11.29382 11.904411
11.400001 11.343403
10.79897 10.276674
11.400001 11.401313
10.49794 11.064881
11.2 11.178154
10.6 10.728104
11.3 11.27019
11.3 10.740191
11.3 11.471438
12.199999 11.2482605
11.599999 11.821604
11.2 11.177366
12.699998 12.016125
12.199999 12.042805
12.199999 11.890929
11.1 11.381102
11.900001 11.841451
13.299971 13.135727
11.2 11.2585
13.800057 12.964678
11.900001 11.724723
14.200179 14.19475
11.7 11.482017
11.599999 11.664906
12.499997 12.178032
11.7 11.757721
11.5 12.031437
11.2 11.391464
11.2 11.21301
11.3 11.343597
11.3 11.398768
11.1 11.175965
10.738272 10.125946
12.299998 12.604795
10.1 10.420607
11.900001 11.882174
11.3 11.339258
11.400001 11.412424
11.599999 11.511723
11.900001 11.857887
11.1 11.127625
11.7 11.721625
11.2 11.555317
11.400001 11.612466
14.49794 14.173803
11.900001 11.894068
14.145758 12.673285
11.5 12.398222
11.8 11.80652
11.2 11.4451475
11.8 11.855735
11.2 11.25784
11.622879 12.199668
11.5 11.577402
13.359637 13.515816
12.299998 11.233959
11.2 11.255599
11.1 11.186231
11.900001 11.856812
11.3 11.701202
11.900001 11.380781
13.000009 11.695054
11.7 11.933909
10.6 11.282749
13.622879 13.627741
11.3 11.232743
11.599999 11.552678
11.5 11.477967
11.79897 11.803332
11.3 11.368669
11.1 11.092532
11.1 11.460715
11.8 11.885593
13.200015 12.375821
11.5 11.025412
11.7 11.744554
11.1 11.159898
11.5 11.638069
11.7 11.663031
11.999998 11.944062
11.5 11.901227
11.3 11.335487
10.2 10.342843
11.599999 11.771358
11.2 11.357906
12.399998 13.25823
11.2 11.188424
13.699981 13.320854
13.000009 12.885714
11.3 11.356121
11.2 11.216597
11.3 11.231774
11.3 11.335977
10.3 10.44011
11.900001 11.891073
11.900001 11.890532
10.7 10.61002
10.70206 10.705847
11.400001 11.494309
11.5 11.522758
12.499997 12.236036
9.456548 10.585286
11.900001 11.878638
13.1 12.56733
11.599999 11.624957
11.2 11.220989
11.7 10.92596
11.999998 12.815126
11.2 11.241095
11.3 11.388475
12.1 12.126472
13.600039 12.948722
9.79897 10.112691
11.5 11.541688
11.599999 11.507036
11.999998 11.872356
12.199999 12.105959
11.7 11.802747
11.8 11.798508
11.900001 11.846894
11.400001 11.426546
11.1 11.096481
11.8 11.847623
11.1 11.082052
11.8 11.81027
11.5 11.867916
11.3 11.251147
11.1 11.137673
11.7 11.7237
11.512516 11.563983
13.399989 12.760744
11.7 11.767872
11.5 11.324722
11.1 11.211902
11.8 11.8856945
12.599997 12.3564415
11.2 11.184524
11.599999 11.42475
11.1 11.118584
11.3 11.29132
11.3 11.322488
13.699981 14.154185
11.3 12.022768
11.2 11.315112
11.5 11.550678
11.400001 11.437985
12.1161 11.298242
11.2 11.233321
11.3 11.296401
11.900001 11.903645
11.5 11.448462
11.2 11.296104
12.199999 12.033443
11.599999 11.53454
11.5 11.539196
11.900001 11.735583
12.499997 12.351648
11.2 11.262345
11.8 11.515884
11.254902 11.493417
12.399998 11.856519
12.1264105 12.453478
11.7 11.839638
13.399989 12.955998
13.15061 13.519343
11.2 11.2106495
12.399998 12.707168
11.999998 11.437529
12.599997 12.302153
12.299998 11.7713995
11.599999 11.441622
12.199999 12.206273
11.3 11.281688
11.020819 11.435026
11.599999 11.879132
11.5 11.489353
11.1 11.291985
10.1 11.3658285
11.1 11.139236
11.5 11.489652
11.999998 11.902274
11.2 11.259405
11.7 11.488527
10.6 10.722587
11.35 11.623879
12.299998 11.853218
11.2 11.199858
12.399998 11.690946
11.1 11.186765
11.400001 11.372456
11.1 11.447052
14.400163 14.544552
11.1 11.184301
13.299971 13.114626
11.5 13.441392
11.8 11.814669
11.400001 11.328178
11.5 11.568941
11.599999 11.514394
11.2 11.377263
13.000009 13.795258
12.599997 12.465388
11.1 11.189042
11.5 11.489263
11.400001 11.395873
11.400001 11.390187
11.5 11.47351
11.5 11.426652
14.400163 13.739456
11.900001 11.777984
12.986056 12.756832
11.8 11.820707
10.70206 10.731705
11.3 11.2778635
11.1 11.156553
11.622879 10.994254
11.7 11.803158
11.599999 11.622691
13.000009 12.573144
11.2 10.853463
11.3 11.377468
11.999998 11.954008
10.1 10.28328
11.3 11.314311
11.2 11.199591
11.5 11.459595
11.999998 11.815837
11.7 11.691074
11.1 11.507619
12.299998 12.477472
12.199999 12.437479
14.500117 13.397318
11.7 11.281131
11.900001 11.9012575
12.599997 12.483372
11.3 11.253868
11.2 11.222739
11.254902 11.38109
11.1 11.273427
12.899998 12.310695
11.900001 12.015864
11.2 11.609289
14.1 13.3760605
11.2 11.21213
11.1 11.142683
11.599999 11.541692
11.400001 10.657434
10.1 11.06306
12.299998 11.701637
10.70206 10.763584
13.600039 12.787529
11.2 11.262295
11.8 11.790036
11.2 11.253305
12.899998 12.08886
14.600313 12.916801
11.2 11.461004
12.599997 12.566818
11.3 11.361253
11.3 11.444207
14.202373 14.261319
10.5 10.667007
11.1 11.221479
14.200179 13.251988
11.900001 11.6765785
11.2 11.242167
11.400001 11.503627
11.2 11.210152
10.89588 11.389804
11.1 11.102007
11.2 11.262289
11.900001 11.878267
12.899998 12.126121
11.456548 11.385132
11.7 11.796257
11.5 11.513881
12.719789 12.166263
11.999998 13.3860855
11.7 11.775152
11.400001 11.394641
11.1 11.167259
11.8 11.835313
14.500117 13.65177
13.399989 12.848252
11.1 11.1318
12.199999 11.715885
11.3 11.382074
12.199998 11.957187
13.446788 13.247648
11.900001 11.970978
11.8 11.643611
11.1 11.184839
12.599997 11.24581
11.2 11.225598
11.2 11.277051
11.020819 10.615308
11.900001 11.930366
11.5 11.546175
12.399998 12.48433
12.699998 12.830727
11.900001 11.885157
12.719036 12.548835
13.1 12.451684
11.900001 11.866151
11.5 11.158818
11.900001 11.894609
11.2 11.36805
11.2 11.179364
11.400001 11.40576
11.880176 12.327748
11.7 11.577746
12.899998 12.560383
11.1 11.184847
11.8 11.810108
11.2 11.23312
11.2 11.208627
11.999998 11.693528
11.900001 11.902675
11.599999 11.641022
12.799992 12.781207
11.400001 11.369249
11.2 11.186182
11.1 11.147622
11.900001 11.876773
11.8 11.806802
12.499997 12.382183
11.2 11.215434
11.900001 11.89038
11.3 11.302121
12.1 11.553773
12.799992 11.508119
10.2 10.559412
11.8 11.7721615
11.900001 11.810754
11.5 11.800554
11.1 11.341672
11.2 11.570603
15.299971 14.389289
11.2 11.214573
11.70103 11.691789
11.2 11.667482
11.49794 13.069054
11.2 11.214686
11.2 11.266752
11.599999 11.583571
13.1 12.903297
11.1 11.597323
11.8 11.639585
11.7 11.280926
11.900001 11.799666
10.622879 10.809662
11.2 11.388088
12.1 11.269392
13.600039 11.71333
12.499997 11.8989105
9.1 10.097017
11.2 11.1883745
11.900001 12.093285
11.166968 11.233353
11.3 12.493882
11.8 11.802565
11.400001 11.3886175
11.3 11.362447
11.1 11.195842
11.2 11.258021
13.020819 12.296472
11.2 10.785344
11.599999 11.529377
11.599999 12.151136
13.200015 12.312669
11.599999 11.304888
11.5 11.592741
11.400001 11.414518
14.400163 13.276289
11.900001 12.050111
12.899998 12.309558
11.1 11.037857
11.2 11.2081585
11.8 11.86003
11.2 11.1858425
11.1 13.574513
11.5 11.62727
11.2 11.37218
12.1 12.034638
11.7 12.409745
9.79897 10.047903
11.2 11.283844
11.599999 11.574504
11.900001 11.870229
11.1 11.095423
11.2 11.188094
11.5 11.493139
12.622879 12.228024
11.900001 11.90462
11.3 11.397306
12.520216 11.935294
11.2 12.0317335
11.599999 11.796512
12.199999 12.072928
11.1 11.545296
11.1 11.116959
11.2 11.279826
14.299971 13.876023
11.3 11.5317135
13.500008 13.000728
11.3 11.226761
12.299998 12.288412
13.321849 12.396045
11.108774 11.184664
12.555932 12.367764
13.200015 12.486926
11.999998 11.862642
11.3 11.267888
11.400001 11.410357
11.5 11.458223
11.8 11.983786
11.1 12.197889
13.000009 12.395709
11.2 11.208238
14.1 13.76419
11.3 11.330273
11.900001 11.849653
12.899998 11.828192
11.8 11.72665
12.299998 12.224492
11.2 11.238655
11.1 11.291066
11.3 11.411605
11.2 11.443642
11.2 11.190819
11.3 11.352372
11.2 11.315608
12.199999 11.866335
10.9 10.644901
11.900001 11.882341
11.3 11.576415
12.199999 12.344014
12.699998 12.505496
11.3 11.401998
12.199999 12.152574
11.1 11.177027
11.2 11.241259
11.3 11.568685
11.3 11.448201
11.599999 11.6781845
11.900001 11.883466
14.500117 12.905678
11.15399 11.198836
10.622879 11.169883
11.2 11.3168
14.79897 13.737019
11.2 11.173008
13.299971 13.310547
11.1 11.465777
11.5 11.768148
11.1 11.103781
11.2 11.205834
11.2 11.192395
12.299998 11.973587
10.70206 10.544262
10.63529 11.426761
11.599999 11.7455225
11.599999 11.529118
11.2 11.531563
11.2 11.18778
12.899998 11.90998
11.5 11.531311
11.2 11.418247
13.500008 13.504603
11.400001 11.447337
11.2 11.398433
11.2 11.254585
11.999998 12.341652
11.1 11.232769
11.2 11.238357
12.799992 13.077824
11.7 11.726444
12.499997 12.739302
13.899971 13.853954
11.1 11.131155
11.7 11.556944
11.3 11.276846
10.5 10.537871
11.5 11.425081
11.1 11.219618
13.399989 11.956085
11.599999 12.26297
11.2 10.955499
11.5 11.564362
11.599999 11.601366
11.1 11.101373
11.3 11.236525
13.399989 13.1045065
11.2 11.205093
11.7 11.773394
12.699998 12.096326
11.599999 11.636563
11.900001 11.782301
11.3 11.333358
13.59485 12.522771
11.1 11.263524
11.7 11.762952
13.299971 12.392616
11.5 11.604035
11.2 11.247837
11.900001 11.896656
11.3 11.585031
11.900001 11.904878
11.5 11.445061
13.79897 13.354393
11.2 11.234795
11.2 11.345391
11.2 11.205416
12.499997 11.908233
11.1 11.13536
13.800057 13.526634
11.1 11.17802
13.399989 11.586404
11.1 11.139247
9.79897 10.132628
11.900001 11.858226
11.5 11.229901
14.644068 13.9561405
12.47675 11.172355
11.254902 11.2612915
11.5 11.463983
11.8 12.277662
11.999998 12.0916195
11.7 11.941122
11.900001 11.808411
11.2 11.213255
10.1 10.34898
11.599999 11.59909
11.3 11.32758
11.2 11.441617
11.900001 11.922482
11.1 11.180163
11.2 11.195715
12.399998 12.517208
11.8 11.817331
11.7 11.592414
12.499997 12.957046
13.699981 12.194626
11.2 11.369834
11.900001 11.954263
11.1 11.177507
11.7 11.807931
11.599999 11.521513
11.3 11.346682
12.399998 12.007584
11.400001 11.563914
11.1 11.13932
11.5 11.428594
11.0914 12.072982
11.2 11.191701
11.5 11.485123
11.1 11.124617
11.1 11.133916
11.999998 12.772461
13.344125 13.192288
11.2 11.250146
10.446788 11.237265
11.999998 12.995321
11.2 11.191526
11.5 11.775066
12.499997 12.678826
12.299998 12.217773
10.70206 10.703683
11.2 11.21162
11.5 11.577688
11.3 11.390263
11.900001 11.938229
11.2 11.198983
11.8 12.427486
11.2 11.180762
11.999998 11.914898
11.900001 11.883891
11.47675 11.517208
11.2 11.252193
10.40103 10.844561
11.900001 11.885481
11.900001 12.592067
10.1 10.357068
11.1 11.290742
12.299998 11.673567
11.8 11.801236
11.70206 11.29824
11.8 11.770748
11.3 11.266137
11.2 11.2037
11.400001 11.86876
11.900001 11.870754
11.8 11.853747
11.900001 11.942463
11.1 11.1037245
11.599999 12.984457
12.399998 11.256108
11.2 11.376568
11.8 11.666351
11.1 11.124616
10.79897 10.401864
14.1 13.909429
10.1 10.688483
11.3 11.368238
11.599999 11.529895
11.900001 11.878599
11.2 11.745223
11.900001 11.887857
11.7 11.761782
11.2 11.237492
12.899998 12.672645
11.900001 11.769704
11.2 11.50227
11.400001 11.763084
14.1 13.037449
11.900001 11.830012
12.299998 11.801206
13.043096 12.955465
10.70206 10.727199
12.399998 12.081887
10.1 12.03377
11.8 11.503643
11.7 11.885214
12.399998 12.234848
11.5 11.218145
11.999998 12.028428
11.999998 11.453354
11.5 11.524828
11.900001 11.853266
12.399998 12.490173
9.777781 10.521631
11.1 11.117566
11.1 11.125131
11.400001 11.422535
11.5 11.456121
12.199999 11.459893
11.599999 11.524029
13.800057 13.668089
11.900001 11.858243
11.599999 11.357375
11.2 11.196834
12.499997 11.782555
11.5 11.386204
11.3 11.344279
11.3 11.253973
11.599999 11.683195
11.900001 11.900219
11.3 11.305849
11.359637 11.258356
11.8 11.7551
11.3 11.672115
11.1 11.221217
11.3 11.367603
12.651294 12.266703
11.900001 11.856598
11.2 10.778945
11.8 11.831756
13.864471 13.421846
11.900001 11.946964
11.8 12.352879
11.599999 12.090815
13.000009 11.690322
11.2 11.210927
11.900001 11.9219885
11.8 11.3230915
11.599999 11.757376
10.3 10.318556
11.999998 11.9500065
11.2 11.367283
11.5 11.4205
11.2 11.208848
11.2 11.207202
11.900001 11.851226
11.900001 11.868011
11.400001 11.487535
9.79897 10.003866
11.3 11.444932
12.299998 11.877007
11.7 11.94744
10.7 11.059404
11.599999 11.752407
11.3 11.315234
11.40103 11.158077
11.7 11.724176
13.800057 13.163248
11.900001 11.898353
11.2 11.252765
10.70206 10.702407
11.400001 11.366495
12.199999 11.58326
11.8 11.779749
11.5 11.777432
11.900001 11.8622265
11.8 11.815326
12.499997 11.854744
11.1 11.105505
11.2 11.219808
11.8 11.793573
11.5 11.435383
11.1 11.136309
11.900001 11.864586
11.7 11.676107
11.2 11.20954
12.299998 11.531961
11.900001 11.772622
11.900001 11.896144
11.900001 12.52779
11.599999 11.508674
12.299998 12.703034
11.900001 12.5438175
11.5 11.48616
11.900001 11.876705
12.599997 12.316835
11.400001 11.676456
11.400001 11.235526
11.1 11.13854
11.2 11.171082
11.900001 11.654008
11.8 11.839097
11.1 11.122916
11.3 11.337403
10.1 10.949163
13.1 13.129765
11.900001 11.453019
11.409804 11.537716
11.8 11.800923
11.8 11.5134735
12.499997 12.221335
12.359637 11.972954
11.8 11.788183
11.400001 11.379369
11.3 11.427582
12.499997 12.403132
11.2 11.2163925
11.900001 11.86081
11.79897 11.66067
11.0 10.66143
11.483266 11.4810295
11.599999 11.594743
11.2 11.281794
10.622879 10.686502
14.722107 11.600652
12.1 12.16654
11.5 11.479605
11.300659 11.147781
12.199999 12.002687
11.2 11.220566
11.3 11.323787
11.5 11.319014
11.5 11.420502
11.1 11.196504
10.622879 10.698378
10.1 10.358563
10.79897 10.795725
11.7 11.596088
11.900001 11.152322
13.699981 12.114721
11.999998 12.479422
11.900001 11.877921
11.3 11.239483
11.5 11.536111
11.55 12.854874
11.900001 11.890207
11.2 11.466422
11.2 11.33293
11.8 11.91942
11.900001 11.854623
11.900001 11.876848
11.900001 13.035119
13.000009 12.366114
11.1 11.196926
11.400001 11.5195875
11.599999 11.638075
11.7 11.741264
11.8 11.879075
11.5 11.472882
11.900001 11.903854
11.2 11.249801
11.2 11.186478
11.3 11.342934
11.900001 11.9259205
11.1 11.134215
11.2 11.254658
11.3 11.768375
13.600039 13.848875
11.2 11.295252
11.1 11.277473
11.2 11.257332
11.8 11.494876
11.7 11.779615
11.400001 11.3201
12.699998 11.990313
11.599999 11.253987
11.1 11.194546
11.3 11.240974
11.400001 11.428551
12.399998 11.921532
11.1 11.2121725
11.1 11.12976
11.5 11.437758
10.40103 10.459614
11.7 12.127728
11.3 11.874348
13.200015 13.1321535
11.2 11.380289
11.1 11.122457
11.2 11.266818
11.202373 12.1303005
12.499997 11.709391
11.1 11.386017
11.2 11.250155
13.299971 12.458566
11.1 11.137831
11.1 11.204133
11.599999 11.4259205
11.2 11.180755
12.599997 12.456995
11.5 11.727854
10.418758 11.736187
10.3 10.394688
11.400001 11.331577
11.3 11.373586
12.299998 11.944469
11.130118 11.527371
11.900001 11.532534
11.1 11.136853
12.1 12.15297
13.299971 13.526561
11.1 11.108751
11.400001 11.692757
13.49794 14.284533
11.5 11.434208
11.7 11.723579
11.1 11.1290455
11.900001 11.892859
11.900001 11.65926
10.3 10.643139
11.3 11.279105
10.8 10.60999
11.400001 11.454508
11.5 11.514118
11.400001 11.361165
11.3 11.741919
11.1 11.205211
10.456548 10.52476
13.299971 12.743982
11.2 11.378261
13.000009 11.830566
11.1 11.074068
13.200015 12.325579
14.200179 12.864302
14.500117 13.528535
11.900001 11.902471
11.1 11.149658
11.7 11.733849
11.2 11.218047
11.5 11.435416
11.3 11.314313
11.7 11.398982
11.1 11.101771
12.799992 12.932156
11.3 11.41506
11.2 11.205697
12.299998 11.9018545
11.5 11.718585
10.1 10.221998
14.81658 14.202447
12.217476 11.315829
11.1 11.263509
11.1 11.461571
11.400001 11.400212
11.2 11.2622175
13.1 12.0953455
11.1 11.112527
13.1 12.42383
12.633132 12.829373
11.5 11.454644
11.2 11.26096
11.599999 11.726492
11.8 11.836525
12.1 12.256192
11.400001 11.595933
11.2 11.209293
11.3 11.198519
11.8 11.807862
11.7 11.767505
12.499997 12.252761
11.3 11.409546
11.999998 11.909806
11.7 11.959624
10.622879 10.266695
11.400001 11.426938
11.900001 11.883042
11.599999 11.717966
11.900001 12.4547615
13.899971 13.603883
11.5 11.415173
11.2 11.209337
11.1 11.146183
13.699981 13.566242
11.8 12.257766
12.299998 11.699894
12.299998 12.484894
11.3 11.196674
11.1 11.269579
11.2 11.192402
11.3 11.315786
11.400001 11.27452
11.3 11.448618
11.8 11.463093
10.5685215 10.661855
11.1 11.227392
10.1 11.896553
12.899998 12.254596
11.6157 11.681673
12.652842 12.836966
11.2 11.243557
11.5 11.514364
11.599999 12.146026
11.400001 11.500166
11.2 11.262889
12.299998 12.199399
11.599999 11.75281
11.3 11.389983
11.178996 11.200225
11.999998 12.487717
11.3 11.520474
10.207906 10.294092
11.900001 11.862757
11.900001 11.677223
12.499997 12.575664
11.3 11.493909
11.186186 11.49739
12.199999 11.77935
12.499997 12.357226
11.900001 11.888038
11.7 11.963318
12.1 12.0504055
11.900001 11.922344
11.5 11.482308
13.399989 12.987952
11.3 11.783513
11.7 11.775388
10.869551 10.104828
11.1 11.083811
11.400001 11.587194
11.2 11.431036
11.3 11.189624
11.599999 11.735808
10.1 10.256266
11.1 11.126684
11.7 11.712133
11.900001 11.843831
11.3 11.363206
13.699981 13.493488
11.599999 11.635389
11.3 11.395904
11.1 11.203959
11.400001 11.557938
11.900001 11.937429
11.400001 11.408742
10.70206 10.694894
11.3 11.29972
11.400001 11.427122
11.2 11.271711
12.1 12.096661
13.000009 10.597617
11.2 11.193087
11.900001 11.807333
11.599999 11.61692
11.8 11.771534
11.2 11.465397
11.7 11.471658
11.999998 12.687825
11.599999 11.550428
11.599999 11.569062
11.0 10.867325
11.5 11.494465
11.900001 11.872212
11.2 11.246193
11.2 11.264548
11.2 11.185718
14.999629 14.152373
10.1 12.188288
11.8 11.549094
13.699981 13.501154
11.1 11.144124
11.5 11.518412
11.3 11.415543
11.8 11.821894
11.2 11.295662
12.199999 12.076986
11.999998 12.110679
10.70206 10.723772
13.986056 11.575332
11.599999 11.735074
11.7 11.788013
11.5 11.5159855
10.351812 10.480586
11.2 11.219512
11.2 11.20836
9.79897 9.996899
11.1 11.141446
11.7 11.462406
12.799992 12.257865
12.499997 12.005561
11.900001 11.894878
13.21351 12.887495
11.3 11.529577
13.299971 13.302256
11.2 11.34032
11.5 11.540253
11.1 11.191518
11.900001 11.899984
11.5 11.497501
11.8 11.843946
12.1 11.423867
11.3 11.36988
11.999998 11.666602
11.2 11.193911
11.900001 12.040239
12.299998 12.4295435
11.900001 11.846628
11.7 11.885519
11.1 11.560107
11.8 11.402488
11.7 11.683937
11.8 11.809802
13.231403 14.144653
11.145758 10.901987
12.299998 12.342648
13.200015 12.769939
9.923909 10.283171
11.2 11.252133
12.699998 12.336267
11.3 11.453596
11.1 11.567605
11.25 11.376621
11.7 12.44576
11.900001 11.904673
14.1 13.972323
11.400001 11.70176
12.1 11.911059
11.2 11.271478
11.5 11.57084
11.2 12.508324
13.1 11.854868
11.599999 11.4786
11.3 11.440157
11.3 11.349701
11.5 11.480002
11.2 11.238125
11.8 12.489632
11.2 11.214321
10.89588 13.589748
11.79897 12.505714
11.999998 11.958078
11.400001 11.373925
11.3 11.294684
11.1 11.160653
12.626186 12.429066
11.2 11.246366
11.8 11.810322
10.6 10.584432
12.359637 12.095616
11.999998 11.737917
11.5 11.586173
11.2 11.380211
11.3 11.537486
11.599999 12.332849
13.000009 12.851437
11.79897 10.881531
11.8 11.843718
11.400001 11.4353285
12.299998 11.416001
11.1 11.34957
12.299998 11.625875
11.1 11.125853
11.599999 12.091441
11.8 11.832578
11.2 11.247026
11.45 11.441878
12.089405 13.471159
12.599997 12.581737
11.599999 11.46058
11.599999 11.689426
11.1 11.459552
11.2 11.239014
12.499997 12.396237
11.1 11.079205
13.000009 12.57761
11.400001 11.76392
11.7 11.82863
11.7 13.927421
11.3 11.57357
10.2 10.33934
11.7 11.708509
11.400001 11.3679905
11.1 11.172792
11.5 11.518173
11.1 11.8681965
11.2 11.23342
12.199999 12.334648
11.3 11.28096
11.5 11.214895
11.2 11.201555
11.5 11.514593
11.599999 11.607943
11.2 11.246497
11.400001 11.451173
11.1 11.129326
11.671865 11.63963
13.899971 12.649438
11.7 11.731431
11.543697 11.98494
11.1 11.202898
11.7 11.609115
11.1 11.124632
11.8 11.852249
11.2 11.2259445
12.344125 12.452176
11.400001 11.444638
11.8 12.153872
11.8 11.877098
13.19691 12.206451
11.900001 11.883174
12.1 11.843978
11.999998 12.017593
11.3 11.19644
11.1 11.108694
11.900001 11.919379
11.599999 11.535359
13.200015 12.955867
11.5 11.557874
11.999998 11.942257
13.4372425 13.37719
11.5 11.505407
12.699998 12.718756
11.2 11.218546
11.5 11.507305
11.5 11.465976
11.8 11.924172
11.236677 10.906924
11.8 11.544868
11.5 11.542133
11.2 11.272049
11.0 11.241968
12.299998 12.769167
11.999998 11.814558
11.418758 11.1498
10.869551 11.180622
11.900001 11.369526
11.2 11.383878
11.8 11.820863
12.005018 11.687558
12.1 11.958231
11.7 11.701238
11.2 11.2639885
11.1 11.204045
10.3 10.853696
11.2 11.502993
11.599999 11.3972845
11.900001 11.864389
11.599999 11.511899
13.1 12.777844
11.999998 11.943197
11.900001 11.611483
11.5 11.524717
11.599999 11.649231
11.999998 11.959015
12.199999 11.925188
11.3 11.281391
12.1 11.787734
11.999998 12.578969
12.924482 11.155621
11.1 11.138881
11.900001 11.862895
11.900001 11.88976
12.499997 12.292559
11.8 11.748451
11.1 11.088944
11.3 12.088618
13.000009 12.966048
10.2 10.502031
11.1 11.149186
11.2 11.203134
12.199999 11.932123
11.7 11.867022
11.2 11.190482
10.622879 10.858741
10.609058 10.77696
11.900001 11.846992
13.000009 12.269305
11.400001 11.34522
12.478272 12.386372
13.600039 13.340336
11.7 11.781355
11.2 11.23787
11.7 11.733931
11.8 11.771142
11.2 11.219565
12.199999 12.116809
14.2870865 13.723316
9.1 9.161291
11.2 11.174868
11.2 11.197267
11.2 11.313515
12.299998 12.107011
11.3 11.413707
11.900001 11.859456
11.900001 11.909593
11.182751 11.210849
10.40103 10.535209
11.2 11.183156
12.199999 11.543025
11.1 11.514382
11.900001 11.880655
11.3 11.323243
11.747817 11.77131
11.3 11.189193
11.2 11.233605
11.7 12.489114
12.899998 12.014353
11.7 11.786886
11.8 11.901783
11.5 11.511295
10.1 10.2754
13.1 13.714615
11.1 11.347667
11.8 11.836992
11.999998 11.899492
11.400001 11.236929
13.79897 13.558857
11.999998 12.595107
11.2 11.180733
11.5 11.5588455
11.5 11.532469
11.59485 11.919553
11.3 11.341679
13.1 13.025581
11.2 11.233273
13.000009 13.176851
12.499997 12.495515
11.8 11.799669
11.8 11.827523
11.3 11.349935
11.7 11.812567
11.2 11.280641
11.400001 11.296491
11.5 11.603581
11.1 11.271124
11.2 11.277195
11.999998 11.972288
11.7 12.078155
11.7 11.71726
11.5 11.404492
11.7 11.71573
11.5 11.48587
11.1 11.227139
11.8 11.772595
11.5 11.441985
11.599999 11.76441
11.5 11.4890995
13.336572 13.076113
11.900001 11.8334055
10.446788 10.302177
11.2 11.506677
13.200015 13.402311
11.599999 11.714768
11.3 11.423566
11.1 11.197314
12.899998 12.795365
11.1 12.024732
11.400001 11.3918295
12.599997 12.594307
13.39303 13.121835
11.900001 11.823363
10.1 10.826886
11.5 11.8191185
12.199999 11.837492
11.3 11.298782
11.3 11.257366
11.900001 11.913438
11.5 11.328516
11.5 11.607419
11.599999 11.54241
11.900001 11.878893
12.1 12.523874
11.3 11.237494
11.400001 11.366462
11.7 11.938032
11.2 11.171181
11.2 10.7838545
11.2 11.218106
11.599999 11.716995
11.3 11.308033
11.2 11.423838
11.1 11.253547
11.7 11.72542
11.3 11.514518
11.3 11.340756
12.199999 12.053705
11.2 11.242058
11.7 11.347795
11.5 11.422492
11.2 11.234559
13.200015 12.099595
12.1 11.839972
11.8 11.832097
11.599999 11.656343
10.250515 11.185933
11.3 11.2251835
12.199999 12.27861
11.3 11.264492
11.5 11.334106
11.5 11.3200655
11.1 11.315435
12.299998 11.423956
11.5 11.494945
13.777781 13.50257
11.3 11.20885
12.245087 12.618292
11.999998 11.860027
12.1 11.084006
12.1 11.787391
12.499997 11.77862
11.3 11.192109
10.49794 10.979878
11.999998 12.052459
13.000009 12.718103
10.40103 10.593113
11.5 11.479242
11.599999 11.745169
10.9 10.941129
11.3 11.294184
12.300659 12.464629
10.6 10.468727
11.1 11.208181
11.5 11.805675
11.5 12.048143
11.5 11.563027
11.2 11.327637
10.4 10.636115
13.299971 11.432785
12.499997 12.253992
11.400001 11.303672
11.1 11.115622
11.400001 11.193855
11.8 11.710508
11.2 11.180059
11.2 11.262048
11.400001 11.370531
11.400001 11.380035
11.3 11.302464
11.986056 12.447098
11.2 11.231943
11.400001 11.375747
11.8 11.835095
12.499997 11.43428
11.8 11.84206
11.5 11.335312
12.699998 12.29594
10.9 10.748135
11.8 13.3357315
12.1 12.296615
13.953872 12.308032
11.900001 11.86388
11.884098 11.971913
11.1 11.148635
11.599999 11.586247
11.599999 11.706712
11.2 11.22463
15.1 14.666592
11.2 11.241254
12.158986 11.752963
11.2 11.395038
11.2 11.204594
11.2 11.311778
11.5 11.539436
11.1 11.70693
14.21351 13.862575
12.699998 12.710706
10.4 10.488802
13.000009 12.310714
11.599999 12.21609
11.2 11.160401
11.999998 11.910287
13.000009 12.022444
12.668636 12.657993
11.8 11.308751
11.445824 10.936793
11.7 11.814751
11.1 11.090421
11.254902 11.188969
11.2 11.204654
10.1 10.163762
10.40103 10.613417
13.299971 13.42395
11.8 11.827879
11.2 11.224388
11.5 11.674231
11.2 11.192782
11.400001 12.06522
12.499997 12.611805
11.3 11.304572
12.039302 11.86907
11.1 10.526018
11.1 11.176855
11.599999 11.586157
13.600039 13.622154
10.1 10.365797
11.900001 11.877007
11.400001 11.510936
10.59485 10.759319
13.000009 12.916381
15.999629 15.099959
12.599997 12.661787
11.2 11.228001
11.7 11.73022
11.2 11.566514
11.1 11.271639
11.318286 11.28294
11.7 11.617786
14.805467 13.332798
11.900001 11.790048
10.2 10.575499
11.900001 11.857356
11.543697 11.489595
12.399998 12.637467
11.1 11.202281
12.799992 12.908645
11.2 11.163218
11.400001 11.368908
11.400001 11.635933
11.5 11.451581
11.2 11.238083
11.900001 11.903718
11.2 11.204378
11.1 11.158535
11.8 11.80262
11.2 11.236218
12.499997 11.876265
11.3 11.343727
12.719789 12.354502
11.2 11.228773
11.1 11.2374935
11.177759 11.200128
12.199999 12.118762
11.599999 11.557848
11.900001 11.658598
12.499997 11.578905
11.5 11.430575
11.599999 11.470492
12.399998 12.663839
13.600039 13.41353
13.399989 13.0177
11.2 11.253082
13.299971 13.42634
11.3 11.856496
13.500008 13.939833
11.8 11.864793
11.3 11.431659
12.901632 11.6431465
11.2 11.299721
11.5 11.536854
12.1 11.991728
12.499997 11.993704
11.900001 12.033297
10.3 10.664178
11.5 11.454872
11.3 11.3317795
10.40103 10.43722
11.2 11.194987
11.8 11.816359
11.999998 11.845783
11.400001 11.28794
13.1 12.620248
14.600313 14.199642
12.299998 12.281329
11.2 11.620322
11.999998 11.733877
11.5 11.223834
13.344125 13.550392
15.359637 13.959128
11.5 11.428412
11.2 11.198908
9.79897 10.237286
11.900001 11.853878
11.400001 11.4134245
11.719789 12.58412
11.2 11.578226
11.599999 11.500739
11.1 11.134285
12.699998 12.586892
9.79897 10.1452465
10.1 10.963616
11.1 11.136819
11.5 11.353333
12.199999 12.217224
11.2 11.226179
11.2 11.02662
11.986056 11.993282
11.3 11.351224
11.2 11.230432
11.508935 11.137397
10.79897 10.2529
10.1 10.991667
9.79897 10.230402
11.1 11.439713
11.1 10.968208
12.299998 12.466056
11.8 11.843612
11.7 11.771705
9.70206 9.952377
11.3 11.265249
11.900001 11.812892
12.799992 12.480022
11.599999 10.674757
11.599999 11.6805725
14.999629 12.971884
12.899998 12.375322
11.3 12.008028
15.600313 14.707203
12.199999 12.17286
11.7 11.702488
11.1 11.271695
11.900001 11.852609
13.399989 12.579135
11.599999 11.4939785
11.2 11.211242
12.899998 12.764327
11.5 11.394263
11.400001 11.523837
11.900001 11.926616
11.8 11.8281975
11.15061 11.91721
10.40103 10.471165
11.2 11.216382
11.5 11.846424
11.2 11.21074
12.399998 12.251803
12.699998 12.229349
11.400001 11.415094
14.901343 13.915777
11.19691 12.09642
12.314129 12.1914
13.399989 13.32224
13.299971 12.665991
10.70206 10.731231
11.2 11.167551
11.1 11.271399
11.2 11.246111
11.3 11.4331
12.299998 13.028901
14.600313 14.141684
11.999998 11.886798
11.599999 11.179781
11.1 11.1304035
11.400001 11.489268
13.1 13.096214
11.058607 10.786936
11.400001 11.256748
11.900001 11.907912
11.1 11.148928
11.2 11.258467
11.1 11.183044
11.3 11.479969
11.3 11.293019
11.900001 11.894275
11.999998 11.993956
11.599999 11.704683
12.155518 11.185594
13.999974 13.127674
11.8 11.345805
14.200179 13.864675
11.900001 11.653819
10.1 10.287628
12.499997 12.427268
13.70206 13.037423
11.900001 11.811537
11.3 11.294939
11.821246 12.220498
11.8 12.035254
11.5 11.524799
11.224938 11.973511
11.1 11.040358
13.1 13.243554
11.900001 11.865726
11.900001 11.766554
11.8 11.829133
11.599999 11.478988
11.1 11.130348
11.3 12.052889
11.1 11.117692
11.7 11.706571
10.321849 10.42492
11.2 11.219762
11.8 11.231263
11.400001 11.405381
11.1 11.180299
11.2 11.436017
11.5 11.523443
11.900001 11.8783455
12.1 12.529972
11.2 11.355565
10.40103 10.685822
12.499997 12.068213
11.400001 11.580718
14.1 13.554249
11.900001 11.8948965
12.299998 12.115657
11.2 11.234229
12.699998 12.408489
11.1 11.340049
11.5 11.867979
11.599999 11.667602
13.000009 11.947339
11.1 11.1349
11.900001 11.893293
11.5 11.587991
10.3 10.977271
11.2 11.217788
11.999998 12.327315
11.2 11.072232
11.2 11.374241
12.499997 12.944617
11.8 11.586192
11.900001 11.882699
11.1 11.163547
11.599999 11.628056
11.1 11.201653
10.738272 10.784913
11.599999 11.479444
10.79897 10.67848
13.800057 13.783436
11.5 11.549504
12.699998 11.9576025
11.2 11.365435
11.2 11.25348
11.8 11.906391
11.1 11.528942
11.5 11.640507
11.999998 11.702788
11.3 11.350591
11.7 11.818046
13.1 12.438015
11.900001 11.728391
11.999998 11.941955
11.3 11.239969
11.8 11.679934
10.5 10.65378
11.8 11.720402
11.7 11.300819
10.1 10.854343
11.3 11.51541
11.11059 11.147703
13.399989 12.598732
11.1 11.176822
12.299998 12.577587
12.399998 11.903789
11.8 11.808107
14.282827 12.726298
11.599999 11.61628
11.1 11.151336
11.2 11.202651
11.599999 11.553426
11.2 11.2693205
11.900001 11.8549185
11.8 11.838645
11.7 11.480995
10.1 10.50352
11.164493 10.687822
11.3 11.36796
11.2 11.259822
11.2 11.22464
11.999998 11.7640705
11.2 11.189809
11.999998 12.328368
11.900001 11.894954
12.499997 12.499846
11.2 11.243856
11.1 11.11116
11.1 11.190933
11.7 11.720039
13.699981 12.783296
11.1 11.085809
12.1 12.273043
12.299998 12.027475
11.5 11.456474
13.075391 13.758744
11.5 11.48843
11.2 11.222419
11.3 11.339898
12.549997 12.68718
11.8 11.828635
11.56133 11.90449
11.2 11.222009
11.900001 12.210254
11.8 11.809843
11.2 11.249461
12.299998 11.577225
11.2 11.187136
10.622879 10.862408
11.3 11.273662
11.19691 10.955318
11.999998 12.174815
11.2 11.3001795
12.89588 11.640244
11.2 11.686657
10.224938 12.259886
11.8 11.784148
14.1 13.685419
11.5 11.4910345
11.3 11.351452
11.2 11.207185
11.5 11.648951
11.5 12.043645
11.5 11.606482
11.5 11.52613
11.2 11.477611
12.199999 12.474119
12.799992 12.638934
11.5 11.506646
11.1 11.182782
11.2 11.227658
12.299998 11.923279
11.599999 11.671994
11.400001 11.4557
11.2 11.180964
11.400001 11.433279
11.2 11.2126255
11.900001 11.714705
11.900001 11.887604
11.900001 11.899446
11.2 11.198384
11.900001 11.893035
11.2 11.207008
11.599999 11.195715
10.40103 11.2893
11.1 11.194964
11.622879 11.419381
13.299971 12.963612
11.400001 11.386563
11.1 11.538475
11.2 11.215883
11.1 11.251389
11.5 11.306931
11.900001 11.951499
12.299998 12.234058
11.2 11.276884
11.1 11.159639
11.0 10.954131
11.5 11.424262
11.7 11.897424
11.5 11.5041
11.2 11.256115
11.5 11.758034
13.058607 12.649218
11.2 11.235137
11.400001 11.322389
11.900001 11.715378
12.299998 12.916258
11.900001 11.894419
11.7 11.771549
11.2 11.251667
11.900001 11.883621
11.2 11.321669
11.2 11.214086
11.7 11.682777
11.599999 11.71279
11.900001 11.897713
11.8 11.817861
11.400001 11.209889
12.742065 12.422808
11.3 11.381799
11.2 11.500559
12.699998 12.787386
12.699998 12.637255
11.1 11.560011
11.1 11.153607
11.3 11.551831
11.2 11.253992
11.7 11.572718
13.000009 12.096306
11.999998 11.801394
11.5 11.392776
11.599999 11.699387
11.7 11.229598
11.3 11.579221
11.40103 11.306464
12.499997 12.133585
11.7 11.809507
11.1 11.124885
12.399998 12.1828985
10.9 10.444538
11.1 11.327093
11.400001 11.486204
11.999998 11.953819
12.1 12.388054
11.5 11.530832
11.7 11.845176
12.499997 12.535444
11.2 11.198415
11.999998 12.007689
11.3 11.473915
13.000009 11.80874
11.2 11.351376
11.900001 11.801893
10.3 10.632414
11.2 11.291062
11.900001 11.893028
11.8 11.413344
11.900001 11.866925
11.599999 11.536182
11.204387 11.341992
10.622879 10.669275
15.1 13.3028965
11.900001 11.834234
13.299971 12.9725
11.2 11.227753
11.2 11.233627
10.622879 10.707799
11.8 11.890519
11.7 11.70697
12.1 11.838523
11.2 11.342684
11.2 11.233055
11.999998 11.943243
12.299998 11.605897
11.2 11.206167
13.000009 13.279079
11.2 11.283949
11.999998 11.989878
13.999974 13.187742
11.5 11.217776
12.699998 12.60041
13.600039 12.897513
12.1 12.4556
13.600039 13.186781
11.7 11.742836
11.900001 11.864129
13.200015 13.014259
11.2 11.175056
13.336572 13.48608
11.999998 11.774399
11.2 11.590867
10.622879 10.910579
11.2 11.158997
11.3 11.19186
11.1 11.134589
12.499997 12.8555975
11.1 11.140685
11.7 11.751724
12.399998 12.595855
11.2 11.664858
11.2 11.210849
11.2 11.196035
11.5 11.945534
11.2 11.168879
11.5 11.341354
11.5 11.499768
11.7 11.50494
11.7 11.699182
11.400001 11.495214
11.2 11.239205
11.2 11.426448
11.900001 11.876423
11.2 11.303892
11.999998 11.413223
11.5 11.545906
11.599999 13.325151
11.1 11.140475
12.399998 12.497988
11.599999 11.560064
11.19691 12.358673
11.7 11.696157
12.299998 11.83717
12.699299 12.684049
11.5 11.510238
11.900001 11.891221
11.999998 11.955221
11.599999 11.531634
11.5 11.344227
11.8 11.807333
11.1 11.256618
12.499997 12.030569
11.5 11.480989
11.7 11.82149
10.7 10.976401
12.599997 12.159376
11.3 11.318273
11.3 11.527945
11.900001 11.961898
12.199999 11.89014
11.599999 11.615472
12.699998 13.2477665
11.599999 11.469236
11.8 11.819619
11.400001 11.3989725
12.199999 11.828842
11.400001 12.248795
13.399989 12.082001
11.900001 11.916188
11.599999 11.5829315
12.399998 11.881357
11.1 11.205743
13.500008 13.692277
11.1 11.276644
11.2 11.200684
11.900001 11.85873
11.254902 11.163173
11.8 11.427301
11.2 11.28837
11.999998 12.238053
11.2 11.24821
11.900001 11.929257
11.2 11.3751135
11.900001 11.857169
10.777781 10.237775
11.5 11.472117
11.900001 11.443935
10.622879 11.152145
13.200015 11.441534
11.49794 10.966259
11.900001 12.372569
13.1 13.188594
11.1604805 10.6098385
11.3 11.395885
11.1 11.47692
11.2 11.538249
11.2 11.199561
11.3 11.497939
10.9 10.565993
11.8 11.7966175
10.3 10.233047
11.900001 11.891463
10.923909 10.928762
13.699981 11.869209
11.5 11.471956
11.5 11.432289
11.3 11.32435
11.7 11.874389
11.7 11.95334
11.1 11.25943
10.40103 11.098968
11.2 11.351869
11.599999 11.602275
11.599999 11.249384
11.12048 11.167736
12.1 12.383018
10.622879 10.913255
11.8 11.777652
12.199999 12.712332
13.699981 13.322664
12.589455 12.464601
11.599999 11.522471
11.3 11.257595
11.900001 12.042851
11.2 11.215176
11.999998 12.20225
11.476309 11.164745
10.549771 11.51672
12.399998 12.028078
11.900001 11.9050455
10.938632 10.903426
10.9 10.369155
10.4 10.486086
12.699998 12.015305
12.299998 12.329632
11.999998 12.715104
13.399989 12.903432
11.900001 11.773453
13.1 11.156169
14.200179 12.489199
9.79897 10.109061
10.40103 11.475186
11.400001 11.456561
11.8 11.845907
11.2 11.256854
11.400001 11.451085
11.5 11.479913
13.191515 12.926498
10.70206 10.669577
11.3 11.376983
13.299971 13.575966
11.999998 11.911297
11.2 11.222897
11.5 11.571084
11.1 11.177653
12.1 12.774898
12.199999 12.007631
11.1 11.084222
13.500008 13.245508
11.7 11.829491
11.1 11.120613
11.2 11.353222
10.242667 10.132628
11.8 12.035296
10.577556 10.537796
11.1 11.113196
10.555932 10.782393
13.999974 12.659452
11.900001 12.460875
11.7 11.708658
11.1 11.13298
11.7 11.682661
11.2 11.156652
11.2 11.167602
11.1 11.256793
11.900001 11.747174
11.3 11.496913
10.2 10.506906
11.900001 11.868675
11.2 11.19753
11.2 11.549718
11.5 11.537859
12.499997 12.384537
11.1 11.109634
10.5 10.48885
10.869551 10.725995
11.2 11.338767
11.8 11.860159
11.7 11.589005
11.400001 11.457512
11.599999 11.734447
11.3 11.415192
11.8 11.726488
11.3 11.42722
11.2 11.276576
12.199999 12.082652
11.2 11.232682
12.199999 12.078767
11.7 11.799379
13.200015 12.810965
11.8 11.957517
10.70206 10.702428
11.2 11.860199
11.1 11.254857
11.5 11.555104
11.3 12.237591
11.400001 10.740201
12.799992 13.235292
11.999998 12.849048
11.900001 11.863871
11.40103 11.600802
11.1 11.23333
11.2 11.326154
11.2139435 11.287665
11.2 11.196213
11.8 13.58996
11.3 11.293974
11.599999 11.310015
12.499997 12.125586
12.1 11.659873
14.700326 13.944967
11.400001 11.389431
13.219187 11.15402
12.599997 12.469557
11.1 11.153062
11.900001 11.774385
11.1 10.649448
11.1 11.141581
11.8 11.873818
14.254902 14.083152
13.699981 13.358307
12.1 10.831972
11.8 12.696183
12.1 12.418574
10.555932 10.570345
11.3 11.346466
10.058607 10.391087
11.1 11.117976
13.200015 12.025082
13.622879 11.915386
11.900001 11.972774
13.1 13.02363
13.699981 13.072578
11.400001 11.419304
11.599999 11.6479645
11.1 13.163234
10.1 11.237506
11.2 11.281147
11.1 12.171807
11.2 11.385307
11.239147 10.920652
11.599999 11.636701
11.1 11.108815
11.900001 11.95477
11.400001 11.397578
12.599997 12.161898
11.900001 11.915337
11.2 11.191948
11.1 11.189967
11.3 11.302316
11.900001 11.873427
11.3 11.309737
12.399998 11.935295
11.986056 11.72411
11.8 11.8934555
11.2 11.1829815
14.1 13.699625
11.5 11.561946
11.1 11.134719
13.800057 12.253444
11.5 11.532856
10.242667 11.168573
11.2 11.298537
12.299998 11.761595
11.8 11.879177
11.5 11.54887
11.1 11.202036
11.7 11.857576
11.7 11.724391
11.7 11.718102
11.520216 11.158379
13.1 12.224328
11.349999 11.470151
11.400001 11.496948
11.2 11.325507
11.7 11.809267
13.800057 11.546196
11.400001 11.361444
11.400001 11.430118
11.400001 12.195068
11.7 11.437254
11.2 11.216047
11.599999 11.608751
12.668636 12.885917
11.2 11.286884
11.400001 11.432904
11.999998 11.989375
14.1 13.037983
11.900001 11.650728
11.1 11.13722
11.900001 11.831597
11.1 10.978343
12.399998 12.2953415
11.1 11.119619
12.699998 12.034505
12.199999 11.600596
12.499997 11.950281
11.2 11.320446
11.2 11.306855
12.599997 12.788279
11.2 11.236663
11.8 11.497713
12.499997 11.900746
11.2 11.220957
11.2 11.262648
12.799992 12.29097
11.2 11.338361
11.999998 11.955576
13.321849 13.076226
10.145758 10.096098
11.900001 11.320106
11.5 11.575809
11.1 11.29525
11.1 11.155971
11.999998 11.973465
11.1 11.173303
11.999998 12.071516
11.400001 11.451639
12.1 11.82045
12.1 12.18884
11.900001 11.943594
11.2 11.261264
11.900001 11.887843
12.699998 13.426874
11.5 11.317968
11.8 11.868665
11.999998 11.957314
13.299971 12.87089
11.5 11.52543
11.3 11.404554
11.2 11.204529
11.1 11.082075
11.999998 11.922555
11.900001 11.90443
11.5 11.477883
11.2 11.273701
11.900001 11.691584
11.999998 11.956852
11.2 11.229269
11.5 11.468629
11.999998 11.882436
11.999998 11.948967
11.999998 11.571572
12.399998 12.476687
12.239662 13.184758
11.8 11.800371
12.299998 12.091513
10.3 10.512827
11.2 11.205629
14.500117 13.472319
14.79897 13.978431
11.35 11.449552
11.0 10.447047
11.900001 12.798354
11.5 11.811645
11.2 11.175871
11.1 11.110678
11.8 11.837543
11.5 11.23993
11.8 11.879929
11.7 11.725192
11.599999 11.513852
11.1 11.117093
10.805533 11.88401
11.3 11.339273
10.70206 10.853419
11.2 11.215197
11.1 11.146207
13.000009 13.207919
11.2 11.226531
11.2 11.155497
11.1 11.144136
13.1 13.142429
12.1 11.285236
11.280576 11.324086
10.1 10.491476
11.2 11.283709
11.599999 11.502745
11.2 11.230457
11.1 11.138605
11.400001 11.881812
11.900001 11.893697
14.500117 14.665892
10.622879 10.634006
11.7 11.781446
11.3 11.323244
11.5 11.881885
11.400001 11.451796
10.40103 11.000754
11.3 11.329549
11.8 11.801928
12.499997 12.393021
12.850003 11.820072
13.219187 11.413
11.1 11.146817
11.3 11.491232
11.599999 11.461566
12.399998 12.342687
11.2 11.23174
11.5 11.55322
11.2 11.330332
11.900001 11.702793
10.5 10.554791
11.599999 11.723474
11.2 11.31501
12.399998 12.1399145
11.2 11.202619
11.1 11.159579
11.400001 11.155238
12.199999 13.100596
11.599999 11.889962
12.599997 12.295841
11.2 11.307179
13.986056 13.395938
11.8 11.831029
11.3 11.28385
13.399989 13.067003
11.2 11.19864
11.2 11.572582
10.3 10.871826
11.8 11.8485
11.2 11.22646
11.5 11.409665
10.79897 10.713436
11.5 11.484654
12.1 12.318722
11.8 11.835183
11.900001 11.829316
11.999998 11.966114
11.7 11.540972
11.7 11.720308
12.601689 12.440578
11.5 11.711331
11.1 11.159499
11.2 11.253929
11.2 11.186718
11.202373 11.112493
10.872113 10.422437
11.400001 11.464901
11.2 11.289051
10.40103 10.77973
12.190621 11.840291
10.1 11.047796
11.5 11.516042
11.2 11.26921
11.1 11.459287
10.3 10.12576
11.8 11.76789
11.79897 10.895407
11.900001 11.782595
11.400001 11.387599
11.599999 11.786319
10.5 10.567727
10.40103 10.587931
14.1 13.268317
11.8 11.854331
11.5 11.445985
11.2 11.2046
13.600039 13.516678
11.900001 11.797912
11.8 11.78332
11.400001 11.413163
11.900001 12.032034
12.199999 12.209362
11.7 11.775978
11.2 11.245152
11.7 11.768529
12.299998 12.253082
11.2 11.216778
12.399998 11.913919
11.273925 11.188116
11.999998 11.894513
12.807404 11.702518
11.999998 11.974173
9.47675 9.704898
11.1 11.1075535
13.500008 12.535516
13.650009 13.790334
12.651294 12.400517
11.900001 12.665335
11.8 11.751226
13.999974 12.201757
11.2 11.193094
11.5 11.695422
11.3 11.364909
11.2 11.502897
13.1 13.56212
11.5 11.614824
11.999998 11.554797
11.289096 11.5915575
13.622879 13.028706
11.599999 11.651334
11.900001 11.815541
14.600313 13.4461565
11.3 11.228752
11.2 11.238406
11.5 11.158057
11.599999 11.5027485
13.500008 12.516951
12.1 11.1624975
11.3 11.371042
12.299998 12.780966
11.1 11.198184
11.1 11.38713
11.2 11.241068
10.1 11.446639
13.000009 13.443798
11.599999 11.402639
14.881657 12.312529
11.2 11.077062
11.900001 11.922469
11.999998 11.896927
12.1 11.8681555
12.599997 11.656746
12.499997 12.881791
11.40103 11.5473795
11.900001 11.877326
11.5 11.480041
11.8 11.978383
11.900001 11.669329
11.599999 11.738632
12.799992 12.444344
11.2 11.239694
11.7 12.027078
11.3 11.373921
11.1 11.147429
11.3 12.306654
11.3 11.372828
11.8 11.826462
11.3 11.32318
11.8 12.05951
11.900001 11.600159
11.104364 11.595734
11.15 11.69826
11.5 11.509005
11.1 11.202787
11.1 11.0624485
12.599997 12.758219
11.1 12.680573
11.400001 11.762921
12.399998 11.951933
11.1 11.191299
12.149149 12.185249
11.7 11.808276
11.1 11.12986
11.900001 12.16518
11.1 11.1239605
10.1 10.529991
11.900001 11.872839
11.2 11.623873
11.2 11.193709
12.1 11.328114
12.599997 12.664281
11.2 11.186851
10.622879 10.693988
12.899998 13.193171
13.000009 12.422274
11.400001 11.465574
12.899998 12.667825
11.3 11.383956
11.400001 11.360832
11.400001 11.315228
11.400001 11.834136
11.999998 11.816909
11.8 11.834865
11.5 11.647223
11.1 11.559331
11.3 11.245705
11.3 11.4594
11.1 11.154584
13.299971 12.153834
11.7 11.717045
11.5 11.46413
11.5 11.596593
13.600039 12.52116
11.5 11.548599
11.5 11.486238
11.685027 11.378137
10.5 10.621913
11.599999 11.443973
11.2 11.228966
11.599999 11.43028
11.1 11.238981
12.699998 12.288554
11.8 11.7974
11.5 11.486808
11.3 11.441576
11.599999 11.497675
11.5 11.436998
13.200015 12.194517
11.400001 11.387671
11.986056 11.994671
12.1 12.146931
11.400001 11.428388
11.2 11.176381
11.2 11.388026
11.900001 11.760682
12.392429 11.163164
13.399989 12.41803
11.2 10.746188
11.2 11.247764
12.601689 12.447642
11.2 11.207685
12.1 11.9302
11.8 11.831643
10.165502 12.220723
11.2 11.230532
12.499997 12.108937
12.899998 12.62796
11.2 11.333768
14.351812 14.116268
14.500117 14.1028385
11.999998 11.903589
10.70206 10.708479
11.5 11.561027
11.5 11.446386
11.5 11.527164
11.5 12.285257
11.599999 11.62984
13.200015 12.544273
12.485103 11.773693
11.7 11.8435
11.2 11.58089
11.2 11.285587
11.900001 11.867657
12.499997 12.372739
11.8 11.532609
11.2 11.29161
11.900001 11.913981
11.1 11.142031
12.399998 12.885115
11.999998 11.949944
11.999998 11.918691
12.40103 11.183697
11.900001 11.969338
11.2 11.200093
11.5 11.462325
13.500008 12.693416
11.400001 11.465476
12.399998 12.069649
11.2 11.220841
11.900001 11.6628685
11.2 11.493491
11.3 11.409753
12.199999 12.216352
12.299998 12.878114
11.8 11.792798
11.1 11.115813
10.6 10.644726
11.1 11.267845
11.3 11.322231
11.1 11.206049
11.3 12.275375
11.400001 11.409
11.900001 11.962101
11.7 11.783224
13.1 12.068057
11.1 10.691528
13.254902 13.304043
11.738272 11.379389
11.8 11.976823
13.800057 12.89777
11.5 11.515379
11.1 11.116895
11.1 11.131423
11.5 11.471961
14.600313 14.57135
11.599999 11.714226
12.699998 12.808721
11.1 11.203552
10.79897 10.17894
11.1 11.1837435
12.1 11.98344
11.1 11.241549
11.1 11.131253
11.5 11.532054
11.999998 11.9430275
11.2 11.222583
14.200179 14.075853
13.4372425 13.029259
12.499997 12.165344
11.5 11.487213
12.399998 11.635194
11.1 11.283338
11.400001 11.346307
11.1 11.153264
10.1 10.081692
11.5 11.786068
11.923909 12.246591
13.399989 12.661713
11.622879 13.406879
11.7 12.268817
11.2 11.182936
11.1 11.217259
11.599999 11.679408
11.581486 11.395882
13.200015 12.412996
12.899998 13.051092
11.2 11.39576
11.3 11.355204
12.699998 12.369228
12.685027 12.294167
11.999998 12.058015
11.8 11.784176
10.2 10.347124
11.2 11.32561
12.299998 10.709702
11.1 11.131736
11.400001 11.344319
12.299998 12.203046
11.2 11.532385
11.5 11.514149
11.1 10.593803
11.599999 11.630243
11.2 11.209135
11.400001 11.505664
11.2 11.279084
13.531798 13.082817
11.1 11.150352
11.599999 11.604887
12.1 13.74189
11.2 10.890942
11.900001 11.899355
12.299998 12.084662
13.800057 12.873672
13.200015 12.295656
11.999998 11.947582
11.1 11.614664
11.900001 12.186045
13.299971 13.357396
11.2 11.246194
12.199999 11.908671
13.800057 13.495613
11.599999 11.544244
11.8 11.829302
11.7 11.660089
11.2 11.221376
11.8 11.743021
11.8 11.928453
11.1 11.129482
11.498559 11.457969
11.3 11.3145
12.1 11.665933
11.1 11.237183
11.5 11.762665
11.999998 12.144478
11.599999 11.637381
10.40103 10.726835
11.900001 11.7828245
11.2 11.191056
12.8447275 12.555803
13.000009 12.447935
11.3 11.243808
11.900001 11.867894
11.2 11.473841
11.2 11.3913
11.1 11.658941
11.3 11.330107
11.8 11.915558
11.667832 12.008342
11.1 11.163271
13.000009 12.553215
11.599999 11.650833
11.2 11.143908
11.900001 11.874494
12.199999 12.047161
11.999998 11.933283
10.622879 10.866101
10.79897 10.841211
11.932683 12.230592
12.199999 11.901361
11.2 11.427323
11.900001 11.875354
11.020819 11.807775
11.8 11.808032
11.7 11.738484
12.199999 11.890486
11.900001 11.909031
11.2 11.266157
14.1 13.826933
11.900001 12.364977
11.3 11.302144
14.299971 13.401979
11.2 11.396501
11.599999 11.669436
11.5 11.477442
11.400001 11.509416
11.3 11.6565695
10.8 10.834109
11.2 11.243126
11.900001 11.884945
14.321849 13.898809
11.900001 11.880308
11.5 11.43313
13.399989 13.204127
11.3 11.431765
11.7 11.266656
11.2 11.174929
12.953999 12.964514
11.2 11.268504
11.1 11.125672
11.1 11.23636
11.3 11.322646
11.5 11.502696
11.1 11.153746
11.8 11.734661
13.899971 12.978749
11.5 11.578921
11.999998 11.9591
12.699998 11.336662
11.900001 11.886386
11.2 11.244996
11.999998 11.920788
11.8 11.297061
12.799992 12.005073
11.900001 11.888298
11.1 11.141446
12.499997 11.62876
11.8 11.582202
11.2 11.281353
13.699981 13.414492
12.299998 13.254369
11.8 11.823622
11.1 11.103353
11.2 11.14764
10.5 10.485475
11.900001 11.865478
11.400001 10.491061
11.3 11.333111
11.1 11.046598
12.899998 12.695181
12.299998 11.880938
11.70103 11.688152
11.400001 11.632339
11.3 11.328322
11.8 11.819348
12.1 11.910984
13.200015 12.928095
11.400001 11.406052
11.5 11.521566
11.900001 11.83598
11.3 11.27636
11.8 11.852176
11.400001 11.452729
11.40103 12.046626
11.1 11.416756
12.699998 12.546858
11.5 11.613172
11.1 11.1490135
11.900001 11.658961
12.71261 12.056202
12.499997 11.330509
13.699981 11.989361
11.49794 11.4919
11.599999 12.0203085
12.799992 11.984354
13.531798 13.1172905
11.2 11.161089
11.2 11.181539
11.3 11.322315
11.8 11.823616
11.3 11.386911
11.1 11.217601
11.400001 11.410473
12.199999 12.206757
11.8 11.319156
11.599999 11.886816
10.2 10.199167
11.1 11.206332
11.2 11.191494
10.1 10.326625
10.70206 11.360744
11.3 11.475881
11.1 11.178515
11.900001 11.77887
11.3 11.499426
11.1 11.149308
12.537707 12.198515
11.599999 11.690334
10.555932 10.498436
11.5 11.488628
11.1 11.142021
11.400001 11.354736
12.869551 12.450189
11.7 11.535783
11.400001 11.797958
12.599997 11.932165
12.199999 12.026115
11.400001 11.692161
11.2 11.3930855
14.652842 13.51111
11.1 11.093089
11.7 11.681208
12.324754 13.282373
11.1 10.577441
11.2 11.312456
11.2 11.264631
12.499997 12.153372
11.400001 11.748354
11.1 11.157467
11.2 11.378414
11.8 11.824045
12.1 11.72244
14.1 13.879999
11.999998 12.006067
12.812984 12.039312
11.3 11.280373
12.1 11.794874
11.400001 11.551784
11.599999 11.620118
11.900001 12.193433
11.999998 11.942407
11.7 12.075995
11.999998 11.959051
11.2 11.220688
11.669136 12.140992
11.900001 11.763261
11.5 11.278503
11.84958 11.544019
11.900001 11.874918
11.7 11.68806
11.5 12.066099
11.2 11.157591
11.900001 12.695948
11.5 11.638045
11.2 11.233024
13.600039 13.144841
11.923909 11.905182
11.900001 11.866805
11.254902 11.491221
11.2 11.381645
11.7 11.892243
11.900001 12.072689
11.5 11.289707
11.900001 12.0730095
11.3 11.302481
13.299971 11.880823
11.999998 11.587202
11.2 11.235687
11.900001 10.836616
11.1 11.19109
11.900001 11.879129
13.899971 11.9937315
11.900001 11.850985
10.1 10.171593
11.5 11.8922415
14.236677 13.896641
9.40103 9.408588
11.7 12.036529
11.400001 11.255747
11.8 11.939022
11.599999 11.385099
11.3 11.354201
11.7 11.790171
11.2 11.270603
11.8447275 11.651439
11.5 11.59948
12.1 12.003965
9.79897 10.077746
12.7090645 13.528525
11.3 12.460504
11.2 11.210667
11.5 11.529261
12.1 12.078479
10.4 10.406196
10.40103 10.578928
11.7 11.825046
11.900001 11.880469
12.1 12.136476
12.399998 12.6983795
11.2 11.266557
11.900001 11.862542
13.699981 13.540186
11.599999 11.483291
9.893174 10.241411
11.3 11.436281
11.900001 11.894856
13.49794 12.848735
11.8 11.876048
13.500008 13.114938
12.799992 12.556725
13.800057 13.141797
14.200179 13.983663
11.599999 11.544374
11.5 11.775914
11.3 11.265267
10.1 10.287983
11.696879 12.029182
11.8 11.980913
11.79897 12.302703
11.699999 12.16392
11.3 11.387868
11.8 11.957766
11.5 11.520235
12.699998 12.290106
11.5 11.484416
12.399998 11.544698
11.2 11.192176
11.2 11.40446
12.359637 12.324818
11.900001 11.864562
11.5 11.534488
10.4 10.518079
16.141392 13.173868
13.399989 13.242099
11.7 11.761879
15.1 13.717493
11.1 11.137656
11.599999 11.558382
11.3 11.255279
13.200015 12.168785
11.999998 11.942953
11.7 11.7451
11.8 11.874838
12.199999 12.017981
11.3 11.285027
11.2 11.328794
13.899971 13.330028
11.567883 11.163225
11.900001 11.871791
11.900001 11.920798
11.3 11.559626
11.1 11.143678
11.8 11.939251
11.8447275 11.722564
11.3 11.39277
11.1 11.146233
10.40103 10.567142
11.652842 12.359418
11.2 11.200753
11.900001 11.893721
11.2 11.196357
11.7 11.7775755
11.3 11.350809
12.699998 11.152871
11.5 11.55101
11.900001 11.917082
11.7 11.757798
12.699998 12.0164175
11.3 11.212062
11.5 11.538429
14.299971 14.066366
12.1 11.914153
11.7 11.771686
11.900001 11.401872
12.199999 12.175994
11.1 11.150332
11.7 11.191519
13.21351 12.6965
10.1 10.169388
11.5 11.417125
11.5 12.416518
11.2 11.198113
11.900001 11.9024105
11.900001 11.836708
13.399989 12.604567
10.40103 10.551895
11.5 11.460664
11.900001 11.496566
10.79897 11.377021
12.1 11.828513
11.5 11.471407
11.3 11.858111
11.1 11.155965
11.999998 12.075144
11.3 11.274085
11.8 11.7900715
12.599997 11.789997
11.599999 11.793985
12.199999 12.544854
11.400001 11.398873
11.1 11.108264
11.1 11.12924
11.999998 11.913627
11.2 11.2046175
12.299998 12.256058
12.199999 12.411841
11.1 11.19067
11.999998 11.970067
11.8 11.609856
11.5 12.14193
11.7 11.5179405
10.1 11.032911
11.2 11.247335
10.351812 10.500342
11.1 11.132994
11.1 11.125056
11.1 11.213807
11.3 11.232406
11.2 11.299584
12.633132 12.540651
12.499997 12.654124
11.999998 12.003023
11.2 11.248659
11.999998 11.907414
11.400001 11.4309845
11.400001 11.469585
11.400001 11.480572
11.400001 11.410952
11.1 11.158555
11.999998 11.351855
11.599999 11.625107
11.400001 11.407895
12.1 12.062079
11.3 11.483993
11.2 11.371711
11.2 10.983757
11.058607 12.868719
11.900001 11.889703
11.1 11.248928
11.5 11.759876
11.1 11.134663
11.2 11.194967
11.8 11.968108
10.40103 10.526287
11.7 11.797801
11.900001 11.900033
11.2 11.241011
11.1 11.160719
11.5 11.333431
11.8 11.46197
10.777781 11.312069
11.3 11.204533
11.5 11.523853
11.900001 11.880873
11.7 12.027183
14.814443 12.28398
11.5 12.014842
11.1 11.156209
11.3 11.39095
11.400001 11.467814
11.3 11.881034
11.599999 11.625781
10.3 10.417561
11.3 11.403821
11.5685215 11.26123
10.581486 10.705988
11.7 11.734425
12.953872 12.857306
11.900001 11.914451
11.1 11.208519
11.2 11.378101
11.7 11.705601
11.599999 11.726876
11.400001 11.7013235
11.3 11.404005
11.4 11.57363
12.899998 13.191914
11.1 11.169116
13.487216 13.281081
13.500008 12.332636
11.8 11.342876
11.1 11.249989
11.599999 11.562161
11.999998 11.902179
12.1 12.116944
13.999974 13.279444
12.70206 10.892155
11.3 11.339918
11.900001 11.550625
12.1 11.826434
12.1 12.557392
10.3 10.563116
11.900001 11.942945
11.2 11.181894
11.7 11.691989
11.8 11.571434
11.5 11.481537
11.5 11.556398
11.999998 11.875036
11.1 11.281278
11.3 11.4903555
11.869551 11.61716
11.3 11.415154
13.1 13.267303
11.400001 11.513646
11.8 11.901397
11.1 11.141882
11.1 11.142203
11.2 11.204103
11.1 11.153075
10.3 10.235758
10.70206 10.735191
11.999998 11.943646
12.299998 12.270363
11.599999 11.746141
10.40103 10.632727
11.5 11.326235
11.900001 11.7422695
12.1 11.211668
11.5 11.462941
10.1 10.139878
11.7 11.839111
11.400001 11.446782
11.999998 12.322577
11.8 11.946529
11.999998 11.989983
11.2 11.20417
11.900001 11.728016
11.8 11.770808
11.5 11.513016
11.999998 11.935732
11.1 11.159107
11.1 11.890252
11.7 11.810054
11.400001 11.205129
10.078811 10.108006
11.8 11.808568
11.599999 11.82419
11.2 11.237645
11.3 11.305649
11.999998 12.274015
11.5 11.397268
11.3 11.319111
11.400001 11.176594
11.5 11.5659485
11.7 11.738433
11.1 11.179862
10.70206 10.724633
11.427902 11.636007
12.899998 12.713177
11.8 11.843446
11.999998 11.930887
13.399989 12.737373
11.3 11.309007
13.299971 12.598639
12.1 12.407285
11.1 11.136086
10.5 10.339041
11.3 11.70783
11.599999 11.445418
11.7 11.610317
11.1 11.169303
10.79897 10.88148
13.600039 12.983259
11.1 11.146235
11.1 12.052532
11.8 11.813879
11.2 11.217594
12.199999 11.913006
11.2 11.189459
11.900001 11.892553
13.1 12.242599
11.900001 11.868232
11.2 11.292031
11.1 11.156576
11.5 11.406889
11.1 11.133179
12.699998 12.405565
11.1 11.120759
11.2 11.2696085
11.2 11.129499
13.200015 12.527225
10.4 11.958988
11.1 11.117302
11.7 11.580609
11.900001 11.904111
10.2 10.488422
11.2 11.194808
12.1 11.876438
11.1 11.449828
11.2 11.166338
11.2 11.217447
11.5 11.498411
13.600039 13.529513
11.2 11.194623
12.199999 12.021278
13.500008 12.815237
11.2 11.163456
11.5 11.559885
11.8 11.99773
11.8 11.815778
11.8 11.789022
11.400001 11.399107
11.3 11.336457
11.599999 11.485544
11.900001 11.909867
11.2 11.224605
11.599999 11.9342375
11.900001 12.053966
11.2 11.177601
11.020819 11.036319
12.299998 12.413702
9.70206 9.973817
12.299998 12.308785
11.400001 11.306652
11.3 11.370471
11.5 11.127641
12.1 11.907442
12.299998 12.05268
11.2 10.94248
11.7 11.42052
11.1 11.191766
11.2 11.194062
12.799992 13.195718
11.8 11.835666
11.7 11.900485
11.599999 11.64777
10.1 10.386946
11.5685215 11.344731
9.79897 10.047773
11.8 11.836186
11.329148 11.405871
12.699998 12.339332
11.2 11.182124
10.923909 10.878019
13.800057 13.13902
11.3 11.425298
11.5 11.637309
11.5 11.470507
10.1 10.2703495
11.400001 11.371974
11.8 11.797223
10.2 10.928474
11.400001 11.420725
11.599999 11.861092
11.3 11.259776
11.2 11.240657
11.5 11.522092
12.499997 12.413288
11.900001 11.87697
11.3 11.260363
11.8 12.258681
11.1 11.165104
12.699998 12.476242
10.47675 10.459151
11.1 11.149392
13.899971 13.194659
11.5 11.8026
12.599997 11.892502
11.5 11.47902
11.2 11.353237
13.500008 12.350074
13.1 13.546232
12.877283 12.7159605
10.7 10.388273
10.70206 10.6319275
11.2 11.322864
11.8 11.812104
11.5 11.467011
11.3 11.255541
11.599999 11.277648
11.8 11.891207
10.622879 10.690953
11.999998 12.011524
11.900001 11.892839
11.5 11.825638
11.3 11.31373
11.543697 11.995554
11.400001 11.383202
12.399998 11.937959
11.599999 10.16366
11.8 11.809528
12.199999 12.326531
11.2 11.178866
11.8 11.824879
11.1 11.146555
11.1 10.993722
12.199999 12.22069
11.2 11.407808
11.400001 11.521406
14.1 13.358143
11.5 11.217739
11.7 11.6601305
11.520216 11.147272
11.3 11.674935
11.1 11.583876
13.899971 13.503848
12.199999 12.34453
11.5 11.476753
11.3 11.502599
11.8 12.790747
13.299971 12.427275
11.2 11.22803
11.900001 11.772054
11.699999 11.958622
11.400001 11.579657
11.900001 11.910576
11.8 11.470007
11.8 11.850282
11.400001 10.924274
12.543697 11.98478
12.1 12.241709
11.999998 12.23693
11.2 11.240117
12.555932 12.375536
11.2 11.275307
11.3 11.305853
12.499997 12.107247
12.248742 13.031202
11.3 11.264285
11.5 11.626725
11.3 11.597769
11.3 11.273433
11.400001 11.430703
11.2 11.225807
14.400163 14.142354
12.299998 12.208837
11.1 11.187152
11.3 11.407135
10.622879 13.585093
11.8 11.771345
11.5 11.483885
10.5 10.694244
11.3 11.272791
11.2 11.219273
11.900001 11.169706
11.900001 11.968503
11.2 11.203981
11.1 11.144089
11.2 12.09486
11.900001 11.88025
11.1 11.163446
11.1 11.122557
11.2 11.323477
11.900001 12.194184
11.2 11.289161
10.2 10.174185
11.400001 11.76886
11.5 11.523207
11.2 11.226705
12.199999 11.825929
11.1 11.219162
11.5 11.142449
11.900001 11.923549
11.3 11.518313
11.400001 11.419661
11.900001 11.946854
11.900001 11.709823
11.7 12.263983
11.7 11.181651
11.900001 12.254057
11.3 11.371076
11.3 11.371723
13.500008 13.195701
11.2 11.25443
11.7 11.7137375
13.600039 13.503913
10.1 11.224221
14.5685215 13.868172
12.899998 12.565658
11.2 11.191129
11.5 11.360925
12.499997 11.893276
11.1 11.126113
10.70206 10.719308
11.900001 11.8826275
11.8 11.853488
12.1 12.375525
11.2 11.277488
11.2 11.202796
11.900001 11.896015
11.5 11.661936
14.1 14.021471
13.299971 12.9851675
11.8 11.973553
11.599999 11.689584
11.5 12.907927
11.821246 11.283378
11.1 11.588404
9.40103 9.524353
11.5 11.51241
11.400001 11.475669
11.8 11.646922
11.900001 11.775309
12.199999 11.462389
13.191515 12.9222145
12.1 11.955115
12.668636 12.76387
11.1 11.168117
11.599999 11.645308
12.699998 12.177892
11.900001 11.908042
11.5 11.527613
11.1 11.18052
11.8 11.8885975
12.1 11.674283
11.5 11.584362
13.600039 12.147695
11.599999 11.813143
11.8 11.821837
11.400001 11.345856
11.900001 11.890175
11.7 11.609943
11.900001 11.889228
11.1 11.122796
11.400001 11.510363
11.5 11.685
11.2 11.264848
11.3 11.293514
11.18302 12.12793
12.799992 11.945873
11.900001 11.867256
11.1 11.140421
13.699981 12.885965
12.899998 12.668399
11.1 11.311703
11.180922 11.19191
13.699981 13.292508
11.1 11.138317
11.3 12.052802
10.622879 10.965905
11.1 11.116039
10.40103 10.723279
11.1 11.173759
12.499997 12.476518
11.999998 11.893064
11.599999 11.791747
11.7 11.721284
11.8 11.800677
11.3 10.903841
11.1 11.120433
11.3 11.410588
11.400001 11.287636
13.000009 12.879416
13.1 12.5781555
10.7 10.485133
11.719789 12.045816
11.2 11.290592
12.599997 12.310935
12.199999 11.63602
11.1 11.122382
11.900001 11.944096
11.900001 11.885638
11.5 11.56015
11.599999 13.390707
10.622879 10.770076
11.1 11.146494
11.8 11.742576
11.7 11.721773
11.8 11.797946
11.8 11.863092
12.199999 11.710971
11.999998 12.503269
14.299971 13.683538
11.599999 11.804104
11.1 11.647831
11.7 11.746815
11.8 11.801839
11.900001 11.84915
11.900001 11.877156
11.999998 11.924938
12.699998 13.088499
10.49794 11.230159
11.2 11.323423
11.8 11.542258
10.7 11.323477
13.49794 13.173521
9.122276 10.099233
11.1 11.48503
12.899998 11.553373
11.400001 11.375339
11.1 11.145076
11.900001 11.870401
12.399998 12.388814
11.900001 11.861468
11.400001 11.62568
11.400001 11.395746
11.124064 11.612387
11.900001 11.897095
11.5 11.491902
11.49794 11.58043
11.599999 11.618917
12.599997 13.724165
11.2 11.844901
11.5 11.473766
10.70206 10.716674
11.1 11.176988
11.1 11.173776
11.5 11.611489
11.2 11.316684
12.299998 12.59311
11.1 11.293137
12.299998 12.009202
11.7 11.84143
14.299971 13.143631
11.8 11.853699
13.299971 12.93378
11.2 11.662381
11.2 11.201462
10.40103 10.869771
10.70206 10.7855015
12.899998 12.92572
11.3 11.475501
11.2 11.849073
11.1 11.246591
12.599997 12.215391
10.1 10.346022
11.1 11.125937
11.2 11.210157
11.2 11.21152
12.399998 12.821728
12.299998 12.11717
11.5 11.377302
11.2 11.395108
11.1 11.239116
11.8 11.888854
12.1 12.193264
11.79897 11.961324
12.1 12.479439
11.8 11.694251
10.581486 10.839166
11.1 11.258927
11.900001 11.846494
12.199999 11.497115
11.2 11.253806
12.1 12.096577
11.5 11.688363
11.699999 12.44568
14.400163 13.067032
12.799992 12.71337
13.299971 12.613958
10.59485 10.537037
12.399998 11.545819
12.899998 12.863423
11.5 11.499745
11.3 11.327011
11.5 11.416368
11.2 11.579553
12.499997 11.579983
12.799992 12.4938545
12.799992 12.92296
11.2 11.248606
13.1 12.393227
11.2 11.21667
10.79897 10.350421
12.299998 12.422478
11.900001 11.972717
11.599999 12.157171
11.8 11.670326
11.1 11.112666
11.900001 11.893614
11.5 11.406882
11.8 11.859706
11.900001 11.870268
11.900001 11.875904
11.5 11.243924
11.7 11.728283
13.899971 14.000107
12.399998 11.852201
11.3 11.273977
11.2 11.202634
11.400001 12.233496
12.299998 12.315407
11.2 11.175986
11.999998 11.913028
11.3 11.322063
11.8 11.857024
11.900001 11.83925
11.999998 11.794917
13.1 13.501371
11.7 11.716448
11.7 11.419995
11.8 11.712866
11.379819 11.381041
10.1 10.5581
9.70206 10.099831
11.8 11.796473
10.79897 10.163761
13.800057 12.999059
13.999974 13.804951
11.400001 11.561711
11.3 11.219489
11.2 11.193386
11.3 11.312775
11.999998 11.86073
13.652842 12.580985
11.2 11.289301
11.3 11.614621
11.1 11.142348
11.999998 11.843795
11.2 11.181915
11.7 11.790197
10.622879 10.71255
11.3 11.192909
11.8 12.016321
10.1 11.935551
11.3 11.334672
11.1 11.170075
11.1 11.1580925
11.999998 11.910203
12.1 11.94175
12.499997 12.236998
11.900001 11.894274
13.129657 13.209944
11.3 11.467016
12.699998 12.169046
11.5 11.4172945
11.3 11.364675
11.2 11.22795
11.400001 11.454918
11.8 11.878507
11.400001 11.494277
12.738272 13.2821245
12.899998 12.150161
15.1 14.234896
12.299998 11.980806
11.254902 11.242306
11.7 11.6209755
12.1 11.895839
13.821246 12.824409
13.399989 13.032997
11.2 11.300344
10.1 10.1714945
11.7 11.755936
11.1 11.249545
10.5 10.469393
11.7 11.231113
14.1 13.8564
11.2 11.177298
11.900001 11.895025
11.1 11.189499
11.1 11.500665
11.608639 11.482528
11.3 11.442394
11.400001 11.41259
11.1 11.121321
11.8 11.5712385
11.400001 11.465055
15.321849 14.349274
11.599999 11.646715
11.1 11.175393
11.1 11.108107
10.1 11.307033
11.5 11.2902975
11.8 11.820626
13.299971 12.050785
11.7 11.3821945
11.2 11.679078
11.8 11.930352
13.000009 12.004893
11.599999 11.393522
13.399989 13.068655
12.299998 11.967937
11.599999 11.529909
11.2 11.269097
11.7 11.71448
11.2 11.244013
11.599999 11.514063
11.1 11.137888
12.699998 13.121147
13.1 12.747276
13.699981 13.667004
11.999998 11.957616
11.5 11.450658
11.5 11.834929
11.900001 11.880652
11.5 11.982752
11.2 11.172314
13.399989 11.851694
11.7 11.712161
11.2 11.207281
11.1 11.129441
11.138579 11.653867
11.3 11.30273
13.043096 12.998262
11.2 11.211145
11.900001 11.919505
10.1 10.2015915
10.3 10.508888
11.1 11.125646
11.3 11.460104
11.1 11.175715
11.2 11.252343
11.400001 11.39444
11.5 11.553534
11.900001 11.8515835
11.2 11.297493
11.1 11.108145
12.399998 12.544471
11.900001 11.851604
11.5 11.546861
10.8 10.541673
11.2 11.369546
11.558421 11.388975
11.2 11.173186
11.900001 11.8862915
11.7 11.935367
11.1 11.197105
13.399989 13.349281
11.2 11.396822
13.999974 13.943594
13.299971 11.939547
12.899998 12.164609
11.2 11.19712
11.3 11.277513
10.1 10.181698
11.5 11.519775
12.799992 13.282732
11.599999 11.57737
12.299998 12.396384
11.1 11.113367
12.199999 11.56407
11.999998 11.759149
11.3 11.365445
11.599999 12.321313
13.000009 11.9675865
11.5 11.5242405
11.2 11.34109
11.8 11.894747
11.999998 11.921123
11.2 11.259252
11.900001 11.898909
11.999998 11.652593
11.2 11.234681
11.999998 12.011044
11.400001 11.40639
11.2 12.249007
12.299998 12.36488
11.8 11.661071
11.7 12.151548
11.3 11.288949
11.710834 11.892121
11.7 12.193641
11.400001 11.381241
11.108774 11.226855
11.900001 11.525551
11.5 11.455004
11.900001 11.882711
11.400001 11.515046
11.2 11.231628
11.2 11.299784
11.8 11.851099
13.699981 11.133168
11.3 11.194327
11.2 11.278363
11.2 11.208339
13.1 13.141934
11.400001 11.3974495
11.2 11.259274
11.2 11.245921
12.399998 11.819036
11.900001 11.840189
11.900001 13.776419
11.400001 11.453407
11.400001 11.37641
11.900001 11.468294
10.70206 10.705788
11.1 11.036524
12.599997 13.504017
11.2 11.34586
11.1 11.158422
11.1 11.2720585
10.622879 10.695182
14.40103 12.112317
13.299971 12.947124
11.8 11.856827
10.1 10.405311
11.1 11.114278
11.5 11.354459
11.5 11.408286
14.600313 13.671873
11.900001 11.864919
10.4 10.542165
11.8 12.134228
11.400001 11.40285
11.3 11.268353
10.622879 10.709591
10.70206 10.733945
12.0813 11.645013
11.2 11.235841
11.3 11.819086
10.7 11.099204
11.3 11.385155
11.900001 11.929814
12.699998 12.424194
11.7 12.124383
11.900001 11.942852
11.7 11.200882
11.3 11.266162
12.299998 12.137758
11.8 11.962264
11.555932 11.034042
11.599999 11.61533
11.2 11.282297
11.1 11.119186
12.299998 12.417378
12.399998 12.374316
13.600039 13.555197
11.400001 11.420342
11.599999 11.494427
11.5 11.7724905
11.1 11.286675
11.400001 11.374558
11.5 11.385166
11.7 11.378688
14.1 13.79421
14.1 13.561575
11.3 11.334301
11.2 11.239121
11.2 11.204588
11.531798 10.6740885
10.3 10.834863
11.2 11.21287
11.3 11.407121
12.1 12.352537
11.2 11.200434
11.2 11.3585415
11.3 11.406879
11.400001 11.134615
11.599999 12.018992
11.1 12.016476
11.599999 11.729764
11.1 11.15128
11.999998 12.048779
11.2 11.185066
11.8 11.90673
13.299971 12.800137
11.40103 10.834762
11.2 11.257863
11.400001 11.391402
11.599999 11.65526
11.1 11.115146
10.986056 11.042701
11.5 11.765278
11.2 11.24368
10.2 10.410971
11.8 11.810862
11.900001 12.446602
11.2 11.4762745
12.199999 12.050882
11.3 11.301265
11.702686 11.685554
12.199999 11.881853
12.399998 12.099359
13.999974 13.180919
11.2 11.346932
11.999998 11.380112
11.999998 11.572718
11.2 11.26727
11.5 11.374241
13.1 12.906463
11.900001 11.875542
11.1 11.101561
11.2 11.211443
11.2 11.200567
11.599999 12.304818
13.000009 12.365829
11.2 11.827663
11.900001 11.8419285
13.117729 12.865044
11.400001 11.206243
13.1 12.647675
13.043096 12.926994
11.999998 11.518348
10.40103 10.394
12.299998 12.509246
11.1 11.231549
11.1 11.2057
10.4 10.376482
11.261151 11.549433
11.8 11.827812
11.2 11.179157
10.3 10.307381
11.8 12.133294
11.1 11.148579
11.2 11.195126
11.400001 11.418535
11.5 11.933998
13.155421 13.527715
10.622879 10.7277975
11.1 11.1806555
12.299998 12.067481
11.400001 11.484081
11.7 11.928753
11.1 11.126877
11.5 11.48302
12.799992 12.583718
11.1 11.13433
11.900001 11.880465
11.2 11.220093
10.79897 11.110496
11.3 11.284534
11.3 11.48605
11.7 11.480668
11.400001 11.512014
12.499997 12.036519
11.356133 11.716121
11.999998 11.994107
12.199999 12.24983
11.400001 11.323577
11.900001 11.612158
11.1 11.14809
11.599999 11.264888
14.999629 13.484959
12.399998 12.430943
11.599999 12.072648
11.5 11.368197
11.400001 11.767585
11.8 12.6120615
10.622879 10.784761
11.2 11.20062
11.1 11.158674
11.599999 11.315122
11.5 11.512127
11.1 11.147225
12.1 11.444963
11.2 11.25152
11.5 11.639275
11.7 11.730195
11.1 11.143652
11.3 11.335505
11.1 11.15785
11.7 11.556063
11.5 11.487905
11.3 11.35559
11.999998 12.086459
10.2 10.322785
12.199999 12.474089
10.70206 10.703628
12.299998 11.867556
11.8 11.865441
13.800057 12.434346
12.299998 12.238157
11.400001 11.568753
11.1 11.328009
11.1 11.180754
13.200015 12.408018
11.400001 11.397524
12.499997 11.2993965
12.199999 12.254099
11.2 11.344377
11.7 11.565085
11.19691 10.906667
12.499997 11.761704
11.900001 11.923827
11.7 11.679609
11.8 11.851886
11.2 11.200923
11.2 11.235034
11.999998 12.231691
11.1 11.133844
11.1 11.159019
11.400001 11.3446865
11.400001 11.324069
11.1 11.07517
11.900001 11.837777
13.359637 13.10052
11.79897 12.718388
11.2 11.261695
13.180922 13.207991
11.2 11.195563
11.900001 12.050128
11.999998 12.069729
11.2 11.25949
11.5 11.80162
11.1 11.217403
11.5 11.4971695
11.19691 12.663849
11.7 11.651964
10.1 10.170548
11.5 11.524978
11.1 10.632202
11.2 11.194713
11.8 11.818471
11.900001 11.908857
11.2 11.267028
11.400001 11.291675
11.8 11.8175125
10.9 11.0398855
11.5 11.462036
11.599999 11.51385
11.3 11.28451
10.70206 10.717891
10.1 10.047773
11.400001 11.4991865
11.599999 11.767485
11.999998 11.576869
11.900001 11.896483
11.2 11.174386
12.899998 12.575714
11.2 12.107618
10.627244 10.391711
11.599999 11.591637
11.3 11.410497
11.7 11.748247
10.678396 11.293435
11.8 11.8429365
12.799992 12.608853
11.8 11.842846
11.3 11.287133
11.400001 11.449555
12.699998 12.66074
11.1 11.561979
11.999998 11.892527
11.400001 11.999765
11.599999 11.496487
11.5 11.779465
11.5 11.494454
11.900001 11.891977
11.1 11.026463
10.49794 10.249867
11.1 11.11081
11.599999 11.56534
11.2 11.208679
11.1 11.355307
12.1 11.986909
13.999974 13.737825
11.400001 11.296281
11.3 11.253027
11.8 11.84602
12.299998 12.368283
11.8 11.850435
11.7 11.777451
9.47675 9.690255
11.5 11.818819
11.2 11.239958
12.299998 11.61054
11.5 11.522396
11.8 12.417346
11.1 11.201848
11.599999 11.451478
11.2 11.210648
11.999998 11.941447
11.1 11.104605
12.599997 12.225035
11.8 11.79384
11.3 11.257008
12.399998 11.537258
11.400001 11.389429
13.899971 13.163759
10.589405 10.802789
11.8 11.78987
11.400001 11.329427
11.900001 11.879207
12.399998 12.604164
11.8 11.493485
13.136212 13.116536
13.1 12.257841
11.1 11.129557
11.2 11.254247
11.8 11.8610115
11.3 11.254007
11.2 11.255058
11.3 11.401554
11.7 11.761365
11.3 11.32358
11.900001 11.860106
11.3 11.9941845
13.699981 13.583573
11.2 11.640138
11.999998 11.941034
13.899971 12.969821
11.900001 11.914769
12.599997 11.608846
11.5 11.563967
11.212469 11.186479
11.900001 11.902298
11.1 11.19111
11.2 11.212882
11.900001 11.883456
11.599999 11.913254
11.7 11.821689
11.400001 11.372623
11.900001 11.663868
11.5 11.467704
11.0 11.307122
11.599999 11.5911665
12.1 13.580784
12.299998 12.26011
11.5 11.613114
11.2 11.1908045
11.1 11.18931
12.1 12.19822
11.400001 11.350163
11.912762 11.268026
13.200015 13.2423
11.122276 11.328496
11.8 11.797372
11.5 11.468127
11.1 11.763204
11.2 11.294806
12.1 11.673973
13.581486 13.531408
10.622879 10.954047
12.499997 12.431301
12.799992 12.666792
12.797429 13.341211
11.5 11.625458
11.1 10.851238
11.8 11.835089
11.2 11.538622
12.699998 12.236943
11.7 11.523196
12.599997 12.533789
11.999998 11.94468
10.8 10.3806095
11.8 11.794168
11.900001 11.523157
11.5 11.476811
10.8 11.179461
11.3 11.292215
11.900001 11.158128
11.400001 11.390573
11.599999 11.548463
11.400001 11.388168
12.70206 13.53359
11.1 11.228883
11.599999 11.759427
11.2 11.1761675
11.254902 11.053769
11.2 11.160315
11.999998 12.131609
11.1 11.203637
12.03968 11.690966
13.899971 12.298393
11.7 11.4281
12.299998 12.229444
13.685027 13.235868
11.1 11.027787
11.7 11.639104
11.900001 11.888377
11.400001 11.392994
11.2 11.383141
11.900001 11.947716
11.999998 11.945951
11.400001 11.441225
11.1 11.67842
14.400163 13.791996
11.2 11.21993
12.699998 11.846948
12.499997 12.106783
11.900001 11.875197
13.200015 12.964354
11.7 11.838162
14.79897 14.124524
14.600313 12.45782
11.1 11.121579
11.2 11.2205515
12.199999 12.870381
11.900001 11.932899
11.900001 11.830136
11.3 11.332207
11.1 11.36861
11.2 11.394289
13.1 14.0687275
11.2 11.200169
12.199999 11.418226
11.5 11.51349
11.599999 11.571052
11.999998 11.921799
11.1 11.156114
11.2 11.227463
12.699998 11.844745
14.999629 14.508727
11.5 11.451292
11.1 11.128828
11.2 11.236619
11.400001 11.347154
11.5 11.556652
12.835182 12.740357
15.299971 14.440636
11.599999 11.567647
14.1 14.342734
11.654827 12.036923
11.1 11.35337
11.400001 11.36756
11.3 11.450882
11.2 11.250131
11.3 11.265883
11.2 12.195977
11.1 11.217969
12.199999 12.2438
11.400001 11.67008
11.8 11.816892
13.456548 11.142696
11.1 11.164582
13.401807 13.685647
11.2 11.214011
11.400001 11.437423
12.499997 11.680315
13.531798 12.728397
11.599999 12.0127125
11.1 11.105849
11.1 11.189042
11.1 11.220763
11.336572 11.24399
11.599999 11.681377
11.5 11.461905
13.1 12.05327
11.2 11.251936
11.5 11.470871
11.2 11.237833
12.199999 12.750729
11.0 10.964174
12.499997 11.8119545
11.8 11.8421335
11.7 11.7706995
11.2 11.21677
11.2 11.179146
12.299998 12.275089
10.5685215 10.914581
11.900001 11.959027
11.8 11.80198
11.1 11.1562605
11.1 11.25235
10.5 10.638361
11.900001 11.902992
15.1 13.983318
11.5 11.346072
11.8 11.819414
11.400001 11.374527
11.8 11.826426
11.3 11.3290825
10.89588 10.704048
11.2 11.1712
13.1 13.12695
11.1 11.64558
11.999998 11.408382
11.900001 11.36058
11.1 11.255116
11.7 11.760226
10.29382 10.411575
11.7 11.771487
11.3 11.649909
11.1 11.440441
11.2 11.379791
11.1 11.198599
11.900001 11.838048
11.1 11.175874
11.2 11.208749
11.599999 11.991691
11.1 11.118722
11.900001 11.884333
10.627244 10.354216
11.5 11.463775
11.599999 11.461939
11.1 11.233975
11.900001 11.90449
11.3 11.283664
11.3 11.237549
11.2 11.706535
11.1 10.639283
11.3 11.268075
11.400001 11.36421
11.1 11.134728
11.2 11.187475
11.2 11.24082
11.543697 11.514674
11.7 12.161285
11.3 11.340618
11.8 11.535446
11.400001 11.734125
11.1 11.147447
13.1 12.813189
11.3 11.735684
12.699998 11.887205
11.2 11.249641
11.900001 11.951009
13.000009 11.707089
13.500008 12.9381695
11.599999 11.5598955
11.900001 11.850651
11.2 11.197046
10.854487 10.65647
11.900001 11.581661
11.599999 11.628692
11.1 11.144523
11.900001 11.911544
11.3 11.498227
11.599999 11.625136
11.900001 12.31462
9.49794 9.661557
11.900001 11.923497
11.5 11.590798
11.599999 11.868729
11.3 11.334978
11.1 11.131004
11.8 11.916998
11.2 11.296784
11.5 11.457444
12.199999 11.951119
11.999998 11.98372
11.900001 11.879804
11.2 11.196237
11.900001 11.881453
13.699981 12.860162
11.599999 11.842346
11.2 11.200088
11.599999 11.903999
11.5 11.573766
13.000009 12.623251
11.599999 11.754115
11.3 11.304895
10.79897 12.194151
11.145758 10.9092655
11.2 11.175149
12.899998 12.408971
11.7 11.766615
11.8 11.862705
11.8 11.777264
13.777781 13.493735
11.2 11.294067
13.699981 12.755912
11.2 11.405214
11.1 11.646141
13.200015 13.20621
12.899998 12.370228
11.5 11.498983
14.1 13.219515
11.900001 11.900173
11.900001 11.79763
11.599999 11.593014
10.1 10.581859
12.599997 12.367608
11.8 12.158689
11.2 11.198064
11.900001 11.849549
11.900001 11.891443
11.5 11.482803
12.393282 12.708461
11.5 11.57679
12.199999 11.467253
10.8 11.163486
11.1 11.706772
11.900001 11.87184
11.1 11.079551
12.1 11.7255125
11.2 11.196643
12.399998 11.952868
11.3 11.447987
14.300659 13.957619
11.999998 12.081527
11.2 11.220565
11.999998 13.423824
11.599999 11.5767355
13.1 11.308865
11.1 11.183513
11.1 11.245949
11.1 11.135568
11.5 11.712337
11.7 11.762782
11.1 11.125862
13.986056 13.287009
11.2 11.183391
12.299998 11.719349
11.7 12.064428
11.999998 11.950507
11.599999 11.705469
11.400001 11.493721
11.900001 11.871988
11.2 11.295579
11.3 11.381128
11.8 11.841455
11.7 12.03053
11.999998 11.535309
11.599999 11.749903
11.900001 11.647225
12.010095 13.077636
15.079304 14.440709
11.1 11.225044
11.7 11.718661
10.70206 10.714045
11.400001 11.189195
11.1 11.162016
11.400001 11.545351
12.699998 12.013472
11.6157 11.5909195
11.599999 11.657924
13.800057 13.349963
12.699998 11.248339
11.900001 11.879405
11.2 11.459833
11.2 11.256561
11.7 11.7127285
11.900001 11.6192465
10.49794 12.511493
12.1 12.013417
11.900001 11.958285
11.999998 11.550647
12.299998 12.105672
14.79897 13.8075695
12.299998 11.620934
11.2 11.20462
11.599999 11.362892
10.40103 11.20922
11.2 11.203455
12.599997 14.527557
11.5 11.458905
13.999974 13.996701
12.058607 11.87097
11.2 11.193138
13.500008 13.459597
11.599999 11.2430105
11.3 11.686128
11.900001 11.864235
11.7 11.680618
11.8 11.84503
11.7 11.472041
11.2 11.288497
11.1 11.126195
11.2 11.191331
11.2 11.264075
12.9500065 11.449045
11.2 11.279427
11.175305 11.228156
11.599999 11.554389
11.900001 11.923688
11.2 11.322205
11.2 11.237269
11.953872 11.37514
11.599999 11.198694
11.5 11.5976095
11.799999 11.8769045
11.8 11.679638
11.8 11.740242
13.000009 13.247219
11.999998 12.227772
11.400001 11.471582
11.2 11.184314
11.1 11.122471
12.399998 12.71642
13.999974 13.659025
11.1 10.224508
11.3 11.383172
14.600313 14.070069
11.400001 11.525567
10.40103 10.548161
13.699981 13.29903
11.8 11.824855
10.622879 10.758421
11.2 11.455867
10.7 10.480127
11.900001 12.021745
10.49794 11.754557
11.3 11.342246
12.200179 12.595558
12.499997 12.103455
11.599999 11.478128
11.400001 11.43092
11.599999 11.649009
11.999998 11.7927265
12.199999 11.900107
11.3 11.390836
11.3 11.297908
11.8 11.578306
11.2 11.203413
11.2 11.313409
11.900001 11.864889
11.999998 12.007286
12.1 11.8368435
11.999998 12.004711
11.5 11.546414
11.999998 12.532399
11.2 11.24153
11.2 11.191001
11.900001 11.863237
11.1 11.139311
10.70206 10.703699
10.70206 11.497664
11.2 11.245455
11.1 11.32149
12.299998 11.869397
12.299998 11.48928
11.2 11.1989975
11.549999 11.635427
11.599999 11.518052
13.600039 12.863546
11.1 11.114818
11.1 11.153656
11.8 11.97028
11.12048 11.158185
12.399998 11.732814
11.599999 11.813235
11.1 11.179325
11.900001 11.753107
11.900001 11.973516
11.3 11.317312
11.1 11.098282
11.3 11.366467
11.1 11.118372
11.900001 11.897026
11.5 11.604769
11.2 11.185693
13.600039 13.759117
11.8 11.850201
14.553289 12.071123
12.199999 12.144792
11.2139435 11.365511
12.399998 11.7862625
11.8 11.683609
11.900001 11.8807955
13.299971 13.258888
11.2 11.3059225
10.655955 10.643904
11.1 11.125951
11.7 11.560343
11.5 11.718162
11.8 11.816731
11.2 11.2346115
14.020819 13.922892
11.7 11.788699
12.1 12.325
10.3 10.589563
11.8 11.285419
14.79897 14.085016
11.900001 11.742077
11.3 11.298547
11.999998 11.71485
11.1 11.841833
11.7 11.779181
11.1 11.155372
12.599997 12.203041
11.3 11.258325
11.5 11.479713
12.299998 12.25181
11.999998 12.3308
11.2 11.386908
13.299971 13.074068
11.8 11.367393
11.3 11.189692
11.7 11.17473
12.1 11.595178
11.900001 11.82777
11.999998 12.067204
13.399989 12.963924
11.8 11.821218
13.1 12.551147
11.3 11.250679
12.299998 12.267601
11.1 11.288332
11.2 11.20125
11.900001 11.875164
11.2 11.194254
11.3 11.242718
11.1 10.786658
13.254902 12.483179
13.200015 12.534769
11.5 11.465784
13.643358 13.426884
11.400001 11.393033
11.999998 11.898766
12.899998 12.551902
11.2 12.27524
11.900001 11.907655
11.7 11.677999
11.7 12.135388
11.1 11.137847
11.900001 11.872833
11.900001 12.061923
11.5 11.275979
12.699998 12.870311
11.599999 11.599947
11.2 11.169184
12.793687 12.177927
11.599999 11.631784
11.5 11.5236025
11.2 11.775445
11.5 11.507485
12.299998 11.599991
11.1 10.835228
12.599997 12.758738
11.900001 11.9050045
11.2 11.282539
11.900001 11.85498
11.889032 11.882351
11.5 11.619703
11.1 11.105728
11.400001 11.448428
12.199999 12.145574
12.399998 11.934577
11.5 11.60564
11.8 11.872192
11.7 11.785697
11.5 11.703166
13.000009 12.31097
11.8 11.729066
11.900001 11.914855
11.900001 11.863411
10.70206 10.590612
11.3 11.285997
11.900001 11.88652
11.3 11.431073
11.900001 11.87018
11.900001 11.789582
11.5 11.433687
12.199999 11.641444
10.777781 10.252318
12.020819 11.5880375
13.000009 12.151383
11.999998 11.739145
11.2 11.236272
13.637602 13.513334
11.900001 11.829374
11.900001 11.8687
11.2 11.224886
11.999998 11.940489
11.0 10.396779
12.299998 11.890168
11.1 11.105784
12.1 12.016335
11.1 11.207197
11.900001 11.799735
11.900001 11.894084
10.622879 10.841148
12.499997 12.9528675
11.8 11.818747
11.5 11.55283
12.1 11.665192
12.40103 13.098291
13.399989 12.782028
11.2 11.346737
11.900001 11.917351
11.1 11.22138
11.400001 11.423196
11.1 11.138912
14.050077 14.133802
11.400001 11.466167
11.3 11.419232
11.5 11.497903
11.7 12.196571
11.2 11.250237
11.953872 11.92785
11.999998 11.992675
12.1 12.056447
11.1 11.621204
12.499997 13.253036
11.599999 11.8927355
11.8 11.820398
11.7 11.844254
11.8 11.896965
11.2 11.217114
11.2 11.198047
11.7 11.607495
11.1 11.106873
11.2 11.534391
11.7 11.801093
11.599999 11.804381
12.399998 12.773885
11.3 11.272849
11.599999 12.033332
11.3 11.334355
11.2 11.357366
11.2 11.289251
11.2 11.227139
11.2 11.184937
10.8 10.548027
12.199999 12.176343
11.900001 11.9014635
11.8 11.815429
11.599999 11.738732
11.8 11.948028
11.8 11.807124
12.199999 12.21531
11.1 11.150903
13.000009 13.424575
11.5 11.518732
12.199999 11.929115
12.1 11.583709
11.5 11.490806
11.2 11.226243
11.9 11.808184
10.581486 10.497941
10.70206 10.724136
11.2 11.272938
11.3 11.319145
11.8 11.877458
10.3 10.277433
12.510107 11.831373
11.2 11.331905
13.622879 13.450783
11.400001 11.682194
12.499997 12.31916
11.8 11.801117
13.299971 13.681206
11.5 11.769042
11.3 11.310966
11.5 11.272435
12.799992 12.195345
11.3 11.352524
11.999998 11.753966
11.900001 11.864987
12.499997 11.844783
11.5 11.445501
12.299998 12.220139
11.79897 11.099301
11.2 11.194083
13.000009 12.0269165
11.1 11.118363
1.3 7.9636765
12.499997 11.760896
11.1 11.188666
12.599997 12.869515
11.3 11.338242
11.7 11.912363
11.637602 11.785474
13.500008 13.099735
12.599997 12.205029
11.1 11.567715
12.1161 11.2448
11.2 11.224523
11.7 12.636812
11.400001 11.53118
11.900001 11.910016
12.299998 13.242189
12.299998 12.066254
11.900001 11.487927
11.3 11.95549
11.2 11.197522
11.8 11.75935
13.000009 12.781129
12.499997 12.401712
11.1 11.244217
11.8 12.222049
11.1 11.114824
11.3 11.283406
12.1 12.20433
11.599999 11.968969
11.2 11.285827
11.8 11.804228
11.1 11.335214
14.999629 13.053113
11.599999 12.012254
11.7 11.751356
11.1 11.118373
11.2 11.3221445
11.999998 11.663731
11.8 11.826721
11.7 11.674753
12.399998 11.941044
11.7 11.739838
11.5 11.529398
11.599999 11.762757
13.352575 12.647939
10.40103 10.4137
11.2 11.485885
14.145758 12.805176
13.581486 13.464499
11.5 11.439271
11.900001 11.873894
10.8 10.580207
14.555932 14.095037
10.70206 10.700075
11.2 11.203997
11.599999 11.421177
11.2 11.258605
11.900001 11.893244
12.1 11.516796
11.5 11.786053
14.1 12.377355
12.799992 12.600191
11.1 11.231566
11.7 12.048197
11.8 11.855709
11.1 11.110499
11.999998 11.894781
11.2 11.235428
11.7 11.7451315
12.1 11.46394
11.7 11.694305
10.2 10.372088
11.3 11.834416
11.2 11.216153
11.900001 11.835035
11.953872 11.837293
11.56133 11.959736
11.5 11.942095
11.5 11.549916
11.8 11.843338
13.418758 13.31958
11.5 11.579263
11.400001 11.412982
11.400001 11.410261
11.8 11.762991
11.900001 13.088132
11.599999 11.639605
13.1 13.095548
11.999998 11.313516
11.2 11.330796
12.456548 12.388885
11.1 11.102335
11.999998 11.854497
11.999998 12.000174
11.999998 11.86967
11.2 11.224296
13.800057 12.655014
11.1 11.23206
11.900001 11.292446
11.5 11.620285
11.1 11.157242
11.599999 11.618256
11.900001 11.795514
12.499997 12.801041
11.599999 11.902061
13.048455 12.997088
12.399998 12.373517
11.1 11.142823
11.999998 11.8146515
11.1 11.1512575
12.499997 12.193292
11.1 11.156748
11.8 11.8001175
11.1 11.173366
11.999998 11.981573
11.900001 11.903434
11.1 11.182817
11.5 11.5191965
11.1 11.235687
11.1 11.193606
11.400001 11.657539
11.4372425 11.564723
11.400001 11.724439
11.999998 11.980356
11.3 11.278039
11.1 11.10843
11.400001 11.40784
11.8 11.688778
11.900001 11.9111595
12.1 12.311871
10.609157 10.648456
11.1 11.181315
11.1 11.109254
11.3 11.385403
11.1 11.164641
12.199999 11.652231
11.1 11.186142
11.2 11.202546
11.1 11.101941
11.2 11.236716
12.399998 12.487557
15.299971 13.481267
11.599999 11.652094
12.1 12.086402
11.2 11.24601
11.7 11.721737
11.900001 11.978654
11.2 11.3028345
11.999998 12.070943
11.999998 11.7310505
11.8 11.798438
12.199999 11.956604
11.2 11.201286
12.543697 12.548991
11.400001 11.333468
11.599999 11.672527
11.900001 11.8565235
11.7 11.744271
11.3 11.252639
11.999998 11.855876
11.400001 11.240719
11.2 11.227892
11.2 11.29782
11.900001 11.588678
15.520216 11.244188
11.2 11.2342005
13.899971 12.44587
11.1 11.260265
11.3 11.29403
12.899998 12.1461735
13.500008 13.773926
11.2 12.144567
11.1 11.11932
11.1 11.414605
12.649994 13.274477
12.299998 11.815276
11.900001 11.784713
11.900001 11.724004
11.900001 11.86326
11.900001 11.92996
14.901343 13.546981
10.40103 10.528469
11.999998 11.944994
11.581486 13.40126
11.8 11.739911
11.999998 12.086204
11.8 11.624925
12.199999 12.077995
11.3 11.488513
11.400001 11.342437
11.1 11.198685
11.2 11.201116
11.999998 11.972604
11.1 11.13892
14.500117 13.432268
12.254902 11.791679
13.200015 12.667553
11.1 11.566419
13.1 12.523153
11.3 11.469874
11.400001 11.509594
11.400001 11.40017
12.1 12.027347
11.1 11.245692
11.1 11.1813965
11.599999 11.465012
10.40103 11.811489
14.901343 14.302612
11.999998 12.078988
11.5 11.384333
11.3 11.334569
11.400001 11.442282
11.2 11.306682
11.5 11.255892
11.599999 11.186194
11.999998 12.137302
11.540743 11.248392
11.3 11.266747
11.3 11.333472
10.4 10.4099865
11.999998 11.945657
11.3 11.278078
11.999998 11.937528
11.5 11.589056
11.79897 11.364431
11.1 11.311205
11.8 11.8509865
11.8 11.668634
11.599999 11.521715
11.1 11.110606
11.1 11.233915
11.7 11.654055
12.399998 12.400009
12.899998 12.08639
11.2 11.284819
12.099999 13.025866
10.1 10.076754
11.2 11.285131
10.608639 10.646119
12.199999 11.72897
12.812199 13.242681
11.2 11.232362
11.2 10.534461
11.900001 11.903
12.1 12.574298
11.3 11.358496
11.599999 11.743257
11.1 11.195368
11.2 11.243469
11.900001 11.901987
11.8 11.7114
11.599999 11.497813
10.869551 11.129832
12.1 12.1795025
13.000009 11.4566145
11.2 11.222439
10.165502 12.649882
11.8 11.79639
11.400001 11.60394
12.786133 11.647474
12.1 11.57819
10.1 10.533342
11.5 11.401852
11.3 11.351188
10.9 10.508548
14.200179 12.745623
12.1 11.838772
11.2 11.224672
11.400001 11.704274
11.599999 11.189948
11.400001 11.716454
11.999998 11.8940115
11.2 11.230219
11.1 11.21932
10.1 10.451327
11.7 11.742548
11.0 10.832436
10.6 10.484534
11.7 11.70371
11.1 11.178883
12.199999 12.730509
11.2 11.293771
11.2 11.348721
11.1 11.1383095
11.89588 12.590916
11.3 11.362468
11.400001 11.25646
12.299998 12.257004
11.999998 11.893326
14.299971 14.193785
11.900001 11.719809
11.7 11.7156515
11.25 11.367434
11.2 11.242997
11.599999 11.18699
11.3 11.869876
13.699981 13.005681
11.8 12.219205
12.901632 11.890438
11.5 11.525814
12.299998 11.691198
11.3 11.328303
11.900001 11.8671255
12.199999 11.905171
11.2 11.316674
13.719789 12.765022
11.900001 12.016738
11.900001 11.621372
11.3 11.235567
11.2 11.747441
11.5 11.3415785
11.999998 11.92365
11.3 11.346031
11.8 11.793286
13.1 12.767765
11.7 11.705653
11.599999 11.842753
11.1 11.159738
11.900001 11.864262
11.5 11.722625
11.5 12.018096
11.7 11.925665
11.2 11.238042
11.49794 11.451987
14.400163 13.770606
11.1 11.535123
11.7 11.7776
11.900001 11.932621
12.199999 12.40979
11.1 11.084039
12.599997 12.735795
11.3 11.693808
13.600039 11.89698
11.3 11.346022
14.299971 14.137234
11.1 11.152682
11.3 11.956148
11.1 11.167718
11.3 11.371567
11.2 11.268026
12.992498 12.707086
11.7 11.8458605
11.999998 11.360196
12.899998 12.780729
11.2 11.167189
11.3 11.309118
11.999998 12.578502
9.47675 9.652515
11.999998 11.5143175
14.40103 12.744747
11.3 11.515803
11.900001 11.619844
11.2 11.233413
13.899971 13.141915
11.5 11.270804
10.2 10.464575
11.900001 11.891662
11.2 11.258128
11.8 11.477055
11.2 11.199512
11.900001 12.70638
13.500008 12.863165
13.999974 12.900828
12.699998 11.969787
11.900001 11.904704
11.3 11.278663
13.4372425 13.284709
13.200015 12.626639
11.2 11.173049
11.900001 11.888567
11.8 11.916459
11.777781 11.912841
11.5 11.654378
11.2 11.234467
10.622879 10.697767
11.3 11.291924
11.3 11.782534
11.599999 11.302837
11.8 11.613862
12.19691 12.274384
11.5 11.497698
11.999998 11.945069
12.422393 12.650372
11.5 11.524183
11.3 11.366322
11.2 11.277884
10.1 10.285651
9.40103 9.512903
10.70206 10.713245
11.900001 11.89893
11.7 11.746655
12.757577 13.323105
12.599997 11.797575
12.699998 12.252619
11.999998 11.699951
11.3 11.464953
11.1 12.411307
11.3 11.76607
11.7 11.740892
11.2 11.521206
11.2 11.262658
10.5 10.671609
11.3 11.377839
11.1 11.172602
11.2 11.598774
11.900001 11.864424
10.70206 10.695403
11.2 11.40135
12.699998 12.4403715
11.8 12.079259
11.2 11.224921
11.2 11.205476
12.399998 12.397936
11.1 10.591685
11.2 11.62183
11.900001 11.87629
13.200015 13.989756
11.2 11.226162
12.299998 11.806704
11.8 12.117537
12.399998 11.631798
11.1 11.197542
11.999998 11.803709
11.1 11.191036
11.2 11.265627
12.199999 12.817205
11.5 11.493825
11.1 10.973076
11.1 11.875182
11.7 11.756994
10.70206 10.719502
10.6 10.590598
11.1 11.138979
12.399998 11.9513645
11.400001 11.362256
11.5 11.515705
13.399989 12.841861
11.400001 11.529228
12.199999 12.161316
12.199999 11.873856
10.1 10.372291
11.2 11.248299
11.599999 11.488598
12.1 12.337351
12.899998 12.174157
12.015424 12.995982
10.3 10.382237
11.2 11.203139
11.1 11.109709
12.599997 12.723823
11.599999 11.404905
11.5 11.488891
11.599999 11.701389
11.599999 11.568954
11.2 11.189452
11.1 11.14356
11.3 11.214233
11.2869625 11.272715
13.000009 12.560681
11.1 12.534008
13.999974 13.48935
13.59485 13.648149
11.599999 11.919478
11.1 11.165523
11.400001 11.423797
11.2 11.23158
11.2 11.21486
11.999998 11.912489
12.199999 11.979474
11.2 11.245537
13.200015 13.193546
11.7 11.212088
11.7 11.7271595
11.599999 11.565749
11.49794 11.36467
12.899998 12.769485
11.1 11.191602
11.5 11.501929
11.599999 11.778261
11.5 11.772875
11.5 11.496263
11.1 11.125999
11.2 11.14149
10.1 10.584209
12.499997 12.127731
11.2 11.183935
11.1 11.734437
12.199999 11.46798
11.1 11.125724
13.600039 13.34585
10.622879 12.348701
11.2 11.213036
11.106614 11.134777
11.7 11.714742
11.2 11.207337
11.8 11.874295
11.555047 12.14714
11.1 11.207506
11.145758 11.17888
15.140959 14.23477
11.599999 11.506199
11.5 11.7703495
11.5 11.52093
11.7 11.790084
10.70206 10.710542
12.599997 12.750221
11.400001 11.453294
11.599999 11.528814
11.900001 11.727669
11.2 11.170289
10.70206 10.702747
13.500008 13.059693
11.2 11.215288
11.7 11.690675
11.900001 12.135061
11.8 11.849986
11.400001 11.290861
11.5 11.664294
11.8 12.316219
11.5 11.612756
13.299971 13.51429
12.299998 12.21796
11.1 10.89591
10.40103 10.086232
13.999974 13.59645
11.900001 11.404758
11.3 11.277448
11.900001 11.687717
12.399998 11.920138
11.900001 11.857385
11.8 11.568845
11.8 11.824215
11.5 11.529448
11.3 11.289471
11.3 11.206188
11.1 11.104759
11.1 11.248277
10.622879 10.523172
13.500008 12.548077
11.5 11.656321
11.999998 11.881943
11.8 11.811801
12.399998 12.28406
10.923909 10.900355
11.599999 11.52947
11.999998 12.0944
11.7 11.746686
11.1 11.321153
11.599999 11.775499
11.599999 11.553264
11.900001 11.87381
11.900001 11.883112
12.499997 12.394524
13.399989 12.777819
11.400001 11.3629055
11.8 11.872885
12.299998 12.64334
11.3 11.342547
11.900001 11.929001
11.2 11.226101
11.3 11.224274
11.5 11.576002
13.299971 13.048607
12.699998 13.186183
11.2 11.482612
11.2 11.569357
11.3 11.261612
11.2 11.203301
11.2 11.306929
11.1 11.197093
11.599999 11.6117
11.2 11.203933
11.8 12.060669
11.79897 11.767582
11.2 11.184323
11.1 11.13863
11.900001 11.984585
11.900001 11.965292
11.900001 11.931444
11.7 13.78424
10.1 10.2082615
11.900001 11.81034
11.900001 12.048749
11.599999 11.623918
13.399989 12.853756
10.516801 11.270481
11.7 11.726318
12.314671 12.028037
11.3 11.429383
12.299998 12.44124
12.299998 12.484731
11.599999 11.563194
14.600313 12.54822
11.7 11.980458
11.999998 11.250543
13.399989 12.658042
11.900001 11.835758
11.900001 11.888505
12.799992 12.200477
11.8 11.648749
13.299971 13.247012
11.555932 11.94952
11.599999 11.566699
11.020819 11.004318
11.1 11.110186
11.599999 11.876703
11.8 11.250414
11.400001 11.401948
11.999998 12.109987
12.6934595 12.919253
12.40103 12.175781
12.199999 11.908191
11.900001 11.892289
11.8 11.838996
12.1 11.857917
12.1 11.577798
11.400001 11.512679
11.900001 11.861852
11.5 11.426208
10.923909 10.286441
13.299971 11.828183
11.599999 11.700845
12.499997 12.229296
14.200179 14.124319
11.2 11.231514
11.3 11.361605
11.8 12.171764
11.599999 11.698732
11.7 11.730039
12.199999 12.336626
11.2 11.238488
13.699981 12.944651
11.8447275 12.410044
11.7 12.045366
12.307609 12.441555
11.1 11.129645
10.70206 10.748013
11.1 11.268015
11.2 11.383886
11.3 11.244375
11.2 11.347512
14.299971 12.985971
11.2 11.195462
11.3 11.302559
11.599999 11.566264
12.399998 11.81083
11.3 11.3137665
11.1 11.326903
11.5 11.51074
11.3 11.383582
11.8 11.879246
11.331801 11.894056
11.400001 11.640525
11.2 11.3735485
11.8 11.83922
11.70206 11.003489
11.7 11.722218
10.70206 10.718589
11.2 11.190404
11.900001 11.9039345
10.9 10.92295
11.900001 11.855839
11.3 11.380501
15.500117 14.311807
11.3 11.304768
11.2 11.142381
11.2 11.297016
11.900001 11.901661
12.49794 11.942416
11.8 11.953094
11.5 11.922642
11.1 11.11763
11.900001 12.152273
11.5 11.455594
11.2 11.225683
11.900001 11.921202
11.2 11.260276
11.900001 12.509409
11.2 11.250456
11.900001 12.033674
13.899971 12.838169
11.2 11.281732
10.9 10.579771
11.900001 11.887981
9.79897 9.983404
11.2 11.342287
11.2 11.266365
11.900001 11.905935
11.1 11.440668
11.1 11.14966
12.1 11.926282
11.900001 12.164883
11.599999 11.49339
11.2 11.244011
11.3 11.233989
11.3 11.272744
12.6934595 13.40827
10.40103 10.599831
11.400001 11.346141
10.1 11.574362
10.70206 10.736222
11.400001 11.314835
11.3 11.787557
11.3 11.365825
13.600039 13.307875
10.40103 10.504073
11.3 11.293328
11.400001 11.348945
11.5 11.44657
12.699998 12.240639
11.7 11.72803
11.1 11.182164
15.600313 14.83284
11.599999 11.820353
12.199999 11.846441
12.499997 12.630568
10.2 10.5124235
11.900001 11.844437
12.499997 11.956654
12.597573 12.7668915
11.400001 11.425856
11.900001 11.955711
11.900001 11.842795
11.900001 11.894559
11.1 11.159444
13.1 12.19327
11.7 11.360272
11.2 11.19156
11.400001 11.401168
12.1 11.503962
11.5 11.845523
11.1 12.62484
11.900001 11.797913
11.900001 11.900804
11.1 11.196947
11.2 11.273438
11.8 11.859925
11.3 11.346092
10.622879 10.686314
11.1 11.163454
13.145758 12.472938
11.5 11.656649
11.999998 11.930855
11.1 11.234094
12.299998 12.261588
11.8 11.8320265
11.2 11.201507
13.200015 13.555891
11.599999 11.568105
12.1 11.902246
11.2 11.2273655
11.599999 11.579564
11.8 11.830422
12.1 11.830404
14.600313 13.557061
12.699998 11.444089
11.5 11.2533655
11.900001 13.10384
11.1 10.898968
11.599999 11.61921
11.900001 11.867409
11.900001 11.860188
11.3 11.262399
11.7 12.90413
11.999998 12.425639
11.999998 11.96711
11.2 11.210935
12.599997 12.368544
11.8 11.731346
11.3 11.266065
11.3 11.450432
11.900001 11.918808
11.409804 10.542046
11.5 11.798481
12.399998 12.159361
11.1 11.12379
10.49794 10.646403
11.900001 11.845924
11.400001 11.39333
11.999998 12.780123
11.900001 11.862922
11.400001 11.385928
11.49794 10.348635
10.1 11.449463
13.800057 13.332941
11.15 11.229182
11.2 11.961007
11.1 11.228227
12.199999 11.628233
11.1 11.110985
11.8 11.811234
14.500117 13.513922
11.2 11.374739
12.899998 12.63122
11.3 11.413479
11.1 11.145706
11.2 11.433722
11.8 11.768192
13.699981 13.403749
10.622879 10.938122
13.399989 11.895622
12.199999 12.6992035
11.2 11.276182
11.900001 11.920175
11.2 11.194114
11.900001 11.895337
11.5 11.533705
11.599999 11.785921
11.999998 12.771725
12.399998 12.477415
10.1 10.224084
11.0 11.267748
11.3 11.394861
11.7 11.7548485
12.199999 11.927775
11.8 11.821591
11.1 11.158322
11.3 11.357309
11.3 11.575764
11.400001 11.287151
11.400001 11.40705
11.900001 11.818183
11.900001 11.511889
11.2 11.861299
11.3 11.251227
14.500117 14.637933
9.79897 10.10371
11.3 11.307171
11.8 11.780701
11.1 11.152872
10.1 10.147566
11.1 11.263703
13.1 12.374193
13.767562 13.124977
11.999998 12.467092
11.2 11.184375
10.1 10.157436
9.79897 10.000721
13.399989 13.148008
11.7 11.727548
11.2 11.210337
11.8 12.360876
14.299971 13.708491
10.1 10.22444
11.400001 11.436185
11.8 11.845603
10.4 10.475261
12.399998 11.496156
10.723423 10.456258
11.999998 11.938493
13.500008 12.589983
11.7 11.870855
13.1 12.813553
12.145758 12.200227
12.899998 11.386982
11.8 11.763838
11.1 11.242993
11.900001 11.883476
11.599999 11.6932335
11.3 11.284798
11.2 11.229965
11.1 11.118645
11.400001 11.406348
11.1 11.160152
11.8 11.754
11.1 11.139393
11.2 11.1818695
12.1 12.094664
13.699981 12.331408
13.800057 13.374449
11.2 11.321466
11.1 11.059113
11.7 11.809567
11.2 11.232881
11.1 11.116839
11.2 11.2249155
11.1 11.198236
11.5 11.411391
13.321849 13.061945
11.1 11.144072
11.555932 11.189187
11.8 11.297977
11.2 11.388902
11.999998 11.903916
11.3 11.93136
13.600039 12.574081
13.600039 13.13591
14.326648 11.934353
11.2 11.463327
11.2 11.277626
11.999998 11.834532
11.599999 12.022268
11.400001 11.49425
12.299998 12.067537
11.2 11.244777
11.2 12.363114
11.1 11.113408
11.999998 11.674518
11.5 11.466986
11.1 11.139926
11.7 11.72181
13.020819 12.543388
11.2 11.227531
11.7 11.734466
11.7 11.522515
14.547158 11.952251
11.069375 11.593196
11.8 11.417978
11.3 11.41116
11.8 11.823584
11.1 11.550757
11.7090645 11.795439
11.3 11.279976
11.5 11.523586
10.622879 10.597367
11.400001 11.527229
11.400001 11.507949
11.700326 11.734343
11.1 11.2109785
13.500008 12.516936
11.3 11.367214
11.400001 11.8890915
11.999998 11.602388
10.1 10.18928
11.1 11.142726
10.622879 10.668209
11.900001 11.90638
11.5 11.470268
11.7 11.44737
11.7 11.667447
11.5 12.011641
11.3 11.280944
11.2 11.331218
11.2 11.250237
11.3 11.645839
10.4 10.428414
12.598941 12.434918
11.900001 11.881931
11.2 11.236585
10.8 10.7585945
11.3 11.343828
10.70206 10.7156725
11.900001 11.90077
15.700326 13.868225
12.199999 11.758252
12.299998 12.0987
13.254902 13.272213
11.622879 12.33827
11.8 11.852256
11.2 11.212828
12.637602 13.249895
11.7 12.022597
11.900001 11.898238
13.699981 13.119318
11.2 10.797312
12.499997 12.406922
11.599999 11.579688
11.900001 11.869849
11.3 11.451178
11.2 11.1866255
10.1 9.945041
11.400001 11.444068
11.3 11.293113
11.1 11.155447
11.2 11.269847
11.7 11.339821
11.599999 11.463866
11.400001 11.403882
11.999998 12.158663
12.399998 12.4962635
12.299998 12.339539
11.900001 11.879083
11.1 11.168616
11.599999 11.653474
12.299998 12.674685
11.8 11.801642
11.400001 10.417871
14.200179 14.012138
11.400001 11.428961
11.8 11.817999
11.599999 11.520948
11.3 11.255027
11.2 11.211739
13.219187 12.968105
11.400001 11.33581
13.000009 12.75131
11.900001 11.8654
11.3 11.25129
12.299998 11.897071
10.1 10.265968
11.400001 11.622909
11.5 11.50628
12.299998 12.055338
14.145758 12.225179
11.7 11.580235
11.599999 11.334852
11.599999 11.370076
11.2 11.233978
11.999998 11.988321
11.8 11.840155
11.1 11.203339
11.599999 11.349651
11.3 11.286542
11.400001 11.336434
11.2 11.210644
11.400001 11.943612
11.2 11.189735
12.299998 11.750058
11.5 11.453314
11.7 11.697995
12.1 11.914194
11.3 11.269928
13.200015 12.873133
11.3 11.395121
11.1 12.322547
11.5 11.547699
11.5 11.732774
11.599999 11.441478
13.1 12.487638
11.7 11.8015375
13.200015 12.592829
11.2 11.256022
13.699981 12.865761
11.599999 11.3785925
11.900001 11.44741
11.999998 12.230091
11.2 11.2196045
11.900001 11.880556
12.19691 12.319099
11.599999 11.453273
11.2 11.5313225
11.900001 11.831802
11.5 11.539487
11.400001 11.224408
11.900001 11.865987
11.5 11.393075
11.5 11.663446
11.2 11.31484
13.299971 13.425473
13.200015 12.485356
11.599999 11.845216
11.2 11.6602955
11.3 11.4203615
12.299998 12.627793
11.3 11.641502
11.5 12.447019
11.599999 11.72472
11.400001 11.204675
11.400001 11.408467
11.8 11.865665
11.5 11.29374
11.8 12.282008
11.1 12.291114
12.499997 12.600618
11.2 11.214847
10.622879 11.013497
11.8 11.988294
11.599999 11.599331
12.799992 12.667738
11.900001 11.893163
11.599999 11.208104
11.900001 12.135364
11.2 11.216291
11.999998 11.946547
11.3 11.607632
11.900001 11.866318
11.3 11.528874
11.900001 11.917947
11.900001 11.880507
11.1 11.146623
11.7 11.881599
14.400163 14.436536
12.799992 12.532726
11.2 12.426472
11.2 11.272283
11.400001 11.45271
11.900001 11.856775
11.900001 11.86097
11.999998 11.317606
11.1 11.142397
11.1 11.144783
12.899998 11.872046
11.2 11.20759
11.380575 11.61233
11.1 11.186151
11.2 11.20948
11.1 11.310967
11.2 11.334232
11.5 11.540749
11.599999 11.484719
10.8 10.602734
11.599999 11.437355
11.900001 11.904086
11.7 11.766136
11.900001 11.87215
12.199999 11.596678
14.500117 13.893621
11.599999 11.559329
10.5 10.400628
11.5 11.552334
11.1 11.1427555
11.900001 11.829048
11.2 11.372465
13.399989 12.001479
11.900001 11.92601
11.7 11.777139
11.1 11.491575
11.400001 11.436448
13.821246 13.148603
12.1 12.029675
11.7 10.664759
11.599999 11.587292
11.3 11.256325
10.622879 10.639468
11.2 11.193031
11.599999 11.98337
11.1 11.066917
11.5 11.399746
11.5 11.553565
11.1 11.29841
10.869551 13.682612
11.599999 11.578161
10.40103 10.416287
11.1 11.141856
12.899998 12.389468
11.7 11.712521
11.5 11.54702
11.599999 11.81842
11.2 11.343001
11.5 11.548651
11.2 11.185527
11.999998 12.020692
12.199999 12.046011
11.2 11.240832
10.622879 10.684211
14.901343 14.023138
11.900001 12.230934
11.8 11.849893
11.999998 11.978252
11.5 11.795304
11.555932 11.547769
11.599999 11.586422
11.3 11.276319
14.375724 12.749786
10.1 10.53661
11.900001 11.868243
11.5 11.553304
11.3 11.288473
11.599999 12.158133
11.3 11.243612
11.3 11.321459
11.2 11.299463
11.599999 11.682447
11.900001 11.887009
11.599999 12.779093
12.299998 12.52133
11.2 11.328354
11.900001 11.885198
12.699998 12.653418
11.1 11.140065
12.299998 12.463024
11.8 11.77781
11.3 11.300864
12.199999 12.56786
11.999998 11.802142
11.2 11.21604
13.699981 13.869944
10.1 10.591796
13.000009 12.17959
10.70206 10.711095
10.70206 10.975146
10.70206 10.715433
11.599999 11.535926
11.900001 11.856752
11.2 11.225189
11.8 11.780056
11.1 11.274216
10.5 10.841227
11.8 11.85565
11.212469 11.205365
9.923909 10.317136
11.5 11.431709
11.7 11.63965
11.2 11.190795
11.599999 11.787801
11.849336 11.940315
13.600039 12.714476
11.400001 11.455047
10.70206 11.023965
11.400001 11.677903
13.699981 13.265506
10.40103 10.481576
11.2 11.172756
11.3 11.294839
11.2 11.230814
10.40103 10.856387
11.3 11.24298
11.8 11.831413
11.1 11.1350155
11.1 11.18089
11.3 11.290416
11.400001 11.347863
11.400001 11.390324
11.600844 11.963919
11.1 11.107473
11.5 11.502468
11.2 11.244842
13.000009 11.730581
11.900001 11.869661
11.1 11.186353
11.1 11.148236
11.8 11.784658
11.2 11.215359
11.2 11.18465
11.3 11.329704
14.500117 13.455305
11.1 11.385191
11.3 11.266862
11.599999 11.601899
11.2 11.2237
11.400001 11.416128
11.1 11.1035385
11.400001 11.216287
11.900001 12.003196
11.8 11.78491
10.8 10.313256
11.2 11.510592
12.199999 12.200152
11.3 11.309148
11.2 11.372199
12.599997 11.640998
11.5 11.46661
11.8 11.818444
11.5 12.026127
11.8 12.025333
11.2 11.618695
12.499997 12.680986
11.900001 11.82551
12.199999 11.977968
11.3 11.404947
11.1 11.519228
11.900001 11.877406
11.999998 12.574305
13.299971 12.993979
12.699998 11.748915
11.2 11.261373
11.999998 12.591379
11.999998 11.98023
11.7 11.938463
11.900001 11.915843
12.1 12.093841
11.2 11.166238
11.3 11.587964
11.1 11.167365
11.5 11.586348
11.900001 11.7538595
12.8447275 12.696986
14.999629 14.550629
11.5 11.48678
11.900001 11.920717
11.900001 11.915827
11.400001 11.390161
11.999998 11.665946
11.2 11.28513
11.2 11.468488
11.7 11.73528
11.900001 11.99465
11.7 11.729783
10.2 10.217081
11.8 11.815304
11.400001 11.562359
11.7 12.009308
11.3 11.396575
11.599999 12.038357
10.1 11.19829
11.5 11.33847
11.900001 11.959489
11.1 11.274528
11.999998 11.988381
11.400001 11.337016
11.900001 11.943974
11.1 11.144876
11.599999 12.78175
12.1 12.039968
12.923909 12.108297
11.5 11.536187
10.9 10.537222
11.2 11.265161
13.800057 11.421131
11.599999 11.36133
11.3 11.5597
11.599999 11.582371
11.900001 12.049449
13.999974 13.148575
15.581486 14.518986
11.2870865 11.014155
11.2 11.180213
11.7 11.825069
11.8 12.055061
12.199999 12.03979
13.1 13.423657
11.3 11.387735
11.900001 11.574263
12.088853 12.8222065
11.900001 11.3701315
10.40103 10.442637
11.1 11.182472
11.599999 11.650969
11.900001 11.825295
11.999998 12.003511
11.5 11.538471
11.900001 11.601147
14.700326 14.04938
11.1 11.2616005
11.1 11.110854
11.400001 12.169178
11.2 11.194834
11.900001 11.924416
11.1 11.148901
11.5 11.338311
12.63529 11.084608
13.1 13.040087
11.1 11.175476
10.1 10.052348
11.3 11.719713
11.1 11.006339
11.3 11.686912
11.5 11.433852
11.2 12.090034
11.3 11.507548
11.5 11.224576
10.996197 10.898973
11.3 11.361854
11.8 11.82444
10.29382 10.843303
10.70206 10.709508
11.2 11.203159
11.900001 11.896865
11.900001 11.973625
11.900001 11.883326
11.1 11.137903
13.000009 13.067909
11.5 11.465321
11.5 11.483843
11.1 11.140052
11.1 11.160539
11.599999 11.434821
12.020819 11.93188
12.1 11.681605
11.5 11.442824
11.1 10.998538
14.600313 13.765833
12.699998 11.747493
11.400001 11.756998
11.2 11.226211
12.199999 12.536599
11.900001 11.870167
12.599997 12.437247
11.1 11.175734
11.2 11.242567
11.900001 11.809278
11.5 11.451088
11.3 11.299261
11.2 11.316494
11.375724 10.883615
13.399989 14.034308
11.3 11.260988
11.900001 11.915559
11.2 11.241541
12.1 11.028756
11.2 11.231735
11.900001 11.848762
11.900001 11.886621
11.1 11.217591
11.1 11.417203
11.3 11.535417
11.5 11.599967
14.427902 13.688026
11.400001 11.4950485
11.5 11.541591
11.400001 11.408552
14.145758 13.936857
11.8 12.171344
11.2 11.248417
11.900001 11.8793545
13.000009 12.770494
11.3 11.335693
11.1 11.234856
11.8 11.790112
11.359637 11.428705
11.1 11.106991
11.5 11.568048
11.599999 12.535996
11.1 11.159822
10.541291 10.591581
11.5 11.485858
11.900001 11.943534
11.900001 11.909952
11.1 12.172226
11.400001 11.482105
11.1 11.166029
11.3 11.238763
11.900001 11.882434
11.8 11.912974
10.7 10.322641
11.999998 11.73785
12.599997 13.095552
12.299998 11.980108
11.7 12.037425
11.3 11.422624
12.651294 12.386102
11.2 11.66616
11.5 11.576324
12.399998 12.156721
11.400001 11.509052
12.046395 11.677092
11.3 11.139812
11.8 11.859063
11.5 11.45121
10.972896 10.9645195
11.900001 11.883115
11.2 11.179905
13.999974 14.088793
12.399998 13.27753
11.1 11.199116
11.900001 11.929507
11.8 11.865056
11.3 11.415119
11.5 11.445797
11.1 11.138682
11.5 11.453449
11.2 11.221644
11.5 11.472854
11.7 11.771179
12.499997 11.768707
12.199999 12.218754
11.3 11.384606
11.7 11.775047
14.668636 14.244938
10.40103 10.535095
11.7 11.339039
10.6 10.223088
10.79897 10.703
11.900001 11.898646
11.999998 11.916662
11.49794 12.875717
11.1 11.2040825
11.2 11.220611
11.2 11.285662
11.7 11.659011
11.999998 11.922035
11.7 11.749414
11.999998 12.0410185
11.2 11.346317
12.1 11.84859
11.7 11.557294
11.8 11.89689
11.8 11.741278
10.70206 10.716566
12.899998 12.287593
14.1 13.754446
11.5 11.616481
13.399989 13.5
9.79897 10.168882
11.3 11.23925
9.70206 9.775809
10.1 10.147934
11.2 11.534901
12.1 12.18726
11.2 11.182703
11.599999 11.676567
13.191515 12.970426
11.2 11.229754
11.8 12.121258
11.5 11.46923
11.3 11.252904
11.599999 11.569431
11.599999 11.5111885
11.7 11.786146
11.3 11.240042
13.299971 12.587844
12.399998 12.355191
13.622879 13.370033
11.5 11.54675
12.1 11.938183
11.2 11.188286
10.40103 10.463439
12.120642 12.619019
11.400001 11.693814
11.3 11.33397
12.499997 12.46263
11.1 11.127846
11.2 11.190685
11.599999 11.80127
11.7 11.708742
11.2 12.424693
11.1 11.405168
10.1 11.4865675
11.2 11.515625
12.1 11.829363
11.3 11.55185
11.599999 11.683167
11.5 11.440768
11.2 10.871088
12.199999 12.404032
10.79897 11.092687
11.2 11.21473
10.40103 10.547375
11.087163 10.567758
12.899998 12.025897
11.5 11.496701
11.3 11.755361
11.058607 11.180252
12.1 11.889207
13.899971 12.716426
12.499997 12.010193
10.2 10.273078
11.8 11.75041
11.900001 12.049064
11.3 11.7501745
11.1 11.130489
10.4 10.521812
11.3 11.366703
11.2 11.244418
11.599999 12.650781
11.1 11.169152
11.5 11.473083
11.2 11.406469
11.8 11.840418
11.2 11.204437
11.8 11.809488
11.900001 11.914782
11.400001 11.40945
10.49794 10.4404545
12.399998 11.795433
12.899998 11.687295
11.1 11.151805
11.7 11.651409
11.3 11.297068
11.1 11.150952
13.1 13.188609
11.2 11.495626
11.400001 11.386961
11.2 11.183805
11.999998 12.11668
11.1 11.213794
11.999998 11.895609
10.622879 11.13717
11.3 11.287649
9.79897 10.0076
11.2 11.23116
12.699998 12.494674
11.400001 11.445231
12.170581 12.351196
11.8 11.817539
11.900001 11.900796
12.180922 12.033003
11.8 11.628556
11.7 11.643698
11.900001 11.878819
11.999998 11.987389
11.8 11.707931
11.400001 11.397066
11.7 11.312286
11.2 11.355101
11.1 11.11223
11.719789 10.962503
10.622879 10.840621
11.999998 11.986788
11.1 11.229502
12.399998 12.311844
13.1 12.509399
12.499997 13.203216
11.999998 11.950373
10.40103 10.081692
11.8 11.840536
11.999998 11.917553
11.400001 11.806336
11.8 11.828331
11.2 11.312711
11.1 11.188574
11.7 11.783614
11.1 11.22841
13.8447275 12.880886
11.999998 12.192861
11.400001 13.222391
11.2 11.246245
11.2 11.34207
12.399998 12.240506
12.299998 12.254218
11.1 11.127185
12.699998 13.096939
11.2 11.230513
11.2 11.441862
11.3 11.41451
11.999998 12.03119
11.2 11.193096
11.3 11.298734
11.1 11.8857975
12.899998 12.435689
11.2 11.234602
11.118106 11.173798
11.5 11.497465
11.8 11.893114
11.2 11.289267
11.900001 11.985546
12.199999 11.811558
13.600039 13.469664
11.2 11.183056
11.1 11.104725
11.400001 11.442264
11.5698 11.624535
11.1 11.186193
11.1 11.154903
11.2 11.201613
11.900001 11.894626
12.1 11.841532
11.599999 11.631723
11.7 11.584377
11.599999 11.5257845
12.40103 13.3151
11.1 12.613654
11.2 11.173553
11.3 11.251173
11.7 11.53965
11.999998 11.664661
11.8 11.796274
11.7 12.296909
11.5 11.5951395
11.8 11.834239
11.3 11.325208
12.299998 12.231814
11.8 11.927973
11.3 11.436166
11.3 11.345933
13.699981 12.120495
11.900001 11.860567
11.999998 11.845545
11.1 10.729825
11.900001 11.935503
11.900001 11.853603
11.400001 11.502302
13.399989 13.057255
11.2 11.32275
11.1 11.190384
11.900001 11.902201
11.599999 11.635928
11.999998 11.627447
11.2 11.221869
11.3 11.458904
11.2 11.230838
10.6 10.595402
11.599999 12.263916
11.2 11.340264
10.79897 11.409221
11.3 11.330793
11.7 11.761929
11.900001 11.770736
11.2 11.4206705
11.7 12.063051
11.900001 11.907842
11.5 11.144682
11.1 11.118249
11.1 10.978106
11.1 11.105345
11.1 11.105335
10.40103 10.530832
11.900001 11.92174
11.400001 12.064659
11.1 11.164611
11.3 11.299658
10.7 10.505735
12.499997 12.193755
10.5 10.521755
11.344125 13.074438
11.2 11.971398
11.1 11.60272
11.8 11.792228
11.5 11.492943
11.900001 11.810306
11.2 11.299833
10.2 10.478379
11.599999 11.218704
9.750965 10.559706
11.70103 11.719072
11.3 11.507251
14.299971 13.667816
11.599999 11.524411
11.400001 11.41201
11.1 11.15153
11.1 11.380769
11.599999 11.678683
11.2 11.530497
11.2 11.210111
11.400001 11.52985
13.000009 12.488935
11.2 11.258659
11.8 11.848363
11.599999 11.453499
11.3 11.419704
11.8 11.818234
13.860608 12.751976
11.2 11.3250265
11.2 11.223065
12.765546 12.69089
11.1 11.14187
11.7 12.025015
11.1 11.130344
11.8 11.606089
11.7 11.766673
12.777781 12.940056
11.8 11.841452
10.40103 10.738982
11.3 11.345091
11.2 11.2654705
11.5 11.538652
11.400001 11.550596
11.2 11.31087
11.5 11.425465
11.5 11.381401
11.2 11.208735
13.399989 13.142562
11.5 11.463721
11.2 11.207307
11.8 11.763656
11.900001 11.898165
11.3 11.309035
11.400001 12.062893
12.699998 11.889349
11.400001 11.878978
11.8 11.858835
11.999998 11.974533
11.2 11.253497
13.219187 12.951154
11.8 12.282852
10.4372425 10.846797
11.900001 11.875094
12.199999 11.903748
11.1 11.113757
12.299998 11.699436
12.1 11.976309
11.599999 11.866991
11.97999 12.18039
11.2 11.42065
12.499997 12.085299
11.900001 11.824873
11.5 11.500904
11.7 11.811263
13.399989 13.021483
11.2 11.22799
11.999998 11.160367
13.899971 13.223592
14.088687 12.87032
14.805467 12.556085
11.2 11.450621
11.1 11.084022
11.2 11.582612
11.3 11.360881
11.1 11.23011
11.400001 11.413967
13.299971 12.237995
11.89588 11.775555
11.520216 11.169169
11.400001 11.403984
11.8 11.543165
11.900001 11.897226
11.999998 11.631583
11.7 11.818903
11.8 11.998541
12.199999 12.127146
11.8 11.892992
11.2 11.490197
11.5 11.228168
11.900001 11.978444
11.2 11.2457
11.2 11.244387
11.599999 11.731663
12.54 12.244546
12.799992 12.635664
11.3 11.369871
11.3 11.33609
10.622879 10.686777
11.900001 11.396705
11.637602 11.725219
11.999998 11.969572
12.299998 12.22657
11.900001 12.088235
11.195826 11.922815
15.1 13.830456
11.3 11.332583
11.8 11.874039
11.1 11.139077
11.599999 11.513932
11.900001 12.330415
11.5 11.406506
14.1 13.957514
12.199999 12.125679
11.1 11.117793
11.599999 11.549824
12.499997 12.344327
11.1 11.338624
14.200179 13.505379
11.224938 11.171944
11.2 11.188125
11.1 10.985518
11.2 11.244046
12.199999 12.478168
11.1 11.164039
11.900001 12.00252
10.058607 10.363782
11.999998 11.933766
10.1 11.407414
11.1 11.154127
10.70206 10.700037
11.2 11.246266
11.999998 11.127295
13.699981 13.508659
13.699981 12.083845
11.7 11.294649
11.2 11.246884
11.599999 11.577774
11.5 11.859948
11.3 11.255984
11.2 11.23926
12.622879 12.238538
13.899971 12.31859
11.2 11.195042
11.599999 11.750655
13.200015 13.099
11.336121 11.132745
14.700326 14.418409
11.3 11.299089
11.599999 11.643107
11.999998 12.009536
11.5 11.708433
14.1 12.559776
11.3 11.334964
11.3 11.406577
11.3 11.324038
12.199999 11.659962
13.500008 13.797493
11.1 11.155422
11.198542 12.59615
13.000009 11.809137
10.6 10.686591
12.699998 12.062621
11.3 11.438577
12.299998 11.740455
11.404665 11.279128
11.3 11.364516
11.1 11.19022
11.400001 11.452707
11.8 12.0666485
10.70206 10.956667
11.400001 11.568058
14.183691 13.746292
11.7 11.721697
11.1 11.133671
11.599999 11.232123
11.2 11.208905
11.2 11.983795
13.200015 12.439862
12.299998 12.009942
10.1 10.30064
11.900001 11.856418
11.2 11.188544
11.3 11.2956085
11.1 11.2425585
11.1 11.109693
11.1 11.153078
11.400001 11.583197
11.2 11.391849
12.599997 11.680482
10.622879 10.891658
11.7 11.743474
11.3 11.95892
11.2 11.287985
11.3 11.366004
11.2 11.66207
13.000009 12.57028
14.700326 14.237279
11.1 11.164454
11.7 11.825698
12.899998 13.106761
11.599999 11.931667
12.599997 12.562284
11.1 11.172294
11.999998 11.942197
11.8 11.854362
11.999998 11.991956
11.1 11.232859
11.900001 11.80051
11.821246 11.925315
11.2 11.216273
10.7 10.226825
11.2 11.215629
12.586782 12.811345
11.2 11.238516
11.1 11.14562
11.900001 11.908866
12.799992 13.264262
11.8 11.786565
11.400001 11.503039
11.2 11.138903
12.499997 12.231997
11.7 11.68551
11.2 11.3917465
11.2 11.204166
13.200015 11.715625
12.281115 12.522442
10.4 10.15717
10.3 10.521404
11.274371 11.427985
12.499997 12.761787
12.799992 12.100361
11.400001 11.525561
11.8 11.8082075
11.900001 11.557908
11.3 11.522118
11.1 11.203912
11.7 11.737971
12.028305 11.752102
11.400001 11.489347
11.900001 11.893967
11.2 11.443162
11.1 11.706895
11.900001 11.860638
11.400001 11.385383
11.2 11.195803
11.2 11.420116
11.3 11.4141245
11.2 11.245658
11.8 11.501629
10.70206 10.705891
11.2 11.21693
11.1 11.236381
11.900001 11.404185
11.5 11.749127
11.900001 12.037073
12.199999 12.771149
11.3 11.318603
13.97615 13.546129
11.1 11.330025
12.799992 12.80946
11.2 11.397794
11.5 11.505245
11.3 11.660303
11.8 11.73259
11.2 11.188737
11.3 11.388239
11.19691 13.192213
11.599999 11.775068
12.499997 12.207554
11.7 11.737044
12.199999 11.731814
11.3 11.29214
13.89588 12.251705
13.19691 13.215348
10.6 10.795419
12.199999 11.627152
11.900001 11.861629
11.2 11.574687
15.058607 13.033404
11.8 11.815916
13.340332 13.302011
12.446788 12.312084
11.1 11.234224
13.1 13.166169
11.2 11.215256
11.3 11.215536
10.3 10.937536
11.2 11.190472
11.1 11.16728
12.499997 11.649271
11.7 11.809391
11.8 11.78317
12.446788 12.143749
11.400001 11.271292
14.125949 14.0743475
11.7 11.524416
11.999998 12.0372095
11.900001 11.85412
11.2 11.286379
11.2 11.205665
11.5 11.880611
11.2 11.218969
11.175305 11.25045
11.2 11.217785
11.400001 11.464245
10.4 10.53765
11.170581 11.235165
11.8 11.816801
11.3 11.534646
11.2 11.2195425
11.8 11.769713
11.2 11.174629
12.699994 12.83427
11.3 11.659844
11.1 11.170532
11.900001 11.918803
12.8447275 10.548441
11.400001 11.377296
11.3 11.319961
13.699981 13.223187
11.2 11.209188
12.199999 12.168019
11.5 11.43488
11.1 12.428036
11.900001 11.7312565
11.108774 11.206319
11.1 11.176549
13.000009 12.334095
11.7 12.397734
11.900001 11.725431
12.599997 12.360461
11.2 11.311594
11.8 11.823157
11.3 11.387989
12.799992 12.530265
11.999998 12.044311
13.200015 12.752561
10.79897 11.996295
10.2 10.415005
11.3 11.358983
12.899998 12.021604
11.2 11.271962
11.1 11.119455
11.999998 11.763838
11.599999 11.523273
11.7 11.331414
11.900001 11.545618
11.1 11.1654415
11.7 11.716919
12.699998 12.273352
11.8 11.815345
11.155518 10.289641
12.8447275 12.209816
11.2 11.185853
11.7 11.889928
11.3 11.271932
14.986056 14.398482
11.8 12.081787
14.375724 14.057403
11.7 11.733454
11.599999 11.64493
11.599999 11.577686
12.799992 12.773573
11.900001 11.430659
11.1 10.508246
11.3 11.2891865
11.999998 11.282306
11.900001 11.841119
11.7 11.777258
11.400001 11.444126
11.777781 12.624258
11.999998 11.574752
11.1 11.112159
11.999998 12.266416
11.8 11.832232
11.1 11.87744
11.400001 11.397527
12.499997 12.329099
14.500117 14.107389
11.3 11.367474
11.2 11.189155
11.999998 11.754331
11.8 11.8100605
11.747817 11.920021
11.400001 11.1762495
11.79897 11.9783945
13.000009 12.582338
12.399998 11.643833
11.900001 11.88406
11.400001 11.867939
12.899998 12.538305
11.5 11.561064
11.7 11.335745
11.599999 11.335911
11.900001 11.871858
11.5 11.522505
10.6 10.188378
11.1 11.415675
12.899998 13.560884
12.199999 11.877557
11.999998 11.947229
11.1 11.455986
11.2 11.214075
10.70206 10.703883
11.8 11.84281
11.2 11.249451
11.5 11.569797
11.3 11.15654
11.685027 11.599239
11.5 11.860163
12.499997 11.53273
11.7 11.726753
11.5 11.441359
11.3 11.266478
11.8 11.810925
13.608639 13.367105
11.8 11.803018
11.400001 11.42277
11.900001 12.370902
14.500117 14.309075
11.2 11.234666
13.899971 12.310979
12.899998 12.247418
10.4 10.478742
13.1 12.184079
11.999998 11.954204
11.400001 11.347951
11.7 11.530873
11.599999 11.571364
11.3 11.497084
14.79897 14.160048
11.8 11.827484
11.2 12.471548
9.79897 10.119332
12.233122 12.68424
11.2 11.279597
11.3 11.224138
11.5 11.606612
11.900001 11.839373
11.3 11.680463
11.2 11.401485
11.5 11.514515
11.2 11.496985
11.1 11.114116
11.2 11.188576
10.3 10.460516
11.2 11.205132
12.299998 12.5678835
11.3 11.347827
11.8 11.817045
10.923909 10.926813
11.2 11.276916
11.1 11.104115
11.2 11.180283
11.2 11.178639
11.999998 13.101296
12.399998 12.306181
11.1 11.282399
12.899998 12.883026
11.599999 11.42361
11.599999 11.494348
11.2 11.199391
12.1 11.434257
11.2 11.206205
11.3 11.355901
11.900001 11.270524
11.400001 11.209021
11.1 11.105284
11.5 11.646015
11.599999 11.447851
11.3 11.416791
11.2 11.3965645
11.3 11.403268
11.1 11.107624
14.1 13.573395
11.5 11.535475
11.1 11.136563
10.7 10.922864
11.5 11.451564
11.1 11.213618
11.900001 11.924796
11.2 11.559576
10.47675 10.417606
13.000009 12.67729
11.3 11.248022
12.799992 11.853664
11.2 11.329421
11.175794 11.195498
11.1 11.231168
11.254902 11.277344
11.599999 12.033832
11.1 10.493509
11.3 11.317523
13.1 11.480248
11.1 11.147354
11.7 11.728914
11.900001 11.91227
11.8 11.8331375
12.499997 12.607034
12.499997 12.417969
11.7 11.804815
12.399998 12.773856
11.1 13.355457
13.000009 13.422849
11.8 11.287123
12.637602 12.612764
11.2 11.232406
12.299998 11.744951
11.15 11.174827
11.3 11.229673
11.5 11.505168
9.79897 9.990248
9.70206 9.934975
11.900001 11.818657
11.2 11.308078
9.79897 10.039079
11.5 11.458592
11.2 11.221947
11.7 12.256435
11.2 11.214367
11.1 11.157563
11.8 11.890449
11.1 11.364591
11.5 11.567265
12.299998 11.565628
11.999998 11.702486
11.2 11.215341
11.599999 11.685568
11.1 11.118198
11.599999 11.474243
11.2 11.406277
11.8 11.772923
11.900001 11.408158
11.8 12.387036
11.2 11.224819
12.499997 12.743519
11.392429 12.139006
14.700326 11.467396
11.7 11.281061
11.2 11.24401
11.900001 11.93774
11.8 11.848904
11.7 11.764658
11.900001 11.908561
11.599999 11.526758
11.1 11.723228
11.2 11.273303
11.8 11.784063
11.7 11.333589
11.1 11.170561
11.8 11.810276
12.020819 11.763874
11.1 11.097035
11.7 12.209699
11.900001 11.9376745
11.900001 11.855617
11.2 11.195623
11.7 12.03362
11.400001 11.872784
11.900001 11.847142
9.47675 9.766224
11.999998 12.011893
13.1 12.625758
11.7 11.63358
11.900001 11.865881
12.199999 11.882908
11.2 11.241457
11.5 11.369653
11.599999 11.571613
11.1 11.174277
11.999998 11.993211
11.3 11.314047
11.8 11.366584
11.2 11.196034
11.2 11.212042
12.1 12.060459
11.0 11.267878
9.79897 9.97931
11.5 11.526241
11.1 11.106837
12.899998 12.005753
11.2 11.220283
11.7 11.312907
12.199999 11.427579
11.2 11.23313
11.8 11.5972595
11.8 11.832205
11.5 11.473765
11.2 11.243151
11.900001 11.930175
11.900001 11.852399
12.1 11.742495
11.7 11.728681
11.5 12.012557
12.199999 12.219295
14.901343 14.003965
11.400001 11.38286
11.7 11.710049
11.7 11.820672
11.900001 11.902594
11.343923 11.4021845
11.599999 11.44775
13.897412 13.395938
9.1 10.036642
11.986056 12.428782
11.3 11.290614
10.1 10.962014
11.900001 11.863152
11.999998 11.691381
11.599999 11.86503
11.49794 11.359742
12.622879 12.457422
12.399998 11.67732
11.2 11.204649
11.7 11.680244
11.2 11.231374
11.1 11.125113
11.599999 12.094106
11.1 11.500799
10.49794 11.581466
11.254902 11.165927
11.1 11.129165
11.5 11.601726
12.499997 12.590658
11.2 11.194021
11.8 12.261243
11.3 10.821967
11.2 11.227992
11.400001 11.422693
11.5 11.172863
11.2 12.016812
11.5 11.516661
11.3 11.475203
11.400001 11.29003
13.648455 14.009641
11.757577 12.434165
11.599999 11.63286
11.400001 11.445071
11.5 11.545363
11.5 11.448041
12.199999 11.8731365
12.399998 12.224568
10.8 11.540594
11.49794 11.277649
11.8 11.152529
11.3 11.449462
11.2 11.344398
11.8 11.875479
13.699981 13.331463
11.400001 11.354814
10.49794 10.648728
9.79897 10.179294
11.400001 11.42804
13.000009 11.951
11.1 11.172453
12.599997 12.595677
12.799992 12.827036
11.5 11.381335
11.5 11.400114
11.599999 11.607047
11.2 11.438254
13.321849 12.889211
11.8 11.847386
11.1 11.013486
15.999629 13.26759
11.1 11.124975
11.2 11.20698
11.5 11.767234
11.8 11.855318
11.7 11.695066
11.1 11.14444
11.5 11.46243
11.999998 12.336416
12.599997 11.736149
11.599999 11.507301
11.400001 11.539462
11.900001 11.905858
12.299998 11.78909
11.2 11.475987
11.2 11.486345
13.399989 13.278089
11.5 11.513695
11.999998 12.46414
11.900001 11.911049
11.599999 11.594064
11.999998 12.065855
11.999998 11.911737
10.779135 11.251482
11.2 11.305978
12.199999 12.978378
11.599999 11.598456
11.900001 11.89705
11.599999 11.513176
11.2 12.995725
11.2 11.281716
11.599999 11.570481
14.901343 14.454103
11.599999 11.565598
11.8 11.826049
11.900001 11.306529
11.2 11.209771
11.2 11.3062725
11.7 11.719238
11.1 11.1642685
11.900001 11.915788
11.3 11.416965
10.1 12.032671
13.200015 13.057712
12.499997 12.99009
11.1 11.179507
11.8 12.649075
11.2 11.213891
10.3 10.840192
11.999998 11.858818
11.3 11.3014965
11.1 11.173464
11.2 11.440198
11.543697 11.675204
11.7 11.718089
11.900001 11.88018
11.1 11.240588
11.900001 11.842922
11.1 11.338292
11.5 12.127056
11.999998 11.933401
10.622879 10.408013
11.710834 11.333651
11.900001 11.302828
13.1 13.013469
11.8 11.975236
14.329148 13.860349
14.923909 13.952841
11.8 11.715127
10.70206 10.708876
12.1 12.792156
11.900001 11.899175
11.400001 11.273455
12.1 11.882605
11.2 11.230833
11.5 11.372602
11.900001 11.896842
11.69176 11.753399
11.1 11.247108
11.3 11.356019
11.900001 11.976969
11.3 11.253712
11.900001 11.708625
11.3 11.244923
11.3 11.427587
11.56133 11.500712
11.1 11.101804
14.299971 14.290325
11.8 11.709828
11.5 11.651603
12.399998 11.735018
11.5 11.615409
11.999998 11.939353
11.2 11.283183
11.8 11.769754
11.2 11.21223
11.599999 11.915146
11.1 11.533509
12.199999 11.982493
12.1 11.878303
11.5 11.556817
14.1 13.783359
11.3 11.337111
11.8 11.830391
11.8 11.864408
11.5 11.558558
11.2 11.27577
12.199999 11.3677845
11.578862 11.86556
11.3 11.288117
12.1 12.36066
11.400001 11.51673
11.900001 11.831252
11.8 12.313188
12.300659 12.410572
11.2 11.186074
12.199999 12.188847
12.699998 12.186606
11.3 11.215651
11.8 11.992986
11.2 11.444049
11.3 11.316171
12.1 12.606592
11.1 11.118123
11.7 11.58106
11.5 11.89541
12.199999 12.155685
11.1878605 11.194283
12.799992 12.577126
11.599999 11.48652
11.254902 11.342521
12.1 11.918871
14.321849 13.877489
11.7 11.710968
11.8 11.819259
11.49794 11.408609
11.400001 11.733122
11.900001 11.861549
11.2 11.185567
11.2 11.556147
11.5 11.62207
11.2 11.268207
11.2 11.357541
12.599997 12.857368
11.900001 11.907772
11.1 11.251337
12.1 11.649213
11.2 11.576688
11.2 11.283077
12.499997 12.817087
11.404665 11.261021
11.2 11.201906
11.999998 11.951726
11.599999 11.656973
10.1 10.388681
11.900001 11.882435
13.399989 12.780865
13.737937 13.696735
11.7 11.844614
11.3 11.388523
11.3 11.320867
11.953872 12.462918
12.499997 12.533555
10.1 10.130887
11.1 11.203088
13.299971 12.880388
11.400001 11.413173
11.2 11.497091
11.3 10.899538
11.900001 12.010713
11.1 11.102337
10.1 10.475844
10.1 11.627894
11.3 11.187404
14.901343 12.721433
11.599999 11.510286
11.3 11.326558
12.180922 12.508137
9.79897 10.043279
11.3 11.584444
11.400001 11.3941555
11.1 11.146332
11.1 12.70435
10.79897 11.198205
11.599999 11.957142
13.321849 13.104142
14.999629 14.768687
12.058607 11.718387
11.2 11.1973505
11.5 11.580518
11.1 11.347026
11.599999 11.196371
11.1 11.178256
11.2 11.336083
11.2 11.348714
11.599999 11.31721
11.5 11.486043
14.162119 13.807765
11.2 11.244446
11.8 11.854342
11.3 11.463442
11.2 11.305952
11.1 11.162493
11.2 11.335103
11.1 11.328441
11.1 11.171954
11.8 11.851406
11.1 10.968353
11.2 11.242943
11.5 11.540741
12.278486 12.364619
11.400001 11.39034
11.7 11.518924
11.9041 11.5093
14.901343 14.119947
11.2 11.225253
11.8 11.673329
11.1 11.15739
11.2 11.205575
12.427902 13.021331
11.599999 11.273061
11.3 11.312913
14.1 13.328522
11.5 12.112332
11.7 11.712592
11.2 11.180214
11.1 11.106296
11.1 11.152732
11.1 11.112639
11.900001 12.05199
11.2 11.582198
11.349999 11.547285
11.900001 11.919929
11.2 11.232751
11.1 11.207582
11.1 11.188327
11.1 11.076505
11.7 11.477456
15.508935 14.478423
11.5 11.546681
11.400001 11.374539
12.299998 11.719875
11.599999 11.640614
13.375724 13.053261
11.8 11.736968
12.1 12.535471
11.2 11.231614
11.1 11.268421
14.307609 14.385617
11.198147 11.186745
11.3 11.361616
11.1 11.24928
12.399998 11.658267
12.953872 12.872616
10.79897 10.693308
11.3 11.3150015
10.5 11.04684
12.499997 11.879906
12.599997 11.988408
11.8 11.860321
11.2 11.185506
11.400001 11.243544
11.400001 11.823155
11.5 11.42678
12.499997 12.26302
11.3 11.386308
11.0 11.332391
12.599997 11.679949
12.199999 11.910862
13.699981 13.159538
11.2 11.150503
12.399998 12.278817
11.2 11.377141
11.900001 11.761395
11.8 11.931668
11.321849 11.265882
11.3 11.326853
11.400001 11.543598
11.5 11.27196
11.2 11.231681
13.299971 12.740111
11.1 11.229483
13.399989 13.042013
11.599999 11.2663765
11.2 11.313777
13.200015 12.821937
11.599999 11.572515
13.461511 12.98591
11.900001 11.980222
10.555932 10.775212
11.3 11.172515
11.7 11.722692
11.5 11.442779
11.2 11.179975
11.900001 11.904866
12.399999 12.167645
11.900001 11.901812
11.900001 11.945173
11.900001 11.832666
12.599997 12.692623
11.3 11.303296
11.900001 11.413335
13.058607 12.270536
11.8 11.784571
10.40103 10.468248
11.5 11.546388
11.5 11.484181
12.799992 11.349204
14.200179 12.607443
11.006578 10.676607
11.999998 11.211172
11.5 11.254826
11.2 11.189196
11.7 11.736454
10.622879 11.254189
11.400001 11.532212
12.020819 12.074823
11.336514 11.327899
12.1 12.006606
11.1 11.145993
14.200179 13.271725
11.1 11.391906
9.890485 10.24629
12.351812 12.341597
14.79897 14.667551
12.1 12.082351
11.8 11.997248
11.1 11.150452
11.599999 11.702735
11.1 11.16474
12.1 12.656485
14.49794 13.721106
11.2 11.313211
11.7 11.7463875
13.508935 13.558802
11.2 11.720289
12.359379 11.608528
11.392429 11.77879
11.599999 11.914219
12.799992 12.397022
11.3 11.392855
11.1 11.714431
11.1 11.003035
11.1 10.9638815
11.999998 11.890797
11.400001 11.3994
11.1 11.171641
11.1 11.166102
11.3 11.557604
11.3 11.795245
12.399998 12.417118
12.199999 11.341619
11.435792 10.9767475
11.7 11.715258
11.1 11.109656
12.199999 11.527775
11.400001 11.464556
11.3 11.267451
11.1 11.24246
14.1 13.878428
13.000009 12.127735
13.899971 13.652786
11.900001 11.902809
13.299971 12.472864
12.699998 11.630287
11.900001 11.874725
10.2 10.089776
11.3 11.638515
11.2 11.440141
10.4 10.534728
11.1 11.11969
11.900001 11.868772
11.900001 11.882534
12.1 11.924011
10.4 10.433955
11.7 11.751921
10.543697 10.72806
11.1 11.123194
11.1 11.604252
11.900001 11.925581
11.2 11.240924
11.7 11.720264
11.1 11.12774
11.3 11.294603
12.899998 12.333471
11.7 11.597047
11.400001 11.352075
11.1 11.242937
11.2 11.240993
13.299971 13.04536
12.699998 12.463669
11.3 11.2797165
13.200015 13.105156
11.2 11.247365
11.999998 11.886835
10.4 10.575316
11.1 11.106079
11.900001 12.1052475
11.3 11.290797
12.699998 11.894917
11.7 12.342243
11.8 11.81656
11.3 11.207353
11.2 11.205392
11.1 11.219803
11.1 11.242875
11.400001 11.460478
11.1 11.169768
11.400001 11.641683
11.2 11.29499
11.1 11.123895
11.2 11.203298
11.5 11.658141
11.3 11.648012
11.8 11.589635
11.3 11.2746105
11.900001 11.898056
11.1 11.228485
12.1 11.525149
11.5 11.20994
11.1 11.181147
10.40103 10.538592
11.900001 11.885963
11.1 11.2400875
11.2 11.241436
11.5 11.761776
11.1 10.865006
11.1 11.349214
12.199999 12.265487
11.7 11.732699
13.200015 12.318718
11.3 11.259889
11.1 11.147999
9.40103 9.551572
11.1 11.184953
11.2 11.206755
12.399998 11.807752
11.599999 11.796525
11.2 11.270111
12.399998 11.8998165
14.321063 12.707732
11.7 11.419959
11.3 11.386661
11.5 11.534074
11.1 11.112177
11.66225 11.960479
11.2 11.255712
11.637602 11.755865
11.5 11.703559
11.2 11.211174
14.622879 13.472382
11.8 11.577289
11.900001 11.880059
11.463512 12.701508
10.2 10.533578
11.2 11.238403
10.70206 10.710691
11.8 11.91814
11.7 11.699711
11.5 11.487761
11.1 11.419987
11.2 11.197155
11.999998 12.040373
11.2 11.232261
11.2 11.178702
11.3 11.40554
11.7 11.637677
12.899998 12.721666
11.1 11.212685
11.2 11.435746
11.1 11.094535
11.599999 11.630903
11.321849 10.818028
11.1 11.136584
10.6 10.377308
13.500008 13.496923
11.8 11.352702
12.599997 12.394461
10.2 10.234521
11.5 11.4972925
11.1 11.043346
11.1 11.163709
10.1 10.259347
11.2 11.207335
11.1 11.5114765
10.40103 10.372545
11.2 11.224848
11.400001 11.441415
11.1 11.193751
10.5 10.846853
11.5 11.574295
11.1 11.291093
12.399998 12.180811
11.2 11.27005
14.200179 13.33054
11.3 11.34788
11.2 11.458695
11.2 11.205771
13.399989 12.76539
13.1 12.253768
11.5 11.4941025
11.1 11.14076
14.261151 13.697013
11.3 11.285357
9.79897 10.165572
11.2 11.20878
11.8 11.518103
11.599999 12.173729
13.800057 13.462442
13.066142 12.48164
10.8 11.147987
11.400001 11.41176
11.8 11.853251
11.3 11.772677
11.1 11.139883
11.1 11.188562
10.1 9.750258
9.79897 10.129531
11.7 11.890849
11.8 11.8310585
12.058607 11.291619
11.1 11.352135
11.999998 12.033645
11.400001 11.541661
11.400001 11.587031
11.1 11.154327
11.900001 11.5813
11.599999 11.773232
11.1 11.109241
14.219187 14.158193
11.5 12.27672
11.1 11.1358
11.1 11.133793
11.599999 11.39515
11.3 11.250408
10.79897 10.836569
11.2 11.677143
11.2 11.302679
11.1 11.144268
12.299998 12.009747
11.2 11.2135
13.000009 12.595359
12.427902 12.243149
11.5 11.50741
11.1 11.1026535
11.400001 11.404392
10.1 10.207921
11.3 11.252322
12.794648 12.483977
10.40103 10.41003
11.40103 11.347486
11.7 11.843868
11.2 11.262434
10.9 10.67189
11.900001 11.873551
11.3 11.593617
11.900001 12.024564
11.2 11.222324
11.2 11.457556
13.267491 12.734329
11.400001 11.415458
12.199999 12.279495
11.7 11.751502
9.79897 9.950872
11.599999 11.364155
11.1 11.189181
11.7 11.80437
11.2 11.215145
11.5 11.366626
11.2 11.211118
11.900001 11.866488
11.2 11.276731
11.999998 11.962312
11.5 11.488158
11.8 11.835333
11.900001 12.019132
12.899998 12.1679735
10.622879 10.78739
11.999998 11.970602
11.400001 11.42503
10.622879 10.726834
11.629299 11.767149
11.2 11.230227
11.2 12.586171
11.1 11.099064
11.2 11.220937
11.1 11.243701
12.1 12.410918
11.8 11.725413
11.599999 12.504499
11.3 11.313681
12.1 11.7961
11.400001 11.421356
11.5 11.451732
11.1 11.177191
11.5 11.565799
12.299998 12.095958
14.999629 14.374939
11.5 11.426721
11.999998 11.877002
13.1 12.278925
11.400001 11.394372
12.378189 12.505077
14.49794 12.629453
11.8 11.723011
11.999998 11.91997
11.7 11.72959
11.5 11.453058
11.1 11.209006
11.3 11.355262
15.1 14.354359
11.400001 11.334996
11.8 11.834585
11.2 11.216566
11.1 11.10742
13.122276 12.942007
11.7 11.899686
10.1 10.35194
11.1 11.188707
11.2 11.219001
11.900001 11.869523
11.3 11.648278
14.1 13.7505245
11.1 11.094768
12.499997 12.437756
11.2 11.182702
12.899998 12.207544
11.1 11.176001
11.1 11.347722
10.923909 10.289808
13.1 13.038549
11.7 11.771581
11.5 11.704495
11.900001 12.226747
11.3 11.321292
11.5 11.578134
11.0 10.648707
11.2 11.198976
11.2 11.275098
13.000009 13.348256
10.555932 10.657009
11.8 11.817945
11.900001 11.822666
11.1 11.560438
12.299998 12.611244
11.2 11.186157
12.1 11.351389
11.359637 10.548783
11.3 11.327684
11.1 10.792557
12.1 12.207589
13.581486 13.629152
11.2 11.202683
11.2 12.042944
11.400001 11.480652
11.900001 12.744015
14.1 13.799038
11.1 11.234539
11.1 11.139975
12.399998 11.95845
12.1 11.615834
11.2 11.592163
11.555932 11.48168
11.900001 11.730179
11.400001 11.377295
11.400001 11.4474535
11.2 11.496913
12.020819 12.019269
10.2 11.016254
11.1 11.144249
11.2 11.141823
12.699998 12.051231
11.3 11.291766
11.8 11.290477
12.367606 12.380341
10.4 10.225497
11.3 11.333044
11.1 11.160476
11.900001 11.9201355
11.2 11.234131
11.2 11.277583
11.599999 11.909342
11.1 11.134308
11.8 11.979829
11.400001 11.163999
12.399998 11.385233
11.7 11.348212
11.400001 11.42913
11.5 11.468813
11.900001 11.857556
11.400001 11.489173
10.8 10.708872
11.2 11.038484
11.8 11.865136
11.2 11.282129
10.1 10.233691
14.777781 14.232039
11.5 11.614736
11.8 11.782962
12.760172 10.922293
10.9 10.902799
13.999974 14.155947
11.1 11.245794
14.622879 14.585491
11.101305 11.702022
11.1 11.197618
14.400163 14.0583515
10.719789 10.28251
11.400001 11.379804
11.900001 11.845947
11.1 11.174805
11.900001 13.074732
11.2 11.217416
11.7 11.727835
11.1 11.478759
11.5 11.523467
11.777781 12.086914
11.3 11.332111
11.599999 11.611739
11.599999 11.474954
12.1 11.266964
11.2 11.267624
11.5 11.468658
12.199999 12.118682
12.461511 12.112647
11.1 11.130949
11.1 11.242737
11.1 11.0856085
11.2 11.485057
11.3 11.3219185
11.5 11.747825
11.900001 11.908186
11.8 11.801562
12.1 11.259446
11.599999 11.723252
11.3 11.271207
11.2 11.245174
11.7 11.806376
11.8 11.875315
11.900001 11.897266
11.5 11.384331
11.900001 11.860469
12.499997 12.602931
11.3 11.370587
11.2 11.209107
11.400001 11.451531
13.1 12.873784
11.5 11.440595
11.1 11.157835
11.5 11.54277
13.351812 12.4848995
11.3 11.347185
11.1 11.093807
11.599999 11.258194
11.2 11.27562
11.3 11.315053
11.5 11.710091
11.1 11.57444
11.599999 11.867368
13.1 12.87828
11.3 11.272444
11.1 11.124466
10.1 10.233521
14.299971 13.612198
11.3 11.407821
11.599999 11.508518
12.040815 13.676446
11.5 11.4890995
10.9 11.066935
11.1 11.108735
11.999998 12.312605
10.622879 10.666019
11.1 11.157003
11.2 11.26391
11.2 11.286305
10.662469 11.373274
11.599999 11.549535
11.1 11.123672
11.400001 11.303786
11.1 11.108445
11.599999 11.558622
11.1 11.218909
14.8447275 14.053251
13.899971 13.711329
11.2 11.255025
11.2 11.197557
13.899971 13.390521
11.1 11.128921
11.8 11.6124525
11.900001 11.794949
11.5 11.547941
11.400001 11.291649
12.199999 11.491481
11.900001 11.951651
11.999998 11.889777
10.70206 10.945112
11.2 11.226264
12.499997 12.431557
11.2 11.187495
11.5 11.5312195
13.800057 13.145214
12.051963 11.80532
11.900001 11.899724
10.1 10.207889
11.1 11.004786
12.1 10.885844
11.599999 11.570784
11.2 11.178661
13.600039 14.312984
11.2 11.425002
14.299971 13.289084
12.899998 12.464641
11.400001 11.368622
11.1 11.159051
11.5 11.501149
12.299998 11.656021
11.999998 11.921892
11.3 11.30197
11.5 11.549995
11.8 11.703245
10.622879 10.84906
13.999974 13.09045
11.2 11.237069
11.8 11.813633
11.900001 11.938233
11.2 11.204324
11.5 11.477098
11.5 11.507197
11.599999 11.540261
11.7 11.760607
11.2 11.2490635
11.2 11.243126
12.1999855 12.205121
11.1 11.129384
11.900001 11.855401
11.2 11.197966
11.3 11.310598
11.999998 11.814
11.999998 11.865488
11.900001 11.882597
11.7 11.812752
11.2 11.213729
11.1 11.160681
12.399998 11.940923
12.499997 11.542886
11.5 10.7565155
11.900001 11.988778
11.599999 11.50487
11.400001 11.297199
12.599997 12.7435055
11.900001 11.881214
11.900001 11.95669
11.1 11.088955
11.8 11.8052025
11.900001 11.868683
11.900001 11.867568
14.40103 12.605902
11.3 11.270594
11.900001 11.904029
13.2704735 12.985376
11.900001 12.138621
11.2 11.4579525
13.699981 13.696112
13.800057 12.90222
9.79897 10.410032
11.3 11.495638
11.5 11.651379
11.999998 11.98389
11.999998 11.54787
12.699998 12.52627
12.299998 12.380755
11.900001 11.71954
11.599999 11.838428
11.3 11.342672
12.499997 11.902787
11.400001 11.525017
11.999998 12.485857
12.499997 12.336137
11.1 11.120348
13.399989 13.680062
10.622879 10.865319
11.400001 11.261515
13.321849 12.926994
11.2 11.341141
11.2 11.227582
11.400001 11.47247
11.2 11.395572
11.3 11.485663
12.399998 12.5745
11.3 11.414317
11.1 11.139594
11.1 11.146873
13.1 11.259038
11.599999 11.53414
11.3 11.248196
11.5 12.204715
12.359637 12.582601
12.699998 13.154666
11.7 11.856629
11.1 11.83646
11.400001 11.418012
11.3 12.520108
11.5 11.63091
11.7 11.706986
11.900001 11.892342
11.900001 11.855496
11.7 11.58395
12.299998 12.321102
11.5 11.68749
14.299971 14.311134
11.400001 11.432299
11.1 11.250359
11.2 11.222818
13.1 12.740022
11.7 11.850314
12.900001 12.944333
11.3 11.321757
12.79897 12.812881
11.2 11.213354
11.900001 11.720839
13.1 13.2987175
11.3 11.19603
11.900001 11.9015255
11.1 11.2201395
12.199999 11.57454
12.599997 12.745794
12.699998 11.624113
10.70206 10.715021
12.555932 12.49054
11.1 11.110069
11.2 11.262884
11.1 11.11506
11.2 11.254906
11.900001 12.379242
12.21351 12.9880295
12.19691 12.365618
13.1 12.11058
11.5 11.671046
11.599999 11.3275175
11.2 11.247455
12.599997 12.430252
11.79897 11.396252
11.900001 12.009879
11.8447275 13.121683
13.899971 13.312443
11.530626 10.760073
11.5 11.750199
11.999998 11.915943
12.128261 11.3777895
11.999998 11.993373
11.900001 11.910861
11.5 11.746146
11.8 11.869635
11.40103 11.4238615
11.900001 11.932304
12.199999 11.809874
12.1 12.0783615
11.900001 11.905965
11.599999 11.538771
11.239147 11.21841
11.555932 10.998978
10.40103 10.4723425
11.7 11.725885
11.2 11.201367
11.5 11.9573
12.799992 12.710197
11.3 11.347331
11.2 11.217873
11.900001 11.8724985
11.599999 11.401234
11.5 11.563371
11.999998 11.734989
10.145758 10.051446
12.599997 12.245568
11.400001 11.40429
11.3 11.390022
11.900001 11.924469
12.499997 13.203137
11.2 11.349583
11.599999 11.622038
11.5 11.39123
11.7 11.738309
11.400001 11.993353
11.8 11.819906
12.699998 12.145319
12.1 11.879448
11.400001 11.441507
11.2 11.247538
11.400001 11.661072
11.2 11.183529
11.5 11.552545
11.2 11.2049265
11.1 11.523637
10.224938 10.290575
11.5 11.501927
11.2 11.287198
11.8 11.698456
11.2 11.269516
11.2 11.393246
12.399998 12.687889
10.7 10.578934
11.7 11.34472
11.900001 11.906367
11.400001 11.974466
12.1 12.20155
11.8 11.901051
11.5 11.500764
11.2 11.210899
11.7 12.139043
11.900001 11.826617
11.3 11.46472
11.1 11.098793
12.899998 12.083182
11.900001 11.973308
10.2 10.658409
11.400001 11.460769
11.1 11.218633
10.4 10.314292
11.2 11.175097
11.599999 11.523769
10.1 10.742571
11.2 11.296776
10.4 10.30994
12.199999 12.340731
11.900001 11.876837
11.7 11.769065
11.1 11.168916
11.2 11.54082
11.2 11.219521
11.2 11.236779
11.599999 11.345853
11.999998 11.538407
11.599999 11.682058
12.599997 12.276437
11.1 11.172677
11.1 11.219137
10.40103 10.39788
11.7 11.79758
11.543697 11.78957
13.299971 12.24793
11.76354 11.971453
11.400001 10.866213
11.8 11.90683
11.1 11.142154
11.7 11.700921
13.999974 12.861178
11.8 12.01226
11.3 11.266002
11.2 11.167254
12.19691 12.758991
12.199999 12.436858
11.900001 11.900549
13.15061 12.772714
11.3 11.285234
11.3 11.398687
11.1 11.212978
13.1 12.0922985
11.66117 11.861442
13.869806 12.93247
11.3 11.506632
11.1 11.582374
11.3 11.415369
11.599999 11.579167
14.600313 13.8932
13.020819 12.30813
11.8 11.583423
11.8 11.849426
11.535334 11.554156
11.2 11.241958
11.599999 11.6176405
11.7 11.6711445
11.900001 11.770735
11.8 11.800121
11.3 11.28213
11.1 11.678833
12.299998 11.247962
11.230768 11.543111
11.5 11.512683
11.2 11.410678
10.4 10.684193
11.8 12.243556
11.999998 11.822635
11.5 12.012728
11.599999 11.642086
14.200179 13.440899
12.499986 12.434115
12.299998 12.247016
11.7 11.917916
11.7 11.574009
11.900001 11.895558
11.3 11.312473
11.5 11.762714
11.1 11.1460495
13.1 12.731676
11.400001 11.435003
11.3 11.373278
11.7 11.217199
11.2 11.21256
11.5 11.906102
14.999629 14.8647995
12.499997 12.58077
11.1 11.15598
11.0 10.877909
11.1 10.847242
11.900001 11.838537
11.400001 11.37629
11.1 11.174334
12.926814 13.266014
11.2 11.312166
11.3 11.324239
10.9 10.686831
12.1 11.527701
11.1 11.09244
11.3 11.272927
11.900001 11.903842
12.1 12.134615
11.2 11.268012
11.900001 11.907763
11.5 11.857665
11.5 11.666333
11.8 11.374412
11.8 11.454547
11.7 11.745276
11.7 11.415491
11.2 11.192491
14.058607 13.882662
11.999998 11.616556
11.2 11.205216
11.900001 11.997647
12.1 12.145031
11.8 11.9046955
11.999998 12.048104
12.536519 12.071379
11.2 11.201761
11.2 11.55409
9.79897 10.147201
11.2 11.156707
9.40103 9.406401
11.560548 12.521481
10.40103 12.68815
11.7 12.141405
11.5 11.689694
11.3 11.264303
11.1 10.226849
11.2 11.832515
11.2 11.246804
10.145758 10.275747
11.3 11.124281
11.2 11.184344
11.19691 10.945469
15.1 13.868359
11.8 11.57395
11.1 11.164496
11.3 11.306182
11.2 11.342435
11.1 11.112
12.51862 12.005184
11.900001 11.913388
11.900001 11.915823
11.8 11.759393
11.1 11.262597
11.5 11.460178
11.3 11.991971
11.3 11.6388445
11.2 11.320425
13.999974 13.128356
11.900001 11.8944025
12.199999 11.85791
11.7 11.721207
10.8 11.13799
11.400001 11.448277
12.1 11.274543
11.900001 11.875142
11.599999 11.687765
11.944213 12.178156
11.2 11.416448
11.3 11.338886
12.759379 12.1925125
11.145758 11.615971
11.2 11.502658
11.599999 11.566651
13.500008 12.4013
11.599999 11.651373
11.2 11.213169
11.900001 11.831411
11.599999 11.971427
11.3 11.315185
12.199999 12.456767
11.900001 11.91626
11.2 11.183725
11.8 11.768199
12.699998 12.4472885
10.70206 10.927487
11.8 11.650726
10.3 10.447922
11.599999 11.837802
11.375724 10.856602
11.900001 11.911096
11.2 11.423216
11.1 11.123189
11.3 11.228884
11.1 11.2211
13.299971 12.499299
11.900001 11.62911
11.1 11.182852
11.2 11.17116
12.799992 12.107727
11.900001 11.834147
11.2 11.198939
11.1 11.124051
11.8 11.811106
11.1 11.175584
11.599999 12.077016
11.2 11.946567
11.2 11.246105
11.1 11.483327
11.2 11.2261505
11.400001 11.938632
10.122276 10.286081
11.1 11.350525
13.999974 13.155788
11.900001 11.763494
11.900001 11.862868
11.900001 11.77848
11.900001 11.738782
10.9 10.75928
11.599999 11.3640375
11.3 11.444467
13.600039 13.815027
11.2 11.597942
11.2 11.2169285
11.5 11.514039
11.8 12.196184
11.2 11.252705
11.900001 11.909737
12.499997 11.75739
9.79897 10.025878
11.400001 11.371467
11.2 11.223635
12.299998 12.106458
11.900001 11.818734
11.999998 11.538464
11.2 11.2181225
11.1 11.183383
11.8 11.845169
11.900001 11.886106
11.7 11.756685
13.050004 13.178361
10.901343 10.955688
13.899971 13.873469
10.830955 10.741482
11.999998 12.024128
11.900001 11.90433
11.2 11.592818
11.3 11.363869
13.1 12.70249
11.1 11.162127
11.175305 11.325331
11.1 11.117106
11.8 12.311395
14.700326 14.160787
11.900001 12.521185
11.1 11.310249
11.400001 11.414903
12.1 11.70185
11.2 11.29147
11.599999 11.596751
12.1 12.591476
11.900001 11.438728
11.7 11.370732
10.6 10.483563
11.5 11.5492325
11.5 11.609554
11.8 11.829113
11.118106 11.175423
12.299998 11.339368
11.7 11.709775
11.3 11.330559
11.599999 11.040995
11.1 11.73321
11.1 11.146813
13.699981 12.987323
13.622879 13.1647415
13.299971 13.870991
11.1 11.168611
11.400001 11.245393
10.622879 10.671473
11.8 11.90502
11.1 11.132872
11.599999 11.538263
11.1 11.051237
12.899998 12.312487
11.2 11.251542
11.900001 11.864656
11.7 12.025251
10.70206 10.7016115
11.7 11.779705
11.5 11.585456
11.5 11.500982
11.400001 11.521523
11.400001 11.329708
12.40103 12.348651
14.065731 14.344888
11.1 11.245186
11.7 11.824823
11.8 11.799414
11.7 11.7579565
11.5 11.503293
11.3 11.4510355
11.7 11.787443
11.45 11.492633
11.574222 11.518918
11.3 11.338396
11.400001 11.379638
11.2 11.2267475
11.2 11.179774
11.900001 11.8975315
11.2 11.195756
11.5 11.792709
11.2 11.174103
11.367606 10.726032
11.1 11.193125
11.1 11.128682
11.8 11.819761
11.999998 12.200862
11.599999 11.665797
11.2 11.537826
11.2 11.255912
11.999998 11.544643
12.299998 12.326802
10.1 10.188484
11.599999 11.7003145
11.5 11.408247
12.699998 12.239167
11.2 11.256561
11.8 11.813957
10.40103 10.432806
11.2 11.1972475
11.2 11.233986
11.900001 11.95029
11.2 11.551423
11.900001 11.8980665
11.7 11.805487
12.599997 12.636973
11.999998 12.032743
11.2 11.219748
10.321849 10.513047
13.000009 13.279576
11.2 11.321392
11.8 11.881543
11.599999 11.492447
11.8 11.741705
11.1 11.194043
11.1 11.189809
11.2 11.213891
11.2 11.213215
10.1 9.719456
11.1 11.18993
11.1 11.186898
11.1 11.16488
11.7 11.733502
13.1 12.029945
11.599999 11.223486
12.899998 13.02076
11.8 11.677628
12.599997 12.36938
11.5 11.382661
11.7 11.730416
11.5 11.372191
11.5 11.521338
10.70206 10.7233095
11.900001 11.84847
11.2 11.206138
11.2 11.23914
11.2 11.21862
12.699998 11.628166
11.2 11.598706
11.599999 11.32128
11.400001 12.351845
12.399998 12.1468315
11.900001 11.8972225
11.900001 11.881822
11.7 11.755538
11.2 11.277119
11.3 11.374125
13.399989 12.591598
11.2 11.192285
11.7 11.236366
11.2 11.353887
13.200015 12.188704
14.09948 12.514519
12.199999 12.10425
11.1 11.228831
11.400001 11.352586
11.2 11.210991
10.40103 10.5611105
13.800057 13.358659
11.400001 11.309751
12.140959 10.936342
11.2 11.314466
11.890485 12.557392
11.1 11.251558
11.5 11.423842
11.599999 11.633792
11.1 11.191716
11.7 11.730166
11.5 11.622169
11.599999 11.654807
11.599999 12.459971
11.400001 11.506375
11.1 11.558617
11.5 11.506738
11.900001 11.9337225
13.046922 12.391803
11.7 11.774409
11.3 11.439745
11.1 11.141426
11.2 11.260692
13.1 12.802776
14.79897 13.991964
10.8 10.908607
11.202373 11.761273
11.900001 11.890181
11.1 11.174211
11.599999 11.741416
11.7 11.983272
12.199999 11.818687
11.108774 11.251742
12.399998 11.895849
11.3 11.408568
11.2 11.149052
11.400001 11.510381
10.3 10.563116
13.1 12.388549
11.400001 12.317256
11.799998 12.004198
13.600039 12.474873
10.79897 10.720901
11.2 11.249703
11.2 11.205962
11.1 11.416525
11.900001 11.870586
11.1 11.109592
11.5 11.471161
11.869551 12.193166
12.399998 12.503131
11.400001 11.287614
13.854961 10.560164
12.699998 11.786191
12.499997 12.161001
11.1 11.199337
12.499997 11.840723
10.608639 12.069876
11.1 11.349394
11.3 11.320257
11.5 12.114856
13.409804 12.617918
11.2 11.155629
11.900001 11.849577
11.599999 11.802826
11.3 12.152301
11.8 12.224997
11.140959 11.386586
12.1 11.839407
11.2 11.223151
11.900001 11.251578
12.1 11.724423
11.2 11.235978
14.280456 14.15637
11.900001 11.891598
10.2 10.210151
11.3 11.386614
11.1 11.235428
11.3 11.275976
11.5 11.904857
11.599999 11.490747
11.3 11.73816
11.599999 11.242604
11.8 11.8398485
11.900001 11.888082
10.5 10.474638
11.2 11.241169
11.5 11.59025
12.199999 11.808595
11.2 11.202455
11.900001 11.942421
11.3 11.703526
11.7 11.710445
11.5 11.537801
14.999629 14.192297
11.400001 11.295623
11.3 11.401056
10.40103 10.347198
11.5 11.459892
12.199999 12.517246
11.8 11.8107195
9.79897 9.981529
11.400001 11.36652
11.8 11.851651
11.3 11.3111925
11.106614 11.138166
11.3 11.5479555
11.999998 11.481087
11.599999 11.574083
13.299971 12.202588
13.29382 13.15221
12.1 11.180451
11.999998 12.250252
11.2 11.2539625
11.8 11.854847
11.400001 11.122544
11.1 11.148062
11.40103 11.363989
11.999998 12.263673
11.5 11.474652
11.8 11.870375
11.400001 11.62439
11.599999 12.161822
11.8 11.78888
11.1 11.195249
11.8 11.837006
11.900001 12.007879
10.1 9.979272
11.900001 11.900824
10.1 10.175409
12.899998 12.11598
11.8 11.7819
11.900001 11.823886
11.8 11.8654
13.409804 13.041783
11.2 11.233137
11.7 11.54273
13.999974 13.308707
11.2 11.227644
12.690067 12.819268
13.47675 13.687057
11.599999 11.587038
13.800057 13.526164
13.999974 12.771709
10.4 10.406838
11.599999 11.497694
12.699998 12.327708
11.5 11.499434
11.1 11.311597
11.1 11.209039
11.900001 11.858367
11.599999 11.5588045
11.8 11.8814335
11.2 11.285308
11.1 11.170731
11.400001 11.409352
11.900001 11.869013
11.999998 11.947223
11.5 11.480919
11.5 11.465228
10.40103 10.5052185
11.999998 11.662524
11.900001 11.684886
11.1 11.0963335
11.2 11.252067
12.299998 11.699835
11.3 11.575804
11.1 11.199881
11.5 11.910358
12.799992 12.922352
11.1 11.112804
12.633132 11.326982
11.8 11.56061
13.600039 13.51714
11.1 11.104047
14.145758 13.955423
14.200179 14.308508
11.1 11.134351
11.3 11.281715
11.2 11.372672
11.7 11.904206
12.699998 12.103734
10.70206 10.708326
14.1 12.819275
11.2 11.28833
12.1 11.713621
13.500008 13.70537
11.5 11.436971
11.5 11.487716
11.2 11.602516
11.2 11.294668
10.70206 10.704159
11.2 11.538933
13.299971 13.322199
11.2 11.313088
11.7 11.767509
9.79897 10.110574
11.7 11.667698
11.900001 11.591676
12.799992 12.264545
11.400001 12.245898
11.1 11.193521
11.2 11.223505
11.5 11.532984
11.900001 11.876371
10.40103 10.451125
11.1 11.108616
11.5 11.7053385
11.3 11.496606
11.8 11.786081
11.5 11.467583
11.1 11.490722
10.986056 10.909544
12.199999 12.850306
11.3 11.465328
11.79897 11.919225
11.8 12.015008
11.8 10.734343
11.5 11.284417
10.738272 10.300875
11.2 11.195461
11.2 11.191227
11.738272 11.455148
13.399989 12.242535
12.1 12.09973
11.3 11.430328
14.200179 13.234052
11.1 11.245949
12.1 11.956458
12.919643 13.163729
11.2 12.136475
12.599997 12.78607
13.299971 12.587717
11.1 11.135253
14.652842 14.224742
11.1 11.1313
11.8 11.884393
11.3 11.304395
11.900001 11.82823
11.8 11.636175
11.2 11.235282
11.8 11.810003
11.900001 11.86609
11.900001 11.895094
11.8 11.822472
11.7 11.729638
11.2 11.334755
13.500008 12.185531
11.599999 11.972121
11.585452 13.558301
12.299998 11.507406
10.8 10.925164
11.8 11.918718
11.900001 11.845785
11.3 11.410689
11.719789 11.686779
11.5 11.5469885
11.900001 11.901051
11.8 11.822794
11.2 11.967712
13.299971 12.555868
11.1 11.3059635
11.2 11.307636
11.400001 11.541847
11.400001 11.2613
11.400001 11.367083
11.3 11.350009
12.699998 12.446092
14.49794 14.350224
11.1 11.111103
11.900001 11.89733
11.999998 11.943187
11.3 11.334486
11.2 11.307897
12.1 12.006689
11.5 11.534131
11.1 11.165263
11.8 11.429578
11.900001 12.123961
12.399998 11.770084
11.900001 11.884064
11.999998 12.32883
11.2 11.204278
13.699981 12.74095
11.1 11.159773
11.400001 11.3884735
12.699998 12.803255
11.2 11.220811
13.899971 14.037073
11.7 12.114498
11.900001 11.880461
11.999998 12.038292
10.70206 11.359415
11.2 11.204863
11.400001 11.400554
12.599997 12.027139
11.5 11.512889
11.900001 11.858288
11.400001 11.366298
11.7 11.744557
11.1 11.203951
13.1 12.509216
11.900001 11.606358
11.400001 11.715884
11.400001 11.3995285
10.1 10.184956
11.400001 11.454476
11.2 11.226733
12.02263 12.974283
11.2 11.326205
12.499997 12.297907
12.199999 11.196036
11.2 11.153315
13.800057 13.012562
11.3 11.247479
11.3 11.29676
10.1 11.79529
13.299971 13.497366
10.3 11.245056
14.299971 12.095223
11.1 11.188783
11.900001 12.119205
11.2 11.38602
11.1 11.140554
11.599999 11.689388
11.212469 11.221251
13.699981 13.764579
11.400001 11.2054
11.180922 11.237728
10.622879 11.058393
12.499997 12.7303
10.70206 10.78
12.599997 12.00723
12.299998 11.54991
11.599999 11.808512
11.5 11.537451
11.999998 12.220834
11.900001 11.9255085
10.700015 11.521137
14.901343 12.103872
11.1 11.128773
10.2 10.262359
11.685027 11.528194
11.5 11.479982
11.2 11.234905
11.2 11.344315
9.79897 10.149916
11.8 11.803804
11.7 11.7408
11.2 11.534406
11.900001 11.899357
13.1 12.8519125
11.7 11.810474
11.3 11.348333
12.799992 13.1444
12.299998 11.660458
11.900001 11.788815
12.799992 12.507406
11.2 11.244722
11.1 11.069939
11.599999 11.455253
11.1 11.126872
11.900001 11.878815
12.299998 12.179656
11.3 11.336578
11.7 11.675327
11.7 12.240958
14.986056 14.049233
11.599999 11.590919
11.5 11.818222
11.7 11.702044
11.7 12.27615
11.3 11.39805
10.5 10.461248
11.1 11.14187
11.7 11.775833
11.999998 11.958702
11.2 11.24534
11.8 11.807733
11.400001 11.533651
11.1 11.754301
15.200179 14.413711
11.900001 11.901142
11.1 11.155937
11.999998 11.95091
11.2 11.628074
11.400001 11.680823
11.3 11.253065
11.3 11.301991
11.2 11.23299
11.2 11.742792
12.799992 11.9543
13.899971 12.922292
13.399989 13.411655
10.2 10.803979
11.5 11.457932
11.400001 11.384215
11.2 11.205344
11.400001 11.456028
13.1 12.903021
11.3 11.481134
11.900001 12.280965
10.5 10.8216095
14.622879 13.262346
11.2 11.334504
11.5 11.640356
10.6 10.444719
11.1 11.130462
11.7 11.75422
12.499997 11.48433
11.1 11.096778
11.5 11.396691
11.1 11.187564
11.900001 11.897289
11.2 11.327996
11.5 11.471198
12.299998 12.806106
12.199999 11.44133
11.3 11.460408
11.3 11.351018
11.599999 11.789227
11.7 11.448994
14.40103 14.0510845
11.2 11.225381
11.5 11.531446
12.399998 12.759157
11.400001 11.456664
10.70206 10.713285
11.2 11.299153
11.7 11.698474
12.418758 11.613788
11.900001 11.864261
11.2 11.231351
11.5 11.494482
11.999998 11.950747
11.1 11.170361
11.7 11.844381
12.299998 12.371062
10.622879 10.711991
11.1 11.161191
12.1 11.375773
10.753647 12.893607
11.3 11.299586
12.699998 13.34645
12.281115 11.182009
11.2 12.266422
11.1 11.339717
11.999998 11.928431
11.3 11.266404
13.000009 11.842095
11.2 11.238228
11.5 11.475323
13.200015 11.870592
11.3 11.352383
11.3 11.727684
11.1 11.144853
11.1 11.178057
12.399998 12.431833
11.3 11.259644
11.999998 11.632849
11.1 11.329956
11.2 11.173954
10.520216 10.524085
11.3 11.284564
12.299998 11.881802
11.400001 11.434532
10.078811 10.166228
12.499997 12.383522
11.599999 11.585745
11.900001 11.88028
11.999998 11.60262
11.3 11.855175
11.900001 12.122665
11.999998 11.848784
11.5 12.818274
11.8 12.376687
11.599999 11.723901
11.2 11.204973
12.499997 12.854504
11.1 11.110343
11.49794 12.100317
12.637602 11.680005
11.3 11.492004
11.1 11.171952
12.668636 12.565442
11.5 11.38489
12.799992 12.512505
11.400001 11.937036
11.3 11.303782
10.40103 10.442677
11.2 11.18149
11.986056 11.792535
11.1 11.171124
11.1 11.208277
12.719789 12.263845
11.2 11.279408
11.1 11.008113
11.5 11.764926
12.599997 12.822372
11.599999 11.326327
11.2 11.332227
11.1 11.137406
12.299998 12.518881
10.516801 10.512822
11.2 11.4266815
11.5 11.198049
11.8 11.506953
12.699998 12.388008
11.599999 11.336991
11.900001 12.087448
11.2 11.290386
11.1 11.256301
12.299998 11.672888
11.1 11.15945
12.399998 11.490173
11.8 11.801903
11.5 11.539669
13.000009 11.821667
11.1 11.206195
14.901343 12.4881115
11.8 11.895711
14.113228 10.887093
11.1 11.131556
10.79897 11.216467
13.986056 13.259342
11.1 11.261656
11.599999 11.3043
11.5 11.4434185
11.1 11.230103
11.400001 11.855523
11.8 11.893336
10.1 11.091558
11.400001 11.431259
10.719789 10.7898655
12.199999 11.779631
11.999998 11.874603
11.5 11.49123
12.499997 12.091255
11.999998 11.951586
11.1 11.210979
11.900001 11.874818
11.1 11.110898
11.3 11.898441
11.400001 11.937295
10.40103 10.472818
11.869551 11.123006
12.224938 11.920422
11.900001 11.901753
14.4000435 14.148489
11.1 11.186476
11.140959 11.771625
11.900001 11.91792
12.199999 12.131621
11.1 11.115592
11.7 11.427291
11.2 11.195445
11.2 11.251888
11.5 11.199234
11.400001 11.45355
10.5685215 10.52761
11.400001 11.80004
11.5 11.605989
11.5 11.59553
11.599999 11.420846
11.5 11.469115
10.49794 10.717317
11.1 11.145438
11.900001 11.886172
11.900001 12.879933
11.900001 11.877811
11.599999 11.6562195
11.900001 11.8818035
11.8 11.774029
11.1 11.13654
13.777781 13.45094
11.2 11.313015
11.7 11.621523
11.2 11.344441
11.710109 11.762553
11.2 11.283441
11.1 11.230588
11.1 11.63169
10.622879 10.720953
14.600313 13.7649
11.900001 11.885239
11.2 11.667496
11.3 11.35397
11.7 11.789826
12.399998 11.646035
11.2 11.20086
11.900001 11.907488
12.199999 12.075985
10.2 10.458131
12.199999 11.757352
11.1 11.172615
11.999998 11.656241
11.2 10.931539
11.2 11.205793
11.3 11.499222
13.299971 13.159126
11.5 11.463893
11.1 11.7072525
11.7 12.159564
12.399998 12.561604
11.400001 11.368482
10.1 11.817726
12.515898 11.488078
12.599997 12.432286
13.000009 13.21887
11.1 11.1146
10.70206 10.725905
11.479343 11.682705
11.999998 11.478253
11.900001 11.882189
11.900001 11.893737
11.5 11.309759
11.599999 11.521099
11.1 11.05529
12.399998 11.522861
11.599999 11.993506
11.400001 11.712943
11.7 11.750725
11.599999 12.092233
11.19691 10.826854
11.8 11.764579
11.2 11.160862
11.191515 11.316879
13.699981 13.176927
10.622879 10.685951
10.1 10.30713
11.3 11.4147005
11.1 12.189168
11.7 11.733501
11.3 11.324405
12.299998 12.342236
11.900001 11.895506
11.8 11.873133
11.2 11.239985
9.70206 9.803039
11.900001 11.745518
11.599999 11.627716
12.1 12.199115
11.900001 12.026829
11.1 11.16254
11.3 11.29534
13.1 12.744052
12.199999 12.470256
11.999998 12.279682
11.8 11.856771
11.5 11.862303
12.499997 12.572889
11.7 11.718096
11.900001 11.891892
11.2 11.244421
11.5 11.485388
11.8 11.774961
12.299998 12.272998
11.999998 11.961302
11.599999 11.2969475
11.900001 11.857061
10.6 10.693185
10.70206 11.177102
11.400001 11.343622
11.5 11.741593
11.3 11.331583
11.2 11.207104
13.1 11.884954
10.857208 11.606272
12.199999 12.175104
11.999998 12.452608
11.599999 11.643657
11.8 11.818156
12.299998 12.650802
11.51454 12.321445
12.899998 12.8635435
11.5 11.474569
13.500008 12.933906
11.1 11.175215
11.2 11.21298
11.3 11.576364
11.7 11.662785
11.1 11.144959
11.2 11.230814
12.899998 11.833179
11.7 11.8057165
13.000009 12.501933
11.2 11.221153
11.5 11.522413
11.599999 11.325123
12.199999 12.56849
11.686266 11.687736
11.2 11.297848
12.1 12.045013
11.5 11.529666
13.200015 12.259739
11.599999 11.443504
11.923909 11.596267
11.2 11.217024
11.599999 11.539176
13.242667 13.051348
11.3 11.550819
11.900001 11.94977
11.1 11.248641
11.2 11.260739
11.7 11.616157
11.1 11.161866
11.2 11.223975
11.5 11.467708
11.400001 11.290977
12.699998 12.078909
11.1 11.129946
11.1 11.136651
12.199999 12.403674
11.2 11.191486
11.999998 11.855884
12.1 11.830019
11.3 11.426795
11.8 11.797963
11.400001 11.448908
11.7 11.686442
12.199999 12.197954
11.900001 11.978962
12.299998 12.13088
12.199999 12.679124
11.999998 11.914319
11.599999 11.55161
11.5 11.125502
11.1 11.091026
11.3 11.3377075
11.5 11.73682
11.300659 11.902083
11.7 11.663358
11.5 11.532676
11.900001 11.884073
11.2 11.209036
12.19691 12.331462
11.7 11.782673
11.999998 11.900679
11.7 11.628171
10.627244 11.729459
11.3 11.497279
11.400001 11.487081
11.2 11.195569
11.1 11.148109
11.599999 11.758079
11.999998 11.957063
11.7 11.74124
11.599999 11.647747
11.389741 12.030905
11.900001 11.902243
11.599999 11.317514
11.7 11.848148
11.999998 11.908383
12.1 11.828112
12.299998 12.457654
11.900001 11.870495
11.7 11.70578
11.70103 11.659451
11.1 11.186655
13.821246 12.820369
11.5 11.434761
11.900001 11.860715
11.900001 11.505461
13.1 12.80251
11.5 11.348219
11.599999 11.379009
11.3 11.017369
11.1 11.181833
11.3 11.123506
12.299998 11.90095
11.400001 11.187156
11.1 11.178979
11.8 11.825034
11.8 12.755672
11.8 11.833329
11.2 11.431681
12.199999 11.588291
11.5 11.990577
13.000009 12.679101
11.2 11.270918
12.499997 12.4539795
10.443902 10.282899
12.40103 11.431422
12.499997 12.049314
10.622879 10.573387
11.5 11.533399
10.7 10.750947
11.8 11.606284
11.8 11.76601
11.599999 11.638134
11.900001 11.892899
11.7 11.792847
11.7 11.615635
10.608639 10.911968
11.900001 11.8380165
11.400001 11.437272
11.953872 11.873015
11.1 11.135553
11.400001 11.415292
11.1 11.138911
11.336572 11.273635
12.899998 12.412077
11.2 11.217066
11.2 11.34821
13.000009 12.979015
11.900001 11.88349
13.1 12.802576
12.1 11.730635
11.2 11.281827
11.999998 11.834698
9.40103 9.507413
11.3 11.308997
12.1 11.8561
12.799992 13.237008
11.2 11.220546
11.7 11.750839
11.1 11.2147255
11.599999 11.263033
11.1 11.141424
11.5 11.460782
11.8 11.920318
11.7 11.755461
11.1 11.208934
11.3 11.346787
11.5 11.462707
11.1 11.201053
11.1 11.237926
11.2 11.236454
11.2 11.225073
11.3 11.297519
11.1 11.247652
11.8 11.816504
11.2 11.253889
11.8 11.814785
13.49794 13.167635
11.900001 11.882118
11.2 11.2979
10.652842 10.846658
13.800057 13.785339
15.180922 14.488554
11.400001 11.767391
11.900001 11.779713
11.1 11.064943
11.5 11.478118
11.900001 11.920713
9.978481 10.135814
11.2 11.274567
12.420572 11.470305
11.2869625 11.28395
11.5 12.103429
11.5 11.502647
11.5 11.4284935
11.3 11.185394
11.5 11.544798
10.1 10.2437525
12.799992 12.590916
11.999998 11.861109
11.900001 11.922615
11.5 11.629315
11.1 11.428153
12.799992 12.576267
13.000009 13.086192
11.8 11.838846
12.112214 11.311837
14.757577 14.24407
12.199999 11.87738
11.8 11.863573
13.79897 13.3702545
12.399998 11.657048
11.2 11.187416
10.3 10.258934
11.900001 11.620844
11.1 11.180454
12.599997 11.2890005
11.2 11.594149
11.49794 11.525256
12.583288 13.402257
12.953872 12.9858055
14.145758 13.700476
11.2 11.227868
11.1 11.119901
11.7 11.687711
12.499997 12.488545
11.1 11.235456
11.2 11.195275
11.2 11.200666
11.400001 11.236093
11.2 11.187589
11.7 11.673408
11.999998 11.718747
11.1 11.1623955
12.599997 12.3432255
11.7 11.735931
11.207906 10.566867
11.1 11.469329
11.900001 11.755493
11.599999 11.405514
11.3 11.396787
11.2 11.23006
11.7 11.918544
11.8 11.723235
14.200179 12.95052
11.2 11.203967
11.2 11.304247
11.400001 11.797805
11.1 11.173078
11.2 11.185155
11.2 11.33441
11.7 11.99645
11.2 11.332411
11.5 11.448571
11.900001 11.887895
13.200015 12.733751
11.520216 11.167023
11.400001 11.206741
11.7 12.092105
11.2 11.19912
13.000009 12.317763
11.2 12.126133
11.8 11.820417
11.2 11.284436
12.799992 12.887673
11.8 11.739131
11.599999 11.660994
10.1 10.457246
11.2 11.191868
11.1 11.179051
10.89588 10.790016
11.400001 11.413657
11.400001 11.424657
11.1 11.110088
10.321849 10.790995
11.5 11.274334
11.1 11.169698
12.599997 12.019923
11.1 11.113375
11.5 11.334692
13.000009 12.34087
11.999998 11.850933
10.70206 10.711491
11.1 11.124281
11.8 11.887293
11.7 11.730716
11.1 11.185868
12.1 12.029841
15.1 14.092688
11.7 11.289926
11.1 11.173758
14.19691 14.389185
11.115759 11.1534195
13.685027 12.992492
11.2 11.277978
11.40103 11.291503
11.999998 11.905004
11.854487 11.514601
11.1 11.171042
11.999998 12.017153
11.986056 12.546146
11.3 11.3805895
11.2 11.193762
11.400001 11.254355
11.1 11.158255
11.900001 11.880585
11.5 11.420099
11.2 11.183473
12.19691 12.335328
11.309011 11.548995
11.8 11.813301
11.599999 11.583036
11.999998 11.553496
11.198455 11.221262
9.79897 10.112996
11.5 11.55376
11.900001 11.742301
11.2 11.214953
12.599997 12.458443
11.3 11.570362
11.1 11.172779
11.2 11.319784
11.18351 11.193394
11.3 11.296393
13.399989 13.257399
11.70103 11.697974
11.5 11.509309
10.2 10.131474
12.399998 12.746744
12.499997 12.487008
12.399998 12.696342
11.3 11.321868
12.299998 11.419841
11.7 11.762492
11.8 11.82582
10.40103 11.140791
11.400001 11.35721
13.299971 12.391045
11.5 11.473032
13.399989 12.61208
11.1 11.128126
11.1 11.365959
11.2 11.239553
14.1 13.161707
11.400001 11.353307
11.599999 11.566108
12.1 11.190663
11.999998 11.944592
12.499997 12.410754
11.40103 11.158361
11.7 11.724626
12.299998 11.889402
11.900001 11.899321
11.2 11.230038
11.2 11.182778
11.2 11.2172165
11.900001 11.987433
12.199999 12.155236
12.1 12.72345
11.900001 12.241436
11.900001 12.049432
11.2 11.234395
11.2 11.402585
11.2 11.274031
11.19691 12.207379
11.1 11.208375
13.699981 12.170927
10.49794 10.45347
10.4 10.42311
11.2 11.207438
11.3 12.008371
11.2 11.320525
11.7 11.73121
11.2 11.2585535
11.8 11.813628
14.47675 11.552544
11.8 10.930425
11.7 11.842019
11.7 11.736708
11.1 11.213658
11.8 11.695135
9.79897 10.1845
11.7 11.405141
11.999998 12.177329
11.900001 11.829311
12.599997 12.962323
11.1 11.09921
11.900001 11.841298
12.399998 11.903309
13.1 12.785479
10.4 10.299806
11.400001 11.420022
12.399998 11.902569
11.3 11.281299
11.7 11.771915
11.599999 11.581639
11.8 11.61528
11.599999 11.300414
10.4 10.654519
10.70206 10.701295
11.175305 11.223833
11.900001 11.934853
14.600313 14.600021
11.2 11.255305
11.1 11.868815
11.400001 11.41606
11.3 11.396778
11.1 11.87483
10.095678 10.199404
11.8 11.841387
11.900001 11.878115
11.400001 11.359454
11.8 11.782105
11.2 11.20951
13.399989 13.374667
11.3 11.274063
10.49794 10.662979
11.1 11.084659
11.3 11.509309
11.8 12.006447
11.3 11.619562
11.900001 11.92129
12.699998 12.099812
11.1 11.67377
11.599999 11.712902
12.199999 12.340644
13.600039 12.795984
11.2 11.250094
12.599997 11.655381
11.999998 11.959424
10.1 11.360502
11.2 11.468847
11.400001 11.506289
11.900001 11.729607
11.400001 11.454642
11.5 11.522938
11.3 11.298583
12.7038 12.668025
11.3 11.331613
11.1 11.161117
13.299971 13.020082
11.8 11.86309
11.1 11.230531
11.1 11.157646
11.3 11.396436
11.2 11.370509
11.900001 11.874008
11.400001 11.480285
11.2 11.223233
12.299998 11.978335
11.1 11.352626
11.900001 11.8800955
11.8 11.790516
11.2 11.183417
11.2 11.218934
11.622879 13.237504
11.2 11.255376
11.599999 12.181269
13.70206 14.1823
11.5 11.744257
12.418758 12.511466
11.599999 12.629818
11.2 11.210238
13.953872 13.4763565
11.3 11.644062
11.400001 11.44614
11.900001 11.859423
11.1 11.13878
12.499997 12.216844
11.1 11.084572
11.999998 11.918133
11.900001 12.621155
11.1 11.10023
11.900001 11.850539
12.191515 12.241558
14.1 14.054386
11.5 11.490294
12.799992 11.91282
14.254902 13.716982
11.400001 11.439188
11.400001 11.646938
12.856081 12.245741
12.399998 12.392343
11.3 11.400349
10.70206 11.476898
11.254902 11.223319
11.3 11.307035
11.400001 11.50435
13.2870865 12.646177
11.900001 12.742579
11.1 11.135395
11.3 11.406922
12.699998 11.486905
12.1 11.825651
12.599997 12.267101
11.5 11.519739
13.000009 13.7629385
12.499997 12.233152
11.3 11.627009
10.9 10.751971
10.1 10.332257
11.2 12.1038885
11.8 11.818941
11.671333 11.85263
12.70206 12.575052
11.900001 11.799647
11.1 11.106216
11.400001 11.390827
12.699998 12.180402
11.8 11.452499
13.508935 13.277208
13.500008 13.514318
11.400001 11.581093
11.5 11.45901
13.699981 13.03156
11.400001 11.412613
11.8 12.386975
11.1 11.167124
11.900001 11.864868
11.2 11.17983
12.1 12.729712
11.2 11.217102
11.8 11.952376
14.999629 14.32229
12.29382 12.753366
12.499997 11.996695
11.3 11.332659
11.1 11.106535
11.599999 11.5625
9.79897 9.990257
11.2 11.337229
11.7 11.872235
11.900001 11.990232
11.3 11.23286
11.1 11.134996
12.155518 11.755509
11.999998 11.8471775
11.400001 11.313641
11.2 11.377762
14.79897 14.083107
11.599999 11.487923
11.5 11.483892
14.200179 12.952786
12.399998 12.007959
11.3 11.3028755
12.499997 11.765572
11.999998 11.942303
11.999998 11.98077
10.1 10.342529
12.899998 12.312434
11.999998 12.028426
11.400001 11.618743
11.400001 11.529622
11.7 11.732211
10.5 10.829951
13.000009 12.667089
11.3 11.308542
11.900001 11.889957
12.199999 11.917847
11.8 11.808544
11.900001 11.809599
13.800057 13.023405
10.1 10.092231
11.8 11.804776
11.999998 12.002725
10.1 10.256844
11.7 11.7213745
11.1 11.160146
11.1 11.369215
12.699998 11.97864
11.999998 11.899841
11.999998 11.246461
11.5 11.541536
11.3 11.584397
11.2 11.209307
11.400001 11.1736765
10.321849 10.105017
11.3 11.372481
13.000009 13.305252
11.599999 11.651398
12.15 11.879478
9.905 10.804578
13.499203 13.242151
12.685027 12.146718
11.1 11.12991
11.2 11.189214
11.400001 11.454202
14.500117 12.166038
11.1 11.174892
12.15061 11.1765585
11.999998 11.878389
13.180922 13.138802
11.5 11.497907
11.999998 11.910698
10.40103 10.570668
12.00309 12.117585
11.872113 12.174902
12.299998 12.305697
11.5 11.493192
11.5 11.521231
11.2 11.326725
11.2 11.275813
11.3 11.2936125
11.8 11.936871
12.1 12.329757
14.200179 13.102126
11.2 11.207262
11.3 11.373846
11.2 11.213585
11.2 11.364456
11.2 11.263278
11.1 11.171495
11.599999 11.653368
11.2 11.54416
11.2 11.241781
11.7 11.710836
13.299971 11.575462
11.3 11.375971
11.3 11.297587
11.1 11.17016
12.608639 13.178768
11.400001 11.395661
11.900001 11.885648
11.5 11.55943
11.900001 11.896231
11.2 11.320936
11.196367 10.723987
11.400001 11.500414
10.40103 10.643239
11.5 11.596998
11.329885 10.807874
11.3 11.83181
11.2 11.241963
11.400001 11.395894
11.2 11.247893
11.343923 11.519484
11.2 11.2666235
11.2 11.301183
11.5 11.525507
11.1 11.693178
10.8447275 11.087262
13.500008 12.673033
11.70206 11.412519
11.1 11.129009
11.8 11.75365
11.2 11.302946
11.400001 11.422785
11.599999 11.329518
11.999998 11.836882
11.5 11.457584
11.2 11.202866
11.7 12.004613
11.5 11.694497
11.8 12.051281
11.1 10.710135
11.1 11.169762
11.3 11.621291
11.1 11.111379
12.299998 11.849442
11.2 11.274704
11.2 11.289421
13.899971 13.587172
11.900001 11.801798
11.1 11.1888895
11.2 11.272446
11.900001 11.914093
11.2 10.562487
11.1 11.062177
11.5 11.494006
12.1 11.753178
11.599999 11.893064
11.999998 12.147985
12.299998 11.9939995
11.5 12.009302
11.2 11.297615
11.2 11.244822
11.1 11.296055
11.2 11.215126
11.5 11.518285
11.900001 11.888336
11.599999 11.655145
11.900001 12.300945
11.900001 12.677302
11.8 11.801428
11.7 11.394539
11.7 11.772363
11.900001 11.862133
11.2 11.264897
11.7 11.236555
11.020819 11.555057
11.2 11.165992
11.900001 11.9983425
11.8 11.843461
11.020819 10.989287
9.79897 10.077249
11.1 11.136258
11.2 11.229667
13.000009 13.350641
11.900001 11.971629
11.1 11.257477
11.8 11.505396
11.1 11.410142
11.900001 11.879343
10.1 10.420982
10.8 11.200964
12.199999 11.920259
11.5 11.466631
11.3 11.360809
11.400001 11.4180155
11.1 11.183237
11.3 11.20034
9.79897 10.230402
12.531798 10.778847
11.400001 11.457244
11.599999 11.591972
11.1 11.156842
13.999974 12.611175
11.900001 11.625402
12.299998 12.339381
11.2 11.181841
12.1 11.980312
11.8 11.799269
12.199999 12.232461
11.1 11.061937
11.5 11.352816
11.599999 11.636103
11.5 11.77809
11.8 11.836289
12.899998 12.800069
12.899998 12.577702
11.3 11.280586
10.1 10.224468
11.2 11.227059
13.000009 12.398774
11.5 11.480542
11.5 11.76313
12.299998 12.373986
10.40103 11.427379
12.40643 11.646945
11.1 11.129496
11.7 11.890082
11.999998 11.830072
11.900001 11.741757
14.847425 14.105915
11.400001 11.809412
11.999998 11.940957
11.2 11.365813
11.1 11.2154665
11.1 11.141266
11.999998 11.936489
12.299998 13.128456
11.8 11.465105
11.1 11.159778
11.5 11.8750925
12.010095 12.338416
11.599999 11.529771
11.2 11.185585
11.267491 10.966239
12.101985 11.852297
12.299998 12.320461
14.400163 14.130556
10.40103 10.708389
11.900001 11.878533
10.4 10.496453
13.500008 13.188954
11.2 11.254289
12.399998 12.043133
11.2 11.198273
12.1 12.102189
11.900001 11.871651
11.1 11.665388
11.3 11.276995
11.7 11.711522
11.1 11.069568
10.4 10.759524
12.499997 11.716132
10.1 10.413196
13.1 12.020119
11.900001 11.191993
11.2 11.247236
12.199999 12.76837
11.900001 11.445055
12.599997 12.599267
11.3 11.30047
11.2 11.223832
11.3 11.300227
11.999998 11.931774
11.599999 11.6021805
11.1 10.655542
13.000009 13.058365
11.19691 10.910391
11.400001 11.219123
11.1 11.164717
13.1 12.933906
11.2 11.18307
11.3 11.278936
11.2 11.183903
11.8 11.862888
14.784246 14.153257
11.3 11.644902
10.520216 10.653079
11.8 11.963077
11.2 11.19646
11.900001 11.885664
11.581486 12.047281
11.8 11.792028
11.400001 11.469126
11.7 11.765049
11.1 11.795551
13.399989 13.023155
11.3 11.267894
13.2870865 13.487926
11.999998 11.875669
11.5 11.54161
11.7 11.999039
11.900001 11.827806
11.400001 11.540888
11.400001 11.43286
10.79897 11.137956
11.5 11.537363
11.3 11.598695
11.7 11.766216
11.1 12.338252
11.5 11.513988
11.40103 11.188253
12.19691 12.1045475
12.329148 12.758753
10.1 12.233982
11.3 11.431108
11.900001 11.797482
10.40103 10.427436
11.1 11.455249
11.224938 11.168327
11.8 11.755728
11.599999 11.611749
10.1 10.080106
11.2 11.256379
12.699998 12.100892
11.175305 11.191603
14.600313 12.792501
11.1 11.178144
11.900001 11.65921
10.622879 10.830742
10.971278 10.690403
11.2 11.389515
12.699998 13.673449
11.900001 11.886102
11.1 11.158502
11.900001 11.943254
13.899971 13.71246
11.2 11.270559
11.1 11.70083
12.199999 12.136913
11.1 11.258853
12.499997 11.931698
10.953872 10.921715
13.000009 13.119527
11.8 11.841338
12.299998 11.665955
11.5 11.384072
12.199999 11.606982
11.2 11.240493
11.8 11.925296
11.400001 10.952709
11.1 11.139255
11.3 11.3271
11.5 11.5233755
11.3 11.33141
11.2 11.223873
11.1 11.195346
11.7 11.433297
11.2 11.233532
11.3 11.348699
11.8 11.764952
11.3 11.34262
11.336572 11.279598
12.299998 12.307455
11.8 11.819628
11.79897 10.749566
11.900001 12.266318
11.900001 11.926803
11.599999 11.696443
13.800057 13.839947
11.3 11.566091
11.1 11.13456
11.8 12.079644
11.5 11.478297
11.2 11.211789
11.2 11.249533
11.1 11.150732
12.1 12.005178
11.900001 12.0315895
13.500008 13.152111
11.2 11.226476
11.3 11.180777
11.3 11.318872
11.5 11.498785
11.900001 11.895057
13.399989 12.15502
11.900001 11.874883
11.5 11.523796
11.900001 11.836195
10.487216 10.803568
12.699998 12.301979
12.5698 11.551655
11.7 11.782209
11.7 11.759079
11.2 11.1953335
10.622879 11.957505
11.5 11.494825
12.499997 12.618098
11.3 11.403089
12.199999 11.933003
11.900001 11.988613
11.400001 11.996855
11.757577 10.984496
11.900001 11.790094
12.499997 12.579252
10.40103 11.809694
11.7 11.735275
11.1 11.111933
11.7 11.860791
11.404665 11.180702
12.199999 12.470913
10.47675 10.422359
12.699998 12.538915
12.499997 11.948664
12.599997 11.768469
12.499997 12.085806
11.2 11.181224
11.1 11.204196
11.1 11.165763
11.8 11.954718
11.2 11.227694
11.8 11.809993
11.999998 11.904909
10.321849 10.472826
11.7 12.206766
11.599999 11.892628
11.900001 11.601897
11.900001 11.890096
11.3 11.263193
11.2 11.244331
11.1 11.132164
11.400001 11.291458
11.599999 11.585116
11.900001 11.879566
13.699981 12.913047
11.1 11.173745
11.3 11.462964
11.2 11.202337
12.199999 12.205962
11.3 11.261467
11.999998 11.370255
11.999998 11.778061
11.5 11.476496
11.900001 11.59876
13.399989 12.065171
11.2 11.280225
11.599999 11.267258
11.5 11.573376
12.699998 12.275509
13.899971 13.154647
11.7 12.140074
11.599999 11.5628605
11.3 11.266375
11.2 11.162563
11.654828 11.840323
14.901343 13.002008
11.599999 11.800604
11.599999 11.788199
14.901343 13.9822645
11.2 12.670452
11.3 11.519164
11.2 11.22052
11.3 11.342355
11.999998 11.952479
14.1 13.122916
11.900001 11.320565
10.4 10.190019
12.299998 11.776127
13.200015 11.848934
11.7 11.785594
11.2 11.287527
11.599999 11.658205
11.3 11.298656
11.1 11.10683
11.3 11.393268
11.599999 12.143036
11.5 11.458101
11.3 11.97865
11.2 11.209972
12.174634 12.146739
11.1 11.158472
11.599999 11.675219
10.831188 11.2270355
11.900001 11.877836
11.1 11.17788
11.900001 12.343614
11.900001 11.932161
11.1 11.09965
11.1 11.111255
12.299998 12.06987
12.199999 11.808741
11.400001 11.51608
11.900001 11.890174
11.2 11.183444
11.599999 11.56855
11.999998 11.9254265
11.2 11.206193
10.40103 11.145998
11.2 11.250019
11.400001 11.389507
11.599999 11.777385
12.1 12.198414
11.274371 11.436963
11.1 11.148227
11.999998 12.439284
11.3 11.304657
11.3 11.193063
11.1 11.122837
11.8 11.9206915
11.1 11.350068
11.5 11.821513
11.3 11.471728
11.2 11.3483925
12.299998 11.753575
11.2 11.225857
13.600039 12.972288
11.2 11.3595495
11.5 11.44281
11.1 11.164882
11.1 11.327313
11.900001 11.555365
11.599999 11.649858
11.2 11.189196
12.299998 10.434115
11.8 11.931551
12.499997 11.412915
12.399998 12.23635
11.7 12.318307
11.3 11.362168
11.8 11.843116
11.7 11.711701
11.7 11.686712
11.2 11.183191
9.79897 10.237775
13.087163 12.96552
11.7 11.776253
11.2 11.223966
11.2 11.415431
11.900001 12.044111
12.1 11.674375
11.1 11.225686
11.3 11.710417
11.3 11.479281
11.3 11.294054
11.2 11.190024
11.400001 11.581532
11.2 11.206496
11.900001 11.853764
11.8 11.578039
11.8 11.8190155
12.599997 12.296501
10.2 10.475908
11.900001 11.702677
12.499997 12.477365
12.499997 11.925327
11.1 11.131212
11.599999 11.885021
11.2 11.251409
11.2 11.2602
13.1 11.89468
10.1 10.317362
13.299971 13.264514
11.400001 11.706055
12.299998 11.493262
11.1 11.159668
12.375724 11.374431
11.2 11.53389
11.3 11.3147
13.500008 13.111266
11.5 11.533392
11.5 11.542253
13.800057 12.710161
12.499997 12.215939
11.1 11.174202
10.4 10.488677
11.400001 11.433309
11.5 11.536966
11.3 11.32148
11.999998 11.502521
11.400001 11.470616
10.700015 11.046713
12.299998 11.397408
11.8 11.794758
12.499997 11.865235
11.8 12.1076
11.5 11.546365
10.7 11.260344
12.299998 11.690036
11.900001 11.751867
11.2 11.201424
13.200015 12.939728
11.2 11.211454
11.900001 11.986514
10.1 10.326066
14.299971 13.278664
11.999998 11.895037
11.599999 11.726541
11.1 11.121281
11.900001 11.886282
12.299998 11.68861
11.2 11.325271
11.5 11.435253
11.2 11.348426
11.5 11.521213
10.4 10.683344
11.7 11.947467
11.0 10.893963
11.2 11.204929
11.2 11.273033
10.40103 10.453545
11.1 11.104847
11.5 11.599879
11.900001 11.676508
11.2 11.178284
11.400001 11.404049
11.1 11.123372
11.900001 11.921463
11.3 11.353859
9.79897 10.072445
11.3 11.3250675
11.2 11.2108555
11.2 11.281162
11.2 11.225228
11.400001 11.286917
11.1 11.256662
11.8 11.750507
11.8 11.992545
10.9 10.837599
13.200015 12.759664
10.8 10.75414
11.900001 11.8640175
10.1 10.104072
11.8 11.448774
11.999998 11.849769
11.999998 11.97014
11.1 11.1168375
11.599999 11.721889
12.299998 12.784257
11.5 11.714837
10.4 9.964503
11.400001 12.245207
11.2 11.225791
11.400001 11.424744
12.199999 12.213958
12.699998 12.45714
9.79897 9.99947
11.8 11.853727
13.79897 13.635682
12.299998 12.302374
11.900001 11.889337
11.900001 12.227646
11.3 11.395808
11.1 11.149807
13.200015 12.017022
11.1 11.1137905
11.900001 11.820194
11.2 11.39156
11.900001 11.84507
11.8 11.244289
11.7 11.584155
11.5 11.957367
11.900001 12.127821
11.3 11.922221
11.2 11.201921
10.719789 10.599672
11.1 11.086778
11.2 11.164544
11.7 12.108579
9.1 9.867977
10.70206 10.714976
11.7 11.924225
11.3 11.353351
13.500008 12.2520485
11.900001 12.422821
11.3 11.315929
11.400001 11.378529
11.1 11.223439
11.5 11.471858
11.400001 11.5173025
13.622879 13.422226
11.599999 12.625772
13.899971 14.047779
11.3 11.2833605
11.3 11.30693
12.84958 13.1562195
12.299998 12.224975
11.1 10.096263
11.7 11.687663
11.1 11.19677
12.499997 12.047388
11.999998 11.69385
11.900001 11.902782
13.800057 12.246787
11.2 11.344764
11.2 11.19688
11.2 11.2464075
12.499997 12.668998
11.599999 11.57689
13.600039 13.047414
10.1 10.087569
11.3 11.276448
12.1 12.17146
11.2 11.185488
12.799992 13.296106
11.1 11.096535
12.1 12.064252
11.5 11.531759
15.200179 14.757582
11.2 11.223138
13.1 12.771235
13.500008 13.434011
12.499997 12.153222
11.400001 11.666345
12.1 11.943731
13.000009 12.048023
11.7 11.680689
11.1 11.107537
11.7 11.71846
10.581486 10.631124
11.7 11.693779
12.1 12.349844
11.3 11.525114
12.499997 12.240664
12.1 12.024035
10.70206 10.729417
12.499997 11.851679
12.433482 10.532391
11.1 11.336683
11.0 10.848922
11.8 11.82924
12.899998 12.06825
11.1 10.950841
12.1 12.193943
11.1 11.122363
11.7 11.654506
11.400001 11.263434
11.2 11.175262
12.299998 12.203166
13.299971 12.928764
11.2 11.210119
13.800057 12.721088
11.177759 11.201032
11.5 11.484726
11.900001 12.457673
11.2 11.298883
13.299971 13.017428
11.400001 11.606505
14.700326 13.001834
11.2 12.333779
11.2 11.39865
12.799992 12.239507
11.1 12.099992
15.500117 14.152262
12.058607 11.986296
11.2 11.286208
12.1 11.92906
12.1 11.841896
11.1 11.143424
11.3 11.231359
12.699998 11.68135
12.699998 11.827041
11.900001 11.789499
11.400001 11.424046
13.923909 13.191199
11.999998 11.9372635
12.058607 11.994689
11.3 10.971955
11.2 11.484393
11.400001 11.432203
13.000009 13.255711
11.900001 11.843967
11.8 12.099081
11.400001 11.685149
11.900001 11.881684
11.8 11.812154
11.8 11.802844
11.8 11.804285
10.70206 10.898587
12.199999 12.32098
13.500008 12.263668
11.3 11.420566
11.2 11.282335
12.986056 12.630649
12.1 11.8482275
11.8 11.463368
13.953872 13.84951
11.5 11.482154
11.900001 11.867338
11.2 11.200601
11.2 11.212356
11.1 11.159725
11.8 11.658712
11.400001 11.910656
11.7 12.0684395
11.2 11.270567
11.2 11.281328
11.3 11.601835
11.3 11.181971
11.5 11.491193
11.5 11.566028
11.400001 11.610376
11.8 11.922675
11.788375 11.108074
10.145758 10.217909
11.3 11.256953
11.145758 11.829713
11.7 11.64171
11.599999 11.453162
11.3 11.320891
12.899998 13.097688
13.200015 13.228878
12.1 12.304061
12.299998 12.297748
11.8 11.819113
12.546117 13.0729065
12.499997 11.835422
11.5 11.521207
11.1 11.134167
11.3 11.444218
11.3 11.376225
12.1 11.816727
11.2 11.372622
11.2 11.4046135
11.5 11.467267
11.5 12.234837
11.3 11.402814
11.3 11.59082
13.000009 12.784951
11.599999 11.60859
13.1 12.773132
10.40103 10.6695
11.900001 11.745631
11.2 11.251043
11.3 11.4073515
11.5 11.492568
13.392429 13.293541
12.699998 12.736675
11.599999 12.143401
11.3 11.615571
11.1 11.106871
11.2 11.185704
11.3 11.408021
13.1 12.568244
11.900001 11.876702
11.599999 12.085739
12.699998 12.643198
11.1 11.134967
11.400001 11.427456
11.2 11.2839365
14.700326 13.530017
11.8 11.815689
13.1 13.194179
12.799992 12.523135
11.999998 12.045298
11.329148 11.473559
9.79897 10.059399
11.1 11.21839
11.2 11.205976
11.7 11.766925
11.1 11.025189
12.599997 11.68362
11.5 11.496848
11.5 11.137519
10.668636 10.9596815
11.487216 11.1627035
11.400001 11.526549
11.900001 12.433213
11.900001 11.945674
11.2 11.177044
11.1 11.161918
11.2 11.220699
12.384832 12.622698
10.622879 11.258633
11.2 11.454828
14.1 13.844987
11.400001 11.452747
11.400001 11.387596
11.900001 12.545168
11.599999 11.574536
11.2 11.404547
13.699981 13.386602
12.699998 12.334053
11.5 11.452644
11.400001 11.379885
11.900001 11.904936
11.2 11.681053
11.1 11.140763
11.180922 11.882667
11.900001 11.365011
13.1 12.643688
11.8 11.794302
11.8 12.044774
11.999998 12.261485
11.1 11.096533
12.826416 12.653027
12.299998 12.29112
11.8 11.910209
11.999998 12.578114
11.8 11.864694
11.3 11.53915
10.70206 10.729723
12.299998 12.238245
11.1 11.190134
12.399998 12.948051
11.2 11.222618
11.2 11.206519
11.5 11.917258
11.3 11.307856
13.1 12.104828
11.3 11.343118
11.7 11.62388
10.40103 11.514559
11.2 11.204104
11.5 11.560667
14.600313 13.683819
11.900001 11.886334
11.3 11.320168
11.2 11.371374
11.599999 11.293029
11.400001 11.399292
12.299998 12.814356
12.399998 12.136009
12.599997 12.607766
11.3 11.813533
11.900001 12.131357
14.400163 13.790092
11.599999 11.57341
11.49794 13.184724
11.2 11.181629
11.400001 11.4589405
11.106614 11.1371355
11.2 11.236609
11.3 11.289421
9.79897 10.057403
11.8 11.826607
10.40103 10.634437
11.3 11.596335
12.199999 11.839805
11.2 11.345528
11.999998 11.653192
13.800057 11.977715
12.27745 12.168289
11.8 11.851742
11.2 11.209886
11.5 11.367742
11.2 11.216165
11.3 11.610562
12.799992 12.460541
11.599999 11.63224
11.900001 11.737652
11.900001 11.911816
11.900001 11.900572
11.1 11.106657
11.599999 11.3381605
11.5 11.405558
11.901343 11.205305
11.2 11.186903
11.7 11.775128
11.2 11.021116
10.3 10.255828
12.399998 11.485769
11.8 11.811778
11.900001 11.888466
12.499997 11.925921
11.2 11.2248335
11.1 11.121179
11.7 11.730738
11.7 11.753003
12.799992 12.068189
11.719789 11.47277
11.400001 11.669022
11.1 11.188064
12.299998 12.380864
11.2 11.552608
11.599999 11.954018
11.5 11.511146
11.123362 11.214254
11.599999 11.606833
11.900001 11.902165
11.1 11.606835
11.821246 11.588637
11.3 11.349418
11.1 11.117921
11.400001 11.363495
11.900001 11.869067
12.899998 12.352572
13.600039 12.822343
11.900001 11.5426235
11.5 11.490312
12.199999 11.3608
11.999998 12.037756
11.2 11.472665
13.000009 12.769347
11.2 11.201082
10.92333 11.376008
11.900001 11.886266
12.699998 12.662937
12.058607 11.804163
11.3 11.480349
11.999998 12.409448
11.999998 12.386001
11.5 11.534968
11.1 11.131264
11.900001 11.879561
11.8 11.840484
11.3 11.394094
12.699998 11.73167
11.5 11.581442
12.599997 11.930347
11.900001 11.894243
11.3 11.329976
11.400001 10.529557
11.8 11.878172
11.599999 11.563631
11.2 12.248505
12.599997 12.757989
11.400001 11.456483
11.999998 11.784152
11.900001 11.885156
11.2 11.281399
11.900001 11.87759
15.600313 15.305273
14.145758 13.72825
11.7 11.556508
11.7 11.922915
11.2 11.241183
11.999998 11.935097
13.1 11.950037
11.8 11.782237
11.622879 11.754198
11.2 11.312863
11.2 11.303485
11.2 11.153216
11.3 11.296073
9.986056 10.16966
11.2 11.2362795
11.5 11.643115
11.900001 11.871077
11.3 11.446072
11.900001 11.8587265
12.1 11.288299
11.599999 11.776708
13.321849 13.322615
11.1 11.106563
14.79897 14.302132
11.2 11.457676
13.821246 13.077115
11.599999 11.541452
11.999998 11.774143
12.899998 11.1905
11.400001 11.530025
11.900001 12.505983
11.2 11.223809
11.999998 12.038445
14.1 13.372681
11.999998 11.94748
11.900001 11.784816
11.599999 12.08966
10.40103 10.546012
11.999998 11.971642
11.999998 12.028432
11.2 11.30003
11.1 11.557504
11.5 11.644877
12.1 11.970519
11.900001 11.690108
11.19691 11.917822
11.400001 11.437483
11.2 11.272885
11.400001 11.552941
11.2 11.240147
11.1 11.192023
12.399998 12.526065
11.3 11.69131
13.500008 13.128495
10.5 10.550647
11.953872 11.97571
11.2 11.262228
11.8 11.651981
11.8 11.7994
12.499997 11.951156
11.900001 11.66265
11.8 11.56134
13.399989 13.377171
11.1 11.147937
11.2 11.269324
12.399998 11.707007
11.599999 11.568224
12.507823 12.740277
11.5 11.262518
11.7 11.689212
11.599999 12.22395
14.500117 12.835724
11.900001 11.909287
11.599999 12.046001
11.999998 12.132706
12.1 11.999683
11.7 11.666227
11.599999 11.269256
11.900001 11.906817
11.212469 11.177832
14.299971 13.163218
15.79897 14.369867
11.3 11.336984
11.5 11.660468
10.40103 10.396013
10.70206 10.734838
11.900001 11.779664
12.927804 13.510988
11.1 11.389414
10.79897 11.9558325
11.900001 11.822929
11.400001 11.258385
12.199999 12.159805
13.202373 12.272365
13.999974 13.298334
12.399998 13.47792
11.3 11.301142
10.40103 10.380001
11.1 11.355723
11.400001 11.521359
11.8 11.466945
14.200179 13.802868
11.1 11.1854
11.3 11.43293
11.822364 11.743929
11.1 11.167686
11.7 11.6613655
11.2 11.210699
10.1 10.142685
11.599999 11.702472
11.7 11.551412
11.7 11.713821
11.900001 11.897814
11.3 11.406699
11.400001 11.53271
11.8 11.905496
11.1 11.257043
11.900001 12.181851
11.0 10.685357
11.2 11.412835
11.1 11.850187
11.3 11.277314
12.299998 12.1975155
11.3 11.41712
11.7 11.71476
11.400001 11.714609
11.400001 11.361901
11.7 11.715474
13.299971 13.420522
11.900001 11.87819
11.900001 11.858621
12.499997 12.2506075
11.3 11.285426
11.900001 11.884267
13.699981 13.464034
11.900001 11.882473
11.7 11.751116
11.599999 11.571534
13.1 12.650118
11.972896 11.749319
11.3 11.48362
11.900001 11.885001
11.5 11.074049
11.2 11.173502
11.1 11.124188
11.2 11.215917
11.5 11.5069895
12.1 12.444674
12.799992 12.638591
14.145758 13.995691
11.2 11.187062
11.5 11.516479
11.599999 11.5597925
13.000009 12.867025
11.5 11.478241
11.2 11.709925
11.5 11.298469
11.3 11.268914
12.599997 12.393138
10.70206 10.708064
11.5 11.546285
11.1 11.250057
11.599999 11.520943
11.1 11.126586
11.900001 11.90822
11.8 11.925997
11.8 11.85487
11.3 11.268989
11.999998 11.916536
11.5 11.953743
11.999998 11.957841
11.900001 12.863023
11.2 11.274581
11.2 11.264028
11.900001 11.894356
11.1 11.922571
11.8 11.671225
11.8 11.943326
11.1 11.171752
11.2 11.225616
11.1 11.347993
12.199999 12.596987
11.2 11.247239
11.3 11.420942
11.3 11.237867
11.2 11.287827
11.999998 11.925489
11.2 11.238365
10.2 10.550116
12.374244 13.091293
11.2 11.222776
11.2 11.176421
11.999998 12.055813
11.999998 13.760763
11.2 11.237517
11.599999 12.277544
11.599999 11.763346
11.5 11.462179
11.1 11.084091
11.400001 11.550821
10.901343 10.904106
11.5 10.506332
11.599999 11.74885
11.599999 11.661393
11.900001 11.672647
11.1 11.10094
11.3 11.403709
11.8 11.846904
13.20033 13.491421
11.3 11.418609
11.3 11.15412
11.2 11.349325
11.5 11.707463
11.799998 11.6855135
11.400001 11.375473
10.1 10.359259
11.999998 13.094984
11.999998 11.983509
11.900001 11.849289
11.400001 11.629027
11.5 11.416892
12.555932 12.478289
11.2 11.398202
11.2 11.23138
9.79897 10.082366
11.400001 11.280565
12.499997 11.425547
11.3 11.348502
11.2 11.327528
11.1 11.198297
11.95 12.361464
11.999998 11.910487
11.49794 12.34524
10.2 10.465891
11.3 10.869103
11.3 11.936902
11.1 11.116932
11.7 11.73013
12.1 12.189756
11.400001 11.427881
11.2 11.25658
11.599999 11.602325
9.70206 9.903341
11.900001 11.698344
11.2 11.244017
11.1 11.156099
11.3 11.574629
11.2 11.310849
11.2 11.270776
12.299998 12.131549
11.5 11.442171
11.5 11.336348
11.19691 13.76107
11.400001 11.4128
11.3 11.876242
11.900001 12.111936
10.40103 12.65721
11.2 11.20855
11.2 11.478546
11.900001 11.900644
11.8 11.565082
11.2 11.202679
11.999998 12.093556
12.89588 12.139887
12.699998 11.20326
11.2 11.208348
11.999998 11.949005
13.000009 12.209035
11.8 11.84557
11.2 12.0320425
11.1 11.302124
11.900001 11.882045
11.5 11.463995
11.3 11.350864
12.299998 11.899347
11.599999 11.750417
11.1 11.252077
11.2 11.280197
11.599999 11.666052
11.5 11.5018835
11.5 12.117958
11.999998 12.662182
12.199999 11.842236
11.599999 11.696299
11.5 11.345021
11.1 11.247226
13.622879 13.35539
11.7 11.715835
13.1 12.028287
11.89588 12.020999
11.3 11.437435
11.3 11.377717
12.799992 12.180544
11.999998 12.037708
13.999974 14.1529045
11.5 11.218508
12.299998 12.296491
13.79897 13.624935
10.79897 10.94769
11.2 11.265028
11.3 11.774729
11.2 11.205482
11.3 11.259915
11.2 11.246879
11.3 11.330852
11.0 10.613418
13.200015 12.766252
10.1 10.396055
11.3 11.292545
11.900001 11.867018
11.400001 11.433954
11.2 12.034463
11.900001 11.875665
11.2 11.234116
11.3 11.233333
11.543697 11.080771
11.7 11.581696
11.900001 11.831827
11.1 11.264809
11.900001 12.0618105
11.3 11.392452
11.999998 11.2815485
11.2 11.537733
11.993028 11.199478
13.899971 13.750423
11.2 11.229146
14.1 13.662455
13.500008 12.6163025
11.900001 11.868297
11.1 11.102034
11.599999 11.770746
10.1 10.873445
11.2 11.264887
11.1 11.413331
11.1 11.119366
12.199999 12.548622
11.7 11.7510605
12.399998 12.656493
11.2 11.272655
10.622879 10.682919
13.600039 12.066857
13.000009 12.219308
11.108774 11.225611
10.3 10.392794
11.665578 11.625034
10.622879 10.490036
11.3 11.350665
11.3 11.522019
11.3 11.419473
11.8 11.83057
11.5 11.480722
11.8 11.852229
11.900001 11.906471
11.900001 11.900391
11.2 11.256865
11.1 11.219623
11.3 11.40514
11.8 11.524956
11.3 11.344383
11.1 11.404416
11.1 11.148792
11.5 11.4748125
10.738272 10.836731
11.8 11.224939
11.8 11.765301
11.0 10.837241
11.3 11.308731
13.777781 12.76885
12.899998 12.6763
11.2 11.282569
11.900001 11.860804
13.899971 12.908894
11.1 11.1409
11.2 11.29209
12.719789 12.522791
11.5 11.173633
11.599999 11.622427
11.2 11.182617
11.242667 11.304777
10.79897 11.578721
11.900001 11.345517
11.3 11.400176
11.8 12.055859
11.900001 12.531253
11.999998 12.077965
12.499997 12.788865
11.5 11.550531
13.500008 12.706808
11.7 11.759069
11.2 11.50835
12.299998 12.396564
11.1 11.129793
11.900001 11.946437
11.2 11.262827
14.299971 13.05534
11.900001 11.889851
12.759556 13.410775
11.2 11.401579
11.999998 11.866922
11.8 12.142941
11.599999 11.533249
11.8 11.8337965
11.3 11.52113
11.622879 11.032915
11.95 11.971706
11.8 12.137104
11.999998 11.916529
11.900001 11.368306
11.1 11.1098
13.200015 13.736743
11.5 11.250429
11.3 11.41207
11.549999 11.660564
12.399998 12.112468
13.800057 12.617182
11.5 11.488207
11.7 11.744194
11.2 11.170945
11.7 11.645693
11.5 11.542288
13.399989 11.6223755
11.1 11.004929
11.8447275 11.008954
12.199999 12.155334
12.299998 11.871607
11.3 11.159154
11.1 11.171157
12.299998 11.78167
11.1 11.157683
9.79897 10.173307
11.3 11.301846
11.599999 11.685523
11.1 11.229898
15.299971 13.620054
11.599999 11.570562
11.1 11.128744
11.400001 11.393743
9.79897 10.080892
11.2 11.225125
14.668636 14.105889
11.900001 11.940949
11.7 11.573323
11.2 11.388732
11.058607 10.817845
13.399989 13.096093
13.986056 13.906223
11.2 11.251354
11.999998 12.413082
10.1 10.349004
11.2 11.505226
12.788246 12.796478
11.599999 11.924679
11.400001 11.346222
10.40103 10.660284
12.299998 12.091533
11.3 11.235833
11.1 11.300983
11.900001 11.887995
11.400001 11.659998
11.8 11.858581
11.3 11.479999
12.199999 12.314159
11.900001 11.87531
11.900001 11.935122
11.8 11.826539
15.254902 14.006901
11.2 11.212101
13.299971 13.391172
11.5 11.504648
11.2 11.185563
11.1 11.239661
12.399998 12.931418
12.799992 12.560863
11.2 11.196056
11.1 10.984549
11.2 11.218729
12.599997 12.487537
11.999998 11.785067
13.999974 13.662553
11.900001 11.848613
12.299998 12.168704
11.999998 11.656218
11.2 11.266072
11.3 11.236147
11.1 11.801822
12.1 11.781251
11.900001 11.898838
11.79897 11.757223
11.3 11.428538
11.1 11.160186
11.400001 11.4646435
11.1 11.780995
11.1 11.14176
11.8 11.928248
11.400001 11.377818
11.8 11.377826
11.2 11.464471
11.599999 11.571714
10.2 10.296394
13.500008 12.607341
11.1 11.249731
11.2 11.25209
11.900001 11.895138
11.999998 11.944911
11.1 11.176511
11.7 11.79771
11.900001 11.902442
11.2 11.375273
11.400001 11.427229
11.900001 12.319569
11.599999 11.8203945
11.999998 11.921112
11.901343 11.817338
12.799992 12.696269
11.7 11.587759
11.8 12.072366
11.2 11.191809
11.2 11.166414
11.2 11.225464
11.599999 11.480568
11.1 11.2266445
11.8 11.837083
11.8 11.813716
12.299998 12.282927
11.2 11.227437
11.900001 11.847027
11.8 12.01142
11.999998 12.222855
11.5 11.569324
12.699998 11.793122
11.7 11.812784
11.8 11.802787
11.900001 11.8770485
10.49794 10.67726
13.314671 11.102147
11.5 11.511292
11.1 11.105059
11.900001 11.880949
11.400001 11.433401
10.520216 10.584492
11.8 11.448138
11.2 11.19718
14.400163 13.933533
11.40103 11.391078
14.500117 14.000099
11.1 11.48618
11.900001 11.867277
12.299998 11.819518
11.1 11.180839
11.5 11.693482
12.299998 12.567171
12.899998 12.38209
11.2 11.286025
11.3 11.197323
13.600039 13.746482
11.336572 11.159764
11.2 11.1935625
12.399998 11.672249
11.400001 11.671145
11.2 11.42204
11.1 10.949575
11.3 11.343457
11.446788 11.891499
11.599999 11.683482
13.1 12.792082
12.499997 12.477952
11.2 11.309967
11.3 11.39962
11.599999 11.498375
12.599997 12.529795
11.8 12.860896
11.5 11.602831
11.45 11.396227
11.1 11.162037
11.2 11.2080145
11.2 11.231043
11.2 11.262057
11.1 11.273589
12.299998 12.196639
11.1 11.397542
11.599999 12.023313
11.3 11.693437
9.79897 9.988314
11.1 11.152768
13.200015 11.847178
11.5 11.675856
11.2 11.239782
11.3 11.277997
11.3 11.335623
11.7 11.8990135
12.499997 12.8159
11.953872 10.93692
11.7 11.941038
12.0 12.594242
11.239147 11.6668625
11.1 11.187954
11.7 11.721528
12.010408 11.942696
12.499997 12.463513
13.864471 13.53543
11.7 11.527208
10.40103 10.594527
11.2 11.195632
11.3 11.288917
13.986056 13.435052
11.999998 11.918818
11.599999 11.748675
11.7 11.563104
11.2 11.199087
11.1 11.128551
11.999998 11.953779
11.1 11.123486
11.1 11.09824
11.7 11.791472
11.2 11.24914
9.508935 9.8479185
11.999998 11.907872
11.3 11.305218
12.418758 12.28883
11.719789 12.099561
11.3 11.33293
15.480535 14.787544
11.5 11.484399
11.5 11.282356
14.200179 12.892486
11.5 11.481287
11.3 11.310597
12.199999 12.460479
11.2 11.309997
11.8 11.771623
11.5 11.403863
11.1 11.1669655
11.999998 11.958023
11.8 11.389958
11.2 11.22149
11.1 11.114122
11.1 11.170437
11.1 11.106759
11.5 11.215104
11.3 11.486508
15.456548 14.113264
12.699998 11.567327
11.2 11.280623
11.900001 11.890656
12.1 11.123697
11.400001 11.240663
11.2 11.303609
11.2 11.330617
12.19691 13.69895
13.000009 11.638213
11.5 11.46323
11.8 11.851421
11.2 11.239191
11.8 11.670208
11.400001 11.372826
12.299998 12.073157
11.1 11.13193
12.699998 11.644841
12.299998 12.521553
11.40103 11.088823
12.199999 12.136779
13.000009 12.048129
12.799992 11.923275
11.111138 11.149112
11.999998 11.953875
9.923909 10.252233
11.7 11.765327
11.2 11.300118
11.900001 11.879461
11.400001 11.301928
11.1 11.384687
13.200015 12.5782795
11.400001 11.41143
11.5 11.527583
11.400001 11.429249
11.400001 11.49363
12.192825 11.87347
11.999998 12.602612
11.400001 11.346724
13.600039 12.689091
11.2 11.262205
11.1 11.1741085
14.901343 13.828097
11.2 11.306242
11.5 11.478696
11.2 11.226867
11.400001 11.503173
11.7 11.734095
11.8 12.106163
11.900001 11.860611
12.799992 13.052071
11.2 11.204894
11.900001 12.0758
11.1 11.815893
11.2 11.231084
13.500008 13.238781
11.711954 11.5617075
11.1 11.1075325
13.1 13.16242
11.900001 11.91486
11.900001 11.955487
12.958547 12.575011
11.1 11.119063
11.2 11.239768
11.3 11.338654
10.9 11.920371
10.79897 10.324496
11.5 11.184729
14.8447275 14.323963
11.8 11.858723
11.1 11.130393
13.500008 12.706757
11.7 11.719241
11.254902 11.157643
11.8 11.637376
11.1 11.370275
11.2 11.184483
11.1 11.136302
11.2 11.223769
10.1 10.213225
11.8 11.805629
11.400001 11.317683
11.2 11.342931
14.508935 13.376711
11.1 11.21878
12.599997 12.382392
14.1 13.308086
11.3 11.424234
11.7 11.71618
9.40103 9.603081
11.999998 11.987042
11.3 11.329434
11.212469 11.191773
11.5 11.442746
10.1 10.33981
12.599997 12.86517
10.839154 12.493477
11.7 11.4705105
11.2 11.252732
11.900001 11.86814
11.8 11.847307
11.3 11.215183
11.3 11.425352
11.7 11.7050295
11.1 11.283407
11.2 11.238675
12.499997 12.240074
14.500117 13.767538
14.40103 14.114972
15.1 13.129374
11.2 11.228037
11.7 12.146359
12.1 12.772864
11.3 11.328066
9.893174 10.233926
11.8 11.85286
11.599999 11.757162
11.5 12.684971
11.900001 11.924532
12.199999 11.392845
11.900001 11.891449
11.2 11.263537
11.1 11.136698
11.1 11.414838
12.06041 12.999441
11.2 11.175973
11.2 11.256926
11.1 11.606835
12.499997 12.222048
11.599999 11.631397
11.900001 11.897509
11.2 11.56275
12.699998 12.177762
10.622879 10.697926
11.8 11.028129
11.8 12.770428
11.7 11.499808
11.599999 11.592398
13.699981 13.0019655
11.1 11.207367
12.543697 12.562616
12.199999 11.736654
11.1 11.108173
11.400001 11.572449
11.900001 11.898172
11.1 11.232731
13.011954 13.494925
12.699998 12.257829
11.2 11.566484
11.400001 11.433517
11.900001 11.883619
11.5 11.498318
13.1 13.313242
11.8 11.818322
11.900001 11.885834
11.3 11.323819
12.993441 12.80291
11.900001 12.201633
11.900001 11.449182
11.2 11.28456
11.2 11.214695
11.900001 11.902751
11.900001 11.74502
12.821246 12.907333
11.2 11.316801
12.434419 12.746512
12.899998 12.810317
11.8 11.9044895
12.199999 11.84069
11.400001 11.345323
11.2 11.206904
11.599999 11.699553
11.3 12.063895
11.7 11.683358
12.799992 12.756699
11.2 11.211069
11.459518 12.072931
11.2 11.211521
11.1 11.113094
11.7 12.224161
12.799992 12.75749
11.400001 11.419725
11.3 11.308697
11.7 11.64821
9.79897 10.08275
11.599999 11.440719
11.1 11.218091
11.534152 10.851568
11.3 11.847833
12.499997 12.511298
11.8 11.7917185
11.8 11.77487
11.900001 12.137664
11.7 11.778201
11.5 11.545235
11.400001 11.423899
11.1 11.155157
12.299998 12.6593275
12.199999 11.370871
12.199999 11.99585
11.599999 11.574888
11.999998 12.136987
11.400001 11.378181
12.923909 12.465374
12.058607 11.721987
13.699989 13.516676
13.000009 12.433566
11.1 11.127124
11.2 11.239437
11.2 11.266862
13.1 11.761772
11.2 11.35815
10.2 10.439306
11.400001 11.509724
11.1 11.423197
11.3 11.2293825
11.8 11.896634
11.1 11.142528
11.2 11.355864
11.1 11.106791
11.900001 11.879485
12.1 11.917677
11.900001 11.876367
11.900001 11.897137
10.70206 10.707027
12.1 12.028511
11.8 11.837621
10.622879 10.702918
12.1 12.676032
11.2 11.193189
11.2 11.249729
11.900001 11.899758
13.1 13.109621
11.7 11.849751
11.5 11.450576
12.466532 10.911031
11.599999 11.2335615
11.2 11.303486
11.1 11.18787
11.2 11.198745
11.40103 11.523811
11.400001 11.466694
11.1 11.11654
12.699998 13.806419
11.400001 11.215975
11.900001 13.104322
11.165502 11.185318
13.299971 12.94382
10.7 10.618726
11.8 12.342733
11.1 11.124953
11.1 11.169665
11.8 12.037586
9.79897 10.096729
9.986056 10.210072
11.2 11.129722
11.7 11.791803
11.2 11.263973
12.078811 11.368728
12.1 11.274065
12.299998 12.08265
12.199999 11.895293
11.1 11.128041
11.3 11.564821
11.900001 11.870566
11.2 11.2107725
11.1 11.208461
11.400001 11.381065
15.200179 13.698763
10.446788 10.623729
12.1 11.68991
11.7 11.559774
11.5 11.521354
11.1 11.192148
12.499997 12.485135
11.7 11.707385
11.900001 11.92014
11.3 11.267137
12.299998 11.834012
11.999998 12.121255
11.5 11.433865
12.723423 12.036194
12.199999 11.835259
14.1 12.8992
11.900001 11.876545
11.599999 11.557282
12.1 12.092249
11.5 11.567132
10.622879 10.787475
11.2 11.335887
11.2 11.175294
11.2 11.264113
11.400001 11.709842
11.8 11.783782
10.6 10.6008005
11.999998 11.942667
11.7 11.328825
11.1 11.1265335
11.2 11.174053
12.599997 12.44497
12.899998 12.157732
11.900001 12.037172
11.7 11.852213
11.2 11.259839
11.5 12.43658
11.999998 11.2562275
11.5 11.28709
11.8 11.816447
11.2 11.3703575
11.599999 11.6043625
10.89588 11.020155
11.2 11.1883
11.999998 12.069986
11.3 11.385514
11.599999 11.390555
12.899998 12.520393
11.49794 11.769152
13.299971 13.365616
10.1 10.1885
13.600039 14.092243
11.2 11.196271
11.400001 11.358481
11.1 11.25878
12.899998 11.390077
11.900001 11.919048
11.400001 11.288866
11.8 12.253201
12.399998 11.546409
11.1 11.096683
11.1 11.370365
11.599999 11.564697
11.5 11.552785
11.1 11.1458025
11.2 11.22836
10.79897 10.132628
11.7 11.790937
11.3 11.480508
12.399998 12.060583
11.1 11.193478
11.8 11.928907
11.599999 11.64845
11.8 11.831193
11.0 10.718144
13.47675 13.644396
11.5 11.561512
11.5 12.201449
11.5 11.490186
11.5 11.516239
11.599999 11.694084
12.49794 12.981894
11.0 11.03807
13.145758 12.776131
12.199999 12.248027
12.1 12.184514
11.8 11.83658
11.2 11.214637
12.555932 12.865717
11.5 11.743104
11.2 11.235618
11.3 11.589313
11.3 11.294093
11.900001 11.9050665
11.599999 11.699956
11.3 11.532464
11.2 11.227734
11.7 12.003098
11.1 11.375624
11.5 11.505517
11.5 11.584864
11.8 11.853077
11.1 11.279707
12.1 12.106683
11.8 11.830177
11.5 12.116119
11.7 11.656597
11.999998 11.859848
11.3 11.424058
13.699981 13.674783
10.1 10.213271
11.3 11.056314
15.117729 14.466225
10.40103 12.693835
11.3 11.354796
11.5 11.505231
13.999974 13.372787
11.1 11.047994
11.999998 11.907638
11.3 11.20962
12.799992 12.032736
11.8 11.758846
14.200179 13.476646
12.399998 12.048418
12.899998 12.7217865
11.999998 11.967742
11.1 11.124584
10.40103 10.422818
11.2 11.224045
11.2 11.188962
11.2 11.239657
12.299998 12.584501
11.8 11.881066
13.500008 13.979252
11.400001 11.231953
10.79897 12.243383
11.900001 11.927057
11.400001 11.776825
11.5 11.269303
11.1 11.581772
11.3 11.277324
11.1 11.109093
10.4 10.524058
11.3 11.348851
11.900001 12.072242
11.2 11.223619
11.2 11.26488
11.2 11.223255
12.1 11.49194
12.499997 11.880732
11.7 11.729805
11.400001 11.378617
12.199999 11.973915
11.1 11.241273
11.2 11.2647
11.999998 11.928649
11.900001 11.79709
11.5 11.498232
11.599999 11.714549
11.5 11.642872
13.299971 12.696833
11.3 11.326191
14.999629 14.331163
11.7 11.766065
11.1 12.273521
11.7 11.757724
10.622879 10.709912
11.901343 12.640474
11.1 11.131027
10.1 11.200544
11.7 11.763096
11.400001 11.444304
11.900001 11.465669
12.300659 12.407899
12.299998 11.5791025
10.7 10.314854
11.7 11.218693
11.8 11.807214
11.7 11.714654
11.3 11.296227
11.7 11.702975
11.2 11.28413
11.400001 11.44232
11.599999 11.567065
11.3 11.22262
11.999998 11.9572
11.7 11.744739
11.2 11.226187
11.8 11.750221
10.4 10.416132
11.2 11.247756
11.043335 11.109933
10.8 10.360388
12.499997 12.020912
11.900001 11.877403
11.900001 11.893161
11.2 11.296414
11.900001 11.903696
11.19691 13.054472
11.2 11.330622
11.1 11.04584
13.699981 13.069328
12.199999 11.953749
11.400001 11.383373
11.822364 11.796156
13.500008 12.828726
11.599999 11.733511
13.999974 12.50763
14.500117 13.12848
11.3 11.794708
11.8 11.848837
11.3 11.568029
11.1 11.154846
11.7 12.554014
14.700326 14.237084
11.5 11.667064
14.200179 13.454308
11.7 11.726463
11.1 11.313034
11.900001 11.925948
11.3 11.630484
13.800057 12.811086
11.2 12.554909
11.49794 11.223761
11.5 11.663394
11.900001 11.719677
11.3 11.310405
10.8 10.646192
11.400001 11.488184
11.1 11.160783
11.7 11.655647
10.40103 10.847809
11.900001 12.00927
11.999998 11.704457
11.2 11.268522
13.500008 12.920921
11.5 12.041353
11.058607 11.421041
11.900001 11.890104
11.900001 12.225656
11.3 11.395971
11.2 11.2410555
11.2 11.232032
11.900001 11.923691
12.399998 11.895702
11.5 11.478465
11.900001 11.738632
10.4 10.424637
11.2 11.186364
11.900001 11.887446
11.599999 11.823472
11.2 11.303536
11.900001 11.87193
11.2 11.233777
11.5 11.512578
11.900001 11.879469
11.3 11.628305
12.199999 12.176786
11.999998 11.939027
11.5 11.426023
11.400001 11.445073
11.5 11.790294
12.251195 11.443423
13.555932 12.958358
12.399998 12.313928
11.581486 11.554233
12.399998 12.352726
11.2 11.376684
12.685027 12.574428
11.2 11.39017
11.7 11.77058
11.2 11.216121
12.499997 12.229702
11.1 11.1109915
12.699998 12.096984
11.1 11.189872
11.2 11.219377
11.599999 11.470125
11.900001 12.2138195
11.7 11.67809
11.900001 11.852745
12.899998 12.498561
11.900001 11.813349
11.900001 11.854859
12.1 11.760775
11.599999 11.57959
11.3 11.48418
11.2 11.258747
11.7 11.810741
11.8 12.356024
11.7 12.128693
11.900001 11.971481
11.5 11.460473
10.7 10.476688
13.899971 13.493615
11.5 11.60016
11.2 11.182626
14.200179 14.057072
13.600039 13.741169
11.2 11.25509
12.199999 12.1007595
11.999998 11.994629
11.900001 12.107176
11.821246 11.935174
11.2 11.2113495
12.399998 11.757353
11.999998 11.943869
11.2 11.257979
11.5 11.744518
10.40103 11.209046
11.1 12.338538
12.599997 12.004212
11.900001 12.762459
11.599999 11.591685
11.3 11.491053
11.7 11.580879
11.599999 11.618113
12.199999 12.087254
11.1 11.169126
11.5 11.483616
11.2 11.203266
11.2 11.286078
11.8 11.8494835
13.699981 12.908441
11.900001 11.7963085
11.7 11.851858
11.3 11.231249
11.900001 11.980892
12.1 12.353
11.2 11.191212
12.1 12.044272
11.5 11.930797
11.8 11.26017
11.2 11.388666
11.1 11.414847
11.3 11.25531
11.7 11.72622
15.79897 10.777226
11.1 11.125058
11.400001 11.392516
10.1 10.4375305
11.49794 11.599575
11.2 11.281538
11.2 11.208571
11.599999 11.67918
11.2 11.296353
11.392429 12.1737795
11.7 11.877597
11.2 13.083441
11.900001 11.457743
11.8 11.81978
11.3 11.411539
11.7 12.263203
11.7 11.812902
11.555932 11.41541
11.999998 12.053042
11.999998 12.001876
11.3 11.7809515
11.7 11.726017
11.599999 11.489296
11.8 11.35457
11.8 11.777318
12.499997 12.638796
11.3 11.544257
11.2 11.275961
11.3 11.303544
12.199999 12.323396
13.000009 12.737387
11.3 11.43515
11.7 11.755045
11.1 11.132244
11.5 11.671883
11.5 11.614524
11.900001 11.2923765
11.900001 11.833726
11.2 11.57263
11.2 11.213616
11.900001 11.890692
11.599999 11.838481
11.5 11.489538
11.2 11.267596
11.2 11.23162
12.399998 11.920555
11.5 11.441778
12.058607 12.282992
11.400001 11.237424
15.400163 14.99697
11.2 11.211142
11.999998 12.200946
11.5 11.4831505
11.599999 11.908058
11.599999 11.510471
11.900001 11.88137
11.900001 11.765282
11.5 11.49741
10.1 12.316074
11.900001 11.894175
10.40103 10.7417345
11.1 11.166593
11.900001 11.881106
11.400001 11.421379
11.900001 11.871244
11.2 11.287648
11.2 11.24842
13.299971 12.287325
11.999998 12.176496
11.400001 11.37265
11.3 11.264071
11.1 11.122991
12.499997 12.389459
15.1 14.377938
11.2 11.197344
10.7 10.451918
11.8 11.780425
11.5 11.638181
11.8 11.822483
14.40103 14.51814
11.2 11.17483
12.199999 12.177661
11.400001 11.425875
11.3 11.371521
11.0 10.769998
11.3 11.5075865
11.599999 12.504898
11.900001 11.892967
11.1 10.597953
11.8 11.820315
11.7 11.768492
11.1 11.172781
11.400001 11.377261
11.900001 11.865919
11.2 11.196764
11.2 11.306453
11.400001 12.20435
15.299971 14.995491
11.3 11.161982
11.7 11.782267
11.400001 11.391537
11.400001 11.434856
11.5 11.452051
11.1 10.836811
11.5 11.500713
11.1 11.011502
11.900001 11.8493595
10.2 10.343962
12.599997 12.912249
12.699998 12.154473
11.1 11.173324
12.899998 11.608326
11.3 11.37665
11.2 11.340461
11.3 11.333674
11.49794 11.429876
11.900001 11.945831
13.409894 13.589825
11.8 11.667701
11.1 11.148177
12.1 11.59478
11.900001 11.851875
11.2 11.189132
11.75 11.479056
11.1 11.150932
11.3 11.24369
12.499997 12.271515
10.40103 10.905327
13.1 13.107589
11.1 11.111981
11.3 11.426854
11.400001 11.443259
11.999998 11.658911
11.2 11.176757
11.2 11.270669
11.1 11.131291
14.145758 14.399355
12.699998 11.692077
13.1 11.64452
11.7 11.696695
11.599999 11.5765505
11.2 11.202396
12.499997 12.018511
11.2 11.307691
11.1 11.230656
11.2 11.179767
11.999998 12.273134
11.5 11.424195
11.900001 11.776121
11.3 11.321812
11.400001 11.408928
11.900001 11.873624
10.79897 10.081692
11.8 11.553038
11.400001 12.463043
11.2 11.995301
11.1 11.176617
13.299971 12.809619
11.2 11.234558
11.3 11.527788
11.900001 11.913028
11.2 11.264674
13.800057 13.438244
11.2 11.210819
12.460513 12.889884
11.5 11.600663
12.321849 11.21051
10.1 10.66512
11.1 11.2653265
11.5 11.6202965
11.5 11.462649
11.2 11.257352
11.7 11.7852335
11.7 13.436492
11.3 11.309192
11.2 11.219355
10.70206 10.733709
11.1 11.1251545
10.9 10.926004
12.499997 12.807677
11.5 11.514081
11.2 11.211893
12.899998 13.385738
11.2 11.296902
11.2 11.278398
10.1 10.300812
11.2 11.182429
11.599999 11.648102
10.4 10.676285
14.600313 14.229826
11.7 11.912209
11.900001 11.917013
11.2 11.308542
10.5 10.605585
11.7 11.842043
13.000009 12.618519
11.2 11.182783
14.869551 14.347669
11.2 11.265976
12.49794 10.317632
12.899998 12.301884
11.1 11.160497
11.2 11.2256565
13.200015 13.423387
11.8 11.950068
13.500008 13.253571
12.699998 12.24504
11.2 11.328821
11.400001 11.450141
11.2 11.355224
12.799992 11.915458
13.200015 12.266815
11.1 11.470637
11.89588 11.765799
11.1 11.1768
11.900001 11.903071
11.5 11.459861
12.599997 11.835582
13.800057 13.298277
11.923909 11.332081
11.5 11.531428
11.2 11.183097
11.2 11.193118
10.49794 10.817138
12.953872 12.027089
11.3 11.306293
11.999998 11.764924
11.1 11.00563
10.418758 12.0099945
11.1 11.259598
12.499997 12.164182
14.1 13.239254
11.7 11.697871
12.499997 11.815645
13.500008 12.82636
11.8 11.838489
11.599999 11.62363
11.7 11.870715
12.199999 11.514817
11.599999 11.551222
12.299998 12.219653
11.8 11.8930855
14.299971 13.378067
11.1 11.220278
13.600039 12.369734
11.900001 11.858457
13.986056 12.554606
10.1 10.14954
11.5 11.462269
13.465243 11.276422
11.400001 11.41008
11.400001 11.372755
11.900001 11.827978
11.599999 11.6554165
11.999998 11.949895
12.899998 12.13075
11.2 11.318114
11.115759 11.196034
12.699998 12.425783
11.5 11.894456
11.900001 11.416794
11.5 11.477069
11.3 11.373966
12.699998 12.400724
11.900001 11.889203
12.953872 12.791219
11.8 11.763967
13.899971 14.127703
11.2 11.207695
11.8 11.207761
14.600313 14.393248
11.2 11.21669
11.999998 12.198518
11.711954 11.557586
11.900001 11.908279
11.900001 11.852118
10.1 10.496761
12.399998 11.837384
9.622879 10.078836
11.2 11.19312
10.70206 10.712867
12.1 12.262166
10.1 10.197828
11.599999 11.570109
11.3 11.379527
11.900001 11.886465
12.699998 12.841367
13.299971 13.086789
11.599999 11.779999
11.2 11.314037
11.400001 11.376515
11.1 11.651297
12.399998 12.077014
11.3 12.149768
11.599999 11.617632
11.7 13.101779
11.400001 11.526522
13.622879 13.337723
12.199999 11.783916
11.599999 11.618148
11.5 11.630513
11.999998 11.947674
14.1 13.884778
12.699998 12.666634
11.2 11.3199215
11.900001 12.058144
12.54855 13.992155
12.399998 11.43609
11.2 11.186366
11.900001 11.923096
11.5 11.556871
11.900001 11.855387
12.399998 11.962918
11.8 11.891826
10.89588 11.227273
12.299998 12.057921
11.1 11.108183
11.1 11.149624
11.599999 11.523278
13.1 11.993347
12.299998 11.84873
11.2 11.241218
11.7 11.755255
11.2 11.420326
10.3 10.583553
11.999998 12.403855
11.2 11.2274685
11.7 11.695303
11.2 11.236944
11.2 11.2190275
13.622879 13.438487
11.8 11.736391
11.400001 11.411687
13.214758 13.017728
12.175721 12.679653
13.1 11.855886
11.1 11.185207
11.2 11.199756
11.8 11.859552
6.1 10.724771
9.506714 9.620524
11.400001 11.615314
13.1 12.879571
10.4 10.580484
11.400001 11.406525
12.078811 11.561005
11.999998 11.860312
11.8 11.817564
11.599999 11.607798
10.958237 11.192759
11.5 11.581449
12.299998 12.185541
11.5 11.5664425
14.8447275 13.115028
11.900001 11.906539
11.2 11.233258
11.400001 11.3913145
11.7 11.738614
12.199999 11.772251
11.999998 11.943412
10.1 10.451087
12.499997 12.336721
11.400001 11.376498
11.2 11.235651
10.4 10.290143
12.599997 12.68068
11.900001 11.610854
11.2 11.324578
12.399998 12.086669
11.900001 11.855304
11.2 11.200545
11.1 11.2071495
11.900001 11.937634
11.900001 11.884192
14.299971 13.290515
11.2 11.357087
11.2 11.2600355
15.49794 14.111746
11.058607 11.271242
11.599999 11.567696
11.599999 11.715918
11.5 11.541412
11.5 11.515416
11.999998 12.263929
11.599999 12.139448
14.400163 12.814548
13.000009 13.06947
11.1 11.174803
15.299971 14.68499
11.599999 11.730543
11.2 11.286459
10.622879 10.622547
11.1 11.153968
11.2 11.586177
9.79897 10.018501
11.5 11.238714
11.900001 11.922887
11.2 11.243005
13.1 13.581528
11.599999 11.73804
12.1161 11.282825
11.2 11.195004
11.7 11.830489
10.1 10.070122
11.2 11.345199
11.5 11.208477
11.8 11.789897
11.1 11.261148
10.622879 10.511543
11.1 11.149541
11.1 11.200956
11.599999 12.065352
12.1 11.255603
11.2 11.331782
11.2 11.237718
11.2 11.436928
10.2 10.328613
11.599999 12.23277
11.3 11.363875
11.3 11.31526
12.499997 13.41206
11.1 11.145243
11.8 12.027024
12.199999 11.545891
12.199999 12.710138
11.5 11.689429
11.822364 11.828031
11.7 11.935815
11.599999 12.109221
11.5 11.658657
11.400001 11.477352
12.599997 11.687831
12.699998 12.6354065
11.5 11.465487
12.199999 12.216829
11.2 11.201433
11.5 11.288816
12.499997 12.355741
11.5 11.716368
13.47675 12.584993
12.799992 11.824497
11.8 11.821179
13.600039 13.716782
11.900001 11.928062
11.400001 12.084528
13.000009 12.966122
11.2 11.30363
12.199999 11.789354
11.1 11.156632
11.2 11.227163
11.3 11.368542
11.1 11.2548
13.1 13.09124
9.79897 10.265119
12.299998 12.234368
13.600039 13.220285
12.199999 11.579755
11.1 11.132012
12.199999 11.786985
11.400001 11.4022455
11.400001 11.445338
12.299998 12.6511345
11.7 11.412902
12.799992 12.599278
11.2869625 11.322708
11.815606 13.291883
11.1 11.967471
11.5 11.604253
11.599999 11.279168
12.399998 12.6420555
11.400001 11.252652
12.399998 12.479399
11.7 11.823302
11.3 11.294576
12.1 12.042618
13.800057 11.24675
11.7 11.592295
10.79897 10.8500395
11.5 11.261819
11.999998 11.9200115
11.1 11.144814
11.999998 12.072
11.1 11.310028
11.900001 11.902395
11.622879 10.931486
11.400001 11.304057
11.1 11.371552
11.900001 11.834691
11.3 11.174616
10.3 10.5667305
10.4 10.615182
10.5 10.681281
14.145758 14.121023
10.1 10.4709015
11.900001 11.979737
11.1 11.124311
11.400001 11.616084
11.900001 11.888398
11.7 11.799223
11.1 11.228181
11.3 11.263331
12.248742 13.273198
10.70206 10.70885
12.199999 11.8699255
12.299998 11.950626
11.900001 11.87414
11.3 11.366353
11.303734 11.41457
11.900001 12.071765
13.180922 12.686448
11.5 11.461155
11.1 11.186573
11.2 11.180419
10.1 10.127228
11.2 11.238422
11.207906 10.799551
11.900001 11.814259
11.2 11.276169
11.2 11.445163
11.1 11.157363
11.400001 11.408659
11.3 11.343868
11.5 11.556737
11.8 11.799622
11.2 11.24906
14.200179 13.867475
11.1 11.244999
11.5 11.439906
11.5 11.827492
10.9 10.883852
13.200015 12.699442
12.799992 12.205704
12.499997 12.333857
11.599999 11.710875
10.2 10.531787
11.8 12.06528
11.2 11.188043
11.8 11.790123
11.900001 11.868096
11.2 11.185166
10.186186 10.170992
13.399989 13.564054
11.5 11.4845085
11.1 11.136422
11.5 11.477583
11.1 11.100788
11.2 11.209751
11.1 11.202612
12.199999 12.327171
11.1 11.254746
11.1 11.114832
12.499997 12.555003
11.5 11.465826
12.199999 11.697716
11.1 11.189622
11.1 11.214161
11.5 11.477888
12.799992 11.6624155
11.2 12.0813875
12.1 12.197598
11.900001 11.727949
12.418758 12.96665
11.3 11.27607
11.3 11.446587
11.400001 11.63934
12.399998 11.914737
11.999998 12.23615
11.5 11.490885
11.2 11.315117
12.499997 12.451
11.1 11.10827
10.79897 10.353917
11.3 11.524698
11.2 11.218118
11.2 11.324364
11.999998 11.494621
11.1 11.110937
11.1 11.214503
14.901343 14.504115
12.699998 12.239922
12.199999 11.646876
10.79897 11.06883
11.2 11.361525
11.1 11.204398
11.599999 11.538572
11.1 11.211355
11.1 11.390814
11.599999 11.548915
12.599997 11.534468
12.199999 12.155479
11.7 11.847853
11.900001 11.861948
11.2 11.347443
11.2 11.4202
11.1 11.102087
11.900001 11.571765
12.299998 12.320355
11.999998 11.780937
11.2 11.268107
14.1 14.239225
9.79897 10.252318
12.899998 13.000846
11.7 11.778781
11.2 11.423096
11.5 11.529292
11.1 11.675679
11.3 11.626209
11.599999 11.703006
11.900001 11.942495
12.299998 11.932893
11.7 11.65715
11.7 11.755409
11.3 11.289257
12.699998 12.117613
11.2 11.367605
11.1 11.115955
11.3 11.401822
12.1 12.099817
13.200015 13.291162
12.299998 12.689173
11.1 11.119903
11.7 11.568311
11.1 11.289188
11.5 11.1762705
11.900001 11.830799
11.8 11.445486
11.7 12.388927
11.2 11.209162
10.321849 10.186127
11.900001 11.791118
11.1 11.178165
11.900001 12.069698
12.199999 12.3406515
11.7 11.669822
11.1 11.301029
10.8 10.998228
14.299971 12.937468
11.1 10.6478615
12.699998 11.759251
11.400001 11.442061
11.1 11.134776
11.400001 11.8139515
11.1 11.119376
11.1 11.177693
11.3 11.418814
12.399998 12.012191
11.1 11.174543
12.1 12.686353
13.1 11.9127445
11.5 11.498068
11.400001 11.453644
10.445824 10.406646
11.2 11.407212
11.3 11.365177
11.400001 11.398786
12.899998 13.185527
13.000009 13.095795
11.900001 11.868137
11.400001 11.480001
11.400001 11.443928
11.900001 12.076978
11.5 11.493924
11.3 11.902347
11.1 11.163548
11.900001 11.90508
10.622879 10.690907
11.3 11.410606
11.2 11.239416
12.199999 12.500758
11.5 11.754293
11.5 11.49069
11.999998 11.678662
11.3 11.311936
11.3 11.331998
11.1 11.339961
11.2 11.445206
11.3 12.310694
11.8 12.576203
13.299971 13.496003
11.2 11.215739
11.900001 11.73819
11.599999 12.744648
11.2 11.358098
12.990712 12.55735
14.400163 13.719125
13.500008 12.798028
11.1 11.209943
11.2 11.204363
11.5 11.464388
11.1 11.130415
13.821246 13.795243
11.7 11.770243
11.1 12.37817
11.1 11.153204
12.1 12.047243
12.599997 12.574661
11.1 11.119767
11.7 11.701535
11.2 11.285548
11.400001 11.503541
12.1 11.356302
11.2 11.221232
14.600313 14.003087
10.70206 10.683507
10.4 10.587124
11.685027 11.718291
15.254902 13.357437
11.1 11.258636
11.8 11.807197
12.499997 11.511759
11.2 11.220846
11.1 11.569022
11.1 11.165133
11.3 11.397519
15.200179 13.863083
13.399989 12.464107
11.29586 10.89641
12.299998 12.216199
14.8447275 14.518097
11.900001 11.997968
12.1 11.43465
12.923909 13.011721
12.218045 11.219205
11.900001 11.323706
11.400001 11.390929
11.999998 11.770999
11.3 11.278258
11.999998 11.554207
11.5 11.558823
11.2 11.287155
12.520216 11.728382
11.45 11.404468
14.79897 13.488937
11.2 11.259639
11.3 11.657881
10.1 10.321313
11.1 11.133338
11.2 11.333682
11.900001 11.469605
11.999998 11.944934
11.3 11.35649
11.900001 11.926029
11.8 11.8417015
11.2 11.2635975
11.1 12.506801
12.599997 12.832219
11.3 11.435384
11.8 11.867218
10.1 10.760942
11.2 11.206604
11.8 11.810226
11.3 12.420354
13.1 13.09342
11.5 11.496247
11.1 11.768454
10.976149 11.077783
11.2 11.270567
12.1 11.229031
13.000009 12.966068
11.900001 11.658758
11.2 11.23223
11.900001 11.852915
11.3 12.974667
10.70206 10.712155
10.1 10.52767
11.1 11.277025
12.145758 12.337682
11.1 11.170799
14.999629 14.241817
11.1 11.220654
13.899971 13.506757
12.1 11.535576
10.622879 10.639792
11.3 11.229724
12.499997 12.7054615
11.2 11.227253
12.199999 12.188239
11.999998 11.917729
11.900001 11.987906
13.500008 12.331177
11.1 11.194128
11.2 11.182146
11.7 11.625074
11.3 11.298361
11.788246 11.511465
11.2 11.199172
11.2 11.209058
11.400001 11.583192
12.199999 12.164271
11.7 11.83144
11.999998 11.952181
12.599997 11.701309
11.2 11.2149
11.900001 11.88773
11.1 11.205318
11.599999 11.431514
11.5 11.620659
11.7 11.722288
13.600039 12.780954
11.900001 11.906513
10.622879 10.93191
11.2 11.2562
12.799992 12.911716
11.400001 11.391088
11.8 11.793012
13.500008 11.986359
13.500008 12.840503
11.3 11.583933
11.400001 11.435525
11.2 11.144891
11.900001 12.598738
11.1 11.146692
11.2 11.219397
11.8 11.645999
14.719789 14.112516
12.299998 12.333892
11.3 11.718579
12.499997 12.250604
11.1 11.13657
11.5 11.54694
11.2 11.257018
11.999998 11.681827
11.8 11.82825
13.500008 12.115465
11.900001 11.876328
14.1 13.645479
11.2 11.369221
11.5 11.788626
11.5 11.579535
10.581486 10.984777
11.7 11.806086
14.1 13.424807
11.2 11.60737
11.2 11.263044
